code,probability,prob_human_validation,final_ground_truth
"logger.info(""Starting order import"")",0.0,,
"logger.info(""Backup upload completed successfully"")",0.0,,
"logger.info(""Processed %d events during audit cleanup"", processed_count)",0.0,,
"logger.info(""Writing cache keys to %s"", output_path)",0.0,,
"logger.info(""Translation job job %s is queued"", job_id)",0.0,,
"logger.info(""File conversion reached checkpoint %s"", checkpoint_name)",0.0,,
"logger.warning(""Retrying calendar API after a transient failure (attempt %d/%d)"", attempt, max_attempts)",0.0,,
"logger.warning(""Quality validation is using a fallback response from validation engine"")",0.0,,
"logger.warning(""Video transcoding skipped %d invalid videos"", invalid_count)",0.0,,
"logger.error(""Tax calculation failed for job %s"", job_id, exc_info=True)",0.0,,
"logger.error(""Unable to persist form responses to %s"", destination_path, exc_info=True)",0.0,,
"logger.error(""Profile enrichment exceeded its retry limit for %s"", request_id)",0.0,,
"logger.critical(""survey platform is unavailable; survey analysis cannot continue"")",0.0,,
"logger.critical(""Data integrity check failed during invoice export; stopping the job"")",0.0,,
"print(f""Payment reconciliation complete: {processed_count} payments"")",0.0,,
"print(f""Feature extraction report saved to {report_path}"")",0.0,,
"print(f""Document parsing summary: {success_count} succeeded, {failure_count} failed"")",0.0,,
"print(json.dumps({""operation"": ""ETL pipeline"", ""status"": ""completed"", ""count"": processed_count}))",0.0,,
"print(""Model evaluation result: success"")",0.0,,
"print(f""Next action for contract renewal: {next_action}"")",0.0,,
"logger.info(""Shipment tracking completed in %.2f seconds"", elapsed_seconds)",0.0,,
"logger.warning(""Coupon activation will continue with %d deferred codes"", deferred_count)",0.0,,
"logger.error(""Subscription billing returned an actionable error: %s"", error_message)",0.0,,
"print(f""Thumbnail generation output location: {output_path}"")",0.0,,
"logger.info(""Price update stage %s of %s finished"", stage_number, total_stages)",0.0,,
"logger.info(""Starting alert routing"")",0.0,,
"logger.info(""Search indexing completed successfully"")",0.0,,
"logger.info(""Processed %d sections during report generation"", processed_count)",0.0,,
"logger.info(""Writing application logs to %s"", output_path)",0.0,,
"logger.info(""Inventory update job %s is queued"", job_id)",0.0,,
"logger.info(""Session cleanup reached checkpoint %s"", checkpoint_name)",0.0,,
"logger.warning(""Retrying feed provider after a transient failure (attempt %d/%d)"", attempt, max_attempts)",0.0,,
"logger.warning(""Playlist import is using a fallback response from media API"")",0.0,,
"logger.warning(""Compliance export skipped %d invalid records"", invalid_count)",0.0,,
"logger.error(""Warehouse allocation failed for job %s"", job_id, exc_info=True)",0.0,,
"logger.error(""Unable to persist TLS certificates to %s"", destination_path, exc_info=True)",0.0,,
"logger.error(""Schema validation exceeded its retry limit for %s"", request_id)",0.0,,
"logger.critical(""build runner is unavailable; mobile build cannot continue"")",0.0,,
"logger.critical(""Data integrity check failed during customer sync; stopping the job"")",0.0,,
"print(f""Email delivery complete: {processed_count} messages"")",0.0,,
"print(f""Data migration report saved to {report_path}"")",0.0,,
"print(f""Webhook dispatch summary: {success_count} succeeded, {failure_count} failed"")",0.0,,
"print(json.dumps({""operation"": ""notification fanout"", ""status"": ""completed"", ""count"": processed_count}))",0.0,,
"print(""Ledger posting result: success"")",0.0,,
"print(f""Next action for geocoding batch: {next_action}"")",0.0,,
"logger.info(""Token rotation completed in %.2f seconds"", elapsed_seconds)",0.0,,
"logger.warning(""DNS refresh will continue with %d deferred records"", deferred_count)",0.0,,
"logger.error(""Anomaly detection returned an actionable error: %s"", error_message)",0.0,,
"print(f""Marketplace sync output location: {output_path}"")",0.0,,
"logger.info(""Access review stage %s of %s finished"", stage_number, total_stages)",0.0,,
"logger.info(""Starting database restore"")",0.0,,
"logger.info(""Image resize completed successfully"")",0.0,,
"logger.info(""Processed %d entries during catalog refresh"", processed_count)",0.0,,
"logger.info(""Writing transactions to %s"", output_path)",0.0,,
"logger.info(""User provisioning job %s is queued"", job_id)",0.0,,
"logger.info(""Recommendation refresh reached checkpoint %s"", checkpoint_name)",0.0,,
"logger.warning(""Retrying security scanner after a transient failure (attempt %d/%d)"", attempt, max_attempts)",0.0,,
"logger.warning(""Sensor ingestion is using a fallback response from telemetry broker"")",0.0,,
"logger.warning(""Ad attribution skipped %d invalid events"", invalid_count)",0.0,,
"logger.error(""Knowledge import failed for job %s"", job_id, exc_info=True)",0.0,,
"logger.error(""Unable to persist dead-letter messages to %s"", destination_path, exc_info=True)",0.0,,
"logger.error(""Metric aggregation exceeded its retry limit for %s"", request_id)",0.0,,
"logger.critical(""crawler service is unavailable; web crawl cannot continue"")",0.0,,
"logger.critical(""Data integrity check failed during order import; stopping the job"")",0.0,,
"print(f""Backup upload complete: {processed_count} archives"")",0.0,,
"print(f""Audit cleanup report saved to {report_path}"")",0.0,,
"print(f""Cache warming summary: {success_count} succeeded, {failure_count} failed"")",0.0,,
"print(json.dumps({""operation"": ""translation job"", ""status"": ""completed"", ""count"": processed_count}))",0.0,,
"print(""File conversion result: success"")",0.0,,
"print(f""Next action for calendar import: {next_action}"")",0.0,,
"logger.info(""Quality validation completed in %.2f seconds"", elapsed_seconds)",0.0,,
"logger.warning(""Video transcoding will continue with %d deferred videos"", deferred_count)",0.0,,
"logger.error(""Tax calculation returned an actionable error: %s"", error_message)",0.0,,
"print(f""Form submission output location: {output_path}"")",0.0,,
"logger.info(""Profile enrichment stage %s of %s finished"", stage_number, total_stages)",0.0,,
"logger.info(""Starting survey analysis"")",0.0,,
"logger.info(""Invoice export completed successfully"")",0.0,,
"logger.info(""Processed %d payments during payment reconciliation"", processed_count)",0.0,,
"logger.info(""Writing text features to %s"", output_path)",0.0,,
"logger.info(""Document parsing job %s is queued"", job_id)",0.0,,
"logger.info(""ETL pipeline reached checkpoint %s"", checkpoint_name)",0.0,,
"logger.warning(""Retrying model runner after a transient failure (attempt %d/%d)"", attempt, max_attempts)",0.0,,
"logger.warning(""Contract renewal is using a fallback response from contract service"")",0.0,,
"logger.warning(""Shipment tracking skipped %d invalid updates"", invalid_count)",0.0,,
"logger.error(""Coupon activation failed for job %s"", job_id, exc_info=True)",0.0,,
"logger.error(""Unable to persist subscription charges to %s"", destination_path, exc_info=True)",0.0,,
"logger.error(""Thumbnail generation exceeded its retry limit for %s"", request_id)",0.0,,
"logger.critical(""pricing API is unavailable; price update cannot continue"")",0.0,,
"logger.critical(""Data integrity check failed during alert routing; stopping the job"")",0.0,,
"print(f""Search indexing complete: {processed_count} documents"")",0.0,,
"print(f""Report generation report saved to {report_path}"")",0.0,,
"print(f""Log archival summary: {success_count} succeeded, {failure_count} failed"")",0.0,,
"print(json.dumps({""operation"": ""inventory update"", ""status"": ""completed"", ""count"": processed_count}))",0.0,,
"print(""Session cleanup result: success"")",0.0,,
"print(f""Next action for feed aggregation: {next_action}"")",0.0,,
"logger.info(""Playlist import completed in %.2f seconds"", elapsed_seconds)",0.0,,
"logger.warning(""Compliance export will continue with %d deferred records"", deferred_count)",0.0,,
"logger.error(""Warehouse allocation returned an actionable error: %s"", error_message)",0.0,,
"print(f""Certificate renewal output location: {output_path}"")",0.0,,
"logger.info(""Schema validation stage %s of %s finished"", stage_number, total_stages)",0.0,,
"logger.info(""Starting mobile build"")",0.0,,
"logger.info(""Customer sync completed successfully"")",0.0,,
"logger.info(""Processed %d messages during email delivery"", processed_count)",0.0,,
"logger.info(""Writing database rows to %s"", output_path)",0.0,,
"logger.info(""Webhook dispatch job %s is queued"", job_id)",0.0,,
"logger.info(""Notification fanout reached checkpoint %s"", checkpoint_name)",0.0,,
"logger.warning(""Retrying ledger service after a transient failure (attempt %d/%d)"", attempt, max_attempts)",0.0,,
"logger.warning(""Geocoding batch is using a fallback response from geocoding API"")",0.0,,
"logger.warning(""Token rotation skipped %d invalid tokens"", invalid_count)",0.0,,
"logger.error(""DNS refresh failed for job %s"", job_id, exc_info=True)",0.0,,
"logger.error(""Unable to persist telemetry windows to %s"", destination_path, exc_info=True)",0.0,,
"logger.error(""Marketplace sync exceeded its retry limit for %s"", request_id)",0.0,,
"logger.critical(""access service is unavailable; access review cannot continue"")",0.0,,
"logger.critical(""Data integrity check failed during database restore; stopping the job"")",0.0,,
"print(f""Image resize complete: {processed_count} images"")",0.0,,
"print(f""Catalog refresh report saved to {report_path}"")",0.0,,
"print(f""Fraud screening summary: {success_count} succeeded, {failure_count} failed"")",0.0,,
"print(json.dumps({""operation"": ""user provisioning"", ""status"": ""completed"", ""count"": processed_count}))",0.0,,
"print(""Recommendation refresh result: success"")",0.0,,
"print(f""Next action for security scan: {next_action}"")",0.0,,
"logger.info(""Sensor ingestion completed in %.2f seconds"", elapsed_seconds)",0.0,,
"logger.warning(""Ad attribution will continue with %d deferred events"", deferred_count)",0.0,,
"logger.error(""Knowledge import returned an actionable error: %s"", error_message)",0.0,,
"print(f""Message replay output location: {output_path}"")",0.0,,
"logger.info(""Metric aggregation stage %s of %s finished"", stage_number, total_stages)",0.0,,
"logger.info(""Starting web crawl"")",0.0,,
"logger.info(""Order import completed successfully"")",0.0,,
"logger.info(""Processed %d archives during backup upload"", processed_count)",0.0,,
"logger.info(""Writing audit events to %s"", output_path)",0.0,,
"logger.info(""Cache warming job %s is queued"", job_id)",0.0,,
"logger.info(""Translation job reached checkpoint %s"", checkpoint_name)",0.0,,
"logger.warning(""Retrying conversion worker after a transient failure (attempt %d/%d)"", attempt, max_attempts)",0.0,,
"logger.warning(""Calendar import is using a fallback response from calendar API"")",0.0,,
"logger.warning(""Quality validation skipped %d invalid rules"", invalid_count)",0.0,,
"logger.error(""Video transcoding failed for job %s"", job_id, exc_info=True)",0.0,,
"logger.error(""Unable to persist tax quotes to %s"", destination_path, exc_info=True)",0.0,,
"logger.error(""Form submission exceeded its retry limit for %s"", request_id)",0.0,,
"logger.critical(""enrichment API is unavailable; profile enrichment cannot continue"")",0.0,,
"logger.critical(""Data integrity check failed during survey analysis; stopping the job"")",0.0,,
"print(f""Invoice export complete: {processed_count} invoices"")",0.0,,
"print(f""Payment reconciliation report saved to {report_path}"")",0.0,,
"print(f""Feature extraction summary: {success_count} succeeded, {failure_count} failed"")",0.0,,
"print(json.dumps({""operation"": ""document parsing"", ""status"": ""completed"", ""count"": processed_count}))",0.0,,
"print(""ETL pipeline result: success"")",0.0,,
"print(f""Next action for model evaluation: {next_action}"")",0.0,,
"logger.info(""Contract renewal completed in %.2f seconds"", elapsed_seconds)",0.0,,
"logger.warning(""Shipment tracking will continue with %d deferred updates"", deferred_count)",0.0,,
"logger.error(""Coupon activation returned an actionable error: %s"", error_message)",0.0,,
"print(f""Subscription billing output location: {output_path}"")",0.0,,
"logger.info(""Thumbnail generation stage %s of %s finished"", stage_number, total_stages)",0.0,,
"logger.info(""Starting price update"")",0.0,,
"logger.info(""Alert routing completed successfully"")",0.0,,
"logger.info(""Processed %d documents during search indexing"", processed_count)",0.0,,
"logger.info(""Writing report sections to %s"", output_path)",0.0,,
"logger.info(""Log archival job %s is queued"", job_id)",0.0,,
"logger.info(""Inventory update reached checkpoint %s"", checkpoint_name)",0.0,,
"logger.warning(""Retrying session store after a transient failure (attempt %d/%d)"", attempt, max_attempts)",0.0,,
"logger.warning(""Feed aggregation is using a fallback response from feed provider"")",0.0,,
"logger.warning(""Playlist import skipped %d invalid tracks"", invalid_count)",0.0,,
"logger.error(""Compliance export failed for job %s"", job_id, exc_info=True)",0.0,,
"logger.error(""Unable to persist stock allocations to %s"", destination_path, exc_info=True)",0.0,,
"logger.error(""Certificate renewal exceeded its retry limit for %s"", request_id)",0.0,,
"logger.critical(""schema registry is unavailable; schema validation cannot continue"")",0.0,,
"logger.critical(""Data integrity check failed during mobile build; stopping the job"")",0.0,,
"print(f""Customer sync complete: {processed_count} profiles"")",0.0,,
"print(f""Email delivery report saved to {report_path}"")",0.0,,
"print(f""Data migration summary: {success_count} succeeded, {failure_count} failed"")",0.0,,
"print(json.dumps({""operation"": ""webhook dispatch"", ""status"": ""completed"", ""count"": processed_count}))",0.0,,
"print(""Notification fanout result: success"")",0.0,,
"print(f""Next action for ledger posting: {next_action}"")",0.0,,
"logger.info(""Geocoding batch completed in %.2f seconds"", elapsed_seconds)",0.0,,
"logger.warning(""Token rotation will continue with %d deferred tokens"", deferred_count)",0.0,,
"logger.error(""DNS refresh returned an actionable error: %s"", error_message)",0.0,,
"print(f""Anomaly detection output location: {output_path}"")",0.0,,
"logger.info(""Marketplace sync stage %s of %s finished"", stage_number, total_stages)",0.0,,
"logger.info(""Starting access review"")",0.0,,
"logger.info(""Database restore completed successfully"")",0.0,,
"logger.info(""Processed %d images during image resize"", processed_count)",0.0,,
"logger.info(""Writing catalog entries to %s"", output_path)",0.0,,
"logger.info(""Fraud screening job %s is queued"", job_id)",0.0,,
"logger.info(""User provisioning reached checkpoint %s"", checkpoint_name)",0.0,,
"logger.warning(""Retrying ranking service after a transient failure (attempt %d/%d)"", attempt, max_attempts)",0.0,,
"logger.warning(""Security scan is using a fallback response from security scanner"")",0.0,,
"logger.warning(""Sensor ingestion skipped %d invalid readings"", invalid_count)",0.0,,
"logger.error(""Ad attribution failed for job %s"", job_id, exc_info=True)",0.0,,
"logger.error(""Unable to persist knowledge articles to %s"", destination_path, exc_info=True)",0.0,,
"logger.error(""Message replay exceeded its retry limit for %s"", request_id)",0.0,,
"logger.critical(""metrics backend is unavailable; metric aggregation cannot continue"")",0.0,,
"logger.critical(""Data integrity check failed during web crawl; stopping the job"")",0.0,,
"print(f""Order import complete: {processed_count} orders"")",0.0,,
"print(f""Backup upload report saved to {report_path}"")",0.0,,
"print(f""Audit cleanup summary: {success_count} succeeded, {failure_count} failed"")",0.0,,
"print(json.dumps({""operation"": ""cache warming"", ""status"": ""completed"", ""count"": processed_count}))",0.0,,
"print(""Translation job result: success"")",0.0,,
"print(f""Next action for file conversion: {next_action}"")",0.0,,
"logger.info(""Calendar import completed in %.2f seconds"", elapsed_seconds)",0.0,,
"logger.warning(""Quality validation will continue with %d deferred rules"", deferred_count)",0.0,,
"logger.error(""Video transcoding returned an actionable error: %s"", error_message)",0.0,,
"print(f""Tax calculation output location: {output_path}"")",0.0,,
"logger.info(""Form submission stage %s of %s finished"", stage_number, total_stages)",0.0,,
"logger.info(""Starting profile enrichment"")",0.0,,
"logger.info(""Survey analysis completed successfully"")",0.0,,
"logger.info(""Processed %d invoices during invoice export"", processed_count)",0.0,,
"logger.info(""Writing payment records to %s"", output_path)",0.0,,
"logger.info(""Feature extraction job %s is queued"", job_id)",0.0,,
"logger.info(""Document parsing reached checkpoint %s"", checkpoint_name)",0.0,,
"logger.warning(""Retrying data warehouse after a transient failure (attempt %d/%d)"", attempt, max_attempts)",0.0,,
"logger.warning(""Model evaluation is using a fallback response from model runner"")",0.0,,
"logger.warning(""Contract renewal skipped %d invalid contracts"", invalid_count)",0.0,,
"logger.error(""Shipment tracking failed for job %s"", job_id, exc_info=True)",0.0,,
"logger.error(""Unable to persist coupon codes to %s"", destination_path, exc_info=True)",0.0,,
"logger.error(""Subscription billing exceeded its retry limit for %s"", request_id)",0.0,,
"logger.critical(""thumbnail worker is unavailable; thumbnail generation cannot continue"")",0.0,,
"logger.critical(""Data integrity check failed during price update; stopping the job"")",0.0,,
"print(f""Alert routing complete: {processed_count} incidents"")",0.0,,
"print(f""Search indexing report saved to {report_path}"")",0.0,,
"print(f""Report generation summary: {success_count} succeeded, {failure_count} failed"")",0.0,,
"print(json.dumps({""operation"": ""log archival"", ""status"": ""completed"", ""count"": processed_count}))",0.0,,
"print(""Inventory update result: success"")",0.0,,
"print(f""Next action for session cleanup: {next_action}"")",0.0,,
"logger.info(""Feed aggregation completed in %.2f seconds"", elapsed_seconds)",0.0,,
"logger.warning(""Playlist import will continue with %d deferred tracks"", deferred_count)",0.0,,
"logger.error(""Compliance export returned an actionable error: %s"", error_message)",0.0,,
"print(f""Warehouse allocation output location: {output_path}"")",0.0,,
"logger.info(""Certificate renewal stage %s of %s finished"", stage_number, total_stages)",0.0,,
"logger.info(""Starting schema validation"")",0.0,,
"logger.info(""Mobile build completed successfully"")",0.0,,
"logger.info(""Processed %d profiles during customer sync"", processed_count)",0.0,,
"logger.info(""Writing email messages to %s"", output_path)",0.0,,
"logger.info(""Data migration job %s is queued"", job_id)",0.0,,
"logger.info(""Webhook dispatch reached checkpoint %s"", checkpoint_name)",0.0,,
"logger.warning(""Retrying notification service after a transient failure (attempt %d/%d)"", attempt, max_attempts)",0.0,,
"logger.warning(""Ledger posting is using a fallback response from ledger service"")",0.0,,
"logger.warning(""Geocoding batch skipped %d invalid addresses"", invalid_count)",0.0,,
"logger.error(""Token rotation failed for job %s"", job_id, exc_info=True)",0.0,,
"logger.error(""Unable to persist DNS records to %s"", destination_path, exc_info=True)",0.0,,
"logger.error(""Anomaly detection exceeded its retry limit for %s"", request_id)",0.0,,
"logger.critical(""marketplace API is unavailable; marketplace sync cannot continue"")",0.0,,
"logger.critical(""Data integrity check failed during access review; stopping the job"")",0.0,,
"print(f""Database restore complete: {processed_count} segments"")",0.0,,
"print(f""Image resize report saved to {report_path}"")",0.0,,
"print(f""Catalog refresh summary: {success_count} succeeded, {failure_count} failed"")",0.0,,
"print(json.dumps({""operation"": ""fraud screening"", ""status"": ""completed"", ""count"": processed_count}))",0.0,,
"print(""User provisioning result: success"")",0.0,,
"print(f""Next action for recommendation refresh: {next_action}"")",0.0,,
"logger.info(""Security scan completed in %.2f seconds"", elapsed_seconds)",0.0,,
"logger.warning(""Sensor ingestion will continue with %d deferred readings"", deferred_count)",0.0,,
"logger.error(""Ad attribution returned an actionable error: %s"", error_message)",0.0,,
"print(f""Knowledge import output location: {output_path}"")",0.0,,
"logger.info(""Message replay stage %s of %s finished"", stage_number, total_stages)",0.0,,
"logger.info(""Starting metric aggregation"")",0.0,,
"logger.info(""Web crawl completed successfully"")",0.0,,
"logger.info(""Processed %d orders during order import"", processed_count)",0.0,,
"logger.info(""Writing backup archives to %s"", output_path)",0.0,,
"logger.info(""Audit cleanup job %s is queued"", job_id)",0.0,,
"logger.info(""Cache warming reached checkpoint %s"", checkpoint_name)",0.0,,
"logger.warning(""Retrying translation service after a transient failure (attempt %d/%d)"", attempt, max_attempts)",0.0,,
"logger.warning(""File conversion is using a fallback response from conversion worker"")",0.0,,
"logger.warning(""Calendar import skipped %d invalid events"", invalid_count)",0.0,,
"logger.error(""Quality validation failed for job %s"", job_id, exc_info=True)",0.0,,
"logger.error(""Unable to persist video assets to %s"", destination_path, exc_info=True)",0.0,,
"logger.error(""Tax calculation exceeded its retry limit for %s"", request_id)",0.0,,
"logger.critical(""forms service is unavailable; form submission cannot continue"")",0.0,,
"logger.critical(""Data integrity check failed during profile enrichment; stopping the job"")",0.0,,
"print(f""Survey analysis complete: {processed_count} answers"")",0.0,,
"print(f""Invoice export report saved to {report_path}"")",0.0,,
"print(f""Payment reconciliation summary: {success_count} succeeded, {failure_count} failed"")",0.0,,
"print(json.dumps({""operation"": ""feature extraction"", ""status"": ""completed"", ""count"": processed_count}))",0.0,,
"print(""Document parsing result: success"")",0.0,,
"print(f""Next action for ETL pipeline: {next_action}"")",0.0,,
"logger.info(""Model evaluation completed in %.2f seconds"", elapsed_seconds)",0.0,,
"logger.warning(""Contract renewal will continue with %d deferred contracts"", deferred_count)",0.0,,
"logger.error(""Shipment tracking returned an actionable error: %s"", error_message)",0.0,,
"print(f""Coupon activation output location: {output_path}"")",0.0,,
"logger.info(""Subscription billing stage %s of %s finished"", stage_number, total_stages)",0.0,,
"logger.info(""Starting thumbnail generation"")",0.0,,
"logger.info(""Price update completed successfully"")",0.0,,
"logger.info(""Processed %d incidents during alert routing"", processed_count)",0.0,,
"logger.info(""Writing search documents to %s"", output_path)",0.0,,
"logger.info(""Report generation job %s is queued"", job_id)",0.0,,
"logger.info(""Log archival reached checkpoint %s"", checkpoint_name)",0.0,,
"logger.warning(""Retrying inventory API after a transient failure (attempt %d/%d)"", attempt, max_attempts)",0.0,,
"logger.warning(""Session cleanup is using a fallback response from session store"")",0.0,,
"logger.warning(""Feed aggregation skipped %d invalid items"", invalid_count)",0.0,,
"logger.error(""Playlist import failed for job %s"", job_id, exc_info=True)",0.0,,
"logger.error(""Unable to persist compliance records to %s"", destination_path, exc_info=True)",0.0,,
"logger.error(""Warehouse allocation exceeded its retry limit for %s"", request_id)",0.0,,
"logger.critical(""certificate authority is unavailable; certificate renewal cannot continue"")",0.0,,
"logger.critical(""Data integrity check failed during schema validation; stopping the job"")",0.0,,
"print(f""Mobile build complete: {processed_count} artifacts"")",0.0,,
"print(f""Customer sync report saved to {report_path}"")",0.0,,
"print(f""Email delivery summary: {success_count} succeeded, {failure_count} failed"")",0.0,,
"print(json.dumps({""operation"": ""data migration"", ""status"": ""completed"", ""count"": processed_count}))",0.0,,
"print(""Webhook dispatch result: success"")",0.0,,
"print(f""Next action for notification fanout: {next_action}"")",0.0,,
"logger.info(""Ledger posting completed in %.2f seconds"", elapsed_seconds)",0.0,,
"logger.warning(""Geocoding batch will continue with %d deferred addresses"", deferred_count)",0.0,,
"logger.error(""Token rotation returned an actionable error: %s"", error_message)",0.0,,
"print(f""DNS refresh output location: {output_path}"")",0.0,,
"logger.info(""Anomaly detection stage %s of %s finished"", stage_number, total_stages)",0.0,,
"logger.info(""Starting marketplace sync"")",0.0,,
"logger.info(""Access review completed successfully"")",0.0,,
"logger.info(""Processed %d segments during database restore"", processed_count)",0.0,,
"logger.info(""Writing product images to %s"", output_path)",0.0,,
"logger.info(""Catalog refresh job %s is queued"", job_id)",0.0,,
"logger.info(""Fraud screening reached checkpoint %s"", checkpoint_name)",0.0,,
"logger.warning(""Retrying identity provider after a transient failure (attempt %d/%d)"", attempt, max_attempts)",0.0,,
"logger.warning(""Recommendation refresh is using a fallback response from ranking service"")",0.0,,
"logger.warning(""Security scan skipped %d invalid files"", invalid_count)",0.0,,
"logger.error(""Sensor ingestion failed for job %s"", job_id, exc_info=True)",0.0,,
"logger.error(""Unable to persist conversion events to %s"", destination_path, exc_info=True)",0.0,,
"logger.error(""Knowledge import exceeded its retry limit for %s"", request_id)",0.0,,
"logger.critical(""message broker is unavailable; message replay cannot continue"")",0.0,,
"logger.critical(""Data integrity check failed during metric aggregation; stopping the job"")",0.0,,
"print(f""Web crawl complete: {processed_count} pages"")",0.0,,
"print(f""Order import report saved to {report_path}"")",0.0,,
"print(f""Backup upload summary: {success_count} succeeded, {failure_count} failed"")",0.0,,
"print(json.dumps({""operation"": ""audit cleanup"", ""status"": ""completed"", ""count"": processed_count}))",0.0,,
"print(""Cache warming result: success"")",0.0,,
"print(f""Next action for translation job: {next_action}"")",0.0,,
"logger.info(""File conversion completed in %.2f seconds"", elapsed_seconds)",0.0,,
"logger.warning(""Calendar import will continue with %d deferred events"", deferred_count)",0.0,,
"logger.error(""Quality validation returned an actionable error: %s"", error_message)",0.0,,
"print(f""Video transcoding output location: {output_path}"")",0.0,,
"logger.info(""Tax calculation stage %s of %s finished"", stage_number, total_stages)",0.0,,
"logger.info(""Starting form submission"")",0.0,,
"logger.info(""Profile enrichment completed successfully"")",0.0,,
"logger.info(""Processed %d answers during survey analysis"", processed_count)",0.0,,
"logger.info(""Writing invoices to %s"", output_path)",0.0,,
"logger.info(""Payment reconciliation job %s is queued"", job_id)",0.0,,
"logger.info(""Feature extraction reached checkpoint %s"", checkpoint_name)",0.0,,
"logger.warning(""Retrying parser service after a transient failure (attempt %d/%d)"", attempt, max_attempts)",0.0,,
"logger.warning(""ETL pipeline is using a fallback response from data warehouse"")",0.0,,
"logger.warning(""Model evaluation skipped %d invalid cases"", invalid_count)",0.0,,
"logger.error(""Contract renewal failed for job %s"", job_id, exc_info=True)",0.0,,
"logger.error(""Unable to persist shipment updates to %s"", destination_path, exc_info=True)",0.0,,
"logger.error(""Coupon activation exceeded its retry limit for %s"", request_id)",0.0,,
"logger.critical(""billing gateway is unavailable; subscription billing cannot continue"")",0.0,,
"logger.critical(""Data integrity check failed during thumbnail generation; stopping the job"")",0.0,,
"print(f""Price update complete: {processed_count} prices"")",0.0,,
"print(f""Alert routing report saved to {report_path}"")",0.0,,
"print(f""Search indexing summary: {success_count} succeeded, {failure_count} failed"")",0.0,,
"print(json.dumps({""operation"": ""report generation"", ""status"": ""completed"", ""count"": processed_count}))",0.0,,
"print(""Log archival result: success"")",0.0,,
"print(f""Next action for inventory update: {next_action}"")",0.0,,
"logger.info(""Session cleanup completed in %.2f seconds"", elapsed_seconds)",0.0,,
"logger.warning(""Feed aggregation will continue with %d deferred items"", deferred_count)",0.0,,
"logger.error(""Playlist import returned an actionable error: %s"", error_message)",0.0,,
"print(f""Compliance export output location: {output_path}"")",0.0,,
"logger.info(""Warehouse allocation stage %s of %s finished"", stage_number, total_stages)",0.0,,
"logger.info(""Starting certificate renewal"")",0.0,,
"logger.info(""Schema validation completed successfully"")",0.0,,
"logger.info(""Processed %d artifacts during mobile build"", processed_count)",0.0,,
"logger.info(""Writing customer profiles to %s"", output_path)",0.0,,
"logger.info(""Email delivery job %s is queued"", job_id)",0.0,,
"logger.info(""Data migration reached checkpoint %s"", checkpoint_name)",0.0,,
"logger.warning(""Retrying webhook endpoint after a transient failure (attempt %d/%d)"", attempt, max_attempts)",0.0,,
"logger.warning(""Notification fanout is using a fallback response from notification service"")",0.0,,
"logger.warning(""Ledger posting skipped %d invalid entries"", invalid_count)",0.0,,
"logger.error(""Geocoding batch failed for job %s"", job_id, exc_info=True)",0.0,,
"logger.error(""Unable to persist service tokens to %s"", destination_path, exc_info=True)",0.0,,
"logger.error(""DNS refresh exceeded its retry limit for %s"", request_id)",0.0,,
"logger.critical(""anomaly detector is unavailable; anomaly detection cannot continue"")",0.0,,
"logger.critical(""Data integrity check failed during marketplace sync; stopping the job"")",0.0,,
"print(f""Access review complete: {processed_count} grants"")",0.0,,
"print(f""Database restore report saved to {report_path}"")",0.0,,
"print(f""Image resize summary: {success_count} succeeded, {failure_count} failed"")",0.0,,
"print(json.dumps({""operation"": ""catalog refresh"", ""status"": ""completed"", ""count"": processed_count}))",0.0,,
"print(""Fraud screening result: success"")",0.0,,
"print(f""Next action for user provisioning: {next_action}"")",0.0,,
"logger.info(""Recommendation refresh completed in %.2f seconds"", elapsed_seconds)",0.0,,
"logger.warning(""Security scan will continue with %d deferred files"", deferred_count)",0.0,,
"logger.error(""Sensor ingestion returned an actionable error: %s"", error_message)",0.0,,
"print(f""Ad attribution output location: {output_path}"")",0.0,,
"logger.info(""Knowledge import stage %s of %s finished"", stage_number, total_stages)",0.0,,
"logger.info(""Starting message replay"")",0.0,,
"logger.info(""Metric aggregation completed successfully"")",0.0,,
"logger.info(""Processed %d pages during web crawl"", processed_count)",0.0,,
"logger.info(""Writing orders to %s"", output_path)",0.0,,
"logger.info(""Backup upload job %s is queued"", job_id)",0.0,,
"logger.info(""Audit cleanup reached checkpoint %s"", checkpoint_name)",0.0,,
"logger.warning(""Retrying cache cluster after a transient failure (attempt %d/%d)"", attempt, max_attempts)",0.0,,
"logger.warning(""Translation job is using a fallback response from translation service"")",0.0,,
"logger.warning(""File conversion skipped %d invalid files"", invalid_count)",0.0,,
"logger.error(""Calendar import failed for job %s"", job_id, exc_info=True)",0.0,,
"logger.error(""Unable to persist validation rules to %s"", destination_path, exc_info=True)",0.0,,
"logger.error(""Video transcoding exceeded its retry limit for %s"", request_id)",0.0,,
"logger.critical(""tax provider is unavailable; tax calculation cannot continue"")",0.0,,
"logger.critical(""Data integrity check failed during form submission; stopping the job"")",0.0,,
"print(f""Profile enrichment complete: {processed_count} profiles"")",0.0,,
"print(f""Survey analysis report saved to {report_path}"")",0.0,,
"print(f""Invoice export summary: {success_count} succeeded, {failure_count} failed"")",0.0,,
"print(json.dumps({""operation"": ""payment reconciliation"", ""status"": ""completed"", ""count"": processed_count}))",0.0,,
"print(""Feature extraction result: success"")",0.0,,
"print(f""Next action for document parsing: {next_action}"")",0.0,,
"logger.info(""ETL pipeline completed in %.2f seconds"", elapsed_seconds)",0.0,,
"logger.warning(""Model evaluation will continue with %d deferred cases"", deferred_count)",0.0,,
"logger.error(""Contract renewal returned an actionable error: %s"", error_message)",0.0,,
"print(f""Shipment tracking output location: {output_path}"")",0.0,,
"logger.info(""Coupon activation stage %s of %s finished"", stage_number, total_stages)",0.0,,
"logger.info(""Order import is waiting for order API"")",0.05,,
"logger.info(""Preparing backup archives for upload"")",0.05,,
"print(f""Audit cleanup phase: {phase}"")",0.05,,
"logger.warning(""Cache warming is running in compatibility mode"")",0.05,,
"print(""Translation job is in progress"")",0.05,,
"logger.info(""Checking prerequisites for file conversion"")",0.05,,
"print(f""Calendar import started at {started_at}"")",0.05,,
"logger.info(""Quality validation is waiting for validation engine"")",0.05,,
"logger.info(""Preparing video assets for transcode"")",0.05,,
"print(f""Tax calculation phase: {phase}"")",0.05,,
"logger.warning(""Form submission is running in compatibility mode"")",0.05,,
"print(""Profile enrichment is in progress"")",0.05,,
"logger.info(""Checking prerequisites for survey analysis"")",0.05,,
"print(f""Invoice export started at {started_at}"")",0.05,,
"logger.info(""Payment reconciliation is waiting for payment gateway"")",0.05,,
"logger.info(""Preparing text features for extract"")",0.05,,
"print(f""Document parsing phase: {phase}"")",0.05,,
"logger.warning(""ETL pipeline is running in compatibility mode"")",0.05,,
"print(""Model evaluation is in progress"")",0.05,,
"logger.info(""Checking prerequisites for contract renewal"")",0.05,,
"print(f""Shipment tracking started at {started_at}"")",0.05,,
"logger.info(""Coupon activation is waiting for promotion service"")",0.05,,
"logger.info(""Preparing subscription charges for bill"")",0.05,,
"print(f""Thumbnail generation phase: {phase}"")",0.05,,
"logger.warning(""Price update is running in compatibility mode"")",0.05,,
"print(""Alert routing is in progress"")",0.05,,
"logger.info(""Checking prerequisites for search indexing"")",0.05,,
"print(f""Report generation started at {started_at}"")",0.05,,
"logger.info(""Log archival is waiting for log storage"")",0.05,,
"logger.info(""Preparing inventory records for update"")",0.05,,
"print(f""Session cleanup phase: {phase}"")",0.05,,
"logger.warning(""Feed aggregation is running in compatibility mode"")",0.05,,
"print(""Playlist import is in progress"")",0.05,,
"logger.info(""Checking prerequisites for compliance export"")",0.05,,
"print(f""Warehouse allocation started at {started_at}"")",0.05,,
"logger.info(""Certificate renewal is waiting for certificate authority"")",0.05,,
"logger.info(""Preparing payload schemas for validate"")",0.05,,
"print(f""Mobile build phase: {phase}"")",0.05,,
"logger.warning(""Customer sync is running in compatibility mode"")",0.05,,
"print(""Email delivery is in progress"")",0.05,,
"logger.info(""Checking prerequisites for data migration"")",0.05,,
"print(f""Webhook dispatch started at {started_at}"")",0.05,,
"logger.info(""Notification fanout is waiting for notification service"")",0.05,,
"logger.info(""Preparing ledger entries for post"")",0.05,,
"print(f""Geocoding batch phase: {phase}"")",0.05,,
"logger.warning(""Token rotation is running in compatibility mode"")",0.05,,
"print(""DNS refresh is in progress"")",0.05,,
"logger.info(""Checking prerequisites for anomaly detection"")",0.05,,
"print(f""Marketplace sync started at {started_at}"")",0.05,,
"logger.info(""Access review is waiting for access service"")",0.05,,
"logger.info(""Preparing restore segments for restore"")",0.05,,
"print(f""Image resize phase: {phase}"")",0.05,,
"logger.warning(""Catalog refresh is running in compatibility mode"")",0.05,,
"print(""Fraud screening is in progress"")",0.05,,
"logger.info(""Checking prerequisites for user provisioning"")",0.05,,
"print(f""Recommendation refresh started at {started_at}"")",0.05,,
"logger.info(""Security scan is waiting for security scanner"")",0.05,,
"logger.info(""Preparing sensor readings for ingest"")",0.05,,
"print(f""Ad attribution phase: {phase}"")",0.05,,
"logger.warning(""Knowledge import is running in compatibility mode"")",0.05,,
"print(""Message replay is in progress"")",0.05,,
"logger.info(""Checking prerequisites for metric aggregation"")",0.05,,
"print(f""Web crawl started at {started_at}"")",0.05,,
"logger.info(""Tax calculation processed %d quotes in the current batch"", batch_count)",0.10,,
"logger.info(""Form submission is processing batch %d"", batch_number)",0.10,,
"print(f""Profile enrichment batch {batch_number} is complete"")",0.10,,
"logger.info(""Survey analysis has %d answers remaining"", remaining_count)",0.10,,
"print(f""Invoice export progress: {percent_complete:.0f}%"")",0.10,,
"logger.warning(""Payment reconciliation is slower than the target rate"")",0.10,,
"logger.info(""Feature extraction moved to phase %s"", phase)",0.10,,
"logger.info(""Document parsing processed %d documents in the current batch"", batch_count)",0.10,,
"logger.info(""ETL pipeline is processing batch %d"", batch_number)",0.10,,
"print(f""Model evaluation batch {batch_number} is complete"")",0.10,,
"logger.info(""Contract renewal has %d contracts remaining"", remaining_count)",0.10,,
"print(f""Shipment tracking progress: {percent_complete:.0f}%"")",0.10,,
"logger.warning(""Coupon activation is slower than the target rate"")",0.10,,
"logger.info(""Subscription billing moved to phase %s"", phase)",0.10,,
"logger.info(""Thumbnail generation processed %d thumbnails in the current batch"", batch_count)",0.10,,
"logger.info(""Price update is processing batch %d"", batch_number)",0.10,,
"print(f""Alert routing batch {batch_number} is complete"")",0.10,,
"logger.info(""Search indexing has %d documents remaining"", remaining_count)",0.10,,
"print(f""Report generation progress: {percent_complete:.0f}%"")",0.10,,
"logger.warning(""Log archival is slower than the target rate"")",0.10,,
"logger.info(""Inventory update moved to phase %s"", phase)",0.10,,
"logger.info(""Session cleanup processed %d sessions in the current batch"", batch_count)",0.10,,
"logger.info(""Feed aggregation is processing batch %d"", batch_number)",0.10,,
"print(f""Playlist import batch {batch_number} is complete"")",0.10,,
"logger.info(""Compliance export has %d records remaining"", remaining_count)",0.10,,
"print(f""Warehouse allocation progress: {percent_complete:.0f}%"")",0.10,,
"logger.warning(""Certificate renewal is slower than the target rate"")",0.10,,
"logger.info(""Schema validation moved to phase %s"", phase)",0.10,,
"logger.info(""Mobile build processed %d artifacts in the current batch"", batch_count)",0.10,,
"logger.info(""Customer sync is processing batch %d"", batch_number)",0.10,,
"print(f""Email delivery batch {batch_number} is complete"")",0.10,,
"logger.info(""Data migration has %d rows remaining"", remaining_count)",0.10,,
"print(f""Webhook dispatch progress: {percent_complete:.0f}%"")",0.10,,
"logger.warning(""Notification fanout is slower than the target rate"")",0.10,,
"logger.info(""Ledger posting moved to phase %s"", phase)",0.10,,
"logger.info(""Geocoding batch processed %d addresses in the current batch"", batch_count)",0.10,,
"logger.info(""Token rotation is processing batch %d"", batch_number)",0.10,,
"print(f""DNS refresh batch {batch_number} is complete"")",0.10,,
"logger.info(""Anomaly detection has %d windows remaining"", remaining_count)",0.10,,
"print(f""Marketplace sync progress: {percent_complete:.0f}%"")",0.10,,
"logger.warning(""Access review is slower than the target rate"")",0.10,,
"logger.info(""Database restore moved to phase %s"", phase)",0.10,,
"logger.info(""Image resize processed %d images in the current batch"", batch_count)",0.10,,
"logger.info(""Catalog refresh is processing batch %d"", batch_number)",0.10,,
"print(f""Fraud screening batch {batch_number} is complete"")",0.10,,
"logger.info(""User provisioning has %d accounts remaining"", remaining_count)",0.10,,
"print(f""Recommendation refresh progress: {percent_complete:.0f}%"")",0.10,,
"logger.warning(""Security scan is slower than the target rate"")",0.10,,
"logger.info(""Sensor ingestion moved to phase %s"", phase)",0.10,,
"logger.info(""Ad attribution processed %d events in the current batch"", batch_count)",0.10,,
"logger.info(""Knowledge import is processing batch %d"", batch_number)",0.10,,
"print(f""Message replay batch {batch_number} is complete"")",0.10,,
"logger.info(""Metric aggregation has %d samples remaining"", remaining_count)",0.10,,
"print(f""Web crawl progress: {percent_complete:.0f}%"")",0.10,,
"logger.warning(""Order import is slower than the target rate"")",0.10,,
"logger.info(""Backup upload moved to phase %s"", phase)",0.10,,
"logger.info(""Audit cleanup processed %d events in the current batch"", batch_count)",0.10,,
"logger.info(""Cache warming is processing batch %d"", batch_number)",0.10,,
"print(f""Translation job batch {batch_number} is complete"")",0.10,,
"logger.info(""File conversion has %d files remaining"", remaining_count)",0.10,,
"print(f""Calendar import progress: {percent_complete:.0f}%"")",0.10,,
"logger.warning(""Quality validation is slower than the target rate"")",0.10,,
"logger.info(""Video transcoding moved to phase %s"", phase)",0.10,,
"logger.info(""Model evaluation job state: %s"", state)",0.15,,
"print(f""Contract renewal status: {status}"")",0.15,,
"logger.info(""Shipment tracking worker %s is active"", worker_name)",0.15,,
"logger.info(""Coupon activation last checkpoint: %s"", checkpoint_name)",0.15,,
"print(f""Subscription billing retry attempt: {attempt}"")",0.15,,
"logger.warning(""Thumbnail generation has entered a delayed state"")",0.15,,
"logger.info(""Price update queue position: %d"", queue_position)",0.15,,
"logger.info(""Alert routing job state: %s"", state)",0.15,,
"print(f""Search indexing status: {status}"")",0.15,,
"logger.info(""Report generation worker %s is active"", worker_name)",0.15,,
"logger.info(""Log archival last checkpoint: %s"", checkpoint_name)",0.15,,
"print(f""Inventory update retry attempt: {attempt}"")",0.15,,
"logger.warning(""Session cleanup has entered a delayed state"")",0.15,,
"logger.info(""Feed aggregation queue position: %d"", queue_position)",0.15,,
"logger.info(""Playlist import job state: %s"", state)",0.15,,
"print(f""Compliance export status: {status}"")",0.15,,
"logger.info(""Warehouse allocation worker %s is active"", worker_name)",0.15,,
"logger.info(""Certificate renewal last checkpoint: %s"", checkpoint_name)",0.15,,
"print(f""Schema validation retry attempt: {attempt}"")",0.15,,
"logger.warning(""Mobile build has entered a delayed state"")",0.15,,
"logger.info(""Customer sync queue position: %d"", queue_position)",0.15,,
"logger.info(""Email delivery job state: %s"", state)",0.15,,
"print(f""Data migration status: {status}"")",0.15,,
"logger.info(""Webhook dispatch worker %s is active"", worker_name)",0.15,,
"logger.info(""Notification fanout last checkpoint: %s"", checkpoint_name)",0.15,,
"print(f""Ledger posting retry attempt: {attempt}"")",0.15,,
"logger.warning(""Geocoding batch has entered a delayed state"")",0.15,,
"logger.info(""Token rotation queue position: %d"", queue_position)",0.15,,
"logger.info(""DNS refresh job state: %s"", state)",0.15,,
"print(f""Anomaly detection status: {status}"")",0.15,,
"logger.info(""Marketplace sync worker %s is active"", worker_name)",0.15,,
"logger.info(""Access review last checkpoint: %s"", checkpoint_name)",0.15,,
"print(f""Database restore retry attempt: {attempt}"")",0.15,,
"logger.warning(""Image resize has entered a delayed state"")",0.15,,
"logger.info(""Catalog refresh queue position: %d"", queue_position)",0.15,,
"logger.info(""Fraud screening job state: %s"", state)",0.15,,
"print(f""User provisioning status: {status}"")",0.15,,
"logger.info(""Recommendation refresh worker %s is active"", worker_name)",0.15,,
"logger.info(""Security scan last checkpoint: %s"", checkpoint_name)",0.15,,
"print(f""Sensor ingestion retry attempt: {attempt}"")",0.15,,
"logger.warning(""Ad attribution has entered a delayed state"")",0.15,,
"logger.info(""Knowledge import queue position: %d"", queue_position)",0.15,,
"logger.info(""Message replay job state: %s"", state)",0.15,,
"print(f""Metric aggregation status: {status}"")",0.15,,
"logger.info(""Web crawl worker %s is active"", worker_name)",0.15,,
"logger.info(""Order import last checkpoint: %s"", checkpoint_name)",0.15,,
"print(f""Backup upload retry attempt: {attempt}"")",0.15,,
"logger.warning(""Audit cleanup has entered a delayed state"")",0.15,,
"logger.info(""Cache warming queue position: %d"", queue_position)",0.15,,
"logger.info(""Translation job job state: %s"", state)",0.15,,
"print(f""File conversion status: {status}"")",0.15,,
"logger.info(""Calendar import worker %s is active"", worker_name)",0.15,,
"logger.info(""Quality validation last checkpoint: %s"", checkpoint_name)",0.15,,
"print(f""Video transcoding retry attempt: {attempt}"")",0.15,,
"logger.warning(""Tax calculation has entered a delayed state"")",0.15,,
"logger.info(""Form submission queue position: %d"", queue_position)",0.15,,
"logger.info(""Profile enrichment job state: %s"", state)",0.15,,
"print(f""Survey analysis status: {status}"")",0.15,,
"logger.info(""Invoice export worker %s is active"", worker_name)",0.15,,
"logger.info(""Payment reconciliation last checkpoint: %s"", checkpoint_name)",0.15,,
"print(f""Feature extraction retry attempt: {attempt}"")",0.15,,
"logger.warning(""Document parsing has entered a delayed state"")",0.15,,
"logger.info(""ETL pipeline queue position: %d"", queue_position)",0.15,,
"logger.info(""Report generation queue depth: %d"", queue.qsize())",0.20,,
"print(f""Log archival worker count: {worker_count}"")",0.20,,
"logger.info(""Inventory update memory usage: %.1f MB"", memory_mb)",0.20,,
"logger.info(""Session cleanup throughput: %.1f sessions/s"", throughput)",0.20,,
"print(f""Feed aggregation elapsed: {elapsed_seconds:.1f}s"")",0.20,,
"logger.warning(""Playlist import latency is %.0f ms"", latency_ms)",0.20,,
"logger.info(""Compliance export backlog: %d"", backlog_count)",0.20,,
"logger.info(""Warehouse allocation queue depth: %d"", queue.qsize())",0.20,,
"print(f""Certificate renewal worker count: {worker_count}"")",0.20,,
"logger.info(""Schema validation memory usage: %.1f MB"", memory_mb)",0.20,,
"logger.info(""Mobile build throughput: %.1f artifacts/s"", throughput)",0.20,,
"print(f""Customer sync elapsed: {elapsed_seconds:.1f}s"")",0.20,,
"logger.warning(""Email delivery latency is %.0f ms"", latency_ms)",0.20,,
"logger.info(""Data migration backlog: %d"", backlog_count)",0.20,,
"logger.info(""Webhook dispatch queue depth: %d"", queue.qsize())",0.20,,
"print(f""Notification fanout worker count: {worker_count}"")",0.20,,
"logger.info(""Ledger posting memory usage: %.1f MB"", memory_mb)",0.20,,
"logger.info(""Geocoding batch throughput: %.1f addresses/s"", throughput)",0.20,,
"print(f""Token rotation elapsed: {elapsed_seconds:.1f}s"")",0.20,,
"logger.warning(""DNS refresh latency is %.0f ms"", latency_ms)",0.20,,
"logger.info(""Anomaly detection backlog: %d"", backlog_count)",0.20,,
"logger.info(""Marketplace sync queue depth: %d"", queue.qsize())",0.20,,
"print(f""Access review worker count: {worker_count}"")",0.20,,
"logger.info(""Database restore memory usage: %.1f MB"", memory_mb)",0.20,,
"logger.info(""Image resize throughput: %.1f images/s"", throughput)",0.20,,
"print(f""Catalog refresh elapsed: {elapsed_seconds:.1f}s"")",0.20,,
"logger.warning(""Fraud screening latency is %.0f ms"", latency_ms)",0.20,,
"logger.info(""User provisioning backlog: %d"", backlog_count)",0.20,,
"logger.info(""Recommendation refresh queue depth: %d"", queue.qsize())",0.20,,
"print(f""Security scan worker count: {worker_count}"")",0.20,,
"logger.info(""Sensor ingestion memory usage: %.1f MB"", memory_mb)",0.20,,
"logger.info(""Ad attribution throughput: %.1f events/s"", throughput)",0.20,,
"print(f""Knowledge import elapsed: {elapsed_seconds:.1f}s"")",0.20,,
"logger.warning(""Message replay latency is %.0f ms"", latency_ms)",0.20,,
"logger.info(""Metric aggregation backlog: %d"", backlog_count)",0.20,,
"logger.info(""Web crawl queue depth: %d"", queue.qsize())",0.20,,
"print(f""Order import worker count: {worker_count}"")",0.20,,
"logger.info(""Backup upload memory usage: %.1f MB"", memory_mb)",0.20,,
"logger.info(""Audit cleanup throughput: %.1f events/s"", throughput)",0.20,,
"print(f""Cache warming elapsed: {elapsed_seconds:.1f}s"")",0.20,,
"logger.warning(""Translation job latency is %.0f ms"", latency_ms)",0.20,,
"logger.info(""File conversion backlog: %d"", backlog_count)",0.20,,
"logger.info(""Calendar import queue depth: %d"", queue.qsize())",0.20,,
"print(f""Quality validation worker count: {worker_count}"")",0.20,,
"logger.info(""Video transcoding memory usage: %.1f MB"", memory_mb)",0.20,,
"logger.info(""Tax calculation throughput: %.1f quotes/s"", throughput)",0.20,,
"print(f""Form submission elapsed: {elapsed_seconds:.1f}s"")",0.20,,
"logger.warning(""Profile enrichment latency is %.0f ms"", latency_ms)",0.20,,
"logger.info(""Survey analysis backlog: %d"", backlog_count)",0.20,,
"logger.info(""Invoice export queue depth: %d"", queue.qsize())",0.20,,
"print(f""Payment reconciliation worker count: {worker_count}"")",0.20,,
"logger.info(""Feature extraction memory usage: %.1f MB"", memory_mb)",0.20,,
"logger.info(""Document parsing throughput: %.1f documents/s"", throughput)",0.20,,
"print(f""ETL pipeline elapsed: {elapsed_seconds:.1f}s"")",0.20,,
"logger.warning(""Model evaluation latency is %.0f ms"", latency_ms)",0.20,,
"logger.info(""Contract renewal backlog: %d"", backlog_count)",0.20,,
"logger.info(""Shipment tracking queue depth: %d"", queue.qsize())",0.20,,
"print(f""Coupon activation worker count: {worker_count}"")",0.20,,
"logger.info(""Subscription billing memory usage: %.1f MB"", memory_mb)",0.20,,
"logger.info(""Thumbnail generation throughput: %.1f thumbnails/s"", throughput)",0.20,,
"print(f""Price update elapsed: {elapsed_seconds:.1f}s"")",0.20,,
"logger.warning(""Alert routing latency is %.0f ms"", latency_ms)",0.20,,
"logger.info(""Search indexing backlog: %d"", backlog_count)",0.20,,
"print(f""Schema validation current batch: {batch_number}"")",0.25,,
"logger.info(""Mobile build cursor is at %d"", cursor_position)",0.25,,
"print(f""Customer sync remaining profiles: {remaining_count}"")",0.25,,
"logger.info(""Email delivery selected partition %s"", partition_id)",0.25,,
"logger.warning(""Data migration is using worker %s"", worker_name)",0.25,,
"print(""Webhook dispatch reached a processing milestone"")",0.25,,
"logger.info(""Notification fanout shard: %s"", shard_name)",0.25,,
"print(f""Ledger posting current batch: {batch_number}"")",0.25,,
"logger.info(""Geocoding batch cursor is at %d"", cursor_position)",0.25,,
"print(f""Token rotation remaining tokens: {remaining_count}"")",0.25,,
"logger.info(""DNS refresh selected partition %s"", partition_id)",0.25,,
"logger.warning(""Anomaly detection is using worker %s"", worker_name)",0.25,,
"print(""Marketplace sync reached a processing milestone"")",0.25,,
"logger.info(""Access review shard: %s"", shard_name)",0.25,,
"print(f""Database restore current batch: {batch_number}"")",0.25,,
"logger.info(""Image resize cursor is at %d"", cursor_position)",0.25,,
"print(f""Catalog refresh remaining entries: {remaining_count}"")",0.25,,
"logger.info(""Fraud screening selected partition %s"", partition_id)",0.25,,
"logger.warning(""User provisioning is using worker %s"", worker_name)",0.25,,
"print(""Recommendation refresh reached a processing milestone"")",0.25,,
"logger.info(""Security scan shard: %s"", shard_name)",0.25,,
"print(f""Sensor ingestion current batch: {batch_number}"")",0.25,,
"logger.info(""Ad attribution cursor is at %d"", cursor_position)",0.25,,
"print(f""Knowledge import remaining articles: {remaining_count}"")",0.25,,
"logger.info(""Message replay selected partition %s"", partition_id)",0.25,,
"logger.warning(""Metric aggregation is using worker %s"", worker_name)",0.25,,
"print(""Web crawl reached a processing milestone"")",0.25,,
"logger.info(""Order import shard: %s"", shard_name)",0.25,,
"print(f""Backup upload current batch: {batch_number}"")",0.25,,
"logger.info(""Audit cleanup cursor is at %d"", cursor_position)",0.25,,
"print(f""Cache warming remaining keys: {remaining_count}"")",0.25,,
"logger.info(""Translation job selected partition %s"", partition_id)",0.25,,
"logger.warning(""File conversion is using worker %s"", worker_name)",0.25,,
"print(""Calendar import reached a processing milestone"")",0.25,,
"logger.info(""Quality validation shard: %s"", shard_name)",0.25,,
"print(f""Video transcoding current batch: {batch_number}"")",0.25,,
"logger.info(""Tax calculation cursor is at %d"", cursor_position)",0.25,,
"print(f""Form submission remaining responses: {remaining_count}"")",0.25,,
"logger.info(""Profile enrichment selected partition %s"", partition_id)",0.25,,
"logger.warning(""Survey analysis is using worker %s"", worker_name)",0.25,,
"print(""Invoice export reached a processing milestone"")",0.25,,
"logger.info(""Payment reconciliation shard: %s"", shard_name)",0.25,,
"print(f""Feature extraction current batch: {batch_number}"")",0.25,,
"logger.info(""Document parsing cursor is at %d"", cursor_position)",0.25,,
"print(f""ETL pipeline remaining records: {remaining_count}"")",0.25,,
"logger.info(""Model evaluation selected partition %s"", partition_id)",0.25,,
"logger.warning(""Contract renewal is using worker %s"", worker_name)",0.25,,
"print(""Shipment tracking reached a processing milestone"")",0.25,,
"logger.info(""Coupon activation shard: %s"", shard_name)",0.25,,
"print(f""Subscription billing current batch: {batch_number}"")",0.25,,
"logger.info(""Thumbnail generation cursor is at %d"", cursor_position)",0.25,,
"print(f""Price update remaining prices: {remaining_count}"")",0.25,,
"logger.info(""Alert routing selected partition %s"", partition_id)",0.25,,
"logger.warning(""Search indexing is using worker %s"", worker_name)",0.25,,
"print(""Report generation reached a processing milestone"")",0.25,,
"logger.info(""Log archival shard: %s"", shard_name)",0.25,,
"print(f""Inventory update current batch: {batch_number}"")",0.25,,
"logger.info(""Session cleanup cursor is at %d"", cursor_position)",0.25,,
"print(f""Feed aggregation remaining items: {remaining_count}"")",0.25,,
"logger.info(""Playlist import selected partition %s"", partition_id)",0.25,,
"logger.warning(""Compliance export is using worker %s"", worker_name)",0.25,,
"print(""Warehouse allocation reached a processing milestone"")",0.25,,
"logger.info(""Certificate renewal shard: %s"", shard_name)",0.25,,
"logger.info(""Reading %s for token rotation"", input_path)",0.30,,
"logger.info(""DNS refresh source: %s"", source_name)",0.30,,
"print(f""Anomaly detection input: {input_path}"")",0.30,,
"logger.info(""Marketplace sync destination: %s"", destination_path)",0.30,,
"print(f""Access review partition: {partition_id}"")",0.30,,
"logger.warning(""Database restore is using source %s"", source_name)",0.30,,
"logger.info(""Image resize region: %s"", region)",0.30,,
"logger.info(""Reading %s for catalog refresh"", input_path)",0.30,,
"logger.info(""Fraud screening source: %s"", source_name)",0.30,,
"print(f""User provisioning input: {input_path}"")",0.30,,
"logger.info(""Recommendation refresh destination: %s"", destination_path)",0.30,,
"print(f""Security scan partition: {partition_id}"")",0.30,,
"logger.warning(""Sensor ingestion is using source %s"", source_name)",0.30,,
"logger.info(""Ad attribution region: %s"", region)",0.30,,
"logger.info(""Reading %s for knowledge import"", input_path)",0.30,,
"logger.info(""Message replay source: %s"", source_name)",0.30,,
"print(f""Metric aggregation input: {input_path}"")",0.30,,
"logger.info(""Web crawl destination: %s"", destination_path)",0.30,,
"print(f""Order import partition: {partition_id}"")",0.30,,
"logger.warning(""Backup upload is using source %s"", source_name)",0.30,,
"logger.info(""Audit cleanup region: %s"", region)",0.30,,
"logger.info(""Reading %s for cache warming"", input_path)",0.30,,
"logger.info(""Translation job source: %s"", source_name)",0.30,,
"print(f""File conversion input: {input_path}"")",0.30,,
"logger.info(""Calendar import destination: %s"", destination_path)",0.30,,
"print(f""Quality validation partition: {partition_id}"")",0.30,,
"logger.warning(""Video transcoding is using source %s"", source_name)",0.30,,
"logger.info(""Tax calculation region: %s"", region)",0.30,,
"logger.info(""Reading %s for form submission"", input_path)",0.30,,
"logger.info(""Profile enrichment source: %s"", source_name)",0.30,,
"print(f""Survey analysis input: {input_path}"")",0.30,,
"logger.info(""Invoice export destination: %s"", destination_path)",0.30,,
"print(f""Payment reconciliation partition: {partition_id}"")",0.30,,
"logger.warning(""Feature extraction is using source %s"", source_name)",0.30,,
"logger.info(""Document parsing region: %s"", region)",0.30,,
"logger.info(""Reading %s for ETL pipeline"", input_path)",0.30,,
"logger.info(""Model evaluation source: %s"", source_name)",0.30,,
"print(f""Contract renewal input: {input_path}"")",0.30,,
"logger.info(""Shipment tracking destination: %s"", destination_path)",0.30,,
"print(f""Coupon activation partition: {partition_id}"")",0.30,,
"logger.warning(""Subscription billing is using source %s"", source_name)",0.30,,
"logger.info(""Thumbnail generation region: %s"", region)",0.30,,
"logger.info(""Reading %s for price update"", input_path)",0.30,,
"logger.info(""Alert routing source: %s"", source_name)",0.30,,
"print(f""Search indexing input: {input_path}"")",0.30,,
"logger.info(""Report generation destination: %s"", destination_path)",0.30,,
"print(f""Log archival partition: {partition_id}"")",0.30,,
"logger.warning(""Inventory update is using source %s"", source_name)",0.30,,
"logger.info(""Session cleanup region: %s"", region)",0.30,,
"logger.info(""Reading %s for feed aggregation"", input_path)",0.30,,
"logger.info(""Playlist import source: %s"", source_name)",0.30,,
"print(f""Compliance export input: {input_path}"")",0.30,,
"logger.info(""Warehouse allocation destination: %s"", destination_path)",0.30,,
"print(f""Certificate renewal partition: {partition_id}"")",0.30,,
"logger.warning(""Schema validation is using source %s"", source_name)",0.30,,
"logger.info(""Mobile build region: %s"", region)",0.30,,
"logger.info(""Reading %s for customer sync"", input_path)",0.30,,
"logger.info(""Email delivery source: %s"", source_name)",0.30,,
"print(f""Data migration input: {input_path}"")",0.30,,
"logger.info(""Webhook dispatch destination: %s"", destination_path)",0.30,,
"print(f""Notification fanout partition: {partition_id}"")",0.30,,
"logger.warning(""Ledger posting is using source %s"", source_name)",0.30,,
"logger.info(""Geocoding batch region: %s"", region)",0.30,,
"logger.info(""User provisioning configuration: mode=%s"", mode)",0.35,,
"print(f""Recommendation refresh timeout: {timeout_seconds}s"")",0.35,,
"logger.info(""Security scan configured with %d workers"", worker_count)",0.35,,
"logger.info(""Sensor ingestion feature flag: %s"", feature_flag)",0.35,,
"print(f""Ad attribution batch size: {batch_size}"")",0.35,,
"logger.warning(""Knowledge import running with dry_run=%s"", dry_run)",0.35,,
"logger.info(""Message replay selected strategy: %s"", strategy)",0.35,,
"logger.info(""Metric aggregation configuration: mode=%s"", mode)",0.35,,
"print(f""Web crawl timeout: {timeout_seconds}s"")",0.35,,
"logger.info(""Order import configured with %d workers"", worker_count)",0.35,,
"logger.info(""Backup upload feature flag: %s"", feature_flag)",0.35,,
"print(f""Audit cleanup batch size: {batch_size}"")",0.35,,
"logger.warning(""Cache warming running with dry_run=%s"", dry_run)",0.35,,
"logger.info(""Translation job selected strategy: %s"", strategy)",0.35,,
"logger.info(""File conversion configuration: mode=%s"", mode)",0.35,,
"print(f""Calendar import timeout: {timeout_seconds}s"")",0.35,,
"logger.info(""Quality validation configured with %d workers"", worker_count)",0.35,,
"logger.info(""Video transcoding feature flag: %s"", feature_flag)",0.35,,
"print(f""Tax calculation batch size: {batch_size}"")",0.35,,
"logger.warning(""Form submission running with dry_run=%s"", dry_run)",0.35,,
"logger.info(""Profile enrichment selected strategy: %s"", strategy)",0.35,,
"logger.info(""Survey analysis configuration: mode=%s"", mode)",0.35,,
"print(f""Invoice export timeout: {timeout_seconds}s"")",0.35,,
"logger.info(""Payment reconciliation configured with %d workers"", worker_count)",0.35,,
"logger.info(""Feature extraction feature flag: %s"", feature_flag)",0.35,,
"print(f""Document parsing batch size: {batch_size}"")",0.35,,
"logger.warning(""ETL pipeline running with dry_run=%s"", dry_run)",0.35,,
"logger.info(""Model evaluation selected strategy: %s"", strategy)",0.35,,
"logger.info(""Contract renewal configuration: mode=%s"", mode)",0.35,,
"print(f""Shipment tracking timeout: {timeout_seconds}s"")",0.35,,
"logger.info(""Coupon activation configured with %d workers"", worker_count)",0.35,,
"logger.info(""Subscription billing feature flag: %s"", feature_flag)",0.35,,
"print(f""Thumbnail generation batch size: {batch_size}"")",0.35,,
"logger.warning(""Price update running with dry_run=%s"", dry_run)",0.35,,
"logger.info(""Alert routing selected strategy: %s"", strategy)",0.35,,
"logger.info(""Search indexing configuration: mode=%s"", mode)",0.35,,
"print(f""Report generation timeout: {timeout_seconds}s"")",0.35,,
"logger.info(""Log archival configured with %d workers"", worker_count)",0.35,,
"logger.info(""Inventory update feature flag: %s"", feature_flag)",0.35,,
"print(f""Session cleanup batch size: {batch_size}"")",0.35,,
"logger.warning(""Feed aggregation running with dry_run=%s"", dry_run)",0.35,,
"logger.info(""Playlist import selected strategy: %s"", strategy)",0.35,,
"logger.info(""Compliance export configuration: mode=%s"", mode)",0.35,,
"print(f""Warehouse allocation timeout: {timeout_seconds}s"")",0.35,,
"logger.info(""Certificate renewal configured with %d workers"", worker_count)",0.35,,
"logger.info(""Schema validation feature flag: %s"", feature_flag)",0.35,,
"print(f""Mobile build batch size: {batch_size}"")",0.35,,
"logger.warning(""Customer sync running with dry_run=%s"", dry_run)",0.35,,
"logger.info(""Email delivery selected strategy: %s"", strategy)",0.35,,
"logger.info(""Data migration configuration: mode=%s"", mode)",0.35,,
"print(f""Webhook dispatch timeout: {timeout_seconds}s"")",0.35,,
"logger.info(""Notification fanout configured with %d workers"", worker_count)",0.35,,
"logger.info(""Ledger posting feature flag: %s"", feature_flag)",0.35,,
"print(f""Geocoding batch batch size: {batch_size}"")",0.35,,
"logger.warning(""Token rotation running with dry_run=%s"", dry_run)",0.35,,
"logger.info(""DNS refresh selected strategy: %s"", strategy)",0.35,,
"logger.info(""Anomaly detection configuration: mode=%s"", mode)",0.35,,
"print(f""Marketplace sync timeout: {timeout_seconds}s"")",0.35,,
"logger.info(""Access review configured with %d workers"", worker_count)",0.35,,
"logger.info(""Database restore feature flag: %s"", feature_flag)",0.35,,
"print(f""Image resize batch size: {batch_size}"")",0.35,,
"logger.warning(""Catalog refresh running with dry_run=%s"", dry_run)",0.35,,
"logger.info(""Fraud screening selected strategy: %s"", strategy)",0.35,,
"print(f""User provisioning timeout: {timeout_seconds}s"")",0.35,,
"print(f""Order import using limit={limit}"")",0.40,,
"logger.info(""Backup upload option %s=%r"", option_name, option_value)",0.40,,
"print(f""Audit cleanup locale={locale}"")",0.40,,
"logger.info(""Cache warming settings: %r"", settings)",0.40,,
"print(f""Translation job cache_enabled={cache_enabled}"")",0.40,,
"logger.warning(""File conversion override=%s"", override_enabled)",0.40,,
"logger.info(""Calendar import filter: %s"", filter_expression)",0.40,,
"print(f""Quality validation using limit={limit}"")",0.40,,
"logger.info(""Video transcoding option %s=%r"", option_name, option_value)",0.40,,
"print(f""Tax calculation locale={locale}"")",0.40,,
"logger.info(""Form submission settings: %r"", settings)",0.40,,
"print(f""Profile enrichment cache_enabled={cache_enabled}"")",0.40,,
"logger.warning(""Survey analysis override=%s"", override_enabled)",0.40,,
"logger.info(""Invoice export filter: %s"", filter_expression)",0.40,,
"print(f""Payment reconciliation using limit={limit}"")",0.40,,
"logger.info(""Feature extraction option %s=%r"", option_name, option_value)",0.40,,
"print(f""Document parsing locale={locale}"")",0.40,,
"logger.info(""ETL pipeline settings: %r"", settings)",0.40,,
"print(f""Model evaluation cache_enabled={cache_enabled}"")",0.40,,
"logger.warning(""Contract renewal override=%s"", override_enabled)",0.40,,
"logger.info(""Shipment tracking filter: %s"", filter_expression)",0.40,,
"print(f""Coupon activation using limit={limit}"")",0.40,,
"logger.info(""Subscription billing option %s=%r"", option_name, option_value)",0.40,,
"print(f""Thumbnail generation locale={locale}"")",0.40,,
"logger.info(""Price update settings: %r"", settings)",0.40,,
"print(f""Alert routing cache_enabled={cache_enabled}"")",0.40,,
"logger.warning(""Search indexing override=%s"", override_enabled)",0.40,,
"logger.info(""Report generation filter: %s"", filter_expression)",0.40,,
"print(f""Log archival using limit={limit}"")",0.40,,
"logger.info(""Inventory update option %s=%r"", option_name, option_value)",0.40,,
"print(f""Session cleanup locale={locale}"")",0.40,,
"logger.info(""Feed aggregation settings: %r"", settings)",0.40,,
"print(f""Playlist import cache_enabled={cache_enabled}"")",0.40,,
"logger.warning(""Compliance export override=%s"", override_enabled)",0.40,,
"logger.info(""Warehouse allocation filter: %s"", filter_expression)",0.40,,
"print(f""Certificate renewal using limit={limit}"")",0.40,,
"logger.info(""Schema validation option %s=%r"", option_name, option_value)",0.40,,
"print(f""Mobile build locale={locale}"")",0.40,,
"logger.info(""Customer sync settings: %r"", settings)",0.40,,
"print(f""Email delivery cache_enabled={cache_enabled}"")",0.40,,
"logger.warning(""Data migration override=%s"", override_enabled)",0.40,,
"logger.info(""Webhook dispatch filter: %s"", filter_expression)",0.40,,
"print(f""Notification fanout using limit={limit}"")",0.40,,
"logger.info(""Ledger posting option %s=%r"", option_name, option_value)",0.40,,
"print(f""Geocoding batch locale={locale}"")",0.40,,
"logger.info(""Token rotation settings: %r"", settings)",0.40,,
"print(f""DNS refresh cache_enabled={cache_enabled}"")",0.40,,
"logger.warning(""Anomaly detection override=%s"", override_enabled)",0.40,,
"logger.info(""Marketplace sync filter: %s"", filter_expression)",0.40,,
"print(f""Access review using limit={limit}"")",0.40,,
"logger.info(""Database restore option %s=%r"", option_name, option_value)",0.40,,
"print(f""Image resize locale={locale}"")",0.40,,
"logger.info(""Catalog refresh settings: %r"", settings)",0.40,,
"print(f""Fraud screening cache_enabled={cache_enabled}"")",0.40,,
"logger.warning(""User provisioning override=%s"", override_enabled)",0.40,,
"logger.info(""Recommendation refresh filter: %s"", filter_expression)",0.40,,
"print(f""Security scan using limit={limit}"")",0.40,,
"logger.info(""Sensor ingestion option %s=%r"", option_name, option_value)",0.40,,
"print(f""Ad attribution locale={locale}"")",0.40,,
"logger.info(""Knowledge import settings: %r"", settings)",0.40,,
"print(f""Message replay cache_enabled={cache_enabled}"")",0.40,,
"logger.warning(""Metric aggregation override=%s"", override_enabled)",0.40,,
"logger.info(""Web crawl filter: %s"", filter_expression)",0.40,,
"logger.warning(""Tax calculation temporary flag is %s"", temporary_flag)",0.45,,
"print(f""Form submission retry={retry_enabled}"")",0.45,,
"logger.info(""Profile enrichment uses experimental=%s"", experimental)",0.45,,
"logger.warning(""Survey analysis fallback=%s"", fallback_enabled)",0.45,,
"print(f""Invoice export cache key: {cache_key}"")",0.45,,
"logger.info(""Payment reconciliation selected handler: %s"", handler_name)",0.45,,
"print(f""Feature extraction token present: {bool(token)}"")",0.45,,
"logger.warning(""Document parsing temporary flag is %s"", temporary_flag)",0.45,,
"print(f""ETL pipeline retry={retry_enabled}"")",0.45,,
"logger.info(""Model evaluation uses experimental=%s"", experimental)",0.45,,
"logger.warning(""Contract renewal fallback=%s"", fallback_enabled)",0.45,,
"print(f""Shipment tracking cache key: {cache_key}"")",0.45,,
"logger.info(""Coupon activation selected handler: %s"", handler_name)",0.45,,
"print(f""Subscription billing token present: {bool(token)}"")",0.45,,
"logger.warning(""Thumbnail generation temporary flag is %s"", temporary_flag)",0.45,,
"print(f""Price update retry={retry_enabled}"")",0.45,,
"logger.info(""Alert routing uses experimental=%s"", experimental)",0.45,,
"logger.warning(""Search indexing fallback=%s"", fallback_enabled)",0.45,,
"print(f""Report generation cache key: {cache_key}"")",0.45,,
"logger.info(""Log archival selected handler: %s"", handler_name)",0.45,,
"print(f""Inventory update token present: {bool(token)}"")",0.45,,
"logger.warning(""Session cleanup temporary flag is %s"", temporary_flag)",0.45,,
"print(f""Feed aggregation retry={retry_enabled}"")",0.45,,
"logger.info(""Playlist import uses experimental=%s"", experimental)",0.45,,
"logger.warning(""Compliance export fallback=%s"", fallback_enabled)",0.45,,
"print(f""Warehouse allocation cache key: {cache_key}"")",0.45,,
"logger.info(""Certificate renewal selected handler: %s"", handler_name)",0.45,,
"print(f""Schema validation token present: {bool(token)}"")",0.45,,
"logger.warning(""Mobile build temporary flag is %s"", temporary_flag)",0.45,,
"print(f""Customer sync retry={retry_enabled}"")",0.45,,
"logger.info(""Email delivery uses experimental=%s"", experimental)",0.45,,
"logger.warning(""Data migration fallback=%s"", fallback_enabled)",0.45,,
"print(f""Webhook dispatch cache key: {cache_key}"")",0.45,,
"logger.info(""Notification fanout selected handler: %s"", handler_name)",0.45,,
"print(f""Ledger posting token present: {bool(token)}"")",0.45,,
"logger.warning(""Geocoding batch temporary flag is %s"", temporary_flag)",0.45,,
"print(f""Token rotation retry={retry_enabled}"")",0.45,,
"logger.info(""DNS refresh uses experimental=%s"", experimental)",0.45,,
"logger.warning(""Anomaly detection fallback=%s"", fallback_enabled)",0.45,,
"print(f""Marketplace sync cache key: {cache_key}"")",0.45,,
"logger.info(""Access review selected handler: %s"", handler_name)",0.45,,
"print(f""Database restore token present: {bool(token)}"")",0.45,,
"logger.warning(""Image resize temporary flag is %s"", temporary_flag)",0.45,,
"print(f""Catalog refresh retry={retry_enabled}"")",0.45,,
"logger.info(""Fraud screening uses experimental=%s"", experimental)",0.45,,
"logger.warning(""User provisioning fallback=%s"", fallback_enabled)",0.45,,
"print(f""Recommendation refresh cache key: {cache_key}"")",0.45,,
"logger.info(""Security scan selected handler: %s"", handler_name)",0.45,,
"print(f""Sensor ingestion token present: {bool(token)}"")",0.45,,
"logger.warning(""Ad attribution temporary flag is %s"", temporary_flag)",0.45,,
"print(f""Knowledge import retry={retry_enabled}"")",0.45,,
"logger.info(""Message replay uses experimental=%s"", experimental)",0.45,,
"logger.warning(""Metric aggregation fallback=%s"", fallback_enabled)",0.45,,
"print(f""Web crawl cache key: {cache_key}"")",0.45,,
"logger.info(""Order import selected handler: %s"", handler_name)",0.45,,
"print(f""Backup upload token present: {bool(token)}"")",0.45,,
"logger.warning(""Audit cleanup temporary flag is %s"", temporary_flag)",0.45,,
"print(f""Cache warming retry={retry_enabled}"")",0.45,,
"logger.info(""Translation job uses experimental=%s"", experimental)",0.45,,
"logger.warning(""File conversion fallback=%s"", fallback_enabled)",0.45,,
"print(f""Calendar import cache key: {cache_key}"")",0.45,,
"logger.info(""Quality validation selected handler: %s"", handler_name)",0.45,,
"print(f""Video transcoding token present: {bool(token)}"")",0.45,,
"logger.info(""Model evaluation stage: %s"", stage)",0.50,,
"print(f""Contract renewal marker: {marker}"")",0.50,,
"logger.info(""Shipment tracking reached %s"", checkpoint)",0.50,,
"print(f""Coupon activation step {step_number}"")",0.50,,
"logger.info(""Subscription billing branch: %s"", branch_name)",0.50,,
"logger.warning(""Thumbnail generation at checkpoint %s"", checkpoint)",0.50,,
"print(""Price update continuing"")",0.50,,
"logger.info(""Alert routing stage: %s"", stage)",0.50,,
"print(f""Search indexing marker: {marker}"")",0.50,,
"logger.info(""Report generation reached %s"", checkpoint)",0.50,,
"print(f""Log archival step {step_number}"")",0.50,,
"logger.info(""Inventory update branch: %s"", branch_name)",0.50,,
"logger.warning(""Session cleanup at checkpoint %s"", checkpoint)",0.50,,
"print(""Feed aggregation continuing"")",0.50,,
"logger.info(""Playlist import stage: %s"", stage)",0.50,,
"print(f""Compliance export marker: {marker}"")",0.50,,
"logger.info(""Warehouse allocation reached %s"", checkpoint)",0.50,,
"print(f""Certificate renewal step {step_number}"")",0.50,,
"logger.info(""Schema validation branch: %s"", branch_name)",0.50,,
"logger.warning(""Mobile build at checkpoint %s"", checkpoint)",0.50,,
"print(""Customer sync continuing"")",0.50,,
"logger.info(""Email delivery stage: %s"", stage)",0.50,,
"print(f""Data migration marker: {marker}"")",0.50,,
"logger.info(""Webhook dispatch reached %s"", checkpoint)",0.50,,
"print(f""Notification fanout step {step_number}"")",0.50,,
"logger.info(""Ledger posting branch: %s"", branch_name)",0.50,,
"logger.warning(""Geocoding batch at checkpoint %s"", checkpoint)",0.50,,
"print(""Token rotation continuing"")",0.50,,
"logger.info(""DNS refresh stage: %s"", stage)",0.50,,
"print(f""Anomaly detection marker: {marker}"")",0.50,,
"logger.info(""Marketplace sync reached %s"", checkpoint)",0.50,,
"print(f""Access review step {step_number}"")",0.50,,
"logger.info(""Database restore branch: %s"", branch_name)",0.50,,
"logger.warning(""Image resize at checkpoint %s"", checkpoint)",0.50,,
"print(""Catalog refresh continuing"")",0.50,,
"logger.info(""Fraud screening stage: %s"", stage)",0.50,,
"print(f""User provisioning marker: {marker}"")",0.50,,
"logger.info(""Recommendation refresh reached %s"", checkpoint)",0.50,,
"print(f""Security scan step {step_number}"")",0.50,,
"logger.info(""Sensor ingestion branch: %s"", branch_name)",0.50,,
"logger.warning(""Ad attribution at checkpoint %s"", checkpoint)",0.50,,
"print(""Knowledge import continuing"")",0.50,,
"logger.info(""Message replay stage: %s"", stage)",0.50,,
"print(f""Metric aggregation marker: {marker}"")",0.50,,
"logger.info(""Web crawl reached %s"", checkpoint)",0.50,,
"print(f""Order import step {step_number}"")",0.50,,
"logger.info(""Backup upload branch: %s"", branch_name)",0.50,,
"logger.warning(""Audit cleanup at checkpoint %s"", checkpoint)",0.50,,
"print(""Cache warming continuing"")",0.50,,
"logger.info(""Translation job stage: %s"", stage)",0.50,,
"print(f""File conversion marker: {marker}"")",0.50,,
"logger.info(""Calendar import reached %s"", checkpoint)",0.50,,
"print(f""Quality validation step {step_number}"")",0.50,,
"logger.info(""Video transcoding branch: %s"", branch_name)",0.50,,
"logger.warning(""Tax calculation at checkpoint %s"", checkpoint)",0.50,,
"print(""Form submission continuing"")",0.50,,
"logger.info(""Profile enrichment stage: %s"", stage)",0.50,,
"print(f""Survey analysis marker: {marker}"")",0.50,,
"logger.info(""Invoice export reached %s"", checkpoint)",0.50,,
"print(f""Payment reconciliation step {step_number}"")",0.50,,
"logger.info(""Feature extraction branch: %s"", branch_name)",0.50,,
"logger.warning(""Document parsing at checkpoint %s"", checkpoint)",0.50,,
"print(""ETL pipeline continuing"")",0.50,,
"print(f""Model evaluation marker: {marker}"")",0.50,,
"print(f""Report generation intermediate total: {intermediate_total}"")",0.55,,
"logger.info(""Log archival intermediate result: %r"", intermediate_result)",0.55,,
"print(f""Inventory update partial records: {partial_count}"")",0.55,,
"logger.info(""Session cleanup temporary score: %.3f"", temporary_score)",0.55,,
"print(f""Feed aggregation last result: {last_result}"")",0.55,,
"logger.warning(""Playlist import provisional value: %r"", provisional_value)",0.55,,
"logger.info(""Compliance export running total: %d"", running_total)",0.55,,
"print(f""Warehouse allocation intermediate total: {intermediate_total}"")",0.55,,
"logger.info(""Certificate renewal intermediate result: %r"", intermediate_result)",0.55,,
"print(f""Schema validation partial schemas: {partial_count}"")",0.55,,
"logger.info(""Mobile build temporary score: %.3f"", temporary_score)",0.55,,
"print(f""Customer sync last result: {last_result}"")",0.55,,
"logger.warning(""Email delivery provisional value: %r"", provisional_value)",0.55,,
"logger.info(""Data migration running total: %d"", running_total)",0.55,,
"print(f""Webhook dispatch intermediate total: {intermediate_total}"")",0.55,,
"logger.info(""Notification fanout intermediate result: %r"", intermediate_result)",0.55,,
"print(f""Ledger posting partial entries: {partial_count}"")",0.55,,
"logger.info(""Geocoding batch temporary score: %.3f"", temporary_score)",0.55,,
"print(f""Token rotation last result: {last_result}"")",0.55,,
"logger.warning(""DNS refresh provisional value: %r"", provisional_value)",0.55,,
"logger.info(""Anomaly detection running total: %d"", running_total)",0.55,,
"print(f""Marketplace sync intermediate total: {intermediate_total}"")",0.55,,
"logger.info(""Access review intermediate result: %r"", intermediate_result)",0.55,,
"print(f""Database restore partial segments: {partial_count}"")",0.55,,
"logger.info(""Image resize temporary score: %.3f"", temporary_score)",0.55,,
"print(f""Catalog refresh last result: {last_result}"")",0.55,,
"logger.warning(""Fraud screening provisional value: %r"", provisional_value)",0.55,,
"logger.info(""User provisioning running total: %d"", running_total)",0.55,,
"print(f""Recommendation refresh intermediate total: {intermediate_total}"")",0.55,,
"logger.info(""Security scan intermediate result: %r"", intermediate_result)",0.55,,
"print(f""Sensor ingestion partial readings: {partial_count}"")",0.55,,
"logger.info(""Ad attribution temporary score: %.3f"", temporary_score)",0.55,,
"print(f""Knowledge import last result: {last_result}"")",0.55,,
"logger.warning(""Message replay provisional value: %r"", provisional_value)",0.55,,
"logger.info(""Metric aggregation running total: %d"", running_total)",0.55,,
"print(f""Web crawl intermediate total: {intermediate_total}"")",0.55,,
"logger.info(""Order import intermediate result: %r"", intermediate_result)",0.55,,
"print(f""Backup upload partial archives: {partial_count}"")",0.55,,
"logger.info(""Audit cleanup temporary score: %.3f"", temporary_score)",0.55,,
"print(f""Cache warming last result: {last_result}"")",0.55,,
"logger.warning(""Translation job provisional value: %r"", provisional_value)",0.55,,
"logger.info(""File conversion running total: %d"", running_total)",0.55,,
"print(f""Calendar import intermediate total: {intermediate_total}"")",0.55,,
"logger.info(""Quality validation intermediate result: %r"", intermediate_result)",0.55,,
"print(f""Video transcoding partial videos: {partial_count}"")",0.55,,
"logger.info(""Tax calculation temporary score: %.3f"", temporary_score)",0.55,,
"print(f""Form submission last result: {last_result}"")",0.55,,
"logger.warning(""Profile enrichment provisional value: %r"", provisional_value)",0.55,,
"logger.info(""Survey analysis running total: %d"", running_total)",0.55,,
"print(f""Invoice export intermediate total: {intermediate_total}"")",0.55,,
"logger.info(""Payment reconciliation intermediate result: %r"", intermediate_result)",0.55,,
"print(f""Feature extraction partial features: {partial_count}"")",0.55,,
"logger.info(""Document parsing temporary score: %.3f"", temporary_score)",0.55,,
"print(f""ETL pipeline last result: {last_result}"")",0.55,,
"logger.warning(""Model evaluation provisional value: %r"", provisional_value)",0.55,,
"logger.info(""Contract renewal running total: %d"", running_total)",0.55,,
"print(f""Shipment tracking intermediate total: {intermediate_total}"")",0.55,,
"logger.info(""Coupon activation intermediate result: %r"", intermediate_result)",0.55,,
"print(f""Subscription billing partial charges: {partial_count}"")",0.55,,
"logger.info(""Thumbnail generation temporary score: %.3f"", temporary_score)",0.55,,
"print(f""Price update last result: {last_result}"")",0.55,,
"logger.warning(""Alert routing provisional value: %r"", provisional_value)",0.55,,
"logger.info(""Search indexing running total: %d"", running_total)",0.55,,
"logger.info(""Schema validation sample: %r"", sample)",0.60,,
"print(f""Mobile build sample={sample}"")",0.60,,
"logger.info(""Customer sync preview: %s"", preview_text)",0.60,,
"print(f""Email delivery first item: {first_item}"")",0.60,,
"logger.info(""Data migration candidate: %r"", candidate)",0.60,,
"logger.warning(""Webhook dispatch test value: %r"", test_value)",0.60,,
"print(f""Notification fanout example: {example_value}"")",0.60,,
"logger.info(""Ledger posting sample: %r"", sample)",0.60,,
"print(f""Geocoding batch sample={sample}"")",0.60,,
"logger.info(""Token rotation preview: %s"", preview_text)",0.60,,
"print(f""DNS refresh first item: {first_item}"")",0.60,,
"logger.info(""Anomaly detection candidate: %r"", candidate)",0.60,,
"logger.warning(""Marketplace sync test value: %r"", test_value)",0.60,,
"print(f""Access review example: {example_value}"")",0.60,,
"logger.info(""Database restore sample: %r"", sample)",0.60,,
"print(f""Image resize sample={sample}"")",0.60,,
"logger.info(""Catalog refresh preview: %s"", preview_text)",0.60,,
"print(f""Fraud screening first item: {first_item}"")",0.60,,
"logger.info(""User provisioning candidate: %r"", candidate)",0.60,,
"logger.warning(""Recommendation refresh test value: %r"", test_value)",0.60,,
"print(f""Security scan example: {example_value}"")",0.60,,
"logger.info(""Sensor ingestion sample: %r"", sample)",0.60,,
"print(f""Ad attribution sample={sample}"")",0.60,,
"logger.info(""Knowledge import preview: %s"", preview_text)",0.60,,
"print(f""Message replay first item: {first_item}"")",0.60,,
"logger.info(""Metric aggregation candidate: %r"", candidate)",0.60,,
"logger.warning(""Web crawl test value: %r"", test_value)",0.60,,
"print(f""Order import example: {example_value}"")",0.60,,
"logger.info(""Backup upload sample: %r"", sample)",0.60,,
"print(f""Audit cleanup sample={sample}"")",0.60,,
"logger.info(""Cache warming preview: %s"", preview_text)",0.60,,
"print(f""Translation job first item: {first_item}"")",0.60,,
"logger.info(""File conversion candidate: %r"", candidate)",0.60,,
"logger.warning(""Calendar import test value: %r"", test_value)",0.60,,
"print(f""Quality validation example: {example_value}"")",0.60,,
"logger.info(""Video transcoding sample: %r"", sample)",0.60,,
"print(f""Tax calculation sample={sample}"")",0.60,,
"logger.info(""Form submission preview: %s"", preview_text)",0.60,,
"print(f""Profile enrichment first item: {first_item}"")",0.60,,
"logger.info(""Survey analysis candidate: %r"", candidate)",0.60,,
"logger.warning(""Invoice export test value: %r"", test_value)",0.60,,
"print(f""Payment reconciliation example: {example_value}"")",0.60,,
"logger.info(""Feature extraction sample: %r"", sample)",0.60,,
"print(f""Document parsing sample={sample}"")",0.60,,
"logger.info(""ETL pipeline preview: %s"", preview_text)",0.60,,
"print(f""Model evaluation first item: {first_item}"")",0.60,,
"logger.info(""Contract renewal candidate: %r"", candidate)",0.60,,
"logger.warning(""Shipment tracking test value: %r"", test_value)",0.60,,
"print(f""Coupon activation example: {example_value}"")",0.60,,
"logger.info(""Subscription billing sample: %r"", sample)",0.60,,
"print(f""Thumbnail generation sample={sample}"")",0.60,,
"logger.info(""Price update preview: %s"", preview_text)",0.60,,
"print(f""Alert routing first item: {first_item}"")",0.60,,
"logger.info(""Search indexing candidate: %r"", candidate)",0.60,,
"logger.warning(""Report generation test value: %r"", test_value)",0.60,,
"print(f""Log archival example: {example_value}"")",0.60,,
"logger.info(""Inventory update sample: %r"", sample)",0.60,,
"print(f""Session cleanup sample={sample}"")",0.60,,
"logger.info(""Feed aggregation preview: %s"", preview_text)",0.60,,
"print(f""Playlist import first item: {first_item}"")",0.60,,
"logger.info(""Compliance export candidate: %r"", candidate)",0.60,,
"logger.warning(""Warehouse allocation test value: %r"", test_value)",0.60,,
"print(f""Certificate renewal example: {example_value}"")",0.60,,
"logger.info(""Token rotation first tokens: %r"", items[0])",0.65,,
"print(f""DNS refresh first record: {records[0]}"")",0.65,,
"logger.info(""Anomaly detection last windows: %r"", items[-1])",0.65,,
"print(f""Marketplace sync selected item: {selected_item}"")",0.65,,
"logger.info(""Access review current payload: %r"", payload)",0.65,,
"logger.warning(""Database restore current response: %r"", response)",0.65,,
"print(f""Image resize object: {current_object}"")",0.65,,
"logger.info(""Catalog refresh first entries: %r"", items[0])",0.65,,
"print(f""Fraud screening first record: {records[0]}"")",0.65,,
"logger.info(""User provisioning last accounts: %r"", items[-1])",0.65,,
"print(f""Recommendation refresh selected item: {selected_item}"")",0.65,,
"logger.info(""Security scan current payload: %r"", payload)",0.65,,
"logger.warning(""Sensor ingestion current response: %r"", response)",0.65,,
"print(f""Ad attribution object: {current_object}"")",0.65,,
"logger.info(""Knowledge import first articles: %r"", items[0])",0.65,,
"print(f""Message replay first record: {records[0]}"")",0.65,,
"logger.info(""Metric aggregation last samples: %r"", items[-1])",0.65,,
"print(f""Web crawl selected item: {selected_item}"")",0.65,,
"logger.info(""Order import current payload: %r"", payload)",0.65,,
"logger.warning(""Backup upload current response: %r"", response)",0.65,,
"print(f""Audit cleanup object: {current_object}"")",0.65,,
"logger.info(""Cache warming first keys: %r"", items[0])",0.65,,
"print(f""Translation job first record: {records[0]}"")",0.65,,
"logger.info(""File conversion last files: %r"", items[-1])",0.65,,
"print(f""Calendar import selected item: {selected_item}"")",0.65,,
"logger.info(""Quality validation current payload: %r"", payload)",0.65,,
"logger.warning(""Video transcoding current response: %r"", response)",0.65,,
"print(f""Tax calculation object: {current_object}"")",0.65,,
"logger.info(""Form submission first responses: %r"", items[0])",0.65,,
"print(f""Profile enrichment first record: {records[0]}"")",0.65,,
"logger.info(""Survey analysis last answers: %r"", items[-1])",0.65,,
"print(f""Invoice export selected item: {selected_item}"")",0.65,,
"logger.info(""Payment reconciliation current payload: %r"", payload)",0.65,,
"logger.warning(""Feature extraction current response: %r"", response)",0.65,,
"print(f""Document parsing object: {current_object}"")",0.65,,
"logger.info(""ETL pipeline first records: %r"", items[0])",0.65,,
"print(f""Model evaluation first record: {records[0]}"")",0.65,,
"logger.info(""Contract renewal last contracts: %r"", items[-1])",0.65,,
"print(f""Shipment tracking selected item: {selected_item}"")",0.65,,
"logger.info(""Coupon activation current payload: %r"", payload)",0.65,,
"logger.warning(""Subscription billing current response: %r"", response)",0.65,,
"print(f""Thumbnail generation object: {current_object}"")",0.65,,
"logger.info(""Price update first prices: %r"", items[0])",0.65,,
"print(f""Alert routing first record: {records[0]}"")",0.65,,
"logger.info(""Search indexing last documents: %r"", items[-1])",0.65,,
"print(f""Report generation selected item: {selected_item}"")",0.65,,
"logger.info(""Log archival current payload: %r"", payload)",0.65,,
"logger.warning(""Inventory update current response: %r"", response)",0.65,,
"print(f""Session cleanup object: {current_object}"")",0.65,,
"logger.info(""Feed aggregation first items: %r"", items[0])",0.65,,
"print(f""Playlist import first record: {records[0]}"")",0.65,,
"logger.info(""Compliance export last records: %r"", items[-1])",0.65,,
"print(f""Warehouse allocation selected item: {selected_item}"")",0.65,,
"logger.info(""Certificate renewal current payload: %r"", payload)",0.65,,
"logger.warning(""Schema validation current response: %r"", response)",0.65,,
"print(f""Mobile build object: {current_object}"")",0.65,,
"logger.info(""Customer sync first profiles: %r"", items[0])",0.65,,
"print(f""Email delivery first record: {records[0]}"")",0.65,,
"logger.info(""Data migration last rows: %r"", items[-1])",0.65,,
"print(f""Webhook dispatch selected item: {selected_item}"")",0.65,,
"logger.info(""Notification fanout current payload: %r"", payload)",0.65,,
"logger.warning(""Ledger posting current response: %r"", response)",0.65,,
"print(f""Geocoding batch object: {current_object}"")",0.65,,
"print(f""Token rotation first record: {records[0]}"")",0.65,,
"print(f""User provisioning value={value}"")",0.70,,
"logger.info(""Recommendation refresh variable %s=%r"", variable_name, variable_value)",0.70,,
"print(f""Security scan count={count}"")",0.70,,
"logger.info(""Sensor ingestion state=%r"", state)",0.70,,
"print(f""Ad attribution index={index}"")",0.70,,
"logger.warning(""Knowledge import flag=%r"", flag)",0.70,,
"print(f""Message replay key={key}"")",0.70,,
"print(f""Metric aggregation value={value}"")",0.70,,
"logger.info(""Web crawl variable %s=%r"", variable_name, variable_value)",0.70,,
"print(f""Order import count={count}"")",0.70,,
"logger.info(""Backup upload state=%r"", state)",0.70,,
"print(f""Audit cleanup index={index}"")",0.70,,
"logger.warning(""Cache warming flag=%r"", flag)",0.70,,
"print(f""Translation job key={key}"")",0.70,,
"print(f""File conversion value={value}"")",0.70,,
"logger.info(""Calendar import variable %s=%r"", variable_name, variable_value)",0.70,,
"print(f""Quality validation count={count}"")",0.70,,
"logger.info(""Video transcoding state=%r"", state)",0.70,,
"print(f""Tax calculation index={index}"")",0.70,,
"logger.warning(""Form submission flag=%r"", flag)",0.70,,
"print(f""Profile enrichment key={key}"")",0.70,,
"print(f""Survey analysis value={value}"")",0.70,,
"logger.info(""Invoice export variable %s=%r"", variable_name, variable_value)",0.70,,
"print(f""Payment reconciliation count={count}"")",0.70,,
"logger.info(""Feature extraction state=%r"", state)",0.70,,
"print(f""Document parsing index={index}"")",0.70,,
"logger.warning(""ETL pipeline flag=%r"", flag)",0.70,,
"print(f""Model evaluation key={key}"")",0.70,,
"print(f""Contract renewal value={value}"")",0.70,,
"logger.info(""Shipment tracking variable %s=%r"", variable_name, variable_value)",0.70,,
"print(f""Coupon activation count={count}"")",0.70,,
"logger.info(""Subscription billing state=%r"", state)",0.70,,
"print(f""Thumbnail generation index={index}"")",0.70,,
"logger.warning(""Price update flag=%r"", flag)",0.70,,
"print(f""Alert routing key={key}"")",0.70,,
"print(f""Search indexing value={value}"")",0.70,,
"logger.info(""Report generation variable %s=%r"", variable_name, variable_value)",0.70,,
"print(f""Log archival count={count}"")",0.70,,
"logger.info(""Inventory update state=%r"", state)",0.70,,
"print(f""Session cleanup index={index}"")",0.70,,
"logger.warning(""Feed aggregation flag=%r"", flag)",0.70,,
"print(f""Playlist import key={key}"")",0.70,,
"print(f""Compliance export value={value}"")",0.70,,
"logger.info(""Warehouse allocation variable %s=%r"", variable_name, variable_value)",0.70,,
"print(f""Certificate renewal count={count}"")",0.70,,
"logger.info(""Schema validation state=%r"", state)",0.70,,
"print(f""Mobile build index={index}"")",0.70,,
"logger.warning(""Customer sync flag=%r"", flag)",0.70,,
"print(f""Email delivery key={key}"")",0.70,,
"print(f""Data migration value={value}"")",0.70,,
"logger.info(""Webhook dispatch variable %s=%r"", variable_name, variable_value)",0.70,,
"print(f""Notification fanout count={count}"")",0.70,,
"logger.info(""Ledger posting state=%r"", state)",0.70,,
"print(f""Geocoding batch index={index}"")",0.70,,
"logger.warning(""Token rotation flag=%r"", flag)",0.70,,
"print(f""DNS refresh key={key}"")",0.70,,
"print(f""Anomaly detection value={value}"")",0.70,,
"logger.info(""Marketplace sync variable %s=%r"", variable_name, variable_value)",0.70,,
"print(f""Access review count={count}"")",0.70,,
"logger.info(""Database restore state=%r"", state)",0.70,,
"print(f""Image resize index={index}"")",0.70,,
"logger.warning(""Catalog refresh flag=%r"", flag)",0.70,,
"print(f""Fraud screening key={key}"")",0.70,,
"logger.warning(""DEBUG Order import payload: %r"", payload)",0.75,,
"print(f""debug backup upload: {value}"")",0.75,,
"logger.info(""DEBUG Audit cleanup result=%r"", result)",0.75,,
"print(f""trace cache warming: {state}"")",0.75,,
"logger.warning(""DEBUG Translation job response=%r"", response)",0.75,,
"print(f""inspect file conversion: {item}"")",0.75,,
"logger.info(""DEBUG Calendar import count=%d"", count)",0.75,,
"logger.warning(""DEBUG Quality validation payload: %r"", payload)",0.75,,
"print(f""debug video transcoding: {value}"")",0.75,,
"logger.info(""DEBUG Tax calculation result=%r"", result)",0.75,,
"print(f""trace form submission: {state}"")",0.75,,
"logger.warning(""DEBUG Profile enrichment response=%r"", response)",0.75,,
"print(f""inspect survey analysis: {item}"")",0.75,,
"logger.info(""DEBUG Invoice export count=%d"", count)",0.75,,
"logger.warning(""DEBUG Payment reconciliation payload: %r"", payload)",0.75,,
"print(f""debug feature extraction: {value}"")",0.75,,
"logger.info(""DEBUG Document parsing result=%r"", result)",0.75,,
"print(f""trace ETL pipeline: {state}"")",0.75,,
"logger.warning(""DEBUG Model evaluation response=%r"", response)",0.75,,
"print(f""inspect contract renewal: {item}"")",0.75,,
"logger.info(""DEBUG Shipment tracking count=%d"", count)",0.75,,
"logger.warning(""DEBUG Coupon activation payload: %r"", payload)",0.75,,
"print(f""debug subscription billing: {value}"")",0.75,,
"logger.info(""DEBUG Thumbnail generation result=%r"", result)",0.75,,
"print(f""trace price update: {state}"")",0.75,,
"logger.warning(""DEBUG Alert routing response=%r"", response)",0.75,,
"print(f""inspect search indexing: {item}"")",0.75,,
"logger.info(""DEBUG Report generation count=%d"", count)",0.75,,
"logger.warning(""DEBUG Log archival payload: %r"", payload)",0.75,,
"print(f""debug inventory update: {value}"")",0.75,,
"logger.info(""DEBUG Session cleanup result=%r"", result)",0.75,,
"print(f""trace feed aggregation: {state}"")",0.75,,
"logger.warning(""DEBUG Playlist import response=%r"", response)",0.75,,
"print(f""inspect compliance export: {item}"")",0.75,,
"logger.info(""DEBUG Warehouse allocation count=%d"", count)",0.75,,
"logger.warning(""DEBUG Certificate renewal payload: %r"", payload)",0.75,,
"print(f""debug schema validation: {value}"")",0.75,,
"logger.info(""DEBUG Mobile build result=%r"", result)",0.75,,
"print(f""trace customer sync: {state}"")",0.75,,
"logger.warning(""DEBUG Email delivery response=%r"", response)",0.75,,
"print(f""inspect data migration: {item}"")",0.75,,
"logger.info(""DEBUG Webhook dispatch count=%d"", count)",0.75,,
"logger.warning(""DEBUG Notification fanout payload: %r"", payload)",0.75,,
"print(f""debug ledger posting: {value}"")",0.75,,
"logger.info(""DEBUG Geocoding batch result=%r"", result)",0.75,,
"print(f""trace token rotation: {state}"")",0.75,,
"logger.warning(""DEBUG DNS refresh response=%r"", response)",0.75,,
"print(f""inspect anomaly detection: {item}"")",0.75,,
"logger.info(""DEBUG Marketplace sync count=%d"", count)",0.75,,
"logger.warning(""DEBUG Access review payload: %r"", payload)",0.75,,
"print(f""debug database restore: {value}"")",0.75,,
"logger.info(""DEBUG Image resize result=%r"", result)",0.75,,
"print(f""trace catalog refresh: {state}"")",0.75,,
"logger.warning(""DEBUG Fraud screening response=%r"", response)",0.75,,
"print(f""inspect user provisioning: {item}"")",0.75,,
"logger.info(""DEBUG Recommendation refresh count=%d"", count)",0.75,,
"logger.warning(""DEBUG Security scan payload: %r"", payload)",0.75,,
"print(f""debug sensor ingestion: {value}"")",0.75,,
"logger.info(""DEBUG Ad attribution result=%r"", result)",0.75,,
"print(f""trace knowledge import: {state}"")",0.75,,
"logger.warning(""DEBUG Message replay response=%r"", response)",0.75,,
"print(f""inspect metric aggregation: {item}"")",0.75,,
"logger.info(""DEBUG Web crawl count=%d"", count)",0.75,,
"logger.info(""DEBUG: tax calculation value=%r"", value)",0.80,,
"print(f""DEBUG form submission: {payload}"")",0.80,,
"logger.info(""DEBUG: profile enrichment items=%r"", items)",0.80,,
"print(f""DEBUG survey analysis result={result}"")",0.80,,
"logger.warning(""DEBUG: invoice export data=%r"", data)",0.80,,
"print(f""DEBUG payment reconciliation response={response}"")",0.80,,
"logger.info(""DEBUG: feature extraction state=%r"", state)",0.80,,
"logger.info(""DEBUG: document parsing value=%r"", value)",0.80,,
"print(f""DEBUG ETL pipeline: {payload}"")",0.80,,
"logger.info(""DEBUG: model evaluation items=%r"", items)",0.80,,
"print(f""DEBUG contract renewal result={result}"")",0.80,,
"logger.warning(""DEBUG: shipment tracking data=%r"", data)",0.80,,
"print(f""DEBUG coupon activation response={response}"")",0.80,,
"logger.info(""DEBUG: subscription billing state=%r"", state)",0.80,,
"logger.info(""DEBUG: thumbnail generation value=%r"", value)",0.80,,
"print(f""DEBUG price update: {payload}"")",0.80,,
"logger.info(""DEBUG: alert routing items=%r"", items)",0.80,,
"print(f""DEBUG search indexing result={result}"")",0.80,,
"logger.warning(""DEBUG: report generation data=%r"", data)",0.80,,
"print(f""DEBUG log archival response={response}"")",0.80,,
"logger.info(""DEBUG: inventory update state=%r"", state)",0.80,,
"logger.info(""DEBUG: session cleanup value=%r"", value)",0.80,,
"print(f""DEBUG feed aggregation: {payload}"")",0.80,,
"logger.info(""DEBUG: playlist import items=%r"", items)",0.80,,
"print(f""DEBUG compliance export result={result}"")",0.80,,
"logger.warning(""DEBUG: warehouse allocation data=%r"", data)",0.80,,
"print(f""DEBUG certificate renewal response={response}"")",0.80,,
"logger.info(""DEBUG: schema validation state=%r"", state)",0.80,,
"logger.info(""DEBUG: mobile build value=%r"", value)",0.80,,
"print(f""DEBUG customer sync: {payload}"")",0.80,,
"logger.info(""DEBUG: email delivery items=%r"", items)",0.80,,
"print(f""DEBUG data migration result={result}"")",0.80,,
"logger.warning(""DEBUG: webhook dispatch data=%r"", data)",0.80,,
"print(f""DEBUG notification fanout response={response}"")",0.80,,
"logger.info(""DEBUG: ledger posting state=%r"", state)",0.80,,
"logger.info(""DEBUG: geocoding batch value=%r"", value)",0.80,,
"print(f""DEBUG token rotation: {payload}"")",0.80,,
"logger.info(""DEBUG: DNS refresh items=%r"", items)",0.80,,
"print(f""DEBUG anomaly detection result={result}"")",0.80,,
"logger.warning(""DEBUG: marketplace sync data=%r"", data)",0.80,,
"print(f""DEBUG access review response={response}"")",0.80,,
"logger.info(""DEBUG: database restore state=%r"", state)",0.80,,
"logger.info(""DEBUG: image resize value=%r"", value)",0.80,,
"print(f""DEBUG catalog refresh: {payload}"")",0.80,,
"logger.info(""DEBUG: fraud screening items=%r"", items)",0.80,,
"print(f""DEBUG user provisioning result={result}"")",0.80,,
"logger.warning(""DEBUG: recommendation refresh data=%r"", data)",0.80,,
"print(f""DEBUG security scan response={response}"")",0.80,,
"logger.info(""DEBUG: sensor ingestion state=%r"", state)",0.80,,
"logger.info(""DEBUG: ad attribution value=%r"", value)",0.80,,
"print(f""DEBUG knowledge import: {payload}"")",0.80,,
"logger.info(""DEBUG: message replay items=%r"", items)",0.80,,
"print(f""DEBUG metric aggregation result={result}"")",0.80,,
"logger.warning(""DEBUG: web crawl data=%r"", data)",0.80,,
"print(f""DEBUG order import response={response}"")",0.80,,
"logger.info(""DEBUG: backup upload state=%r"", state)",0.80,,
"logger.info(""DEBUG: audit cleanup value=%r"", value)",0.80,,
"print(f""DEBUG cache warming: {payload}"")",0.80,,
"logger.info(""DEBUG: translation job items=%r"", items)",0.80,,
"print(f""DEBUG file conversion result={result}"")",0.80,,
"logger.warning(""DEBUG: calendar import data=%r"", data)",0.80,,
"print(f""DEBUG quality validation response={response}"")",0.80,,
"logger.info(""DEBUG: video transcoding state=%r"", state)",0.80,,
"print(f""trace model evaluation: {payload}"")",0.85,,
"logger.warning(""trace contract renewal: %r"", response)",0.85,,
"print(f""inspect shipment tracking: {data}"")",0.85,,
"logger.info(""trace coupon activation: %r"", items)",0.85,,
"print(f""temporary subscription billing: {temporary_value}"")",0.85,,
"logger.warning(""inspect thumbnail generation: %r"", current_value)",0.85,,
"print(f""raw price update: {raw_value}"")",0.85,,
"print(f""trace alert routing: {payload}"")",0.85,,
"logger.warning(""trace search indexing: %r"", response)",0.85,,
"print(f""inspect report generation: {data}"")",0.85,,
"logger.info(""trace log archival: %r"", items)",0.85,,
"print(f""temporary inventory update: {temporary_value}"")",0.85,,
"logger.warning(""inspect session cleanup: %r"", current_value)",0.85,,
"print(f""raw feed aggregation: {raw_value}"")",0.85,,
"print(f""trace playlist import: {payload}"")",0.85,,
"logger.warning(""trace compliance export: %r"", response)",0.85,,
"print(f""inspect warehouse allocation: {data}"")",0.85,,
"logger.info(""trace certificate renewal: %r"", items)",0.85,,
"print(f""temporary schema validation: {temporary_value}"")",0.85,,
"logger.warning(""inspect mobile build: %r"", current_value)",0.85,,
"print(f""raw customer sync: {raw_value}"")",0.85,,
"print(f""trace email delivery: {payload}"")",0.85,,
"logger.warning(""trace data migration: %r"", response)",0.85,,
"print(f""inspect webhook dispatch: {data}"")",0.85,,
"logger.info(""trace notification fanout: %r"", items)",0.85,,
"print(f""temporary ledger posting: {temporary_value}"")",0.85,,
"logger.warning(""inspect geocoding batch: %r"", current_value)",0.85,,
"print(f""raw token rotation: {raw_value}"")",0.85,,
"print(f""trace DNS refresh: {payload}"")",0.85,,
"logger.warning(""trace anomaly detection: %r"", response)",0.85,,
"print(f""inspect marketplace sync: {data}"")",0.85,,
"logger.info(""trace access review: %r"", items)",0.85,,
"print(f""temporary database restore: {temporary_value}"")",0.85,,
"logger.warning(""inspect image resize: %r"", current_value)",0.85,,
"print(f""raw catalog refresh: {raw_value}"")",0.85,,
"print(f""trace fraud screening: {payload}"")",0.85,,
"logger.warning(""trace user provisioning: %r"", response)",0.85,,
"print(f""inspect recommendation refresh: {data}"")",0.85,,
"logger.info(""trace security scan: %r"", items)",0.85,,
"print(f""temporary sensor ingestion: {temporary_value}"")",0.85,,
"logger.warning(""inspect ad attribution: %r"", current_value)",0.85,,
"print(f""raw knowledge import: {raw_value}"")",0.85,,
"print(f""trace message replay: {payload}"")",0.85,,
"logger.warning(""trace metric aggregation: %r"", response)",0.85,,
"print(f""inspect web crawl: {data}"")",0.85,,
"logger.info(""trace order import: %r"", items)",0.85,,
"print(f""temporary backup upload: {temporary_value}"")",0.85,,
"logger.warning(""inspect audit cleanup: %r"", current_value)",0.85,,
"print(f""raw cache warming: {raw_value}"")",0.85,,
"print(f""trace translation job: {payload}"")",0.85,,
"logger.warning(""trace file conversion: %r"", response)",0.85,,
"print(f""inspect calendar import: {data}"")",0.85,,
"logger.info(""trace quality validation: %r"", items)",0.85,,
"print(f""temporary video transcoding: {temporary_value}"")",0.85,,
"logger.warning(""inspect tax calculation: %r"", current_value)",0.85,,
"print(f""raw form submission: {raw_value}"")",0.85,,
"print(f""trace profile enrichment: {payload}"")",0.85,,
"logger.warning(""trace survey analysis: %r"", response)",0.85,,
"print(f""inspect invoice export: {data}"")",0.85,,
"logger.info(""trace payment reconciliation: %r"", items)",0.85,,
"print(f""temporary feature extraction: {temporary_value}"")",0.85,,
"logger.warning(""inspect document parsing: %r"", current_value)",0.85,,
"print(f""raw ETL pipeline: {raw_value}"")",0.85,,
"logger.error(""debug report generation response=%r"", response)",0.90,,
"print(f""debug log archival object={current_object}"")",0.90,,
"logger.warning(""debug inventory update payload=%r"", payload)",0.90,,
"print(f""trace session cleanup data={data}"")",0.90,,
"logger.info(""debug feed aggregation result=%r"", result)",0.90,,
"print(f""inspect playlist import state={state}"")",0.90,,
"logger.error(""debug compliance export value=%r"", value)",0.90,,
"logger.error(""debug warehouse allocation response=%r"", response)",0.90,,
"print(f""debug certificate renewal object={current_object}"")",0.90,,
"logger.warning(""debug schema validation payload=%r"", payload)",0.90,,
"print(f""trace mobile build data={data}"")",0.90,,
"logger.info(""debug customer sync result=%r"", result)",0.90,,
"print(f""inspect email delivery state={state}"")",0.90,,
"logger.error(""debug data migration value=%r"", value)",0.90,,
"logger.error(""debug webhook dispatch response=%r"", response)",0.90,,
"print(f""debug notification fanout object={current_object}"")",0.90,,
"logger.warning(""debug ledger posting payload=%r"", payload)",0.90,,
"print(f""trace geocoding batch data={data}"")",0.90,,
"logger.info(""debug token rotation result=%r"", result)",0.90,,
"print(f""inspect DNS refresh state={state}"")",0.90,,
"logger.error(""debug anomaly detection value=%r"", value)",0.90,,
"logger.error(""debug marketplace sync response=%r"", response)",0.90,,
"print(f""debug access review object={current_object}"")",0.90,,
"logger.warning(""debug database restore payload=%r"", payload)",0.90,,
"print(f""trace image resize data={data}"")",0.90,,
"logger.info(""debug catalog refresh result=%r"", result)",0.90,,
"print(f""inspect fraud screening state={state}"")",0.90,,
"logger.error(""debug user provisioning value=%r"", value)",0.90,,
"logger.error(""debug recommendation refresh response=%r"", response)",0.90,,
"print(f""debug security scan object={current_object}"")",0.90,,
"logger.warning(""debug sensor ingestion payload=%r"", payload)",0.90,,
"print(f""trace ad attribution data={data}"")",0.90,,
"logger.info(""debug knowledge import result=%r"", result)",0.90,,
"print(f""inspect message replay state={state}"")",0.90,,
"logger.error(""debug metric aggregation value=%r"", value)",0.90,,
"logger.error(""debug web crawl response=%r"", response)",0.90,,
"print(f""debug order import object={current_object}"")",0.90,,
"logger.warning(""debug backup upload payload=%r"", payload)",0.90,,
"print(f""trace audit cleanup data={data}"")",0.90,,
"logger.info(""debug cache warming result=%r"", result)",0.90,,
"print(f""inspect translation job state={state}"")",0.90,,
"logger.error(""debug file conversion value=%r"", value)",0.90,,
"logger.error(""debug calendar import response=%r"", response)",0.90,,
"print(f""debug quality validation object={current_object}"")",0.90,,
"logger.warning(""debug video transcoding payload=%r"", payload)",0.90,,
"print(f""trace tax calculation data={data}"")",0.90,,
"logger.info(""debug form submission result=%r"", result)",0.90,,
"print(f""inspect profile enrichment state={state}"")",0.90,,
"logger.error(""debug survey analysis value=%r"", value)",0.90,,
"logger.error(""debug invoice export response=%r"", response)",0.90,,
"print(f""debug payment reconciliation object={current_object}"")",0.90,,
"logger.warning(""debug feature extraction payload=%r"", payload)",0.90,,
"print(f""trace document parsing data={data}"")",0.90,,
"logger.info(""debug ETL pipeline result=%r"", result)",0.90,,
"print(f""inspect model evaluation state={state}"")",0.90,,
"logger.error(""debug contract renewal value=%r"", value)",0.90,,
"logger.error(""debug shipment tracking response=%r"", response)",0.90,,
"print(f""debug coupon activation object={current_object}"")",0.90,,
"logger.warning(""debug subscription billing payload=%r"", payload)",0.90,,
"print(f""trace thumbnail generation data={data}"")",0.90,,
"logger.info(""debug price update result=%r"", result)",0.90,,
"print(f""inspect alert routing state={state}"")",0.90,,
"logger.error(""debug search indexing value=%r"", value)",0.90,,
"print({""schema validation"": value})",0.95,,
"logger.info(""debug mobile build: %r"", value)",0.95,,
"print({""customer sync_payload"": payload})",0.95,,
"logger.warning(""debug email delivery: %r"", data)",0.95,,
"print({""data migration_result"": result})",0.95,,
"logger.error(""debug webhook dispatch: %r"", response)",0.95,,
"print({""notification fanout_state"": state})",0.95,,
"print({""ledger posting"": value})",0.95,,
"logger.info(""debug geocoding batch: %r"", value)",0.95,,
"print({""token rotation_payload"": payload})",0.95,,
"logger.warning(""debug DNS refresh: %r"", data)",0.95,,
"print({""anomaly detection_result"": result})",0.95,,
"logger.error(""debug marketplace sync: %r"", response)",0.95,,
"print({""access review_state"": state})",0.95,,
"print({""database restore"": value})",0.95,,
"logger.info(""debug image resize: %r"", value)",0.95,,
"print({""catalog refresh_payload"": payload})",0.95,,
"logger.warning(""debug fraud screening: %r"", data)",0.95,,
"print({""user provisioning_result"": result})",0.95,,
"logger.error(""debug recommendation refresh: %r"", response)",0.95,,
"print({""security scan_state"": state})",0.95,,
"print({""sensor ingestion"": value})",0.95,,
"logger.info(""debug ad attribution: %r"", value)",0.95,,
"print({""knowledge import_payload"": payload})",0.95,,
"logger.warning(""debug message replay: %r"", data)",0.95,,
"print({""metric aggregation_result"": result})",0.95,,
"logger.error(""debug web crawl: %r"", response)",0.95,,
"print({""order import_state"": state})",0.95,,
"print({""backup upload"": value})",0.95,,
"logger.info(""debug audit cleanup: %r"", value)",0.95,,
"print({""cache warming_payload"": payload})",0.95,,
"logger.warning(""debug translation job: %r"", data)",0.95,,
"print({""file conversion_result"": result})",0.95,,
"logger.error(""debug calendar import: %r"", response)",0.95,,
"print({""quality validation_state"": state})",0.95,,
"print({""video transcoding"": value})",0.95,,
"logger.info(""debug tax calculation: %r"", value)",0.95,,
"print({""form submission_payload"": payload})",0.95,,
"logger.warning(""debug profile enrichment: %r"", data)",0.95,,
"print({""survey analysis_result"": result})",0.95,,
"logger.error(""debug invoice export: %r"", response)",0.95,,
"print({""payment reconciliation_state"": state})",0.95,,
"print({""feature extraction"": value})",0.95,,
"logger.info(""debug document parsing: %r"", value)",0.95,,
"print({""ETL pipeline_payload"": payload})",0.95,,
"logger.warning(""debug model evaluation: %r"", data)",0.95,,
"print({""contract renewal_result"": result})",0.95,,
"logger.error(""debug shipment tracking: %r"", response)",0.95,,
"print({""coupon activation_state"": state})",0.95,,
"print({""subscription billing"": value})",0.95,,
"logger.info(""debug thumbnail generation: %r"", value)",0.95,,
"print({""price update_payload"": payload})",0.95,,
"logger.warning(""debug alert routing: %r"", data)",0.95,,
"print({""search indexing_result"": result})",0.95,,
"logger.error(""debug report generation: %r"", response)",0.95,,
"print({""log archival_state"": state})",0.95,,
"print({""inventory update"": value})",0.95,,
"logger.info(""debug session cleanup: %r"", value)",0.95,,
"print({""feed aggregation_payload"": payload})",0.95,,
"logger.warning(""debug playlist import: %r"", data)",0.95,,
"print({""compliance export_result"": result})",0.95,,
"logger.error(""debug warehouse allocation: %r"", response)",0.95,,
"print({""certificate renewal_state"": state})",0.95,,
"logger.debug(order_import_value)",1.0,,
"logger.debug(backup_upload_result)",1.0,,
"logger.debug(audit_cleanup_response)",1.0,,
"logger.debug(cache_warming_data)",1.0,,
"logger.debug(translation_job_items)",1.0,,
"logger.debug(file_conversion_payload)",1.0,,
"logger.debug(f""calendar import value={value}"")",1.0,,
"logger.debug(f""quality validation current_state={state}"")",1.0,,
"logger.debug(""video transcoding result=%r"", result)",1.0,,
"logger.debug(""tax calculation response=%r"", response)",1.0,,
"logger.debug(""form submission payload=%r"", payload)",1.0,,
"logger.debug({""operation"": ""profile enrichment"", ""vars"": vars()})",1.0,,
"logger.debug({""operation"": ""survey analysis"", ""locals"": locals()})",1.0,,
"logger.debug(list(invoice_export_records))",1.0,,
"logger.debug({""operation"": ""payment reconciliation"", ""value"": value})",1.0,,
"print(feature_extraction_value)",1.0,,
"print(document_parsing_result)",1.0,,
"print(ETL_pipeline_response)",1.0,,
"print(model_evaluation_data)",1.0,,
"print(contract_renewal_payload)",1.0,,
"print(shipment_tracking_items)",1.0,,
"print(f""coupon activation a={a}"")",1.0,,
"print(f""subscription billing value={value}"")",1.0,,
"print({""operation"": ""thumbnail generation"", ""vars"": vars()})",1.0,,
"print({""operation"": ""price update"", ""locals"": locals()})",1.0,,
"logger.debug(alert_routing_value)",1.0,,
"logger.debug(search_indexing_result)",1.0,,
"logger.debug(report_generation_response)",1.0,,
"logger.debug(log_archival_data)",1.0,,
"logger.debug(inventory_update_items)",1.0,,
"logger.debug(session_cleanup_payload)",1.0,,
"logger.debug(f""feed aggregation value={value}"")",1.0,,
"logger.debug(f""playlist import current_state={state}"")",1.0,,
"logger.debug(""compliance export result=%r"", result)",1.0,,
"logger.debug(""warehouse allocation response=%r"", response)",1.0,,
"logger.debug(""certificate renewal payload=%r"", payload)",1.0,,
"logger.debug({""operation"": ""schema validation"", ""vars"": vars()})",1.0,,
"logger.debug({""operation"": ""mobile build"", ""locals"": locals()})",1.0,,
"logger.debug(list(customer_sync_records))",1.0,,
"logger.debug({""operation"": ""email delivery"", ""value"": value})",1.0,,
"print(data_migration_value)",1.0,,
"print(webhook_dispatch_result)",1.0,,
"print(notification_fanout_response)",1.0,,
"print(ledger_posting_data)",1.0,,
"print(geocoding_batch_payload)",1.0,,
"print(token_rotation_items)",1.0,,
"print(f""DNS refresh a={a}"")",1.0,,
"print(f""anomaly detection value={value}"")",1.0,,
"print({""operation"": ""marketplace sync"", ""vars"": vars()})",1.0,,
"print({""operation"": ""access review"", ""locals"": locals()})",1.0,,
"logger.debug(database_restore_value)",1.0,,
"logger.debug(image_resize_result)",1.0,,
"logger.debug(catalog_refresh_response)",1.0,,
"logger.debug(fraud_screening_data)",1.0,,
"logger.debug(user_provisioning_items)",1.0,,
"logger.debug(recommendation_refresh_payload)",1.0,,
"logger.debug(f""security scan value={value}"")",1.0,,
"logger.debug(f""sensor ingestion current_state={state}"")",1.0,,
"logger.debug(""ad attribution result=%r"", result)",1.0,,
"logger.debug(""knowledge import response=%r"", response)",1.0,,
"logger.debug(""message replay payload=%r"", payload)",1.0,,
"logger.debug({""operation"": ""metric aggregation"", ""vars"": vars()})",1.0,,
"logger.debug({""operation"": ""web crawl"", ""locals"": locals()})",1.0,,
"logger.debug(list(order_import_records))",1.0,,
"logger.debug({""operation"": ""backup upload"", ""value"": value})",1.0,,
"print(audit_cleanup_value)",1.0,,
"print(cache_warming_result)",1.0,,
"print(translation_job_response)",1.0,,
"print(file_conversion_data)",1.0,,
"print(calendar_import_payload)",1.0,,
"print(quality_validation_items)",1.0,,
"print(f""video transcoding a={a}"")",1.0,,
"print(f""tax calculation value={value}"")",1.0,,
"print({""operation"": ""form submission"", ""vars"": vars()})",1.0,,
"print({""operation"": ""profile enrichment"", ""locals"": locals()})",1.0,,
"logger.debug(survey_analysis_value)",1.0,,
"logger.debug(invoice_export_result)",1.0,,
"logger.debug(payment_reconciliation_response)",1.0,,
"logger.debug(feature_extraction_data)",1.0,,
"logger.debug(document_parsing_items)",1.0,,
"logger.debug(ETL_pipeline_payload)",1.0,,
"logger.debug(f""model evaluation value={value}"")",1.0,,
"logger.debug(f""contract renewal current_state={state}"")",1.0,,
"logger.debug(""shipment tracking result=%r"", result)",1.0,,
"logger.debug(""coupon activation response=%r"", response)",1.0,,
"logger.debug(""subscription billing payload=%r"", payload)",1.0,,
"logger.debug({""operation"": ""thumbnail generation"", ""vars"": vars()})",1.0,,
"logger.debug({""operation"": ""price update"", ""locals"": locals()})",1.0,,
"logger.debug(list(alert_routing_records))",1.0,,
"logger.debug({""operation"": ""search indexing"", ""value"": value})",1.0,,
"print(report_generation_value)",1.0,,
"print(log_archival_result)",1.0,,
"print(inventory_update_response)",1.0,,
"print(session_cleanup_data)",1.0,,
"print(feed_aggregation_payload)",1.0,,
"print(playlist_import_items)",1.0,,
"print(f""compliance export a={a}"")",1.0,,
"print(f""warehouse allocation value={value}"")",1.0,,
"print({""operation"": ""certificate renewal"", ""vars"": vars()})",1.0,,
"print({""operation"": ""schema validation"", ""locals"": locals()})",1.0,,
"logger.debug(mobile_build_value)",1.0,,
"logger.debug(customer_sync_result)",1.0,,
"logger.debug(email_delivery_response)",1.0,,
"logger.debug(data_migration_data)",1.0,,
"logger.debug(webhook_dispatch_items)",1.0,,
"logger.debug(notification_fanout_payload)",1.0,,
"logger.debug(f""ledger posting value={value}"")",1.0,,
"logger.debug(f""geocoding batch current_state={state}"")",1.0,,
"logger.debug(""token rotation result=%r"", result)",1.0,,
"logger.debug(""DNS refresh response=%r"", response)",1.0,,
"logger.debug(""anomaly detection payload=%r"", payload)",1.0,,
"logger.debug({""operation"": ""marketplace sync"", ""vars"": vars()})",1.0,,
"logger.debug({""operation"": ""access review"", ""locals"": locals()})",1.0,,
"logger.debug(list(database_restore_records))",1.0,,
"logger.debug({""operation"": ""image resize"", ""value"": value})",1.0,,
"print(catalog_refresh_value)",1.0,,
"print(fraud_screening_result)",1.0,,
"print(user_provisioning_response)",1.0,,
"print(recommendation_refresh_data)",1.0,,
"print(security_scan_payload)",1.0,,
"print(sensor_ingestion_items)",1.0,,
"print(f""ad attribution a={a}"")",1.0,,
"print(f""knowledge import value={value}"")",1.0,,
"print({""operation"": ""message replay"", ""vars"": vars()})",1.0,,
"print({""operation"": ""metric aggregation"", ""locals"": locals()})",1.0,,
"logger.debug(web_crawl_value)",1.0,,
"logger.debug(order_import_result)",1.0,,
"logger.debug(backup_upload_response)",1.0,,
"logger.debug(audit_cleanup_data)",1.0,,
"logger.debug(cache_warming_items)",1.0,,
"logger.debug(translation_job_payload)",1.0,,
"logger.debug(f""file conversion value={value}"")",1.0,,
"logger.debug(f""calendar import current_state={state}"")",1.0,,
"logger.debug(""quality validation result=%r"", result)",1.0,,
"logger.debug(""video transcoding response=%r"", response)",1.0,,
"logger.debug(""tax calculation payload=%r"", payload)",1.0,,
"logger.debug({""operation"": ""form submission"", ""vars"": vars()})",1.0,,
"logger.debug({""operation"": ""profile enrichment"", ""locals"": locals()})",1.0,,
"logger.debug(list(survey_analysis_records))",1.0,,
"logger.debug({""operation"": ""invoice export"", ""value"": value})",1.0,,
"print(payment_reconciliation_value)",1.0,,
"print(feature_extraction_result)",1.0,,
"print(document_parsing_response)",1.0,,
"print(ETL_pipeline_data)",1.0,,
"print(model_evaluation_payload)",1.0,,
"print(contract_renewal_items)",1.0,,
"print(f""shipment tracking a={a}"")",1.0,,
"print(f""coupon activation value={value}"")",1.0,,
"print({""operation"": ""subscription billing"", ""vars"": vars()})",1.0,,
"print({""operation"": ""thumbnail generation"", ""locals"": locals()})",1.0,,
"logger.debug(price_update_value)",1.0,,
"logger.debug(alert_routing_result)",1.0,,
"logger.debug(search_indexing_response)",1.0,,
"logger.debug(report_generation_data)",1.0,,
"logger.debug(log_archival_items)",1.0,,
"logger.debug(inventory_update_payload)",1.0,,
"logger.debug(f""session cleanup value={value}"")",1.0,,
"logger.debug(f""feed aggregation current_state={state}"")",1.0,,
"logger.debug(""playlist import result=%r"", result)",1.0,,
"logger.debug(""compliance export response=%r"", response)",1.0,,
"logger.debug(""warehouse allocation payload=%r"", payload)",1.0,,
"logger.debug({""operation"": ""certificate renewal"", ""vars"": vars()})",1.0,,
"logger.debug({""operation"": ""schema validation"", ""locals"": locals()})",1.0,,
"logger.debug(list(mobile_build_records))",1.0,,
"logger.debug({""operation"": ""customer sync"", ""value"": value})",1.0,,
"print(email_delivery_value)",1.0,,
"print(data_migration_result)",1.0,,
"print(webhook_dispatch_response)",1.0,,
"print(notification_fanout_data)",1.0,,
"print(ledger_posting_payload)",1.0,,
"print(geocoding_batch_items)",1.0,,
"print(f""token rotation a={a}"")",1.0,,
"print(f""DNS refresh value={value}"")",1.0,,
"print({""operation"": ""anomaly detection"", ""vars"": vars()})",1.0,,
"print({""operation"": ""marketplace sync"", ""locals"": locals()})",1.0,,
"logger.debug(access_review_value)",1.0,,
"logger.debug(database_restore_result)",1.0,,
"logger.debug(image_resize_response)",1.0,,
"logger.debug(catalog_refresh_data)",1.0,,
"logger.debug(fraud_screening_items)",1.0,,
"logger.debug(user_provisioning_payload)",1.0,,
"logger.debug(f""recommendation refresh value={value}"")",1.0,,
"logger.debug(f""security scan current_state={state}"")",1.0,,
"logger.debug(""sensor ingestion result=%r"", result)",1.0,,
"logger.debug(""ad attribution response=%r"", response)",1.0,,
"logger.debug(""knowledge import payload=%r"", payload)",1.0,,
"logger.debug({""operation"": ""message replay"", ""vars"": vars()})",1.0,,
"logger.debug({""operation"": ""metric aggregation"", ""locals"": locals()})",1.0,,
"logger.debug(list(web_crawl_records))",1.0,,
"logger.debug({""operation"": ""order import"", ""value"": value})",1.0,,
"print(backup_upload_value)",1.0,,
"print(audit_cleanup_result)",1.0,,
"print(cache_warming_response)",1.0,,
"print(translation_job_data)",1.0,,
"print(file_conversion_payload)",1.0,,
"print(calendar_import_items)",1.0,,
"print(f""quality validation a={a}"")",1.0,,
"print(f""video transcoding value={value}"")",1.0,,
"print({""operation"": ""tax calculation"", ""vars"": vars()})",1.0,,
"print({""operation"": ""form submission"", ""locals"": locals()})",1.0,,
"logger.debug(profile_enrichment_value)",1.0,,
"logger.debug(survey_analysis_result)",1.0,,
"logger.debug(invoice_export_response)",1.0,,
"logger.debug(payment_reconciliation_data)",1.0,,
"logger.debug(feature_extraction_items)",1.0,,
"logger.debug(document_parsing_payload)",1.0,,
"logger.debug(f""ETL pipeline value={value}"")",1.0,,
"logger.debug(f""model evaluation current_state={state}"")",1.0,,
"logger.debug(""contract renewal result=%r"", result)",1.0,,
"logger.debug(""shipment tracking response=%r"", response)",1.0,,
"logger.debug(""coupon activation payload=%r"", payload)",1.0,,
"logger.debug({""operation"": ""subscription billing"", ""vars"": vars()})",1.0,,
"logger.debug({""operation"": ""thumbnail generation"", ""locals"": locals()})",1.0,,
"logger.debug(list(price_update_records))",1.0,,
"logger.debug({""operation"": ""alert routing"", ""value"": value})",1.0,,
"print(search_indexing_value)",1.0,,
"print(report_generation_result)",1.0,,
"print(log_archival_response)",1.0,,
"print(inventory_update_data)",1.0,,
"print(session_cleanup_payload)",1.0,,
"print(feed_aggregation_items)",1.0,,
"print(f""playlist import a={a}"")",1.0,,
"print(f""compliance export value={value}"")",1.0,,
"print({""operation"": ""warehouse allocation"", ""vars"": vars()})",1.0,,
"print({""operation"": ""certificate renewal"", ""locals"": locals()})",1.0,,
"logger.debug(schema_validation_value)",1.0,,
"logger.debug(mobile_build_result)",1.0,,
"logger.debug(customer_sync_response)",1.0,,
"logger.debug(email_delivery_data)",1.0,,
"logger.debug(data_migration_items)",1.0,,
"logger.debug(webhook_dispatch_payload)",1.0,,
"logger.debug(f""notification fanout value={value}"")",1.0,,
"logger.debug(f""ledger posting current_state={state}"")",1.0,,
"logger.debug(""geocoding batch result=%r"", result)",1.0,,
"logger.debug(""token rotation response=%r"", response)",1.0,,
"logger.debug(""DNS refresh payload=%r"", payload)",1.0,,
"logger.debug({""operation"": ""anomaly detection"", ""vars"": vars()})",1.0,,
"logger.debug({""operation"": ""marketplace sync"", ""locals"": locals()})",1.0,,
"logger.debug(list(access_review_records))",1.0,,
"logger.debug({""operation"": ""database restore"", ""value"": value})",1.0,,
"print(image_resize_value)",1.0,,
"print(catalog_refresh_result)",1.0,,
"print(fraud_screening_response)",1.0,,
"print(user_provisioning_data)",1.0,,
"print(recommendation_refresh_payload)",1.0,,
"print(security_scan_items)",1.0,,
"print(f""sensor ingestion a={a}"")",1.0,,
"print(f""ad attribution value={value}"")",1.0,,
"print({""operation"": ""knowledge import"", ""vars"": vars()})",1.0,,
"print({""operation"": ""message replay"", ""locals"": locals()})",1.0,,
"logger.debug(metric_aggregation_value)",1.0,,
"logger.debug(web_crawl_result)",1.0,,
"logger.debug(order_import_response)",1.0,,
"logger.debug(backup_upload_data)",1.0,,
"logger.debug(audit_cleanup_items)",1.0,,
"logger.debug(cache_warming_payload)",1.0,,
"logger.debug(f""translation job value={value}"")",1.0,,
"logger.debug(f""file conversion current_state={state}"")",1.0,,
"logger.debug(""calendar import result=%r"", result)",1.0,,
"logger.debug(""quality validation response=%r"", response)",1.0,,
"logger.debug(""video transcoding payload=%r"", payload)",1.0,,
"logger.debug({""operation"": ""tax calculation"", ""vars"": vars()})",1.0,,
"logger.debug({""operation"": ""form submission"", ""locals"": locals()})",1.0,,
"logger.debug(list(profile_enrichment_records))",1.0,,
"logger.debug({""operation"": ""survey analysis"", ""value"": value})",1.0,,
"print(invoice_export_value)",1.0,,
"print(payment_reconciliation_result)",1.0,,
"print(feature_extraction_response)",1.0,,
"print(document_parsing_data)",1.0,,
"print(ETL_pipeline_payload)",1.0,,
"print(model_evaluation_items)",1.0,,
"print(f""contract renewal a={a}"")",1.0,,
"print(f""shipment tracking value={value}"")",1.0,,
"print({""operation"": ""coupon activation"", ""vars"": vars()})",1.0,,
"print({""operation"": ""subscription billing"", ""locals"": locals()})",1.0,,
"logger.debug(thumbnail_generation_value)",1.0,,
"logger.debug(price_update_result)",1.0,,
"logger.debug(alert_routing_response)",1.0,,
"logger.debug(search_indexing_data)",1.0,,
"logger.debug(report_generation_items)",1.0,,
"logger.debug(log_archival_payload)",1.0,,
"logger.debug(f""inventory update value={value}"")",1.0,,
"logger.debug(f""session cleanup current_state={state}"")",1.0,,
"logger.debug(""feed aggregation result=%r"", result)",1.0,,
"logger.debug(""playlist import response=%r"", response)",1.0,,
"logger.debug(""compliance export payload=%r"", payload)",1.0,,
"logger.debug({""operation"": ""warehouse allocation"", ""vars"": vars()})",1.0,,
"logger.debug({""operation"": ""certificate renewal"", ""locals"": locals()})",1.0,,
"logger.debug(list(schema_validation_records))",1.0,,
"logger.debug({""operation"": ""mobile build"", ""value"": value})",1.0,,
"print(customer_sync_value)",1.0,,
"print(email_delivery_result)",1.0,,
"print(data_migration_response)",1.0,,
"print(webhook_dispatch_data)",1.0,,
"print(notification_fanout_payload)",1.0,,
"print(ledger_posting_items)",1.0,,
"print(f""geocoding batch a={a}"")",1.0,,
"print(f""token rotation value={value}"")",1.0,,
"print({""operation"": ""DNS refresh"", ""vars"": vars()})",1.0,,
"print({""operation"": ""anomaly detection"", ""locals"": locals()})",1.0,,
"logger.debug(marketplace_sync_value)",1.0,,
"logger.debug(access_review_result)",1.0,,
"logger.debug(database_restore_response)",1.0,,
"logger.debug(image_resize_data)",1.0,,
"logger.debug(catalog_refresh_items)",1.0,,
"logger.debug(fraud_screening_payload)",1.0,,
"logger.debug(f""user provisioning value={value}"")",1.0,,
"logger.debug(f""recommendation refresh current_state={state}"")",1.0,,
"logger.debug(""security scan result=%r"", result)",1.0,,
"logger.debug(""sensor ingestion response=%r"", response)",1.0,,
"logger.debug(""ad attribution payload=%r"", payload)",1.0,,
"logger.debug({""operation"": ""knowledge import"", ""vars"": vars()})",1.0,,
"logger.debug({""operation"": ""message replay"", ""locals"": locals()})",1.0,,
"logger.debug(list(metric_aggregation_records))",1.0,,
"logger.debug({""operation"": ""web crawl"", ""value"": value})",1.0,,
"print(order_import_value)",1.0,,
"print(backup_upload_result)",1.0,,
"print(audit_cleanup_response)",1.0,,
"print(cache_warming_data)",1.0,,
"print(translation_job_payload)",1.0,,
"print(file_conversion_items)",1.0,,
"print(f""calendar import a={a}"")",1.0,,
"print(f""quality validation value={value}"")",1.0,,
"print({""operation"": ""video transcoding"", ""vars"": vars()})",1.0,,
"print({""operation"": ""tax calculation"", ""locals"": locals()})",1.0,,
"logger.debug(form_submission_value)",1.0,,
"logger.debug(profile_enrichment_result)",1.0,,
"logger.debug(survey_analysis_response)",1.0,,
"logger.debug(invoice_export_data)",1.0,,
"logger.debug(payment_reconciliation_items)",1.0,,
"logger.debug(feature_extraction_payload)",1.0,,
"logger.debug(f""document parsing value={value}"")",1.0,,
"logger.debug(f""ETL pipeline current_state={state}"")",1.0,,
"logger.debug(""model evaluation result=%r"", result)",1.0,,
"logger.debug(""contract renewal response=%r"", response)",1.0,,
"logger.debug(""shipment tracking payload=%r"", payload)",1.0,,
"logger.debug({""operation"": ""coupon activation"", ""vars"": vars()})",1.0,,
"logger.debug({""operation"": ""subscription billing"", ""locals"": locals()})",1.0,,
"logger.debug(list(thumbnail_generation_records))",1.0,,
"logger.debug({""operation"": ""price update"", ""value"": value})",1.0,,
"print(alert_routing_value)",1.0,,
"print(search_indexing_result)",1.0,,
"print(report_generation_response)",1.0,,
"print(log_archival_data)",1.0,,
"print(inventory_update_payload)",1.0,,
"print(session_cleanup_items)",1.0,,
"print(f""feed aggregation a={a}"")",1.0,,
"print(f""playlist import value={value}"")",1.0,,
"print({""operation"": ""compliance export"", ""vars"": vars()})",1.0,,
"print({""operation"": ""warehouse allocation"", ""locals"": locals()})",1.0,,
"logger.debug(certificate_renewal_value)",1.0,,
"logger.debug(schema_validation_result)",1.0,,
"logger.debug(mobile_build_response)",1.0,,
"logger.debug(customer_sync_data)",1.0,,
"logger.debug(email_delivery_items)",1.0,,
"logger.debug(data_migration_payload)",1.0,,
"logger.debug(f""webhook dispatch value={value}"")",1.0,,
"logger.debug(f""notification fanout current_state={state}"")",1.0,,
"logger.debug(""ledger posting result=%r"", result)",1.0,,
"logger.debug(""geocoding batch response=%r"", response)",1.0,,
"logger.debug(""token rotation payload=%r"", payload)",1.0,,
"logger.debug({""operation"": ""DNS refresh"", ""vars"": vars()})",1.0,,
"logger.debug({""operation"": ""anomaly detection"", ""locals"": locals()})",1.0,,
"logger.debug(list(marketplace_sync_records))",1.0,,
"logger.debug({""operation"": ""access review"", ""value"": value})",1.0,,
"print(database_restore_value)",1.0,,
"print(image_resize_result)",1.0,,
"print(catalog_refresh_response)",1.0,,
"print(fraud_screening_data)",1.0,,
"print(user_provisioning_payload)",1.0,,
"print(recommendation_refresh_items)",1.0,,
"print(f""security scan a={a}"")",1.0,,
"print(f""sensor ingestion value={value}"")",1.0,,
"print({""operation"": ""ad attribution"", ""vars"": vars()})",1.0,,
"print({""operation"": ""knowledge import"", ""locals"": locals()})",1.0,,
"logger.debug(message_replay_value)",1.0,,
"logger.debug(metric_aggregation_result)",1.0,,
"logger.debug(web_crawl_response)",1.0,,
"logger.debug(order_import_data)",1.0,,
"logger.debug(backup_upload_items)",1.0,,
"logger.debug(audit_cleanup_payload)",1.0,,
"logger.debug(f""cache warming value={value}"")",1.0,,
"logger.debug(f""translation job current_state={state}"")",1.0,,
"logger.debug(""file conversion result=%r"", result)",1.0,,
"logger.debug(""calendar import response=%r"", response)",1.0,,
"logger.debug(""quality validation payload=%r"", payload)",1.0,,
"logger.debug({""operation"": ""video transcoding"", ""vars"": vars()})",1.0,,
"logger.debug({""operation"": ""tax calculation"", ""locals"": locals()})",1.0,,
"logger.debug(list(form_submission_records))",1.0,,
"logger.debug({""operation"": ""profile enrichment"", ""value"": value})",1.0,,
"print(survey_analysis_value)",1.0,,
"print(invoice_export_result)",1.0,,
"print(payment_reconciliation_response)",1.0,,
"print(feature_extraction_data)",1.0,,
"print(document_parsing_payload)",1.0,,
"print(ETL_pipeline_items)",1.0,,
"print(f""model evaluation a={a}"")",1.0,,
"print(f""contract renewal value={value}"")",1.0,,
"print({""operation"": ""shipment tracking"", ""vars"": vars()})",1.0,,
"print({""operation"": ""coupon activation"", ""locals"": locals()})",1.0,,
