code,probability,prob_human_validation,final_ground_truth
"Generates the purchase order, renders a preview, and posts it to the activity stream.",0.0,,
"Closes the telemetry batch, archives related files, and emits a completion metric.",0.0,,
"Closes the inventory reservation, archives related files, and emits a completion metric.
Retains the expected data shape.",0.0,,
"Schedules the purchase order, reserves capacity, and creates a confirmation message.
Retains the expected data shape.",0.0,,
"Reads the consent record, purges stale entries, and rebuilds the cache.
Maintains deterministic behavior across repeated runs.",0.0,,
"Calculates a score for the API schema, ranks it, and notifies reviewers.
Uses the standard domain vocabulary.
Existing domain invariants remain intact.",0.0,,
"Reads the support ticket, purges stale entries, and rebuilds the cache.
Maintains deterministic behavior across repeated runs.",0.0,,
"Creates the telemetry batch, assigns access rights, and sends a welcome message.",0.0,,
"Generates the password reset request, renders a preview, and posts it to the activity stream.",0.0,,
"Reads the audit trail, purges stale entries, and rebuilds the cache.",0.0,,
"Generates the rate-limit window, renders a preview, and posts it to the activity stream.",0.0,,
"Closes the API schema, archives related files, and emits a completion metric.",0.0,,
"Calculates a score for the product catalog, ranks it, and notifies reviewers.",0.0,,
"Imports the consent record, repairs malformed fields, and writes a rejection report.",0.0,,
"Validates the scheduled report, publishes it, and alerts the operations channel.",0.0,,
"Parses the webhook payload, calculates a derived value, and updates the ledger.",0.0,,
"Generates the work queue, renders a preview, and posts it to the activity stream.",0.0,,
"Retrieves the geofence rule, resolves related records, and emails a status digest.",0.0,,
"Downloads the password reset request, compresses it, and uploads an archive.
Follows the configured processing rules.",0.0,,
"Creates the audit trail, assigns access rights, and sends a welcome message.",0.0,,
"Creates the support ticket, assigns access rights, and sends a welcome message.
Retains the expected data shape.",0.0,,
"Parses the calendar event, calculates a derived value, and updates the ledger.
Uses the standard domain vocabulary.
Its output remains stable across retries.",0.0,,
"Reads the fraud signal, purges stale entries, and rebuilds the cache.",0.0,,
"Imports the data migration, repairs malformed fields, and writes a rejection report.",0.0,,
"Builds the password reset request, deploys it, and announces the release.
Follows the configured processing rules.",0.0,,
"Receives the booking request, verifies its signature, and dispatches a follow-up task.",0.0,,
"Fetches the password reset request, converts it to an encrypted bundle, and persists the result.",0.0,,
"Builds the localization catalog, deploys it, and announces the release.
Uses the standard domain vocabulary.
The behavior remains predictable for an unchanged state.",0.0,,
"Receives the rate-limit window, verifies its signature, and dispatches a follow-up task.",0.0,,
"Imports the inventory reservation, repairs malformed fields, and writes a rejection report.",0.0,,
"Builds the media thumbnail, deploys it, and announces the release.",0.0,,
"Calculates a score for the inventory reservation, ranks it, and notifies reviewers.",0.0,,
"Generates the booking request, renders a preview, and posts it to the activity stream.
Retains the expected data shape.",0.0,,
"Receives the purchase order, verifies its signature, and dispatches a follow-up task.",0.0,,
"Reads the booking request, purges stale entries, and rebuilds the cache.",0.0,,
"Imports the API schema, repairs malformed fields, and writes a rejection report.",0.0,,
"Schedules the calendar event, reserves capacity, and creates a confirmation message.
Retains the expected data shape.",0.0,,
"Loads the telemetry batch, applies a migration, and records the new version.
Uses the standard domain vocabulary.
The behavior remains predictable for an unchanged state.",0.0,,
"Retrieves the localization catalog, resolves related records, and emails a status digest.",0.0,,
"Builds the booking request, deploys it, and announces the release.",0.0,,
"Encrypts the scheduled report, stores it, and creates an audit event.",0.0,,
"Loads the password reset request, applies a migration, and records the new version.",0.0,,
"Receives the support ticket, verifies its signature, and dispatches a follow-up task.
Uses the standard domain vocabulary.
Its output remains stable across retries.",0.0,,
"Closes the work queue, archives related files, and emits a completion metric.
Maintains deterministic behavior across repeated runs.",0.0,,
"Calculates a score for the email digest, ranks it, and notifies reviewers.",0.0,,
"Parses the product catalog, calculates a derived value, and updates the ledger.",0.0,,
"Generates the data migration, renders a preview, and posts it to the activity stream.",0.0,,
"Generates the dependency graph, renders a preview, and posts it to the activity stream.",0.0,,
"Retrieves the consent record, resolves related records, and emails a status digest.
Maintains deterministic behavior across repeated runs.",0.0,,
"Imports the email digest, repairs malformed fields, and writes a rejection report.
Uses the standard domain vocabulary.
Existing domain invariants remain intact.",0.0,,
"Closes the rate-limit window, archives related files, and emits a completion metric.
Maintains deterministic behavior across repeated runs.",0.0,,
"Schedules the telemetry batch, reserves capacity, and creates a confirmation message.
Maintains deterministic behavior across repeated runs.",0.0,,
"Builds the email digest, deploys it, and announces the release.",0.0,,
"Closes the booking request, archives related files, and emits a completion metric.",0.0,,
"Parses the localization catalog, calculates a derived value, and updates the ledger.
Follows the configured processing rules.",0.0,,
"Imports the support ticket, repairs malformed fields, and writes a rejection report.",0.0,,
"Builds the deployment manifest, deploys it, and announces the release.",0.0,,
"Builds the geofence rule, deploys it, and announces the release.",0.0,,
"Loads the calendar event, applies a migration, and records the new version.
Follows the configured processing rules.",0.0,,
"Reads the localization catalog, purges stale entries, and rebuilds the cache.",0.0,,
"Validates the booking request, publishes it, and alerts the operations channel.",0.0,,
"Closes the webhook payload, archives related files, and emits a completion metric.
Retains the expected data shape.",0.0,,
"Encrypts the consent record, stores it, and creates an audit event.",0.0,,
"Loads the booking request, applies a migration, and records the new version.
Uses the standard domain vocabulary.
Its output remains stable across retries.",0.0,,
"Validates the email digest, publishes it, and alerts the operations channel.",0.0,,
"Validates the media thumbnail, publishes it, and alerts the operations channel.",0.0,,
"Parses the work queue, calculates a derived value, and updates the ledger.
Follows the configured processing rules.",0.0,,
"Builds the work queue, deploys it, and announces the release.
Uses the standard domain vocabulary.
The behavior remains predictable for an unchanged state.",0.0,,
"Creates the scheduled report, assigns access rights, and sends a welcome message.",0.0,,
"Downloads the deployment manifest, compresses it, and uploads an archive.",0.0,,
"Parses the scheduled report, calculates a derived value, and updates the ledger.",0.0,,
"Generates the audit trail, renders a preview, and posts it to the activity stream.
Retains the expected data shape.",0.0,,
"Imports the deployment manifest, repairs malformed fields, and writes a rejection report.
Uses the standard domain vocabulary.
The behavior remains predictable for an unchanged state.",0.0,,
"Fetches the device certificate, converts it to a user-facing summary, and persists the result.",0.0,,
"Builds the inventory reservation, deploys it, and announces the release.
Follows the configured processing rules.",0.0,,
"Encrypts the inventory reservation, stores it, and creates an audit event.",0.0,,
"Schedules the localization catalog, reserves capacity, and creates a confirmation message.",0.0,,
"Parses the media thumbnail, calculates a derived value, and updates the ledger.",0.0,,
"Closes the purchase order, archives related files, and emits a completion metric.",0.0,,
"Encrypts the dependency graph, stores it, and creates an audit event.
Retains the expected data shape.",0.0,,
"Parses the telemetry batch, calculates a derived value, and updates the ledger.",0.0,,
"Reads the dependency graph, purges stale entries, and rebuilds the cache.",0.0,,
"Encrypts the access policy, stores it, and creates an audit event.",0.0,,
"Schedules the dependency graph, reserves capacity, and creates a confirmation message.",0.0,,
"Retrieves the email digest, resolves related records, and emails a status digest.
Retains the expected data shape.",0.0,,
"Creates the fraud signal, assigns access rights, and sends a welcome message.
Maintains deterministic behavior across repeated runs.",0.0,,
"Parses the rate-limit window, calculates a derived value, and updates the ledger.
Follows the configured processing rules.",0.0,,
"Encrypts the geofence rule, stores it, and creates an audit event.
Maintains deterministic behavior across repeated runs.",0.0,,
"Parses the purchase order, calculates a derived value, and updates the ledger.
Uses the standard domain vocabulary.
Existing domain invariants remain intact.",0.0,,
"Fetches the email digest, converts it to a canonical representation, and persists the result.",0.0,,
"Calculates a score for the webhook payload, ranks it, and notifies reviewers.",0.0,,
"Calculates a score for the media thumbnail, ranks it, and notifies reviewers.",0.0,,
"Parses the deployment manifest, calculates a derived value, and updates the ledger.",0.0,,
"Receives the data migration, verifies its signature, and dispatches a follow-up task.",0.0,,
"Validates the work queue, publishes it, and alerts the operations channel.
Retains the expected data shape.",0.0,,
"Retrieves the webhook payload, resolves related records, and emails a status digest.
Maintains deterministic behavior across repeated runs.",0.0,,
"Loads the scheduled report, applies a migration, and records the new version.",0.0,,
"Closes the support ticket, archives related files, and emits a completion metric.
Retains the expected data shape.",0.0,,
"Encrypts the data migration, stores it, and creates an audit event.
Maintains deterministic behavior across repeated runs.",0.0,,
"Loads the media thumbnail, applies a migration, and records the new version.",0.0,,
"Imports the audit trail, repairs malformed fields, and writes a rejection report.
Follows the configured processing rules.",0.0,,
"Retrieves the media thumbnail, resolves related records, and emails a status digest.
Retains the expected data shape.",0.0,,
"Fetches the booking request, converts it to a transport-ready message, and persists the result.
Uses the standard domain vocabulary.
Existing domain invariants remain intact.",0.0,,
"Reads the deployment manifest, purges stale entries, and rebuilds the cache.
Retains the expected data shape.",0.0,,
"Receives the consent record, verifies its signature, and dispatches a follow-up task.
Uses the standard domain vocabulary.
Existing domain invariants remain intact.",0.0,,
"Closes the data migration, archives related files, and emits a completion metric.",0.0,,
"Builds the API schema, deploys it, and announces the release.",0.0,,
"Closes the media thumbnail, archives related files, and emits a completion metric.",0.0,,
"Schedules the data migration, reserves capacity, and creates a confirmation message.
Retains the expected data shape.",0.0,,
"Parses the access policy, calculates a derived value, and updates the ledger.",0.0,,
"Parses the API schema, calculates a derived value, and updates the ledger.
Uses the standard domain vocabulary.
The behavior remains predictable for an unchanged state.",0.0,,
"Loads the dependency graph, applies a migration, and records the new version.",0.0,,
"Loads the audit trail, applies a migration, and records the new version.
Uses the standard domain vocabulary.
Existing domain invariants remain intact.",0.0,,
"Builds the dependency graph, deploys it, and announces the release.
Uses the standard domain vocabulary.
Its output remains stable across retries.",0.0,,
"Loads the fraud signal, applies a migration, and records the new version.",0.0,,
"Builds the audit trail, deploys it, and announces the release.",0.0,,
"Generates the email digest, renders a preview, and posts it to the activity stream.
Maintains deterministic behavior across repeated runs.",0.0,,
"Calculates a score for the calendar event, ranks it, and notifies reviewers.
Uses the standard domain vocabulary.
The behavior remains predictable for an unchanged state.",0.0,,
"Closes the deployment manifest, archives related files, and emits a completion metric.",0.0,,
"Receives the audit trail, verifies its signature, and dispatches a follow-up task.",0.0,,
"Closes the calendar event, archives related files, and emits a completion metric.",0.0,,
"Builds the telemetry batch, deploys it, and announces the release.",0.0,,
"Validates the webhook payload, publishes it, and alerts the operations channel.",0.0,,
"Receives the scheduled report, verifies its signature, and dispatches a follow-up task.
Follows the configured processing rules.",0.0,,
"Creates the localization catalog, assigns access rights, and sends a welcome message.
Maintains deterministic behavior across repeated runs.",0.0,,
"Validates the rate-limit window, publishes it, and alerts the operations channel.
Retains the expected data shape.",0.0,,
"Schedules the geofence rule, reserves capacity, and creates a confirmation message.
Retains the expected data shape.",0.0,,
"Imports the dependency graph, repairs malformed fields, and writes a rejection report.",0.0,,
"Encrypts the telemetry batch, stores it, and creates an audit event.",0.0,,
"Parses the support ticket, calculates a derived value, and updates the ledger.",0.0,,
"Fetches the inventory reservation, converts it to a canonical representation, and persists the result.",0.0,,
"Schedules the consent record, reserves capacity, and creates a confirmation message.",0.0,,
"Downloads the booking request, compresses it, and uploads an archive.",0.0,,
"Creates the product catalog, assigns access rights, and sends a welcome message.",0.0,,
"Reads the webhook payload, purges stale entries, and rebuilds the cache.
Maintains deterministic behavior across repeated runs.",0.0,,
"Imports the device certificate, repairs malformed fields, and writes a rejection report.
Uses the standard domain vocabulary.
Its output remains stable across retries.",0.0,,
"Retrieves the purchase order, resolves related records, and emails a status digest.",0.0,,
"Imports the booking request, repairs malformed fields, and writes a rejection report.
Follows the configured processing rules.",0.0,,
"Encrypts the audit trail, stores it, and creates an audit event.",0.0,,
"Builds the webhook payload, deploys it, and announces the release.
Follows the configured processing rules.",0.0,,
"Parses the consent record, calculates a derived value, and updates the ledger.",0.0,,
"Imports the scheduled report, repairs malformed fields, and writes a rejection report.
Uses the standard domain vocabulary.
The behavior remains predictable for an unchanged state.",0.0,,
"Receives the dependency graph, verifies its signature, and dispatches a follow-up task.",0.0,,
"Imports the product catalog, repairs malformed fields, and writes a rejection report.
Follows the configured processing rules.",0.0,,
"Loads the email digest, applies a migration, and records the new version.",0.0,,
"Validates the consent record, publishes it, and alerts the operations channel.",0.0,,
"Imports the calendar event, repairs malformed fields, and writes a rejection report.",0.0,,
"Reads the device certificate, purges stale entries, and rebuilds the cache.
Retains the expected data shape.",0.0,,
"Validates the support ticket, publishes it, and alerts the operations channel.",0.0,,
"Retrieves the audit trail, resolves related records, and emails a status digest.",0.0,,
"Calculates a score for the dependency graph, ranks it, and notifies reviewers.
Follows the configured processing rules.",0.0,,
"Schedules the webhook payload, reserves capacity, and creates a confirmation message.",0.0,,
"Creates the access policy, assigns access rights, and sends a welcome message.",0.0,,
"Retrieves the support ticket, resolves related records, and emails a status digest.
Maintains deterministic behavior across repeated runs.",0.0,,
"Encrypts the fraud signal, stores it, and creates an audit event.
Retains the expected data shape.",0.0,,
"Encrypts the booking request, stores it, and creates an audit event.",0.0,,
"Parses the fraud signal, calculates a derived value, and updates the ledger.
Follows the configured processing rules.",0.0,,
"Creates the webhook payload, assigns access rights, and sends a welcome message.
Retains the expected data shape.",0.0,,
"Reads the purchase order, purges stale entries, and rebuilds the cache.",0.0,,
"Schedules the work queue, reserves capacity, and creates a confirmation message.",0.0,,
"Schedules the deployment manifest, reserves capacity, and creates a confirmation message.",0.0,,
"Closes the localization catalog, archives related files, and emits a completion metric.
Maintains deterministic behavior across repeated runs.",0.0,,
"Closes the scheduled report, archives related files, and emits a completion metric.",0.0,,
"Receives the fraud signal, verifies its signature, and dispatches a follow-up task.",0.0,,
"Encrypts the purchase order, stores it, and creates an audit event.
Maintains deterministic behavior across repeated runs.",0.0,,
"Validates the access policy, publishes it, and alerts the operations channel.",0.0,,
"Imports the geofence rule, repairs malformed fields, and writes a rejection report.",0.0,,
"Calculates a score for the access policy, ranks it, and notifies reviewers.",0.0,,
"Receives the product catalog, verifies its signature, and dispatches a follow-up task.",0.0,,
"Fetches the scheduled report, converts it to a transport-ready message, and persists the result.",0.0,,
"Downloads the geofence rule, compresses it, and uploads an archive.",0.0,,
"Creates the data migration, assigns access rights, and sends a welcome message.",0.0,,
"Validates the product catalog, publishes it, and alerts the operations channel.",0.0,,
"Retrieves the API schema, resolves related records, and emails a status digest.",0.0,,
"Generates the fraud signal, renders a preview, and posts it to the activity stream.",0.0,,
"Schedules the booking request, reserves capacity, and creates a confirmation message.
Maintains deterministic behavior across repeated runs.",0.0,,
"Parses the device certificate, calculates a derived value, and updates the ledger.",0.0,,
"Encrypts the support ticket, stores it, and creates an audit event.",0.0,,
"Receives the device certificate, verifies its signature, and dispatches a follow-up task.
Follows the configured processing rules.",0.0,,
"Calculates a score for the fraud signal, ranks it, and notifies reviewers.
Follows the configured processing rules.",0.0,,
"Retrieves the booking request, resolves related records, and emails a status digest.",0.0,,
"Validates the device certificate, publishes it, and alerts the operations channel.",0.0,,
"Imports the media thumbnail, repairs malformed fields, and writes a rejection report.
Uses the standard domain vocabulary.
Existing domain invariants remain intact.",0.0,,
"Imports the password reset request, repairs malformed fields, and writes a rejection report.",0.0,,
"Generates the localization catalog, renders a preview, and posts it to the activity stream.",0.0,,
"Schedules the password reset request, reserves capacity, and creates a confirmation message.",0.0,,
"Receives the webhook payload, verifies its signature, and dispatches a follow-up task.
Uses the standard domain vocabulary.
Its output remains stable across retries.",0.0,,
"Imports the localization catalog, repairs malformed fields, and writes a rejection report.",0.0,,
"Receives the localization catalog, verifies its signature, and dispatches a follow-up task.",0.0,,
"Loads the data migration, applies a migration, and records the new version.
Follows the configured processing rules.",0.0,,
"Downloads the product catalog, compresses it, and uploads an archive.",0.0,,
"Receives the media thumbnail, verifies its signature, and dispatches a follow-up task.
Follows the configured processing rules.",0.0,,
"Creates the password reset request, assigns access rights, and sends a welcome message.
Retains the expected data shape.",0.0,,
"Generates the media thumbnail, renders a preview, and posts it to the activity stream.
Maintains deterministic behavior across repeated runs.",0.0,,
"Imports the purchase order, repairs malformed fields, and writes a rejection report.",0.0,,
"Fetches the audit trail, converts it to a user-facing summary, and persists the result.
Uses the standard domain vocabulary.
The behavior remains predictable for an unchanged state.",0.0,,
"Retrieves the telemetry batch, resolves related records, and emails a status digest.",0.0,,
"Calculates a score for the rate-limit window, ranks it, and notifies reviewers.
Follows the configured processing rules.",0.0,,
"Generates the consent record, renders a preview, and posts it to the activity stream.",0.0,,
"Loads the deployment manifest, applies a migration, and records the new version.",0.0,,
"Fetches the webhook payload, converts it to an encrypted bundle, and persists the result.",0.0,,
"Fetches the support ticket, converts it to a transport-ready message, and persists the result.",0.0,,
"Validates the calendar event, publishes it, and alerts the operations channel.
Maintains deterministic behavior across repeated runs.",0.0,,
"Creates the dependency graph, assigns access rights, and sends a welcome message.
Maintains deterministic behavior across repeated runs.",0.0,,
"Fetches the consent record, converts it to a user-facing summary, and persists the result.",0.0,,
"Validates the purchase order, publishes it, and alerts the operations channel.
Maintains deterministic behavior across repeated runs.",0.0,,
"Receives the email digest, verifies its signature, and dispatches a follow-up task.
Follows the configured processing rules.",0.0,,
"Receives the geofence rule, verifies its signature, and dispatches a follow-up task.",0.0,,
"Encrypts the webhook payload, stores it, and creates an audit event.",0.0,,
"Calculates a score for the work queue, ranks it, and notifies reviewers.
Follows the configured processing rules.",0.0,,
"Calculates a score for the support ticket, ranks it, and notifies reviewers.",0.0,,
"Creates the booking request, assigns access rights, and sends a welcome message.",0.0,,
"Encrypts the product catalog, stores it, and creates an audit event.",0.0,,
"Fetches the media thumbnail, converts it to a transport-ready message, and persists the result.",0.0,,
"Retrieves the dependency graph, resolves related records, and emails a status digest.",0.0,,
"Validates the localization catalog, publishes it, and alerts the operations channel.
Retains the expected data shape.",0.0,,
"Reads the calendar event, purges stale entries, and rebuilds the cache.",0.0,,
"Builds the fraud signal, deploys it, and announces the release.
Uses the standard domain vocabulary.
Existing domain invariants remain intact.",0.0,,
"Builds the purchase order, deploys it, and announces the release.",0.0,,
"Fetches the access policy, converts it to a user-facing summary, and persists the result.
Uses the standard domain vocabulary.
Its output remains stable across retries.",0.0,,
"Downloads the fraud signal, compresses it, and uploads an archive.
Uses the standard domain vocabulary.
The behavior remains predictable for an unchanged state.",0.0,,
"Validates the geofence rule, publishes it, and alerts the operations channel.
Maintains deterministic behavior across repeated runs.",0.0,,
"Imports the fraud signal, repairs malformed fields, and writes a rejection report.",0.0,,
"Closes the product catalog, archives related files, and emits a completion metric.",0.0,,
"Receives the work queue, verifies its signature, and dispatches a follow-up task.",0.0,,
"Receives the telemetry batch, verifies its signature, and dispatches a follow-up task.",0.0,,
"Downloads the scheduled report, compresses it, and uploads an archive.",0.0,,
"Fetches the work queue, converts it to a user-facing summary, and persists the result.",0.0,,
"Schedules the product catalog, reserves capacity, and creates a confirmation message.
Maintains deterministic behavior across repeated runs.",0.0,,
"Encrypts the localization catalog, stores it, and creates an audit event.
Retains the expected data shape.",0.0,,
"Imports the work queue, repairs malformed fields, and writes a rejection report.",0.0,,
"Generates the calendar event, renders a preview, and posts it to the activity stream.",0.0,,
"Encrypts the email digest, stores it, and creates an audit event.",0.0,,
"Downloads the API schema, compresses it, and uploads an archive.",0.0,,
"Fetches the purchase order, converts it to a user-facing summary, and persists the result.
Follows the configured processing rules.",0.0,,
"Reads the password reset request, purges stale entries, and rebuilds the cache.
Maintains deterministic behavior across repeated runs.",0.0,,
"Schedules the media thumbnail, reserves capacity, and creates a confirmation message.",0.0,,
"Builds the data migration, deploys it, and announces the release.",0.0,,
"Parses the audit trail, calculates a derived value, and updates the ledger.",0.0,,
"Loads the device certificate, applies a migration, and records the new version.",0.0,,
"Imports the telemetry batch, repairs malformed fields, and writes a rejection report.
Follows the configured processing rules.",0.0,,
"Fetches the calendar event, converts it to a transport-ready message, and persists the result.
Follows the configured processing rules.",0.0,,
"Schedules the audit trail, reserves capacity, and creates a confirmation message.
Maintains deterministic behavior across repeated runs.",0.0,,
"Retrieves the device certificate, resolves related records, and emails a status digest.
Retains the expected data shape.",0.0,,
"Generates the telemetry batch, renders a preview, and posts it to the activity stream.
Retains the expected data shape.",0.0,,
"Downloads the work queue, compresses it, and uploads an archive.
Uses the standard domain vocabulary.
Its output remains stable across retries.",0.0,,
"Receives the access policy, verifies its signature, and dispatches a follow-up task.",0.0,,
"Schedules the inventory reservation, reserves capacity, and creates a confirmation message.",0.0,,
"Validates the data migration, publishes it, and alerts the operations channel.
Maintains deterministic behavior across repeated runs.",0.0,,
"Schedules the rate-limit window, reserves capacity, and creates a confirmation message.",0.0,,
"Schedules the API schema, reserves capacity, and creates a confirmation message.
Retains the expected data shape.",0.0,,
"Parses the booking request, calculates a derived value, and updates the ledger.",0.0,,
"Retrieves the access policy, resolves related records, and emails a status digest.",0.0,,
"Receives the deployment manifest, verifies its signature, and dispatches a follow-up task.
Follows the configured processing rules.",0.0,,
"Calculates a score for the password reset request, ranks it, and notifies reviewers.",0.0,,
"Downloads the consent record, compresses it, and uploads an archive.
Follows the configured processing rules.",0.0,,
"Loads the inventory reservation, applies a migration, and records the new version.",0.0,,
"Parses the email digest, calculates a derived value, and updates the ledger.",0.0,,
"Imports the access policy, repairs malformed fields, and writes a rejection report.
Follows the configured processing rules.",0.0,,
"Receives the inventory reservation, verifies its signature, and dispatches a follow-up task.
Uses the standard domain vocabulary.
The behavior remains predictable for an unchanged state.",0.0,,
"Calculates a score for the localization catalog, ranks it, and notifies reviewers.
Follows the configured processing rules.",0.0,,
"Calculates a score for the scheduled report, ranks it, and notifies reviewers.",0.0,,
"Reads the scheduled report, purges stale entries, and rebuilds the cache.
Retains the expected data shape.",0.0,,
"Retrieves the fraud signal, resolves related records, and emails a status digest.",0.0,,
"Creates the API schema, assigns access rights, and sends a welcome message.",0.0,,
"Generates the deployment manifest, renders a preview, and posts it to the activity stream.
Maintains deterministic behavior across repeated runs.",0.0,,
"Creates the device certificate, assigns access rights, and sends a welcome message.",0.0,,
"Downloads the dependency graph, compresses it, and uploads an archive.
Uses the standard domain vocabulary.
Existing domain invariants remain intact.",0.0,,
"Reads the API schema, purges stale entries, and rebuilds the cache.",0.0,,
"Schedules the access policy, reserves capacity, and creates a confirmation message.
Maintains deterministic behavior across repeated runs.",0.0,,
"Validates the fraud signal, publishes it, and alerts the operations channel.
Retains the expected data shape.",0.0,,
"Downloads the device certificate, compresses it, and uploads an archive.",0.0,,
"Creates the calendar event, assigns access rights, and sends a welcome message.",0.0,,
"Downloads the email digest, compresses it, and uploads an archive.",0.0,,
"Calculates a score for the geofence rule, ranks it, and notifies reviewers.
Uses the standard domain vocabulary.
The behavior remains predictable for an unchanged state.",0.0,,
"Retrieves the rate-limit window, resolves related records, and emails a status digest.",0.0,,
"Builds the consent record, deploys it, and announces the release.
Follows the configured processing rules.",0.0,,
"Fetches the dependency graph, converts it to a transport-ready message, and persists the result.",0.0,,
"Calculates a score for the device certificate, ranks it, and notifies reviewers.",0.0,,
"Builds the access policy, deploys it, and announces the release.",0.0,,
"Calculates a score for the purchase order, ranks it, and notifies reviewers.
Uses the standard domain vocabulary.
Its output remains stable across retries.",0.0,,
"Generates the device certificate, renders a preview, and posts it to the activity stream.
Maintains deterministic behavior across repeated runs.",0.0,,
"Loads the localization catalog, applies a migration, and records the new version.",0.0,,
"Fetches the fraud signal, converts it to an encrypted bundle, and persists the result.",0.0,,
"Generates the geofence rule, renders a preview, and posts it to the activity stream.",0.0,,
"Schedules the fraud signal, reserves capacity, and creates a confirmation message.",0.0,,
"Validates the inventory reservation, publishes it, and alerts the operations channel.",0.0,,
"Retrieves the data migration, resolves related records, and emails a status digest.",0.0,,
"Builds the scheduled report, deploys it, and announces the release.",0.0,,
"Generates the product catalog, renders a preview, and posts it to the activity stream.
Retains the expected data shape.",0.0,,
"Closes the access policy, archives related files, and emits a completion metric.",0.0,,
"Calculates a score for the consent record, ranks it, and notifies reviewers.",0.0,,
"Loads the API schema, applies a migration, and records the new version.
Follows the configured processing rules.",0.0,,
"Retrieves the deployment manifest, resolves related records, and emails a status digest.
Retains the expected data shape.",0.0,,
"Validates the dependency graph, publishes it, and alerts the operations channel.
Retains the expected data shape.",0.0,,
"Schedules the support ticket, reserves capacity, and creates a confirmation message.",0.0,,
"Downloads the inventory reservation, compresses it, and uploads an archive.
Follows the configured processing rules.",0.0,,
"Schedules the scheduled report, reserves capacity, and creates a confirmation message.",0.0,,
"Reads the product catalog, purges stale entries, and rebuilds the cache.",0.0,,
"Reads the email digest, purges stale entries, and rebuilds the cache.
Retains the expected data shape.",0.0,,
"Fetches the geofence rule, converts it to an encrypted bundle, and persists the result.
Follows the configured processing rules.",0.0,,
"Creates the email digest, assigns access rights, and sends a welcome message.",0.0,,
"Encrypts the password reset request, stores it, and creates an audit event.",0.0,,
"Fetches the API schema, converts it to a canonical representation, and persists the result.
Follows the configured processing rules.",0.0,,
"Downloads the purchase order, compresses it, and uploads an archive.",0.0,,
"Generates the webhook payload, renders a preview, and posts it to the activity stream.",0.0,,
"Fetches the telemetry batch, converts it to a canonical representation, and persists the result.
Uses the standard domain vocabulary.
Its output remains stable across retries.",0.0,,
"Encrypts the work queue, stores it, and creates an audit event.
Retains the expected data shape.",0.0,,
"Encrypts the deployment manifest, stores it, and creates an audit event.",0.0,,
"Builds the support ticket, deploys it, and announces the release.
Follows the configured processing rules.",0.0,,
"Parses the data migration, calculates a derived value, and updates the ledger.
Uses the standard domain vocabulary.
Existing domain invariants remain intact.",0.0,,
"Closes the geofence rule, archives related files, and emits a completion metric.",0.0,,
"Creates the inventory reservation, assigns access rights, and sends a welcome message.
Retains the expected data shape.",0.0,,
"Downloads the data migration, compresses it, and uploads an archive.",0.0,,
"Builds the device certificate, deploys it, and announces the release.",0.0,,
"Closes the dependency graph, archives related files, and emits a completion metric.
Maintains deterministic behavior across repeated runs.",0.0,,
"Downloads the access policy, compresses it, and uploads an archive.",0.0,,
"Reads the telemetry batch, purges stale entries, and rebuilds the cache.",0.0,,
"Retrieves the inventory reservation, resolves related records, and emails a status digest.
Maintains deterministic behavior across repeated runs.",0.0,,
"Calculates a score for the deployment manifest, ranks it, and notifies reviewers.",0.0,,
"Downloads the support ticket, compresses it, and uploads an archive.
Follows the configured processing rules.",0.0,,
"Calculates a score for the data migration, ranks it, and notifies reviewers.
Uses the standard domain vocabulary.
Its output remains stable across retries.",0.0,,
"Validates the audit trail, publishes it, and alerts the operations channel.",0.0,,
"Fetches the deployment manifest, converts it to an encrypted bundle, and persists the result.",0.0,,
"Fetches the localization catalog, converts it to a canonical representation, and persists the result.",0.0,,
"Creates the media thumbnail, assigns access rights, and sends a welcome message.",0.0,,
"Calculates a score for the telemetry batch, ranks it, and notifies reviewers.",0.0,,
"Encrypts the rate-limit window, stores it, and creates an audit event.
Retains the expected data shape.",0.0,,
"Parses the dependency graph, calculates a derived value, and updates the ledger.
Follows the configured processing rules.",0.0,,
"Calculates a score for the booking request, ranks it, and notifies reviewers.",0.0,,
"Loads the product catalog, applies a migration, and records the new version.
Uses the standard domain vocabulary.
Existing domain invariants remain intact.",0.0,,
"Builds the product catalog, deploys it, and announces the release.",0.0,,
"Validates the telemetry batch, publishes it, and alerts the operations channel.",0.0,,
"Reads the inventory reservation, purges stale entries, and rebuilds the cache.
Maintains deterministic behavior across repeated runs.",0.0,,
"Creates the deployment manifest, assigns access rights, and sends a welcome message.",0.0,,
"Retrieves the work queue, resolves related records, and emails a status digest.",0.0,,
"Schedules the email digest, reserves capacity, and creates a confirmation message.",0.0,,
"Encrypts the API schema, stores it, and creates an audit event.
Maintains deterministic behavior across repeated runs.",0.0,,
"Retrieves the product catalog, resolves related records, and emails a status digest.",0.0,,
"Downloads the audit trail, compresses it, and uploads an archive.",0.0,,
"Builds the rate-limit window, deploys it, and announces the release.
Uses the standard domain vocabulary.
Its output remains stable across retries.",0.0,,
"Loads the webhook payload, applies a migration, and records the new version.",0.0,,
"Encrypts the device certificate, stores it, and creates an audit event.",0.0,,
"Encrypts the media thumbnail, stores it, and creates an audit event.",0.0,,
"Loads the geofence rule, applies a migration, and records the new version.
Follows the configured processing rules.",0.0,,
"Creates the work queue, assigns access rights, and sends a welcome message.
Maintains deterministic behavior across repeated runs.",0.0,,
"Receives the calendar event, verifies its signature, and dispatches a follow-up task.",0.0,,
"Creates the consent record, assigns access rights, and sends a welcome message.
Retains the expected data shape.",0.0,,
"Closes the device certificate, archives related files, and emits a completion metric.",0.0,,
"Creates the purchase order, assigns access rights, and sends a welcome message.",0.0,,
"Fetches the rate-limit window, converts it to a canonical representation, and persists the result.",0.0,,
"Downloads the webhook payload, compresses it, and uploads an archive.
Follows the configured processing rules.",0.0,,
"Loads the rate-limit window, applies a migration, and records the new version.",0.0,,
"Creates the rate-limit window, assigns access rights, and sends a welcome message.
Maintains deterministic behavior across repeated runs.",0.0,,
"Loads the work queue, applies a migration, and records the new version.",0.0,,
"Reads the access policy, purges stale entries, and rebuilds the cache.",0.0,,
"Generates the access policy, renders a preview, and posts it to the activity stream.
Retains the expected data shape.",0.0,,
"Validates the API schema, publishes it, and alerts the operations channel.
Maintains deterministic behavior across repeated runs.",0.0,,
"Downloads the telemetry batch, compresses it, and uploads an archive.",0.0,,
"Schedules the device certificate, reserves capacity, and creates a confirmation message.",0.0,,
"Imports the webhook payload, repairs malformed fields, and writes a rejection report.",0.0,,
"Closes the audit trail, archives related files, and emits a completion metric.",0.0,,
"Parses the geofence rule, calculates a derived value, and updates the ledger.
Uses the standard domain vocabulary.
Its output remains stable across retries.",0.0,,
"Reads the data migration, purges stale entries, and rebuilds the cache.",0.0,,
"Generates the support ticket, renders a preview, and posts it to the activity stream.",0.0,,
"Generates the scheduled report, renders a preview, and posts it to the activity stream.
Maintains deterministic behavior across repeated runs.",0.0,,
"Reads the geofence rule, purges stale entries, and rebuilds the cache.",0.0,,
"Parses the inventory reservation, calculates a derived value, and updates the ledger.",0.0,,
"Loads the support ticket, applies a migration, and records the new version.",0.0,,
"Reads the work queue, purges stale entries, and rebuilds the cache.",0.0,,
"Downloads the rate-limit window, compresses it, and uploads an archive.
Uses the standard domain vocabulary.
Existing domain invariants remain intact.",0.0,,
"Reads the rate-limit window, purges stale entries, and rebuilds the cache.",0.0,,
"Closes the password reset request, archives related files, and emits a completion metric.
Retains the expected data shape.",0.0,,
"Downloads the localization catalog, compresses it, and uploads an archive.
Uses the standard domain vocabulary.
Its output remains stable across retries.",0.0,,
"Fetches the product catalog, converts it to an encrypted bundle, and persists the result.
Uses the standard domain vocabulary.
The behavior remains predictable for an unchanged state.",0.0,,
"Receives the API schema, verifies its signature, and dispatches a follow-up task.",0.0,,
"Imports the rate-limit window, repairs malformed fields, and writes a rejection report.",0.0,,
"Encrypts the calendar event, stores it, and creates an audit event.
Maintains deterministic behavior across repeated runs.",0.0,,
"Retrieves the scheduled report, resolves related records, and emails a status digest.
Retains the expected data shape.",0.0,,
"Loads the consent record, applies a migration, and records the new version.",0.0,,
"Creates the geofence rule, assigns access rights, and sends a welcome message.",0.0,,
"Reads the media thumbnail, purges stale entries, and rebuilds the cache.
Retains the expected data shape.",0.0,,
"Retrieves the calendar event, resolves related records, and emails a status digest.",0.0,,
"Generates the API schema, renders a preview, and posts it to the activity stream.",0.0,,
"Closes the email digest, archives related files, and emits a completion metric.",0.0,,
"Retrieves the password reset request, resolves related records, and emails a status digest.
Maintains deterministic behavior across repeated runs.",0.0,,
"Builds the calendar event, deploys it, and announces the release.",0.0,,
"Calculates a score for the audit trail, ranks it, and notifies reviewers.",0.0,,
"Downloads the calendar event, compresses it, and uploads an archive.",0.0,,
"Parses the password reset request, calculates a derived value, and updates the ledger.",0.0,,
"Closes the fraud signal, archives related files, and emits a completion metric.
Maintains deterministic behavior across repeated runs.",0.0,,
"Loads the access policy, applies a migration, and records the new version.
Uses the standard domain vocabulary.
The behavior remains predictable for an unchanged state.",0.0,,
"Closes the consent record, archives related files, and emits a completion metric.
Retains the expected data shape.",0.0,,
"Validates the deployment manifest, publishes it, and alerts the operations channel.",0.0,,
"Downloads the media thumbnail, compresses it, and uploads an archive.",0.0,,
"Loads the purchase order, applies a migration, and records the new version.
Follows the configured processing rules.",0.0,,
"Receives the password reset request, verifies its signature, and dispatches a follow-up task.
Uses the standard domain vocabulary.
Existing domain invariants remain intact.",0.0,,
"Generates the inventory reservation, renders a preview, and posts it to the activity stream.",0.0,,
"Fetches the data migration, converts it to an encrypted bundle, and persists the result.
Follows the configured processing rules.",0.0,,
"Validates the password reset request, publishes it, and alerts the operations channel.",0.0,,
"Loads the ranking score, recomputes derived fields, and submits it for review.",0.05,,
"Builds the compliance exception, invalidates its cache, and notifies dependent workers.",0.05,,
"Builds the recommendation list, invalidates its cache, and notifies dependent workers.
Retains the expected data shape.",0.05,,
"Loads the A/B assignment, recomputes derived fields, and submits it for review.
Follows the configured processing rules.",0.05,,
"Creates the OAuth session, prepares its archive, and sends a completion notice.
Maintains deterministic behavior across repeated runs.",0.05,,
"Creates the feature experiment, prepares its archive, and sends a completion notice.",0.05,,
"Collects the OAuth session, resolves duplicates, and republishes the updated set.
Retains the expected data shape.",0.05,,
"Builds the feature experiment, invalidates its cache, and notifies dependent workers.
Maintains deterministic behavior across repeated runs.",0.05,,
"Loads the query result page, recomputes derived fields, and submits it for review.",0.05,,
"Builds the retention policy, invalidates its cache, and notifies dependent workers.
Retains the expected data shape.",0.05,,
"Imports the query result page, applies repairs, and records a processing summary.
Uses the standard domain vocabulary.
The behavior remains predictable for an unchanged state.",0.05,,
"Loads the recommendation list, recomputes derived fields, and submits it for review.
Uses the standard domain vocabulary.
Its output remains stable across retries.",0.05,,
"Imports the OAuth session, applies repairs, and records a processing summary.",0.05,,
"Creates the A/B assignment, prepares its archive, and sends a completion notice.
Maintains deterministic behavior across repeated runs.",0.05,,
"Collects the query result page, resolves duplicates, and republishes the updated set.",0.05,,
"Builds the A/B assignment, invalidates its cache, and notifies dependent workers.",0.05,,
"Collects the data classification, resolves duplicates, and republishes the updated set.",0.05,,
"Imports the feature experiment, applies repairs, and records a processing summary.
Uses the standard domain vocabulary.
The behavior remains predictable for an unchanged state.",0.05,,
"Loads the retention policy, recomputes derived fields, and submits it for review.
Uses the standard domain vocabulary.
Its output remains stable across retries.",0.05,,
"Loads the feature experiment, recomputes derived fields, and submits it for review.",0.05,,
"Collects the ranking score, resolves duplicates, and republishes the updated set.",0.05,,
"Creates the search query, prepares its archive, and sends a completion notice.
Retains the expected data shape.",0.05,,
"Retrieves the ranking score, enriches it with related data, and queues a notification.",0.05,,
"Retrieves the authorization grant, enriches it with related data, and queues a notification.",0.05,,
"Builds the authorization grant, invalidates its cache, and notifies dependent workers.
Maintains deterministic behavior across repeated runs.",0.05,,
"Loads the compliance exception, recomputes derived fields, and submits it for review.",0.05,,
"Collects the search query, resolves duplicates, and republishes the updated set.",0.05,,
"Imports the compliance exception, applies repairs, and records a processing summary.",0.05,,
"Builds the query result page, invalidates its cache, and notifies dependent workers.
Maintains deterministic behavior across repeated runs.",0.05,,
"Loads the OAuth session, recomputes derived fields, and submits it for review.
Follows the configured processing rules.",0.05,,
"Creates the ranking score, prepares its archive, and sends a completion notice.",0.05,,
"Collects the feature experiment, resolves duplicates, and republishes the updated set.",0.05,,
"Collects the retention policy, resolves duplicates, and republishes the updated set.
Maintains deterministic behavior across repeated runs.",0.05,,
"Loads the search query, recomputes derived fields, and submits it for review.",0.05,,
"Imports the authorization grant, applies repairs, and records a processing summary.
Uses the standard domain vocabulary.
The behavior remains predictable for an unchanged state.",0.05,,
"Builds the OAuth session, invalidates its cache, and notifies dependent workers.",0.05,,
"Loads the authorization grant, recomputes derived fields, and submits it for review.",0.05,,
"Imports the A/B assignment, applies repairs, and records a processing summary.",0.05,,
"Creates the compliance exception, prepares its archive, and sends a completion notice.",0.05,,
"Retrieves the retention policy, enriches it with related data, and queues a notification.",0.05,,
"Collects the compliance exception, resolves duplicates, and republishes the updated set.",0.05,,
"Builds the search query, invalidates its cache, and notifies dependent workers.",0.05,,
"Retrieves the data classification, enriches it with related data, and queues a notification.
Follows the configured processing rules.",0.05,,
"Collects the A/B assignment, resolves duplicates, and republishes the updated set.
Retains the expected data shape.",0.05,,
"Retrieves the A/B assignment, enriches it with related data, and queues a notification.
Uses the standard domain vocabulary.
Existing domain invariants remain intact.",0.05,,
"Builds the data classification, invalidates its cache, and notifies dependent workers.",0.05,,
"Imports the ranking score, applies repairs, and records a processing summary.",0.05,,
"Retrieves the feature experiment, enriches it with related data, and queues a notification.",0.05,,
"Retrieves the OAuth session, enriches it with related data, and queues a notification.
Uses the standard domain vocabulary.
Existing domain invariants remain intact.",0.05,,
"Loads the data classification, recomputes derived fields, and submits it for review.",0.05,,
"Imports the data classification, applies repairs, and records a processing summary.",0.05,,
"Retrieves the compliance exception, enriches it with related data, and queues a notification.",0.05,,
"Imports the search query, applies repairs, and records a processing summary.",0.05,,
"Retrieves the recommendation list, enriches it with related data, and queues a notification.",0.05,,
"Imports the recommendation list, applies repairs, and records a processing summary.
Follows the configured processing rules.",0.05,,
"Collects the authorization grant, resolves duplicates, and republishes the updated set.",0.05,,
"Creates the authorization grant, prepares its archive, and sends a completion notice.",0.05,,
"Retrieves the search query, enriches it with related data, and queues a notification.
Follows the configured processing rules.",0.05,,
"Imports the retention policy, applies repairs, and records a processing summary.
Follows the configured processing rules.",0.05,,
"Creates the recommendation list, prepares its archive, and sends a completion notice.",0.05,,
"Builds the ranking score, invalidates its cache, and notifies dependent workers.",0.05,,
"Creates the retention policy, prepares its archive, and sends a completion notice.",0.05,,
"Creates the data classification, prepares its archive, and sends a completion notice.
Retains the expected data shape.",0.05,,
"Collects the recommendation list, resolves duplicates, and republishes the updated set.
Maintains deterministic behavior across repeated runs.",0.05,,
"Refreshes the OAuth session, compares it with the prior version, and reports changes.",0.10,,
"Resolves the feature experiment, hydrates related records, and returns a composite view.",0.10,,
"Parses the A/B assignment, normalizes its fields, and saves validation findings.",0.10,,
"Parses the authorization grant, normalizes its fields, and saves validation findings.
Follows the configured processing rules.",0.10,,
"Resolves the compliance exception, hydrates related records, and returns a composite view.",0.10,,
"Receives the authorization grant, verifies its signature, and queues it for delivery.
Uses the standard domain vocabulary.
Existing domain invariants remain intact.",0.10,,
"Refreshes the authorization grant, compares it with the prior version, and reports changes.
Maintains deterministic behavior across repeated runs.",0.10,,
"Refreshes the feature experiment, compares it with the prior version, and reports changes.
Maintains deterministic behavior across repeated runs.",0.10,,
"Inspects the recommendation list, assigns a priority, and updates the work queue.",0.10,,
"Plans the ranking score, reserves capacity, and creates a confirmation note.",0.10,,
"Parses the data classification, normalizes its fields, and saves validation findings.",0.10,,
"Refreshes the recommendation list, compares it with the prior version, and reports changes.
Retains the expected data shape.",0.10,,
"Plans the search query, reserves capacity, and creates a confirmation note.",0.10,,
"Parses the recommendation list, normalizes its fields, and saves validation findings.",0.10,,
"Inspects the retention policy, assigns a priority, and updates the work queue.",0.10,,
"Inspects the compliance exception, assigns a priority, and updates the work queue.",0.10,,
"Refreshes the compliance exception, compares it with the prior version, and reports changes.",0.10,,
"Inspects the feature experiment, assigns a priority, and updates the work queue.",0.10,,
"Resolves the retention policy, hydrates related records, and returns a composite view.
Maintains deterministic behavior across repeated runs.",0.10,,
"Resolves the A/B assignment, hydrates related records, and returns a composite view.
Retains the expected data shape.",0.10,,
"Resolves the query result page, hydrates related records, and returns a composite view.",0.10,,
"Refreshes the ranking score, compares it with the prior version, and reports changes.",0.10,,
"Resolves the ranking score, hydrates related records, and returns a composite view.",0.10,,
"Refreshes the A/B assignment, compares it with the prior version, and reports changes.",0.10,,
"Plans the A/B assignment, reserves capacity, and creates a confirmation note.
Follows the configured processing rules.",0.10,,
"Inspects the search query, assigns a priority, and updates the work queue.
Retains the expected data shape.",0.10,,
"Parses the OAuth session, normalizes its fields, and saves validation findings.",0.10,,
"Receives the compliance exception, verifies its signature, and queues it for delivery.",0.10,,
"Parses the search query, normalizes its fields, and saves validation findings.",0.10,,
"Inspects the A/B assignment, assigns a priority, and updates the work queue.
Maintains deterministic behavior across repeated runs.",0.10,,
"Plans the feature experiment, reserves capacity, and creates a confirmation note.",0.10,,
"Plans the recommendation list, reserves capacity, and creates a confirmation note.
Uses the standard domain vocabulary.
The behavior remains predictable for an unchanged state.",0.10,,
"Plans the OAuth session, reserves capacity, and creates a confirmation note.
Follows the configured processing rules.",0.10,,
"Receives the retention policy, verifies its signature, and queues it for delivery.
Follows the configured processing rules.",0.10,,
"Parses the ranking score, normalizes its fields, and saves validation findings.
Uses the standard domain vocabulary.
Its output remains stable across retries.",0.10,,
"Parses the query result page, normalizes its fields, and saves validation findings.
Follows the configured processing rules.",0.10,,
"Receives the search query, verifies its signature, and queues it for delivery.",0.10,,
"Inspects the data classification, assigns a priority, and updates the work queue.
Retains the expected data shape.",0.10,,
"Resolves the authorization grant, hydrates related records, and returns a composite view.",0.10,,
"Refreshes the data classification, compares it with the prior version, and reports changes.",0.10,,
"Inspects the ranking score, assigns a priority, and updates the work queue.",0.10,,
"Resolves the recommendation list, hydrates related records, and returns a composite view.
Maintains deterministic behavior across repeated runs.",0.10,,
"Parses the compliance exception, normalizes its fields, and saves validation findings.
Uses the standard domain vocabulary.
Its output remains stable across retries.",0.10,,
"Plans the authorization grant, reserves capacity, and creates a confirmation note.",0.10,,
"Parses the retention policy, normalizes its fields, and saves validation findings.",0.10,,
"Receives the data classification, verifies its signature, and queues it for delivery.",0.10,,
"Receives the query result page, verifies its signature, and queues it for delivery.
Uses the standard domain vocabulary.
Existing domain invariants remain intact.",0.10,,
"Receives the feature experiment, verifies its signature, and queues it for delivery.
Uses the standard domain vocabulary.
Existing domain invariants remain intact.",0.10,,
"Inspects the authorization grant, assigns a priority, and updates the work queue.",0.10,,
"Resolves the OAuth session, hydrates related records, and returns a composite view.
Retains the expected data shape.",0.10,,
"Plans the retention policy, reserves capacity, and creates a confirmation note.
Uses the standard domain vocabulary.
The behavior remains predictable for an unchanged state.",0.10,,
"Parses the feature experiment, normalizes its fields, and saves validation findings.
Follows the configured processing rules.",0.10,,
"Resolves the data classification, hydrates related records, and returns a composite view.",0.10,,
"Receives the OAuth session, verifies its signature, and queues it for delivery.",0.10,,
"Refreshes the retention policy, compares it with the prior version, and reports changes.
Retains the expected data shape.",0.10,,
"Plans the data classification, reserves capacity, and creates a confirmation note.",0.10,,
"Refreshes the query result page, compares it with the prior version, and reports changes.
Maintains deterministic behavior across repeated runs.",0.10,,
"Refreshes the search query, compares it with the prior version, and reports changes.",0.10,,
"Resolves the search query, hydrates related records, and returns a composite view.",0.10,,
"Receives the A/B assignment, verifies its signature, and queues it for delivery.",0.10,,
"Plans the compliance exception, reserves capacity, and creates a confirmation note.",0.10,,
"Receives the ranking score, verifies its signature, and queues it for delivery.",0.10,,
"Inspects the OAuth session, assigns a priority, and updates the work queue.
Maintains deterministic behavior across repeated runs.",0.10,,
"Receives the recommendation list, verifies its signature, and queues it for delivery.
Follows the configured processing rules.",0.10,,
"Downloads the authorization grant, verifies its checksum, and stages it for processing.
Uses the standard domain vocabulary.
Its output remains stable across retries.",0.15,,
"Validates the ranking score, applies defaults, and persists the completed version.",0.15,,
"Validates the data classification, applies defaults, and persists the completed version.",0.15,,
"Generates the authorization grant, stores its revision, and broadcasts an update event.
Follows the configured processing rules.",0.15,,
"Generates the A/B assignment, stores its revision, and broadcasts an update event.",0.15,,
"Reads the ranking score, sanitizes visible fields, and writes an audit entry.
Maintains deterministic behavior across repeated runs.",0.15,,
"Reads the search query, sanitizes visible fields, and writes an audit entry.",0.15,,
"Closes the authorization grant, produces a receipt, and schedules follow-up work.",0.15,,
"Generates the OAuth session, stores its revision, and broadcasts an update event.",0.15,,
"Closes the data classification, produces a receipt, and schedules follow-up work.",0.15,,
"Reads the data classification, sanitizes visible fields, and writes an audit entry.",0.15,,
"Closes the OAuth session, produces a receipt, and schedules follow-up work.
Retains the expected data shape.",0.15,,
"Evaluates the retention policy, records the decision, and sends a status message.
Uses the standard domain vocabulary.
Existing domain invariants remain intact.",0.15,,
"Reads the query result page, sanitizes visible fields, and writes an audit entry.
Retains the expected data shape.",0.15,,
"Generates the recommendation list, stores its revision, and broadcasts an update event.",0.15,,
"Evaluates the A/B assignment, records the decision, and sends a status message.
Follows the configured processing rules.",0.15,,
"Evaluates the feature experiment, records the decision, and sends a status message.",0.15,,
"Reads the compliance exception, sanitizes visible fields, and writes an audit entry.
Maintains deterministic behavior across repeated runs.",0.15,,
"Closes the feature experiment, produces a receipt, and schedules follow-up work.",0.15,,
"Generates the query result page, stores its revision, and broadcasts an update event.
Follows the configured processing rules.",0.15,,
"Closes the retention policy, produces a receipt, and schedules follow-up work.
Maintains deterministic behavior across repeated runs.",0.15,,
"Validates the feature experiment, applies defaults, and persists the completed version.
Maintains deterministic behavior across repeated runs.",0.15,,
"Evaluates the ranking score, records the decision, and sends a status message.",0.15,,
"Reads the feature experiment, sanitizes visible fields, and writes an audit entry.
Retains the expected data shape.",0.15,,
"Downloads the data classification, verifies its checksum, and stages it for processing.",0.15,,
"Evaluates the OAuth session, records the decision, and sends a status message.
Follows the configured processing rules.",0.15,,
"Validates the A/B assignment, applies defaults, and persists the completed version.",0.15,,
"Validates the compliance exception, applies defaults, and persists the completed version.",0.15,,
"Downloads the A/B assignment, verifies its checksum, and stages it for processing.",0.15,,
"Generates the data classification, stores its revision, and broadcasts an update event.",0.15,,
"Closes the ranking score, produces a receipt, and schedules follow-up work.",0.15,,
"Evaluates the authorization grant, records the decision, and sends a status message.",0.15,,
"Evaluates the search query, records the decision, and sends a status message.",0.15,,
"Downloads the OAuth session, verifies its checksum, and stages it for processing.",0.15,,
"Downloads the query result page, verifies its checksum, and stages it for processing.
Uses the standard domain vocabulary.
Its output remains stable across retries.",0.15,,
"Validates the authorization grant, applies defaults, and persists the completed version.
Maintains deterministic behavior across repeated runs.",0.15,,
"Evaluates the data classification, records the decision, and sends a status message.",0.15,,
"Closes the compliance exception, produces a receipt, and schedules follow-up work.",0.15,,
"Downloads the feature experiment, verifies its checksum, and stages it for processing.
Uses the standard domain vocabulary.
Its output remains stable across retries.",0.15,,
"Closes the recommendation list, produces a receipt, and schedules follow-up work.
Maintains deterministic behavior across repeated runs.",0.15,,
"Generates the feature experiment, stores its revision, and broadcasts an update event.
Follows the configured processing rules.",0.15,,
"Evaluates the compliance exception, records the decision, and sends a status message.",0.15,,
"Validates the OAuth session, applies defaults, and persists the completed version.",0.15,,
"Validates the retention policy, applies defaults, and persists the completed version.
Retains the expected data shape.",0.15,,
"Generates the ranking score, stores its revision, and broadcasts an update event.
Uses the standard domain vocabulary.
The behavior remains predictable for an unchanged state.",0.15,,
"Generates the search query, stores its revision, and broadcasts an update event.",0.15,,
"Downloads the ranking score, verifies its checksum, and stages it for processing.",0.15,,
"Evaluates the recommendation list, records the decision, and sends a status message.
Uses the standard domain vocabulary.
Existing domain invariants remain intact.",0.15,,
"Reads the retention policy, sanitizes visible fields, and writes an audit entry.",0.15,,
"Downloads the search query, verifies its checksum, and stages it for processing.",0.15,,
"Reads the authorization grant, sanitizes visible fields, and writes an audit entry.
Retains the expected data shape.",0.15,,
"Reads the OAuth session, sanitizes visible fields, and writes an audit entry.",0.15,,
"Reads the recommendation list, sanitizes visible fields, and writes an audit entry.",0.15,,
"Downloads the retention policy, verifies its checksum, and stages it for processing.
Follows the configured processing rules.",0.15,,
"Validates the query result page, applies defaults, and persists the completed version.
Maintains deterministic behavior across repeated runs.",0.15,,
"Generates the retention policy, stores its revision, and broadcasts an update event.",0.15,,
"Closes the A/B assignment, produces a receipt, and schedules follow-up work.
Retains the expected data shape.",0.15,,
"Reads the A/B assignment, sanitizes visible fields, and writes an audit entry.",0.15,,
"Downloads the recommendation list, verifies its checksum, and stages it for processing.
Follows the configured processing rules.",0.15,,
"Downloads the compliance exception, verifies its checksum, and stages it for processing.",0.15,,
"Generates the compliance exception, stores its revision, and broadcasts an update event.
Uses the standard domain vocabulary.
The behavior remains predictable for an unchanged state.",0.15,,
"Closes the search query, produces a receipt, and schedules follow-up work.",0.15,,
"Validates the search query, applies defaults, and persists the completed version.",0.15,,
"Validates the recommendation list, applies defaults, and persists the completed version.
Retains the expected data shape.",0.15,,
"Exports the feature experiment and emits a completion metric.
Uses the standard domain vocabulary.
The behavior remains predictable for an unchanged state.",0.20,,
"Stores the feature experiment and updates the corresponding search index.
Retains the expected data shape.",0.20,,
Exports the ranking score and emits a completion metric.,0.20,,
"Loads the compliance exception, applies the active policy, and records the outcome.",0.20,,
"Creates the compliance exception and initializes its activity timeline.
Follows the configured processing rules.",0.20,,
"Calculates the derived value for the query result page and persists a display-ready result.
Follows the configured processing rules.",0.20,,
"Stores the compliance exception and updates the corresponding search index.
Maintains deterministic behavior across repeated runs.",0.20,,
Stores the A/B assignment and updates the corresponding search index.,0.20,,
"Stores the query result page and updates the corresponding search index.
Retains the expected data shape.",0.20,,
Creates the retention policy and initializes its activity timeline.,0.20,,
Creates the A/B assignment and initializes its activity timeline.,0.20,,
Calculates the derived value for the OAuth session and persists a display-ready result.,0.20,,
Calculates the derived value for the search query and persists a display-ready result.,0.20,,
"Closes the feature experiment and schedules the follow-up reminder.
Maintains deterministic behavior across repeated runs.",0.20,,
Calculates the derived value for the A/B assignment and persists a display-ready result.,0.20,,
Creates the query result page and initializes its activity timeline.,0.20,,
Stores the search query and updates the corresponding search index.,0.20,,
"Loads the search query, applies the active policy, and records the outcome.",0.20,,
"Loads the retention policy, applies the active policy, and records the outcome.
Maintains deterministic behavior across repeated runs.",0.20,,
Exports the search query and emits a completion metric.,0.20,,
Exports the OAuth session and emits a completion metric.,0.20,,
Closes the compliance exception and schedules the follow-up reminder.,0.20,,
"Closes the recommendation list and schedules the follow-up reminder.
Retains the expected data shape.",0.20,,
Stores the retention policy and updates the corresponding search index.,0.20,,
Calculates the derived value for the retention policy and persists a display-ready result.,0.20,,
"Loads the ranking score, applies the active policy, and records the outcome.",0.20,,
Calculates the derived value for the data classification and persists a display-ready result.,0.20,,
"Loads the authorization grant, applies the active policy, and records the outcome.",0.20,,
"Calculates the derived value for the authorization grant and persists a display-ready result.
Follows the configured processing rules.",0.20,,
Creates the feature experiment and initializes its activity timeline.,0.20,,
"Stores the ranking score and updates the corresponding search index.
Maintains deterministic behavior across repeated runs.",0.20,,
"Exports the retention policy and emits a completion metric.
Follows the configured processing rules.",0.20,,
Stores the OAuth session and updates the corresponding search index.,0.20,,
"Loads the data classification, applies the active policy, and records the outcome.",0.20,,
Creates the authorization grant and initializes its activity timeline.,0.20,,
"Exports the authorization grant and emits a completion metric.
Uses the standard domain vocabulary.
The behavior remains predictable for an unchanged state.",0.20,,
"Loads the feature experiment, applies the active policy, and records the outcome.",0.20,,
Closes the OAuth session and schedules the follow-up reminder.,0.20,,
"Loads the A/B assignment, applies the active policy, and records the outcome.
Retains the expected data shape.",0.20,,
Stores the data classification and updates the corresponding search index.,0.20,,
"Creates the data classification and initializes its activity timeline.
Uses the standard domain vocabulary.
Its output remains stable across retries.",0.20,,
"Creates the search query and initializes its activity timeline.
Uses the standard domain vocabulary.
Its output remains stable across retries.",0.20,,
Closes the ranking score and schedules the follow-up reminder.,0.20,,
Exports the A/B assignment and emits a completion metric.,0.20,,
Closes the search query and schedules the follow-up reminder.,0.20,,
"Calculates the derived value for the ranking score and persists a display-ready result.
Uses the standard domain vocabulary.
Existing domain invariants remain intact.",0.20,,
Creates the recommendation list and initializes its activity timeline.,0.20,,
Exports the data classification and emits a completion metric.,0.20,,
Creates the OAuth session and initializes its activity timeline.,0.20,,
"Loads the recommendation list, applies the active policy, and records the outcome.
Maintains deterministic behavior across repeated runs.",0.20,,
Exports the compliance exception and emits a completion metric.,0.20,,
Closes the data classification and schedules the follow-up reminder.,0.20,,
"Closes the retention policy and schedules the follow-up reminder.
Retains the expected data shape.",0.20,,
Closes the A/B assignment and schedules the follow-up reminder.,0.20,,
"Calculates the derived value for the feature experiment and persists a display-ready result.
Follows the configured processing rules.",0.20,,
"Stores the authorization grant and updates the corresponding search index.
Retains the expected data shape.",0.20,,
"Exports the recommendation list and emits a completion metric.
Follows the configured processing rules.",0.20,,
Stores the recommendation list and updates the corresponding search index.,0.20,,
"Calculates the derived value for the compliance exception and persists a display-ready result.
Uses the standard domain vocabulary.
Existing domain invariants remain intact.",0.20,,
"Closes the authorization grant and schedules the follow-up reminder.
Maintains deterministic behavior across repeated runs.",0.20,,
"Loads the OAuth session, applies the active policy, and records the outcome.
Retains the expected data shape.",0.20,,
"Creates the ranking score and initializes its activity timeline.
Follows the configured processing rules.",0.20,,
Calculates the derived value for the recommendation list and persists a display-ready result.,0.20,,
"Loads the OAuth session, applies policy defaults, and returns an actionable view.
Uses the standard domain vocabulary.
Existing domain invariants remain intact.",0.25,,
Generates the OAuth session with its accompanying integrity checksum.,0.25,,
"Renders the compliance exception and wraps it in a transport response.
Follows the configured processing rules.",0.25,,
Reconciles the A/B assignment while recording the outstanding differences.,0.25,,
"Loads the compliance exception, applies policy defaults, and returns an actionable view.",0.25,,
"Refreshes the recommendation list and updates the visible status marker.
Retains the expected data shape.",0.25,,
"Renders the data classification and wraps it in a transport response.
Uses the standard domain vocabulary.
The behavior remains predictable for an unchanged state.",0.25,,
Renders the OAuth session and wraps it in a transport response.,0.25,,
Refreshes the search query and updates the visible status marker.,0.25,,
Renders the query result page and wraps it in a transport response.,0.25,,
Picks a route for the data classification and records the selected option.,0.25,,
Generates the data classification with its accompanying integrity checksum.,0.25,,
"Generates the feature experiment with its accompanying integrity checksum.
Follows the configured processing rules.",0.25,,
"Picks a route for the feature experiment and records the selected option.
Retains the expected data shape.",0.25,,
"Generates the compliance exception with its accompanying integrity checksum.
Uses the standard domain vocabulary.
Its output remains stable across retries.",0.25,,
"Loads the retention policy, applies policy defaults, and returns an actionable view.",0.25,,
"Refreshes the retention policy and updates the visible status marker.
Retains the expected data shape.",0.25,,
"Picks a route for the authorization grant and records the selected option.
Retains the expected data shape.",0.25,,
"Picks a route for the ranking score and records the selected option.
Maintains deterministic behavior across repeated runs.",0.25,,
Refreshes the ranking score and updates the visible status marker.,0.25,,
"Loads the search query, applies policy defaults, and returns an actionable view.
Follows the configured processing rules.",0.25,,
Reconciles the feature experiment while recording the outstanding differences.,0.25,,
Renders the A/B assignment and wraps it in a transport response.,0.25,,
Refreshes the data classification and updates the visible status marker.,0.25,,
Picks a route for the search query and records the selected option.,0.25,,
"Loads the ranking score, applies policy defaults, and returns an actionable view.",0.25,,
"Reconciles the data classification while recording the outstanding differences.
Maintains deterministic behavior across repeated runs.",0.25,,
"Refreshes the authorization grant and updates the visible status marker.
Maintains deterministic behavior across repeated runs.",0.25,,
"Renders the search query and wraps it in a transport response.
Uses the standard domain vocabulary.
The behavior remains predictable for an unchanged state.",0.25,,
"Refreshes the feature experiment and updates the visible status marker.
Maintains deterministic behavior across repeated runs.",0.25,,
Picks a route for the OAuth session and records the selected option.,0.25,,
"Reconciles the compliance exception while recording the outstanding differences.
Retains the expected data shape.",0.25,,
"Renders the ranking score and wraps it in a transport response.
Follows the configured processing rules.",0.25,,
"Reconciles the search query while recording the outstanding differences.
Maintains deterministic behavior across repeated runs.",0.25,,
"Loads the query result page, applies policy defaults, and returns an actionable view.",0.25,,
Reconciles the retention policy while recording the outstanding differences.,0.25,,
Refreshes the A/B assignment and updates the visible status marker.,0.25,,
Refreshes the compliance exception and updates the visible status marker.,0.25,,
"Loads the recommendation list, applies policy defaults, and returns an actionable view.",0.25,,
Reconciles the query result page while recording the outstanding differences.,0.25,,
Renders the feature experiment and wraps it in a transport response.,0.25,,
Reconciles the authorization grant while recording the outstanding differences.,0.25,,
Generates the recommendation list with its accompanying integrity checksum.,0.25,,
"Loads the data classification, applies policy defaults, and returns an actionable view.
Follows the configured processing rules.",0.25,,
Reconciles the OAuth session while recording the outstanding differences.,0.25,,
Generates the search query with its accompanying integrity checksum.,0.25,,
"Generates the authorization grant with its accompanying integrity checksum.
Follows the configured processing rules.",0.25,,
"Picks a route for the compliance exception and records the selected option.
Maintains deterministic behavior across repeated runs.",0.25,,
Generates the retention policy with its accompanying integrity checksum.,0.25,,
"Loads the A/B assignment, applies policy defaults, and returns an actionable view.
Uses the standard domain vocabulary.
Existing domain invariants remain intact.",0.25,,
Picks a route for the A/B assignment and records the selected option.,0.25,,
"Generates the ranking score with its accompanying integrity checksum.
Uses the standard domain vocabulary.
Its output remains stable across retries.",0.25,,
Picks a route for the recommendation list and records the selected option.,0.25,,
Reconciles the recommendation list while recording the outstanding differences.,0.25,,
Renders the retention policy and wraps it in a transport response.,0.25,,
Refreshes the OAuth session and updates the visible status marker.,0.25,,
Renders the authorization grant and wraps it in a transport response.,0.25,,
"Loads the feature experiment, applies policy defaults, and returns an actionable view.",0.25,,
"Reconciles the ranking score while recording the outstanding differences.
Retains the expected data shape.",0.25,,
"Loads the authorization grant, applies policy defaults, and returns an actionable view.",0.25,,
Generates the A/B assignment with its accompanying integrity checksum.,0.25,,
Picks a route for the retention policy and records the selected option.,0.25,,
Renders the recommendation list and wraps it in a transport response.,0.25,,
"Builds a summary for the ranking score and records the generation time.
Maintains deterministic behavior across repeated runs.",0.30,,
Evaluates the authorization grant and provides a human-readable explanation.,0.30,,
"Converts the search query to a display form and attaches a locale label.
Follows the configured processing rules.",0.30,,
"Converts the data classification to a display form and attaches a locale label.
Follows the configured processing rules.",0.30,,
Creates a command for the OAuth session and enqueues it for execution.,0.30,,
"Evaluates the compliance exception and provides a human-readable explanation.
Retains the expected data shape.",0.30,,
"Prepares the OAuth session for use by validating and canonicalizing it.
Follows the configured processing rules.",0.30,,
Converts the query result page to a display form and attaches a locale label.,0.30,,
"Builds a summary for the feature experiment and records the generation time.
Retains the expected data shape.",0.30,,
"Creates a command for the data classification and enqueues it for execution.
Uses the standard domain vocabulary.
Existing domain invariants remain intact.",0.30,,
"Converts the A/B assignment to a display form and attaches a locale label.
Uses the standard domain vocabulary.
Its output remains stable across retries.",0.30,,
Converts the ranking score to a display form and attaches a locale label.,0.30,,
"Creates a command for the ranking score and enqueues it for execution.
Follows the configured processing rules.",0.30,,
Evaluates the feature experiment and provides a human-readable explanation.,0.30,,
Prepares the compliance exception for use by validating and canonicalizing it.,0.30,,
"Creates a command for the compliance exception and enqueues it for execution.
Follows the configured processing rules.",0.30,,
Resolves the ranking score from storage and memoizes the result.,0.30,,
Creates a command for the A/B assignment and enqueues it for execution.,0.30,,
Prepares the search query for use by validating and canonicalizing it.,0.30,,
Builds a summary for the search query and records the generation time.,0.30,,
Resolves the compliance exception from storage and memoizes the result.,0.30,,
"Prepares the A/B assignment for use by validating and canonicalizing it.
Follows the configured processing rules.",0.30,,
Prepares the data classification for use by validating and canonicalizing it.,0.30,,
"Converts the OAuth session to a display form and attaches a locale label.
Uses the standard domain vocabulary.
Its output remains stable across retries.",0.30,,
Resolves the feature experiment from storage and memoizes the result.,0.30,,
Evaluates the recommendation list and provides a human-readable explanation.,0.30,,
Builds a summary for the OAuth session and records the generation time.,0.30,,
Prepares the authorization grant for use by validating and canonicalizing it.,0.30,,
Resolves the query result page from storage and memoizes the result.,0.30,,
"Evaluates the search query and provides a human-readable explanation.
Maintains deterministic behavior across repeated runs.",0.30,,
"Builds a summary for the authorization grant and records the generation time.
Retains the expected data shape.",0.30,,
"Prepares the recommendation list for use by validating and canonicalizing it.
Uses the standard domain vocabulary.
The behavior remains predictable for an unchanged state.",0.30,,
Prepares the ranking score for use by validating and canonicalizing it.,0.30,,
Resolves the recommendation list from storage and memoizes the result.,0.30,,
"Builds a summary for the compliance exception and records the generation time.
Maintains deterministic behavior across repeated runs.",0.30,,
Converts the compliance exception to a display form and attaches a locale label.,0.30,,
"Evaluates the data classification and provides a human-readable explanation.
Maintains deterministic behavior across repeated runs.",0.30,,
Evaluates the A/B assignment and provides a human-readable explanation.,0.30,,
Prepares the query result page for use by validating and canonicalizing it.,0.30,,
Evaluates the OAuth session and provides a human-readable explanation.,0.30,,
"Resolves the data classification from storage and memoizes the result.
Retains the expected data shape.",0.30,,
Converts the retention policy to a display form and attaches a locale label.,0.30,,
Builds a summary for the recommendation list and records the generation time.,0.30,,
Creates a command for the recommendation list and enqueues it for execution.,0.30,,
Builds a summary for the retention policy and records the generation time.,0.30,,
Builds a summary for the A/B assignment and records the generation time.,0.30,,
Converts the authorization grant to a display form and attaches a locale label.,0.30,,
Creates a command for the retention policy and enqueues it for execution.,0.30,,
Evaluates the retention policy and provides a human-readable explanation.,0.30,,
"Evaluates the ranking score and provides a human-readable explanation.
Retains the expected data shape.",0.30,,
Resolves the authorization grant from storage and memoizes the result.,0.30,,
Creates a command for the feature experiment and enqueues it for execution.,0.30,,
"Resolves the search query from storage and memoizes the result.
Retains the expected data shape.",0.30,,
Creates a command for the authorization grant and enqueues it for execution.,0.30,,
Prepares the feature experiment for use by validating and canonicalizing it.,0.30,,
"Creates a command for the search query and enqueues it for execution.
Uses the standard domain vocabulary.
Existing domain invariants remain intact.",0.30,,
Converts the feature experiment to a display form and attaches a locale label.,0.30,,
"Resolves the A/B assignment from storage and memoizes the result.
Maintains deterministic behavior across repeated runs.",0.30,,
Resolves the retention policy from storage and memoizes the result.,0.30,,
"Prepares the retention policy for use by validating and canonicalizing it.
Uses the standard domain vocabulary.
The behavior remains predictable for an unchanged state.",0.30,,
Builds a summary for the data classification and records the generation time.,0.30,,
"Resolves the OAuth session from storage and memoizes the result.
Maintains deterministic behavior across repeated runs.",0.30,,
Converts the recommendation list to a display form and attaches a locale label.,0.30,,
"Encodes the retention policy and packages it for a transport boundary.
Maintains deterministic behavior across repeated runs.",0.35,,
"Maps the data classification to a response model and removes internal details.
Maintains deterministic behavior across repeated runs.",0.35,,
Checks the authorization grant and collects any policy violations.,0.35,,
Builds the feature experiment together with a compact diagnostics summary.,0.35,,
Synchronizes the OAuth session with the remote view while retaining local edits.,0.35,,
"Synchronizes the feature experiment with the remote view while retaining local edits.
Uses the standard domain vocabulary.
Its output remains stable across retries.",0.35,,
Encodes the feature experiment and packages it for a transport boundary.,0.35,,
Checks the compliance exception and collects any policy violations.,0.35,,
Builds the authorization grant together with a compact diagnostics summary.,0.35,,
Checks the query result page and collects any policy violations.,0.35,,
"Refreshes the search query and leaves a traceable revision marker.
Follows the configured processing rules.",0.35,,
Encodes the ranking score and packages it for a transport boundary.,0.35,,
Refreshes the recommendation list and leaves a traceable revision marker.,0.35,,
Encodes the data classification and packages it for a transport boundary.,0.35,,
Maps the authorization grant to a response model and removes internal details.,0.35,,
Checks the search query and collects any policy violations.,0.35,,
Synchronizes the data classification with the remote view while retaining local edits.,0.35,,
"Builds the data classification together with a compact diagnostics summary.
Retains the expected data shape.",0.35,,
"Synchronizes the retention policy with the remote view while retaining local edits.
Follows the configured processing rules.",0.35,,
Encodes the search query and packages it for a transport boundary.,0.35,,
"Synchronizes the recommendation list with the remote view while retaining local edits.
Follows the configured processing rules.",0.35,,
Refreshes the ranking score and leaves a traceable revision marker.,0.35,,
Builds the recommendation list together with a compact diagnostics summary.,0.35,,
"Checks the OAuth session and collects any policy violations.
Follows the configured processing rules.",0.35,,
Refreshes the feature experiment and leaves a traceable revision marker.,0.35,,
"Builds the OAuth session together with a compact diagnostics summary.
Maintains deterministic behavior across repeated runs.",0.35,,
"Refreshes the A/B assignment and leaves a traceable revision marker.
Uses the standard domain vocabulary.
The behavior remains predictable for an unchanged state.",0.35,,
Builds the retention policy together with a compact diagnostics summary.,0.35,,
Builds the compliance exception together with a compact diagnostics summary.,0.35,,
Checks the ranking score and collects any policy violations.,0.35,,
Maps the retention policy to a response model and removes internal details.,0.35,,
"Checks the A/B assignment and collects any policy violations.
Follows the configured processing rules.",0.35,,
"Builds the search query together with a compact diagnostics summary.
Retains the expected data shape.",0.35,,
"Refreshes the OAuth session and leaves a traceable revision marker.
Uses the standard domain vocabulary.
The behavior remains predictable for an unchanged state.",0.35,,
Maps the recommendation list to a response model and removes internal details.,0.35,,
"Encodes the recommendation list and packages it for a transport boundary.
Maintains deterministic behavior across repeated runs.",0.35,,
Maps the A/B assignment to a response model and removes internal details.,0.35,,
"Refreshes the data classification and leaves a traceable revision marker.
Follows the configured processing rules.",0.35,,
"Maps the compliance exception to a response model and removes internal details.
Retains the expected data shape.",0.35,,
Refreshes the authorization grant and leaves a traceable revision marker.,0.35,,
Encodes the query result page and packages it for a transport boundary.,0.35,,
Builds the ranking score together with a compact diagnostics summary.,0.35,,
Refreshes the retention policy and leaves a traceable revision marker.,0.35,,
Checks the data classification and collects any policy violations.,0.35,,
Synchronizes the A/B assignment with the remote view while retaining local edits.,0.35,,
Synchronizes the ranking score with the remote view while retaining local edits.,0.35,,
"Builds the A/B assignment together with a compact diagnostics summary.
Maintains deterministic behavior across repeated runs.",0.35,,
Encodes the authorization grant and packages it for a transport boundary.,0.35,,
Encodes the compliance exception and packages it for a transport boundary.,0.35,,
Synchronizes the search query with the remote view while retaining local edits.,0.35,,
Maps the feature experiment to a response model and removes internal details.,0.35,,
"Synchronizes the query result page with the remote view while retaining local edits.
Uses the standard domain vocabulary.
Its output remains stable across retries.",0.35,,
"Checks the retention policy and collects any policy violations.
Uses the standard domain vocabulary.
Existing domain invariants remain intact.",0.35,,
"Encodes the A/B assignment and packages it for a transport boundary.
Retains the expected data shape.",0.35,,
Maps the OAuth session to a response model and removes internal details.,0.35,,
"Maps the search query to a response model and removes internal details.
Maintains deterministic behavior across repeated runs.",0.35,,
Refreshes the compliance exception and leaves a traceable revision marker.,0.35,,
Synchronizes the compliance exception with the remote view while retaining local edits.,0.35,,
"Encodes the OAuth session and packages it for a transport boundary.
Retains the expected data shape.",0.35,,
Checks the feature experiment and collects any policy violations.,0.35,,
"Synchronizes the authorization grant with the remote view while retaining local edits.
Uses the standard domain vocabulary.
Its output remains stable across retries.",0.35,,
"Maps the ranking score to a response model and removes internal details.
Retains the expected data shape.",0.35,,
"Checks the recommendation list and collects any policy violations.
Uses the standard domain vocabulary.
Existing domain invariants remain intact.",0.35,,
"Generates the A/B assignment in the shape expected by its consumer.
Retains the expected data shape.",0.40,,
Copies the feature experiment into a safe working representation.,0.40,,
"Applies the lifecycle rule to the authorization grant and returns the resulting state.
Maintains deterministic behavior across repeated runs.",0.40,,
"Creates a view of the feature experiment that includes its current status.
Follows the configured processing rules.",0.40,,
"Determines the effective configuration for the OAuth session.
Maintains deterministic behavior across repeated runs.",0.40,,
"Applies the lifecycle rule to the feature experiment and returns the resulting state.
Maintains deterministic behavior across repeated runs.",0.40,,
Applies the lifecycle rule to the A/B assignment and returns the resulting state.,0.40,,
Determines the effective configuration for the retention policy.,0.40,,
Determines the effective configuration for the feature experiment.,0.40,,
"Copies the OAuth session into a safe working representation.
Follows the configured processing rules.",0.40,,
Applies the lifecycle rule to the compliance exception and returns the resulting state.,0.40,,
Applies the lifecycle rule to the OAuth session and returns the resulting state.,0.40,,
Validates the ranking score while collecting explanatory messages.,0.40,,
"Determines the effective configuration for the data classification.
Retains the expected data shape.",0.40,,
Creates a view of the data classification that includes its current status.,0.40,,
Generates the search query in the shape expected by its consumer.,0.40,,
Validates the A/B assignment while collecting explanatory messages.,0.40,,
"Copies the A/B assignment into a safe working representation.
Follows the configured processing rules.",0.40,,
Copies the authorization grant into a safe working representation.,0.40,,
"Creates a view of the ranking score that includes its current status.
Uses the standard domain vocabulary.
Existing domain invariants remain intact.",0.40,,
"Applies the lifecycle rule to the recommendation list and returns the resulting state.
Retains the expected data shape.",0.40,,
Validates the compliance exception while collecting explanatory messages.,0.40,,
"Creates a view of the authorization grant that includes its current status.
Follows the configured processing rules.",0.40,,
Copies the data classification into a safe working representation.,0.40,,
"Validates the authorization grant while collecting explanatory messages.
Uses the standard domain vocabulary.
The behavior remains predictable for an unchanged state.",0.40,,
"Validates the recommendation list while collecting explanatory messages.
Follows the configured processing rules.",0.40,,
"Validates the feature experiment while collecting explanatory messages.
Uses the standard domain vocabulary.
The behavior remains predictable for an unchanged state.",0.40,,
Validates the data classification while collecting explanatory messages.,0.40,,
Creates a view of the retention policy that includes its current status.,0.40,,
Validates the OAuth session while collecting explanatory messages.,0.40,,
"Applies the lifecycle rule to the query result page and returns the resulting state.
Maintains deterministic behavior across repeated runs.",0.40,,
"Generates the OAuth session in the shape expected by its consumer.
Retains the expected data shape.",0.40,,
"Creates a view of the query result page that includes its current status.
Follows the configured processing rules.",0.40,,
Applies the lifecycle rule to the ranking score and returns the resulting state.,0.40,,
Creates a view of the recommendation list that includes its current status.,0.40,,
Applies the lifecycle rule to the data classification and returns the resulting state.,0.40,,
Creates a view of the search query that includes its current status.,0.40,,
Creates a view of the A/B assignment that includes its current status.,0.40,,
Determines the effective configuration for the authorization grant.,0.40,,
Generates the data classification in the shape expected by its consumer.,0.40,,
Copies the compliance exception into a safe working representation.,0.40,,
"Determines the effective configuration for the search query.
Retains the expected data shape.",0.40,,
"Generates the retention policy in the shape expected by its consumer.
Maintains deterministic behavior across repeated runs.",0.40,,
"Applies the lifecycle rule to the retention policy and returns the resulting state.
Retains the expected data shape.",0.40,,
Determines the effective configuration for the compliance exception.,0.40,,
Generates the ranking score in the shape expected by its consumer.,0.40,,
Applies the lifecycle rule to the search query and returns the resulting state.,0.40,,
Creates a view of the OAuth session that includes its current status.,0.40,,
"Creates a view of the compliance exception that includes its current status.
Uses the standard domain vocabulary.
Existing domain invariants remain intact.",0.40,,
"Validates the retention policy while collecting explanatory messages.
Follows the configured processing rules.",0.40,,
"Copies the retention policy into a safe working representation.
Uses the standard domain vocabulary.
Its output remains stable across retries.",0.40,,
Determines the effective configuration for the recommendation list.,0.40,,
"Determines the effective configuration for the A/B assignment.
Maintains deterministic behavior across repeated runs.",0.40,,
Generates the compliance exception in the shape expected by its consumer.,0.40,,
Validates the search query while collecting explanatory messages.,0.40,,
"Copies the recommendation list into a safe working representation.
Uses the standard domain vocabulary.
Its output remains stable across retries.",0.40,,
Copies the search query into a safe working representation.,0.40,,
Generates the authorization grant in the shape expected by its consumer.,0.40,,
Determines the effective configuration for the ranking score.,0.40,,
Copies the ranking score into a safe working representation.,0.40,,
"Validates the query result page while collecting explanatory messages.
Uses the standard domain vocabulary.
The behavior remains predictable for an unchanged state.",0.40,,
Generates the feature experiment in the shape expected by its consumer.,0.40,,
"Generates the recommendation list in the shape expected by its consumer.
Maintains deterministic behavior across repeated runs.",0.40,,
Loads an actionable representation of the A/B assignment.,0.45,,
"Ensures the ranking score is complete enough for the next workflow stage.
Uses the standard domain vocabulary.
Its output remains stable across retries.",0.45,,
Builds the version of the data classification shown to operators.,0.45,,
Prepares the A/B assignment for review by normalizing its visible fields.,0.45,,
"Loads an actionable representation of the authorization grant.
Retains the expected data shape.",0.45,,
Produces the current service-facing form of the feature experiment.,0.45,,
Reconciles the local view of the data classification with pending updates.,0.45,,
"Produces the current service-facing form of the A/B assignment.
Retains the expected data shape.",0.45,,
"Loads an actionable representation of the feature experiment.
Retains the expected data shape.",0.45,,
Prepares the retention policy for review by normalizing its visible fields.,0.45,,
Prepares the OAuth session for review by normalizing its visible fields.,0.45,,
"Builds the version of the feature experiment shown to operators.
Maintains deterministic behavior across repeated runs.",0.45,,
Reconciles the local view of the search query with pending updates.,0.45,,
Loads an actionable representation of the recommendation list.,0.45,,
"Prepares the compliance exception for review by normalizing its visible fields.
Follows the configured processing rules.",0.45,,
"Reconciles the local view of the retention policy with pending updates.
Follows the configured processing rules.",0.45,,
Ensures the search query is complete enough for the next workflow stage.,0.45,,
"Reconciles the local view of the feature experiment with pending updates.
Uses the standard domain vocabulary.
Existing domain invariants remain intact.",0.45,,
Ensures the recommendation list is complete enough for the next workflow stage.,0.45,,
"Prepares the search query for review by normalizing its visible fields.
Uses the standard domain vocabulary.
The behavior remains predictable for an unchanged state.",0.45,,
Builds the version of the ranking score shown to operators.,0.45,,
"Builds the version of the retention policy shown to operators.
Retains the expected data shape.",0.45,,
"Reconciles the local view of the authorization grant with pending updates.
Uses the standard domain vocabulary.
Existing domain invariants remain intact.",0.45,,
"Ensures the compliance exception is complete enough for the next workflow stage.
Uses the standard domain vocabulary.
Its output remains stable across retries.",0.45,,
"Loads an actionable representation of the query result page.
Retains the expected data shape.",0.45,,
Reconciles the local view of the OAuth session with pending updates.,0.45,,
Ensures the A/B assignment is complete enough for the next workflow stage.,0.45,,
Reconciles the local view of the compliance exception with pending updates.,0.45,,
Prepares the recommendation list for review by normalizing its visible fields.,0.45,,
"Produces the current service-facing form of the retention policy.
Maintains deterministic behavior across repeated runs.",0.45,,
Prepares the authorization grant for review by normalizing its visible fields.,0.45,,
"Produces the current service-facing form of the recommendation list.
Maintains deterministic behavior across repeated runs.",0.45,,
Builds the version of the compliance exception shown to operators.,0.45,,
Ensures the data classification is complete enough for the next workflow stage.,0.45,,
Produces the current service-facing form of the search query.,0.45,,
Loads an actionable representation of the OAuth session.,0.45,,
"Builds the version of the authorization grant shown to operators.
Maintains deterministic behavior across repeated runs.",0.45,,
Produces the current service-facing form of the authorization grant.,0.45,,
"Ensures the query result page is complete enough for the next workflow stage.
Follows the configured processing rules.",0.45,,
Ensures the retention policy is complete enough for the next workflow stage.,0.45,,
"Loads an actionable representation of the compliance exception.
Maintains deterministic behavior across repeated runs.",0.45,,
"Ensures the authorization grant is complete enough for the next workflow stage.
Follows the configured processing rules.",0.45,,
"Reconciles the local view of the recommendation list with pending updates.
Follows the configured processing rules.",0.45,,
Produces the current service-facing form of the data classification.,0.45,,
"Prepares the data classification for review by normalizing its visible fields.
Uses the standard domain vocabulary.
The behavior remains predictable for an unchanged state.",0.45,,
"Builds the version of the recommendation list shown to operators.
Retains the expected data shape.",0.45,,
"Ensures the feature experiment is complete enough for the next workflow stage.
Follows the configured processing rules.",0.45,,
"Produces the current service-facing form of the OAuth session.
Retains the expected data shape.",0.45,,
Builds the version of the A/B assignment shown to operators.,0.45,,
Loads an actionable representation of the data classification.,0.45,,
Ensures the OAuth session is complete enough for the next workflow stage.,0.45,,
Builds the version of the search query shown to operators.,0.45,,
"Loads an actionable representation of the ranking score.
Maintains deterministic behavior across repeated runs.",0.45,,
Produces the current service-facing form of the compliance exception.,0.45,,
Reconciles the local view of the ranking score with pending updates.,0.45,,
Loads an actionable representation of the search query.,0.45,,
Prepares the feature experiment for review by normalizing its visible fields.,0.45,,
Loads an actionable representation of the retention policy.,0.45,,
Reconciles the local view of the A/B assignment with pending updates.,0.45,,
Prepares the query result page for review by normalizing its visible fields.,0.45,,
Builds the version of the OAuth session shown to operators.,0.45,,
"Prepares the ranking score for review by normalizing its visible fields.
Follows the configured processing rules.",0.45,,
Produces the current service-facing form of the ranking score.,0.45,,
Constructs the domain representation of the A/B assignment.,0.50,,
"Prepares the search query for the next stage of processing.
Follows the configured processing rules.",0.50,,
Coordinates the state required to act on the data classification.,0.50,,
Evaluates the OAuth session against the active decision policy.,0.50,,
"Evaluates the ranking score against the active decision policy.
Follows the configured processing rules.",0.50,,
"Evaluates the search query against the active decision policy.
Uses the standard domain vocabulary.
Existing domain invariants remain intact.",0.50,,
Processes the recommendation list as one unit of the workflow.,0.50,,
Processes the search query as one unit of the workflow.,0.50,,
Prepares the compliance exception for the next stage of processing.,0.50,,
"Processes the compliance exception as one unit of the workflow.
Maintains deterministic behavior across repeated runs.",0.50,,
Constructs the domain representation of the feature experiment.,0.50,,
Processes the data classification as one unit of the workflow.,0.50,,
Prepares the ranking score for the next stage of processing.,0.50,,
Coordinates the state required to act on the search query.,0.50,,
"Constructs the domain representation of the compliance exception.
Retains the expected data shape.",0.50,,
Evaluates the retention policy against the active decision policy.,0.50,,
Evaluates the authorization grant against the active decision policy.,0.50,,
"Evaluates the compliance exception against the active decision policy.
Follows the configured processing rules.",0.50,,
"Materializes the current view of the authorization grant.
Follows the configured processing rules.",0.50,,
"Materializes the current view of the ranking score.
Uses the standard domain vocabulary.
The behavior remains predictable for an unchanged state.",0.50,,
"Processes the authorization grant as one unit of the workflow.
Retains the expected data shape.",0.50,,
Processes the A/B assignment as one unit of the workflow.,0.50,,
Constructs the domain representation of the authorization grant.,0.50,,
Coordinates the state required to act on the compliance exception.,0.50,,
Materializes the current view of the data classification.,0.50,,
Materializes the current view of the OAuth session.,0.50,,
Prepares the recommendation list for the next stage of processing.,0.50,,
Materializes the current view of the A/B assignment.,0.50,,
"Coordinates the state required to act on the recommendation list.
Retains the expected data shape.",0.50,,
"Materializes the current view of the compliance exception.
Uses the standard domain vocabulary.
The behavior remains predictable for an unchanged state.",0.50,,
"Prepares the OAuth session for the next stage of processing.
Uses the standard domain vocabulary.
Its output remains stable across retries.",0.50,,
Evaluates the A/B assignment against the active decision policy.,0.50,,
Materializes the current view of the retention policy.,0.50,,
Coordinates the state required to act on the A/B assignment.,0.50,,
"Constructs the domain representation of the ranking score.
Retains the expected data shape.",0.50,,
Prepares the authorization grant for the next stage of processing.,0.50,,
"Prepares the A/B assignment for the next stage of processing.
Uses the standard domain vocabulary.
Its output remains stable across retries.",0.50,,
Constructs the domain representation of the recommendation list.,0.50,,
Evaluates the recommendation list against the active decision policy.,0.50,,
"Prepares the data classification for the next stage of processing.
Follows the configured processing rules.",0.50,,
Prepares the query result page for the next stage of processing.,0.50,,
Processes the OAuth session as one unit of the workflow.,0.50,,
Prepares the retention policy for the next stage of processing.,0.50,,
Materializes the current view of the search query.,0.50,,
"Processes the feature experiment as one unit of the workflow.
Retains the expected data shape.",0.50,,
"Constructs the domain representation of the search query.
Maintains deterministic behavior across repeated runs.",0.50,,
Evaluates the query result page against the active decision policy.,0.50,,
"Processes the ranking score as one unit of the workflow.
Maintains deterministic behavior across repeated runs.",0.50,,
Constructs the domain representation of the OAuth session.,0.50,,
"Coordinates the state required to act on the authorization grant.
Maintains deterministic behavior across repeated runs.",0.50,,
"Materializes the current view of the feature experiment.
Follows the configured processing rules.",0.50,,
"Coordinates the state required to act on the feature experiment.
Maintains deterministic behavior across repeated runs.",0.50,,
"Coordinates the state required to act on the retention policy.
Retains the expected data shape.",0.50,,
Evaluates the feature experiment against the active decision policy.,0.50,,
Prepares the feature experiment for the next stage of processing.,0.50,,
"Evaluates the data classification against the active decision policy.
Uses the standard domain vocabulary.
Existing domain invariants remain intact.",0.50,,
Constructs the domain representation of the retention policy.,0.50,,
Coordinates the state required to act on the OAuth session.,0.50,,
Materializes the current view of the recommendation list.,0.50,,
Constructs the domain representation of the query result page.,0.50,,
Processes the retention policy as one unit of the workflow.,0.50,,
"Constructs the domain representation of the data classification.
Maintains deterministic behavior across repeated runs.",0.50,,
Coordinates the state required to act on the ranking score.,0.50,,
"Resolves the state needed to operate on the A/B assignment.
Uses the standard domain vocabulary.
The behavior remains predictable for an unchanged state.",0.55,,
Coordinates the work needed to make the query result page ready for use.,0.55,,
Finalizes the OAuth session before the workflow continues.,0.55,,
"Resolves the state needed to operate on the search query.
Follows the configured processing rules.",0.55,,
Coordinates the work needed to make the data classification ready for use.,0.55,,
Constructs the active representation of the OAuth session.,0.55,,
Coordinates the work needed to make the compliance exception ready for use.,0.55,,
"Applies the configured rules to the compliance exception.
Retains the expected data shape.",0.55,,
Coordinates the work needed to make the authorization grant ready for use.,0.55,,
"Produces a usable form of the OAuth session for the active workflow.
Maintains deterministic behavior across repeated runs.",0.55,,
Constructs the active representation of the A/B assignment.,0.55,,
"Coordinates the work needed to make the A/B assignment ready for use.
Follows the configured processing rules.",0.55,,
Produces a usable form of the query result page for the active workflow.,0.55,,
Finalizes the A/B assignment before the workflow continues.,0.55,,
Coordinates the work needed to make the ranking score ready for use.,0.55,,
"Produces a usable form of the search query for the active workflow.
Retains the expected data shape.",0.55,,
Applies the configured rules to the A/B assignment.,0.55,,
"Applies the configured rules to the ranking score.
Retains the expected data shape.",0.55,,
"Resolves the state needed to operate on the OAuth session.
Uses the standard domain vocabulary.
The behavior remains predictable for an unchanged state.",0.55,,
"Produces a usable form of the data classification for the active workflow.
Retains the expected data shape.",0.55,,
Applies the configured rules to the OAuth session.,0.55,,
Applies the configured rules to the authorization grant.,0.55,,
"Constructs the active representation of the compliance exception.
Maintains deterministic behavior across repeated runs.",0.55,,
Coordinates the work needed to make the feature experiment ready for use.,0.55,,
Constructs the active representation of the recommendation list.,0.55,,
"Finalizes the search query before the workflow continues.
Uses the standard domain vocabulary.
Its output remains stable across retries.",0.55,,
"Coordinates the work needed to make the OAuth session ready for use.
Follows the configured processing rules.",0.55,,
Finalizes the authorization grant before the workflow continues.,0.55,,
"Produces a usable form of the A/B assignment for the active workflow.
Maintains deterministic behavior across repeated runs.",0.55,,
"Finalizes the compliance exception before the workflow continues.
Follows the configured processing rules.",0.55,,
Produces a usable form of the retention policy for the active workflow.,0.55,,
Produces a usable form of the recommendation list for the active workflow.,0.55,,
Resolves the state needed to operate on the query result page.,0.55,,
Finalizes the retention policy before the workflow continues.,0.55,,
Constructs the active representation of the search query.,0.55,,
Finalizes the feature experiment before the workflow continues.,0.55,,
Resolves the state needed to operate on the ranking score.,0.55,,
Applies the configured rules to the retention policy.,0.55,,
Produces a usable form of the feature experiment for the active workflow.,0.55,,
"Constructs the active representation of the feature experiment.
Retains the expected data shape.",0.55,,
Resolves the state needed to operate on the feature experiment.,0.55,,
"Finalizes the data classification before the workflow continues.
Uses the standard domain vocabulary.
Its output remains stable across retries.",0.55,,
"Constructs the active representation of the authorization grant.
Retains the expected data shape.",0.55,,
Resolves the state needed to operate on the recommendation list.,0.55,,
"Coordinates the work needed to make the retention policy ready for use.
Uses the standard domain vocabulary.
Existing domain invariants remain intact.",0.55,,
Produces a usable form of the ranking score for the active workflow.,0.55,,
"Applies the configured rules to the search query.
Maintains deterministic behavior across repeated runs.",0.55,,
"Coordinates the work needed to make the recommendation list ready for use.
Uses the standard domain vocabulary.
Existing domain invariants remain intact.",0.55,,
Produces a usable form of the compliance exception for the active workflow.,0.55,,
Constructs the active representation of the retention policy.,0.55,,
Applies the configured rules to the feature experiment.,0.55,,
Resolves the state needed to operate on the retention policy.,0.55,,
Applies the configured rules to the recommendation list.,0.55,,
Constructs the active representation of the data classification.,0.55,,
Produces a usable form of the authorization grant for the active workflow.,0.55,,
"Applies the configured rules to the data classification.
Maintains deterministic behavior across repeated runs.",0.55,,
Resolves the state needed to operate on the authorization grant.,0.55,,
"Resolves the state needed to operate on the data classification.
Follows the configured processing rules.",0.55,,
"Finalizes the ranking score before the workflow continues.
Follows the configured processing rules.",0.55,,
Coordinates the work needed to make the search query ready for use.,0.55,,
Finalizes the recommendation list before the workflow continues.,0.55,,
Resolves the state needed to operate on the compliance exception.,0.55,,
"Constructs the active representation of the ranking score.
Maintains deterministic behavior across repeated runs.",0.55,,
Validates and canonicalizes the OAuth session under the active policy.,0.60,,
"Builds a reliable working copy of the OAuth session.
Retains the expected data shape.",0.60,,
"Determines the effective state of the OAuth session.
Follows the configured processing rules.",0.60,,
Validates and canonicalizes the A/B assignment under the active policy.,0.60,,
Determines the effective state of the compliance exception.,0.60,,
Builds a reliable working copy of the search query.,0.60,,
"Determines the effective state of the retention policy.
Uses the standard domain vocabulary.
Its output remains stable across retries.",0.60,,
Calculates the current interpretation of the retention policy.,0.60,,
"Validates and canonicalizes the query result page under the active policy.
Uses the standard domain vocabulary.
The behavior remains predictable for an unchanged state.",0.60,,
Validates and canonicalizes the compliance exception under the active policy.,0.60,,
"Normalizes the representation of the OAuth session for downstream services.
Maintains deterministic behavior across repeated runs.",0.60,,
"Calculates the current interpretation of the search query.
Maintains deterministic behavior across repeated runs.",0.60,,
Determines the effective state of the data classification.,0.60,,
Determines the effective state of the feature experiment.,0.60,,
Validates and canonicalizes the ranking score under the active policy.,0.60,,
Produces the value of the feature experiment used by the decision engine.,0.60,,
Normalizes the representation of the ranking score for downstream services.,0.60,,
Builds a reliable working copy of the compliance exception.,0.60,,
"Normalizes the representation of the data classification for downstream services.
Retains the expected data shape.",0.60,,
"Determines the effective state of the A/B assignment.
Follows the configured processing rules.",0.60,,
Builds a reliable working copy of the query result page.,0.60,,
Produces the value of the compliance exception used by the decision engine.,0.60,,
"Builds a reliable working copy of the A/B assignment.
Retains the expected data shape.",0.60,,
Determines the effective state of the search query.,0.60,,
"Determines the effective state of the recommendation list.
Uses the standard domain vocabulary.
Its output remains stable across retries.",0.60,,
Determines the effective state of the authorization grant.,0.60,,
"Builds a reliable working copy of the retention policy.
Maintains deterministic behavior across repeated runs.",0.60,,
Calculates the current interpretation of the authorization grant.,0.60,,
Normalizes the representation of the feature experiment for downstream services.,0.60,,
"Calculates the current interpretation of the compliance exception.
Retains the expected data shape.",0.60,,
Produces the value of the retention policy used by the decision engine.,0.60,,
"Produces the value of the A/B assignment used by the decision engine.
Uses the standard domain vocabulary.
Existing domain invariants remain intact.",0.60,,
Calculates the current interpretation of the feature experiment.,0.60,,
Validates and canonicalizes the search query under the active policy.,0.60,,
"Validates and canonicalizes the retention policy under the active policy.
Follows the configured processing rules.",0.60,,
Determines the effective state of the query result page.,0.60,,
Determines the effective state of the ranking score.,0.60,,
Normalizes the representation of the retention policy for downstream services.,0.60,,
"Validates and canonicalizes the authorization grant under the active policy.
Uses the standard domain vocabulary.
The behavior remains predictable for an unchanged state.",0.60,,
Builds a reliable working copy of the authorization grant.,0.60,,
Calculates the current interpretation of the OAuth session.,0.60,,
"Builds a reliable working copy of the recommendation list.
Maintains deterministic behavior across repeated runs.",0.60,,
"Normalizes the representation of the A/B assignment for downstream services.
Maintains deterministic behavior across repeated runs.",0.60,,
Builds a reliable working copy of the data classification.,0.60,,
Produces the value of the recommendation list used by the decision engine.,0.60,,
Validates and canonicalizes the data classification under the active policy.,0.60,,
"Produces the value of the OAuth session used by the decision engine.
Uses the standard domain vocabulary.
Existing domain invariants remain intact.",0.60,,
Builds a reliable working copy of the feature experiment.,0.60,,
Normalizes the representation of the authorization grant for downstream services.,0.60,,
"Validates and canonicalizes the feature experiment under the active policy.
Uses the standard domain vocabulary.
The behavior remains predictable for an unchanged state.",0.60,,
Builds a reliable working copy of the ranking score.,0.60,,
Normalizes the representation of the compliance exception for downstream services.,0.60,,
Normalizes the representation of the recommendation list for downstream services.,0.60,,
Calculates the current interpretation of the A/B assignment.,0.60,,
Produces the value of the ranking score used by the decision engine.,0.60,,
"Validates and canonicalizes the recommendation list under the active policy.
Follows the configured processing rules.",0.60,,
Produces the value of the authorization grant used by the decision engine.,0.60,,
"Calculates the current interpretation of the data classification.
Maintains deterministic behavior across repeated runs.",0.60,,
"Produces the value of the data classification used by the decision engine.
Follows the configured processing rules.",0.60,,
Calculates the current interpretation of the recommendation list.,0.60,,
"Normalizes the representation of the search query for downstream services.
Retains the expected data shape.",0.60,,
"Produces the value of the search query used by the decision engine.
Follows the configured processing rules.",0.60,,
"Calculates the current interpretation of the ranking score.
Retains the expected data shape.",0.60,,
Calculates the effective value represented by the data classification.,0.65,,
Chooses the correct processing path for the search query.,0.65,,
Resolves the current domain state of the authorization grant.,0.65,,
Generates the internal representation required for the ranking score.,0.65,,
"Resolves the current domain state of the OAuth session.
Maintains deterministic behavior across repeated runs.",0.65,,
"Calculates the effective value represented by the ranking score.
Uses the standard domain vocabulary.
Its output remains stable across retries.",0.65,,
Resolves the current domain state of the retention policy.,0.65,,
Derives the actionable state for the ranking score.,0.65,,
Chooses the correct processing path for the ranking score.,0.65,,
Calculates the effective value represented by the recommendation list.,0.65,,
"Derives the actionable state for the authorization grant.
Uses the standard domain vocabulary.
Existing domain invariants remain intact.",0.65,,
"Creates the stable display form of the query result page.
Maintains deterministic behavior across repeated runs.",0.65,,
Derives the actionable state for the search query.,0.65,,
"Chooses the correct processing path for the A/B assignment.
Retains the expected data shape.",0.65,,
"Derives the actionable state for the retention policy.
Follows the configured processing rules.",0.65,,
"Chooses the correct processing path for the recommendation list.
Maintains deterministic behavior across repeated runs.",0.65,,
Resolves the current domain state of the recommendation list.,0.65,,
"Derives the actionable state for the feature experiment.
Uses the standard domain vocabulary.
Existing domain invariants remain intact.",0.65,,
"Generates the internal representation required for the OAuth session.
Follows the configured processing rules.",0.65,,
Chooses the correct processing path for the compliance exception.,0.65,,
Derives the actionable state for the OAuth session.,0.65,,
"Creates the stable display form of the retention policy.
Retains the expected data shape.",0.65,,
Derives the actionable state for the data classification.,0.65,,
Calculates the effective value represented by the search query.,0.65,,
"Derives the actionable state for the recommendation list.
Follows the configured processing rules.",0.65,,
Generates the internal representation required for the compliance exception.,0.65,,
Derives the actionable state for the A/B assignment.,0.65,,
"Resolves the current domain state of the A/B assignment.
Maintains deterministic behavior across repeated runs.",0.65,,
"Calculates the effective value represented by the authorization grant.
Follows the configured processing rules.",0.65,,
Creates the stable display form of the OAuth session.,0.65,,
"Calculates the effective value represented by the compliance exception.
Uses the standard domain vocabulary.
Its output remains stable across retries.",0.65,,
Derives the actionable state for the compliance exception.,0.65,,
"Calculates the effective value represented by the query result page.
Follows the configured processing rules.",0.65,,
Calculates the effective value represented by the retention policy.,0.65,,
Generates the internal representation required for the authorization grant.,0.65,,
Creates the stable display form of the A/B assignment.,0.65,,
"Resolves the current domain state of the data classification.
Retains the expected data shape.",0.65,,
"Generates the internal representation required for the retention policy.
Uses the standard domain vocabulary.
The behavior remains predictable for an unchanged state.",0.65,,
Generates the internal representation required for the data classification.,0.65,,
Generates the internal representation required for the search query.,0.65,,
"Derives the actionable state for the query result page.
Uses the standard domain vocabulary.
Existing domain invariants remain intact.",0.65,,
Creates the stable display form of the ranking score.,0.65,,
Calculates the effective value represented by the A/B assignment.,0.65,,
"Chooses the correct processing path for the OAuth session.
Retains the expected data shape.",0.65,,
Creates the stable display form of the search query.,0.65,,
Resolves the current domain state of the compliance exception.,0.65,,
Creates the stable display form of the compliance exception.,0.65,,
"Resolves the current domain state of the search query.
Retains the expected data shape.",0.65,,
Chooses the correct processing path for the data classification.,0.65,,
Calculates the effective value represented by the OAuth session.,0.65,,
Chooses the correct processing path for the authorization grant.,0.65,,
"Calculates the effective value represented by the feature experiment.
Follows the configured processing rules.",0.65,,
Creates the stable display form of the data classification.,0.65,,
Generates the internal representation required for the feature experiment.,0.65,,
"Creates the stable display form of the feature experiment.
Maintains deterministic behavior across repeated runs.",0.65,,
"Creates the stable display form of the authorization grant.
Maintains deterministic behavior across repeated runs.",0.65,,
"Generates the internal representation required for the A/B assignment.
Follows the configured processing rules.",0.65,,
Resolves the current domain state of the feature experiment.,0.65,,
"Chooses the correct processing path for the retention policy.
Maintains deterministic behavior across repeated runs.",0.65,,
"Generates the internal representation required for the recommendation list.
Uses the standard domain vocabulary.
The behavior remains predictable for an unchanged state.",0.65,,
"Creates the stable display form of the recommendation list.
Retains the expected data shape.",0.65,,
Chooses the correct processing path for the feature experiment.,0.65,,
Resolves the current domain state of the ranking score.,0.65,,
Looks up the active policy governing the A/B assignment.,0.70,,
"Determines whether the feature experiment may advance.
Retains the expected data shape.",0.70,,
"Formats the recommendation list for its designated output channel.
Retains the expected data shape.",0.70,,
Produces the status value for the authorization grant.,0.70,,
Produces the status value for the feature experiment.,0.70,,
Looks up the active policy governing the compliance exception.,0.70,,
Determines whether the OAuth session may advance.,0.70,,
"Determines whether the query result page may advance.
Retains the expected data shape.",0.70,,
"Creates the canonical identifier for the feature experiment.
Follows the configured processing rules.",0.70,,
Creates the canonical identifier for the data classification.,0.70,,
"Looks up the active policy governing the recommendation list.
Follows the configured processing rules.",0.70,,
"Produces the status value for the A/B assignment.
Retains the expected data shape.",0.70,,
Formats the OAuth session for its designated output channel.,0.70,,
"Resolves the current state of the compliance exception.
Follows the configured processing rules.",0.70,,
Looks up the active policy governing the OAuth session.,0.70,,
Determines whether the search query may advance.,0.70,,
Determines whether the retention policy may advance.,0.70,,
Determines whether the A/B assignment may advance.,0.70,,
"Creates the canonical identifier for the compliance exception.
Uses the standard domain vocabulary.
The behavior remains predictable for an unchanged state.",0.70,,
Resolves the current state of the OAuth session.,0.70,,
Creates the canonical identifier for the recommendation list.,0.70,,
Formats the ranking score for its designated output channel.,0.70,,
"Resolves the current state of the data classification.
Uses the standard domain vocabulary.
Existing domain invariants remain intact.",0.70,,
Determines whether the data classification may advance.,0.70,,
Produces the status value for the search query.,0.70,,
Produces the status value for the compliance exception.,0.70,,
Determines whether the recommendation list may advance.,0.70,,
Resolves the current state of the authorization grant.,0.70,,
Produces the status value for the ranking score.,0.70,,
"Looks up the active policy governing the feature experiment.
Uses the standard domain vocabulary.
Its output remains stable across retries.",0.70,,
"Creates the canonical identifier for the ranking score.
Uses the standard domain vocabulary.
The behavior remains predictable for an unchanged state.",0.70,,
Creates the canonical identifier for the OAuth session.,0.70,,
Produces the status value for the data classification.,0.70,,
"Determines whether the authorization grant may advance.
Retains the expected data shape.",0.70,,
"Formats the feature experiment for its designated output channel.
Maintains deterministic behavior across repeated runs.",0.70,,
"Creates the canonical identifier for the query result page.
Follows the configured processing rules.",0.70,,
"Resolves the current state of the search query.
Uses the standard domain vocabulary.
Existing domain invariants remain intact.",0.70,,
"Formats the retention policy for its designated output channel.
Retains the expected data shape.",0.70,,
"Determines whether the ranking score may advance.
Maintains deterministic behavior across repeated runs.",0.70,,
"Looks up the active policy governing the retention policy.
Follows the configured processing rules.",0.70,,
Resolves the current state of the retention policy.,0.70,,
Looks up the active policy governing the ranking score.,0.70,,
"Looks up the active policy governing the authorization grant.
Uses the standard domain vocabulary.
Its output remains stable across retries.",0.70,,
Looks up the active policy governing the search query.,0.70,,
"Produces the status value for the OAuth session.
Retains the expected data shape.",0.70,,
Formats the data classification for its designated output channel.,0.70,,
"Creates the canonical identifier for the authorization grant.
Follows the configured processing rules.",0.70,,
"Determines whether the compliance exception may advance.
Maintains deterministic behavior across repeated runs.",0.70,,
"Produces the status value for the recommendation list.
Maintains deterministic behavior across repeated runs.",0.70,,
Resolves the current state of the A/B assignment.,0.70,,
Looks up the active policy governing the data classification.,0.70,,
Creates the canonical identifier for the retention policy.,0.70,,
Formats the A/B assignment for its designated output channel.,0.70,,
Formats the search query for its designated output channel.,0.70,,
"Resolves the current state of the ranking score.
Follows the configured processing rules.",0.70,,
Resolves the current state of the feature experiment.,0.70,,
"Produces the status value for the retention policy.
Maintains deterministic behavior across repeated runs.",0.70,,
Creates the canonical identifier for the search query.,0.70,,
"Formats the authorization grant for its designated output channel.
Maintains deterministic behavior across repeated runs.",0.70,,
Resolves the current state of the query result page.,0.70,,
Creates the canonical identifier for the A/B assignment.,0.70,,
Formats the compliance exception for its designated output channel.,0.70,,
Resolves the current state of the recommendation list.,0.70,,
Selects the preferred outcome for the ranking score.,0.75,,
Returns the display name associated with the OAuth session.,0.75,,
Generates a stable fingerprint for the data classification.,0.75,,
Generates a stable fingerprint for the recommendation list.,0.75,,
Determines whether the compliance exception meets the relevant rule.,0.75,,
"Selects the preferred outcome for the retention policy.
Retains the expected data shape.",0.75,,
Computes the metric derived from the A/B assignment.,0.75,,
Determines whether the query result page meets the relevant rule.,0.75,,
"Computes the metric derived from the ranking score.
Follows the configured processing rules.",0.75,,
Returns the display name associated with the authorization grant.,0.75,,
Selects the preferred outcome for the compliance exception.,0.75,,
Returns the display name associated with the query result page.,0.75,,
"Generates a stable fingerprint for the compliance exception.
Maintains deterministic behavior across repeated runs.",0.75,,
Selects the preferred outcome for the OAuth session.,0.75,,
Determines whether the authorization grant meets the relevant rule.,0.75,,
Determines whether the ranking score meets the relevant rule.,0.75,,
Returns the display name associated with the feature experiment.,0.75,,
"Converts the authorization grant to the storage representation.
Follows the configured processing rules.",0.75,,
"Computes the metric derived from the compliance exception.
Follows the configured processing rules.",0.75,,
"Generates a stable fingerprint for the feature experiment.
Retains the expected data shape.",0.75,,
Computes the metric derived from the recommendation list.,0.75,,
"Selects the preferred outcome for the feature experiment.
Maintains deterministic behavior across repeated runs.",0.75,,
Generates a stable fingerprint for the A/B assignment.,0.75,,
Determines whether the feature experiment meets the relevant rule.,0.75,,
"Returns the display name associated with the search query.
Maintains deterministic behavior across repeated runs.",0.75,,
"Determines whether the OAuth session meets the relevant rule.
Uses the standard domain vocabulary.
The behavior remains predictable for an unchanged state.",0.75,,
Converts the data classification to the storage representation.,0.75,,
"Computes the metric derived from the search query.
Uses the standard domain vocabulary.
Its output remains stable across retries.",0.75,,
Generates a stable fingerprint for the search query.,0.75,,
Converts the A/B assignment to the storage representation.,0.75,,
"Returns the display name associated with the compliance exception.
Retains the expected data shape.",0.75,,
Computes the metric derived from the authorization grant.,0.75,,
Generates a stable fingerprint for the retention policy.,0.75,,
Converts the search query to the storage representation.,0.75,,
"Returns the display name associated with the data classification.
Maintains deterministic behavior across repeated runs.",0.75,,
Computes the metric derived from the query result page.,0.75,,
Computes the metric derived from the feature experiment.,0.75,,
"Converts the ranking score to the storage representation.
Uses the standard domain vocabulary.
Existing domain invariants remain intact.",0.75,,
"Selects the preferred outcome for the recommendation list.
Retains the expected data shape.",0.75,,
Converts the recommendation list to the storage representation.,0.75,,
"Converts the compliance exception to the storage representation.
Uses the standard domain vocabulary.
Existing domain invariants remain intact.",0.75,,
Computes the metric derived from the retention policy.,0.75,,
"Determines whether the data classification meets the relevant rule.
Follows the configured processing rules.",0.75,,
Returns the display name associated with the retention policy.,0.75,,
"Converts the feature experiment to the storage representation.
Follows the configured processing rules.",0.75,,
Converts the retention policy to the storage representation.,0.75,,
Selects the preferred outcome for the A/B assignment.,0.75,,
"Determines whether the search query meets the relevant rule.
Follows the configured processing rules.",0.75,,
"Determines whether the A/B assignment meets the relevant rule.
Uses the standard domain vocabulary.
The behavior remains predictable for an unchanged state.",0.75,,
Returns the display name associated with the recommendation list.,0.75,,
Selects the preferred outcome for the data classification.,0.75,,
Generates a stable fingerprint for the OAuth session.,0.75,,
Selects the preferred outcome for the search query.,0.75,,
"Computes the metric derived from the data classification.
Uses the standard domain vocabulary.
Its output remains stable across retries.",0.75,,
Determines whether the retention policy meets the relevant rule.,0.75,,
"Generates a stable fingerprint for the authorization grant.
Retains the expected data shape.",0.75,,
Converts the OAuth session to the storage representation.,0.75,,
"Returns the display name associated with the ranking score.
Retains the expected data shape.",0.75,,
"Generates a stable fingerprint for the ranking score.
Maintains deterministic behavior across repeated runs.",0.75,,
Computes the metric derived from the OAuth session.,0.75,,
Returns the display name associated with the A/B assignment.,0.75,,
"Selects the preferred outcome for the authorization grant.
Maintains deterministic behavior across repeated runs.",0.75,,
Determines whether the recommendation list meets the relevant rule.,0.75,,
Checks the search query against its lifecycle policy.,0.80,,
"Builds the summary view of the compliance exception.
Retains the expected data shape.",0.80,,
"Returns the effective classification of the ranking score.
Maintains deterministic behavior across repeated runs.",0.80,,
Checks the compliance exception against its lifecycle policy.,0.80,,
Selects the preferred route for the retention policy.,0.80,,
"Derives the access decision for the data classification.
Uses the standard domain vocabulary.
The behavior remains predictable for an unchanged state.",0.80,,
"Builds the summary view of the search query.
Maintains deterministic behavior across repeated runs.",0.80,,
Constructs the canonical representation of the recommendation list.,0.80,,
"Constructs the canonical representation of the data classification.
Retains the expected data shape.",0.80,,
Derives the access decision for the A/B assignment.,0.80,,
"Returns the effective classification of the authorization grant.
Retains the expected data shape.",0.80,,
Builds the summary view of the A/B assignment.,0.80,,
Builds the summary view of the OAuth session.,0.80,,
Returns the effective classification of the retention policy.,0.80,,
Checks the query result page against its lifecycle policy.,0.80,,
"Checks the retention policy against its lifecycle policy.
Uses the standard domain vocabulary.
Its output remains stable across retries.",0.80,,
"Constructs the canonical representation of the search query.
Retains the expected data shape.",0.80,,
Checks the ranking score against its lifecycle policy.,0.80,,
Constructs the canonical representation of the compliance exception.,0.80,,
Derives the access decision for the feature experiment.,0.80,,
"Checks the OAuth session against its lifecycle policy.
Follows the configured processing rules.",0.80,,
"Returns the effective classification of the feature experiment.
Retains the expected data shape.",0.80,,
Constructs the canonical representation of the authorization grant.,0.80,,
"Constructs the canonical representation of the A/B assignment.
Maintains deterministic behavior across repeated runs.",0.80,,
Constructs the canonical representation of the feature experiment.,0.80,,
Builds the summary view of the authorization grant.,0.80,,
Constructs the canonical representation of the retention policy.,0.80,,
"Checks the A/B assignment against its lifecycle policy.
Follows the configured processing rules.",0.80,,
Selects the preferred route for the authorization grant.,0.80,,
Builds the summary view of the recommendation list.,0.80,,
Builds the summary view of the feature experiment.,0.80,,
"Derives the access decision for the search query.
Uses the standard domain vocabulary.
The behavior remains predictable for an unchanged state.",0.80,,
"Derives the access decision for the compliance exception.
Follows the configured processing rules.",0.80,,
"Builds the summary view of the ranking score.
Retains the expected data shape.",0.80,,
"Selects the preferred route for the data classification.
Follows the configured processing rules.",0.80,,
Checks the data classification against its lifecycle policy.,0.80,,
Selects the preferred route for the ranking score.,0.80,,
Selects the preferred route for the query result page.,0.80,,
"Returns the effective classification of the compliance exception.
Maintains deterministic behavior across repeated runs.",0.80,,
Selects the preferred route for the recommendation list.,0.80,,
Returns the effective classification of the data classification.,0.80,,
Checks the authorization grant against its lifecycle policy.,0.80,,
Constructs the canonical representation of the ranking score.,0.80,,
Returns the effective classification of the A/B assignment.,0.80,,
"Derives the access decision for the ranking score.
Follows the configured processing rules.",0.80,,
Constructs the canonical representation of the query result page.,0.80,,
Returns the effective classification of the OAuth session.,0.80,,
Derives the access decision for the authorization grant.,0.80,,
Derives the access decision for the OAuth session.,0.80,,
"Selects the preferred route for the search query.
Follows the configured processing rules.",0.80,,
"Selects the preferred route for the OAuth session.
Uses the standard domain vocabulary.
Existing domain invariants remain intact.",0.80,,
Selects the preferred route for the compliance exception.,0.80,,
Derives the access decision for the retention policy.,0.80,,
Selects the preferred route for the feature experiment.,0.80,,
Checks the feature experiment against its lifecycle policy.,0.80,,
Returns the effective classification of the search query.,0.80,,
"Builds the summary view of the data classification.
Maintains deterministic behavior across repeated runs.",0.80,,
"Selects the preferred route for the A/B assignment.
Uses the standard domain vocabulary.
Existing domain invariants remain intact.",0.80,,
"Constructs the canonical representation of the OAuth session.
Maintains deterministic behavior across repeated runs.",0.80,,
Builds the summary view of the retention policy.,0.80,,
Derives the access decision for the recommendation list.,0.80,,
Returns the effective classification of the recommendation list.,0.80,,
"Checks the recommendation list against its lifecycle policy.
Uses the standard domain vocabulary.
Its output remains stable across retries.",0.80,,
"Creates a stable key for the feature experiment.
Uses the standard domain vocabulary.
Existing domain invariants remain intact.",0.85,,
Removes expired data associated with the feature experiment.,0.85,,
"Extracts the canonical attributes of the search query.
Maintains deterministic behavior across repeated runs.",0.85,,
"Calculates the checksum for the OAuth session.
Follows the configured processing rules.",0.85,,
Returns the current version of the ranking score.,0.85,,
Returns the current version of the retention policy.,0.85,,
"Extracts the canonical attributes of the data classification.
Maintains deterministic behavior across repeated runs.",0.85,,
"Extracts the canonical attributes of the compliance exception.
Retains the expected data shape.",0.85,,
"Removes expired data associated with the search query.
Follows the configured processing rules.",0.85,,
Extracts the canonical attributes of the authorization grant.,0.85,,
"Extracts the canonical attributes of the ranking score.
Retains the expected data shape.",0.85,,
"Removes expired data associated with the data classification.
Follows the configured processing rules.",0.85,,
"Serializes the A/B assignment into the configured interchange format.
Retains the expected data shape.",0.85,,
Extracts the canonical attributes of the recommendation list.,0.85,,
"Calculates the checksum for the recommendation list.
Uses the standard domain vocabulary.
The behavior remains predictable for an unchanged state.",0.85,,
Creates a stable key for the A/B assignment.,0.85,,
Serializes the ranking score into the configured interchange format.,0.85,,
Calculates the checksum for the feature experiment.,0.85,,
Removes expired data associated with the compliance exception.,0.85,,
Serializes the search query into the configured interchange format.,0.85,,
Creates a stable key for the data classification.,0.85,,
Removes expired data associated with the recommendation list.,0.85,,
"Serializes the retention policy into the configured interchange format.
Maintains deterministic behavior across repeated runs.",0.85,,
"Returns the current version of the OAuth session.
Maintains deterministic behavior across repeated runs.",0.85,,
Returns the current version of the authorization grant.,0.85,,
"Creates a stable key for the authorization grant.
Uses the standard domain vocabulary.
Existing domain invariants remain intact.",0.85,,
Serializes the data classification into the configured interchange format.,0.85,,
"Removes expired data associated with the OAuth session.
Uses the standard domain vocabulary.
Its output remains stable across retries.",0.85,,
Calculates the checksum for the data classification.,0.85,,
Returns the current version of the compliance exception.,0.85,,
Removes expired data associated with the authorization grant.,0.85,,
"Creates a stable key for the retention policy.
Follows the configured processing rules.",0.85,,
Serializes the authorization grant into the configured interchange format.,0.85,,
Removes expired data associated with the ranking score.,0.85,,
"Serializes the recommendation list into the configured interchange format.
Maintains deterministic behavior across repeated runs.",0.85,,
"Calculates the checksum for the retention policy.
Uses the standard domain vocabulary.
The behavior remains predictable for an unchanged state.",0.85,,
Creates a stable key for the compliance exception.,0.85,,
Creates a stable key for the OAuth session.,0.85,,
"Creates a stable key for the query result page.
Uses the standard domain vocabulary.
Existing domain invariants remain intact.",0.85,,
"Serializes the OAuth session into the configured interchange format.
Retains the expected data shape.",0.85,,
"Removes expired data associated with the A/B assignment.
Uses the standard domain vocabulary.
Its output remains stable across retries.",0.85,,
"Returns the current version of the search query.
Retains the expected data shape.",0.85,,
Serializes the query result page into the configured interchange format.,0.85,,
Creates a stable key for the ranking score.,0.85,,
"Calculates the checksum for the A/B assignment.
Follows the configured processing rules.",0.85,,
"Returns the current version of the data classification.
Retains the expected data shape.",0.85,,
Serializes the compliance exception into the configured interchange format.,0.85,,
Returns the current version of the feature experiment.,0.85,,
Calculates the checksum for the authorization grant.,0.85,,
Serializes the feature experiment into the configured interchange format.,0.85,,
Extracts the canonical attributes of the A/B assignment.,0.85,,
Calculates the checksum for the query result page.,0.85,,
"Returns the current version of the A/B assignment.
Maintains deterministic behavior across repeated runs.",0.85,,
Calculates the checksum for the ranking score.,0.85,,
Returns the current version of the recommendation list.,0.85,,
Extracts the canonical attributes of the feature experiment.,0.85,,
Extracts the canonical attributes of the retention policy.,0.85,,
Calculates the checksum for the compliance exception.,0.85,,
Calculates the checksum for the search query.,0.85,,
Extracts the canonical attributes of the OAuth session.,0.85,,
Removes expired data associated with the retention policy.,0.85,,
Creates a stable key for the search query.,0.85,,
"Creates a stable key for the recommendation list.
Follows the configured processing rules.",0.85,,
Generates a cryptographically safe token for the ranking score.,0.90,,
"Determines the expiration time for the recommendation list.
Uses the standard domain vocabulary.
Existing domain invariants remain intact.",0.90,,
"Normalizes the compliance exception according to its canonical convention.
Uses the standard domain vocabulary.
The behavior remains predictable for an unchanged state.",0.90,,
Formats the canonical timestamp for the compliance exception.,0.90,,
Extracts the meaningful fields from the data classification.,0.90,,
"Extracts the meaningful fields from the retention policy.
Maintains deterministic behavior across repeated runs.",0.90,,
Determines the expiration time for the authorization grant.,0.90,,
Extracts the meaningful fields from the ranking score.,0.90,,
"Formats the canonical timestamp for the A/B assignment.
Maintains deterministic behavior across repeated runs.",0.90,,
"Generates a cryptographically safe token for the feature experiment.
Uses the standard domain vocabulary.
Its output remains stable across retries.",0.90,,
Computes the authorization result for the search query.,0.90,,
Determines the expiration time for the search query.,0.90,,
Normalizes the retention policy according to its canonical convention.,0.90,,
"Extracts the meaningful fields from the A/B assignment.
Retains the expected data shape.",0.90,,
"Normalizes the feature experiment according to its canonical convention.
Follows the configured processing rules.",0.90,,
"Computes the authorization result for the query result page.
Maintains deterministic behavior across repeated runs.",0.90,,
Generates a cryptographically safe token for the data classification.,0.90,,
Determines the expiration time for the feature experiment.,0.90,,
"Generates a cryptographically safe token for the authorization grant.
Uses the standard domain vocabulary.
Its output remains stable across retries.",0.90,,
Generates a cryptographically safe token for the search query.,0.90,,
"Computes the authorization result for the feature experiment.
Maintains deterministic behavior across repeated runs.",0.90,,
Determines the expiration time for the compliance exception.,0.90,,
"Computes the authorization result for the retention policy.
Retains the expected data shape.",0.90,,
Determines the expiration time for the data classification.,0.90,,
Formats the canonical timestamp for the feature experiment.,0.90,,
"Extracts the meaningful fields from the recommendation list.
Maintains deterministic behavior across repeated runs.",0.90,,
"Formats the canonical timestamp for the OAuth session.
Maintains deterministic behavior across repeated runs.",0.90,,
"Extracts the meaningful fields from the OAuth session.
Retains the expected data shape.",0.90,,
Normalizes the A/B assignment according to its canonical convention.,0.90,,
Computes the authorization result for the compliance exception.,0.90,,
Formats the canonical timestamp for the recommendation list.,0.90,,
"Determines the expiration time for the OAuth session.
Follows the configured processing rules.",0.90,,
Computes the authorization result for the A/B assignment.,0.90,,
"Determines the expiration time for the retention policy.
Uses the standard domain vocabulary.
Existing domain invariants remain intact.",0.90,,
Determines the expiration time for the ranking score.,0.90,,
Extracts the meaningful fields from the compliance exception.,0.90,,
"Normalizes the query result page according to its canonical convention.
Follows the configured processing rules.",0.90,,
Computes the authorization result for the ranking score.,0.90,,
Formats the canonical timestamp for the ranking score.,0.90,,
Normalizes the data classification according to its canonical convention.,0.90,,
Formats the canonical timestamp for the retention policy.,0.90,,
Computes the authorization result for the OAuth session.,0.90,,
"Computes the authorization result for the recommendation list.
Retains the expected data shape.",0.90,,
"Generates a cryptographically safe token for the recommendation list.
Follows the configured processing rules.",0.90,,
"Generates a cryptographically safe token for the retention policy.
Follows the configured processing rules.",0.90,,
Computes the authorization result for the data classification.,0.90,,
Generates a cryptographically safe token for the compliance exception.,0.90,,
"Formats the canonical timestamp for the search query.
Retains the expected data shape.",0.90,,
"Computes the authorization result for the authorization grant.
Maintains deterministic behavior across repeated runs.",0.90,,
"Generates a cryptographically safe token for the query result page.
Uses the standard domain vocabulary.
Its output remains stable across retries.",0.90,,
Extracts the meaningful fields from the authorization grant.,0.90,,
Generates a cryptographically safe token for the A/B assignment.,0.90,,
Extracts the meaningful fields from the search query.,0.90,,
Generates a cryptographically safe token for the OAuth session.,0.90,,
"Normalizes the authorization grant according to its canonical convention.
Follows the configured processing rules.",0.90,,
"Normalizes the ranking score according to its canonical convention.
Uses the standard domain vocabulary.
The behavior remains predictable for an unchanged state.",0.90,,
Normalizes the search query according to its canonical convention.,0.90,,
Formats the canonical timestamp for the authorization grant.,0.90,,
Normalizes the OAuth session according to its canonical convention.,0.90,,
"Formats the canonical timestamp for the data classification.
Retains the expected data shape.",0.90,,
Extracts the meaningful fields from the feature experiment.,0.90,,
"Determines the expiration time for the A/B assignment.
Follows the configured processing rules.",0.90,,
Normalizes the recommendation list according to its canonical convention.,0.90,,
"Checks whether the recommendation list belongs to the active set.
Retains the expected data shape.",0.95,,
Resolves the localized display value of the feature experiment.,0.95,,
Resolves the localized display value of the authorization grant.,0.95,,
Returns the canonical label for the authorization grant.,0.95,,
"Returns the canonical label for the data classification.
Uses the standard domain vocabulary.
Its output remains stable across retries.",0.95,,
"Converts the feature experiment to its normalized internal form.
Follows the configured processing rules.",0.95,,
"Creates the immutable summary of the authorization grant.
Uses the standard domain vocabulary.
The behavior remains predictable for an unchanged state.",0.95,,
Checks whether the OAuth session belongs to the active set.,0.95,,
"Checks whether the retention policy belongs to the active set.
Retains the expected data shape.",0.95,,
"Converts the query result page to its normalized internal form.
Follows the configured processing rules.",0.95,,
"Produces the single value that identifies the compliance exception.
Maintains deterministic behavior across repeated runs.",0.95,,
Produces the single value that identifies the A/B assignment.,0.95,,
Returns the canonical label for the retention policy.,0.95,,
Returns the canonical label for the OAuth session.,0.95,,
"Creates the immutable summary of the retention policy.
Follows the configured processing rules.",0.95,,
Checks whether the A/B assignment belongs to the active set.,0.95,,
Creates the immutable summary of the search query.,0.95,,
Produces the single value that identifies the search query.,0.95,,
"Returns the canonical label for the ranking score.
Follows the configured processing rules.",0.95,,
"Produces the single value that identifies the feature experiment.
Retains the expected data shape.",0.95,,
"Converts the compliance exception to its normalized internal form.
Uses the standard domain vocabulary.
Existing domain invariants remain intact.",0.95,,
"Resolves the localized display value of the OAuth session.
Retains the expected data shape.",0.95,,
Creates the immutable summary of the data classification.,0.95,,
Produces the single value that identifies the data classification.,0.95,,
Converts the OAuth session to its normalized internal form.,0.95,,
"Checks whether the authorization grant belongs to the active set.
Maintains deterministic behavior across repeated runs.",0.95,,
Creates the immutable summary of the compliance exception.,0.95,,
Returns the canonical label for the recommendation list.,0.95,,
"Produces the single value that identifies the query result page.
Retains the expected data shape.",0.95,,
Resolves the localized display value of the ranking score.,0.95,,
"Creates the immutable summary of the feature experiment.
Uses the standard domain vocabulary.
The behavior remains predictable for an unchanged state.",0.95,,
Converts the retention policy to its normalized internal form.,0.95,,
"Converts the authorization grant to its normalized internal form.
Follows the configured processing rules.",0.95,,
Converts the A/B assignment to its normalized internal form.,0.95,,
"Resolves the localized display value of the retention policy.
Maintains deterministic behavior across repeated runs.",0.95,,
"Converts the ranking score to its normalized internal form.
Uses the standard domain vocabulary.
Existing domain invariants remain intact.",0.95,,
Converts the search query to its normalized internal form.,0.95,,
Creates the immutable summary of the ranking score.,0.95,,
Checks whether the ranking score belongs to the active set.,0.95,,
"Returns the canonical label for the compliance exception.
Follows the configured processing rules.",0.95,,
Checks whether the compliance exception belongs to the active set.,0.95,,
Returns the canonical label for the query result page.,0.95,,
"Produces the single value that identifies the ranking score.
Maintains deterministic behavior across repeated runs.",0.95,,
Converts the data classification to its normalized internal form.,0.95,,
"Returns the canonical label for the search query.
Uses the standard domain vocabulary.
Its output remains stable across retries.",0.95,,
"Resolves the localized display value of the recommendation list.
Maintains deterministic behavior across repeated runs.",0.95,,
Produces the single value that identifies the retention policy.,0.95,,
Returns the canonical label for the A/B assignment.,0.95,,
Resolves the localized display value of the data classification.,0.95,,
Converts the recommendation list to its normalized internal form.,0.95,,
Resolves the localized display value of the compliance exception.,0.95,,
"Resolves the localized display value of the A/B assignment.
Retains the expected data shape.",0.95,,
Returns the canonical label for the feature experiment.,0.95,,
"Produces the single value that identifies the authorization grant.
Retains the expected data shape.",0.95,,
Creates the immutable summary of the OAuth session.,0.95,,
Checks whether the search query belongs to the active set.,0.95,,
"Creates the immutable summary of the recommendation list.
Follows the configured processing rules.",0.95,,
Produces the single value that identifies the OAuth session.,0.95,,
"Checks whether the feature experiment belongs to the active set.
Maintains deterministic behavior across repeated runs.",0.95,,
Resolves the localized display value of the search query.,0.95,,
Creates the immutable summary of the A/B assignment.,0.95,,
Checks whether the data classification belongs to the active set.,0.95,,
Produces the single value that identifies the recommendation list.,0.95,,
Generate the stable cache key for the message thread.,1.0,,
"Generate a stable fingerprint for the exchange-rate table.
Follows the configured processing rules.",1.0,,
Normalize the rate-limit window using the selected convention.,1.0,,
"Serialize the document revision into JSON.
Follows the configured processing rules.",1.0,,
"Remove expired entries associated with the experiment result.
Follows the configured processing rules.",1.0,,
"Create the immutable summary of the warehouse transfer.
Uses the standard domain vocabulary.
Existing domain invariants remain intact.",1.0,,
"Map the payment receipt to its display label.
Follows the configured processing rules.",1.0,,
"Generate a stable fingerprint for the message thread.
Uses the standard domain vocabulary.
Existing domain invariants remain intact.",1.0,,
"Create the immutable summary of the backup snapshot.
Maintains deterministic behavior across repeated runs.",1.0,,
Sort the data migration by creation time.,1.0,,
Validate the structural integrity of the rule set.,1.0,,
Determine the expiration time for the experiment result.,1.0,,
Validate the structural integrity of the experiment result.,1.0,,
"Return the canonical identifier for the data migration.
Uses the standard domain vocabulary.
Its output remains stable across retries.",1.0,,
"Read the current status of the backup snapshot.
Retains the expected data shape.",1.0,,
"Compute the effective value represented by the rule set.
Retains the expected data shape.",1.0,,
Generate a stable fingerprint for the scheduled report.,1.0,,
Extract the recognized fields from the backup snapshot.,1.0,,
"Generate a stable fingerprint for the shipping label.
Retains the expected data shape.",1.0,,
"Extract the recognized fields from the exchange-rate table.
Retains the expected data shape.",1.0,,
"Determine whether the tax summary is expired.
Retains the expected data shape.",1.0,,
Remove expired entries associated with the document revision.,1.0,,
Sort the subscription renewal by creation time.,1.0,,
Read the current status of the password reset request.,1.0,,
"Remove expired entries associated with the subscription renewal.
Maintains deterministic behavior across repeated runs.",1.0,,
Remove expired entries associated with the data migration.,1.0,,
Create the immutable summary of the tax summary.,1.0,,
Sort the model checkpoint by creation time.,1.0,,
"Read the current status of the rate-limit window.
Uses the standard domain vocabulary.
Its output remains stable across retries.",1.0,,
Format the timestamp associated with the tax summary.,1.0,,
"Remove expired entries associated with the backup snapshot.
Uses the standard domain vocabulary.
Its output remains stable across retries.",1.0,,
Normalize the access policy using the selected convention.,1.0,,
"Return the canonical identifier for the backup snapshot.
Maintains deterministic behavior across repeated runs.",1.0,,
"Compute the effective value represented by the message thread.
Retains the expected data shape.",1.0,,
Determine whether the backup snapshot is expired.,1.0,,
Determine whether the warehouse transfer is expired.,1.0,,
"Sort the shipping label by creation time.
Follows the configured processing rules.",1.0,,
Resolve the canonical location of the subscription renewal.,1.0,,
Resolve the canonical location of the experiment result.,1.0,,
"Encode the tax summary in the configured interchange format.
Retains the expected data shape.",1.0,,
"Create the immutable summary of the training corpus.
Follows the configured processing rules.",1.0,,
"Generate the stable cache key for the scheduled report.
Follows the configured processing rules.",1.0,,
Generate a stable fingerprint for the training corpus.,1.0,,
"Extract the recognized fields from the tax summary.
Follows the configured processing rules.",1.0,,
"Sort the password reset request by creation time.
Uses the standard domain vocabulary.
Existing domain invariants remain intact.",1.0,,
Create the immutable summary of the shipping label.,1.0,,
Return the canonical identifier for the access policy.,1.0,,
Determine the expiration time for the notification batch.,1.0,,
"Generate a stable fingerprint for the rate-limit window.
Retains the expected data shape.",1.0,,
Remove expired entries associated with the scheduled report.,1.0,,
Compute the effective value represented by the tax summary.,1.0,,
Serialize the route plan into JSON.,1.0,,
Determine whether the shipping label is expired.,1.0,,
Read the current status of the experiment result.,1.0,,
Normalize the route plan using the selected convention.,1.0,,
"Determine whether the rule set is expired.
Follows the configured processing rules.",1.0,,
Determine the expiration time for the warehouse transfer.,1.0,,
Remove expired entries associated with the warehouse transfer.,1.0,,
"Determine whether the model checkpoint is expired.
Maintains deterministic behavior across repeated runs.",1.0,,
"Sort the scheduled report by creation time.
Retains the expected data shape.",1.0,,
"Determine whether the experiment result is expired.
Uses the standard domain vocabulary.
Its output remains stable across retries.",1.0,,
Map the shipping label to its display label.,1.0,,
"Validate the structural integrity of the rate-limit window.
Follows the configured processing rules.",1.0,,
Format the timestamp associated with the password reset request.,1.0,,
Compute the effective value represented by the exchange-rate table.,1.0,,
Serialize the backup snapshot into JSON.,1.0,,
"Remove expired entries associated with the training corpus.
Maintains deterministic behavior across repeated runs.",1.0,,
Calculate the checksum for the exchange-rate table.,1.0,,
Read the current status of the tax summary.,1.0,,
"Resolve the canonical location of the shipping label.
Uses the standard domain vocabulary.
Existing domain invariants remain intact.",1.0,,
Return the canonical identifier for the exchange-rate table.,1.0,,
Resolve the canonical location of the document revision.,1.0,,
"Create the immutable summary of the data migration.
Uses the standard domain vocabulary.
The behavior remains predictable for an unchanged state.",1.0,,
"Sort the rate-limit window by creation time.
Follows the configured processing rules.",1.0,,
Resolve the canonical location of the customer segment.,1.0,,
Calculate the checksum for the data migration.,1.0,,
Return the canonical identifier for the message thread.,1.0,,
Sort the notification batch by creation time.,1.0,,
Sort the warehouse transfer by creation time.,1.0,,
Serialize the subscription renewal into JSON.,1.0,,
Serialize the training corpus into JSON.,1.0,,
Read the current status of the customer segment.,1.0,,
Read the current status of the rule set.,1.0,,
"Validate the structural integrity of the access policy.
Maintains deterministic behavior across repeated runs.",1.0,,
"Generate the stable cache key for the route plan.
Follows the configured processing rules.",1.0,,
Extract the recognized fields from the rate-limit window.,1.0,,
Extract the recognized fields from the shipping label.,1.0,,
Normalize the data migration using the selected convention.,1.0,,
Validate the structural integrity of the warehouse transfer.,1.0,,
Determine whether the training corpus is expired.,1.0,,
"Determine whether the document revision is expired.
Retains the expected data shape.",1.0,,
Encode the subscription renewal in the configured interchange format.,1.0,,
Generate a stable fingerprint for the payment receipt.,1.0,,
Format the timestamp associated with the customer segment.,1.0,,
Extract the recognized fields from the route plan.,1.0,,
"Format the timestamp associated with the access policy.
Uses the standard domain vocabulary.
The behavior remains predictable for an unchanged state.",1.0,,
Determine the expiration time for the payment receipt.,1.0,,
Generate the stable cache key for the rule set.,1.0,,
"Return the canonical identifier for the warehouse transfer.
Uses the standard domain vocabulary.
The behavior remains predictable for an unchanged state.",1.0,,
Generate the stable cache key for the training corpus.,1.0,,
Encode the rate-limit window in the configured interchange format.,1.0,,
"Determine the expiration time for the access policy.
Follows the configured processing rules.",1.0,,
"Determine whether the message thread is expired.
Follows the configured processing rules.",1.0,,
Extract the recognized fields from the training corpus.,1.0,,
Calculate the checksum for the shipping label.,1.0,,
Serialize the experiment result into JSON.,1.0,,
Return the canonical identifier for the route plan.,1.0,,
Map the tax summary to its display label.,1.0,,
"Normalize the model checkpoint using the selected convention.
Retains the expected data shape.",1.0,,
Generate the stable cache key for the document revision.,1.0,,
Determine whether the route plan is expired.,1.0,,
Normalize the password reset request using the selected convention.,1.0,,
"Generate the stable cache key for the shipping label.
Maintains deterministic behavior across repeated runs.",1.0,,
Map the exchange-rate table to its display label.,1.0,,
Format the timestamp associated with the experiment result.,1.0,,
Create the immutable summary of the scheduled report.,1.0,,
Validate the structural integrity of the model checkpoint.,1.0,,
Create the immutable summary of the route plan.,1.0,,
Read the current status of the subscription renewal.,1.0,,
Calculate the checksum for the access policy.,1.0,,
"Serialize the exchange-rate table into JSON.
Retains the expected data shape.",1.0,,
Serialize the shipping label into JSON.,1.0,,
"Serialize the password reset request into JSON.
Follows the configured processing rules.",1.0,,
"Read the current status of the warehouse transfer.
Follows the configured processing rules.",1.0,,
Create the immutable summary of the access policy.,1.0,,
Determine the expiration time for the subscription renewal.,1.0,,
"Map the training corpus to its display label.
Retains the expected data shape.",1.0,,
"Calculate the checksum for the notification batch.
Follows the configured processing rules.",1.0,,
Determine the expiration time for the model checkpoint.,1.0,,
Extract the recognized fields from the customer segment.,1.0,,
Serialize the rate-limit window into JSON.,1.0,,
"Format the timestamp associated with the scheduled report.
Follows the configured processing rules.",1.0,,
Format the timestamp associated with the payment receipt.,1.0,,
"Return the canonical identifier for the payment receipt.
Maintains deterministic behavior across repeated runs.",1.0,,
Sort the training corpus by creation time.,1.0,,
"Generate a stable fingerprint for the rule set.
Uses the standard domain vocabulary.
The behavior remains predictable for an unchanged state.",1.0,,
Sort the customer segment by creation time.,1.0,,
Compute the effective value represented by the payment receipt.,1.0,,
Encode the scheduled report in the configured interchange format.,1.0,,
"Determine the expiration time for the message thread.
Uses the standard domain vocabulary.
Its output remains stable across retries.",1.0,,
"Compute the effective value represented by the customer segment.
Maintains deterministic behavior across repeated runs.",1.0,,
Format the timestamp associated with the model checkpoint.,1.0,,
"Sort the tax summary by creation time.
Uses the standard domain vocabulary.
Its output remains stable across retries.",1.0,,
Map the experiment result to its display label.,1.0,,
"Extract the recognized fields from the model checkpoint.
Uses the standard domain vocabulary.
Its output remains stable across retries.",1.0,,
"Serialize the model checkpoint into JSON.
Uses the standard domain vocabulary.
Existing domain invariants remain intact.",1.0,,
Compute the effective value represented by the password reset request.,1.0,,
Map the customer segment to its display label.,1.0,,
Validate the structural integrity of the data migration.,1.0,,
Compute the effective value represented by the route plan.,1.0,,
Determine whether the access policy is expired.,1.0,,
Compute the effective value represented by the access policy.,1.0,,
Generate the stable cache key for the subscription renewal.,1.0,,
"Resolve the canonical location of the route plan.
Maintains deterministic behavior across repeated runs.",1.0,,
"Compute the effective value represented by the subscription renewal.
Uses the standard domain vocabulary.
Its output remains stable across retries.",1.0,,
Generate a stable fingerprint for the data migration.,1.0,,
Create the immutable summary of the password reset request.,1.0,,
Generate the stable cache key for the payment receipt.,1.0,,
"Map the route plan to its display label.
Uses the standard domain vocabulary.
Its output remains stable across retries.",1.0,,
Compute the effective value represented by the backup snapshot.,1.0,,
Calculate the checksum for the rate-limit window.,1.0,,
"Serialize the rule set into JSON.
Maintains deterministic behavior across repeated runs.",1.0,,
Read the current status of the model checkpoint.,1.0,,
Calculate the checksum for the payment receipt.,1.0,,
"Resolve the canonical location of the warehouse transfer.
Follows the configured processing rules.",1.0,,
Determine whether the payment receipt is expired.,1.0,,
Normalize the document revision using the selected convention.,1.0,,
Format the timestamp associated with the document revision.,1.0,,
"Determine the expiration time for the shipping label.
Retains the expected data shape.",1.0,,
"Create the immutable summary of the customer segment.
Retains the expected data shape.",1.0,,
Determine whether the data migration is expired.,1.0,,
"Read the current status of the scheduled report.
Maintains deterministic behavior across repeated runs.",1.0,,
"Format the timestamp associated with the exchange-rate table.
Uses the standard domain vocabulary.
Existing domain invariants remain intact.",1.0,,
Create the immutable summary of the document revision.,1.0,,
Determine the expiration time for the training corpus.,1.0,,
Map the notification batch to its display label.,1.0,,
"Determine the expiration time for the rule set.
Uses the standard domain vocabulary.
Existing domain invariants remain intact.",1.0,,
Validate the structural integrity of the customer segment.,1.0,,
"Format the timestamp associated with the data migration.
Retains the expected data shape.",1.0,,
Remove expired entries associated with the shipping label.,1.0,,
"Validate the structural integrity of the document revision.
Uses the standard domain vocabulary.
Existing domain invariants remain intact.",1.0,,
"Calculate the checksum for the message thread.
Retains the expected data shape.",1.0,,
Calculate the checksum for the password reset request.,1.0,,
"Validate the structural integrity of the exchange-rate table.
Maintains deterministic behavior across repeated runs.",1.0,,
"Generate a stable fingerprint for the tax summary.
Maintains deterministic behavior across repeated runs.",1.0,,
Generate a stable fingerprint for the experiment result.,1.0,,
"Extract the recognized fields from the password reset request.
Follows the configured processing rules.",1.0,,
"Create the immutable summary of the payment receipt.
Maintains deterministic behavior across repeated runs.",1.0,,
Format the timestamp associated with the message thread.,1.0,,
Encode the access policy in the configured interchange format.,1.0,,
"Read the current status of the data migration.
Follows the configured processing rules.",1.0,,
Remove expired entries associated with the access policy.,1.0,,
Extract the recognized fields from the experiment result.,1.0,,
Compute the effective value represented by the shipping label.,1.0,,
"Encode the rule set in the configured interchange format.
Follows the configured processing rules.",1.0,,
Resolve the canonical location of the message thread.,1.0,,
"Generate a stable fingerprint for the document revision.
Maintains deterministic behavior across repeated runs.",1.0,,
Remove expired entries associated with the rate-limit window.,1.0,,
Generate the stable cache key for the password reset request.,1.0,,
Compute the effective value represented by the rate-limit window.,1.0,,
Read the current status of the exchange-rate table.,1.0,,
"Remove expired entries associated with the customer segment.
Follows the configured processing rules.",1.0,,
Encode the data migration in the configured interchange format.,1.0,,
"Determine the expiration time for the password reset request.
Maintains deterministic behavior across repeated runs.",1.0,,
Return the canonical identifier for the tax summary.,1.0,,
"Extract the recognized fields from the access policy.
Retains the expected data shape.",1.0,,
Read the current status of the document revision.,1.0,,
"Compute the effective value represented by the experiment result.
Maintains deterministic behavior across repeated runs.",1.0,,
Generate a stable fingerprint for the backup snapshot.,1.0,,
Resolve the canonical location of the training corpus.,1.0,,
Generate the stable cache key for the model checkpoint.,1.0,,
"Normalize the customer segment using the selected convention.
Follows the configured processing rules.",1.0,,
"Encode the customer segment in the configured interchange format.
Uses the standard domain vocabulary.
Existing domain invariants remain intact.",1.0,,
"Serialize the message thread into JSON.
Maintains deterministic behavior across repeated runs.",1.0,,
"Determine whether the password reset request is expired.
Retains the expected data shape.",1.0,,
"Remove expired entries associated with the payment receipt.
Uses the standard domain vocabulary.
The behavior remains predictable for an unchanged state.",1.0,,
Encode the shipping label in the configured interchange format.,1.0,,
"Generate the stable cache key for the rate-limit window.
Maintains deterministic behavior across repeated runs.",1.0,,
"Normalize the experiment result using the selected convention.
Follows the configured processing rules.",1.0,,
Serialize the payment receipt into JSON.,1.0,,
Map the access policy to its display label.,1.0,,
"Read the current status of the shipping label.
Uses the standard domain vocabulary.
The behavior remains predictable for an unchanged state.",1.0,,
Extract the recognized fields from the scheduled report.,1.0,,
Generate a stable fingerprint for the model checkpoint.,1.0,,
Generate a stable fingerprint for the customer segment.,1.0,,
Return the canonical identifier for the rate-limit window.,1.0,,
Format the timestamp associated with the subscription renewal.,1.0,,
Return the canonical identifier for the invoice line items.,1.0,,
Map the rule set to its display label.,1.0,,
Extract the recognized fields from the warehouse transfer.,1.0,,
Encode the exchange-rate table in the configured interchange format.,1.0,,
Remove expired entries associated with the message thread.,1.0,,
Determine whether the scheduled report is expired.,1.0,,
Compute the effective value represented by the document revision.,1.0,,
"Read the current status of the route plan.
Maintains deterministic behavior across repeated runs.",1.0,,
Normalize the message thread using the selected convention.,1.0,,
Encode the training corpus in the configured interchange format.,1.0,,
"Normalize the backup snapshot using the selected convention.
Uses the standard domain vocabulary.
Existing domain invariants remain intact.",1.0,,
"Validate the structural integrity of the tax summary.
Uses the standard domain vocabulary.
The behavior remains predictable for an unchanged state.",1.0,,
"Encode the password reset request in the configured interchange format.
Retains the expected data shape.",1.0,,
"Remove expired entries associated with the model checkpoint.
Retains the expected data shape.",1.0,,
"Calculate the checksum for the model checkpoint.
Follows the configured processing rules.",1.0,,
Generate a stable fingerprint for the warehouse transfer.,1.0,,
"Generate the stable cache key for the warehouse transfer.
Retains the expected data shape.",1.0,,
Read the current status of the notification batch.,1.0,,
Determine the expiration time for the data migration.,1.0,,
Generate a stable fingerprint for the notification batch.,1.0,,
Determine whether the subscription renewal is expired.,1.0,,
Format the timestamp associated with the rule set.,1.0,,
"Determine the expiration time for the rate-limit window.
Retains the expected data shape.",1.0,,
Format the timestamp associated with the training corpus.,1.0,,
Format the timestamp associated with the backup snapshot.,1.0,,
Calculate the checksum for the document revision.,1.0,,
Return the canonical identifier for the document revision.,1.0,,
Remove expired entries associated with the exchange-rate table.,1.0,,
"Generate the stable cache key for the access policy.
Uses the standard domain vocabulary.
Existing domain invariants remain intact.",1.0,,
"Normalize the notification batch using the selected convention.
Retains the expected data shape.",1.0,,
"Map the subscription renewal to its display label.
Retains the expected data shape.",1.0,,
"Extract the recognized fields from the notification batch.
Uses the standard domain vocabulary.
The behavior remains predictable for an unchanged state.",1.0,,
"Format the timestamp associated with the route plan.
Follows the configured processing rules.",1.0,,
Determine whether the exchange-rate table is expired.,1.0,,
Create the immutable summary of the exchange-rate table.,1.0,,
"Map the warehouse transfer to its display label.
Maintains deterministic behavior across repeated runs.",1.0,,
"Map the data migration to its display label.
Maintains deterministic behavior across repeated runs.",1.0,,
Validate the structural integrity of the payment receipt.,1.0,,
"Create the immutable summary of the experiment result.
Retains the expected data shape.",1.0,,
"Sort the route plan by creation time.
Retains the expected data shape.",1.0,,
"Resolve the canonical location of the rate-limit window.
Uses the standard domain vocabulary.
The behavior remains predictable for an unchanged state.",1.0,,
"Format the timestamp associated with the shipping label.
Maintains deterministic behavior across repeated runs.",1.0,,
Remove expired entries associated with the tax summary.,1.0,,
"Extract the recognized fields from the message thread.
Maintains deterministic behavior across repeated runs.",1.0,,
Sort the message thread by creation time.,1.0,,
Remove expired entries associated with the password reset request.,1.0,,
"Serialize the access policy into JSON.
Retains the expected data shape.",1.0,,
"Normalize the training corpus using the selected convention.
Maintains deterministic behavior across repeated runs.",1.0,,
Determine the expiration time for the customer segment.,1.0,,
"Read the current status of the payment receipt.
Retains the expected data shape.",1.0,,
"Map the scheduled report to its display label.
Uses the standard domain vocabulary.
Existing domain invariants remain intact.",1.0,,
Remove expired entries associated with the rule set.,1.0,,
Normalize the rule set using the selected convention.,1.0,,
"Generate the stable cache key for the exchange-rate table.
Uses the standard domain vocabulary.
Its output remains stable across retries.",1.0,,
Return the canonical identifier for the notification batch.,1.0,,
Return the canonical identifier for the shipping label.,1.0,,
Determine whether the rate-limit window is expired.,1.0,,
"Determine whether the customer segment is expired.
Uses the standard domain vocabulary.
The behavior remains predictable for an unchanged state.",1.0,,
Generate the stable cache key for the experiment result.,1.0,,
Calculate the checksum for the backup snapshot.,1.0,,
"Validate the structural integrity of the password reset request.
Uses the standard domain vocabulary.
Its output remains stable across retries.",1.0,,
"Determine the expiration time for the tax summary.
Maintains deterministic behavior across repeated runs.",1.0,,
Sort the backup snapshot by creation time.,1.0,,
"Remove expired entries associated with the notification batch.
Retains the expected data shape.",1.0,,
Encode the route plan in the configured interchange format.,1.0,,
Create the immutable summary of the model checkpoint.,1.0,,
"Generate a stable fingerprint for the access policy.
Follows the configured processing rules.",1.0,,
Serialize the customer segment into JSON.,1.0,,
Normalize the exchange-rate table using the selected convention.,1.0,,
Validate the structural integrity of the training corpus.,1.0,,
Compute the effective value represented by the warehouse transfer.,1.0,,
"Extract the recognized fields from the rule set.
Maintains deterministic behavior across repeated runs.",1.0,,
"Sort the document revision by creation time.
Uses the standard domain vocabulary.
The behavior remains predictable for an unchanged state.",1.0,,
"Validate the structural integrity of the scheduled report.
Retains the expected data shape.",1.0,,
"Return the canonical identifier for the customer segment.
Retains the expected data shape.",1.0,,
Resolve the canonical location of the model checkpoint.,1.0,,
Determine the expiration time for the backup snapshot.,1.0,,
Resolve the canonical location of the access policy.,1.0,,
Read the current status of the access policy.,1.0,,
Calculate the checksum for the warehouse transfer.,1.0,,
"Sort the access policy by creation time.
Maintains deterministic behavior across repeated runs.",1.0,,
Sort the experiment result by creation time.,1.0,,
Encode the payment receipt in the configured interchange format.,1.0,,
"Encode the document revision in the configured interchange format.
Retains the expected data shape.",1.0,,
Return the canonical identifier for the model checkpoint.,1.0,,
"Resolve the canonical location of the payment receipt.
Retains the expected data shape.",1.0,,
"Return the canonical identifier for the subscription renewal.
Follows the configured processing rules.",1.0,,
Resolve the canonical location of the notification batch.,1.0,,
Create the immutable summary of the rate-limit window.,1.0,,
Return the canonical identifier for the rule set.,1.0,,
"Generate a stable fingerprint for the password reset request.
Maintains deterministic behavior across repeated runs.",1.0,,
Calculate the checksum for the tax summary.,1.0,,
Serialize the data migration into JSON.,1.0,,
"Normalize the payment receipt using the selected convention.
Uses the standard domain vocabulary.
Its output remains stable across retries.",1.0,,
Format the timestamp associated with the notification batch.,1.0,,
Generate a stable fingerprint for the route plan.,1.0,,
Generate the stable cache key for the tax summary.,1.0,,
"Resolve the canonical location of the scheduled report.
Maintains deterministic behavior across repeated runs.",1.0,,
Validate the structural integrity of the notification batch.,1.0,,
Create the immutable summary of the message thread.,1.0,,
Normalize the scheduled report using the selected convention.,1.0,,
"Generate the stable cache key for the data migration.
Retains the expected data shape.",1.0,,
Return the canonical identifier for the scheduled report.,1.0,,
"Create the immutable summary of the subscription renewal.
Follows the configured processing rules.",1.0,,
Create the immutable summary of the rule set.,1.0,,
Validate the structural integrity of the message thread.,1.0,,
Compute the effective value represented by the scheduled report.,1.0,,
"Extract the recognized fields from the document revision.
Follows the configured processing rules.",1.0,,
Compute the effective value represented by the data migration.,1.0,,
"Compute the effective value represented by the notification batch.
Follows the configured processing rules.",1.0,,
Resolve the canonical location of the password reset request.,1.0,,
Encode the warehouse transfer in the configured interchange format.,1.0,,
"Determine the expiration time for the document revision.
Maintains deterministic behavior across repeated runs.",1.0,,
Extract the recognized fields from the payment receipt.,1.0,,
"Sort the exchange-rate table by creation time.
Maintains deterministic behavior across repeated runs.",1.0,,
Encode the backup snapshot in the configured interchange format.,1.0,,
Map the message thread to its display label.,1.0,,
"Resolve the canonical location of the data migration.
Follows the configured processing rules.",1.0,,
Resolve the canonical location of the rule set.,1.0,,
Map the password reset request to its display label.,1.0,,
"Calculate the checksum for the rule set.
Retains the expected data shape.",1.0,,
"Format the timestamp associated with the rate-limit window.
Maintains deterministic behavior across repeated runs.",1.0,,
Calculate the checksum for the scheduled report.,1.0,,
Resolve the canonical location of the tax summary.,1.0,,
"Determine the expiration time for the exchange-rate table.
Follows the configured processing rules.",1.0,,
"Resolve the canonical location of the backup snapshot.
Retains the expected data shape.",1.0,,
Normalize the tax summary using the selected convention.,1.0,,
Generate the stable cache key for the backup snapshot.,1.0,,
Remove expired entries associated with the route plan.,1.0,,
Read the current status of the message thread.,1.0,,
Determine the expiration time for the scheduled report.,1.0,,
"Encode the experiment result in the configured interchange format.
Uses the standard domain vocabulary.
The behavior remains predictable for an unchanged state.",1.0,,
"Compute the effective value represented by the model checkpoint.
Follows the configured processing rules.",1.0,,
Generate a stable fingerprint for the subscription renewal.,1.0,,
"Return the canonical identifier for the training corpus.
Follows the configured processing rules.",1.0,,
Return the canonical identifier for the password reset request.,1.0,,
"Format the timestamp associated with the warehouse transfer.
Retains the expected data shape.",1.0,,
Generate the stable cache key for the notification batch.,1.0,,
Validate the structural integrity of the backup snapshot.,1.0,,
"Return the canonical identifier for the experiment result.
Retains the expected data shape.",1.0,,
"Map the backup snapshot to its display label.
Follows the configured processing rules.",1.0,,
Determine the expiration time for the route plan.,1.0,,
Normalize the shipping label using the selected convention.,1.0,,
Calculate the checksum for the route plan.,1.0,,
Serialize the scheduled report into JSON.,1.0,,
"Validate the structural integrity of the route plan.
Retains the expected data shape.",1.0,,
Resolve the canonical location of the exchange-rate table.,1.0,,
"Encode the notification batch in the configured interchange format.
Maintains deterministic behavior across repeated runs.",1.0,,
Generate the stable cache key for the customer segment.,1.0,,
Sort the payment receipt by creation time.,1.0,,
"Serialize the tax summary into JSON.
Follows the configured processing rules.",1.0,,
Normalize the warehouse transfer using the selected convention.,1.0,,
"Encode the model checkpoint in the configured interchange format.
Maintains deterministic behavior across repeated runs.",1.0,,
Validate the structural integrity of the subscription renewal.,1.0,,
"Calculate the checksum for the customer segment.
Maintains deterministic behavior across repeated runs.",1.0,,
Map the rate-limit window to its display label.,1.0,,
Extract the recognized fields from the subscription renewal.,1.0,,
Read the current status of the training corpus.,1.0,,
Serialize the warehouse transfer into JSON.,1.0,,
Create the immutable summary of the notification batch.,1.0,,
Map the model checkpoint to its display label.,1.0,,
"Calculate the checksum for the experiment result.
Maintains deterministic behavior across repeated runs.",1.0,,
Extract the recognized fields from the data migration.,1.0,,
"Encode the message thread in the configured interchange format.
Follows the configured processing rules.",1.0,,
"Normalize the subscription renewal using the selected convention.
Maintains deterministic behavior across repeated runs.",1.0,,
"Calculate the checksum for the subscription renewal.
Uses the standard domain vocabulary.
Existing domain invariants remain intact.",1.0,,
"Calculate the checksum for the training corpus.
Uses the standard domain vocabulary.
The behavior remains predictable for an unchanged state.",1.0,,
"Validate the structural integrity of the shipping label.
Follows the configured processing rules.",1.0,,
Map the document revision to its display label.,1.0,,
"Serialize the notification batch into JSON.
Uses the standard domain vocabulary.
Its output remains stable across retries.",1.0,,
"Compute the effective value represented by the training corpus.
Uses the standard domain vocabulary.
Existing domain invariants remain intact.",1.0,,
Sort the rule set by creation time.,1.0,,
"Determine whether the notification batch is expired.
Maintains deterministic behavior across repeated runs.",1.0,,
