code,probability,prob_human_validation,final_ground_truth
"l1_cache,l2_cache,l3_cache",0.0,,
"order_l1_cache,order_l2_cache,order_l3_cache",0.0,,
"transfer_sha1_digest,transfer_sha256_digest",0.0,,
"cache_pci_dss_v3,cache_pci_dss_v4",0.0,,
"report_q1_start,report_q1_end,report_q2_start,report_q2_end",0.0,,
"report_ipv4_prefix,report_ipv6_prefix",0.0,,
"session_l1_cache,session_l2_cache,session_l3_cache",0.0,,
"export_h264_stream,export_h265_stream",0.0,,
"report_pci_dss_v3,report_pci_dss_v4",0.0,,
"export_ipv4_prefix,export_ipv6_prefix",0.0,,
"h264_stream,h265_stream",0.0,,
"document_utf8_decoder,document_utf16_decoder",0.0,,
"http_1_1_request,http_2_request,http_3_request",0.0,,
"cache_ipv4_address,cache_ipv6_address",0.0,,
"aes_128_key,aes_256_key",0.0,,
"archive_utf8_decoder,archive_utf16_decoder",0.0,,
"billing_l1_cache,billing_l2_cache,billing_l3_cache",0.0,,
"export_md5_digest,export_sha256_digest",0.0,,
"tls_1_2_enabled,tls_1_3_enabled",0.0,,
"delivery_utf8_decoder,delivery_utf16_decoder",0.0,,
"session_utf8_decoder,session_utf16_decoder",0.0,,
"storage_l1_cache,storage_l2_cache,storage_l3_cache",0.0,,
"order_q1_start,order_q1_end,order_q2_start,order_q2_end",0.0,,
"report_l1_cache,report_l2_cache,report_l3_cache",0.0,,
"billing_sha256_digest,billing_sha512_digest",0.0,,
"iso_8601_date,rfc_3339_date",0.0,,
"export_aes_128_key,export_aes_256_key",0.0,,
"x86_32_binary,x86_64_binary",0.0,,
"transfer_x86_32_binary,transfer_x86_64_binary",0.0,,
"workflow_aes_128_key,workflow_aes_256_key",0.0,,
"export_pci_dss_v3,export_pci_dss_v4",0.0,,
"network_ipv4_gateway,network_ipv6_gateway",0.0,,
"billing_h264_stream,billing_h265_stream",0.0,,
"delivery_utf8_bytes,delivery_utf16_bytes",0.0,,
"import_h264_stream,import_h265_stream",0.0,,
"billing_q1_start,billing_q1_end,billing_q2_start,billing_q2_end",0.0,,
"customer_iso_8601_date,customer_rfc_3339_date",0.0,,
"import_x86_32_binary,import_x86_64_binary",0.0,,
"session_iso_8601_date,session_rfc_3339_date",0.0,,
"transfer_ipv4_prefix,transfer_ipv6_prefix",0.0,,
"document_sha1_digest,document_sha256_digest",0.0,,
"import_ipv4_gateway,import_ipv6_gateway",0.0,,
"profile_x86_32_binary,profile_x86_64_binary",0.0,,
"ledger_ipv4_source,ledger_ipv6_source",0.0,,
"transfer_h264_stream,transfer_h265_stream",0.0,,
"archive_q1_start,archive_q1_end,archive_q2_start,archive_q2_end",0.0,,
"session_h264_stream,session_h265_stream",0.0,,
"workflow_iso_8601_date,workflow_rfc_3339_date",0.0,,
"ledger_l1_cache,ledger_l2_cache,ledger_l3_cache",0.0,,
"transfer_utf8_bytes,transfer_utf16_bytes",0.0,,
"archive_md5_digest,archive_sha256_digest",0.0,,
"session_pci_dss_v3,session_pci_dss_v4",0.0,,
"ledger_h264_stream,ledger_h265_stream",0.0,,
"document_utf8_bytes,document_utf16_bytes",0.0,,
"report_ipv4_source,report_ipv6_source",0.0,,
"batch_iso_8601_date,batch_rfc_3339_date",0.0,,
"request_sha256_digest,request_sha512_digest",0.0,,
"batch_q1_start,batch_q1_end,batch_q2_start,batch_q2_end",0.0,,
"ledger_utf8_decoder,ledger_utf16_decoder",0.0,,
"cache_h264_stream,cache_h265_stream",0.0,,
"import_iso_8601_date,import_rfc_3339_date",0.0,,
"delivery_utf8_text,delivery_utf16_text",0.0,,
"profile_iso_8601_date,profile_rfc_3339_date",0.0,,
"ledger_sha256_digest,ledger_sha512_digest",0.0,,
"storage_ipv4_source,storage_ipv6_source",0.0,,
"ledger_ipv4_prefix,ledger_ipv6_prefix",0.0,,
"network_utf8_bytes,network_utf16_bytes",0.0,,
"request_h264_stream,request_h265_stream",0.0,,
"ipv4_source,ipv6_source",0.0,,
"export_ipv4_address,export_ipv6_address",0.0,,
"runtime_utf8_bytes,runtime_utf16_bytes",0.0,,
"request_aes_128_key,request_aes_256_key",0.0,,
"session_utf8_text,session_utf16_text",0.0,,
"runtime_l1_cache,runtime_l2_cache,runtime_l3_cache",0.0,,
"request_x86_32_binary,request_x86_64_binary",0.0,,
"document_iso_8601_date,document_rfc_3339_date",0.0,,
"export_ipv4_gateway,export_ipv6_gateway",0.0,,
"customer_l1_cache,customer_l2_cache,customer_l3_cache",0.0,,
"network_utf8_text,network_utf16_text",0.0,,
"archive_rgb_8_value,archive_rgba_8_value",0.0,,
"media_source_host,media_source_port,media_target_host,media_target_port",0.0,,
"network_left_operand,network_right_operand",0.0,,
"batch_red_channel,batch_green_channel,batch_blue_channel",0.0,,
"import_source_path,import_target_path",0.0,,
"profile_device_id,profile_firmware_name,profile_serial_number,profile_manufactured_date,profile_warranty_end,profile_owner_id,profile_location_name",0.0,,
"document_course_id,document_student_id,document_enrollment_date,document_completion_date,document_grade_value,document_certificate_id,document_instructor_id,document_term_name",0.0,,
"transfer_source_file,transfer_destination_file",0.0,,
"export_command_name,export_working_directory,export_environment_name,export_exit_code,export_stdout_text,export_stderr_text",0.0,,
"profile_sender_email,profile_recipient_email",0.0,,
"archive_input_stream,archive_output_stream",0.0,,
"import_header_name,import_header_value,import_cookie_name,import_cookie_value",0.0,,
"document_title,document_author,created_date,modified_date,revision_note,approval_status",0.0,,
"export_user_id,export_organization_id,export_membership_role",0.0,,
"client_year_value,client_month_value,client_day_value",0.0,,
"request_host_name,request_port_number,request_protocol_name,request_timeout_seconds,request_retry_limit,request_keep_alive",0.0,,
"client_source_language,client_target_language",0.0,,
"document_street_name,document_city_name,document_state_name,document_postal_code,document_country_name",0.0,,
"billing_request_id,billing_response_code,billing_response_body,billing_response_time",0.0,,
"batch_start_row,batch_end_row,batch_start_column,batch_end_column,batch_sheet_name",0.0,,
"archive_command_name,archive_working_directory,archive_environment_name,archive_exit_code,archive_stdout_text,archive_stderr_text",0.0,,
"media_expected_value,media_actual_value,media_absolute_tolerance",0.0,,
"archive_course_id,archive_student_id,archive_enrollment_date,archive_completion_date,archive_grade_value,archive_certificate_id,archive_instructor_id,archive_term_name",0.0,,
"workflow_before_value,workflow_after_value,workflow_change_reason,workflow_change_time",0.0,,
"billing_start_row,billing_end_row,billing_start_column,billing_end_column,billing_sheet_name",0.0,,
"runtime_street_name,runtime_city_name,runtime_state_name,runtime_postal_code,runtime_country_name",0.0,,
"billing_input_stream,billing_output_stream",0.0,,
"import_source_language,import_target_language",0.0,,
"document_lower_bound,document_upper_bound,document_step_size",0.0,,
"profile_sensor_name,profile_sample_time,profile_sample_value,profile_sample_unit,profile_quality_flag",0.0,,
"billing_left_operand,billing_right_operand",0.0,,
"first_name,last_name",0.0,,
"hour_value,minute_value,second_value",0.0,,
"batch_host_name,batch_port_number,batch_protocol_name,batch_timeout_seconds,batch_retry_limit,batch_keep_alive",0.0,,
"transfer_left_operand,transfer_right_operand",0.0,,
"archive_source_host,archive_source_port,archive_target_host,archive_target_port",0.0,,
"order_header_name,order_header_value,order_cookie_name,order_cookie_value",0.0,,
"transfer_expected_value,transfer_actual_value,transfer_absolute_tolerance",0.0,,
"customer_primary_key,customer_foreign_key,customer_table_name,customer_schema_name,customer_database_name",0.0,,
"media_public_key,media_private_key",0.0,,
"archive_source_file,archive_destination_file",0.0,,
"workflow_red_channel,workflow_green_channel,workflow_blue_channel",0.0,,
"request_first_name,request_last_name",0.0,,
"export_request_id,export_response_code,export_response_body,export_response_time",0.0,,
"batch_origin_host,batch_destination_host",0.0,,
"billing_street_name,billing_city_name,billing_state_name,billing_postal_code,billing_country_name",0.0,,
"media_start_row,media_end_row,media_start_column,media_end_column,media_sheet_name",0.0,,
"customer_sender_email,customer_recipient_email",0.0,,
"network_request_id,network_response_code,network_response_body,network_response_time",0.0,,
"export_image_width,export_image_height,export_color_depth,export_alpha_enabled",0.0,,
"network_width_value,network_height_value,network_depth_value",0.0,,
"report_x_coordinate,report_y_coordinate",0.0,,
"batch_raw_value,batch_normalized_value",0.0,,
"network_sender_email,network_recipient_email",0.0,,
"archive_public_key,archive_private_key",0.0,,
"request_id,response_code,response_body,response_time",0.0,,
"document_command_name,document_working_directory,document_environment_name,document_exit_code,document_stdout_text,document_stderr_text",0.0,,
"archive_document_title,archive_document_author,archive_created_date,archive_modified_date,archive_revision_note,archive_approval_status",0.0,,
"storage_account_id,storage_invoice_id,storage_payment_id,storage_currency_code,storage_payment_status",0.0,,
"transfer_x_coordinate,transfer_y_coordinate",0.0,,
"raw_value,normalized_value",0.0,,
"network_latitude,network_longitude",0.0,,
"client_request_method,client_request_path,client_request_body",0.0,,
"client_source_path,client_target_path",0.0,,
"media_source_format,media_target_format",0.0,,
"storage_input_stream,storage_output_stream",0.0,,
"request_request_method,request_request_path,request_request_body",0.0,,
"transfer_product_id,transfer_warehouse_id,transfer_reorder_point,transfer_available_quantity,transfer_reserved_quantity,transfer_unit_cost,transfer_currency_code",0.0,,
"file_name,file_size,mime_type,checksum_value,created_time",0.0,,
"archive_file_name,archive_file_size,archive_mime_type,archive_checksum_value,archive_created_time",0.0,,
"archive_hour_value,archive_minute_value,archive_second_value",0.0,,
"cache_old_password,cache_new_password",0.0,,
"report_input_stream,report_output_stream",0.0,,
"batch_source_path,batch_target_path",0.0,,
"order_start_date,order_end_date",0.0,,
"runtime_source_file,runtime_destination_file",0.0,,
"delivery_primary_key,delivery_foreign_key,delivery_table_name,delivery_schema_name,delivery_database_name",0.0,,
"delivery_left_operand,delivery_right_operand",0.0,,
"runtime_before_value,runtime_after_value,runtime_change_reason,runtime_change_time",0.0,,
"course_id,student_id,enrollment_date,completion_date,grade_value,certificate_id,instructor_id,term_name",0.0,,
"runtime_sensor_name,runtime_sample_time,runtime_sample_value,runtime_sample_unit,runtime_quality_flag",0.0,,
"profile_source_language,profile_target_language",0.0,,
"session_primary_key,session_foreign_key,session_table_name,session_schema_name,session_database_name",0.0,,
"transfer_source_format,transfer_target_format",0.0,,
"billing_before_value,billing_after_value,billing_change_reason,billing_change_time",0.0,,
"archive_header_name,archive_header_value,archive_cookie_name,archive_cookie_value",0.0,,
"billing_x_coordinate,billing_y_coordinate",0.0,,
"session_header_name,session_header_value,session_cookie_name,session_cookie_value",0.0,,
"storage_client_id,storage_client_secret",0.0,,
"runtime_raw_value,runtime_normalized_value",0.0,,
"client_origin_host,client_destination_host",0.0,,
"billing_course_id,billing_student_id,billing_enrollment_date,billing_completion_date,billing_grade_value,billing_certificate_id,billing_instructor_id,billing_term_name",0.0,,
"delivery_sender_email,delivery_recipient_email",0.0,,
"profile_before_value,profile_after_value,profile_change_reason,profile_change_time",0.0,,
"export_input_stream,export_output_stream",0.0,,
"session_x_coordinate,session_y_coordinate",0.0,,
"export_local_time,export_utc_time",0.0,,
"transfer_request_method,transfer_request_path,transfer_request_body",0.0,,
"transfer_source_path,transfer_target_path",0.0,,
"client_street_name,client_city_name,client_state_name,client_postal_code,client_country_name",0.0,,
"client_old_password,client_new_password",0.0,,
"session_document_title,session_document_author,session_created_date,session_modified_date,session_revision_note,session_approval_status",0.0,,
"delivery_expected_value,delivery_actual_value,delivery_absolute_tolerance",0.0,,
"document_raw_value,document_normalized_value",0.0,,
"transfer_primary_key,transfer_foreign_key,transfer_table_name,transfer_schema_name,transfer_database_name",0.0,,
"batch_device_id,batch_firmware_name,batch_serial_number,batch_manufactured_date,batch_warranty_end,batch_owner_id,batch_location_name",0.0,,
"order_street_name,order_city_name,order_state_name,order_postal_code,order_country_name",0.0,,
"order_host_name,order_port_number,order_protocol_name,order_timeout_seconds,order_retry_limit,order_keep_alive",0.0,,
"delivery_old_password,delivery_new_password",0.0,,
"client_x_coordinate,client_y_coordinate",0.0,,
"document_x_coordinate,document_y_coordinate",0.0,,
"archive_account_id,archive_invoice_id,archive_payment_id,archive_currency_code,archive_payment_status",0.0,,
"network_local_time,network_utc_time",0.0,,
"order_before_value,order_after_value,order_change_reason,order_change_time",0.0,,
"archive_raw_value,archive_normalized_value",0.0,,
"export_course_id,export_student_id,export_enrollment_date,export_completion_date,export_grade_value,export_certificate_id,export_instructor_id,export_term_name",0.0,,
"billing_latitude,billing_longitude",0.0,,
"start_date,end_date",0.0,,
"session_source_format,session_target_format",0.0,,
"primary_key,foreign_key,table_name,schema_name,database_name",0.0,,
"order_product_id,order_warehouse_id,order_reorder_point,order_available_quantity,order_reserved_quantity,order_unit_cost,order_currency_code",0.0,,
"client_client_id,client_client_secret",0.0,,
"request_left_operand,request_right_operand",0.0,,
"cache_source_language,cache_target_language",0.0,,
"export_document_title,export_document_author,export_created_date,export_modified_date,export_revision_note,export_approval_status",0.0,,
"report_lower_bound,report_upper_bound,report_step_size",0.0,,
"delivery_origin_host,delivery_destination_host",0.0,,
"order_first_name,order_last_name",0.0,,
"cache_start_row,cache_end_row,cache_start_column,cache_end_column,cache_sheet_name",0.0,,
"order_input_stream,order_output_stream",0.0,,
"import_input_stream,import_output_stream",0.0,,
"ledger_width_value,ledger_height_value,ledger_depth_value",0.0,,
"storage_sensor_name,storage_sample_time,storage_sample_value,storage_sample_unit,storage_quality_flag",0.0,,
"customer_lower_bound,customer_upper_bound,customer_step_size",0.0,,
"workflow_first_name,workflow_last_name",0.0,,
"request_source_host,request_source_port,request_target_host,request_target_port",0.0,,
"workflow_file_name,workflow_file_size,workflow_mime_type,workflow_checksum_value,workflow_created_time",0.0,,
"request_x_coordinate,request_y_coordinate",0.0,,
"workflow_left_operand,workflow_right_operand",0.0,,
"session_image_width,session_image_height,session_color_depth,session_alpha_enabled",0.0,,
"media_latitude,media_longitude",0.0,,
"client_account_id,client_invoice_id,client_payment_id,client_currency_code,client_payment_status",0.0,,
"client_id,client_secret",0.0,,
"billing_lower_bound,billing_upper_bound,billing_step_size",0.0,,
"workflow_public_key,workflow_private_key",0.0,,
"client_red_channel,client_green_channel,client_blue_channel",0.0,,
"transfer_sender_email,transfer_recipient_email",0.0,,
"batch_local_time,batch_utc_time",0.0,,
"workflow_x_coordinate,workflow_y_coordinate",0.0,,
"document_image_width,document_image_height,document_color_depth,document_alpha_enabled",0.0,,
"old_password,new_password",0.0,,
"minimum_value,maximum_value",0.0,,
"billing_source_language,billing_target_language",0.0,,
"session_command_name,session_working_directory,session_environment_name,session_exit_code,session_stdout_text,session_stderr_text",0.0,,
"cache_x_coordinate,cache_y_coordinate",0.0,,
"customer_local_time,customer_utc_time",0.0,,
"workflow_user_id,workflow_organization_id,workflow_membership_role",0.0,,
"profile_width_value,profile_height_value,profile_depth_value",0.0,,
"document_source_host,document_source_port,document_target_host,document_target_port",0.0,,
"transfer_start_date,transfer_end_date",0.0,,
"profile_raw_value,profile_normalized_value",0.0,,
"ledger_start_row,ledger_end_row,ledger_start_column,ledger_end_column,ledger_sheet_name",0.0,,
"customer_file_name,customer_file_size,customer_mime_type,customer_checksum_value,customer_created_time",0.0,,
"report_year_value,report_month_value,report_day_value",0.0,,
"initial_state,final_state",0.0,,
"request_expected_value,request_actual_value,request_absolute_tolerance",0.0,,
"ledger_source_file,ledger_destination_file",0.0,,
"cache_request_id,cache_response_code,cache_response_body,cache_response_time",0.0,,
"cache_input_stream,cache_output_stream",0.0,,
"archive_source_format,archive_target_format",0.0,,
"runtime_client_id,runtime_client_secret",0.0,,
"header_name,header_value,cookie_name,cookie_value",0.0,,
"network_command_name,network_working_directory,network_environment_name,network_exit_code,network_stdout_text,network_stderr_text",0.0,,
"session_device_id,session_firmware_name,session_serial_number,session_manufactured_date,session_warranty_end,session_owner_id,session_location_name",0.0,,
"media_request_id,media_response_code,media_response_body,media_response_time",0.0,,
"ledger_x_coordinate,ledger_y_coordinate",0.0,,
"storage_hour_value,storage_minute_value,storage_second_value",0.0,,
"media_initial_state,media_final_state",0.0,,
"export_first_name,export_last_name",0.0,,
"request_start_date,request_end_date",0.0,,
"import_document_title,import_document_author,import_created_date,import_modified_date,import_revision_note,import_approval_status",0.0,,
"document_left_operand,document_right_operand",0.0,,
"network_user_id,network_organization_id,network_membership_role",0.0,,
"transfer_year_value,transfer_month_value,transfer_day_value",0.0,,
"session_public_key,session_private_key",0.0,,
"order_lower_bound,order_upper_bound,order_step_size",0.0,,
"order_old_password,order_new_password",0.0,,
"order_image_width,order_image_height,order_color_depth,order_alpha_enabled",0.0,,
"billing_source_file,billing_destination_file",0.0,,
"storage_first_name,storage_last_name",0.0,,
"session_file_name,session_file_size,session_mime_type,session_checksum_value,session_created_time",0.0,,
"profile_source_path,profile_target_path",0.0,,
"ledger_device_id,ledger_firmware_name,ledger_serial_number,ledger_manufactured_date,ledger_warranty_end,ledger_owner_id,ledger_location_name",0.0,,
"request_start_row,request_end_row,request_start_column,request_end_column,request_sheet_name",0.0,,
"storage_image_width,storage_image_height,storage_color_depth,storage_alpha_enabled",0.0,,
"billing_first_name,billing_last_name",0.0,,
"media_product_id,media_warehouse_id,media_reorder_point,media_available_quantity,media_reserved_quantity,media_unit_cost,media_currency_code",0.0,,
"network_hour_value,network_minute_value,network_second_value",0.0,,
"media_source_path,media_target_path",0.0,,
"media_job_id,media_queue_name,media_scheduled_time,media_started_time,media_finished_time,media_attempt_count,media_error_message",0.0,,
"batch_product_id,batch_warehouse_id,batch_reorder_point,batch_available_quantity,batch_reserved_quantity,batch_unit_cost,batch_currency_code",0.0,,
"transfer_course_id,transfer_student_id,transfer_enrollment_date,transfer_completion_date,transfer_grade_value,transfer_certificate_id,transfer_instructor_id,transfer_term_name",0.0,,
"session_left_operand,session_right_operand",0.0,,
"order_primary_key,order_foreign_key,order_table_name,order_schema_name,order_database_name",0.0,,
"cache_width_value,cache_height_value,cache_depth_value",0.0,,
"archive_year_value,archive_month_value,archive_day_value",0.0,,
"session_old_password,session_new_password",0.0,,
"ledger_expected_value,ledger_actual_value,ledger_absolute_tolerance",0.0,,
"runtime_user_id,runtime_organization_id,runtime_membership_role",0.0,,
"billing_source_format,billing_target_format",0.0,,
"billing_start_date,billing_end_date",0.0,,
"order_source_host,order_source_port,order_target_host,order_target_port",0.0,,
"transfer_account_id,transfer_invoice_id,transfer_payment_id,transfer_currency_code,transfer_payment_status",0.0,,
"storage_source_file,storage_destination_file",0.0,,
"billing_job_id,billing_queue_name,billing_scheduled_time,billing_started_time,billing_finished_time,billing_attempt_count,billing_error_message",0.0,,
"customer_start_date,customer_end_date",0.0,,
"ledger_old_password,ledger_new_password",0.0,,
"network_expected_value,network_actual_value,network_absolute_tolerance",0.0,,
"order_origin_host,order_destination_host",0.0,,
"ledger_sender_email,ledger_recipient_email",0.0,,
"archive_source_path,archive_target_path",0.0,,
"customer_user_id,customer_organization_id,customer_membership_role",0.0,,
"red_channel,green_channel,blue_channel",0.0,,
"workflow_document_title,workflow_document_author,workflow_created_date,workflow_modified_date,workflow_revision_note,workflow_approval_status",0.0,,
"client_start_date,client_end_date",0.0,,
"order_sensor_name,order_sample_time,order_sample_value,order_sample_unit,order_quality_flag",0.0,,
"delivery_source_path,delivery_target_path",0.0,,
"client_minimum_value,client_maximum_value",0.0,,
"customer_latitude,customer_longitude",0.0,,
"request_account_id,request_invoice_id,request_payment_id,request_currency_code,request_payment_status",0.0,,
"document_host_name,document_port_number,document_protocol_name,document_timeout_seconds,document_retry_limit,document_keep_alive",0.0,,
"batch_start_date,batch_end_date",0.0,,
"storage_lower_bound,storage_upper_bound,storage_step_size",0.0,,
"ledger_source_path,ledger_target_path",0.0,,
"runtime_x_coordinate,runtime_y_coordinate",0.0,,
"media_sensor_name,media_sample_time,media_sample_value,media_sample_unit,media_quality_flag",0.0,,
"session_job_id,session_queue_name,session_scheduled_time,session_started_time,session_finished_time,session_attempt_count,session_error_message",0.0,,
"order_left_operand,order_right_operand",0.0,,
"storage_source_host,storage_source_port,storage_target_host,storage_target_port",0.0,,
"cache_source_format,cache_target_format",0.0,,
"request_red_channel,request_green_channel,request_blue_channel",0.0,,
"export_request_method,export_request_path,export_request_body",0.0,,
"billing_minimum_value,billing_maximum_value",0.0,,
"network_initial_state,network_final_state",0.0,,
"request_user_id,request_organization_id,request_membership_role",0.0,,
"session_source_language,session_target_language",0.0,,
"source_host,source_port,target_host,target_port",0.0,,
"transfer_before_value,transfer_after_value,transfer_change_reason,transfer_change_time",0.0,,
"session_source_path,session_target_path",0.0,,
"ledger_header_name,ledger_header_value,ledger_cookie_name,ledger_cookie_value",0.0,,
"archive_old_password,archive_new_password",0.0,,
"runtime_hour_value,runtime_minute_value,runtime_second_value",0.0,,
"storage_request_method,storage_request_path,storage_request_body",0.0,,
"x_coordinate,y_coordinate",0.0,,
"media_lower_bound,media_upper_bound,media_step_size",0.0,,
"profile_local_time,profile_utc_time",0.0,,
"workflow_image_width,workflow_image_height,workflow_color_depth,workflow_alpha_enabled",0.0,,
"ledger_source_host,ledger_source_port,ledger_target_host,ledger_target_port",0.0,,
"profile_request_method,profile_request_path,profile_request_body",0.0,,
"cache_before_value,cache_after_value,cache_change_reason,cache_change_time",0.0,,
"workflow_year_value,workflow_month_value,workflow_day_value",0.0,,
"export_sensor_name,export_sample_time,export_sample_value,export_sample_unit,export_quality_flag",0.0,,
"request_header_name,request_header_value,request_cookie_name,request_cookie_value",0.0,,
"billing_red_channel,billing_green_channel,billing_blue_channel",0.0,,
"profile_street_name,profile_city_name,profile_state_name,profile_postal_code,profile_country_name",0.0,,
"export_host_name,export_port_number,export_protocol_name,export_timeout_seconds,export_retry_limit,export_keep_alive",0.0,,
"export_header_name,export_header_value,export_cookie_name,export_cookie_value",0.0,,
"client_image_width,client_image_height,client_color_depth,client_alpha_enabled",0.0,,
"document_latitude,document_longitude",0.0,,
"media_origin_host,media_destination_host",0.0,,
"archive_street_name,archive_city_name,archive_state_name,archive_postal_code,archive_country_name",0.0,,
"public_key,private_key",0.0,,
"source_file,destination_file",0.0,,
"customer_header_name,customer_header_value,customer_cookie_name,customer_cookie_value",0.0,,
"request_request_id,request_response_code,request_response_body,request_response_time",0.0,,
"document_user_id,document_organization_id,document_membership_role",0.0,,
"ledger_street_name,ledger_city_name,ledger_state_name,ledger_postal_code,ledger_country_name",0.0,,
"transfer_initial_state,transfer_final_state",0.0,,
"export_raw_value,export_normalized_value",0.0,,
"customer_source_format,customer_target_format",0.0,,
"media_width_value,media_height_value,media_depth_value",0.0,,
"storage_year_value,storage_month_value,storage_day_value",0.0,,
"profile_left_operand,profile_right_operand",0.0,,
"network_sensor_name,network_sample_time,network_sample_value,network_sample_unit,network_quality_flag",0.0,,
"cache_latitude,cache_longitude",0.0,,
"report_source_path,report_target_path",0.0,,
"ledger_job_id,ledger_queue_name,ledger_scheduled_time,ledger_started_time,ledger_finished_time,ledger_attempt_count,ledger_error_message",0.0,,
"archive_product_id,archive_warehouse_id,archive_reorder_point,archive_available_quantity,archive_reserved_quantity,archive_unit_cost,archive_currency_code",0.0,,
"report_start_date,report_end_date",0.0,,
"ledger_image_width,ledger_image_height,ledger_color_depth,ledger_alpha_enabled",0.0,,
"transfer_hour_value,transfer_minute_value,transfer_second_value",0.0,,
"network_document_title,network_document_author,network_created_date,network_modified_date,network_revision_note,network_approval_status",0.0,,
"ledger_request_id,ledger_response_code,ledger_response_body,ledger_response_time",0.0,,
"cache_document_title,cache_document_author,cache_created_date,cache_modified_date,cache_revision_note,cache_approval_status",0.0,,
"user_id,organization_id,membership_role",0.0,,
"billing_origin_host,billing_destination_host",0.0,,
"document_sender_email,document_recipient_email",0.0,,
"session_origin_host,session_destination_host",0.0,,
"report_source_host,report_source_port,report_target_host,report_target_port",0.0,,
"profile_minimum_value,profile_maximum_value",0.0,,
"export_product_id,export_warehouse_id,export_reorder_point,export_available_quantity,export_reserved_quantity,export_unit_cost,export_currency_code",0.0,,
"export_source_language,export_target_language",0.0,,
"export_job_id,export_queue_name,export_scheduled_time,export_started_time,export_finished_time,export_attempt_count,export_error_message",0.0,,
"billing_host_name,billing_port_number,billing_protocol_name,billing_timeout_seconds,billing_retry_limit,billing_keep_alive",0.0,,
"ledger_account_id,ledger_invoice_id,ledger_payment_id,ledger_currency_code,ledger_payment_status",0.0,,
"ledger_sensor_name,ledger_sample_time,ledger_sample_value,ledger_sample_unit,ledger_quality_flag",0.0,,
"batch_source_format,batch_target_format",0.0,,
"workflow_local_time,workflow_utc_time",0.0,,
"ledger_red_channel,ledger_green_channel,ledger_blue_channel",0.0,,
"transfer_image_width,transfer_image_height,transfer_color_depth,transfer_alpha_enabled",0.0,,
"media_start_date,media_end_date",0.0,,
"runtime_minimum_value,runtime_maximum_value",0.0,,
"order_sender_email,order_recipient_email",0.0,,
"customer_origin_host,customer_destination_host",0.0,,
"client_before_value,client_after_value,client_change_reason,client_change_time",0.0,,
"start_row,end_row,start_column,end_column,sheet_name",0.0,,
"batch_source_language,batch_target_language",0.0,,
"ledger_primary_key,ledger_foreign_key,ledger_table_name,ledger_schema_name,ledger_database_name",0.0,,
"report_document_title,report_document_author,report_created_date,report_modified_date,report_revision_note,report_approval_status",0.0,,
"billing_public_key,billing_private_key",0.0,,
"session_year_value,session_month_value,session_day_value",0.0,,
"document_stage_1_output,document_stage_2_output",0.05000,,
"review_release_2023_notes,review_release_2024_notes",0.05075,,
"tracking_fiscal_2024_total,tracking_fiscal_2025_total",0.05150,,
"notification_node_1_id,notification_node_2_id,notification_node_3_id",0.05225,,
"approval_model_v1_score,approval_model_v2_score",0.05300,,
"migration_week_1_start,migration_week_1_end,migration_week_2_start,migration_week_2_end",0.05375,,
"identity_stage_1_output,identity_stage_2_output",0.05450,,
"message_node_1_id,message_node_2_id,message_node_3_id",0.05525,,
"billing_store_101_total,billing_store_202_total",0.05600,,
"delivery_fiscal_2024_total,delivery_fiscal_2025_total",0.05675,,
"review_week_1_start,review_week_1_end,review_week_2_start,review_week_2_end",0.05750,,
"backup_stage_1_output,backup_stage_2_output",0.05825,,
"support_release_2023_notes,support_release_2024_notes",0.05900,,
"profile_model_v1_score,profile_model_v2_score",0.05975,,
"support_level_1_limit,support_level_2_limit,support_level_3_limit",0.06050,,
"notification_store_101_total,notification_store_202_total",0.06125,,
"profile_stage_1_output,profile_stage_2_output",0.06200,,
"shipping_node_1_id,shipping_node_2_id,shipping_node_3_id",0.06275,,
"delivery_week_1_start,delivery_week_1_end,delivery_week_2_start,delivery_week_2_end",0.06350,,
"support_q1_result,support_q2_result,support_q3_result,support_q4_result",0.06425,,
"alert_fiscal_2024_total,alert_fiscal_2025_total",0.06500,,
"payment_q1_result,payment_q2_result,payment_q3_result,payment_q4_result",0.06575,,
"slot_1_start,slot_1_end,slot_2_start,slot_2_end",0.06650,,
"message_model_v1_score,message_model_v2_score",0.06725,,
"identity_tier_1_price,identity_tier_2_price,identity_tier_3_price",0.06800,,
"tracking_slot_1_start,tracking_slot_1_end,tracking_slot_2_start,tracking_slot_2_end",0.06875,,
"catalog_model_v1_score,catalog_model_v2_score",0.06950,,
"catalog_slot_1_start,catalog_slot_1_end,catalog_slot_2_start,catalog_slot_2_end",0.07025,,
"delivery_node_1_id,delivery_node_2_id,delivery_node_3_id",0.07100,,
"report_stage_1_output,report_stage_2_output",0.07175,,
"shipping_fiscal_2024_total,shipping_fiscal_2025_total",0.07250,,
"shipping_slot_1_start,shipping_slot_1_end,shipping_slot_2_start,shipping_slot_2_end",0.07325,,
"approval_slot_1_start,approval_slot_1_end,approval_slot_2_start,approval_slot_2_end",0.07400,,
"service_q1_result,service_q2_result,service_q3_result,service_q4_result",0.07475,,
"account_week_1_start,account_week_1_end,account_week_2_start,account_week_2_end",0.07550,,
"payment_tier_1_price,payment_tier_2_price,payment_tier_3_price",0.07625,,
"profile_store_101_total,profile_store_202_total",0.07700,,
"message_stage_1_output,message_stage_2_output",0.07775,,
"approval_phase_1_date,approval_phase_2_date,approval_phase_3_date",0.07850,,
"document_level_1_limit,document_level_2_limit,document_level_3_limit",0.07925,,
"review_source_id,review_target_id,review_mapping_id",0.08000,,
"shipping_primary_email,shipping_backup_email,shipping_reply_email",0.08075,,
"tracking_primary_contact,tracking_secondary_contact",0.08150,,
"billing_default_theme,billing_custom_theme",0.08225,,
"review_minimum_limit,review_maximum_limit",0.08300,,
"migration_line_start,migration_line_end",0.08375,,
"shipping_source_currency,shipping_target_currency,shipping_conversion_date,shipping_exchange_rate",0.08450,,
"shipping_primary_contact,shipping_secondary_contact",0.08525,,
"notification_draft_status,notification_published_status",0.08600,,
"catalog_open_time,catalog_close_time",0.08675,,
"tracking_default_theme,tracking_custom_theme",0.08750,,
"backup_primary_contact,backup_secondary_contact",0.08825,,
"identity_open_time,identity_close_time",0.08900,,
"payment_current_version,payment_target_version",0.08975,,
"billing_minimum_limit,billing_maximum_limit",0.09050,,
"account_previous_balance,account_current_balance",0.09125,,
"review_given_name,review_family_name,review_display_name",0.09200,,
"document_requested_role,document_approved_role,document_effective_date",0.09275,,
"approval_current_owner,approval_previous_owner",0.09350,,
"billing_current_user,billing_previous_user",0.09425,,
"backup_default_locale,backup_fallback_locale",0.09500,,
"alert_draft_status,alert_published_status",0.09575,,
"report_minimum_limit,report_maximum_limit",0.09650,,
"report_primary_email,report_backup_email,report_reply_email",0.09725,,
"identity_requested_role,identity_approved_role,identity_effective_date",0.09800,,
"delivery_first_page,delivery_last_page,delivery_page_size",0.09875,,
"document_primary_contact,document_secondary_contact",0.09950,,
"message_initial_amount,message_adjusted_amount,message_final_amount",0.10025,,
"message_incoming_payload,message_outgoing_payload",0.10100,,
"delivery_draft_status,delivery_published_status",0.10175,,
"profile_open_time,profile_close_time",0.10250,,
"primary_contact,secondary_contact",0.10325,,
"payment_billing_start,payment_billing_end",0.10400,,
"service_base_price,service_discounted_price",0.10475,,
"tracking_main_address,tracking_billing_address",0.10550,,
"message_source_currency,message_target_currency,message_conversion_date,message_exchange_rate",0.10625,,
"catalog_billing_start,catalog_billing_end",0.10700,,
"profile_sender_name,profile_recipient_name",0.10775,,
"alert_previous_balance,alert_current_balance",0.10850,,
"profile_source_id,profile_target_id,profile_mapping_id",0.10925,,
"identity_main_address,identity_billing_address",0.11000,,
"account_billing_start,account_billing_end",0.11075,,
"document_current_user,document_previous_user",0.11150,,
"requested_date,confirmed_date",0.11225,,
"backup_current_version,backup_target_version",0.11300,,
"billing_previous_balance,billing_current_balance",0.11375,,
"approval_requested_role,approval_approved_role,approval_effective_date",0.11450,,
"message_first_page,message_last_page,message_page_size",0.11525,,
"billing_lower_threshold,billing_upper_threshold,billing_warning_message",0.11600,,
"backup_main_address,backup_billing_address",0.11675,,
"payment_given_name,payment_family_name,payment_display_name",0.11750,,
"delivery_source_id,delivery_target_id,delivery_mapping_id",0.11825,,
"shipping_default_theme,shipping_custom_theme",0.11900,,
"shipping_sender_name,shipping_recipient_name",0.11975,,
"message_current_user,message_previous_user",0.12050,,
"catalog_requested_role,catalog_approved_role,catalog_effective_date",0.12125,,
"review_requested_date,review_confirmed_date",0.12200,,
"profile_default_locale,profile_fallback_locale",0.12275,,
"service_line_start,service_line_end",0.12350,,
"account_primary_email,account_backup_email,account_reply_email",0.12425,,
"message_sender_name,message_recipient_name",0.12500,,
"catalog_default_theme,catalog_custom_theme",0.12575,,
"document_default_theme,document_custom_theme",0.12650,,
"service_primary_email,service_backup_email,service_reply_email",0.12725,,
"document_read_timeout,document_write_timeout,document_connection_timeout",0.12800,,
"notification_current_version,notification_target_version",0.12875,,
"document_source_branch,document_target_branch",0.12950,,
"delivery_requested_role,delivery_approved_role,delivery_effective_date",0.13025,,
"support_original_text,support_replacement_text",0.13100,,
"review_line_start,review_line_end",0.13175,,
"migration_initial_amount,migration_adjusted_amount,migration_final_amount",0.13250,,
"default_theme,custom_theme",0.13325,,
"account_primary_contact,account_secondary_contact",0.13400,,
"approval_billing_start,approval_billing_end",0.13475,,
"service_draft_status,service_published_status",0.13550,,
"profile_first_page,profile_last_page,profile_page_size",0.13625,,
"account_original_text,account_replacement_text",0.13700,,
"identity_previous_balance,identity_current_balance",0.13775,,
"primary_email,backup_email,reply_email",0.13850,,
"before_count,after_count,change_note",0.13925,,
"support_primary_email,support_backup_email,support_reply_email",0.14000,,
"tracking_given_name,tracking_family_name,tracking_display_name",0.14075,,
"service_open_time,service_close_time",0.14150,,
"approval_source_branch,approval_target_branch",0.14225,,
"catalog_previous_balance,catalog_current_balance",0.14300,,
"tracking_active_token,tracking_refresh_token",0.14375,,
"backup_active_token,backup_refresh_token",0.14450,,
"payment_default_theme,payment_custom_theme",0.14525,,
"approval_incoming_payload,approval_outgoing_payload",0.14600,,
"alert_sender_name,alert_recipient_name",0.14675,,
"migration_before_count,migration_after_count,migration_change_note",0.14750,,
"tracking_source_currency,tracking_target_currency,tracking_conversion_date,tracking_exchange_rate",0.14825,,
"tracking_primary_email,tracking_backup_email,tracking_reply_email",0.14900,,
"message_requested_date,message_confirmed_date",0.14975,,
"notification_first_page,notification_last_page,notification_page_size",0.15050,,
"profile_current_user,profile_previous_user",0.15125,,
"identity_lower_threshold,identity_upper_threshold,identity_warning_message",0.15200,,
"service_first_page,service_last_page,service_page_size",0.15275,,
"profile_active_token,profile_refresh_token",0.15350,,
"alert_base_price,alert_discounted_price",0.15425,,
"delivery_default_theme,delivery_custom_theme",0.15500,,
"delivery_before_count,delivery_after_count,delivery_change_note",0.15575,,
"original_text,replacement_text",0.15650,,
"report_primary_contact,report_secondary_contact",0.15725,,
"document_before_count,document_after_count,document_change_note",0.15800,,
"account_draft_status,account_published_status",0.15875,,
"active_token,refresh_token",0.15950,,
"message_before_count,message_after_count,message_change_note",0.16025,,
"account_default_locale,account_fallback_locale",0.16100,,
"catalog_incoming_payload,catalog_outgoing_payload",0.16175,,
"shipping_incoming_payload,shipping_outgoing_payload",0.16250,,
"alert_requested_role,alert_approved_role,alert_effective_date",0.16325,,
"incoming_payload,outgoing_payload",0.16400,,
"alert_incoming_payload,alert_outgoing_payload",0.16475,,
"support_sender_name,support_recipient_name",0.16550,,
"tracking_open_time,tracking_close_time",0.16625,,
"given_name,family_name,display_name",0.16700,,
"tracking_read_timeout,tracking_write_timeout,tracking_connection_timeout",0.16775,,
"review_requested_role,review_approved_role,review_effective_date",0.16850,,
"notification_active_token,notification_refresh_token",0.16925,,
"delivery_current_user,delivery_previous_user",0.17000,,
"catalog_lower_threshold,catalog_upper_threshold,catalog_warning_message",0.17075,,
"catalog_original_text,catalog_replacement_text",0.17150,,
"shipping_active_token,shipping_refresh_token",0.17225,,
"support_default_locale,support_fallback_locale",0.17300,,
"account_active_token,account_refresh_token",0.17375,,
"document_main_address,document_billing_address",0.17450,,
"report_billing_start,report_billing_end",0.17525,,
"shipping_default_locale,shipping_fallback_locale",0.17600,,
"profile_incoming_payload,profile_outgoing_payload",0.17675,,
"payment_current_user,payment_previous_user",0.17750,,
"migration_first_page,migration_last_page,migration_page_size",0.17825,,
"delivery_open_time,delivery_close_time",0.17900,,
"catalog_current_version,catalog_target_version",0.17975,,
"account_source_currency,account_target_currency,account_conversion_date,account_exchange_rate",0.18050,,
"notification_default_theme,notification_custom_theme",0.18125,,
"alert_first_page,alert_last_page,alert_page_size",0.18200,,
"profile_current_version,profile_target_version",0.18275,,
"read_timeout,write_timeout,connection_timeout",0.18350,,
"payment_source_branch,payment_target_branch",0.18425,,
"tracking_line_start,tracking_line_end",0.18500,,
"delivery_incoming_payload,delivery_outgoing_payload",0.18575,,
"catalog_current_user,catalog_previous_user",0.18650,,
"service_source_branch,service_target_branch",0.18725,,
"alert_primary_email,alert_backup_email,alert_reply_email",0.18800,,
"identity_source_currency,identity_target_currency,identity_conversion_date,identity_exchange_rate",0.18875,,
"backup_line_start,backup_line_end",0.18950,,
"payment_requested_role,payment_approved_role,payment_effective_date",0.19025,,
"tracking_previous_balance,tracking_current_balance",0.19100,,
"migration_current_owner,migration_previous_owner",0.19175,,
"identity_initial_amount,identity_adjusted_amount,identity_final_amount",0.19250,,
"base_price,discounted_price",0.19325,,
"delivery_default_locale,delivery_fallback_locale",0.19400,,
"billing_current_version,billing_target_version",0.19475,,
"support_requested_date,support_confirmed_date",0.19550,,
"migration_draft_status,migration_published_status",0.19625,,
"service_requested_date,service_confirmed_date",0.19700,,
"source_branch,target_branch",0.19775,,
"profile_primary_email,profile_backup_email,profile_reply_email",0.19850,,
"tracking_first_page,tracking_last_page,tracking_page_size",0.19925,,
"message_main_address,message_billing_address",0.20000,,
"review_default_theme,review_custom_theme",0.20075,,
"review_base_price,review_discounted_price",0.20150,,
"payment_line_start,payment_line_end",0.20225,,
"document_minimum_limit,document_maximum_limit",0.20300,,
"backup_current_user,backup_previous_user",0.20375,,
"approval_primary_contact,approval_secondary_contact",0.20450,,
"profile_minimum_limit,profile_maximum_limit",0.20525,,
"support_source_currency,support_target_currency,support_conversion_date,support_exchange_rate",0.20600,,
"notification_requested_role,notification_approved_role,notification_effective_date",0.20675,,
"support_open_time,support_close_time",0.20750,,
"backup_read_timeout,backup_write_timeout,backup_connection_timeout",0.20825,,
"tracking_lower_threshold,tracking_upper_threshold,tracking_warning_message",0.20900,,
"review_original_text,review_replacement_text",0.20975,,
"approval_first_page,approval_last_page,approval_page_size",0.21050,,
"identity_current_user,identity_previous_user",0.21125,,
"identity_requested_date,identity_confirmed_date",0.21200,,
"message_current_owner,message_previous_owner",0.21275,,
"service_before_count,service_after_count,service_change_note",0.21350,,
"notification_requested_date,notification_confirmed_date",0.21425,,
"tracking_default_locale,tracking_fallback_locale",0.21500,,
"catalog_primary_email,catalog_backup_email,catalog_reply_email",0.21575,,
"service_current_owner,service_previous_owner",0.21650,,
"alert_source_currency,alert_target_currency,alert_conversion_date,alert_exchange_rate",0.21725,,
"support_requested_role,support_approved_role,support_effective_date",0.21800,,
"catalog_current_owner,catalog_previous_owner",0.21875,,
"report_before_count,report_after_count,report_change_note",0.21950,,
"support_minimum_limit,support_maximum_limit",0.22025,,
"identity_billing_start,identity_billing_end",0.22100,,
"message_primary_contact,message_secondary_contact",0.22175,,
"service_default_theme,service_custom_theme",0.22250,,
"catalog_sender_name,catalog_recipient_name",0.22325,,
"service_minimum_limit,service_maximum_limit",0.22400,,
"account_open_time,account_close_time",0.22475,,
"notification_billing_start,notification_billing_end",0.22550,,
"payment_incoming_payload,payment_outgoing_payload",0.22625,,
"message_minimum_limit,message_maximum_limit",0.22700,,
"message_billing_start,message_billing_end",0.22775,,
"approval_active_token,approval_refresh_token",0.22850,,
"profile_requested_date,profile_confirmed_date",0.22925,,
"document_current_owner,document_previous_owner",0.23000,,
"service_default_locale,service_fallback_locale",0.23075,,
"billing_start,billing_end",0.23150,,
"delivery_minimum_limit,delivery_maximum_limit",0.23225,,
"migration_source_id,migration_target_id,migration_mapping_id",0.23300,,
"account_line_start,account_line_end",0.23375,,
"report_open_time,report_close_time",0.23450,,
"shipping_draft_status,shipping_published_status",0.23525,,
"profile_source_currency,profile_target_currency,profile_conversion_date,profile_exchange_rate",0.23600,,
"main_address,billing_address",0.23675,,
"account_given_name,account_family_name,account_display_name",0.23750,,
"billing_initial_amount,billing_adjusted_amount,billing_final_amount",0.23825,,
"identity_source_id,identity_target_id,identity_mapping_id",0.23900,,
"alert_source_branch,alert_target_branch",0.23975,,
"backup_current_owner,backup_previous_owner",0.24050,,
"catalog_main_address,catalog_billing_address",0.24125,,
"backup_before_count,backup_after_count,backup_change_note",0.24200,,
"support_first_page,support_last_page,support_page_size",0.24275,,
"delivery_requested_date,delivery_confirmed_date",0.24350,,
"delivery_primary_contact,delivery_secondary_contact",0.24425,,
"alert_original_text,alert_replacement_text",0.24500,,
"line_start,line_end",0.24575,,
"report_default_theme,report_custom_theme",0.24650,,
"alert_default_locale,alert_fallback_locale",0.24725,,
"source_currency,target_currency,conversion_date,exchange_rate",0.24800,,
"backup_requested_role,backup_approved_role,backup_effective_date",0.24875,,
"account_source_id,account_target_id,account_mapping_id",0.24950,,
"message_local_scope,message_team_scope,message_organization_scope,message_global_scope",0.25025,,
"retention_first_attempt,retention_retry_attempt,retention_fallback_attempt,retention_manual_attempt",0.25100,,
"product_short_term,product_mid_term,product_long_term,product_lifetime_term",0.25175,,
"inventory_primary_filter,inventory_secondary_filter,inventory_default_filter",0.25250,,
"customer_low_priority,customer_normal_priority,customer_high_priority,customer_urgent_priority",0.25325,,
"market_email_channel,market_push_channel,market_sms_channel,market_web_channel",0.25400,,
"message_free_plan,message_standard_plan,message_premium_plan",0.25475,,
"event_short_term,event_mid_term,event_long_term,event_lifetime_term",0.25550,,
"search_new_user,search_returning_user,search_guest_user,search_staff_user",0.25625,,
"project_short_term,project_mid_term,project_long_term,project_lifetime_term",0.25700,,
"customer_short_term,customer_mid_term,customer_long_term,customer_lifetime_term",0.25775,,
"campaign_short_term,campaign_mid_term,campaign_long_term,campaign_lifetime_term",0.25850,,
"delivery_address_line_one,delivery_address_line_two,delivery_postal_code",0.25925,,
"retention_bronze_level,retention_silver_level,retention_gold_level",0.26000,,
"feature_field_name,feature_field_value,feature_field_label",0.26075,,
"learning_short_term,learning_mid_term,learning_long_term,learning_lifetime_term",0.26150,,
"security_draft_mode,security_preview_mode,security_live_mode,security_archive_mode",0.26225,,
"customer_english_text,customer_korean_text,customer_japanese_text",0.26300,,
"feature_local_scope,feature_team_scope,feature_organization_scope,feature_global_scope",0.26375,,
"retention_basic_role,retention_manager_role,retention_admin_role,retention_owner_role",0.26450,,
"audience_new_user,audience_returning_user,audience_guest_user,audience_staff_user",0.26525,,
"market_hourly_total,market_daily_total,market_weekly_total,market_monthly_total",0.26600,,
"customer_north_region,customer_south_region,customer_east_region,customer_west_region",0.26675,,
"learning_english_text,learning_korean_text,learning_japanese_text",0.26750,,
"learning_local_scope,learning_team_scope,learning_organization_scope,learning_global_scope",0.26825,,
"feature_english_text,feature_korean_text,feature_japanese_text",0.26900,,
"inventory_local_scope,inventory_team_scope,inventory_organization_scope,inventory_global_scope",0.26975,,
"content_english_text,content_korean_text,content_japanese_text",0.27050,,
"event_draft_mode,event_preview_mode,event_live_mode,event_archive_mode",0.27125,,
"report_bronze_level,report_silver_level,report_gold_level",0.27200,,
"product_field_name,product_field_value,product_field_label",0.27275,,
"security_research_phase,security_design_phase,security_build_phase,security_test_phase,security_release_phase",0.27350,,
"access_field_name,access_field_value,access_field_label",0.27425,,
"security_new_order,security_pending_order,security_shipped_order,security_completed_order,security_cancelled_order",0.27500,,
"event_new_order,event_pending_order,event_shipped_order,event_completed_order,event_cancelled_order",0.27575,,
"report_new_order,report_pending_order,report_shipped_order,report_completed_order,report_cancelled_order",0.27650,,
"feature_minor_issue,feature_major_issue,feature_critical_issue,feature_blocked_issue",0.27725,,
"inventory_basic_role,inventory_manager_role,inventory_admin_role,inventory_owner_role",0.27800,,
"access_free_plan,access_standard_plan,access_premium_plan",0.27875,,
"inventory_free_plan,inventory_standard_plan,inventory_premium_plan",0.27950,,
"quality_private_visibility,quality_team_visibility,quality_public_visibility,quality_restricted_visibility,quality_hidden_visibility",0.28025,,
"product_english_text,product_korean_text,product_japanese_text",0.28100,,
"customer_free_plan,customer_standard_plan,customer_premium_plan",0.28175,,
"payment_email_channel,payment_push_channel,payment_sms_channel,payment_web_channel",0.28250,,
"project_free_plan,project_standard_plan,project_premium_plan",0.28325,,
"content_first_attempt,content_retry_attempt,content_fallback_attempt,content_manual_attempt",0.28400,,
"service_small_team,service_medium_team,service_large_team",0.28475,,
"event_new_user,event_returning_user,event_guest_user,event_staff_user",0.28550,,
"inventory_first_rule,inventory_second_rule,inventory_third_rule",0.28625,,
"feature_private_visibility,feature_team_visibility,feature_public_visibility,feature_restricted_visibility,feature_hidden_visibility",0.28700,,
"content_hourly_total,content_daily_total,content_weekly_total,content_monthly_total",0.28775,,
"customer_read_count,customer_write_count,customer_delete_count",0.28850,,
"inventory_research_phase,inventory_design_phase,inventory_build_phase,inventory_test_phase,inventory_release_phase",0.28925,,
"payment_small_team,payment_medium_team,payment_large_team",0.29000,,
"service_local_scope,service_team_scope,service_organization_scope,service_global_scope",0.29075,,
"message_email_channel,message_push_channel,message_sms_channel,message_web_channel",0.29150,,
"product_basic_role,product_manager_role,product_admin_role,product_owner_role",0.29225,,
"event_minor_issue,event_major_issue,event_critical_issue,event_blocked_issue",0.29300,,
"delivery_north_region,delivery_south_region,delivery_east_region,delivery_west_region",0.29375,,
"campaign_field_name,campaign_field_value,campaign_field_label",0.29450,,
"delivery_basic_role,delivery_manager_role,delivery_admin_role,delivery_owner_role",0.29525,,
"quality_address_line_one,quality_address_line_two,quality_postal_code",0.29600,,
"audience_address_line_one,audience_address_line_two,audience_postal_code",0.29675,,
"security_basic_role,security_manager_role,security_admin_role,security_owner_role",0.29750,,
"customer_small_team,customer_medium_team,customer_large_team",0.29825,,
"message_field_name,message_field_value,message_field_label",0.29900,,
"primary_filter,secondary_filter,default_filter",0.29975,,
"event_hourly_total,event_daily_total,event_weekly_total,event_monthly_total",0.30050,,
"customer_email_channel,customer_push_channel,customer_sms_channel,customer_web_channel",0.30125,,
"inventory_new_user,inventory_returning_user,inventory_guest_user,inventory_staff_user",0.30200,,
"feature_first_attempt,feature_retry_attempt,feature_fallback_attempt,feature_manual_attempt",0.30275,,
"retention_small_team,retention_medium_team,retention_large_team",0.30350,,
"audience_email_channel,audience_push_channel,audience_sms_channel,audience_web_channel",0.30425,,
"customer_field_name,customer_field_value,customer_field_label",0.30500,,
"delivery_low_priority,delivery_normal_priority,delivery_high_priority,delivery_urgent_priority",0.30575,,
"campaign_first_rule,campaign_second_rule,campaign_third_rule",0.30650,,
"quality_text_input,quality_image_input,quality_audio_input,quality_video_input",0.30725,,
"quality_first_rule,quality_second_rule,quality_third_rule",0.30800,,
"event_email_channel,event_push_channel,event_sms_channel,event_web_channel",0.30875,,
"service_new_order,service_pending_order,service_shipped_order,service_completed_order,service_cancelled_order",0.30950,,
"message_short_term,message_mid_term,message_long_term,message_lifetime_term",0.31025,,
"audience_short_term,audience_mid_term,audience_long_term,audience_lifetime_term",0.31100,,
"inventory_minor_issue,inventory_major_issue,inventory_critical_issue,inventory_blocked_issue",0.31175,,
"event_low_priority,event_normal_priority,event_high_priority,event_urgent_priority",0.31250,,
"project_small_team,project_medium_team,project_large_team",0.31325,,
"quality_low_priority,quality_normal_priority,quality_high_priority,quality_urgent_priority",0.31400,,
"audience_small_team,audience_medium_team,audience_large_team",0.31475,,
"audience_north_region,audience_south_region,audience_east_region,audience_west_region",0.31550,,
"delivery_local_scope,delivery_team_scope,delivery_organization_scope,delivery_global_scope",0.31625,,
"delivery_bronze_level,delivery_silver_level,delivery_gold_level",0.31700,,
"inventory_north_region,inventory_south_region,inventory_east_region,inventory_west_region",0.31775,,
"market_english_text,market_korean_text,market_japanese_text",0.31850,,
"small_team,medium_team,large_team",0.31925,,
"campaign_english_text,campaign_korean_text,campaign_japanese_text",0.32000,,
"event_free_plan,event_standard_plan,event_premium_plan",0.32075,,
"learning_new_order,learning_pending_order,learning_shipped_order,learning_completed_order,learning_cancelled_order",0.32150,,
"delivery_primary_filter,delivery_secondary_filter,delivery_default_filter",0.32225,,
"search_basic_role,search_manager_role,search_admin_role,search_owner_role",0.32300,,
"event_bronze_level,event_silver_level,event_gold_level",0.32375,,
"service_primary_filter,service_secondary_filter,service_default_filter",0.32450,,
"feature_low_priority,feature_normal_priority,feature_high_priority,feature_urgent_priority",0.32525,,
"audience_read_count,audience_write_count,audience_delete_count",0.32600,,
"audience_hourly_total,audience_daily_total,audience_weekly_total,audience_monthly_total",0.32675,,
"security_bronze_level,security_silver_level,security_gold_level",0.32750,,
"quality_read_count,quality_write_count,quality_delete_count",0.32825,,
"retention_low_priority,retention_normal_priority,retention_high_priority,retention_urgent_priority",0.32900,,
"campaign_new_order,campaign_pending_order,campaign_shipped_order,campaign_completed_order,campaign_cancelled_order",0.32975,,
"report_new_user,report_returning_user,report_guest_user,report_staff_user",0.33050,,
"audience_research_phase,audience_design_phase,audience_build_phase,audience_test_phase,audience_release_phase",0.33125,,
"local_scope,team_scope,organization_scope,global_scope",0.33200,,
"access_low_priority,access_normal_priority,access_high_priority,access_urgent_priority",0.33275,,
"message_text_input,message_image_input,message_audio_input,message_video_input",0.33350,,
"project_field_name,project_field_value,project_field_label",0.33425,,
"campaign_small_team,campaign_medium_team,campaign_large_team",0.33500,,
"campaign_new_user,campaign_returning_user,campaign_guest_user,campaign_staff_user",0.33575,,
"project_north_region,project_south_region,project_east_region,project_west_region",0.33650,,
"report_low_priority,report_normal_priority,report_high_priority,report_urgent_priority",0.33725,,
"event_first_rule,event_second_rule,event_third_rule",0.33800,,
"learning_basic_role,learning_manager_role,learning_admin_role,learning_owner_role",0.33875,,
"content_draft_mode,content_preview_mode,content_live_mode,content_archive_mode",0.33950,,
"security_low_priority,security_normal_priority,security_high_priority,security_urgent_priority",0.34025,,
"market_read_count,market_write_count,market_delete_count",0.34100,,
"field_name,field_value,field_label",0.34175,,
"product_first_rule,product_second_rule,product_third_rule",0.34250,,
"retention_short_term,retention_mid_term,retention_long_term,retention_lifetime_term",0.34325,,
"project_address_line_one,project_address_line_two,project_postal_code",0.34400,,
"inventory_new_order,inventory_pending_order,inventory_shipped_order,inventory_completed_order,inventory_cancelled_order",0.34475,,
"search_research_phase,search_design_phase,search_build_phase,search_test_phase,search_release_phase",0.34550,,
"quality_small_team,quality_medium_team,quality_large_team",0.34625,,
"feature_address_line_one,feature_address_line_two,feature_postal_code",0.34700,,
"delivery_private_visibility,delivery_team_visibility,delivery_public_visibility,delivery_restricted_visibility,delivery_hidden_visibility",0.34775,,
"payment_bronze_level,payment_silver_level,payment_gold_level",0.34850,,
"audience_low_priority,audience_normal_priority,audience_high_priority,audience_urgent_priority",0.34925,,
"message_research_phase,message_design_phase,message_build_phase,message_test_phase,message_release_phase",0.35000,,
"market_text_input,market_image_input,market_audio_input,market_video_input",0.35075,,
"delivery_field_name,delivery_field_value,delivery_field_label",0.35150,,
"event_north_region,event_south_region,event_east_region,event_west_region",0.35225,,
"quality_research_phase,quality_design_phase,quality_build_phase,quality_test_phase,quality_release_phase",0.35300,,
"service_new_user,service_returning_user,service_guest_user,service_staff_user",0.35375,,
"security_author_name,security_editor_name,security_reviewer_name",0.35450,,
"content_primary_filter,content_secondary_filter,content_default_filter",0.35525,,
"delivery_first_attempt,delivery_retry_attempt,delivery_fallback_attempt,delivery_manual_attempt",0.35600,,
"message_bronze_level,message_silver_level,message_gold_level",0.35675,,
"security_small_team,security_medium_team,security_large_team",0.35750,,
"search_free_plan,search_standard_plan,search_premium_plan",0.35825,,
"author_name,editor_name,reviewer_name",0.35900,,
"learning_research_phase,learning_design_phase,learning_build_phase,learning_test_phase,learning_release_phase",0.35975,,
"report_first_attempt,report_retry_attempt,report_fallback_attempt,report_manual_attempt",0.36050,,
"campaign_research_phase,campaign_design_phase,campaign_build_phase,campaign_test_phase,campaign_release_phase",0.36125,,
"event_local_scope,event_team_scope,event_organization_scope,event_global_scope",0.36200,,
"new_order,pending_order,shipped_order,completed_order,cancelled_order",0.36275,,
"inventory_short_term,inventory_mid_term,inventory_long_term,inventory_lifetime_term",0.36350,,
"audience_primary_filter,audience_secondary_filter,audience_default_filter",0.36425,,
"event_text_input,event_image_input,event_audio_input,event_video_input",0.36500,,
"message_minor_issue,message_major_issue,message_critical_issue,message_blocked_issue",0.36575,,
"first_rule,second_rule,third_rule",0.36650,,
"security_hourly_total,security_daily_total,security_weekly_total,security_monthly_total",0.36725,,
"security_north_region,security_south_region,security_east_region,security_west_region",0.36800,,
"market_field_name,market_field_value,market_field_label",0.36875,,
"search_private_visibility,search_team_visibility,search_public_visibility,search_restricted_visibility,search_hidden_visibility",0.36950,,
"audience_first_rule,audience_second_rule,audience_third_rule",0.37025,,
"inventory_low_priority,inventory_normal_priority,inventory_high_priority,inventory_urgent_priority",0.37100,,
"delivery_research_phase,delivery_design_phase,delivery_build_phase,delivery_test_phase,delivery_release_phase",0.37175,,
"access_private_visibility,access_team_visibility,access_public_visibility,access_restricted_visibility,access_hidden_visibility",0.37250,,
"research_phase,design_phase,build_phase,test_phase,release_phase",0.37325,,
"payment_short_term,payment_mid_term,payment_long_term,payment_lifetime_term",0.37400,,
"retention_research_phase,retention_design_phase,retention_build_phase,retention_test_phase,retention_release_phase",0.37475,,
"report_private_visibility,report_team_visibility,report_public_visibility,report_restricted_visibility,report_hidden_visibility",0.37550,,
"security_field_name,security_field_value,security_field_label",0.37625,,
"feature_text_input,feature_image_input,feature_audio_input,feature_video_input",0.37700,,
"product_free_plan,product_standard_plan,product_premium_plan",0.37775,,
"customer_text_input,customer_image_input,customer_audio_input,customer_video_input",0.37850,,
"audience_author_name,audience_editor_name,audience_reviewer_name",0.37925,,
"access_new_order,access_pending_order,access_shipped_order,access_completed_order,access_cancelled_order",0.38000,,
"campaign_minor_issue,campaign_major_issue,campaign_critical_issue,campaign_blocked_issue",0.38075,,
"product_new_order,product_pending_order,product_shipped_order,product_completed_order,product_cancelled_order",0.38150,,
"inventory_small_team,inventory_medium_team,inventory_large_team",0.38225,,
"audience_local_scope,audience_team_scope,audience_organization_scope,audience_global_scope",0.38300,,
"audience_draft_mode,audience_preview_mode,audience_live_mode,audience_archive_mode",0.38375,,
"search_minor_issue,search_major_issue,search_critical_issue,search_blocked_issue",0.38450,,
"learning_draft_mode,learning_preview_mode,learning_live_mode,learning_archive_mode",0.38525,,
"access_local_scope,access_team_scope,access_organization_scope,access_global_scope",0.38600,,
"product_north_region,product_south_region,product_east_region,product_west_region",0.38675,,
"campaign_draft_mode,campaign_preview_mode,campaign_live_mode,campaign_archive_mode",0.38750,,
"learning_field_name,learning_field_value,learning_field_label",0.38825,,
"content_first_rule,content_second_rule,content_third_rule",0.38900,,
"market_private_visibility,market_team_visibility,market_public_visibility,market_restricted_visibility,market_hidden_visibility",0.38975,,
"feature_small_team,feature_medium_team,feature_large_team",0.39050,,
"learning_hourly_total,learning_daily_total,learning_weekly_total,learning_monthly_total",0.39125,,
"access_short_term,access_mid_term,access_long_term,access_lifetime_term",0.39200,,
"quality_bronze_level,quality_silver_level,quality_gold_level",0.39275,,
"learning_first_rule,learning_second_rule,learning_third_rule",0.39350,,
"market_basic_role,market_manager_role,market_admin_role,market_owner_role",0.39425,,
"search_primary_filter,search_secondary_filter,search_default_filter",0.39500,,
"product_bronze_level,product_silver_level,product_gold_level",0.39575,,
"campaign_low_priority,campaign_normal_priority,campaign_high_priority,campaign_urgent_priority",0.39650,,
"retention_text_input,retention_image_input,retention_audio_input,retention_video_input",0.39725,,
"project_new_order,project_pending_order,project_shipped_order,project_completed_order,project_cancelled_order",0.39800,,
"campaign_bronze_level,campaign_silver_level,campaign_gold_level",0.39875,,
"customer_minor_issue,customer_major_issue,customer_critical_issue,customer_blocked_issue",0.39950,,
"english_text,korean_text,japanese_text",0.40025,,
"message_private_visibility,message_team_visibility,message_public_visibility,message_restricted_visibility,message_hidden_visibility",0.40100,,
"feature_research_phase,feature_design_phase,feature_build_phase,feature_test_phase,feature_release_phase",0.40175,,
"free_plan,standard_plan,premium_plan",0.40250,,
"feature_free_plan,feature_standard_plan,feature_premium_plan",0.40325,,
"service_low_priority,service_normal_priority,service_high_priority,service_urgent_priority",0.40400,,
"delivery_hourly_total,delivery_daily_total,delivery_weekly_total,delivery_monthly_total",0.40475,,
"event_primary_filter,event_secondary_filter,event_default_filter",0.40550,,
"product_first_attempt,product_retry_attempt,product_fallback_attempt,product_manual_attempt",0.40625,,
"project_hourly_total,project_daily_total,project_weekly_total,project_monthly_total",0.40700,,
"payment_first_attempt,payment_retry_attempt,payment_fallback_attempt,payment_manual_attempt",0.40775,,
"payment_read_count,payment_write_count,payment_delete_count",0.40850,,
"content_low_priority,content_normal_priority,content_high_priority,content_urgent_priority",0.40925,,
"access_primary_filter,access_secondary_filter,access_default_filter",0.41000,,
"search_address_line_one,search_address_line_two,search_postal_code",0.41075,,
"access_text_input,access_image_input,access_audio_input,access_video_input",0.41150,,
"search_local_scope,search_team_scope,search_organization_scope,search_global_scope",0.41225,,
"low_priority,normal_priority,high_priority,urgent_priority",0.41300,,
"product_draft_mode,product_preview_mode,product_live_mode,product_archive_mode",0.41375,,
"short_term,mid_term,long_term,lifetime_term",0.41450,,
"event_address_line_one,event_address_line_two,event_postal_code",0.41525,,
"security_first_attempt,security_retry_attempt,security_fallback_attempt,security_manual_attempt",0.41600,,
"report_read_count,report_write_count,report_delete_count",0.41675,,
"email_channel,push_channel,sms_channel,web_channel",0.41750,,
"content_text_input,content_image_input,content_audio_input,content_video_input",0.41825,,
"retention_first_rule,retention_second_rule,retention_third_rule",0.41900,,
"customer_bronze_level,customer_silver_level,customer_gold_level",0.41975,,
"content_short_term,content_mid_term,content_long_term,content_lifetime_term",0.42050,,
"search_low_priority,search_normal_priority,search_high_priority,search_urgent_priority",0.42125,,
"payment_new_user,payment_returning_user,payment_guest_user,payment_staff_user",0.42200,,
"campaign_local_scope,campaign_team_scope,campaign_organization_scope,campaign_global_scope",0.42275,,
"customer_first_rule,customer_second_rule,customer_third_rule",0.42350,,
"feature_new_user,feature_returning_user,feature_guest_user,feature_staff_user",0.42425,,
"search_new_order,search_pending_order,search_shipped_order,search_completed_order,search_cancelled_order",0.42500,,
"search_draft_mode,search_preview_mode,search_live_mode,search_archive_mode",0.42575,,
"retention_address_line_one,retention_address_line_two,retention_postal_code",0.42650,,
"market_bronze_level,market_silver_level,market_gold_level",0.42725,,
"product_low_priority,product_normal_priority,product_high_priority,product_urgent_priority",0.42800,,
"report_basic_role,report_manager_role,report_admin_role,report_owner_role",0.42875,,
"product_email_channel,product_push_channel,product_sms_channel,product_web_channel",0.42950,,
"payment_basic_role,payment_manager_role,payment_admin_role,payment_owner_role",0.43025,,
"campaign_hourly_total,campaign_daily_total,campaign_weekly_total,campaign_monthly_total",0.43100,,
"message_english_text,message_korean_text,message_japanese_text",0.43175,,
"project_low_priority,project_normal_priority,project_high_priority,project_urgent_priority",0.43250,,
"campaign_basic_role,campaign_manager_role,campaign_admin_role,campaign_owner_role",0.43325,,
"feature_draft_mode,feature_preview_mode,feature_live_mode,feature_archive_mode",0.43400,,
"project_read_count,project_write_count,project_delete_count",0.43475,,
"learning_read_count,learning_write_count,learning_delete_count",0.43550,,
"delivery_small_team,delivery_medium_team,delivery_large_team",0.43625,,
"event_research_phase,event_design_phase,event_build_phase,event_test_phase,event_release_phase",0.43700,,
"access_author_name,access_editor_name,access_reviewer_name",0.43775,,
"report_text_input,report_image_input,report_audio_input,report_video_input",0.43850,,
"message_address_line_one,message_address_line_two,message_postal_code",0.43925,,
"quality_draft_mode,quality_preview_mode,quality_live_mode,quality_archive_mode",0.44000,,
"security_minor_issue,security_major_issue,security_critical_issue,security_blocked_issue",0.44075,,
"private_visibility,team_visibility,public_visibility,restricted_visibility,hidden_visibility",0.44150,,
"customer_author_name,customer_editor_name,customer_reviewer_name",0.44225,,
"message_read_count,message_write_count,message_delete_count",0.44300,,
"message_north_region,message_south_region,message_east_region,message_west_region",0.44375,,
"message_hourly_total,message_daily_total,message_weekly_total,message_monthly_total",0.44450,,
"inventory_english_text,inventory_korean_text,inventory_japanese_text",0.44525,,
"inventory_text_input,inventory_image_input,inventory_audio_input,inventory_video_input",0.44600,,
"retention_draft_mode,retention_preview_mode,retention_live_mode,retention_archive_mode",0.44675,,
"search_read_count,search_write_count,search_delete_count",0.44750,,
"draft_mode,preview_mode,live_mode,archive_mode",0.44825,,
"payment_english_text,payment_korean_text,payment_japanese_text",0.44900,,
"market_primary_filter,market_secondary_filter,market_default_filter",0.44975,,
"message_low_priority,message_normal_priority,message_high_priority,message_urgent_priority",0.45050,,
"content_free_plan,content_standard_plan,content_premium_plan",0.45125,,
"feature_short_term,feature_mid_term,feature_long_term,feature_lifetime_term",0.45200,,
"delivery_author_name,delivery_editor_name,delivery_reviewer_name",0.45275,,
"payment_free_plan,payment_standard_plan,payment_premium_plan",0.45350,,
"delivery_short_term,delivery_mid_term,delivery_long_term,delivery_lifetime_term",0.45425,,
"payment_first_rule,payment_second_rule,payment_third_rule",0.45500,,
"service_text_input,service_image_input,service_audio_input,service_video_input",0.45575,,
"retention_hourly_total,retention_daily_total,retention_weekly_total,retention_monthly_total",0.45650,,
"search_first_rule,search_second_rule,search_third_rule",0.45725,,
"content_basic_role,content_manager_role,content_admin_role,content_owner_role",0.45800,,
"report_first_rule,report_second_rule,report_third_rule",0.45875,,
"message_first_rule,message_second_rule,message_third_rule",0.45950,,
"quality_short_term,quality_mid_term,quality_long_term,quality_lifetime_term",0.46025,,
"market_low_priority,market_normal_priority,market_high_priority,market_urgent_priority",0.46100,,
"inventory_bronze_level,inventory_silver_level,inventory_gold_level",0.46175,,
"content_read_count,content_write_count,content_delete_count",0.46250,,
"search_first_attempt,search_retry_attempt,search_fallback_attempt,search_manual_attempt",0.46325,,
"feature_email_channel,feature_push_channel,feature_sms_channel,feature_web_channel",0.46400,,
"learning_author_name,learning_editor_name,learning_reviewer_name",0.46475,,
"feature_north_region,feature_south_region,feature_east_region,feature_west_region",0.46550,,
"bronze_level,silver_level,gold_level",0.46625,,
"basic_role,manager_role,admin_role,owner_role",0.46700,,
"event_first_attempt,event_retry_attempt,event_fallback_attempt,event_manual_attempt",0.46775,,
"content_address_line_one,content_address_line_two,content_postal_code",0.46850,,
"access_email_channel,access_push_channel,access_sms_channel,access_web_channel",0.46925,,
"access_hourly_total,access_daily_total,access_weekly_total,access_monthly_total",0.47000,,
"event_field_name,event_field_value,event_field_label",0.47075,,
"content_field_name,content_field_value,content_field_label",0.47150,,
"retention_read_count,retention_write_count,retention_delete_count",0.47225,,
"retention_english_text,retention_korean_text,retention_japanese_text",0.47300,,
"market_first_attempt,market_retry_attempt,market_fallback_attempt,market_manual_attempt",0.47375,,
"inventory_author_name,inventory_editor_name,inventory_reviewer_name",0.47450,,
"report_short_term,report_mid_term,report_long_term,report_lifetime_term",0.47525,,
"feature_first_rule,feature_second_rule,feature_third_rule",0.47600,,
"payment_minor_issue,payment_major_issue,payment_critical_issue,payment_blocked_issue",0.47675,,
"market_draft_mode,market_preview_mode,market_live_mode,market_archive_mode",0.47750,,
"market_short_term,market_mid_term,market_long_term,market_lifetime_term",0.47825,,
"event_private_visibility,event_team_visibility,event_public_visibility,event_restricted_visibility,event_hidden_visibility",0.47900,,
"delivery_first_rule,delivery_second_rule,delivery_third_rule",0.47975,,
"customer_address_line_one,customer_address_line_two,customer_postal_code",0.48050,,
"service_first_attempt,service_retry_attempt,service_fallback_attempt,service_manual_attempt",0.48125,,
"retention_field_name,retention_field_value,retention_field_label",0.48200,,
"feature_hourly_total,feature_daily_total,feature_weekly_total,feature_monthly_total",0.48275,,
"audience_private_visibility,audience_team_visibility,audience_public_visibility,audience_restricted_visibility,audience_hidden_visibility",0.48350,,
"inventory_email_channel,inventory_push_channel,inventory_sms_channel,inventory_web_channel",0.48425,,
"service_draft_mode,service_preview_mode,service_live_mode,service_archive_mode",0.48500,,
"minor_issue,major_issue,critical_issue,blocked_issue",0.48575,,
"hourly_total,daily_total,weekly_total,monthly_total",0.48650,,
"market_new_order,market_pending_order,market_shipped_order,market_completed_order,market_cancelled_order",0.48725,,
"payment_address_line_one,payment_address_line_two,payment_postal_code",0.48800,,
"message_primary_filter,message_secondary_filter,message_default_filter",0.48875,,
"quality_field_name,quality_field_value,quality_field_label",0.48950,,
"campaign_private_visibility,campaign_team_visibility,campaign_public_visibility,campaign_restricted_visibility,campaign_hidden_visibility",0.49025,,
"delivery_new_user,delivery_returning_user,delivery_guest_user,delivery_staff_user",0.49100,,
"retention_author_name,retention_editor_name,retention_reviewer_name",0.49175,,
"market_first_rule,market_second_rule,market_third_rule",0.49250,,
"customer_new_order,customer_pending_order,customer_shipped_order,customer_completed_order,customer_cancelled_order",0.49325,,
"learning_small_team,learning_medium_team,learning_large_team",0.49400,,
"inventory_address_line_one,inventory_address_line_two,inventory_postal_code",0.49475,,
"access_basic_role,access_manager_role,access_admin_role,access_owner_role",0.49550,,
"learning_free_plan,learning_standard_plan,learning_premium_plan",0.49625,,
"north_region,south_region,east_region,west_region",0.49700,,
"customer_first_attempt,customer_retry_attempt,customer_fallback_attempt,customer_manual_attempt",0.49775,,
"report_hourly_total,report_daily_total,report_weekly_total,report_monthly_total",0.49850,,
"retention_local_scope,retention_team_scope,retention_organization_scope,retention_global_scope",0.49925,,
"customer_import_step,customer_transform_step,customer_validate_step,customer_publish_step,customer_notify_step",0.50000,,
"budget_source_dataset,budget_training_dataset,budget_validation_dataset,budget_test_dataset",0.50075,,
"workflow_retail_segment,workflow_business_segment,workflow_enterprise_segment,workflow_public_segment",0.50150,,
"retail_segment,business_segment,enterprise_segment,public_segment",0.50225,,
"service_retail_segment,service_business_segment,service_enterprise_segment,service_public_segment",0.50300,,
"audit_early_risk,audit_delivery_risk,audit_cost_risk,audit_adoption_risk",0.50375,,
"policy_include_filter,policy_exclude_filter,policy_required_filter",0.50450,,
"setting_quality_check,setting_privacy_check,setting_security_check,setting_compliance_check",0.50525,,
"audit_retail_segment,audit_business_segment,audit_enterprise_segment,audit_public_segment",0.50600,,
"audit_include_filter,audit_exclude_filter,audit_required_filter",0.50675,,
"policy_basic_setting,policy_advanced_setting,policy_expert_setting",0.50750,,
"segment_local_cache,segment_shared_cache,segment_regional_cache,segment_global_cache",0.50825,,
"metric_basic_setting,metric_advanced_setting,metric_expert_setting",0.50900,,
"audit_basic_setting,audit_advanced_setting,audit_expert_setting",0.50975,,
"budget_latency_metric,budget_throughput_metric,budget_error_metric",0.51050,,
"workflow_include_filter,workflow_exclude_filter,workflow_required_filter",0.51125,,
"budget_search_weight,budget_recency_weight,budget_quality_weight,budget_popularity_weight",0.51200,,
"channel_email_rule,channel_content_rule,channel_security_rule,channel_retention_rule",0.51275,,
"customer_weekly_digest,customer_monthly_digest,customer_quarterly_digest,customer_annual_digest",0.51350,,
"feature_source_dataset,feature_training_dataset,feature_validation_dataset,feature_test_dataset",0.51425,,
"route_search_weight,route_recency_weight,route_quality_weight,route_popularity_weight",0.51500,,
"feature_email_rule,feature_content_rule,feature_security_rule,feature_retention_rule",0.51575,,
"feature_login_feature,feature_search_feature,feature_export_feature",0.51650,,
"audit_draft_template,audit_email_template,audit_report_template,audit_invoice_template",0.51725,,
"service_cash_budget,service_labor_budget,service_media_budget,service_travel_budget",0.51800,,
"feature_organic_channel,feature_paid_channel,feature_partner_channel,feature_referral_channel",0.51875,,
"latency_metric,throughput_metric,error_metric",0.51950,,
"report_quality_check,report_privacy_check,report_security_check,report_compliance_check",0.52025,,
"policy_latency_metric,policy_throughput_metric,policy_error_metric",0.52100,,
"customer_latency_metric,customer_throughput_metric,customer_error_metric",0.52175,,
"segment_north_route,segment_south_route,segment_east_route,segment_west_route",0.52250,,
"setting_admin_action,setting_editor_action,setting_viewer_action,setting_guest_action",0.52325,,
"customer_local_cache,customer_shared_cache,customer_regional_cache,customer_global_cache",0.52400,,
"budget_read_policy,budget_write_policy,budget_delete_policy",0.52475,,
"channel_retail_segment,channel_business_segment,channel_enterprise_segment,channel_public_segment",0.52550,,
"service_basic_setting,service_advanced_setting,service_expert_setting",0.52625,,
"workflow_local_cache,workflow_shared_cache,workflow_regional_cache,workflow_global_cache",0.52700,,
"policy_source_dataset,policy_training_dataset,policy_validation_dataset,policy_test_dataset",0.52775,,
"segment_search_weight,segment_recency_weight,segment_quality_weight,segment_popularity_weight",0.52850,,
"pricing_early_risk,pricing_delivery_risk,pricing_cost_risk,pricing_adoption_risk",0.52925,,
"feature_quality_check,feature_privacy_check,feature_security_check,feature_compliance_check",0.53000,,
"route_retail_segment,route_business_segment,route_enterprise_segment,route_public_segment",0.53075,,
"risk_organic_channel,risk_paid_channel,risk_partner_channel,risk_referral_channel",0.53150,,
"customer_quality_check,customer_privacy_check,customer_security_check,customer_compliance_check",0.53225,,
"report_weekly_digest,report_monthly_digest,report_quarterly_digest,report_annual_digest",0.53300,,
"setting_organic_channel,setting_paid_channel,setting_partner_channel,setting_referral_channel",0.53375,,
"report_latency_metric,report_throughput_metric,report_error_metric",0.53450,,
"channel_basic_setting,channel_advanced_setting,channel_expert_setting",0.53525,,
"route_basic_setting,route_advanced_setting,route_expert_setting",0.53600,,
"feature_weekly_digest,feature_monthly_digest,feature_quarterly_digest,feature_annual_digest",0.53675,,
"channel_read_policy,channel_write_policy,channel_delete_policy",0.53750,,
"route_cash_budget,route_labor_budget,route_media_budget,route_travel_budget",0.53825,,
"risk_north_route,risk_south_route,risk_east_route,risk_west_route",0.53900,,
"report_include_filter,report_exclude_filter,report_required_filter",0.53975,,
"channel_source_dataset,channel_training_dataset,channel_validation_dataset,channel_test_dataset",0.54050,,
"setting_search_weight,setting_recency_weight,setting_quality_weight,setting_popularity_weight",0.54125,,
"metric_import_step,metric_transform_step,metric_validate_step,metric_publish_step,metric_notify_step",0.54200,,
"segment_admin_action,segment_editor_action,segment_viewer_action,segment_guest_action",0.54275,,
"report_search_weight,report_recency_weight,report_quality_weight,report_popularity_weight",0.54350,,
"report_read_policy,report_write_policy,report_delete_policy",0.54425,,
"report_local_cache,report_shared_cache,report_regional_cache,report_global_cache",0.54500,,
"segment_import_step,segment_transform_step,segment_validate_step,segment_publish_step,segment_notify_step",0.54575,,
"report_north_route,report_south_route,report_east_route,report_west_route",0.54650,,
"budget_quality_check,budget_privacy_check,budget_security_check,budget_compliance_check",0.54725,,
"risk_search_weight,risk_recency_weight,risk_quality_weight,risk_popularity_weight",0.54800,,
"report_basic_setting,report_advanced_setting,report_expert_setting",0.54875,,
"setting_source_dataset,setting_training_dataset,setting_validation_dataset,setting_test_dataset",0.54950,,
"customer_email_rule,customer_content_rule,customer_security_rule,customer_retention_rule",0.55025,,
"route_email_rule,route_content_rule,route_security_rule,route_retention_rule",0.55100,,
"report_early_risk,report_delivery_risk,report_cost_risk,report_adoption_risk",0.55175,,
"budget_admin_action,budget_editor_action,budget_viewer_action,budget_guest_action",0.55250,,
"service_include_filter,service_exclude_filter,service_required_filter",0.55325,,
"policy_north_route,policy_south_route,policy_east_route,policy_west_route",0.55400,,
"segment_include_filter,segment_exclude_filter,segment_required_filter",0.55475,,
"policy_cash_budget,policy_labor_budget,policy_media_budget,policy_travel_budget",0.55550,,
"dataset_source_dataset,dataset_training_dataset,dataset_validation_dataset,dataset_test_dataset",0.55625,,
"dataset_primary_metric,dataset_secondary_metric,dataset_guardrail_metric,dataset_diagnostic_metric",0.55700,,
"metric_draft_template,metric_email_template,metric_report_template,metric_invoice_template",0.55775,,
"budget_weekly_digest,budget_monthly_digest,budget_quarterly_digest,budget_annual_digest",0.55850,,
"report_email_rule,report_content_rule,report_security_rule,report_retention_rule",0.55925,,
"dataset_include_filter,dataset_exclude_filter,dataset_required_filter",0.56000,,
"draft_template,email_template,report_template,invoice_template",0.56075,,
"route_read_policy,route_write_policy,route_delete_policy",0.56150,,
"weekly_digest,monthly_digest,quarterly_digest,annual_digest",0.56225,,
"metric_local_cache,metric_shared_cache,metric_regional_cache,metric_global_cache",0.56300,,
"read_policy,write_policy,delete_policy",0.56375,,
"route_quality_check,route_privacy_check,route_security_check,route_compliance_check",0.56450,,
"channel_include_filter,channel_exclude_filter,channel_required_filter",0.56525,,
"segment_primary_metric,segment_secondary_metric,segment_guardrail_metric,segment_diagnostic_metric",0.56600,,
"service_quality_check,service_privacy_check,service_security_check,service_compliance_check",0.56675,,
"segment_cash_budget,segment_labor_budget,segment_media_budget,segment_travel_budget",0.56750,,
"dataset_quality_check,dataset_privacy_check,dataset_security_check,dataset_compliance_check",0.56825,,
"audit_login_feature,audit_search_feature,audit_export_feature",0.56900,,
"report_organic_channel,report_paid_channel,report_partner_channel,report_referral_channel",0.56975,,
"pricing_basic_setting,pricing_advanced_setting,pricing_expert_setting",0.57050,,
"audit_source_dataset,audit_training_dataset,audit_validation_dataset,audit_test_dataset",0.57125,,
"feature_north_route,feature_south_route,feature_east_route,feature_west_route",0.57200,,
"customer_organic_channel,customer_paid_channel,customer_partner_channel,customer_referral_channel",0.57275,,
"setting_early_risk,setting_delivery_risk,setting_cost_risk,setting_adoption_risk",0.57350,,
"audit_quality_check,audit_privacy_check,audit_security_check,audit_compliance_check",0.57425,,
"dataset_latency_metric,dataset_throughput_metric,dataset_error_metric",0.57500,,
"risk_retail_segment,risk_business_segment,risk_enterprise_segment,risk_public_segment",0.57575,,
"channel_latency_metric,channel_throughput_metric,channel_error_metric",0.57650,,
"channel_primary_metric,channel_secondary_metric,channel_guardrail_metric,channel_diagnostic_metric",0.57725,,
"feature_include_filter,feature_exclude_filter,feature_required_filter",0.57800,,
"pricing_primary_metric,pricing_secondary_metric,pricing_guardrail_metric,pricing_diagnostic_metric",0.57875,,
"route_latency_metric,route_throughput_metric,route_error_metric",0.57950,,
"metric_latency_metric,metric_throughput_metric,metric_error_metric",0.58025,,
"route_organic_channel,route_paid_channel,route_partner_channel,route_referral_channel",0.58100,,
"risk_admin_action,risk_editor_action,risk_viewer_action,risk_guest_action",0.58175,,
"channel_north_route,channel_south_route,channel_east_route,channel_west_route",0.58250,,
"dataset_cash_budget,dataset_labor_budget,dataset_media_budget,dataset_travel_budget",0.58325,,
"dataset_draft_template,dataset_email_template,dataset_report_template,dataset_invoice_template",0.58400,,
"metric_search_weight,metric_recency_weight,metric_quality_weight,metric_popularity_weight",0.58475,,
"feature_latency_metric,feature_throughput_metric,feature_error_metric",0.58550,,
"risk_early_risk,risk_delivery_risk,risk_cost_risk,risk_adoption_risk",0.58625,,
"segment_quality_check,segment_privacy_check,segment_security_check,segment_compliance_check",0.58700,,
"budget_primary_metric,budget_secondary_metric,budget_guardrail_metric,budget_diagnostic_metric",0.58775,,
"segment_login_feature,segment_search_feature,segment_export_feature",0.58850,,
"workflow_admin_action,workflow_editor_action,workflow_viewer_action,workflow_guest_action",0.58925,,
"segment_weekly_digest,segment_monthly_digest,segment_quarterly_digest,segment_annual_digest",0.59000,,
"dataset_retail_segment,dataset_business_segment,dataset_enterprise_segment,dataset_public_segment",0.59075,,
"policy_draft_template,policy_email_template,policy_report_template,policy_invoice_template",0.59150,,
"pricing_admin_action,pricing_editor_action,pricing_viewer_action,pricing_guest_action",0.59225,,
"service_early_risk,service_delivery_risk,service_cost_risk,service_adoption_risk",0.59300,,
"audit_latency_metric,audit_throughput_metric,audit_error_metric",0.59375,,
"customer_draft_template,customer_email_template,customer_report_template,customer_invoice_template",0.59450,,
"metric_retail_segment,metric_business_segment,metric_enterprise_segment,metric_public_segment",0.59525,,
"pricing_north_route,pricing_south_route,pricing_east_route,pricing_west_route",0.59600,,
"customer_admin_action,customer_editor_action,customer_viewer_action,customer_guest_action",0.59675,,
"segment_draft_template,segment_email_template,segment_report_template,segment_invoice_template",0.59750,,
"route_draft_template,route_email_template,route_report_template,route_invoice_template",0.59825,,
"audit_weekly_digest,audit_monthly_digest,audit_quarterly_digest,audit_annual_digest",0.59900,,
"customer_cash_budget,customer_labor_budget,customer_media_budget,customer_travel_budget",0.59975,,
"channel_quality_check,channel_privacy_check,channel_security_check,channel_compliance_check",0.60050,,
"service_search_weight,service_recency_weight,service_quality_weight,service_popularity_weight",0.60125,,
"feature_draft_template,feature_email_template,feature_report_template,feature_invoice_template",0.60200,,
"policy_email_rule,policy_content_rule,policy_security_rule,policy_retention_rule",0.60275,,
"workflow_early_risk,workflow_delivery_risk,workflow_cost_risk,workflow_adoption_risk",0.60350,,
"pricing_read_policy,pricing_write_policy,pricing_delete_policy",0.60425,,
"audit_search_weight,audit_recency_weight,audit_quality_weight,audit_popularity_weight",0.60500,,
"feature_primary_metric,feature_secondary_metric,feature_guardrail_metric,feature_diagnostic_metric",0.60575,,
"cash_budget,labor_budget,media_budget,travel_budget",0.60650,,
"service_login_feature,service_search_feature,service_export_feature",0.60725,,
"workflow_read_policy,workflow_write_policy,workflow_delete_policy",0.60800,,
"service_import_step,service_transform_step,service_validate_step,service_publish_step,service_notify_step",0.60875,,
"risk_include_filter,risk_exclude_filter,risk_required_filter",0.60950,,
"policy_primary_metric,policy_secondary_metric,policy_guardrail_metric,policy_diagnostic_metric",0.61025,,
"dataset_local_cache,dataset_shared_cache,dataset_regional_cache,dataset_global_cache",0.61100,,
"customer_search_weight,customer_recency_weight,customer_quality_weight,customer_popularity_weight",0.61175,,
"feature_early_risk,feature_delivery_risk,feature_cost_risk,feature_adoption_risk",0.61250,,
"metric_login_feature,metric_search_feature,metric_export_feature",0.61325,,
"customer_early_risk,customer_delivery_risk,customer_cost_risk,customer_adoption_risk",0.61400,,
"policy_login_feature,policy_search_feature,policy_export_feature",0.61475,,
"workflow_basic_setting,workflow_advanced_setting,workflow_expert_setting",0.61550,,
"pricing_quality_check,pricing_privacy_check,pricing_security_check,pricing_compliance_check",0.61625,,
"setting_latency_metric,setting_throughput_metric,setting_error_metric",0.61700,,
"pricing_search_weight,pricing_recency_weight,pricing_quality_weight,pricing_popularity_weight",0.61775,,
"route_weekly_digest,route_monthly_digest,route_quarterly_digest,route_annual_digest",0.61850,,
"policy_search_weight,policy_recency_weight,policy_quality_weight,policy_popularity_weight",0.61925,,
"metric_cash_budget,metric_labor_budget,metric_media_budget,metric_travel_budget",0.62000,,
"metric_organic_channel,metric_paid_channel,metric_partner_channel,metric_referral_channel",0.62075,,
"policy_retail_segment,policy_business_segment,policy_enterprise_segment,policy_public_segment",0.62150,,
"route_early_risk,route_delivery_risk,route_cost_risk,route_adoption_risk",0.62225,,
"pricing_draft_template,pricing_email_template,pricing_report_template,pricing_invoice_template",0.62300,,
"dataset_email_rule,dataset_content_rule,dataset_security_rule,dataset_retention_rule",0.62375,,
"channel_login_feature,channel_search_feature,channel_export_feature",0.62450,,
"risk_primary_metric,risk_secondary_metric,risk_guardrail_metric,risk_diagnostic_metric",0.62525,,
"workflow_organic_channel,workflow_paid_channel,workflow_partner_channel,workflow_referral_channel",0.62600,,
"setting_import_step,setting_transform_step,setting_validate_step,setting_publish_step,setting_notify_step",0.62675,,
"budget_basic_setting,budget_advanced_setting,budget_expert_setting",0.62750,,
"local_cache,shared_cache,regional_cache,global_cache",0.62825,,
"pricing_local_cache,pricing_shared_cache,pricing_regional_cache,pricing_global_cache",0.62900,,
"setting_email_rule,setting_content_rule,setting_security_rule,setting_retention_rule",0.62975,,
"audit_cash_budget,audit_labor_budget,audit_media_budget,audit_travel_budget",0.63050,,
"setting_login_feature,setting_search_feature,setting_export_feature",0.63125,,
"route_admin_action,route_editor_action,route_viewer_action,route_guest_action",0.63200,,
"dataset_organic_channel,dataset_paid_channel,dataset_partner_channel,dataset_referral_channel",0.63275,,
"feature_search_weight,feature_recency_weight,feature_quality_weight,feature_popularity_weight",0.63350,,
"policy_local_cache,policy_shared_cache,policy_regional_cache,policy_global_cache",0.63425,,
"pricing_email_rule,pricing_content_rule,pricing_security_rule,pricing_retention_rule",0.63500,,
"feature_read_policy,feature_write_policy,feature_delete_policy",0.63575,,
"workflow_email_rule,workflow_content_rule,workflow_security_rule,workflow_retention_rule",0.63650,,
"policy_weekly_digest,policy_monthly_digest,policy_quarterly_digest,policy_annual_digest",0.63725,,
"pricing_include_filter,pricing_exclude_filter,pricing_required_filter",0.63800,,
"service_organic_channel,service_paid_channel,service_partner_channel,service_referral_channel",0.63875,,
"audit_north_route,audit_south_route,audit_east_route,audit_west_route",0.63950,,
"workflow_login_feature,workflow_search_feature,workflow_export_feature",0.64025,,
"channel_organic_channel,channel_paid_channel,channel_partner_channel,channel_referral_channel",0.64100,,
"dataset_login_feature,dataset_search_feature,dataset_export_feature",0.64175,,
"risk_email_rule,risk_content_rule,risk_security_rule,risk_retention_rule",0.64250,,
"north_route,south_route,east_route,west_route",0.64325,,
"workflow_latency_metric,workflow_throughput_metric,workflow_error_metric",0.64400,,
"source_dataset,training_dataset,validation_dataset,test_dataset",0.64475,,
"basic_setting,advanced_setting,expert_setting",0.64550,,
"workflow_quality_check,workflow_privacy_check,workflow_security_check,workflow_compliance_check",0.64625,,
"budget_north_route,budget_south_route,budget_east_route,budget_west_route",0.64700,,
"customer_login_feature,customer_search_feature,customer_export_feature",0.64775,,
"channel_import_step,channel_transform_step,channel_validate_step,channel_publish_step,channel_notify_step",0.64850,,
"route_primary_metric,route_secondary_metric,route_guardrail_metric,route_diagnostic_metric",0.64925,,
"report_import_step,report_transform_step,report_validate_step,report_publish_step,report_notify_step",0.65000,,
"policy_read_policy,policy_write_policy,policy_delete_policy",0.65075,,
"pricing_source_dataset,pricing_training_dataset,pricing_validation_dataset,pricing_test_dataset",0.65150,,
"route_include_filter,route_exclude_filter,route_required_filter",0.65225,,
"budget_draft_template,budget_email_template,budget_report_template,budget_invoice_template",0.65300,,
"risk_import_step,risk_transform_step,risk_validate_step,risk_publish_step,risk_notify_step",0.65375,,
"audit_admin_action,audit_editor_action,audit_viewer_action,audit_guest_action",0.65450,,
"risk_source_dataset,risk_training_dataset,risk_validation_dataset,risk_test_dataset",0.65525,,
"pricing_weekly_digest,pricing_monthly_digest,pricing_quarterly_digest,pricing_annual_digest",0.65600,,
"pricing_retail_segment,pricing_business_segment,pricing_enterprise_segment,pricing_public_segment",0.65675,,
"dataset_import_step,dataset_transform_step,dataset_validate_step,dataset_publish_step,dataset_notify_step",0.65750,,
"channel_weekly_digest,channel_monthly_digest,channel_quarterly_digest,channel_annual_digest",0.65825,,
"service_source_dataset,service_training_dataset,service_validation_dataset,service_test_dataset",0.65900,,
"setting_north_route,setting_south_route,setting_east_route,setting_west_route",0.65975,,
"include_filter,exclude_filter,required_filter",0.66050,,
"feature_local_cache,feature_shared_cache,feature_regional_cache,feature_global_cache",0.66125,,
"workflow_primary_metric,workflow_secondary_metric,workflow_guardrail_metric,workflow_diagnostic_metric",0.66200,,
"service_draft_template,service_email_template,service_report_template,service_invoice_template",0.66275,,
"route_local_cache,route_shared_cache,route_regional_cache,route_global_cache",0.66350,,
"risk_read_policy,risk_write_policy,risk_delete_policy",0.66425,,
"workflow_import_step,workflow_transform_step,workflow_validate_step,workflow_publish_step,workflow_notify_step",0.66500,,
"segment_latency_metric,segment_throughput_metric,segment_error_metric",0.66575,,
"setting_retail_segment,setting_business_segment,setting_enterprise_segment,setting_public_segment",0.66650,,
"segment_source_dataset,segment_training_dataset,segment_validation_dataset,segment_test_dataset",0.66725,,
"workflow_draft_template,workflow_email_template,workflow_report_template,workflow_invoice_template",0.66800,,
"workflow_source_dataset,workflow_training_dataset,workflow_validation_dataset,workflow_test_dataset",0.66875,,
"service_weekly_digest,service_monthly_digest,service_quarterly_digest,service_annual_digest",0.66950,,
"audit_local_cache,audit_shared_cache,audit_regional_cache,audit_global_cache",0.67025,,
"customer_primary_metric,customer_secondary_metric,customer_guardrail_metric,customer_diagnostic_metric",0.67100,,
"channel_draft_template,channel_email_template,channel_report_template,channel_invoice_template",0.67175,,
"route_north_route,route_south_route,route_east_route,route_west_route",0.67250,,
"setting_local_cache,setting_shared_cache,setting_regional_cache,setting_global_cache",0.67325,,
"channel_admin_action,channel_editor_action,channel_viewer_action,channel_guest_action",0.67400,,
"policy_import_step,policy_transform_step,policy_validate_step,policy_publish_step,policy_notify_step",0.67475,,
"metric_email_rule,metric_content_rule,metric_security_rule,metric_retention_rule",0.67550,,
"service_admin_action,service_editor_action,service_viewer_action,service_guest_action",0.67625,,
"channel_search_weight,channel_recency_weight,channel_quality_weight,channel_popularity_weight",0.67700,,
"service_north_route,service_south_route,service_east_route,service_west_route",0.67775,,
"segment_read_policy,segment_write_policy,segment_delete_policy",0.67850,,
"metric_read_policy,metric_write_policy,metric_delete_policy",0.67925,,
"pricing_latency_metric,pricing_throughput_metric,pricing_error_metric",0.68000,,
"service_read_policy,service_write_policy,service_delete_policy",0.68075,,
"metric_admin_action,metric_editor_action,metric_viewer_action,metric_guest_action",0.68150,,
"quality_check,privacy_check,security_check,compliance_check",0.68225,,
"report_admin_action,report_editor_action,report_viewer_action,report_guest_action",0.68300,,
"route_login_feature,route_search_feature,route_export_feature",0.68375,,
"feature_admin_action,feature_editor_action,feature_viewer_action,feature_guest_action",0.68450,,
"policy_early_risk,policy_delivery_risk,policy_cost_risk,policy_adoption_risk",0.68525,,
"risk_local_cache,risk_shared_cache,risk_regional_cache,risk_global_cache",0.68600,,
"workflow_north_route,workflow_south_route,workflow_east_route,workflow_west_route",0.68675,,
"dataset_north_route,dataset_south_route,dataset_east_route,dataset_west_route",0.68750,,
"early_risk,delivery_risk,cost_risk,adoption_risk",0.68825,,
"risk_basic_setting,risk_advanced_setting,risk_expert_setting",0.68900,,
"report_draft_template,report_email_template,report_report_template,report_invoice_template",0.68975,,
"pricing_organic_channel,pricing_paid_channel,pricing_partner_channel,pricing_referral_channel",0.69050,,
"segment_organic_channel,segment_paid_channel,segment_partner_channel,segment_referral_channel",0.69125,,
"budget_organic_channel,budget_paid_channel,budget_partner_channel,budget_referral_channel",0.69200,,
"policy_organic_channel,policy_paid_channel,policy_partner_channel,policy_referral_channel",0.69275,,
"service_primary_metric,service_secondary_metric,service_guardrail_metric,service_diagnostic_metric",0.69350,,
"risk_cash_budget,risk_labor_budget,risk_media_budget,risk_travel_budget",0.69425,,
"pricing_cash_budget,pricing_labor_budget,pricing_media_budget,pricing_travel_budget",0.69500,,
"policy_admin_action,policy_editor_action,policy_viewer_action,policy_guest_action",0.69575,,
"organic_channel,paid_channel,partner_channel,referral_channel",0.69650,,
"report_primary_metric,report_secondary_metric,report_guardrail_metric,report_diagnostic_metric",0.69725,,
"policy_quality_check,policy_privacy_check,policy_security_check,policy_compliance_check",0.69800,,
"service_email_rule,service_content_rule,service_security_rule,service_retention_rule",0.69875,,
"customer_read_policy,customer_write_policy,customer_delete_policy",0.69950,,
"dataset_search_weight,dataset_recency_weight,dataset_quality_weight,dataset_popularity_weight",0.70025,,
"budget_import_step,budget_transform_step,budget_validate_step,budget_publish_step,budget_notify_step",0.70100,,
"audit_import_step,audit_transform_step,audit_validate_step,audit_publish_step,audit_notify_step",0.70175,,
"budget_email_rule,budget_content_rule,budget_security_rule,budget_retention_rule",0.70250,,
"email_rule,content_rule,security_rule,retention_rule",0.70325,,
"setting_include_filter,setting_exclude_filter,setting_required_filter",0.70400,,
"report_retail_segment,report_business_segment,report_enterprise_segment,report_public_segment",0.70475,,
"metric_weekly_digest,metric_monthly_digest,metric_quarterly_digest,metric_annual_digest",0.70550,,
"feature_retail_segment,feature_business_segment,feature_enterprise_segment,feature_public_segment",0.70625,,
"customer_retail_segment,customer_business_segment,customer_enterprise_segment,customer_public_segment",0.70700,,
"feature_basic_setting,feature_advanced_setting,feature_expert_setting",0.70775,,
"segment_basic_setting,segment_advanced_setting,segment_expert_setting",0.70850,,
"channel_cash_budget,channel_labor_budget,channel_media_budget,channel_travel_budget",0.70925,,
"service_local_cache,service_shared_cache,service_regional_cache,service_global_cache",0.71000,,
"segment_email_rule,segment_content_rule,segment_security_rule,segment_retention_rule",0.71075,,
"audit_email_rule,audit_content_rule,audit_security_rule,audit_retention_rule",0.71150,,
"route_source_dataset,route_training_dataset,route_validation_dataset,route_test_dataset",0.71225,,
"dataset_early_risk,dataset_delivery_risk,dataset_cost_risk,dataset_adoption_risk",0.71300,,
"route_import_step,route_transform_step,route_validate_step,route_publish_step,route_notify_step",0.71375,,
"report_cash_budget,report_labor_budget,report_media_budget,report_travel_budget",0.71450,,
"budget_include_filter,budget_exclude_filter,budget_required_filter",0.71525,,
"import_step,transform_step,validate_step,publish_step,notify_step",0.71600,,
"setting_draft_template,setting_email_template,setting_report_template,setting_invoice_template",0.71675,,
"admin_action,editor_action,viewer_action,guest_action",0.71750,,
"workflow_search_weight,workflow_recency_weight,workflow_quality_weight,workflow_popularity_weight",0.71825,,
"metric_include_filter,metric_exclude_filter,metric_required_filter",0.71900,,
"customer_include_filter,customer_exclude_filter,customer_required_filter",0.71975,,
"pricing_import_step,pricing_transform_step,pricing_validate_step,pricing_publish_step,pricing_notify_step",0.72050,,
"budget_login_feature,budget_search_feature,budget_export_feature",0.72125,,
"setting_cash_budget,setting_labor_budget,setting_media_budget,setting_travel_budget",0.72200,,
"risk_quality_check,risk_privacy_check,risk_security_check,risk_compliance_check",0.72275,,
"budget_retail_segment,budget_business_segment,budget_enterprise_segment,budget_public_segment",0.72350,,
"primary_metric,secondary_metric,guardrail_metric,diagnostic_metric",0.72425,,
"risk_weekly_digest,risk_monthly_digest,risk_quarterly_digest,risk_annual_digest",0.72500,,
"workflow_cash_budget,workflow_labor_budget,workflow_media_budget,workflow_travel_budget",0.72575,,
"budget_local_cache,budget_shared_cache,budget_regional_cache,budget_global_cache",0.72650,,
"channel_local_cache,channel_shared_cache,channel_regional_cache,channel_global_cache",0.72725,,
"report_source_dataset,report_training_dataset,report_validation_dataset,report_test_dataset",0.72800,,
"report_login_feature,report_search_feature,report_export_feature",0.72875,,
"feature_import_step,feature_transform_step,feature_validate_step,feature_publish_step,feature_notify_step",0.72950,,
"dataset_read_policy,dataset_write_policy,dataset_delete_policy",0.73025,,
"service_latency_metric,service_throughput_metric,service_error_metric",0.73100,,
"budget_early_risk,budget_delivery_risk,budget_cost_risk,budget_adoption_risk",0.73175,,
"metric_north_route,metric_south_route,metric_east_route,metric_west_route",0.73250,,
"audit_primary_metric,audit_secondary_metric,audit_guardrail_metric,audit_diagnostic_metric",0.73325,,
"customer_source_dataset,customer_training_dataset,customer_validation_dataset,customer_test_dataset",0.73400,,
"dataset_admin_action,dataset_editor_action,dataset_viewer_action,dataset_guest_action",0.73475,,
"setting_basic_setting,setting_advanced_setting,setting_expert_setting",0.73550,,
"dataset_basic_setting,dataset_advanced_setting,dataset_expert_setting",0.73625,,
"pricing_login_feature,pricing_search_feature,pricing_export_feature",0.73700,,
"search_weight,recency_weight,quality_weight,popularity_weight",0.73775,,
"feature_cash_budget,feature_labor_budget,feature_media_budget,feature_travel_budget",0.73850,,
"risk_draft_template,risk_email_template,risk_report_template,risk_invoice_template",0.73925,,
"workflow_weekly_digest,workflow_monthly_digest,workflow_quarterly_digest,workflow_annual_digest",0.74000,,
"metric_early_risk,metric_delivery_risk,metric_cost_risk,metric_adoption_risk",0.74075,,
"audit_read_policy,audit_write_policy,audit_delete_policy",0.74150,,
"segment_retail_segment,segment_business_segment,segment_enterprise_segment,segment_public_segment",0.74225,,
"risk_latency_metric,risk_throughput_metric,risk_error_metric",0.74300,,
"audit_organic_channel,audit_paid_channel,audit_partner_channel,audit_referral_channel",0.74375,,
"login_feature,search_feature,export_feature",0.74450,,
"metric_quality_check,metric_privacy_check,metric_security_check,metric_compliance_check",0.74525,,
"budget_cash_budget,budget_labor_budget,budget_media_budget,budget_travel_budget",0.74600,,
"segment_early_risk,segment_delivery_risk,segment_cost_risk,segment_adoption_risk",0.74675,,
"setting_primary_metric,setting_secondary_metric,setting_guardrail_metric,setting_diagnostic_metric",0.74750,,
"customer_north_route,customer_south_route,customer_east_route,customer_west_route",0.74825,,
"setting_weekly_digest,setting_monthly_digest,setting_quarterly_digest,setting_annual_digest",0.74900,,
"channel_early_risk,channel_delivery_risk,channel_cost_risk,channel_adoption_risk",0.74975,,
"target_for_bronze,target_for_alex,target_for_mina,target_for_delta,target_for_standard,target_for_marco,target_for_premium,target_for_alpha",0.75050,,
"threshold_one,threshold_two,threshold_three,threshold_four",0.75125,,
"setting_one,setting_two,setting_three,setting_four,setting_five,setting_six,setting_seven,setting_eight",0.75200,,
"field_one,field_two",0.75275,,
"score_weight_01,score_weight_02",0.75350,,
"score_by_zane,score_by_delta,score_by_retail,score_by_silver,score_by_sora,score_by_beta,score_by_aria",0.75425,,
"limit_for_beta,limit_for_lina,limit_for_yuna,limit_for_noah,limit_for_felix,limit_for_jiho,limit_for_elena,limit_for_standard",0.75500,,
"label_for_organic,label_for_bronze,label_for_lina,label_for_elena,label_for_olivia,label_for_hana,label_for_zane,label_for_marco",0.75575,,
"filter_rule_1,filter_rule_2,filter_rule_3",0.75650,,
"label_for_beta,label_for_partner,label_for_organic,label_for_west,label_for_jiho,label_for_lina,label_for_south",0.75725,,
"bucket_1,bucket_2,bucket_3,bucket_4,bucket_5,bucket_6",0.75800,,
"quota_for_enterprise,quota_for_gold,quota_for_education,quota_for_lina,quota_for_alpha",0.75875,,
"factor_one,factor_two,factor_three,factor_four,factor_five,factor_six,factor_seven",0.75950,,
"filter_rule_one,filter_rule_two,filter_rule_three,filter_rule_four",0.76025,,
"score_by_ren,score_by_api,score_by_yuna,score_by_ivan,score_by_web,score_by_mina",0.76100,,
"weight_for_felix,weight_for_retail,weight_for_david,weight_for_education",0.76175,,
"label_for_tablet,label_for_platinum,label_for_aria,label_for_delta,label_for_enterprise,label_for_priya,label_for_ivan,label_for_api",0.76250,,
"label_for_silver,label_for_david",0.76325,,
"target_for_felix,target_for_ren,target_for_taylor",0.76400,,
"search_filter_one,search_filter_two,search_filter_three",0.76475,,
"threshold_for_hana,threshold_for_taylor,threshold_for_east,threshold_for_desktop,threshold_for_delta,threshold_for_mina,threshold_for_sora,threshold_for_lina",0.76550,,
"parameter_01,parameter_02,parameter_03,parameter_04,parameter_05,parameter_06,parameter_07",0.76625,,
"event_metric_01,event_metric_02,event_metric_03,event_metric_04,event_metric_05,event_metric_06,event_metric_07,event_metric_08",0.76700,,
"form_field_01,form_field_02,form_field_03,form_field_04,form_field_05,form_field_06,form_field_07,form_field_08",0.76775,,
"metric_one,metric_two,metric_three",0.76850,,
"limit_for_mobile,limit_for_education,limit_for_lina,limit_for_tablet",0.76925,,
"label_one,label_two,label_three,label_four",0.77000,,
"condition_one,condition_two,condition_three",0.77075,,
"rule_01,rule_02,rule_03,rule_04,rule_05,rule_06,rule_07",0.77150,,
"rank_by_aria,rank_by_hana,rank_by_paid,rank_by_west,rank_by_organic,rank_by_retail,rank_by_enterprise,rank_by_web",0.77225,,
"attribute_01,attribute_02,attribute_03",0.77300,,
"option_01,option_02,option_03,option_04,option_05,option_06",0.77375,,
"value_for_lina,value_for_education",0.77450,,
"budget_for_hana,budget_for_standard,budget_for_silver,budget_for_aria,budget_for_ivan",0.77525,,
"entry_one,entry_two,entry_three,entry_four",0.77600,,
"field_1,field_2,field_3,field_4,field_5",0.77675,,
"threshold_01,threshold_02",0.77750,,
"factor_1,factor_2,factor_3,factor_4",0.77825,,
"segment_one,segment_two,segment_three,segment_four,segment_five,segment_six,segment_seven",0.77900,,
"value_one,value_two,value_three,value_four,value_five",0.77975,,
"column_one,column_two,column_three,column_four",0.78050,,
"form_field_1,form_field_2,form_field_3,form_field_4,form_field_5",0.78125,,
"search_filter_one,search_filter_two,search_filter_three,search_filter_four",0.78200,,
"slot_1,slot_2,slot_3",0.78275,,
"variable_one,variable_two,variable_three,variable_four",0.78350,,
"output_metric_1,output_metric_2,output_metric_3,output_metric_4",0.78425,,
"condition_one,condition_two,condition_three,condition_four,condition_five,condition_six",0.78500,,
"setting_01,setting_02",0.78575,,
"score_weight_one,score_weight_two,score_weight_three,score_weight_four,score_weight_five,score_weight_six",0.78650,,
"filter_rule_one,filter_rule_two,filter_rule_three,filter_rule_four,filter_rule_five",0.78725,,
"rule_01,rule_02,rule_03,rule_04,rule_05,rule_06",0.78800,,
"weight_one,weight_two,weight_three,weight_four",0.78875,,
"filter_rule_1,filter_rule_2,filter_rule_3,filter_rule_4,filter_rule_5,filter_rule_6,filter_rule_7",0.78950,,
"choice_one,choice_two,choice_three,choice_four,choice_five,choice_six",0.79025,,
"variable_one,variable_two,variable_three,variable_four,variable_five,variable_six",0.79100,,
"option_1,option_2,option_3,option_4,option_5,option_6,option_7,option_8",0.79175,,
"custom_field_01,custom_field_02,custom_field_03,custom_field_04,custom_field_05,custom_field_06,custom_field_07",0.79250,,
"segment_one,segment_two,segment_three,segment_four,segment_five",0.79325,,
"output_metric_1,output_metric_2,output_metric_3,output_metric_4,output_metric_5,output_metric_6,output_metric_7",0.79400,,
"variable_01,variable_02,variable_03,variable_04,variable_05,variable_06",0.79475,,
"segment_01,segment_02,segment_03,segment_04,segment_05",0.79550,,
"target_for_elena,target_for_david,target_for_ren,target_for_paid,target_for_beta,target_for_business,target_for_carmen",0.79625,,
"bucket_1,bucket_2",0.79700,,
"value_for_education,value_for_yuna,value_for_web,value_for_standard,value_for_delta,value_for_elena,value_for_organic",0.79775,,
"field_1,field_2",0.79850,,
"label_for_felix,label_for_api",0.79925,,
"form_field_01,form_field_02",0.80000,,
"bucket_01,bucket_02",0.80075,,
"threshold_01,threshold_02,threshold_03,threshold_04,threshold_05,threshold_06",0.80150,,
"budget_for_retail,budget_for_web,budget_for_beta,budget_for_gold",0.80225,,
"rate_by_web,rate_by_gamma,rate_by_mina",0.80300,,
"metric_for_organic,metric_for_alpha,metric_for_west,metric_for_marco,metric_for_standard,metric_for_enterprise,metric_for_gamma",0.80375,,
"variable_1,variable_2,variable_3,variable_4,variable_5,variable_6",0.80450,,
"filter_rule_1,filter_rule_2,filter_rule_3,filter_rule_4,filter_rule_5,filter_rule_6",0.80525,,
"limit_for_paid,limit_for_education,limit_for_jiho,limit_for_api,limit_for_organic,limit_for_taylor",0.80600,,
"variable_01,variable_02,variable_03",0.80675,,
"rate_by_standard,rate_by_delta,rate_by_platinum",0.80750,,
"policy_rule_1,policy_rule_2,policy_rule_3,policy_rule_4,policy_rule_5",0.80825,,
"entry_01,entry_02,entry_03,entry_04,entry_05",0.80900,,
"parameter_01,parameter_02,parameter_03",0.80975,,
"feature_one,feature_two,feature_three",0.81050,,
"report_column_one,report_column_two,report_column_three,report_column_four",0.81125,,
"count_by_zane,count_by_david,count_by_premium,count_by_elena,count_by_gamma,count_by_alex",0.81200,,
"form_field_1,form_field_2,form_field_3",0.81275,,
"target_for_zane,target_for_hana,target_for_noah,target_for_north,target_for_jiho,target_for_enterprise,target_for_felix,target_for_south",0.81350,,
"event_metric_01,event_metric_02,event_metric_03,event_metric_04,event_metric_05,event_metric_06",0.81425,,
"filter_rule_01,filter_rule_02,filter_rule_03,filter_rule_04,filter_rule_05,filter_rule_06",0.81500,,
"item_01,item_02,item_03,item_04,item_05,item_06,item_07",0.81575,,
"threshold_for_priya,threshold_for_tablet,threshold_for_north,threshold_for_desktop,threshold_for_west,threshold_for_alpha,threshold_for_bronze,threshold_for_education",0.81650,,
"weight_1,weight_2",0.81725,,
"limit_for_education,limit_for_bronze,limit_for_alpha,limit_for_ren,limit_for_organic,limit_for_yuna,limit_for_tablet,limit_for_gold",0.81800,,
"threshold_for_mobile,threshold_for_noah,threshold_for_hana,threshold_for_gamma,threshold_for_premium,threshold_for_elena",0.81875,,
"report_column_1,report_column_2,report_column_3,report_column_4,report_column_5",0.81950,,
"rank_by_mina,rank_by_enterprise,rank_by_david",0.82025,,
"search_filter_01,search_filter_02,search_filter_03,search_filter_04,search_filter_05,search_filter_06",0.82100,,
"threshold_for_beta,threshold_for_east,threshold_for_yuna,threshold_for_paid,threshold_for_sora,threshold_for_elena,threshold_for_alex",0.82175,,
"choice_1,choice_2,choice_3,choice_4,choice_5,choice_6,choice_7,choice_8",0.82250,,
"rate_by_yuna,rate_by_lina,rate_by_standard,rate_by_noah,rate_by_business,rate_by_north,rate_by_premium",0.82325,,
"feature_01,feature_02,feature_03,feature_04,feature_05,feature_06,feature_07",0.82400,,
"policy_rule_one,policy_rule_two,policy_rule_three,policy_rule_four,policy_rule_five",0.82475,,
"entry_01,entry_02,entry_03,entry_04",0.82550,,
"quota_for_retail,quota_for_south,quota_for_ren",0.82625,,
"data_column_one,data_column_two",0.82700,,
"input_value_1,input_value_2,input_value_3,input_value_4,input_value_5,input_value_6,input_value_7,input_value_8",0.82775,,
"report_column_01,report_column_02,report_column_03,report_column_04,report_column_05,report_column_06",0.82850,,
"report_column_one,report_column_two,report_column_three,report_column_four,report_column_five,report_column_six,report_column_seven,report_column_eight",0.82925,,
"rate_by_ren,rate_by_noah,rate_by_mobile,rate_by_premium,rate_by_alpha,rate_by_tablet",0.83000,,
"field_1,field_2,field_3,field_4,field_5,field_6,field_7",0.83075,,
"rate_by_api,rate_by_beta,rate_by_marco,rate_by_elena,rate_by_sora,rate_by_web,rate_by_organic",0.83150,,
"metric_one,metric_two,metric_three,metric_four,metric_five",0.83225,,
"option_one,option_two,option_three,option_four,option_five,option_six,option_seven,option_eight",0.83300,,
"score_by_alex,score_by_api,score_by_beta,score_by_ren,score_by_jiho,score_by_gold",0.83375,,
"segment_01,segment_02,segment_03,segment_04,segment_05,segment_06,segment_07",0.83450,,
"rate_by_olivia,rate_by_platinum,rate_by_felix,rate_by_elena,rate_by_marco,rate_by_enterprise,rate_by_beta,rate_by_south",0.83525,,
"entry_1,entry_2,entry_3",0.83600,,
"label_for_lina,label_for_standard,label_for_sora",0.83675,,
"report_column_one,report_column_two,report_column_three,report_column_four,report_column_five,report_column_six,report_column_seven",0.83750,,
"label_one,label_two",0.83825,,
"label_for_gold,label_for_alpha,label_for_west,label_for_south,label_for_olivia,label_for_gamma",0.83900,,
"entry_one,entry_two,entry_three,entry_four,entry_five",0.83975,,
"value_for_partner,value_for_hana,value_for_platinum",0.84050,,
"label_for_carmen,label_for_platinum,label_for_partner,label_for_organic,label_for_business,label_for_api",0.84125,,
"option_1,option_2,option_3,option_4,option_5",0.84200,,
"choice_one,choice_two,choice_three",0.84275,,
"output_metric_one,output_metric_two,output_metric_three,output_metric_four,output_metric_five,output_metric_six",0.84350,,
"field_one,field_two,field_three,field_four,field_five",0.84425,,
"weight_for_premium,weight_for_trial,weight_for_standard,weight_for_bronze,weight_for_zane,weight_for_elena",0.84500,,
"search_filter_01,search_filter_02",0.84575,,
"threshold_for_marco,threshold_for_tablet",0.84650,,
"weight_for_west,weight_for_mina,weight_for_partner,weight_for_aria,weight_for_delta,weight_for_marco,weight_for_silver,weight_for_trial",0.84725,,
"input_value_1,input_value_2,input_value_3",0.84800,,
"label_1,label_2,label_3,label_4,label_5,label_6,label_7",0.84875,,
"bucket_1,bucket_2,bucket_3,bucket_4,bucket_5,bucket_6,bucket_7",0.84950,,
"score_by_east,score_by_noah,score_by_sora,score_by_olivia,score_by_taylor,score_by_lina",0.85025,,
"variable_1,variable_2,variable_3,variable_4,variable_5",0.85100,,
"target_for_carmen,target_for_platinum,target_for_west,target_for_delta,target_for_zane",0.85175,,
"label_for_sora,label_for_premium,label_for_tablet,label_for_beta,label_for_enterprise,label_for_east,label_for_priya,label_for_paid",0.85250,,
"slot_1,slot_2,slot_3,slot_4,slot_5,slot_6,slot_7,slot_8",0.85325,,
"weight_1,weight_2,weight_3,weight_4,weight_5,weight_6,weight_7,weight_8",0.85400,,
"value_for_yuna,value_for_south",0.85475,,
"weight_1,weight_2,weight_3,weight_4,weight_5",0.85550,,
"setting_01,setting_02,setting_03,setting_04,setting_05,setting_06,setting_07,setting_08",0.85625,,
"rank_by_mobile,rank_by_organic,rank_by_business,rank_by_david,rank_by_north,rank_by_tablet,rank_by_lina,rank_by_education",0.85700,,
"threshold_for_david,threshold_for_priya,threshold_for_organic,threshold_for_education",0.85775,,
"tag_one,tag_two,tag_three,tag_four,tag_five,tag_six,tag_seven,tag_eight",0.85850,,
"value_1,value_2,value_3,value_4,value_5,value_6,value_7,value_8",0.85925,,
"score_by_bronze,score_by_silver",0.86000,,
"target_for_organic,target_for_sora",0.86075,,
"limit_for_bronze,limit_for_alex,limit_for_david,limit_for_hana,limit_for_yuna,limit_for_gamma",0.86150,,
"factor_1,factor_2,factor_3,factor_4,factor_5,factor_6",0.86225,,
"rank_by_alex,rank_by_taylor,rank_by_priya,rank_by_premium,rank_by_partner,rank_by_beta,rank_by_ivan",0.86300,,
"value_1,value_2,value_3,value_4,value_5",0.86375,,
"threshold_for_silver,threshold_for_north,threshold_for_alex,threshold_for_carmen,threshold_for_partner,threshold_for_gold,threshold_for_olivia",0.86450,,
"rule_one,rule_two,rule_three,rule_four,rule_five,rule_six,rule_seven,rule_eight",0.86525,,
"item_one,item_two",0.86600,,
"budget_for_partner,budget_for_mobile,budget_for_platinum,budget_for_desktop,budget_for_web",0.86675,,
"bucket_one,bucket_two,bucket_three,bucket_four,bucket_five,bucket_six,bucket_seven,bucket_eight",0.86750,,
"quota_for_tablet,quota_for_mina,quota_for_enterprise",0.86825,,
"threshold_for_ren,threshold_for_east,threshold_for_priya,threshold_for_standard,threshold_for_silver",0.86900,,
"metric_one,metric_two,metric_three,metric_four,metric_five,metric_six,metric_seven,metric_eight",0.86975,,
"limit_one,limit_two,limit_three,limit_four,limit_five,limit_six,limit_seven",0.87050,,
"score_by_ren,score_by_tablet,score_by_standard,score_by_north,score_by_mobile",0.87125,,
"form_field_one,form_field_two",0.87200,,
"threshold_for_business,threshold_for_mobile,threshold_for_yuna,threshold_for_organic,threshold_for_mina,threshold_for_paid,threshold_for_olivia,threshold_for_ren",0.87275,,
"threshold_for_paid,threshold_for_carmen,threshold_for_premium,threshold_for_jiho",0.87350,,
"limit_for_platinum,limit_for_south,limit_for_alpha,limit_for_mobile,limit_for_ivan",0.87425,,
"target_for_david,target_for_ren,target_for_partner",0.87500,,
"rate_by_paid,rate_by_api,rate_by_gold,rate_by_aria,rate_by_mina",0.87575,,
"column_01,column_02,column_03,column_04,column_05",0.87650,,
"metric_01,metric_02,metric_03,metric_04,metric_05,metric_06",0.87725,,
"factor_one,factor_two,factor_three,factor_four,factor_five",0.87800,,
"count_by_east,count_by_aria,count_by_platinum,count_by_felix,count_by_standard,count_by_premium,count_by_enterprise,count_by_priya",0.87875,,
"weight_for_gamma,weight_for_api,weight_for_standard,weight_for_hana,weight_for_felix,weight_for_priya,weight_for_zane,weight_for_retail",0.87950,,
"score_by_silver,score_by_felix,score_by_premium,score_by_south,score_by_platinum,score_by_olivia,score_by_standard,score_by_taylor",0.88025,,
"target_for_taylor,target_for_gamma,target_for_zane,target_for_mina,target_for_gold,target_for_business,target_for_yuna",0.88100,,
"budget_for_lina,budget_for_desktop,budget_for_gold,budget_for_retail,budget_for_trial,budget_for_api,budget_for_silver,budget_for_bronze",0.88175,,
"threshold_for_mina,threshold_for_trial,threshold_for_david,threshold_for_standard,threshold_for_platinum,threshold_for_aria,threshold_for_silver,threshold_for_partner",0.88250,,
"bucket_1,bucket_2,bucket_3",0.88325,,
"condition_1,condition_2,condition_3,condition_4,condition_5",0.88400,,
"value_01,value_02,value_03,value_04,value_05",0.88475,,
"limit_for_alex,limit_for_north,limit_for_zane",0.88550,,
"feature_01,feature_02,feature_03,feature_04",0.88625,,
"budget_for_gamma,budget_for_organic,budget_for_trial,budget_for_enterprise,budget_for_premium,budget_for_alex,budget_for_web,budget_for_zane",0.88700,,
"slot_one,slot_two,slot_three,slot_four",0.88775,,
"factor_01,factor_02,factor_03,factor_04,factor_05,factor_06,factor_07",0.88850,,
"weight_for_web,weight_for_marco,weight_for_zane",0.88925,,
"count_by_elena,count_by_felix,count_by_delta,count_by_alex,count_by_partner,count_by_beta,count_by_desktop",0.89000,,
"weight_for_aria,weight_for_carmen,weight_for_yuna",0.89075,,
"score_by_delta,score_by_paid,score_by_yuna",0.89150,,
"limit_01,limit_02,limit_03,limit_04,limit_05",0.89225,,
"value_for_ren,value_for_noah,value_for_felix,value_for_premium,value_for_web,value_for_hana,value_for_tablet,value_for_business",0.89300,,
"target_for_premium,target_for_aria,target_for_web,target_for_alpha,target_for_elena",0.89375,,
"metric_for_paid,metric_for_east",0.89450,,
"rate_by_david,rate_by_gold,rate_by_taylor,rate_by_sora",0.89525,,
"parameter_01,parameter_02,parameter_03,parameter_04,parameter_05,parameter_06,parameter_07,parameter_08",0.89600,,
"weight_1,weight_2,weight_3,weight_4,weight_5,weight_6,weight_7",0.89675,,
"choice_1,choice_2",0.89750,,
"event_metric_one,event_metric_two,event_metric_three,event_metric_four,event_metric_five",0.89825,,
"weight_for_taylor,weight_for_priya,weight_for_business,weight_for_david,weight_for_bronze,weight_for_zane",0.89900,,
"input_value_one,input_value_two,input_value_three,input_value_four,input_value_five",0.89975,,
"score_by_mina,score_by_marco,score_by_north,score_by_priya,score_by_carmen,score_by_sora",0.90050,,
"threshold_for_enterprise,threshold_for_hana,threshold_for_ren,threshold_for_tablet,threshold_for_silver,threshold_for_alex,threshold_for_aria",0.90125,,
"quota_for_api,quota_for_jiho,quota_for_aria,quota_for_noah,quota_for_alpha,quota_for_premium",0.90200,,
"quota_for_trial,quota_for_desktop,quota_for_zane,quota_for_standard,quota_for_premium,quota_for_carmen,quota_for_tablet,quota_for_beta",0.90275,,
"weight_for_beta,weight_for_silver,weight_for_jiho,weight_for_north",0.90350,,
"limit_for_south,limit_for_olivia",0.90425,,
"field_one,field_two,field_three,field_four,field_five,field_six",0.90500,,
"value_for_api,value_for_noah,value_for_paid,value_for_retail,value_for_alpha,value_for_beta",0.90575,,
"tag_01,tag_02,tag_03,tag_04,tag_05,tag_06,tag_07,tag_08",0.90650,,
"condition_1,condition_2,condition_3,condition_4,condition_5,condition_6,condition_7,condition_8",0.90725,,
"limit_for_enterprise,limit_for_partner,limit_for_silver,limit_for_north,limit_for_premium,limit_for_noah",0.90800,,
"budget_for_paid,budget_for_noah,budget_for_hana,budget_for_business",0.90875,,
"event_metric_1,event_metric_2,event_metric_3,event_metric_4,event_metric_5,event_metric_6",0.90950,,
"event_metric_one,event_metric_two",0.91025,,
"attribute_one,attribute_two,attribute_three,attribute_four",0.91100,,
"value_for_web,value_for_enterprise,value_for_north,value_for_lina,value_for_yuna,value_for_beta,value_for_partner",0.91175,,
"value_for_desktop,value_for_ivan",0.91250,,
"score_by_hana,score_by_paid,score_by_retail,score_by_yuna,score_by_ivan",0.91325,,
"rate_by_web,rate_by_aria,rate_by_paid,rate_by_premium",0.91400,,
"condition_one,condition_two,condition_three,condition_four,condition_five,condition_six,condition_seven,condition_eight",0.91475,,
"column_01,column_02,column_03,column_04,column_05,column_06,column_07",0.91550,,
"parameter_1,parameter_2,parameter_3,parameter_4,parameter_5",0.91625,,
"score_by_standard,score_by_david,score_by_alpha",0.91700,,
"threshold_for_ivan,threshold_for_marco,threshold_for_beta",0.91775,,
"form_field_one,form_field_two,form_field_three,form_field_four,form_field_five,form_field_six",0.91850,,
"data_column_01,data_column_02,data_column_03,data_column_04",0.91925,,
"value_for_ren,value_for_beta,value_for_gamma,value_for_organic,value_for_premium,value_for_lina",0.92000,,
"report_column_1,report_column_2,report_column_3,report_column_4,report_column_5,report_column_6,report_column_7,report_column_8",0.92075,,
"score_weight_one,score_weight_two",0.92150,,
"parameter_one,parameter_two,parameter_three,parameter_four,parameter_five,parameter_six,parameter_seven,parameter_eight",0.92225,,
"metric_one,metric_two,metric_three,metric_four,metric_five,metric_six,metric_seven",0.92300,,
"value_for_david,value_for_felix,value_for_priya,value_for_mina,value_for_noah,value_for_beta,value_for_yuna",0.92375,,
"rate_by_bronze,rate_by_north,rate_by_alex,rate_by_aria,rate_by_david",0.92450,,
"metric_for_carmen,metric_for_trial,metric_for_organic,metric_for_marco,metric_for_delta,metric_for_partner,metric_for_yuna,metric_for_retail",0.92525,,
"weight_for_priya,weight_for_gamma,weight_for_aria,weight_for_paid,weight_for_tablet,weight_for_zane,weight_for_marco,weight_for_olivia",0.92600,,
"weight_1,weight_2,weight_3,weight_4,weight_5,weight_6",0.92675,,
"input_value_one,input_value_two,input_value_three,input_value_four,input_value_five,input_value_six,input_value_seven",0.92750,,
"label_for_bronze,label_for_jiho,label_for_platinum,label_for_david,label_for_tablet,label_for_noah",0.92825,,
"threshold_01,threshold_02,threshold_03,threshold_04,threshold_05,threshold_06,threshold_07,threshold_08",0.92900,,
"limit_for_marco,limit_for_lina,limit_for_east,limit_for_paid",0.92975,,
"input_value_01,input_value_02,input_value_03,input_value_04,input_value_05,input_value_06,input_value_07,input_value_08",0.93050,,
"segment_01,segment_02,segment_03",0.93125,,
"policy_rule_01,policy_rule_02,policy_rule_03,policy_rule_04,policy_rule_05,policy_rule_06,policy_rule_07,policy_rule_08",0.93200,,
"policy_rule_1,policy_rule_2,policy_rule_3,policy_rule_4,policy_rule_5,policy_rule_6,policy_rule_7",0.93275,,
"rank_by_ivan,rank_by_south,rank_by_east,rank_by_bronze,rank_by_david,rank_by_mina,rank_by_zane",0.93350,,
"value_for_david,value_for_alex",0.93425,,
"setting_01,setting_02,setting_03,setting_04,setting_05,setting_06",0.93500,,
"quota_for_jiho,quota_for_desktop,quota_for_education,quota_for_noah,quota_for_platinum,quota_for_west,quota_for_priya",0.93575,,
"rank_by_gold,rank_by_bronze,rank_by_ren,rank_by_web,rank_by_retail,rank_by_api",0.93650,,
"count_by_aria,count_by_retail",0.93725,,
"parameter_one,parameter_two,parameter_three,parameter_four,parameter_five",0.93800,,
"rank_by_alex,rank_by_west,rank_by_sora,rank_by_education,rank_by_alpha,rank_by_standard,rank_by_paid",0.93875,,
"weight_for_hana,weight_for_mina,weight_for_gamma,weight_for_mobile,weight_for_gold",0.93950,,
"limit_for_olivia,limit_for_mobile,limit_for_west,limit_for_zane,limit_for_silver,limit_for_beta,limit_for_sora",0.94025,,
"rate_by_taylor,rate_by_api",0.94100,,
"event_metric_one,event_metric_two,event_metric_three,event_metric_four,event_metric_five,event_metric_six,event_metric_seven",0.94175,,
"column_1,column_2,column_3,column_4,column_5,column_6,column_7,column_8",0.94250,,
"feature_1,feature_2,feature_3,feature_4,feature_5",0.94325,,
"filter_rule_one,filter_rule_two,filter_rule_three,filter_rule_four,filter_rule_five,filter_rule_six",0.94400,,
"feature_01,feature_02",0.94475,,
"bucket_one,bucket_two",0.94550,,
"column_01,column_02",0.94625,,
"form_field_one,form_field_two,form_field_three,form_field_four",0.94700,,
"label_for_education,label_for_taylor,label_for_enterprise,label_for_delta,label_for_elena",0.94775,,
"metric_for_west,metric_for_gamma,metric_for_yuna",0.94850,,
"event_metric_one,event_metric_two,event_metric_three,event_metric_four,event_metric_five,event_metric_six,event_metric_seven,event_metric_eight",0.94925,,
"item_01,item_02",1.0,,
"input_value_one,input_value_two,input_value_three,input_value_four",1.0,,
"count_by_ren,count_by_marco,count_by_enterprise,count_by_south,count_by_east",1.0,,
"value_for_silver,value_for_gamma",1.0,,
"rate_by_north,rate_by_tablet,rate_by_premium,rate_by_priya",1.0,,
"rank_by_mina,rank_by_zane,rank_by_trial,rank_by_platinum,rank_by_partner,rank_by_gold,rank_by_felix",1.0,,
"rate_by_aria,rate_by_zane,rate_by_marco,rate_by_ren,rate_by_delta,rate_by_carmen,rate_by_gamma,rate_by_partner",1.0,,
"parameter_001,parameter_002,parameter_003,parameter_004,parameter_005,parameter_006",1.0,,
"count_by_web,count_by_trial,count_by_yuna,count_by_premium,count_by_hana,count_by_priya,count_by_silver,count_by_zane",1.0,,
"field_001,field_002,field_003,field_004,field_005,field_006,field_007",1.0,,
"weight_01,weight_02,weight_03,weight_04,weight_05",1.0,,
"rule_one,rule_two,rule_three,rule_four",1.0,,
"rate_by_west,rate_by_bronze,rate_by_alpha",1.0,,
"bucket_01,bucket_02,bucket_03,bucket_04",1.0,,
"rate_by_noah,rate_by_api,rate_by_aria,rate_by_desktop,rate_by_east",1.0,,
"rank_by_ivan,rank_by_east,rank_by_mobile,rank_by_aria,rank_by_jiho,rank_by_taylor",1.0,,
"bucket_one,bucket_two,bucket_three,bucket_four,bucket_five,bucket_six",1.0,,
"target_for_mina,target_for_felix,target_for_zane,target_for_enterprise,target_for_tablet,target_for_east",1.0,,
"field_001,field_002,field_003,field_004,field_005",1.0,,
"threshold_for_tablet,threshold_for_marco,threshold_for_organic",1.0,,
"rank_by_desktop,rank_by_alpha,rank_by_noah,rank_by_silver,rank_by_taylor,rank_by_gamma,rank_by_marco,rank_by_bronze",1.0,,
"count_by_api,count_by_alex,count_by_ren,count_by_hana,count_by_mina,count_by_south,count_by_alpha",1.0,,
"item_one,item_two,item_three,item_four",1.0,,
"slot_1,slot_2,slot_3,slot_4,slot_5,slot_6,slot_7",1.0,,
"rank_by_zane,rank_by_web,rank_by_west,rank_by_aria,rank_by_david,rank_by_olivia,rank_by_sora",1.0,,
"rate_by_enterprise,rate_by_yuna",1.0,,
"option_001,option_002,option_003,option_004,option_005",1.0,,
"bucket_one,bucket_two,bucket_three,bucket_four,bucket_five",1.0,,
"rate_by_david,rate_by_gold",1.0,,
"limit_for_business,limit_for_carmen,limit_for_felix,limit_for_education,limit_for_gamma,limit_for_zane,limit_for_retail",1.0,,
"field_01,field_02,field_03,field_04",1.0,,
"label_for_zane,label_for_elena,label_for_south,label_for_alpha,label_for_olivia,label_for_carmen,label_for_trial",1.0,,
"filter_rule_01,filter_rule_02,filter_rule_03,filter_rule_04",1.0,,
"target_for_olivia,target_for_api,target_for_jiho,target_for_zane,target_for_marco,target_for_partner,target_for_south",1.0,,
"rate_by_retail,rate_by_jiho,rate_by_premium,rate_by_hana",1.0,,
"parameter_1,parameter_2,parameter_3",1.0,,
"rank_by_lina,rank_by_retail,rank_by_east,rank_by_mina,rank_by_gold",1.0,,
"field_1,field_2,field_3,field_4,field_5,field_6,field_7,field_8",1.0,,
"item_1,item_2,item_3,item_4,item_5,item_6,item_7",1.0,,
"choice_01,choice_02,choice_03,choice_04,choice_05,choice_06,choice_07",1.0,,
"threshold_for_standard,threshold_for_retail,threshold_for_west,threshold_for_platinum,threshold_for_gamma",1.0,,
"column_1,column_2,column_3,column_4,column_5",1.0,,
"count_by_mobile,count_by_felix,count_by_lina,count_by_mina,count_by_taylor",1.0,,
"count_by_elena,count_by_mobile,count_by_north,count_by_alpha",1.0,,
"quota_for_gold,quota_for_carmen,quota_for_ivan,quota_for_retail",1.0,,
"slot_01,slot_02,slot_03",1.0,,
"parameter_001,parameter_002",1.0,,
"report_column_01,report_column_02,report_column_03,report_column_04,report_column_05",1.0,,
"metric_001,metric_002,metric_003,metric_004,metric_005,metric_006,metric_007,metric_008",1.0,,
"input_value_one,input_value_two,input_value_three,input_value_four,input_value_five,input_value_six",1.0,,
"rate_by_ivan,rate_by_partner,rate_by_alex,rate_by_elena,rate_by_beta,rate_by_gold",1.0,,
"rate_by_business,rate_by_desktop",1.0,,
"segment_01,segment_02",1.0,,
"custom_field_1,custom_field_2,custom_field_3,custom_field_4,custom_field_5",1.0,,
"rule_01,rule_02",1.0,,
"limit_for_enterprise,limit_for_trial,limit_for_aria,limit_for_zane,limit_for_alex,limit_for_mobile,limit_for_east,limit_for_ren",1.0,,
"label_for_mobile,label_for_taylor,label_for_premium,label_for_silver,label_for_desktop",1.0,,
"output_metric_01,output_metric_02,output_metric_03,output_metric_04,output_metric_05,output_metric_06",1.0,,
"threshold_for_tablet,threshold_for_east,threshold_for_premium",1.0,,
"metric_001,metric_002,metric_003,metric_004,metric_005",1.0,,
"column_01,column_02,column_03,column_04",1.0,,
"rank_by_lina,rank_by_alex,rank_by_sora",1.0,,
"condition_one,condition_two,condition_three,condition_four",1.0,,
"input_value_1,input_value_2,input_value_3,input_value_4,input_value_5,input_value_6,input_value_7",1.0,,
"label_for_carmen,label_for_trial,label_for_jiho,label_for_west,label_for_elena",1.0,,
"feature_01,feature_02,feature_03,feature_04,feature_05,feature_06",1.0,,
"rule_one,rule_two,rule_three,rule_four,rule_five",1.0,,
"option_001,option_002,option_003",1.0,,
"output_metric_01,output_metric_02,output_metric_03,output_metric_04",1.0,,
"weight_one,weight_two,weight_three",1.0,,
"score_by_api,score_by_aria,score_by_education,score_by_desktop,score_by_standard,score_by_platinum,score_by_mina,score_by_south",1.0,,
"weight_01,weight_02,weight_03,weight_04,weight_05,weight_06,weight_07",1.0,,
"item_1,item_2,item_3,item_4,item_5",1.0,,
"label_for_aria,label_for_business,label_for_trial,label_for_ivan,label_for_organic,label_for_silver",1.0,,
"rule_1,rule_2,rule_3,rule_4,rule_5,rule_6,rule_7,rule_8",1.0,,
"metric_for_priya,metric_for_business,metric_for_silver,metric_for_ivan",1.0,,
"tag_one,tag_two,tag_three,tag_four",1.0,,
"rule_1,rule_2,rule_3,rule_4",1.0,,
"value_one,value_two",1.0,,
"tag_1,tag_2,tag_3,tag_4,tag_5,tag_6,tag_7",1.0,,
"field_001,field_002,field_003,field_004,field_005,field_006",1.0,,
"weight_for_lina,weight_for_olivia,weight_for_hana,weight_for_gold,weight_for_north,weight_for_noah,weight_for_api",1.0,,
"limit_for_beta,limit_for_ivan,limit_for_west",1.0,,
"rank_by_marco,rank_by_gold,rank_by_north,rank_by_alex,rank_by_education,rank_by_priya,rank_by_retail,rank_by_api",1.0,,
"count_by_delta,count_by_lina,count_by_east,count_by_hana",1.0,,
"item_one,item_two,item_three,item_four,item_five",1.0,,
"metric_001,metric_002,metric_003,metric_004,metric_005,metric_006,metric_007",1.0,,
"value_1,value_2",1.0,,
"feature_one,feature_two,feature_three,feature_four,feature_five",1.0,,
"field_001,field_002,field_003,field_004,field_005,field_006,field_007,field_008",1.0,,
"entry_one,entry_two,entry_three,entry_four,entry_five,entry_six,entry_seven,entry_eight",1.0,,
"metric_1,metric_2,metric_3,metric_4,metric_5,metric_6,metric_7,metric_8",1.0,,
"parameter_001,parameter_002,parameter_003,parameter_004",1.0,,
"option_001,option_002,option_003,option_004,option_005,option_006",1.0,,
"weight_for_alex,weight_for_premium,weight_for_sora,weight_for_enterprise,weight_for_ivan,weight_for_marco",1.0,,
"rule_one,rule_two,rule_three",1.0,,
"segment_one,segment_two,segment_three,segment_four,segment_five,segment_six,segment_seven,segment_eight",1.0,,
"score_by_noah,score_by_enterprise,score_by_premium,score_by_elena",1.0,,
"setting_1,setting_2,setting_3,setting_4,setting_5",1.0,,
"parameter_01,parameter_02,parameter_03,parameter_04,parameter_05,parameter_06",1.0,,
"value_for_trial,value_for_retail,value_for_noah,value_for_aria,value_for_organic,value_for_marco",1.0,,
"limit_for_delta,limit_for_marco",1.0,,
"slot_01,slot_02",1.0,,
"factor_1,factor_2,factor_3,factor_4,factor_5,factor_6,factor_7,factor_8",1.0,,
"data_column_01,data_column_02,data_column_03,data_column_04,data_column_05,data_column_06,data_column_07",1.0,,
"score_weight_1,score_weight_2,score_weight_3,score_weight_4,score_weight_5",1.0,,
"option_one,option_two,option_three",1.0,,
"value_001,value_002,value_003,value_004,value_005",1.0,,
"limit_for_trial,limit_for_alpha,limit_for_sora,limit_for_south",1.0,,
"value_for_taylor,value_for_web,value_for_yuna",1.0,,
"column_one,column_two,column_three,column_four,column_five",1.0,,
"limit_for_ren,limit_for_lina,limit_for_yuna,limit_for_delta",1.0,,
"threshold_for_organic,threshold_for_mina,threshold_for_partner,threshold_for_aria,threshold_for_delta,threshold_for_elena",1.0,,
"metric_01,metric_02,metric_03,metric_04,metric_05,metric_06,metric_07,metric_08",1.0,,
"quota_for_bronze,quota_for_education,quota_for_mina,quota_for_aria,quota_for_yuna,quota_for_mobile",1.0,,
"metric_1,metric_2,metric_3",1.0,,
"attribute_1,attribute_2,attribute_3,attribute_4",1.0,,
"weight_for_david,weight_for_alex,weight_for_organic",1.0,,
"limit_for_delta,limit_for_bronze,limit_for_zane",1.0,,
"value_for_ivan,value_for_gold",1.0,,
"count_by_zane,count_by_premium,count_by_east,count_by_tablet,count_by_gamma,count_by_partner,count_by_olivia",1.0,,
"variable_01,variable_02,variable_03,variable_04,variable_05,variable_06,variable_07,variable_08",1.0,,
"value_001,value_002,value_003,value_004",1.0,,
"parameter_001,parameter_002,parameter_003,parameter_004,parameter_005",1.0,,
"setting_1,setting_2,setting_3",1.0,,
"filter_rule_one,filter_rule_two,filter_rule_three,filter_rule_four,filter_rule_five,filter_rule_six,filter_rule_seven,filter_rule_eight",1.0,,
"segment_one,segment_two,segment_three",1.0,,
"value_for_hana,value_for_trial,value_for_retail,value_for_mina,value_for_organic,value_for_yuna",1.0,,
"budget_for_mina,budget_for_trial,budget_for_beta",1.0,,
"weight_one,weight_two,weight_three,weight_four,weight_five,weight_six",1.0,,
"label_1,label_2,label_3,label_4",1.0,,
"value_for_trial,value_for_jiho,value_for_marco,value_for_beta,value_for_delta,value_for_premium,value_for_silver,value_for_yuna",1.0,,
"rate_by_hana,rate_by_bronze,rate_by_marco",1.0,,
"entry_01,entry_02,entry_03,entry_04,entry_05,entry_06,entry_07,entry_08",1.0,,
"policy_rule_1,policy_rule_2,policy_rule_3,policy_rule_4,policy_rule_5,policy_rule_6,policy_rule_7,policy_rule_8",1.0,,
"metric_1,metric_2,metric_3,metric_4,metric_5,metric_6",1.0,,
"target_for_mobile,target_for_retail,target_for_yuna,target_for_enterprise,target_for_priya,target_for_zane,target_for_marco,target_for_premium",1.0,,
"metric_for_bronze,metric_for_ivan,metric_for_hana,metric_for_web,metric_for_lina,metric_for_david",1.0,,
"bucket_01,bucket_02,bucket_03,bucket_04,bucket_05",1.0,,
"value_001,value_002",1.0,,
"limit_for_noah,limit_for_lina,limit_for_hana,limit_for_paid,limit_for_organic,limit_for_ivan,limit_for_business",1.0,,
"label_for_aria,label_for_north,label_for_silver,label_for_alpha,label_for_trial,label_for_ren",1.0,,
"metric_1,metric_2,metric_3,metric_4",1.0,,
"quota_for_david,quota_for_olivia,quota_for_south,quota_for_carmen,quota_for_elena",1.0,,
"label_for_organic,label_for_carmen,label_for_noah,label_for_sora",1.0,,
"feature_01,feature_02,feature_03",1.0,,
"score_by_ren,score_by_east,score_by_web,score_by_business,score_by_elena",1.0,,
"score_by_business,score_by_zane,score_by_gamma,score_by_platinum,score_by_aria,score_by_lina,score_by_hana",1.0,,
"label_for_delta,label_for_alpha,label_for_west,label_for_web,label_for_mobile,label_for_education,label_for_business",1.0,,
"entry_01,entry_02,entry_03,entry_04,entry_05,entry_06,entry_07",1.0,,
"segment_1,segment_2,segment_3,segment_4,segment_5",1.0,,
"rank_by_partner,rank_by_east,rank_by_gold,rank_by_mina,rank_by_ivan,rank_by_tablet,rank_by_north",1.0,,
"input_value_01,input_value_02,input_value_03,input_value_04",1.0,,
"count_by_elena,count_by_desktop,count_by_bronze,count_by_web",1.0,,
"filter_rule_01,filter_rule_02,filter_rule_03",1.0,,
"weight_for_west,weight_for_alpha",1.0,,
"segment_01,segment_02,segment_03,segment_04",1.0,,
"custom_field_01,custom_field_02,custom_field_03,custom_field_04,custom_field_05",1.0,,
"value_for_mina,value_for_north,value_for_delta,value_for_south",1.0,,
"field_01,field_02,field_03,field_04,field_05",1.0,,
"slot_one,slot_two,slot_three,slot_four,slot_five,slot_six,slot_seven",1.0,,
"attribute_01,attribute_02,attribute_03,attribute_04,attribute_05,attribute_06,attribute_07,attribute_08",1.0,,
"threshold_for_education,threshold_for_ren,threshold_for_ivan,threshold_for_lina",1.0,,
"choice_one,choice_two,choice_three,choice_four",1.0,,
"metric_for_priya,metric_for_business,metric_for_enterprise,metric_for_standard,metric_for_hana,metric_for_retail,metric_for_south",1.0,,
"value_001,value_002,value_003,value_004,value_005,value_006,value_007,value_008",1.0,,
"item_01,item_02,item_03,item_04",1.0,,
"value_01,value_02,value_03,value_04",1.0,,
"count_by_organic,count_by_alpha,count_by_education",1.0,,
"data_column_1,data_column_2,data_column_3,data_column_4,data_column_5,data_column_6,data_column_7",1.0,,
"target_for_tablet,target_for_education,target_for_yuna,target_for_alex,target_for_lina",1.0,,
"data_column_01,data_column_02,data_column_03,data_column_04,data_column_05",1.0,,
"rank_by_standard,rank_by_gold,rank_by_organic,rank_by_ivan,rank_by_trial,rank_by_carmen,rank_by_alex",1.0,,
"budget_for_ivan,budget_for_gold,budget_for_gamma,budget_for_education",1.0,,
"custom_field_one,custom_field_two,custom_field_three,custom_field_four,custom_field_five",1.0,,
"column_1,column_2,column_3,column_4",1.0,,
"factor_one,factor_two",1.0,,
"metric_one,metric_two,metric_three,metric_four",1.0,,
"rank_by_platinum,rank_by_retail,rank_by_lina,rank_by_business,rank_by_tablet",1.0,,
"limit_for_beta,limit_for_api,limit_for_west,limit_for_yuna",1.0,,
"slot_one,slot_two,slot_three",1.0,,
"metric_01,metric_02,metric_03,metric_04",1.0,,
"target_for_priya,target_for_education,target_for_noah,target_for_sora,target_for_business,target_for_mina,target_for_retail,target_for_alex",1.0,,
"segment_1,segment_2,segment_3",1.0,,
"threshold_1,threshold_2,threshold_3,threshold_4,threshold_5,threshold_6",1.0,,
"segment_one,segment_two",1.0,,
"score_by_partner,score_by_gold,score_by_standard,score_by_noah,score_by_paid,score_by_marco,score_by_gamma,score_by_yuna",1.0,,
"threshold_for_elena,threshold_for_west,threshold_for_silver,threshold_for_carmen",1.0,,
"rule_1,rule_2",1.0,,
"label_for_mobile,label_for_trial,label_for_organic,label_for_alex,label_for_delta,label_for_education",1.0,,
"segment_1,segment_2",1.0,,
"column_1,column_2,column_3",1.0,,
"score_by_david,score_by_enterprise,score_by_education,score_by_noah,score_by_south,score_by_marco,score_by_business,score_by_elena",1.0,,
"report_column_1,report_column_2,report_column_3,report_column_4,report_column_5,report_column_6,report_column_7",1.0,,
"slot_01,slot_02,slot_03,slot_04,slot_05,slot_06,slot_07",1.0,,
"choice_01,choice_02,choice_03",1.0,,
"tag_1,tag_2",1.0,,
"threshold_for_alex,threshold_for_gold,threshold_for_mobile,threshold_for_felix,threshold_for_taylor,threshold_for_bronze,threshold_for_platinum,threshold_for_desktop",1.0,,
"setting_01,setting_02,setting_03,setting_04,setting_05,setting_06,setting_07",1.0,,
"metric_001,metric_002,metric_003,metric_004,metric_005,metric_006",1.0,,
"metric_for_trial,metric_for_tablet,metric_for_platinum",1.0,,
"budget_for_enterprise,budget_for_trial,budget_for_zane",1.0,,
"value_001,value_002,value_003,value_004,value_005,value_006,value_007",1.0,,
"field_1,field_2,field_3,field_4",1.0,,
"weight_for_felix,weight_for_carmen",1.0,,
"target_for_yuna,target_for_carmen,target_for_felix,target_for_alpha,target_for_hana,target_for_education,target_for_business",1.0,,
"score_by_aria,score_by_api",1.0,,
"budget_for_aria,budget_for_organic",1.0,,
"metric_for_marco,metric_for_west",1.0,,
"option_001,option_002,option_003,option_004,option_005,option_006,option_007,option_008",1.0,,
"weight_01,weight_02,weight_03,weight_04",1.0,,
"parameter_1,parameter_2,parameter_3,parameter_4",1.0,,
"value_for_education,value_for_ivan,value_for_delta,value_for_retail,value_for_taylor,value_for_yuna",1.0,,
"label_for_delta,label_for_elena,label_for_api",1.0,,
"target_for_south,target_for_web,target_for_organic,target_for_trial,target_for_partner,target_for_jiho,target_for_retail",1.0,,
"score_by_yuna,score_by_noah,score_by_sora,score_by_partner,score_by_jiho",1.0,,
"limit_for_elena,limit_for_gamma,limit_for_noah,limit_for_web,limit_for_marco,limit_for_bronze",1.0,,
"rank_by_elena,rank_by_ren,rank_by_gold,rank_by_desktop,rank_by_platinum,rank_by_hana",1.0,,
"rank_by_marco,rank_by_business,rank_by_partner,rank_by_west,rank_by_sora,rank_by_mina,rank_by_south",1.0,,
"metric_for_noah,metric_for_north,metric_for_west,metric_for_education,metric_for_alex,metric_for_south,metric_for_aria,metric_for_elena",1.0,,
"metric_001,metric_002,metric_003",1.0,,
"form_field_01,form_field_02,form_field_03,form_field_04",1.0,,
"factor_1,factor_2",1.0,,
"limit_for_trial,limit_for_north",1.0,,
"entry_1,entry_2,entry_3,entry_4,entry_5,entry_6,entry_7,entry_8",1.0,,
"weight_for_organic,weight_for_sora,weight_for_carmen,weight_for_delta,weight_for_paid,weight_for_taylor",1.0,,
"field_001,field_002,field_003",1.0,,
"tag_1,tag_2,tag_3,tag_4,tag_5,tag_6,tag_7,tag_8",1.0,,
"rate_by_platinum,rate_by_east,rate_by_south,rate_by_business,rate_by_web,rate_by_aria,rate_by_zane,rate_by_taylor",1.0,,
"weight_one,weight_two",1.0,,
"target_for_retail,target_for_education,target_for_felix,target_for_west,target_for_ren,target_for_aria,target_for_enterprise",1.0,,
"limit_for_organic,limit_for_partner,limit_for_delta,limit_for_beta",1.0,,
"label_one,label_two,label_three,label_four,label_five,label_six,label_seven",1.0,,
"field_001,field_002,field_003,field_004",1.0,,
"rule_1,rule_2,rule_3,rule_4,rule_5,rule_6,rule_7",1.0,,
"quota_for_web,quota_for_felix,quota_for_west,quota_for_enterprise",1.0,,
"limit_one,limit_two,limit_three,limit_four,limit_five,limit_six",1.0,,
"custom_field_one,custom_field_two,custom_field_three,custom_field_four,custom_field_five,custom_field_six",1.0,,
"value_for_gold,value_for_sora,value_for_lina,value_for_partner,value_for_trial,value_for_platinum,value_for_paid,value_for_yuna",1.0,,
"label_1,label_2,label_3,label_4,label_5,label_6",1.0,,
"field_1,field_2,field_3,field_4,field_5,field_6",1.0,,
"setting_one,setting_two,setting_three",1.0,,
"weight_one,weight_two,weight_three,weight_four,weight_five,weight_six,weight_seven",1.0,,
"condition_01,condition_02,condition_03,condition_04,condition_05,condition_06,condition_07,condition_08",1.0,,
"label_for_elena,label_for_alpha,label_for_partner,label_for_olivia",1.0,,
"variable_1,variable_2",1.0,,
"target_for_ren,target_for_aria,target_for_sora,target_for_platinum",1.0,,
"policy_rule_one,policy_rule_two,policy_rule_three,policy_rule_four,policy_rule_five,policy_rule_six",1.0,,
"label_for_trial,label_for_jiho,label_for_carmen,label_for_platinum,label_for_taylor,label_for_api,label_for_bronze",1.0,,
"metric_for_premium,metric_for_organic,metric_for_taylor,metric_for_east",1.0,,
"variable_1,variable_2,variable_3,variable_4,variable_5,variable_6,variable_7",1.0,,
"parameter_1,parameter_2,parameter_3,parameter_4,parameter_5,parameter_6,parameter_7",1.0,,
"count_by_lina,count_by_olivia",1.0,,
"parameter_one,parameter_two,parameter_three",1.0,,
"label_one,label_two,label_three,label_four,label_five,label_six,label_seven,label_eight",1.0,,
"metric_for_noah,metric_for_tablet,metric_for_standard,metric_for_zane,metric_for_mobile,metric_for_yuna",1.0,,
"field_01,field_02,field_03,field_04,field_05,field_06,field_07,field_08",1.0,,
"data_column_1,data_column_2,data_column_3,data_column_4,data_column_5,data_column_6",1.0,,
"rank_by_west,rank_by_alex,rank_by_mina,rank_by_carmen,rank_by_ivan",1.0,,
"parameter_one,parameter_two,parameter_three,parameter_four,parameter_five,parameter_six,parameter_seven",1.0,,
"metric_01,metric_02",1.0,,
"score_weight_01,score_weight_02,score_weight_03,score_weight_04",1.0,,
"rank_by_north,rank_by_partner,rank_by_alex,rank_by_david,rank_by_carmen,rank_by_education,rank_by_gamma,rank_by_beta",1.0,,
"custom_field_01,custom_field_02,custom_field_03,custom_field_04",1.0,,
"limit_for_delta,limit_for_desktop,limit_for_premium,limit_for_alex,limit_for_west,limit_for_carmen,limit_for_david,limit_for_standard",1.0,,
"value_for_east,value_for_organic,value_for_carmen,value_for_web",1.0,,
"variable_01,variable_02",1.0,,
"column_one,column_two,column_three,column_four,column_five,column_six,column_seven",1.0,,
"metric_for_organic,metric_for_retail,metric_for_bronze,metric_for_elena,metric_for_gold,metric_for_business,metric_for_mina",1.0,,
"search_filter_01,search_filter_02,search_filter_03,search_filter_04,search_filter_05,search_filter_06,search_filter_07,search_filter_08",1.0,,
"data_column_1,data_column_2,data_column_3,data_column_4",1.0,,
"count_by_north,count_by_beta,count_by_noah,count_by_yuna",1.0,,
"quota_for_olivia,quota_for_noah,quota_for_lina,quota_for_platinum,quota_for_partner",1.0,,
"event_metric_1,event_metric_2",1.0,,
"rate_by_aria,rate_by_beta,rate_by_jiho,rate_by_paid,rate_by_gold,rate_by_alpha,rate_by_bronze",1.0,,
"score_weight_one,score_weight_two,score_weight_three,score_weight_four",1.0,,
"custom_field_1,custom_field_2,custom_field_3,custom_field_4,custom_field_5,custom_field_6,custom_field_7",1.0,,
"search_filter_01,search_filter_02,search_filter_03",1.0,,
"entry_1,entry_2,entry_3,entry_4,entry_5,entry_6,entry_7",1.0,,
"choice_1,choice_2,choice_3",1.0,,
"rank_by_mina,rank_by_organic,rank_by_web,rank_by_retail,rank_by_felix,rank_by_aria,rank_by_paid,rank_by_ivan",1.0,,
"rank_by_david,rank_by_lina,rank_by_mina,rank_by_noah,rank_by_platinum",1.0,,
"limit_for_mina,limit_for_premium,limit_for_paid,limit_for_gold,limit_for_mobile,limit_for_hana",1.0,,
"value_for_mobile,value_for_carmen,value_for_elena,value_for_education,value_for_tablet,value_for_sora,value_for_felix",1.0,,
"weight_for_tablet,weight_for_elena,weight_for_premium,weight_for_paid,weight_for_ren",1.0,,
"rate_by_standard,rate_by_education,rate_by_organic,rate_by_mobile",1.0,,
"quota_for_priya,quota_for_taylor,quota_for_felix,quota_for_bronze,quota_for_enterprise,quota_for_marco,quota_for_alpha,quota_for_hana",1.0,,
"label_1,label_2,label_3",1.0,,
"label_01,label_02,label_03,label_04,label_05,label_06",1.0,,
"parameter_01,parameter_02,parameter_03,parameter_04",1.0,,
"rank_by_alpha,rank_by_gamma",1.0,,
"label_for_tablet,label_for_bronze,label_for_standard,label_for_desktop,label_for_paid,label_for_marco,label_for_delta",1.0,,
"event_metric_01,event_metric_02,event_metric_03",1.0,,
"limit_for_premium,limit_for_gold,limit_for_paid,limit_for_sora,limit_for_desktop",1.0,,
"limit_for_elena,limit_for_jiho,limit_for_api,limit_for_beta,limit_for_zane,limit_for_tablet,limit_for_bronze",1.0,,
"form_field_one,form_field_two,form_field_three,form_field_four,form_field_five,form_field_six,form_field_seven,form_field_eight",1.0,,
"score_by_ivan,score_by_platinum,score_by_hana",1.0,,
"label_for_noah,label_for_olivia,label_for_south,label_for_tablet,label_for_ren,label_for_organic,label_for_gamma,label_for_carmen",1.0,,
"option_one,option_two,option_three,option_four,option_five",1.0,,
"data_column_01,data_column_02,data_column_03,data_column_04,data_column_05,data_column_06",1.0,,
"feature_1,feature_2",1.0,,
"option_1,option_2",1.0,,
"budget_for_platinum,budget_for_alex,budget_for_priya,budget_for_delta",1.0,,
"target_for_north,target_for_beta,target_for_api,target_for_retail,target_for_tablet",1.0,,
"value_01,value_02,value_03,value_04,value_05,value_06,value_07,value_08",1.0,,
"threshold_for_gold,threshold_for_sora,threshold_for_partner,threshold_for_silver,threshold_for_hana,threshold_for_premium",1.0,,
"quota_for_mobile,quota_for_retail,quota_for_trial,quota_for_bronze,quota_for_education",1.0,,
"rule_01,rule_02,rule_03,rule_04,rule_05,rule_06,rule_07,rule_08",1.0,,
"metric_for_olivia,metric_for_ren,metric_for_taylor,metric_for_retail,metric_for_noah",1.0,,
"limit_for_gamma,limit_for_business,limit_for_tablet,limit_for_api",1.0,,
"score_weight_1,score_weight_2,score_weight_3,score_weight_4,score_weight_5,score_weight_6",1.0,,
"option_001,option_002",1.0,,
"column_one,column_two,column_three",1.0,,
"limit_1,limit_2,limit_3",1.0,,
"event_metric_01,event_metric_02,event_metric_03,event_metric_04,event_metric_05,event_metric_06,event_metric_07",1.0,,
"limit_01,limit_02,limit_03,limit_04,limit_05,limit_06",1.0,,
"condition_01,condition_02,condition_03,condition_04,condition_05",1.0,,
"segment_01,segment_02,segment_03,segment_04,segment_05,segment_06",1.0,,
"rate_by_west,rate_by_jiho,rate_by_felix,rate_by_priya,rate_by_alpha",1.0,,
"budget_for_alpha,budget_for_delta,budget_for_standard",1.0,,
"score_by_zane,score_by_carmen,score_by_tablet,score_by_retail,score_by_web,score_by_taylor,score_by_elena",1.0,,
"count_by_east,count_by_gold,count_by_south",1.0,,
"target_for_tablet,target_for_west,target_for_carmen,target_for_standard,target_for_noah,target_for_enterprise",1.0,,
"metric_for_enterprise,metric_for_bronze",1.0,,
"score_by_web,score_by_premium,score_by_tablet,score_by_retail,score_by_desktop",1.0,,
"limit_for_priya,limit_for_west,limit_for_web",1.0,,
"attribute_1,attribute_2",1.0,,
"data_column_01,data_column_02,data_column_03",1.0,,
"attribute_01,attribute_02,attribute_03,attribute_04,attribute_05,attribute_06,attribute_07",1.0,,
"weight_for_organic,weight_for_ren,weight_for_mobile,weight_for_jiho,weight_for_felix,weight_for_platinum",1.0,,
"label_for_enterprise,label_for_olivia,label_for_alex,label_for_west,label_for_aria,label_for_zane,label_for_business,label_for_organic",1.0,,
"weight_for_tablet,weight_for_sora,weight_for_yuna,weight_for_api,weight_for_beta",1.0,,
"target_for_silver,target_for_enterprise,target_for_beta,target_for_delta,target_for_premium,target_for_carmen",1.0,,
"feature_one,feature_two,feature_three,feature_four,feature_five,feature_six",1.0,,
"weight_for_priya,weight_for_web,weight_for_elena",1.0,,
"parameter_001,parameter_002,parameter_003,parameter_004,parameter_005,parameter_006,parameter_007,parameter_008",1.0,,
"threshold_for_felix,threshold_for_partner,threshold_for_alpha,threshold_for_west,threshold_for_yuna",1.0,,
"limit_01,limit_02,limit_03,limit_04,limit_05,limit_06,limit_07",1.0,,
"limit_for_marco,limit_for_olivia,limit_for_lina,limit_for_mina,limit_for_platinum,limit_for_zane",1.0,,
"target_for_alex,target_for_felix,target_for_premium",1.0,,
"threshold_for_south,threshold_for_enterprise,threshold_for_alex,threshold_for_silver,threshold_for_carmen,threshold_for_ivan,threshold_for_paid",1.0,,
"rate_by_delta,rate_by_partner,rate_by_alpha,rate_by_ivan,rate_by_hana,rate_by_priya,rate_by_standard,rate_by_elena",1.0,,
"form_field_one,form_field_two,form_field_three,form_field_four,form_field_five",1.0,,
"item_1,item_2,item_3,item_4,item_5,item_6",1.0,,
"budget_for_priya,budget_for_ivan,budget_for_north,budget_for_education,budget_for_silver,budget_for_aria,budget_for_paid,budget_for_organic",1.0,,
"budget_for_mina,budget_for_alex,budget_for_platinum,budget_for_enterprise",1.0,,
"label_for_enterprise,label_for_ivan,label_for_bronze,label_for_tablet,label_for_alpha,label_for_gamma",1.0,,
"input_value_1,input_value_2,input_value_3,input_value_4,input_value_5,input_value_6",1.0,,
"limit_for_jiho,limit_for_education,limit_for_north,limit_for_zane",1.0,,
"limit_for_east,limit_for_hana,limit_for_alpha,limit_for_trial,limit_for_partner,limit_for_bronze,limit_for_enterprise",1.0,,
"metric_for_web,metric_for_sora,metric_for_gamma,metric_for_lina,metric_for_beta,metric_for_enterprise,metric_for_west,metric_for_gold",1.0,,
"label_for_platinum,label_for_zane,label_for_alex",1.0,,
"threshold_for_marco,threshold_for_organic,threshold_for_carmen,threshold_for_beta",1.0,,
"metric_for_elena,metric_for_yuna,metric_for_marco,metric_for_gamma,metric_for_carmen,metric_for_standard",1.0,,
"label_for_silver,label_for_taylor,label_for_elena,label_for_north",1.0,,
"count_by_standard,count_by_carmen,count_by_paid,count_by_premium,count_by_ren,count_by_trial,count_by_lina,count_by_ivan",1.0,,
"threshold_for_platinum,threshold_for_north,threshold_for_gold,threshold_for_mobile,threshold_for_tablet,threshold_for_olivia,threshold_for_west,threshold_for_beta",1.0,,
"metric_for_gamma,metric_for_partner,metric_for_beta,metric_for_noah,metric_for_lina,metric_for_ren,metric_for_premium,metric_for_business",1.0,,
"score_by_sora,score_by_south,score_by_north",1.0,,
"count_by_ren,count_by_taylor,count_by_east,count_by_yuna,count_by_bronze,count_by_carmen",1.0,,
"metric_01,metric_02,metric_03",1.0,,
"policy_rule_1,policy_rule_2",1.0,,
"search_filter_one,search_filter_two,search_filter_three,search_filter_four,search_filter_five,search_filter_six",1.0,,
"limit_one,limit_two,limit_three,limit_four",1.0,,
"metric_for_elena,metric_for_gold,metric_for_gamma,metric_for_premium,metric_for_partner,metric_for_alex",1.0,,
"rule_1,rule_2,rule_3,rule_4,rule_5",1.0,,
"attribute_01,attribute_02",1.0,,
"item_one,item_two,item_three,item_four,item_five,item_six,item_seven,item_eight",1.0,,
"threshold_for_ren,threshold_for_premium,threshold_for_hana,threshold_for_mina,threshold_for_noah,threshold_for_platinum",1.0,,
"limit_for_noah,limit_for_zane,limit_for_west,limit_for_carmen,limit_for_south",1.0,,
"setting_one,setting_two",1.0,,
"threshold_for_mina,threshold_for_organic,threshold_for_ren,threshold_for_elena,threshold_for_david",1.0,,
"rank_by_beta,rank_by_aria,rank_by_education,rank_by_west",1.0,,
"quota_for_ivan,quota_for_trial,quota_for_api,quota_for_organic",1.0,,
"choice_one,choice_two,choice_three,choice_four,choice_five,choice_six,choice_seven",1.0,,
"rank_by_david,rank_by_paid,rank_by_partner",1.0,,
"label_for_jiho,label_for_paid,label_for_south,label_for_beta,label_for_noah",1.0,,
"rate_by_alex,rate_by_silver,rate_by_olivia,rate_by_zane,rate_by_gold,rate_by_felix,rate_by_trial",1.0,,
"label_for_south,label_for_felix,label_for_taylor,label_for_aria,label_for_noah,label_for_carmen",1.0,,
"count_by_trial,count_by_ren,count_by_west,count_by_carmen,count_by_south,count_by_mobile",1.0,,
"threshold_for_web,threshold_for_gold",1.0,,
"weight_1,weight_2,weight_3",1.0,,
"metric_001,metric_002",1.0,,
"threshold_one,threshold_two,threshold_three,threshold_four,threshold_five",1.0,,
"search_filter_one,search_filter_two,search_filter_three,search_filter_four,search_filter_five,search_filter_six,search_filter_seven",1.0,,
"field_001,field_002",1.0,,
"weight_for_desktop,weight_for_aria,weight_for_east,weight_for_north",1.0,,
"segment_01,segment_02,segment_03,segment_04,segment_05,segment_06,segment_07,segment_08",1.0,,
"setting_01,setting_02,setting_03",1.0,,
"count_by_lina,count_by_west,count_by_mobile,count_by_gold,count_by_taylor",1.0,,
"budget_for_olivia,budget_for_silver,budget_for_gamma,budget_for_taylor,budget_for_business,budget_for_retail,budget_for_sora",1.0,,
"parameter_01,parameter_02,parameter_03,parameter_04,parameter_05",1.0,,
"factor_01,factor_02,factor_03",1.0,,
"value_for_alpha,value_for_sora",1.0,,
"item_1,item_2",1.0,,
"output_metric_one,output_metric_two,output_metric_three,output_metric_four,output_metric_five,output_metric_six,output_metric_seven,output_metric_eight",1.0,,
"search_filter_01,search_filter_02,search_filter_03,search_filter_04,search_filter_05,search_filter_06,search_filter_07",1.0,,
"threshold_for_trial,threshold_for_web",1.0,,
"score_weight_one,score_weight_two,score_weight_three,score_weight_four,score_weight_five",1.0,,
"target_for_david,target_for_taylor,target_for_alpha",1.0,,
