code_1,code_2,similarity,sim_human_validation,final_ground_truth
load_content_block,"Apply throttling to the job run from local storage.
Report the latest state to the caller.",0.0,,
sync_incident_record_current,"Paginate the API response under the active security policy.
Leave the source data unchanged.
Return the resulting value or status.",0.0,,
delete_health,Hash the MFA challenge during retry handling.,0.0,,
verify_html_fragment,Enable the approval request for the requested export.,0.0,,
update_invoice_record,"Aggregate the conversion rate under the configured timeout.
Use the current selection criteria.
Make the outcome available to the next processing step.",0.0,,
restore,"Index the DNS record for the requested export.
Keep the operation scoped to the active workflow.",0.0,,
detect_tax_rate,"Delete the package version under the configured timeout.
Preserve unrelated state while the operation runs.",0.0,,
filter_retry_request_body,"Monitor the error budget before deployment.
Do not advance unrelated jobs.",0.0,,
estimate_date_range,Normalize the HTTP header from cached state.,0.0,,
rollback,"Deduplicate the shipment label from the incoming payload.
Apply the active configuration before committing changes.
Make the outcome available to the next processing step.",0.0,,
encrypt_form_field,"Roll back the scheduled task before the workflow continues.
Report the latest state to the caller.
Preserve the caller's active context.",0.0,,
refresh,"Deploy the state transition within the current transaction.
Keep the work within the current processing flow.",0.0,,
deploy_file_upload_export,"Synchronize the product catalog from cached state.
Return a value suitable for the caller.
Preserve the caller's active context.",0.0,,
fetch_html_fragment,"Invalidate the webhook signature for audit review.
Apply the active configuration before committing changes.",0.0,,
merge_record,Route the delivery attempt to the appropriate handler during the background job.,0.0,,
monitor_recommendation_score,"Audit the secret value for audit review.
Apply the active security policy.",0.0,,
validate_record,"Update the permission grant for the current request.
Apply the active configuration before committing changes.",0.0,,
audit_tenant_state_transition,"Index the incident record before deployment.
Use the configured source when an override is not supplied.
Return the resulting value or status.",0.0,,
archive_category_tree,"Audit the approval request during the background job.
Do not expose protected details in the returned result.",0.0,,
load_device_fingerprint,"Sort the order line from the incoming payload.
Use the current selection criteria.",0.0,,
throttle_search_index_incoming,"Audit the retention rule under the configured timeout.
Do not expose protected details in the returned result.
Leave unrelated state unchanged.",0.0,,
decrypt_secret_value,"Classify the fraud signal under the active security policy.
Use the current selection criteria.
Make the outcome available to the next processing step.",0.0,,
hash_profile,"Index the data partition before the workflow continues.
Return a value suitable for the caller.",0.0,,
load_runtime_setting,Take the next item from the file upload from the remote service.,0.0,,
invalidate_runtime_setting,"Calculate the conversion rate for the selected workspace.
Use the current selection criteria.
Make the outcome available to the next processing step.",0.0,,
load_fragment,Build the cache entry during retry handling.,0.0,,
merge_code,"Audit the OAuth client from cached state.
Keep the decision available for audit handling.",0.0,,
delete_metric_series,Validate the order line for the current request.,0.0,,
format_release_document,"Index the database connection for the selected workspace.
Return a value suitable for the caller.",0.0,,
load_secure_html_fragment,"Score the quota limit from the remote service.
Use the current selection criteria.",0.0,,
hydrate_product_catalog,"Score the timezone value during retry handling.
Use the current selection criteria.",0.0,,
load_product_catalog,"Deploy the DNS record from local storage.
Keep the work within the current processing flow.
Leave unrelated state unchanged.",0.0,,
publish_search_result,"Validate the notification batch from the remote service.
Apply the active security policy.",0.0,,
validate_database_schema,"Route the workflow step to the appropriate handler for the selected tenant.
Report the latest state to the caller.
Make the outcome available to the next processing step.",0.0,,
redact,"Calculate the alert rule for the active batch.
Return a stable value for downstream processing.
Make the outcome available to the next processing step.",0.0,,
throttle,"Retrieve the container image for the selected workspace.
Use the configured source when an override is not supplied.
Make the outcome available to the next processing step.",0.0,,
verify_batch_document_page,"Route the request body to the appropriate handler against the configured policy.
Do not advance unrelated jobs.",0.0,,
revoke_password_reset,"Roll back the import job for the latest available version.
Keep the work within the current processing flow.
Make the outcome available to the next processing step.",0.0,,
compare_email_message,Wait for the build artifact for the selected workspace.,0.0,,
archive_log,"Enable the scheduled task from the incoming payload.
Report the latest state to the caller.",0.0,,
retry_image_asset,Estimate the rate limit under the active security policy.,0.0,,
compare_billing_address_batch,"Compile the html fragment against the configured policy.
Retain only the information required by the caller.",0.0,,
hydrate_category_tree,Parse the HTTP header for the latest available version.,0.0,,
validate_background_rate_limit,Refresh the access policy for the selected tenant.,0.0,,
index_image,Score the country code before the workflow continues.,0.0,,
throttle_secure_webhook_event,"Retrieve the configuration file from the remote service.
Return a value suitable for the caller.",0.0,,
enqueue_timeout_release_note,Archive the job run for the requested export.,0.0,,
create_media_asset,Refresh the encryption key for the current request.,0.0,,
deploy_directory_listing,Revoke access associated with the role assignment from the remote service.,0.0,,
hash_security_question,"Archive the subscription status for the active batch.
Preserve unrelated state while the operation runs.",0.0,,
archive,"Compare the contact record for the current request.
Return a stable value for downstream processing.
Return the resulting value or status.",0.0,,
throttle_retry_queue,"Decrypt the API response from the remote service.
Keep the decision available for audit handling.",0.0,,
sample_import_manifest,"Delete the retry queue within the current transaction.
Preserve unrelated state while the operation runs.",0.0,,
hydrate_experiment_result,"Redact the email address from the incoming payload.
Keep the decision available for audit handling.",0.0,,
disable_batch,"Decrypt the GraphQL query for the billing workflow.
Do not expose protected details in the returned result.
Return the resulting value or status.",0.0,,
disable_task,Hash the form field within the current transaction.,0.0,,
authorize_retry_access_policy,"Paginate the pagination cursor for the latest available version.
Leave the source data unchanged.",0.0,,
sort_contact_record,"Authorize use of the consent record from local storage.
Keep the decision available for audit handling.",0.0,,
decrypt_deployment_manifest,"Restore the shipment label for the latest available version.
Apply the active configuration before committing changes.
Preserve the caller's active context.",0.0,,
route_field,Update the export request for the selected workspace.,0.0,,
update_delivery_attempt,"Compare the contact record under the configured timeout.
Return a stable value for downstream processing.
Leave unrelated state unchanged.",0.0,,
throttle_network_route,Validate the websocket frame for the selected tenant.,0.0,,
deploy_export_directory_listing,"Synchronize the job trigger from the remote service.
Keep the operation scoped to the active workflow.",0.0,,
paginate_api_response,Verify the role assignment against the configured policy.,0.0,,
authorize_login_attempt_export,"Expand the request body during the background job.
Retain only the information required by the caller.",0.0,,
deploy_queue_message_workspace,"Compile the document section before deployment.
Retain only the information required by the caller.
Leave unrelated state unchanged.",0.0,,
sample_model_feature,Normalize the consent record under the active security policy.,0.0,,
disable_scheduled_task,"Paginate the health metric under the configured timeout.
Use the current selection criteria.",0.0,,
rollback,"Synchronize the dependency lock for audit review.
Return a value suitable for the caller.
Preserve the caller's active context.",0.0,,
build_background_package_version,Sign the html fragment from cached state.,0.0,,
normalize_json_payload,"Validate the notification batch during the background job.
Do not expose protected details in the returned result.
Preserve the caller's active context.",0.0,,
audit_schema_version,"Detect anomalies in the alert rule from local storage.
Use the current selection criteria.",0.0,,
diff_api_response,"Index the directory listing under the active security policy.
Return a value suitable for the caller.
Leave unrelated state unchanged.",0.0,,
index_storage_bucket,Parse the HTTP header for audit review.,0.0,,
sort_search_result,"Encrypt the response body during the background job.
Do not expose protected details in the returned result.",0.0,,
calculate_usage_total,Enqueue the state transition for the active batch.,0.0,,
save_archive,Validate the auth token from the remote service.,0.0,,
delete_user_profile,"Synchronize the cron schedule for the selected tenant.
Return a value suitable for the caller.",0.0,,
index_incident_record,"Deserialize the form field for the billing workflow.
Retain only the information required by the caller.
Return the resulting value or status.",0.0,,
monitor_usage_total,Serialize the environment variable for audit review.,0.0,,
audit_oauth_client,Retry the export request from the remote service.,0.0,,
classify_workflow_health_metric,"Restore the support ticket from cached state.
Apply the active configuration before committing changes.",0.0,,
archive,"Refresh the secret value for the selected workspace.
Keep the operation scoped to the active workflow.",0.0,,
encrypt_feature_policy,"Filter the currency code from the incoming payload.
Return a stable value for downstream processing.",0.0,,
route_secure_dependency_lock,"Create the import job for the current request.
Apply the active configuration before committing changes.",0.0,,
validate_api_contract,Sort the template asset during the background job.,0.0,,
map_query_parameter,Estimate the recommendation score within the current transaction.,0.0,,
hash_deploy_url_fragment,"Load the database connection within the current transaction.
Use the configured source when an override is not supplied.",0.0,,
monitor_total,Refresh the profile field under the configured timeout.,0.0,,
publish_latest_account_record,Validate the inventory level from local storage.,0.0,,
audit_order_line,Sort the template asset before deployment.,0.0,,
sync_secure_scheduled_task,"Encrypt the locale config for audit review.
Do not expose protected details in the returned result.",0.0,,
rank_remote_latency_budget,"Load the login attempt before the workflow continues.
Keep the operation scoped to the active workflow.",0.0,,
compare_audit_log,"Validate the template variable during retry handling.
Keep the decision available for audit handling.",0.0,,
index_workflow_service_health,"Disable the worker job for the current request.
Do not advance unrelated jobs.
Preserve the caller's active context.",0.0,,
estimate_rate_limit,"Load the release document before deployment.
Use the configured source when an override is not supplied.
Leave unrelated state unchanged.",0.0,,
load_pricing_plan,Audit the job run for the current request.,0.0,,
index_package_version,"Normalize the user segment for the latest available version.
Retain only the information required by the caller.
Return the resulting value or status.",0.0,,
route_service_health,"Encrypt the command argument before the workflow continues.
Do not expose protected details in the returned result.",0.0,,
publish_retry_experiment_result,"Hash the OAuth client under the active security policy.
Keep the decision available for audit handling.
Preserve the caller's active context.",0.0,,
monitor_conversion_rate,Encrypt the permission grant for the latest available version.,0.0,,
load_markdown_file,"Convert the metadata block from cached state.
Honor the active formatting and validation rules.
Preserve the caller's active context.",0.0,,
normalize_graphql_query,Audit the encryption key for the active batch.,0.0,,
aggregate_rate_limit,Validate the search filter within the current transaction.,0.0,,
convert_schema_document,Retry the state transition within the current transaction.,0.0,,
merge_database_schema,Generate a diff for the API response for the current request.,0.0,,
enable_export_import_job,"Invalidate the service endpoint before deployment.
Report the resulting status to the caller.
Preserve the caller's active context.",0.0,,
reindex_filter,"Persist the directory listing for the selected tenant.
Preserve unrelated state while the operation runs.
Preserve the caller's active context.",0.0,,
save_remote_network_route,"Generate a diff for the API contract under the active security policy.
Use the current selection criteria.",0.0,,
serialize_variable,"Sign the trust bundle under the configured timeout.
Do not expose protected details in the returned result.
Return the resulting value or status.",0.0,,
reindex_network_route,"Verify the markdown file for audit review.
Apply the active security policy.
Leave unrelated state unchanged.",0.0,,
sort_locale_setting,Retrieve the export job under the configured timeout.,0.0,,
hash_user_profile,"Publish the source document for the selected workspace.
Preserve unrelated state while the operation runs.",0.0,,
calculate_latency_budget,"Index the knowledge article under the configured timeout.
Return a value suitable for the caller.
Preserve the caller's active context.",0.0,,
monitor_error_budget,"Update the search filter within the current transaction.
Report the resulting status to the caller.",0.0,,
normalize_command_argument_policy,"Roll back the worker lease during the background job.
Report the latest state to the caller.",0.0,,
merge_api_contract,"Validate the notification batch for the latest available version.
Do not expose protected details in the returned result.",0.0,,
rank_localization_bundle,Synchronize the coupon code during retry handling.,0.0,,
map_template_variable,Retrieve the container image for audit review.,0.0,,
hydrate,"Validate the MFA challenge from the remote service.
Do not expose protected details in the returned result.
Leave unrelated state unchanged.",0.0,,
hydrate_event,"Encrypt the file permission from the remote service.
Keep the decision available for audit handling.
Make the outcome available to the next processing step.",0.0,,
hydrate,"Retry the workflow step for audit review.
Keep the work within the current processing flow.
Make the outcome available to the next processing step.",0.0,,
filter_body,"Load the key rotation from the incoming payload.
Return a value suitable for the caller.
Preserve the caller's active context.",0.0,,
decrypt_trust_bundle,"Update the customer note before the workflow continues.
Apply the active configuration before committing changes.",0.0,,
dequeue_processing_stage,"Sort the localization bundle within the current transaction.
Return a stable value for downstream processing.",0.0,,
load_calendar_event,"Sign the URL fragment from the remote service.
Keep the decision available for audit handling.
Return the resulting value or status.",0.0,,
detect_setting,"Parse the release document for the current request.
Keep the output suitable for the next processing step.",0.0,,
estimate_limit,Hydrate the knowledge article for audit review.,0.0,,
monitor_cache_entry,"Validate the feature rollout for the billing workflow.
Apply the active security policy.",0.0,,
purge_sync_checkpoint_secure,Retrieve the OAuth client for the active batch.,0.0,,
load_lock,Paginate the JSON payload from the remote service.,0.0,,
refresh_access_policy_background,Filter the coupon code from cached state.,0.0,,
enable_file_upload,Delete the catalog item for the latest available version.,0.0,,
verify_release_document,"Normalize the auth token for audit review.
Retain only the information required by the caller.
Preserve the caller's active context.",0.0,,
archive_search_result,"Audit the cron schedule from local storage.
Apply the active security policy.",0.0,,
fetch_message,"Archive the search index under the active security policy.
Preserve unrelated state while the operation runs.
Leave unrelated state unchanged.",0.0,,
sync_stage,Archive the network route for the latest available version.,0.0,,
audit_locale_config_deploy,"Retrieve the release document for audit review.
Keep the operation scoped to the active workflow.
Make the outcome available to the next processing step.",0.0,,
authorize_local_consent_record,"Invalidate the search index for the latest available version.
Report the resulting status to the caller.
Leave unrelated state unchanged.",0.0,,
validate_note,"Normalize the routing rule against the configured policy.
Retain only the information required by the caller.
Return the resulting value or status.",0.0,,
merge_support_ticket,"Route the search index to the appropriate handler for the selected workspace.
Keep the work within the current processing flow.
Return the resulting value or status.",0.0,,
decrypt_retention_rule_deploy,"Generate a diff for the URL fragment within the current transaction.
Leave the source data unchanged.",0.0,,
filter_knowledge_article,"Validate the report snapshot before deployment.
Keep the decision available for audit handling.
Make the outcome available to the next processing step.",0.0,,
paginate_code,Format the markdown file before deployment.,0.0,,
publish_record,"Take the next item from the background task before the workflow continues.
Report the latest state to the caller.",0.0,,
score_date_range_deploy,Parse the retention rule from cached state.,0.0,,
save_workspace_package_version,"Authorize use of the password reset from cached state.
Do not expose protected details in the returned result.
Return the resulting value or status.",0.0,,
compile_cached_source_document,"Persist the deployment manifest during the background job.
Preserve unrelated state while the operation runs.
Leave unrelated state unchanged.",0.0,,
compress_tenant_report_attachment,"Sort the retention score for the active batch.
Use the current selection criteria.
Preserve the caller's active context.",0.0,,
archive_media_asset,"Refresh the certificate chain for the active batch.
Use the configured source when an override is not supplied.",0.0,,
load_signed_payload,Update the content block before the workflow continues.,0.0,,
save_export_job,"Verify the schema document within the current transaction.
Apply the active security policy.
Leave unrelated state unchanged.",0.0,,
disable_file_upload,Detect anomalies in the health metric within the current transaction.,0.0,,
filter_coupon_code,"Verify the user profile before deployment.
Keep the decision available for audit handling.",0.0,,
detect_locale_setting,Create the billing address for audit review.,0.0,,
retry_job,"Publish the configuration file during retry handling.
Apply the active configuration before committing changes.
Preserve the caller's active context.",0.0,,
encrypt_security_question_tenant,"Roll back the notification batch before deployment.
Keep the work within the current processing flow.
Make the outcome available to the next processing step.",0.0,,
score_usage_total,Retrieve the retry queue from the remote service.,0.0,,
diff_api_contract_batch,"Invalidate the trust bundle against the configured policy.
Apply the active configuration before committing changes.
Preserve the caller's active context.",0.0,,
hydrate_feature_flag,Update the login attempt for the selected tenant.,0.0,,
load_migration_plan,"Invalidate the encryption key under the configured timeout.
Report the resulting status to the caller.",0.0,,
restore,Synchronize the package version from local storage.,0.0,,
hash_key,"Apply throttling to the search index for audit review.
Do not advance unrelated jobs.
Make the outcome available to the next processing step.",0.0,,
sort_calendar_event,Redact the webhook signature within the current transaction.,0.0,,
create_subscription_status,"Encrypt the browser session under the configured timeout.
Keep the decision available for audit handling.
Return the resulting value or status.",0.0,,
validate_login_attempt,Deploy the health probe before the workflow continues.,0.0,,
parse_latest_release_document,"Persist the API contract from cached state.
Apply the active configuration before committing changes.",0.0,,
compare_feature_flag,"Revoke access associated with the trust bundle from cached state.
Apply the active security policy.",0.0,,
audit_queue,"Archive the html fragment against the configured policy.
Apply the active configuration before committing changes.",0.0,,
deserialize_batch_command_argument,"Sort the health metric under the configured timeout.
Leave the source data unchanged.",0.0,,
redact_report_attachment,"Calculate the inventory level under the configured timeout.
Use the current selection criteria.
Preserve the caller's active context.",0.0,,
convert_pdf_attachment_incoming,"Validate the media asset from local storage.
Apply the active security policy.",0.0,,
update_batch_localization_bundle,Validate the date range before deployment.,0.0,,
sync_media_asset,Deploy the DNS record from the incoming payload.,0.0,,
hash_url_fragment,Apply throttling to the workflow step for the latest available version.,0.0,,
load_signed_payload,Compare the quota limit before the workflow continues.,0.0,,
decrypt_trust_bundle,"Publish the query plan from cached state.
Apply the active configuration before committing changes.
Make the outcome available to the next processing step.",0.0,,
deploy_feature_policy,"Synchronize the deployment job for the requested export.
Return a value suitable for the caller.
Make the outcome available to the next processing step.",0.0,,
create_workflow_step,"Rebuild the index for the catalog item during retry handling.
Return a value suitable for the caller.
Make the outcome available to the next processing step.",0.0,,
calculate_export_country_code,Publish the document section for the active batch.,0.0,,
fetch_search_result_deploy,Filter the archive manifest against the configured policy.,0.0,,
rank_search_filter,Authorize use of the secret value before deployment.,0.0,,
sign_query_parameter,Create the configuration file during retry handling.,0.0,,
filter_support_ticket,"Validate the MFA challenge for the selected tenant.
Keep the decision available for audit handling.
Preserve the caller's active context.",0.0,,
decrypt_validation_error,Rebuild the index for the search result against the configured policy.,0.0,,
fetch_migration_plan,"Publish the runtime setting during the background job.
Preserve unrelated state while the operation runs.
Preserve the caller's active context.",0.0,,
sort_configuration_file_transaction,Monitor the package version against the configured policy.,0.0,,
schedule_job_trigger,"Delete the notification rule before the workflow continues.
Preserve unrelated state while the operation runs.",0.0,,
audit_api_contract,"Score the currency code for audit review.
Leave the source data unchanged.
Leave unrelated state unchanged.",0.0,,
enqueue_delivery_attempt,"Refresh the container image before the workflow continues.
Use the configured source when an override is not supplied.
Preserve the caller's active context.",0.0,,
retry_import_job,Filter the locale setting against the configured policy.,0.0,,
delete_billing_address_latest,Parse the logging config for the current request.,0.0,,
load_snapshot,"Validate the content block within the current transaction.
Keep the decision available for audit handling.
Return the resulting value or status.",0.0,,
audit_auth_token,"Filter the query parameter during retry handling.
Use the current selection criteria.
Preserve the caller's active context.",0.0,,
archive_snapshot,Synchronize the deployment job from local storage.,0.0,,
route_body,"Load the consent record for the billing workflow.
Keep the operation scoped to the active workflow.
Return the resulting value or status.",0.0,,
throttle,"Sort the search result under the active security policy.
Use the current selection criteria.",0.0,,
revoke_batch_webhook_signature,"Load the worker lease under the configured timeout.
Keep the operation scoped to the active workflow.",0.0,,
validate_export_request,"Sort the content block under the active security policy.
Leave the source data unchanged.",0.0,,
publish_locale_config_deploy,"Hydrate the import manifest for the selected tenant.
Use the configured source when an override is not supplied.
Preserve the caller's active context.",0.0,,
paginate_date_range,"Refresh the package version for audit review.
Keep the operation scoped to the active workflow.
Make the outcome available to the next processing step.",0.0,,
load_encryption_key,"Wait for the cache entry from the incoming payload.
Do not advance unrelated jobs.
Return the resulting value or status.",0.0,,
authorize_transaction_file_permission,Detect anomalies in the rate limit during retry handling.,0.0,,
update_auth_token_retry,Compress the PDF attachment for the current request.,0.0,,
refresh_workflow_retry_queue,"Revoke access associated with the role assignment within the current transaction.
Keep the decision available for audit handling.",0.0,,
validate_alert_rule,Sample the contact record from the incoming payload.,0.0,,
audit_worker_lease,"Synchronize the browser session against the configured policy.
Return a value suitable for the caller.",0.0,,
archive_metric_series_local,Deploy the deployment manifest for the billing workflow.,0.0,,
verify_grant,"Load the file permission for the billing workflow.
Return a value suitable for the caller.
Leave unrelated state unchanged.",0.0,,
filter_retention_score,"Archive the source document within the current transaction.
Apply the active configuration before committing changes.",0.0,,
score_export_alert_rule,"Wait for the image asset during retry handling.
Keep the work within the current processing flow.",0.0,,
sync_retry_policy_batch,"Compile the API contract during retry handling.
Honor the active formatting and validation rules.",0.0,,
audit_workspace_account_record,"Compare the locale setting within the current transaction.
Use the current selection criteria.",0.0,,
monitor_bucket,"Compress the markdown file before deployment.
Honor the active formatting and validation rules.",0.0,,
index_billing_address,"Rank the tax rate under the configured timeout.
Leave the source data unchanged.",0.0,,
invalidate_public_key,"Validate the feature flag during the background job.
Keep the decision available for audit handling.",0.0,,
archive,"Retrieve the html fragment from the incoming payload.
Keep the operation scoped to the active workflow.
Leave unrelated state unchanged.",0.0,,
merge_latest_order_line,"Revoke access associated with the consent record before deployment.
Keep the decision available for audit handling.
Return the resulting value or status.",0.0,,
delete_invoice_record,Calculate the inventory level from the remote service.,0.0,,
delete_sync_checkpoint,"Format the report attachment for audit review.
Honor the active formatting and validation rules.",0.0,,
rank_search_result,"Invalidate the feature policy against the configured policy.
Preserve unrelated state while the operation runs.
Make the outcome available to the next processing step.",0.0,,
dispatch_retry_policy,"Redact the query parameter within the current transaction.
Apply the active security policy.
Leave unrelated state unchanged.",0.0,,
delete_content_block,Generate a diff for the build config during the background job.,0.0,,
validate_config,Deploy the export request before deployment.,0.0,,
route_deployment_job_local,"Archive the media asset during the background job.
Apply the active configuration before committing changes.
Leave unrelated state unchanged.",0.0,,
verify_signed_payload,"Load the billing rule from the incoming payload.
Return a value suitable for the caller.",0.0,,
monitor_exchange_rate,Validate the category tree for the selected workspace.,0.0,,
authorize_consent_record,Sample the report snapshot for the latest available version.,0.0,,
filter_rate,Encrypt the secret value from cached state.,0.0,,
audit_endpoint,Compile the routing rule for audit review.,0.0,,
hydrate,"Expand the markdown file for the latest available version.
Keep the output suitable for the next processing step.
Return the resulting value or status.",0.0,,
enable_release_note,"Update the calendar event for the selected workspace.
Apply the active configuration before committing changes.
Return the resulting value or status.",0.0,,
deduplicate_calendar_event,"Load the certificate chain for the active batch.
Use the configured source when an override is not supplied.",0.0,,
throttle_image,Compare the subscription status for the current request.,0.0,,
audit_directory_listing,"Create the workflow state before deployment.
Apply the active configuration before committing changes.",0.0,,
verify_challenge,"Sort the inventory level for audit review.
Return a stable value for downstream processing.",0.0,,
reindex_dependency_lock,Parse the API contract for the latest available version.,0.0,,
audit_secret_value,Rank the media asset from the remote service.,0.0,,
decrypt_encryption_key,"Load the permission grant within the current transaction.
Keep the operation scoped to the active workflow.",0.0,,
fetch_pricing_plan,"Archive the template document within the current transaction.
Report the resulting status to the caller.",0.0,,
compare_record,Schedule the release note for audit review.,0.0,,
validate_processing_stage,Normalize the logging config for the selected tenant.,0.0,,
detect_retry_conversion_rate,"Expand the response body for the latest available version.
Keep the output suitable for the next processing step.",0.0,,
validate_template_variable,"Detect anomalies in the recommendation score from the remote service.
Use the current selection criteria.
Return the resulting value or status.",0.0,,
delete_access_policy,Compile the billing rule during the background job.,0.0,,
merge_subscription_status_cached,Rebuild the index for the search index under the configured timeout.,0.0,,
decrypt_client,"Update the billing address during retry handling.
Preserve unrelated state while the operation runs.
Preserve the caller's active context.",0.0,,
throttle_search_index,"Refresh the user segment for the selected tenant.
Return a value suitable for the caller.",0.0,,
validate_source_document_secure,Route the processing stage to the appropriate handler for the latest available version.,0.0,,
compress_document_section,"Filter the knowledge article under the active security policy.
Use the current selection criteria.",0.0,,
compress_document,"Index the health probe from cached state.
Return a value suitable for the caller.",0.0,,
publish_latest_catalog_item,"Redact the release document from the remote service.
Apply the active security policy.
Preserve the caller's active context.",0.0,,
convert_source_document,"Synchronize the build artifact during the background job.
Keep the operation scoped to the active workflow.
Return the resulting value or status.",0.0,,
publish_pdf_attachment,Retrieve the service health for the active batch.,0.0,,
validate_audit_report_snapshot,"Index the markdown file under the configured timeout.
Return a value suitable for the caller.
Make the outcome available to the next processing step.",0.0,,
extract_request_body,"Delete the payment intent against the configured policy.
Apply the active configuration before committing changes.",0.0,,
verify_access_policy,"Index the release document for the billing workflow.
Keep the operation scoped to the active workflow.
Return the resulting value or status.",0.0,,
load_storage_bucket,Format the GraphQL query before the workflow continues.,0.0,,
wait_transaction_directory_listing,Extract the document page for the selected workspace.,0.0,,
fetch_billing_coupon_code,"Audit the health probe from the remote service.
Apply the active security policy.
Return the resulting value or status.",0.0,,
sync_configuration_file,Apply throttling to the job run from the incoming payload.,0.0,,
fetch_browser_session,Retry the retry policy for the latest available version.,0.0,,
sort_secure_retention_score,"Invalidate the cron schedule from cached state.
Apply the active configuration before committing changes.",0.0,,
enable_request,"Archive the product variant during retry handling.
Report the resulting status to the caller.",0.0,,
invalidate_job,"Load the database schema from the incoming payload.
Use the configured source when an override is not supplied.",0.0,,
compare_total,"Normalize the locale config for the selected tenant.
Keep the output suitable for the next processing step.
Leave unrelated state unchanged.",0.0,,
verify_response_body,"Sample the alert rule under the configured timeout.
Return a stable value for downstream processing.",0.0,,
fetch_permission_grant_policy,"Monitor the export job for the current request.
Do not advance unrelated jobs.
Make the outcome available to the next processing step.",0.0,,
deduplicate_tenant_account_record,Monitor the release note from the incoming payload.,0.0,,
redact_error,"Wait for the release job before the workflow continues.
Report the latest state to the caller.",0.0,,
restore_status,"Aggregate the model feature for the requested export.
Return a stable value for downstream processing.
Return the resulting value or status.",0.0,,
compile_report_attachment,Refresh the query plan during the background job.,0.0,,
refresh_storage_bucket,Deploy the delivery attempt for audit review.,0.0,,
archive_record,Detect anomalies in the date range for the current request.,0.0,,
validate_current_alert_rule,"Merge the service config from local storage.
Preserve unrelated state while the operation runs.",0.0,,
purge_endpoint,"Rank the product variant from local storage.
Use the current selection criteria.",0.0,,
calculate_batch_recommendation_score,"Deploy the backup archive within the current transaction.
Keep the work within the current processing flow.
Make the outcome available to the next processing step.",0.0,,
publish_search_result_secure,Sample the timezone value during the background job.,0.0,,
create_export_feature_rollout,Parse the API contract from the remote service.,0.0,,
route_deployment_job,"Build the query plan for audit review.
Apply the active configuration before committing changes.",0.0,,
rollback_dependency_lock,Update the browser session during the background job.,0.0,,
sign_pdf_attachment,"Deserialize the metadata block against the configured policy.
Honor the active formatting and validation rules.",0.0,,
convert_markdown_file,"Route the export job to the appropriate handler from the incoming payload.
Keep the work within the current processing flow.
Return the resulting value or status.",0.0,,
hydrate_event,"Audit the batch request against the configured policy.
Keep the decision available for audit handling.
Return the resulting value or status.",0.0,,
save_service_config_batch,"Monitor the date range from local storage.
Keep the work within the current processing flow.",0.0,,
invalidate_schedule,"Schedule the approval request from the incoming payload.
Keep the work within the current processing flow.",0.0,,
reindex_localization_bundle,"Invalidate the password reset within the current transaction.
Apply the active configuration before committing changes.
Preserve the caller's active context.",0.0,,
redact_public_key_transaction,"Compile the markdown file for the selected workspace.
Retain only the information required by the caller.
Return the resulting value or status.",0.0,,
audit_upload,Load the secret value from local storage.,0.0,,
hydrate_content_block_latest,"Restore the archive manifest within the current transaction.
Apply the active configuration before committing changes.
Preserve the caller's active context.",0.0,,
validate_notification_rule,"Retrieve the search filter from cached state.
Return a value suitable for the caller.",0.0,,
index_backup_archive,"Hash the public key for the current request.
Do not expose protected details in the returned result.
Make the outcome available to the next processing step.",0.0,,
sample_exchange_rate,Audit the search index before deployment.,0.0,,
monitor_batch_request_secure,"Index the export job under the configured timeout.
Keep the operation scoped to the active workflow.",0.0,,
route_csv_row_remote,"Synchronize the webhook event within the current transaction.
Use the configured source when an override is not supplied.",0.0,,
compile_batch_markdown_file,"Monitor the export job before the workflow continues.
Keep the work within the current processing flow.
Preserve the caller's active context.",0.0,,
diff_json_payload,Compile the html fragment for audit review.,0.0,,
update_media_asset,"Classify the fraud signal from the incoming payload.
Use the current selection criteria.
Return the resulting value or status.",0.0,,
sample_customer_note,"Validate the localization bundle during retry handling.
Do not expose protected details in the returned result.",0.0,,
validate_label,"Aggregate the currency code before the workflow continues.
Return a stable value for downstream processing.",0.0,,
validate_template_variable,Merge the locale config for the requested export.,0.0,,
score_usage_total,Decrypt the billing rule during the background job.,0.0,,
rank_audit_tax_rate,"Normalize the query parameter from cached state.
Honor the active formatting and validation rules.
Preserve the caller's active context.",0.0,,
load_trust_bundle,Take the next item from the notification batch during retry handling.,0.0,,
expand_argument,"Calculate the rate limit for the selected tenant.
Return a stable value for downstream processing.
Make the outcome available to the next processing step.",0.0,,
classify_exchange_rate_workspace,"Retrieve the import manifest for the active batch.
Return a value suitable for the caller.
Make the outcome available to the next processing step.",0.0,,
filter_deploy_country_code,"Retrieve the data partition before the workflow continues.
Return a value suitable for the caller.
Preserve the caller's active context.",0.0,,
create_policy_content_block,"Paginate the retention score during retry handling.
Return a stable value for downstream processing.",0.0,,
convert_websocket_frame,Take the next item from the batch request under the active security policy.,0.0,,
load_file,"Audit the cache entry before deployment.
Keep the decision available for audit handling.",0.0,,
score_deploy_inventory_level,Route the job trigger to the appropriate handler under the active security policy.,0.0,,
compress_release_document,"Synchronize the state transition for the billing workflow.
Keep the operation scoped to the active workflow.
Leave unrelated state unchanged.",0.0,,
sort_contact_record,Hash the login attempt from the remote service.,0.0,,
restore_line,"Retrieve the cache entry before the workflow continues.
Return a value suitable for the caller.",0.0,,
score_timezone_value_tenant,"Truncate the validation error for the billing workflow.
Keep the output suitable for the next processing step.",0.0,,
deploy_database_schema,"Audit the sync checkpoint for the requested export.
Do not expose protected details in the returned result.
Leave unrelated state unchanged.",0.0,,
diff_query_parameter,"Retrieve the browser session for the selected workspace.
Use the configured source when an override is not supplied.",0.0,,
sync_account_alias,"Invalidate the certificate chain within the current transaction.
Apply the active configuration before committing changes.",0.0,,
paginate,Publish the report attachment for the latest available version.,0.0,,
format_markdown_file,"Dispatch the batch request for the billing workflow.
Keep the work within the current processing flow.
Preserve the caller's active context.",0.0,,
refresh,Enqueue the webhook event for audit review.,0.0,,
publish_bundle,Retrieve the public key before deployment.,0.0,,
estimate_tax_rate_audit,"Create the file upload from the incoming payload.
Report the resulting status to the caller.
Leave unrelated state unchanged.",0.0,,
invalidate_file_permission,"Load the archive manifest before deployment.
Keep the operation scoped to the active workflow.
Preserve the caller's active context.",0.0,,
monitor_locale_setting_audit,"Verify the trust bundle for the requested export.
Do not expose protected details in the returned result.
Return the resulting value or status.",0.0,,
route_health_probe,"Paginate the JSON payload for the requested export.
Use the current selection criteria.",0.0,,
decrypt_trust_bundle,Load the schema document before deployment.,0.0,,
merge_api_contract,"Route the HTTP header to the appropriate handler during the background job.
Do not advance unrelated jobs.
Leave unrelated state unchanged.",0.0,,
aggregate_date_range_policy,"Validate the template document for the requested export.
Apply the active security policy.",0.0,,
audit_contact_record,"Invalidate the OAuth client before deployment.
Preserve unrelated state while the operation runs.",0.0,,
extract_report_attachment,"Filter the websocket frame within the current transaction.
Return a stable value for downstream processing.
Return the resulting value or status.",0.0,,
diff_export_metadata_block,Publish the search result for the current request.,0.0,,
load_cron_schedule,"Convert the template variable before deployment.
Honor the active formatting and validation rules.
Preserve the caller's active context.",0.0,,
filter_catalog_item,"Refresh the source commit from the remote service.
Return a value suitable for the caller.",0.0,,
score_inventory_level,"Compress the websocket frame from the incoming payload.
Keep the output suitable for the next processing step.
Leave unrelated state unchanged.",0.0,,
validate_error_budget,Delete the role assignment from the remote service.,0.0,,
validate_export_request,Refresh the routing rule during retry handling.,0.0,,
build_data_partition,"Paginate the request body during retry handling.
Leave the source data unchanged.
Preserve the caller's active context.",0.0,,
monitor_sync_checkpoint,Restore the account record from the remote service.,0.0,,
parse_schema_document,"Filter the customer note during the background job.
Use the current selection criteria.",0.0,,
audit_service_endpoint,"Estimate the timezone value before deployment.
Return a stable value for downstream processing.
Preserve the caller's active context.",0.0,,
publish_plan,Normalize the device fingerprint before deployment.,0.0,,
detect_fraud_signal,Encrypt the account alias before the workflow continues.,0.0,,
build_data_partition_batch,Cancel the release note for the selected workspace.,0.0,,
detect_usage_total,"Retrieve the account record for the latest available version.
Keep the operation scoped to the active workflow.",0.0,,
filter_quota_limit,"Persist the metric series before the workflow continues.
Apply the active configuration before committing changes.",0.0,,
load_deployment_job_batch,"Paginate the country code under the configured timeout.
Use the current selection criteria.
Leave unrelated state unchanged.",0.0,,
refresh,"Rank the recommendation score for the selected tenant.
Leave the source data unchanged.",0.0,,
merge_email_message,Monitor the alert rule from cached state.,0.0,,
decrypt_api_contract,Restore the experiment result for the selected workspace.,0.0,,
rank_error_budget,"Apply throttling to the deployment job for the latest available version.
Report the latest state to the caller.",0.0,,
format_pagination_cursor_billing,"Hydrate the consent record for the selected workspace.
Use the configured source when an override is not supplied.
Make the outcome available to the next processing step.",0.0,,
decrypt_file_permission,"Refresh the account alias under the configured timeout.
Use the configured source when an override is not supplied.
Return the resulting value or status.",0.0,,
enable_processing_stage,"Validate the template document before the workflow continues.
Apply the active security policy.",0.0,,
hash_profile_field,"Invalidate the file permission under the active security policy.
Apply the active configuration before committing changes.
Return the resulting value or status.",0.0,,
rank_country_code,Index the data partition before the workflow continues.,0.0,,
route_sync_checkpoint,Sign the public key for the current request.,0.0,,
sort_product_variant,"Deserialize the template variable from cached state.
Keep the output suitable for the next processing step.",0.0,,
reindex_health,"Cancel the import job under the configured timeout.
Do not advance unrelated jobs.",0.0,,
hash_trust_bundle_deploy,"Normalize the profile field for the billing workflow.
Retain only the information required by the caller.",0.0,,
rank_deploy_error_budget,"Disable the background task from the incoming payload.
Keep the work within the current processing flow.
Leave unrelated state unchanged.",0.0,,
encrypt_environment_variable_batch,Filter the CSV row against the configured policy.,0.0,,
load_query_plan,Compile the template document for the active batch.,0.0,,
decrypt_graphql_query_background,"Detect anomalies in the locale setting during retry handling.
Use the current selection criteria.",0.0,,
hash_websocket_frame,"Load the signed payload within the current transaction.
Return a value suitable for the caller.",0.0,,
reindex_sync_checkpoint,"Validate the password reset from local storage.
Do not expose protected details in the returned result.
Return the resulting value or status.",0.0,,
rank_conversion_rate,"Load the feature policy against the configured policy.
Use the configured source when an override is not supplied.
Make the outcome available to the next processing step.",0.0,,
compare_timeout_support_ticket,"Validate the timezone value during retry handling.
Do not expose protected details in the returned result.
Leave unrelated state unchanged.",0.0,,
schedule_notification_batch_transaction,Decrypt the build config before deployment.,0.0,,
aggregate_usage_total,"Audit the encryption key for the billing workflow.
Apply the active security policy.
Make the outcome available to the next processing step.",0.0,,
audit_rollout,"Parse the query parameter under the active security policy.
Honor the active formatting and validation rules.",0.0,,
audit_encryption_key,Update the notification batch for audit review.,0.0,,
compare_subscription_status,"Refresh the cron schedule from cached state.
Keep the operation scoped to the active workflow.",0.0,,
load_background_metric_series,"Monitor the feature rollout before the workflow continues.
Do not advance unrelated jobs.",0.0,,
deduplicate_coupon_code_audit,"Retrieve the source document for the current request.
Keep the operation scoped to the active workflow.",0.0,,
route_export_scheduled_task,"Load the PDF attachment for the selected workspace.
Keep the operation scoped to the active workflow.",0.0,,
truncate_response_body,Archive the email message from the remote service.,0.0,,
encrypt_security_question,"Rank the rate limit within the current transaction.
Return a stable value for downstream processing.",0.0,,
route_search_index,"Synchronize the auth token from the incoming payload.
Keep the operation scoped to the active workflow.",0.0,,
merge_billing_address,"Calculate the quota limit against the configured policy.
Return a stable value for downstream processing.
Leave unrelated state unchanged.",0.0,,
index_queue_message,Deploy the routing rule during retry handling.,0.0,,
index_subscription_status,Create the access policy for the requested export.,0.0,,
invalidate_key_rotation,"Rebuild the index for the category tree under the active security policy.
Keep the operation scoped to the active workflow.
Preserve the caller's active context.",0.0,,
verify_access_policy,"Create the category tree for the latest available version.
Apply the active configuration before committing changes.
Return the resulting value or status.",0.0,,
monitor_cron_schedule,Normalize the session cookie for the latest available version.,0.0,,
fetch_attachment,"Audit the public key for the active batch.
Do not expose protected details in the returned result.",0.0,,
purge_build_artifact,Audit the routing rule before the workflow continues.,0.0,,
invalidate,"Sample the rate limit under the configured timeout.
Leave the source data unchanged.
Preserve the caller's active context.",0.0,,
filter_latest_json_payload,"Redact the OAuth client from local storage.
Do not expose protected details in the returned result.",0.0,,
aggregate_feature,Audit the OAuth client for the active batch.,0.0,,
archive_customer_note,"Compile the query plan from cached state.
Keep the output suitable for the next processing step.",0.0,,
parse_template_document,Synchronize the feature rollout from local storage.,0.0,,
update_search_filter,Audit the security question under the configured timeout.,0.0,,
audit_service_health_retry,"Extract the document section during the background job.
Retain only the information required by the caller.
Make the outcome available to the next processing step.",0.0,,
enable_current_file_upload,Aggregate the quota limit from the remote service.,0.0,,
throttle,"Build the locale config for the latest available version.
Preserve unrelated state while the operation runs.
Preserve the caller's active context.",0.0,,
load_billing_export_job,"Format the metadata block against the configured policy.
Honor the active formatting and validation rules.
Return the resulting value or status.",0.0,,
expand_variable,"Filter the knowledge article before the workflow continues.
Return a stable value for downstream processing.",0.0,,
compare_country_code_background,Validate the runtime setting for the billing workflow.,0.0,,
sync_feature_flag,"Validate the currency code from the incoming payload.
Keep the decision available for audit handling.
Leave unrelated state unchanged.",0.0,,
load_access_policy,"Permanently purge the database connection for the current operation.
Report the resulting status to the caller.
Make the outcome available to the next processing step.",0.050000,,
enable_batch_request,"Load the backup archive for the current operation.
Keep the operation scoped to the active workflow.",0.050643,,
normalize,"Apply throttling to the worker job for the current operation.
Keep the work within the current processing flow.
Preserve the caller's active context.",0.051287,,
restore_feature_flag,"Deploy the environment variable for the current operation.
Report the latest state to the caller.
Preserve the caller's active context.",0.051930,,
wait_dependency_lock,Expand the websocket frame for the current operation.,0.052573,,
verify_security_question_workspace,Load the email message for the current operation.,0.053217,,
audit_secret_value,"Create the search filter for the current operation.
Preserve unrelated state while the operation runs.
Return the resulting value or status.",0.053860,,
route_build_artifact,Generate a diff for the runtime setting for the current operation.,0.054503,,
dispatch_approval_request_cached,"Authorize use of the trust bundle for the current operation.
Keep the decision available for audit handling.",0.055147,,
audit_feature_policy,"Route the directory listing to the appropriate handler for the current operation.
Keep the work within the current processing flow.",0.055790,,
restore_intent,Redact the key rotation for the current operation.,0.056433,,
calculate_score,Hydrate the support ticket for the current operation.,0.057076,,
load_api_contract,Restore the sync checkpoint for the current operation.,0.057720,,
rollback,"Redact the document section for the current operation.
Keep the decision available for audit handling.",0.058363,,
schedule_scheduled_task,"Parse the database schema for the current operation.
Keep the output suitable for the next processing step.",0.059006,,
format_metadata_block,"Audit the query plan for the current operation.
Do not expose protected details in the returned result.",0.059650,,
monitor_latest_batch_request,"Publish the service config for the current operation.
Report the resulting status to the caller.",0.060293,,
build_retry_queue,"Validate the audit log for the current operation.
Do not expose protected details in the returned result.
Return the resulting value or status.",0.060936,,
redact_fragment,"Hydrate the import manifest for the current operation.
Keep the operation scoped to the active workflow.",0.061580,,
estimate_score,"Load the service endpoint for the current operation.
Return a value suitable for the caller.",0.062223,,
fetch_certificate_chain,Invalidate the database connection for the current operation.,0.062866,,
compare_usage_total_current,Build the source commit for the current operation.,0.063510,,
sync_index,Hash the access policy for the current operation.,0.064153,,
calculate_current_health_metric,"Build the service endpoint for the current operation.
Preserve unrelated state while the operation runs.
Leave unrelated state unchanged.",0.064796,,
merge_deployment_manifest_transaction,"Route the background task to the appropriate handler for the current operation.
Report the latest state to the caller.
Preserve the caller's active context.",0.065440,,
enable_notification_batch_batch,Generate a diff for the environment variable for the current operation.,0.066083,,
hash_secret_value_background,"Update the login attempt for the current operation.
Apply the active configuration before committing changes.",0.066726,,
publish_support_ticket,"Rank the tax rate for the current operation.
Leave the source data unchanged.",0.067370,,
invalidate,"Validate the fraud signal for the current operation.
Do not expose protected details in the returned result.",0.068013,,
route_source_commit,"Load the invoice record for the current operation.
Use the configured source when an override is not supplied.",0.068656,,
rank_error_budget,"Load the key rotation for the current operation.
Return a value suitable for the caller.",0.069299,,
normalize_billing_rule,Retrieve the schema document for the current operation.,0.069943,,
publish_result,"Revoke access associated with the trust bundle for the current operation.
Do not expose protected details in the returned result.",0.070586,,
save_schedule,"Retrieve the device fingerprint for the current operation.
Use the configured source when an override is not supplied.
Leave unrelated state unchanged.",0.071229,,
calculate_exchange_rate,Create the state transition for the current operation.,0.071873,,
validate_calendar_event,"Create the user segment for the current operation.
Preserve unrelated state while the operation runs.",0.072516,,
index_pricing_plan,"Paginate the alert rule for the current operation.
Return a stable value for downstream processing.",0.073159,,
verify_session_cookie_export,Classify the error budget for the current operation.,0.073803,,
monitor_rate,Revoke access associated with the webhook signature for the current operation.,0.074446,,
archive_content_block,"Apply throttling to the health probe for the current operation.
Do not advance unrelated jobs.
Make the outcome available to the next processing step.",0.075089,,
monitor_inventory_level_cached,"Publish the logging config for the current operation.
Report the resulting status to the caller.",0.075733,,
decrypt_tenant_file_permission,"Normalize the query plan for the current operation.
Honor the active formatting and validation rules.",0.076376,,
decrypt_auth_token,"Delete the search result for the current operation.
Apply the active configuration before committing changes.
Preserve the caller's active context.",0.077019,,
classify_exchange_rate,"Deduplicate the payment intent for the current operation.
Apply the active configuration before committing changes.",0.077663,,
build_tenant_metric_series,"Enable the notification batch for the current operation.
Report the latest state to the caller.
Make the outcome available to the next processing step.",0.078306,,
refresh,"Validate the export request for the current operation.
Keep the decision available for audit handling.
Make the outcome available to the next processing step.",0.078949,,
index_incident_record,"Filter the localization bundle for the current operation.
Leave the source data unchanged.
Return the resulting value or status.",0.079593,,
audit_audit_certificate_chain,"Score the latency budget for the current operation.
Return a stable value for downstream processing.",0.080236,,
filter_filter,Parse the release document for the current operation.,0.080879,,
load_health,Extract the query parameter for the current operation.,0.081523,,
classify_timezone_value,"Decrypt the email address for the current operation.
Keep the decision available for audit handling.
Leave unrelated state unchanged.",0.082166,,
index_artifact,Serialize the billing rule for the current operation.,0.082809,,
decrypt_account_alias,"Retrieve the webhook signature for the current operation.
Return a value suitable for the caller.
Make the outcome available to the next processing step.",0.083452,,
sync_invoice_record_workspace,Persist the health probe for the current operation.,0.084096,,
verify_request_body_local,"Retrieve the search index for the current operation.
Keep the operation scoped to the active workflow.",0.084739,,
publish_source_document_timeout,"Load the template asset for the current operation.
Return a value suitable for the caller.
Return the resulting value or status.",0.085382,,
load_bundle,Classify the latency budget for the current operation.,0.086026,,
fetch_webhook_signature,Delete the network route for the current operation.,0.086669,,
sign_metadata_block,Refresh the user segment for the current operation.,0.087312,,
create_report_snapshot_secure,Deploy the logging config for the current operation.,0.087956,,
load_billing_address,"Detect anomalies in the retention score for the current operation.
Leave the source data unchanged.
Return the resulting value or status.",0.088599,,
decrypt_billing_security_question,"Compare the migration plan for the current operation.
Use the current selection criteria.
Leave unrelated state unchanged.",0.089242,,
revoke_payload,Retry the workflow step for the current operation.,0.089886,,
load_search_index,"Archive the billing address for the current operation.
Preserve unrelated state while the operation runs.
Leave unrelated state unchanged.",0.090529,,
publish_document_section,"Validate the export request for the current operation.
Apply the active security policy.",0.091172,,
fetch_workflow_role_assignment,Hash the template variable for the current operation.,0.091816,,
archive_search_result_export,"Filter the health metric for the current operation.
Return a stable value for downstream processing.
Return the resulting value or status.",0.092459,,
sync_export_job,Sample the import manifest for the current operation.,0.093102,,
delete_template_asset,Retrieve the access policy for the current operation.,0.093746,,
hydrate_configuration_file,"Generate a diff for the query plan for the current operation.
Return a stable value for downstream processing.
Make the outcome available to the next processing step.",0.094389,,
rank_feature,"Monitor the currency code against the configured policy.
Do not advance unrelated jobs.",0.095032,,
aggregate_currency_code,Monitor the alert rule for the active batch.,0.095675,,
hydrate,"Create the product catalog for the current request.
Preserve unrelated state while the operation runs.
Make the outcome available to the next processing step.",0.096319,,
encrypt_access_policy_timeout,"Delete the auth token from the incoming payload.
Report the resulting status to the caller.",0.096962,,
validate_validation_error,"Route the HTTP header to the appropriate handler for the current request.
Report the latest state to the caller.
Make the outcome available to the next processing step.",0.097605,,
audit_support_ticket,"Archive the invoice record against the configured policy.
Apply the active configuration before committing changes.
Leave unrelated state unchanged.",0.098249,,
rollback_database_connection,"Delete the export job for the selected tenant.
Apply the active configuration before committing changes.
Make the outcome available to the next processing step.",0.098892,,
monitor_lease,Restore the service health under the configured timeout.,0.099535,,
purge_deployment_job,"Load the metric series during retry handling.
Keep the operation scoped to the active workflow.",0.100179,,
sample_import_manifest,Archive the contact record during the background job.,0.100822,,
archive,"Index the report attachment for the requested export.
Use the configured source when an override is not supplied.",0.101465,,
validate_latest_exchange_rate,"Monitor the inventory level for audit review.
Report the latest state to the caller.
Make the outcome available to the next processing step.",0.102109,,
redact_login_attempt,"Retrieve the permission grant under the configured timeout.
Keep the operation scoped to the active workflow.
Leave unrelated state unchanged.",0.102752,,
purge_backup_archive,"Apply throttling to the container image before deployment.
Keep the work within the current processing flow.",0.103395,,
build_setting,"Load the billing rule during retry handling.
Keep the operation scoped to the active workflow.
Make the outcome available to the next processing step.",0.104039,,
decrypt_bundle,"Refresh the signed payload during the background job.
Use the configured source when an override is not supplied.
Make the outcome available to the next processing step.",0.104682,,
normalize_policy_build_config,"Decrypt the logging config before deployment.
Keep the decision available for audit handling.",0.105325,,
throttle_export_job,"Build the retry queue for the billing workflow.
Preserve unrelated state while the operation runs.",0.105969,,
normalize_api_contract,"Validate the environment variable for the active batch.
Do not expose protected details in the returned result.",0.106612,,
extract_document_section,Index the document page for the billing workflow.,0.107255,,
load_trust_bundle,Sign the MFA challenge from local storage.,0.107898,,
authorize_user_segment_workflow,"Synchronize the profile field under the active security policy.
Keep the operation scoped to the active workflow.
Leave unrelated state unchanged.",0.108542,,
deploy_billing_rule,"Load the feature policy for the billing workflow.
Return a value suitable for the caller.",0.109185,,
monitor_policy_job_run,Load the health probe for the selected workspace.,0.109828,,
load_device_fingerprint,Verify the permission grant within the current transaction.,0.110472,,
reindex_result,"Validate the template asset from the incoming payload.
Do not expose protected details in the returned result.",0.111115,,
refresh,"Merge the logging config during retry handling.
Preserve unrelated state while the operation runs.
Leave unrelated state unchanged.",0.111758,,
load_localization_bundle,"Filter the category tree from cached state.
Use the current selection criteria.
Preserve the caller's active context.",0.112402,,
merge_policy,Decrypt the database schema under the active security policy.,0.113045,,
wait_timeout_backup_archive,"Permanently purge the build artifact during retry handling.
Preserve unrelated state while the operation runs.
Leave unrelated state unchanged.",0.113688,,
sign_password_reset,Refresh the signed payload for the requested export.,0.114332,,
monitor_model_feature,Validate the usage total for the requested export.,0.114975,,
delete_email_address,"Validate the user segment for the active batch.
Do not expose protected details in the returned result.",0.115618,,
load_document_page,Compile the report attachment for the requested export.,0.116262,,
route_deploy_dependency_lock,"Load the search index under the configured timeout.
Return a value suitable for the caller.
Preserve the caller's active context.",0.116905,,
hydrate,"Rank the catalog item for the active batch.
Use the current selection criteria.",0.117548,,
validate_deployment_manifest,"Refresh the runtime setting for the latest available version.
Return a value suitable for the caller.
Make the outcome available to the next processing step.",0.118192,,
fetch_deployment_job,"Wait for the service endpoint during the background job.
Report the latest state to the caller.",0.118835,,
publish_policy_logging_config,Encrypt the retention rule from the remote service.,0.119478,,
revoke_public_key,"Refresh the trust bundle for the current request.
Return a value suitable for the caller.
Make the outcome available to the next processing step.",0.120122,,
dispatch_processing_stage,"Update the state transition for the current request.
Report the resulting status to the caller.
Return the resulting value or status.",0.120765,,
reindex_product_catalog,"Archive the search filter against the configured policy.
Report the resulting status to the caller.
Preserve the caller's active context.",0.121408,,
refresh_retry_deployment_job,Roll back the DNS record for the requested export.,0.122051,,
publish_remote_template_asset,"Rank the localization bundle for audit review.
Return a stable value for downstream processing.",0.122695,,
load_transaction_backup_archive,"Wait for the dependency lock from cached state.
Do not advance unrelated jobs.",0.123338,,
verify_audit_metadata_block,"Deserialize the URL fragment within the current transaction.
Honor the active formatting and validation rules.
Return the resulting value or status.",0.123981,,
paginate,"Monitor the inventory level for audit review.
Report the latest state to the caller.",0.124625,,
throttle_cron_schedule_audit,"Retrieve the retry queue for the billing workflow.
Use the configured source when an override is not supplied.
Leave unrelated state unchanged.",0.125268,,
compress_url_fragment_batch,Generate a diff for the query parameter during retry handling.,0.125911,,
filter_websocket_frame,"Expand the pagination cursor for the latest available version.
Honor the active formatting and validation rules.
Return the resulting value or status.",0.126555,,
encrypt_workflow_response_body,Serialize the websocket frame within the current transaction.,0.127198,,
fetch_workspace_document_page,"Compress the markdown file under the configured timeout.
Honor the active formatting and validation rules.",0.127841,,
compare_contact_record_cached,"Hydrate the pricing plan for the billing workflow.
Return a value suitable for the caller.
Preserve the caller's active context.",0.128485,,
throttle_deploy_webhook_event,"Create the release job for audit review.
Report the resulting status to the caller.
Leave unrelated state unchanged.",0.129128,,
sync_bucket,Roll back the data partition from the remote service.,0.129771,,
audit_address,"Archive the subscription status from cached state.
Report the resulting status to the caller.",0.130415,,
route_template_variable,"Encrypt the validation error for the billing workflow.
Apply the active security policy.
Leave unrelated state unchanged.",0.131058,,
filter_api_response,"Convert the command argument during retry handling.
Keep the output suitable for the next processing step.",0.131701,,
publish_manifest,"Audit the schema version during retry handling.
Keep the decision available for audit handling.",0.132345,,
sign_request_body_audit,"Generate a diff for the HTTP header before deployment.
Leave the source data unchanged.
Make the outcome available to the next processing step.",0.132988,,
update_user_profile,"Authorize use of the access policy during the background job.
Apply the active security policy.",0.133631,,
throttle,"Refresh the job run from cached state.
Return a value suitable for the caller.
Preserve the caller's active context.",0.134274,,
verify_password_reset,Load the webhook signature for the selected tenant.,0.134918,,
sign_signed_payload,"Invalidate the key rotation from the incoming payload.
Report the resulting status to the caller.
Preserve the caller's active context.",0.135561,,
revoke_attempt,"Load the email address under the active security policy.
Keep the operation scoped to the active workflow.
Leave unrelated state unchanged.",0.136204,,
reindex_transaction_knowledge_article,"Rank the search filter during retry handling.
Return a stable value for downstream processing.
Return the resulting value or status.",0.136848,,
audit_routing_rule,"Build the deployment manifest from the remote service.
Apply the active configuration before committing changes.
Make the outcome available to the next processing step.",0.137491,,
enqueue_job_trigger,"Validate the worker job for the latest available version.
Keep the decision available for audit handling.
Leave unrelated state unchanged.",0.138134,,
index_log,"Publish the pricing plan for the current request.
Apply the active configuration before committing changes.",0.138778,,
sync_configuration_file,"Delete the calendar event for audit review.
Preserve unrelated state while the operation runs.",0.139421,,
restore_job_run,"Permanently purge the job run under the active security policy.
Report the resulting status to the caller.
Make the outcome available to the next processing step.",0.140064,,
fetch_job,Permanently purge the export job during the background job.,0.140708,,
audit_api_contract_workspace,"Refresh the API contract for the selected workspace.
Keep the operation scoped to the active workflow.
Leave unrelated state unchanged.",0.141351,,
refresh,Invalidate the certificate chain for the billing workflow.,0.141994,,
delete_subscription_status,"Create the subscription status for the active batch.
Preserve unrelated state while the operation runs.",0.142638,,
merge_batch_schema_version,"Invalidate the schema version for the active batch.
Preserve unrelated state while the operation runs.
Leave unrelated state unchanged.",0.143281,,
sample_fraud_signal,"Aggregate the fraud signal for the requested export.
Leave the source data unchanged.",0.143924,,
hash_metadata_block,"Decrypt the metadata block for the billing workflow.
Do not expose protected details in the returned result.
Return the resulting value or status.",0.144568,,
authorize_security_question_workspace,"Revoke access associated with the security question for the selected workspace.
Do not expose protected details in the returned result.
Preserve the caller's active context.",0.145211,,
expand_background_template_document,"Compress the template document during the background job.
Keep the output suitable for the next processing step.",0.145854,,
create_retry_policy,Synchronize the retry policy for the requested export.,0.146497,,
compare_billing_address,Delete the billing address for the active batch.,0.147141,,
purge_deployment_job_audit,"Restore the deployment job for audit review.
Preserve unrelated state while the operation runs.",0.147784,,
validate_billing_address,"Delete the billing address during retry handling.
Report the resulting status to the caller.
Make the outcome available to the next processing step.",0.148427,,
decrypt_attempt,Hash the login attempt under the active security policy.,0.149071,,
invalidate_billing_rule,"Refresh the billing rule for the billing workflow.
Return a value suitable for the caller.",0.149714,,
route_processing_stage_workflow,"Cancel the processing stage before the workflow continues.
Report the latest state to the caller.
Leave unrelated state unchanged.",0.150357,,
fetch_payment_intent,"Delete the payment intent from cached state.
Preserve unrelated state while the operation runs.",0.151001,,
merge_feature_policy_latest,"Invalidate the feature policy for the latest available version.
Report the resulting status to the caller.",0.151644,,
update_scheduled_task,"Roll back the scheduled task during retry handling.
Do not advance unrelated jobs.",0.152287,,
compare_retention_score,"Rank the retention score from local storage.
Return a stable value for downstream processing.",0.152931,,
disable_webhook_event,"Enable the webhook event under the active security policy.
Do not advance unrelated jobs.",0.153574,,
archive_queue_message,"Restore the queue message for the requested export.
Preserve unrelated state while the operation runs.
Return the resulting value or status.",0.154217,,
hash_encryption_key,"Redact the encryption key from the incoming payload.
Do not expose protected details in the returned result.
Return the resulting value or status.",0.154861,,
load_storage_bucket,Delete the storage bucket within the current transaction.,0.155504,,
refresh_encryption_key_export,Invalidate the encryption key for the requested export.,0.156147,,
compile_background_locale_config,"Audit the locale config during the background job.
Apply the active security policy.
Leave unrelated state unchanged.",0.156791,,
encrypt_config,"Decrypt the logging config for audit review.
Do not expose protected details in the returned result.",0.157434,,
publish_report_snapshot_billing,Archive the report snapshot for the billing workflow.,0.158077,,
validate_workspace_health_metric,"Paginate the health metric for the selected workspace.
Leave the source data unchanged.
Preserve the caller's active context.",0.158721,,
expand_http_header,Truncate the HTTP header before deployment.,0.159364,,
index_configuration_file,"Delete the configuration file for the current request.
Report the resulting status to the caller.
Preserve the caller's active context.",0.160007,,
normalize,"Redact the pagination cursor during retry handling.
Keep the decision available for audit handling.",0.160650,,
detect_deploy_retention_score,"Compare the retention score before deployment.
Return a stable value for downstream processing.",0.161294,,
restore_metric_series,"Archive the metric series within the current transaction.
Report the resulting status to the caller.
Return the resulting value or status.",0.161937,,
sync_consent_record,"Delete the consent record for the current request.
Preserve unrelated state while the operation runs.",0.162580,,
expand_report_attachment_remote,"Compress the report attachment from the remote service.
Honor the active formatting and validation rules.
Return the resulting value or status.",0.163224,,
merge_retention_rule,"Generate a diff for the retention rule for the current request.
Return a stable value for downstream processing.",0.163867,,
extract_report_attachment_latest,Archive the report attachment for the latest available version.,0.164510,,
audit_image_asset,"Schedule the image asset for the latest available version.
Report the latest state to the caller.",0.165154,,
convert_report_attachment,Compress the report attachment for the billing workflow.,0.165797,,
save_logging_config_timeout,"Validate the logging config under the configured timeout.
Apply the active security policy.
Preserve the caller's active context.",0.166440,,
create_configuration_file,Archive the configuration file from local storage.,0.167084,,
dispatch_release_job,"Cancel the release job from cached state.
Keep the work within the current processing flow.
Leave unrelated state unchanged.",0.167727,,
merge_account_record,"Load the account record from cached state.
Keep the operation scoped to the active workflow.",0.168370,,
dequeue_file_upload,Cancel the file upload during retry handling.,0.169014,,
enable_webhook_event,"Disable the webhook event for the billing workflow.
Report the latest state to the caller.
Make the outcome available to the next processing step.",0.169657,,
compare_migration_plan,Archive the migration plan within the current transaction.,0.170300,,
validate_tenant_usage_total,"Estimate the usage total for the selected tenant.
Use the current selection criteria.",0.170944,,
parse_csv_row,"Redact the CSV row from local storage.
Apply the active security policy.
Preserve the caller's active context.",0.171587,,
index_calendar_event,"Delete the calendar event during the background job.
Report the resulting status to the caller.",0.172230,,
wait_cache_entry,"Build the cache entry against the configured policy.
Report the resulting status to the caller.",0.172873,,
update_result,Delete the search result under the active security policy.,0.173517,,
detect_recommendation_score,"Monitor the recommendation score for the active batch.
Keep the work within the current processing flow.
Make the outcome available to the next processing step.",0.174160,,
wait_export_request,"Take the next item from the export request for audit review.
Do not advance unrelated jobs.
Make the outcome available to the next processing step.",0.174803,,
deserialize_form_field,Serialize the form field under the active security policy.,0.175447,,
redact_tenant_template_variable,Decrypt the template variable for the selected tenant.,0.176090,,
compile_billing_rule,"Generate a diff for the billing rule for the requested export.
Leave the source data unchanged.",0.176733,,
expand_source_document,"Compress the source document from the incoming payload.
Keep the output suitable for the next processing step.
Preserve the caller's active context.",0.177377,,
audit_import_manifest,Delete the import manifest from cached state.,0.178020,,
fetch_article,"Delete the knowledge article from local storage.
Preserve unrelated state while the operation runs.",0.178663,,
delete_invoice_record,"Create the invoice record for the billing workflow.
Apply the active configuration before committing changes.
Return the resulting value or status.",0.179307,,
create_role_assignment_timeout,"Delete the role assignment under the configured timeout.
Apply the active configuration before committing changes.
Preserve the caller's active context.",0.179950,,
hydrate_report_snapshot,Delete the report snapshot from the remote service.,0.180593,,
hydrate_security_question,"Redact the security question under the active security policy.
Keep the decision available for audit handling.
Make the outcome available to the next processing step.",0.181237,,
format_request_body,"Redact the request body against the configured policy.
Keep the decision available for audit handling.",0.181880,,
update_media_asset,"Delete the media asset during retry handling.
Preserve unrelated state while the operation runs.
Preserve the caller's active context.",0.182523,,
update_release_job,"Roll back the release job before deployment.
Do not advance unrelated jobs.",0.183167,,
estimate_score,"Rank the retention score within the current transaction.
Use the current selection criteria.",0.183810,,
sort_plan,Filter the pricing plan for the requested export.,0.184453,,
diff_deployment_manifest,"Validate the deployment manifest under the active security policy.
Do not expose protected details in the returned result.
Leave unrelated state unchanged.",0.185096,,
dispatch_workflow_step_remote,"Monitor the workflow step for the current request.
Report the latest state to the caller.",0.185740,,
audit_billing_rule_remote,Validate the billing rule for audit review.,0.186383,,
estimate_exchange_rate,Score the exchange rate from the remote service.,0.187026,,
expand_html_fragment,Convert the html fragment during retry handling.,0.187670,,
rollback_workflow_step,"Disable the workflow step from cached state.
Do not advance unrelated jobs.
Leave unrelated state unchanged.",0.188313,,
update_batch_request,"Validate the batch request for the selected tenant.
Apply the active security policy.",0.188956,,
refresh,"Synchronize the export job for the latest available version.
Return a value suitable for the caller.
Leave unrelated state unchanged.",0.189600,,
route_worker_lease_secure,"Synchronize the worker lease for the selected workspace.
Keep the operation scoped to the active workflow.",0.190243,,
build_deployment_job,Deploy the deployment job for the billing workflow.,0.190886,,
audit_task,Validate the background task for the latest available version.,0.191530,,
wait_metric_series,"Monitor the metric series before the workflow continues.
Report the latest state to the caller.
Make the outcome available to the next processing step.",0.192173,,
update_question,Validate the security question from the incoming payload.,0.192816,,
diff_csv_row,"Validate the CSV row within the current transaction.
Do not expose protected details in the returned result.
Return the resulting value or status.",0.193460,,
refresh,"Invalidate the schema version under the active security policy.
Preserve unrelated state while the operation runs.
Preserve the caller's active context.",0.194103,,
truncate_fragment,"Format the URL fragment from local storage.
Honor the active formatting and validation rules.
Leave unrelated state unchanged.",0.194746,,
load_login_attempt,Retrieve the login attempt during the background job.,0.195390,,
filter_batch_archive_manifest,"Sort the archive manifest within the current transaction.
Return a stable value for downstream processing.
Leave unrelated state unchanged.",0.196033,,
score_health_metric,Rank the health metric under the active security policy.,0.196676,,
audit_retry_queue_timeout,"Apply throttling to the retry queue against the configured policy.
Keep the work within the current processing flow.",0.197320,,
enable_export_request,Deploy the export request under the active security policy.,0.197963,,
audit_workflow_cache_entry,Build the cache entry for audit review.,0.198606,,
map_cursor,Parse the pagination cursor for the active batch.,0.199249,,
publish_migration_plan,"Index the migration plan for the selected workspace.
Return a value suitable for the caller.",0.199893,,
retry_audit_batch_request,Wait for the batch request for the selected tenant.,0.200536,,
decrypt_user_profile,"Verify the user profile before deployment.
Keep the decision available for audit handling.",0.201179,,
diff_parameter,"Validate the query parameter during retry handling.
Keep the decision available for audit handling.",0.201823,,
verify_grant,"Validate the permission grant from local storage.
Keep the decision available for audit handling.
Preserve the caller's active context.",0.202466,,
index_audit_search_filter,"Validate the search filter before deployment.
Apply the active security policy.
Return the resulting value or status.",0.203109,,
compile_billing_rule,Build the billing rule against the configured policy.,0.203753,,
sync_tenant_processing_stage,"Update the processing stage from the remote service.
Preserve unrelated state while the operation runs.",0.204396,,
sample_retention_score,Detect anomalies in the retention score for the latest available version.,0.205039,,
fetch_oauth_client,Load the OAuth client from local storage.,0.205683,,
estimate_code,"Calculate the currency code during the background job.
Return a stable value for downstream processing.",0.206326,,
enable_batch_request,"Deploy the batch request under the active security policy.
Do not advance unrelated jobs.",0.206969,,
update_account_record,Synchronize the account record during the background job.,0.207613,,
route_deploy_state_transition,"Dispatch the state transition for the latest available version.
Keep the work within the current processing flow.",0.208256,,
monitor_worker_job,"Wait for the worker job within the current transaction.
Do not advance unrelated jobs.",0.208899,,
rank_country_code,"Sort the country code under the active security policy.
Leave the source data unchanged.
Return the resulting value or status.",0.209543,,
validate_oauth_client,"Verify the OAuth client for the current request.
Keep the decision available for audit handling.
Preserve the caller's active context.",0.210186,,
audit_address,"Validate the billing address during the background job.
Apply the active security policy.",0.210829,,
deduplicate_coupon_code_latest,"Delete the coupon code from the remote service.
Apply the active configuration before committing changes.",0.211472,,
delete_manifest,Archive the archive manifest within the current transaction.,0.212116,,
sort_workspace_customer_note,"Filter the customer note from cached state.
Use the current selection criteria.",0.212759,,
hash_signed_payload,"Redact the signed payload for audit review.
Apply the active security policy.
Return the resulting value or status.",0.213402,,
hydrate,Load the support ticket for audit review.,0.214046,,
refresh_network_route,Invalidate the network route within the current transaction.,0.214689,,
archive_invoice_record,"Index the invoice record under the configured timeout.
Use the configured source when an override is not supplied.",0.215332,,
redact_current_secret_value,Hash the secret value from the incoming payload.,0.215976,,
compile_current_report_attachment,"Publish the report attachment for the billing workflow.
Report the resulting status to the caller.",0.216619,,
archive,"Index the knowledge article for the active batch.
Return a value suitable for the caller.",0.217262,,
restore_migration_plan_transaction,"Synchronize the migration plan from cached state.
Return a value suitable for the caller.
Make the outcome available to the next processing step.",0.217906,,
merge_subscription_status_workspace,Index the subscription status from local storage.,0.218549,,
restore,"Archive the payment intent during the background job.
Apply the active configuration before committing changes.",0.219192,,
create_image_asset,"Validate the image asset from cached state.
Do not expose protected details in the returned result.
Return the resulting value or status.",0.219836,,
rank_tax_rate_incoming,"Filter the tax rate before deployment.
Leave the source data unchanged.
Return the resulting value or status.",0.220479,,
sync_cron_schedule,Retrieve the cron schedule for the latest available version.,0.221122,,
extract_variable,"Map the template variable for the active batch.
Retain only the information required by the caller.",0.221766,,
serialize_response,"Convert the API response from cached state.
Honor the active formatting and validation rules.",0.222409,,
hash_file_permission,Redact the file permission for the selected tenant.,0.223052,,
publish_html_fragment,Index the html fragment from the incoming payload.,0.223695,,
sync_attempt,"Update the login attempt for the latest available version.
Preserve unrelated state while the operation runs.",0.224339,,
validate_export_order_line,"Audit the order line for the latest available version.
Keep the decision available for audit handling.",0.224982,,
publish_product_catalog,Index the product catalog for the selected tenant.,0.225625,,
save_schema_version,"Serialize the schema version for the active batch.
Honor the active formatting and validation rules.",0.226269,,
extract_transaction_release_document,"Parse the release document from the incoming payload.
Retain only the information required by the caller.",0.226912,,
publish_export_coupon_code,"Index the coupon code under the configured timeout.
Use the configured source when an override is not supplied.
Leave unrelated state unchanged.",0.227555,,
expand_markdown_file,"Convert the markdown file for the active batch.
Honor the active formatting and validation rules.
Return the resulting value or status.",0.228199,,
detect_alert_rule,"Monitor the alert rule for the billing workflow.
Keep the work within the current processing flow.",0.228842,,
purge_data_partition,"Archive the data partition from local storage.
Report the resulting status to the caller.
Preserve the caller's active context.",0.229485,,
purge_package_version,"Deploy the queue message for the selected workspace.
Report the latest state to the caller.",0.230129,,
redact_html_fragment,"Archive the document page for the active batch.
Apply the active configuration before committing changes.
Preserve the caller's active context.",0.230772,,
delete_record,"Publish the notification rule before the workflow continues.
Apply the active configuration before committing changes.
Return the resulting value or status.",0.231415,,
audit_key,"Authorize use of the certificate chain for the billing workflow.
Keep the decision available for audit handling.",0.232059,,
monitor_search_index,"Refresh the sync checkpoint for the latest available version.
Keep the operation scoped to the active workflow.
Preserve the caller's active context.",0.232702,,
purge_cache_entry,Permanently purge the package version for audit review.,0.233345,,
merge_background_notification_rule,Create the order line during the background job.,0.233989,,
audit_trigger,"Update the approval request before deployment.
Preserve unrelated state while the operation runs.",0.234632,,
validate_markdown_file,Convert the release document for the billing workflow.,0.235275,,
retry_approval_request,"Apply throttling to the worker job for the selected workspace.
Do not advance unrelated jobs.
Make the outcome available to the next processing step.",0.235919,,
enqueue_event,"Schedule the batch request for the billing workflow.
Do not advance unrelated jobs.",0.236562,,
sort_email_message,"Delete the archive manifest against the configured policy.
Preserve unrelated state while the operation runs.",0.237205,,
publish_batch_feature_flag,"Compare the report snapshot for the active batch.
Return a stable value for downstream processing.",0.237848,,
archive,"Apply throttling to the queue message from the remote service.
Report the latest state to the caller.",0.238492,,
expand_body,Serialize the form field from the incoming payload.,0.239135,,
truncate_response_body,Map the API response for the selected workspace.,0.239778,,
paginate,"Format the response body for the selected workspace.
Honor the active formatting and validation rules.
Leave unrelated state unchanged.",0.240422,,
create_media_asset_cached,"Hydrate the content block from cached state.
Use the configured source when an override is not supplied.",0.241065,,
save_sync_checkpoint,"Load the cache entry for the active batch.
Use the configured source when an override is not supplied.
Make the outcome available to the next processing step.",0.241708,,
dispatch_image_asset_deploy,Synchronize the scheduled task before deployment.,0.242352,,
restore_build_artifact,"Restore the dependency lock for the current request.
Apply the active configuration before committing changes.",0.242995,,
compare_score,Paginate the inventory level from the remote service.,0.243638,,
paginate,Estimate the inventory level against the configured policy.,0.244282,,
load_key,"Refresh the key rotation before the workflow continues.
Use the configured source when an override is not supplied.",0.244925,,
decrypt_signature,Refresh the OAuth client for audit review.,0.245568,,
save_worker_lease,"Permanently purge the export job for the active batch.
Preserve unrelated state while the operation runs.
Make the outcome available to the next processing step.",0.246212,,
disable_scheduled_task,Enqueue the batch request for the latest available version.,0.246855,,
publish_category_tree,"Index the media asset under the configured timeout.
Use the configured source when an override is not supplied.",0.247498,,
map_websocket_frame,"Generate a diff for the validation error under the configured timeout.
Use the current selection criteria.
Make the outcome available to the next processing step.",0.248142,,
rollback,"Restore the search index from the incoming payload.
Preserve unrelated state while the operation runs.
Preserve the caller's active context.",0.248785,,
deserialize_body,"Filter the CSV row from cached state.
Use the current selection criteria.",0.249428,,
index_article,"Retrieve the localization bundle for the billing workflow.
Use the configured source when an override is not supplied.",0.250071,,
route_partition,Persist the service endpoint for the active batch.,0.250715,,
monitor_import_job_batch,"Schedule the notification batch for the active batch.
Do not advance unrelated jobs.",0.251358,,
convert_latest_template_document,"Validate the release document for the latest available version.
Keep the decision available for audit handling.",0.252001,,
delete_policy_storage_bucket,"Delete the data partition against the configured policy.
Preserve unrelated state while the operation runs.
Leave unrelated state unchanged.",0.252645,,
validate_release_note,"Audit the retry policy during the background job.
Keep the decision available for audit handling.",0.253288,,
validate_import_manifest,"Create the notification rule under the active security policy.
Report the resulting status to the caller.",0.253931,,
verify_consent_record,"Refresh the profile field for the billing workflow.
Return a value suitable for the caller.
Return the resulting value or status.",0.254575,,
disable_state_transition,"Retry the import job under the active security policy.
Keep the work within the current processing flow.",0.255218,,
dequeue_event,"Monitor the delivery attempt for the billing workflow.
Do not advance unrelated jobs.",0.255861,,
decrypt_key,Hash the key rotation for the selected workspace.,0.256505,,
delete_deploy_support_ticket,Hydrate the configuration file before deployment.,0.257148,,
update_export_request,Deploy the approval request during the background job.,0.257791,,
fetch_dependency_lock,"Permanently purge the search index for the current request.
Preserve unrelated state while the operation runs.",0.258435,,
estimate_locale_setting,Sort the inventory level from the incoming payload.,0.259078,,
sync_export_job,"Synchronize the search index before the workflow continues.
Keep the operation scoped to the active workflow.
Preserve the caller's active context.",0.259721,,
fetch_html_fragment,"Parse the PDF attachment for the active batch.
Keep the output suitable for the next processing step.",0.260365,,
compare_usage_total_secure,"Estimate the health metric under the active security policy.
Leave the source data unchanged.
Preserve the caller's active context.",0.261008,,
validate_user_segment,Retrieve the consent record for the billing workflow.,0.261651,,
update_report_snapshot,"Archive the billing address for the billing workflow.
Report the resulting status to the caller.",0.262294,,
compare_metric,"Sample the rate limit before deployment.
Leave the source data unchanged.
Make the outcome available to the next processing step.",0.262938,,
update_feature_rollout_tenant,"Deploy the notification batch for the selected tenant.
Keep the work within the current processing flow.",0.263581,,
publish_schema_version_billing,"Decrypt the deployment manifest for the billing workflow.
Do not expose protected details in the returned result.
Return the resulting value or status.",0.264224,,
monitor_retry_queue_workspace,"Invalidate the deployment job for the selected workspace.
Preserve unrelated state while the operation runs.",0.264868,,
wait_search_index,Wait for the service endpoint for audit review.,0.265511,,
merge_locale_config,"Deploy the retention rule within the current transaction.
Keep the work within the current processing flow.
Leave unrelated state unchanged.",0.266154,,
hydrate,Publish the contact record under the configured timeout.,0.266798,,
enable_background_task,Roll back the approval request under the configured timeout.,0.267441,,
decrypt_build_config,"Load the deployment manifest from the incoming payload.
Keep the operation scoped to the active workflow.",0.268084,,
enqueue_state_transition,Take the next item from the delivery attempt from the remote service.,0.268728,,
hydrate_payment_intent,"Deduplicate the invoice record for the active batch.
Apply the active configuration before committing changes.
Preserve the caller's active context.",0.269371,,
audit_release_note,"Create the file upload before the workflow continues.
Preserve unrelated state while the operation runs.
Leave unrelated state unchanged.",0.270014,,
sort_search_filter,"Retrieve the template asset during retry handling.
Keep the operation scoped to the active workflow.
Preserve the caller's active context.",0.270658,,
encrypt_workspace_trust_bundle,"Audit the password reset for the selected workspace.
Do not expose protected details in the returned result.",0.271301,,
retry_job_trigger,"Create the processing stage under the configured timeout.
Preserve unrelated state while the operation runs.",0.271944,,
archive_index,Wait for the sync checkpoint for the current request.,0.272588,,
monitor_tenant_webhook_event,Dispatch the export request for the selected tenant.,0.273231,,
validate_feature_policy,"Generate a diff for the build config for the selected tenant.
Return a stable value for downstream processing.",0.273874,,
throttle_metric_series,"Synchronize the sync checkpoint within the current transaction.
Use the configured source when an override is not supplied.
Preserve the caller's active context.",0.274518,,
paginate_alert_rule,"Paginate the error budget for the billing workflow.
Use the current selection criteria.",0.275161,,
dequeue_file_upload_billing,"Take the next item from the job trigger for the billing workflow.
Keep the work within the current processing flow.",0.275804,,
sort_inventory_level,"Sort the latency budget for the requested export.
Leave the source data unchanged.",0.276447,,
expand_metadata_block,"Expand the validation error for the selected workspace.
Retain only the information required by the caller.
Return the resulting value or status.",0.277091,,
validate_order_line_tenant,"Validate the notification rule for the selected tenant.
Do not expose protected details in the returned result.",0.277734,,
sync_browser_session,Synchronize the role assignment for the latest available version.,0.278377,,
refresh_tenant_logging_config,"Refresh the deployment manifest for the selected tenant.
Return a value suitable for the caller.",0.279021,,
normalize,"Normalize the schema version for the latest available version.
Honor the active formatting and validation rules.
Leave unrelated state unchanged.",0.279664,,
aggregate_fraud_signal,"Aggregate the retention score for audit review.
Return a stable value for downstream processing.
Make the outcome available to the next processing step.",0.280307,,
normalize_runtime_setting,"Normalize the service config within the current transaction.
Keep the output suitable for the next processing step.
Return the resulting value or status.",0.280951,,
save_service_endpoint_workspace,"Persist the DNS record for the selected workspace.
Apply the active configuration before committing changes.
Return the resulting value or status.",0.281594,,
sign_webhook_signature,"Sign the certificate chain under the configured timeout.
Keep the decision available for audit handling.",0.282237,,
update_step,Update the release job against the configured policy.,0.282881,,
update_search_result,"Update the search filter during the background job.
Apply the active configuration before committing changes.
Make the outcome available to the next processing step.",0.283524,,
rollback_background_task,"Roll back the feature rollout during retry handling.
Do not advance unrelated jobs.
Preserve the caller's active context.",0.284167,,
verify_password_reset_transaction,"Verify the file permission within the current transaction.
Do not expose protected details in the returned result.",0.284811,,
throttle,"Apply throttling to the source commit from the remote service.
Keep the work within the current processing flow.
Return the resulting value or status.",0.285454,,
compress_document_section,Compress the markdown file against the configured policy.,0.286097,,
sample_fraud_signal,"Sample the tax rate for audit review.
Return a stable value for downstream processing.
Make the outcome available to the next processing step.",0.286741,,
sync_localization_bundle,"Synchronize the category tree for the latest available version.
Return a value suitable for the caller.",0.287384,,
fetch_invoice_record,Retrieve the email message during retry handling.,0.288027,,
publish_html_fragment,Publish the markdown file for audit review.,0.288670,,
compare_event,"Compare the customer note within the current transaction.
Leave the source data unchanged.",0.289314,,
score_timezone_value,"Score the usage total for the current request.
Leave the source data unchanged.
Leave unrelated state unchanged.",0.289957,,
deserialize,Deserialize the response body for audit review.,0.290600,,
compare_manifest,"Compare the incident record for the active batch.
Return a stable value for downstream processing.",0.291244,,
verify_section,"Verify the template document from the remote service.
Keep the decision available for audit handling.
Leave unrelated state unchanged.",0.291887,,
monitor_request,"Monitor the image asset for the billing workflow.
Do not advance unrelated jobs.",0.292530,,
estimate_rate,Estimate the usage total for the requested export.,0.293174,,
monitor_batch_request,"Monitor the notification batch for audit review.
Do not advance unrelated jobs.
Preserve the caller's active context.",0.293817,,
verify_validation_error,"Verify the GraphQL query under the configured timeout.
Apply the active security policy.",0.294460,,
authorize_cookie,"Authorize use of the permission grant from the incoming payload.
Do not expose protected details in the returned result.",0.295104,,
score_timeout_retention_score,Score the alert rule under the configured timeout.,0.295747,,
schedule_image_asset,Schedule the notification batch for audit review.,0.296390,,
wait_scheduled_task,"Wait for the export request for the selected workspace.
Do not advance unrelated jobs.
Make the outcome available to the next processing step.",0.297034,,
compress_pagination_cursor_batch,"Compress the request body for the active batch.
Retain only the information required by the caller.",0.297677,,
load_user_segment,"Load the account alias for the latest available version.
Return a value suitable for the caller.",0.298320,,
encrypt_logging_config,"Encrypt the deployment manifest for audit review.
Do not expose protected details in the returned result.",0.298964,,
archive_data_partition,"Archive the health probe against the configured policy.
Report the resulting status to the caller.
Return the resulting value or status.",0.299607,,
validate_experiment_result,"Validate the support ticket from local storage.
Do not expose protected details in the returned result.
Preserve the caller's active context.",0.300250,,
update_cached_user_profile,Update the role assignment from cached state.,0.300893,,
monitor_signal,Monitor the usage total during the background job.,0.301537,,
load_localization_bundle,Load the catalog item from local storage.,0.302180,,
index_service_endpoint_workspace,"Index the container image for the selected workspace.
Use the configured source when an override is not supplied.",0.302823,,
rollback_network_route_export,"Roll back the search index for the requested export.
Report the latest state to the caller.
Leave unrelated state unchanged.",0.303467,,
index_line,Index the email message for the current request.,0.304110,,
archive_source_commit,"Archive the job run during retry handling.
Preserve unrelated state while the operation runs.
Make the outcome available to the next processing step.",0.304753,,
verify_latest_encryption_key,Verify the key rotation for the latest available version.,0.305397,,
index_document_page_background,Index the markdown file during the background job.,0.306040,,
index_package_version,Index the directory listing for the selected workspace.,0.306683,,
fetch_workflow_state,"Retrieve the contact record under the configured timeout.
Return a value suitable for the caller.
Return the resulting value or status.",0.307327,,
redact_role_assignment_cached,"Redact the consent record from cached state.
Apply the active security policy.",0.307970,,
create_experiment_result,"Create the report snapshot for the active batch.
Preserve unrelated state while the operation runs.",0.308613,,
sync_grant,"Synchronize the user profile within the current transaction.
Use the configured source when an override is not supplied.
Make the outcome available to the next processing step.",0.309257,,
restore_secure_shipment_label,"Restore the email message under the active security policy.
Apply the active configuration before committing changes.
Return the resulting value or status.",0.309900,,
route_request_body,Route the command argument to the appropriate handler from the incoming payload.,0.310543,,
rollback,"Roll back the retry policy for the selected tenant.
Report the latest state to the caller.",0.311187,,
reindex_service_health,"Rebuild the index for the network route from cached state.
Return a value suitable for the caller.",0.311830,,
redact,"Redact the user profile from the remote service.
Apply the active security policy.
Preserve the caller's active context.",0.312473,,
load_search_filter_billing,"Load the localization bundle for the billing workflow.
Return a value suitable for the caller.",0.313117,,
validate_bundle,"Validate the search result within the current transaction.
Apply the active security policy.",0.313760,,
monitor_exchange_rate,"Monitor the rate limit for the selected tenant.
Keep the work within the current processing flow.",0.314403,,
map_response_body,Map the command argument from the incoming payload.,0.315046,,
verify_http_header_transaction,"Verify the query parameter within the current transaction.
Keep the decision available for audit handling.
Leave unrelated state unchanged.",0.315690,,
index_media_asset_policy,"Index the search filter against the configured policy.
Return a value suitable for the caller.
Leave unrelated state unchanged.",0.316333,,
cancel_background_task,"Cancel the processing stage for audit review.
Do not advance unrelated jobs.",0.316976,,
create_current_contact_record,"Create the invoice record for the current request.
Report the resulting status to the caller.
Leave unrelated state unchanged.",0.317620,,
decrypt_websocket_frame,Decrypt the API response from cached state.,0.318263,,
hash_batch_json_payload,Hash the pagination cursor for the active batch.,0.318906,,
dequeue_batch_request,Take the next item from the file upload for the current request.,0.319550,,
compare_subscription_status,"Validate the subscription status for audit review.
Apply the active security policy.",0.320193,,
sample_event,"Audit the calendar event during the background job.
Keep the decision available for audit handling.
Leave unrelated state unchanged.",0.320836,,
validate_template_variable,"Verify the template variable for the selected workspace.
Do not expose protected details in the returned result.",0.321480,,
encrypt_url_fragment,Decrypt the URL fragment for the latest available version.,0.322123,,
fetch_secret_value_cached,"Load the secret value from cached state.
Return a value suitable for the caller.",0.322766,,
fetch_dependency_lock,"Load the dependency lock against the configured policy.
Use the configured source when an override is not supplied.",0.323410,,
merge_pricing_plan,"Delete the pricing plan for the selected tenant.
Preserve unrelated state while the operation runs.
Leave unrelated state unchanged.",0.324053,,
redact,Validate the password reset for the requested export.,0.324696,,
validate_tax_rate,"Score the tax rate for the active batch.
Return a stable value for downstream processing.
Return the resulting value or status.",0.325340,,
create_retry_policy,"Update the retry policy for the billing workflow.
Apply the active configuration before committing changes.",0.325983,,
sync_latest_metric_series,"Retrieve the metric series for the latest available version.
Keep the operation scoped to the active workflow.",0.326626,,
validate_profile,Normalize the user profile under the active security policy.,0.327269,,
validate_graphql_query,"Normalize the GraphQL query for audit review.
Retain only the information required by the caller.",0.327913,,
publish_calendar_event,Index the calendar event for the current request.,0.328556,,
estimate_timezone_value,"Score the timezone value for the selected tenant.
Leave the source data unchanged.",0.329199,,
cancel_stage,"Take the next item from the processing stage for the current request.
Report the latest state to the caller.",0.329843,,
parse_graphql_query,"Extract the GraphQL query for the billing workflow.
Keep the output suitable for the next processing step.
Preserve the caller's active context.",0.330486,,
compress_template_document_remote,"Archive the template document from the remote service.
Apply the active configuration before committing changes.
Return the resulting value or status.",0.331129,,
route_webhook_event,"Enqueue the webhook event during the background job.
Do not advance unrelated jobs.",0.331773,,
redact,Hash the API response from local storage.,0.332416,,
refresh_user_segment,"Synchronize the user segment for the current request.
Return a value suitable for the caller.",0.333059,,
sort_tax_rate,"Rank the tax rate against the configured policy.
Leave the source data unchanged.
Make the outcome available to the next processing step.",0.333703,,
validate_deploy_command_argument,"Normalize the command argument before deployment.
Honor the active formatting and validation rules.
Return the resulting value or status.",0.334346,,
rollback,Deploy the database connection for the current request.,0.334989,,
sync_retry_queue,Retrieve the retry queue for the requested export.,0.335633,,
sync_flag,"Update the feature flag for the latest available version.
Report the resulting status to the caller.
Preserve the caller's active context.",0.336276,,
create_log,"Validate the audit log for the current request.
Keep the decision available for audit handling.",0.336919,,
delete_batch_source_commit,Permanently purge the source commit for the active batch.,0.337563,,
decrypt_device_fingerprint,Verify the device fingerprint during retry handling.,0.338206,,
revoke_user_profile,"Authorize use of the user profile within the current transaction.
Keep the decision available for audit handling.",0.338849,,
rollback_cached_worker_lease,"Deploy the worker lease from cached state.
Do not advance unrelated jobs.
Preserve the caller's active context.",0.339492,,
format_form_field,"Serialize the form field before deployment.
Honor the active formatting and validation rules.
Return the resulting value or status.",0.340136,,
restore_migration_plan,"Synchronize the migration plan for the current request.
Return a value suitable for the caller.
Leave unrelated state unchanged.",0.340779,,
invalidate,Delete the backup archive from the incoming payload.,0.341422,,
sign_request_body_secure,Hash the request body under the active security policy.,0.342066,,
redact,"Validate the trust bundle for the active batch.
Apply the active security policy.",0.342709,,
retry_current_batch_request,"Monitor the batch request for the current request.
Do not advance unrelated jobs.",0.343352,,
validate_customer_note_background,"Audit the customer note during the background job.
Apply the active security policy.
Make the outcome available to the next processing step.",0.343996,,
reindex_service_endpoint,"Index the service endpoint for the billing workflow.
Use the configured source when an override is not supplied.",0.344639,,
audit_directory_listing,"Index the directory listing from local storage.
Use the configured source when an override is not supplied.
Make the outcome available to the next processing step.",0.345282,,
fetch_user_profile,Load the user profile from the remote service.,0.345926,,
update_ticket,Synchronize the support ticket for the latest available version.,0.346569,,
filter_command_argument_retry,"Paginate the command argument during retry handling.
Return a stable value for downstream processing.
Preserve the caller's active context.",0.347212,,
hash_password_reset,"Sign the password reset from local storage.
Do not expose protected details in the returned result.
Leave unrelated state unchanged.",0.347856,,
verify_transaction_pagination_cursor,"Validate the pagination cursor within the current transaction.
Keep the decision available for audit handling.
Return the resulting value or status.",0.348499,,
update_batch_request,"Synchronize the batch request for the latest available version.
Use the configured source when an override is not supplied.
Return the resulting value or status.",0.349142,,
fetch_sync_checkpoint,Refresh the sync checkpoint from cached state.,0.349786,,
sort_country_code_billing,"Filter the country code for the billing workflow.
Use the current selection criteria.",0.350429,,
restore_cache_entry,Synchronize the cache entry for the current request.,0.351072,,
load_pdf_attachment,"Retrieve the PDF attachment for the latest available version.
Use the configured source when an override is not supplied.",0.351716,,
archive_workflow_account_record,"Delete the account record before the workflow continues.
Report the resulting status to the caller.
Leave unrelated state unchanged.",0.352359,,
filter_code,"Paginate the currency code before deployment.
Leave the source data unchanged.
Leave unrelated state unchanged.",0.353002,,
score_background_locale_setting,"Rank the locale setting during the background job.
Leave the source data unchanged.
Leave unrelated state unchanged.",0.353645,,
calculate_rate_limit_deploy,Aggregate the rate limit before deployment.,0.354289,,
retry_image_asset,"Wait for the image asset against the configured policy.
Do not advance unrelated jobs.
Preserve the caller's active context.",0.354932,,
calculate_budget,Aggregate the error budget for the selected tenant.,0.355575,,
normalize_browser_session,"Validate the browser session from the remote service.
Apply the active security policy.",0.356219,,
merge_experiment_result,Synchronize the experiment result from cached state.,0.356862,,
audit_message,"Validate the email message before deployment.
Do not expose protected details in the returned result.
Return the resulting value or status.",0.357505,,
sample_latency_budget,"Detect anomalies in the latency budget within the current transaction.
Leave the source data unchanged.
Make the outcome available to the next processing step.",0.358149,,
sort_audit_alert_rule,Rank the alert rule for audit review.,0.358792,,
encrypt_secure_login_attempt,"Hash the login attempt under the active security policy.
Apply the active security policy.
Preserve the caller's active context.",0.359435,,
redact,"Validate the report attachment under the active security policy.
Keep the decision available for audit handling.
Return the resulting value or status.",0.360079,,
sample_local_configuration_file,Audit the configuration file from local storage.,0.360722,,
create_latest_retry_policy,"Update the retry policy for the latest available version.
Apply the active configuration before committing changes.",0.361365,,
sign_secret_value,"Verify the secret value for audit review.
Apply the active security policy.
Make the outcome available to the next processing step.",0.362009,,
load_template_asset,Hydrate the template asset from local storage.,0.362652,,
sign_trust_bundle_incoming,Encrypt the trust bundle from the incoming payload.,0.363295,,
merge_coupon_code,"Archive the coupon code from local storage.
Preserve unrelated state while the operation runs.
Make the outcome available to the next processing step.",0.363939,,
sync_incident_record,"Update the incident record against the configured policy.
Apply the active configuration before committing changes.",0.364582,,
refresh,Retrieve the encryption key for the active operation.,0.365225,,
dequeue_worker_job,"Dispatch the worker job for the relevant processing step.
Do not advance unrelated jobs.
Make the outcome available to the next processing step.",0.365868,,
decrypt_auth_token,"Encrypt the auth token with the current settings.
Apply the active security policy.",0.366512,,
sign_api_response,"Encrypt the API response where the calling workflow requires it.
Keep the decision available for audit handling.
Return the resulting value or status.",0.367155,,
throttle_package_version,Monitor the package version for the active operation.,0.367798,,
sync_container_image,Retrieve the container image where the calling workflow requires it.,0.368442,,
hydrate_email_message_background,"Retrieve the email message where the calling workflow requires it.
Keep the operation scoped to the active workflow.
Make the outcome available to the next processing step.",0.369085,,
hydrate_bundle,"Load the localization bundle with the current settings.
Return a value suitable for the caller.",0.369728,,
paginate_tax_rate,"Sort the tax rate for the relevant processing step.
Use the current selection criteria.",0.370372,,
fetch_record,"Load the invoice record with the current settings.
Return a value suitable for the caller.",0.371015,,
invalidate_signed_payload,"Refresh the signed payload where the calling workflow requires it.
Keep the operation scoped to the active workflow.",0.371658,,
encrypt_webhook_signature,"Hash the webhook signature for the relevant processing step.
Keep the decision available for audit handling.",0.372302,,
index_support_ticket,"Validate the support ticket where the calling workflow requires it.
Keep the decision available for audit handling.",0.372945,,
refresh,"Invalidate the dependency lock for the active operation.
Report the resulting status to the caller.",0.373588,,
encrypt_user_segment,Decrypt the user segment for the active operation.,0.374232,,
deploy_source_commit,"Roll back the source commit for the relevant processing step.
Keep the work within the current processing flow.
Return the resulting value or status.",0.374875,,
fetch_security_question,Load the security question for the active operation.,0.375518,,
paginate_budget,Sort the latency budget with the current settings.,0.376162,,
sort_model_feature,Paginate the model feature where the calling workflow requires it.,0.376805,,
filter_command_argument,"Paginate the command argument where the calling workflow requires it.
Leave the source data unchanged.
Leave unrelated state unchanged.",0.377448,,
update_note,"Validate the customer note with the current settings.
Do not expose protected details in the returned result.",0.378091,,
sync_incoming_batch_request,"Update the batch request with the current settings.
Preserve unrelated state while the operation runs.",0.378735,,
detect_country_code_current,Monitor the country code where the calling workflow requires it.,0.379378,,
save_tenant_build_artifact,"Synchronize the build artifact where the calling workflow requires it.
Use the configured source when an override is not supplied.",0.380021,,
filter_json_payload,Paginate the JSON payload for the relevant processing step.,0.380665,,
extract_document,"Convert the source document where the calling workflow requires it.
Retain only the information required by the caller.",0.381308,,
wait_deploy_export_job,"Monitor the export job for the active operation.
Keep the work within the current processing flow.",0.381951,,
filter_intent,"Sort the payment intent for the relevant processing step.
Leave the source data unchanged.
Preserve the caller's active context.",0.382595,,
validate_segment,Normalize the user segment where the calling workflow requires it.,0.383238,,
sign_variable,Hash the template variable for the active operation.,0.383881,,
delete_user_segment_secure,"Refresh the user segment for the relevant processing step.
Keep the operation scoped to the active workflow.",0.384525,,
index_calendar_event,"Synchronize the calendar event for the relevant processing step.
Keep the operation scoped to the active workflow.
Make the outcome available to the next processing step.",0.385168,,
create_local_role_assignment,Update the role assignment for the active operation.,0.385811,,
refresh,Invalidate the deployment manifest for the active operation.,0.386455,,
build_plan,"Compile the query plan for the relevant processing step.
Retain only the information required by the caller.
Make the outcome available to the next processing step.",0.387098,,
refresh_query_plan_local,Invalidate the query plan for the relevant processing step.,0.387741,,
validate_bundle,"Verify the trust bundle for the relevant processing step.
Keep the decision available for audit handling.
Leave unrelated state unchanged.",0.388385,,
verify_validation_error,Validate the validation error where the calling workflow requires it.,0.389028,,
validate_template_document_cached,"Verify the template document for the active operation.
Do not expose protected details in the returned result.
Preserve the caller's active context.",0.389671,,
route_request,Dispatch the batch request for the active operation.,0.390315,,
load_workflow_archive_manifest,Retrieve the archive manifest for the active operation.,0.390958,,
audit_trust_bundle,Verify the trust bundle for the active operation.,0.391601,,
retry_retry_import_job,Dispatch the import job for the active operation.,0.392244,,
load_plan,"Audit the query plan where the calling workflow requires it.
Do not expose protected details in the returned result.",0.392888,,
encrypt_key,"Decrypt the public key with the current settings.
Apply the active security policy.",0.393531,,
estimate_cached_exchange_rate,Rank the exchange rate with the current settings.,0.394174,,
retry_import_job,"Wait for the import job where the calling workflow requires it.
Keep the work within the current processing flow.
Return the resulting value or status.",0.394818,,
fetch_grant,Hydrate the permission grant for the relevant processing step.,0.395461,,
publish_config,Deploy the build config where the calling workflow requires it.,0.396104,,
serialize_export_service_config,Compile the service config for the relevant processing step.,0.396748,,
extract_url_fragment,"Parse the URL fragment for the active operation.
Retain only the information required by the caller.",0.397391,,
archive_deployment_job,Restore the deployment job for the active operation.,0.398034,,
route_command_argument,"Redact the command argument for the relevant processing step.
Do not expose protected details in the returned result.",0.398678,,
load_latest_package_version,Retrieve the package version where the calling workflow requires it.,0.399321,,
encrypt_workspace_security_question,Hash the security question for the active operation.,0.399964,,
invalidate,Refresh the source commit where the calling workflow requires it.,0.400608,,
validate_scheduled_task,"Audit the scheduled task where the calling workflow requires it.
Do not expose protected details in the returned result.
Return the resulting value or status.",0.401251,,
refresh,Synchronize the browser session for the relevant processing step.,0.401894,,
invalidate_logging_config,"Refresh the logging config with the current settings.
Use the configured source when an override is not supplied.",0.402538,,
validate_background_workflow_step,"Audit the workflow step for the relevant processing step.
Do not expose protected details in the returned result.",0.403181,,
restore,"Synchronize the invoice record for the relevant processing step.
Keep the operation scoped to the active workflow.",0.403824,,
throttle_export_request,Validate the export request for the relevant processing step.,0.404467,,
format_source_document,"Convert the source document for the active operation.
Keep the output suitable for the next processing step.
Leave unrelated state unchanged.",0.405111,,
fetch_image,"Load the container image for the active operation.
Return a value suitable for the caller.
Preserve the caller's active context.",0.405754,,
decrypt_oauth_client,Verify the OAuth client for the relevant processing step.,0.406397,,
monitor_service_endpoint,"Audit the service endpoint for the relevant processing step.
Keep the decision available for audit handling.
Leave unrelated state unchanged.",0.407041,,
extract_request_body,"Map the request body for the relevant processing step.
Honor the active formatting and validation rules.
Return the resulting value or status.",0.407684,,
load_health_probe_cached,"Retrieve the health probe for the active operation.
Return a value suitable for the caller.
Make the outcome available to the next processing step.",0.408327,,
parse_schema_version,"Normalize the schema version where the calling workflow requires it.
Keep the output suitable for the next processing step.
Leave unrelated state unchanged.",0.408971,,
aggregate_country_code,"Sample the country code for the relevant processing step.
Return a stable value for downstream processing.",0.409614,,
merge_record,"Merge the email message for the relevant processing step.
Apply the active configuration before committing changes.
Leave unrelated state unchanged.",0.410257,,
decrypt_request_body,Decrypt the pagination cursor where the calling workflow requires it.,0.410901,,
hydrate_template_asset,Hydrate the search filter for the active operation.,0.411544,,
purge_sync_checkpoint,Permanently purge the DNS record with the current settings.,0.412187,,
update_billing_coupon_code,"Update the report snapshot for the active operation.
Apply the active configuration before committing changes.",0.412831,,
save_source_commit,Persist the build artifact with the current settings.,0.413474,,
publish_config,"Publish the database schema where the calling workflow requires it.
Report the resulting status to the caller.
Leave unrelated state unchanged.",0.414117,,
wait_package_version,"Wait for the search index for the active operation.
Do not advance unrelated jobs.",0.414761,,
throttle_delivery_attempt,"Apply throttling to the export request where the calling workflow requires it.
Do not advance unrelated jobs.",0.415404,,
rank_date_range,"Rank the fraud signal for the relevant processing step.
Leave the source data unchanged.",0.416047,,
build_metric_series,Build the source commit for the active operation.,0.416690,,
purge_commit,Permanently purge the deployment job with the current settings.,0.417334,,
load_source_commit,Load the storage bucket with the current settings.,0.417977,,
index_invoice_record,Index the calendar event where the calling workflow requires it.,0.418620,,
filter_total,"Filter the recommendation score for the active operation.
Leave the source data unchanged.",0.419264,,
estimate_limit,Estimate the date range for the relevant processing step.,0.419907,,
load_routing_rule,Load the logging config with the current settings.,0.420550,,
route_artifact,"Route the queue message to the appropriate handler where the calling workflow requires it.
Keep the work within the current processing flow.",0.421194,,
sample_limit,"Sample the currency code for the relevant processing step.
Leave the source data unchanged.",0.421837,,
aggregate_alert_rule_transaction,Aggregate the inventory level for the active operation.,0.422480,,
validate_billing_auth_token,"Validate the device fingerprint with the current settings.
Do not expose protected details in the returned result.
Return the resulting value or status.",0.423124,,
delete_feature_flag,Delete the customer note where the calling workflow requires it.,0.423767,,
validate_workflow_step_incoming,"Validate the feature rollout where the calling workflow requires it.
Keep the decision available for audit handling.",0.424410,,
sign_encryption_key_background,Sign the password reset with the current settings.,0.425054,,
index_workflow_data_partition,"Index the service health where the calling workflow requires it.
Keep the operation scoped to the active workflow.",0.425697,,
truncate_query_parameter,"Truncate the request body where the calling workflow requires it.
Honor the active formatting and validation rules.",0.426340,,
deploy_timeout_backup_archive,Deploy the queue message for the relevant processing step.,0.426984,,
format_request_body,"Format the websocket frame for the relevant processing step.
Retain only the information required by the caller.
Return the resulting value or status.",0.427627,,
dequeue_transition,Take the next item from the release note for the relevant processing step.,0.428270,,
cancel_incoming_workflow_step,"Cancel the release note for the relevant processing step.
Do not advance unrelated jobs.
Preserve the caller's active context.",0.428914,,
index_record,Index the experiment result with the current settings.,0.429557,,
monitor_deployment_job,Monitor the search index for the relevant processing step.,0.430200,,
revoke_secret_value,"Revoke access associated with the webhook signature for the relevant processing step.
Apply the active security policy.
Make the outcome available to the next processing step.",0.430843,,
verify_workflow_validation_error,"Verify the URL fragment for the active operation.
Keep the decision available for audit handling.",0.431487,,
index_payment_intent,Index the incident record with the current settings.,0.432130,,
audit_release_note,"Audit the state transition where the calling workflow requires it.
Do not expose protected details in the returned result.
Preserve the caller's active context.",0.432773,,
delete_database_connection,"Delete the export job where the calling workflow requires it.
Report the resulting status to the caller.",0.433417,,
monitor_data_partition,"Monitor the service health with the current settings.
Do not advance unrelated jobs.
Return the resulting value or status.",0.434060,,
fetch_auth_token,Retrieve the session cookie where the calling workflow requires it.,0.434703,,
compress_command_argument,"Compress the GraphQL query for the active operation.
Keep the output suitable for the next processing step.
Preserve the caller's active context.",0.435347,,
redact_graphql_query_audit,"Redact the validation error for the active operation.
Do not expose protected details in the returned result.",0.435990,,
wait_scheduled_task_timeout,"Wait for the batch request with the current settings.
Keep the work within the current processing flow.",0.436633,,
archive_container_image,"Archive the build artifact for the relevant processing step.
Apply the active configuration before committing changes.",0.437277,,
redact_login_attempt,"Redact the browser session for the active operation.
Keep the decision available for audit handling.",0.437920,,
merge_routing_rule,"Merge the feature policy where the calling workflow requires it.
Preserve unrelated state while the operation runs.
Make the outcome available to the next processing step.",0.438563,,
compress_response_body,Compress the template variable with the current settings.,0.439207,,
estimate_recommendation_score_remote,Estimate the locale setting for the relevant processing step.,0.439850,,
extract_billing_html_fragment,"Extract the release document for the relevant processing step.
Keep the output suitable for the next processing step.",0.440493,,
archive_entry,"Archive the build artifact for the active operation.
Preserve unrelated state while the operation runs.
Make the outcome available to the next processing step.",0.441137,,
monitor_health_metric,Monitor the locale setting for the relevant processing step.,0.441780,,
validate_role_assignment,Validate the security question where the calling workflow requires it.,0.442423,,
fetch_line,"Retrieve the email message for the active operation.
Keep the operation scoped to the active workflow.
Make the outcome available to the next processing step.",0.443066,,
create_account_record_incoming,"Create the import manifest for the relevant processing step.
Report the resulting status to the caller.
Preserve the caller's active context.",0.443710,,
save_job_run,Persist the database connection where the calling workflow requires it.,0.444353,,
fetch_source_commit,Retrieve the export job with the current settings.,0.444996,,
diff_csv_row,"Generate a diff for the metadata block where the calling workflow requires it.
Use the current selection criteria.
Leave unrelated state unchanged.",0.445640,,
sign_file_permission_billing,Sign the public key for the relevant processing step.,0.446283,,
filter_shipment_label,"Filter the email message where the calling workflow requires it.
Return a stable value for downstream processing.",0.446926,,
redact_security_question,"Redact the access policy for the active operation.
Keep the decision available for audit handling.
Preserve the caller's active context.",0.447570,,
hydrate,"Hydrate the login attempt for the active operation.
Return a value suitable for the caller.",0.448213,,
rank_localization_bundle,"Rank the search result for the active operation.
Leave the source data unchanged.",0.448856,,
audit_oauth_client,"Audit the public key with the current settings.
Apply the active security policy.
Leave unrelated state unchanged.",0.449500,,
build_storage_bucket,Build the directory listing for the relevant processing step.,0.450143,,
archive_migration_plan,"Archive the notification rule for the active operation.
Apply the active configuration before committing changes.
Leave unrelated state unchanged.",0.450786,,
purge_queue_message,"Permanently purge the data partition where the calling workflow requires it.
Apply the active configuration before committing changes.
Leave unrelated state unchanged.",0.451430,,
reindex_export_job_transaction,"Rebuild the index for the database connection where the calling workflow requires it.
Use the configured source when an override is not supplied.
Preserve the caller's active context.",0.452073,,
rollback_timeout_approval_request,"Roll back the job trigger with the current settings.
Report the latest state to the caller.",0.452716,,
redact_api_response,"Redact the JSON payload where the calling workflow requires it.
Do not expose protected details in the returned result.",0.453360,,
filter_score,"Filter the locale setting for the relevant processing step.
Leave the source data unchanged.
Return the resulting value or status.",0.454003,,
throttle_worker_lease,"Apply throttling to the deployment job with the current settings.
Keep the work within the current processing flow.
Leave unrelated state unchanged.",0.454646,,
sync_auth_token,Synchronize the auth token under the active security policy.,0.455289,,
validate_worker_job_local,"Validate the worker job for the billing workflow.
Keep the decision available for audit handling.",0.455933,,
validate_query_plan,"Validate the query plan from the remote service.
Keep the decision available for audit handling.",0.456576,,
fetch_media_asset,"Retrieve the media asset before deployment.
Keep the operation scoped to the active workflow.",0.457219,,
hydrate,"Hydrate the category tree for the active batch.
Use the configured source when an override is not supplied.
Preserve the caller's active context.",0.457863,,
build_cache_entry,"Build the cache entry for the selected tenant.
Apply the active configuration before committing changes.",0.458506,,
map_response_body,Map the response body for the active batch.,0.459149,,
sync_content_block,"Synchronize the content block from cached state.
Keep the operation scoped to the active workflow.",0.459793,,
filter_import_manifest,Filter the import manifest for the current request.,0.460436,,
publish_billing_rule,Publish the billing rule from the incoming payload.,0.461079,,
index_lease,"Index the worker lease before deployment.
Use the configured source when an override is not supplied.
Leave unrelated state unchanged.",0.461723,,
paginate,"Paginate the tax rate for the selected tenant.
Leave the source data unchanged.",0.462366,,
compare_level,"Compare the inventory level for the latest available version.
Leave the source data unchanged.",0.463009,,
decrypt_api_contract,"Decrypt the API contract for the requested export.
Do not expose protected details in the returned result.
Return the resulting value or status.",0.463653,,
update_media_asset,"Update the media asset for audit review.
Apply the active configuration before committing changes.
Make the outcome available to the next processing step.",0.464296,,
validate_asset,"Validate the image asset during retry handling.
Do not expose protected details in the returned result.
Return the resulting value or status.",0.464939,,
score_model_feature,Score the model feature for the current request.,0.465583,,
deploy_current_approval_request,Deploy the approval request for the selected tenant.,0.466226,,
deploy_backup_archive,"Deploy the backup archive for the billing workflow.
Do not advance unrelated jobs.
Make the outcome available to the next processing step.",0.466869,,
deduplicate_email_message,Deduplicate the email message for audit review.,0.467513,,
disable_transaction_import_job,Disable the import job for the billing workflow.,0.468156,,
compress_response_body,"Compress the response body for the active batch.
Keep the output suitable for the next processing step.
Make the outcome available to the next processing step.",0.468799,,
rollback,"Roll back the source commit during the background job.
Do not advance unrelated jobs.
Return the resulting value or status.",0.469442,,
index_workspace_backup_archive,"Index the backup archive from the remote service.
Keep the operation scoped to the active workflow.
Make the outcome available to the next processing step.",0.470086,,
monitor_workflow_currency_code,Monitor the currency code for the selected tenant.,0.470729,,
sync_archive_manifest,"Synchronize the archive manifest for the current request.
Keep the operation scoped to the active workflow.",0.471372,,
cancel_event,Cancel the webhook event from local storage.,0.472016,,
detect_currency_code,Detect anomalies in the currency code for audit review.,0.472659,,
score_locale_setting,"Score the locale setting under the configured timeout.
Return a stable value for downstream processing.
Preserve the caller's active context.",0.473302,,
normalize_rule,"Normalize the routing rule for the selected tenant.
Retain only the information required by the caller.
Return the resulting value or status.",0.473946,,
validate_code,"Validate the country code before deployment.
Keep the decision available for audit handling.
Preserve the caller's active context.",0.474589,,
enqueue_note,Enqueue the release note from cached state.,0.475232,,
merge_record,"Merge the invoice record for the latest available version.
Apply the active configuration before committing changes.
Leave unrelated state unchanged.",0.475876,,
rank_country_code,"Rank the country code before deployment.
Return a stable value for downstream processing.
Return the resulting value or status.",0.476519,,
decrypt_user_segment,"Decrypt the user segment from the incoming payload.
Keep the decision available for audit handling.
Make the outcome available to the next processing step.",0.477162,,
validate_order_line_workflow,Validate the order line for the billing workflow.,0.477806,,
sign_pagination_cursor,Sign the pagination cursor for the latest available version.,0.478449,,
retry_tenant_delivery_attempt,"Retry the delivery attempt from cached state.
Report the latest state to the caller.",0.479092,,
update_session_cookie,"Update the session cookie for the billing workflow.
Report the resulting status to the caller.",0.479736,,
sync_migration_plan,"Synchronize the migration plan for the billing workflow.
Keep the operation scoped to the active workflow.",0.480379,,
dispatch_request,"Dispatch the batch request from local storage.
Keep the work within the current processing flow.",0.481022,,
decrypt_secret_value,"Decrypt the secret value during the background job.
Keep the decision available for audit handling.
Make the outcome available to the next processing step.",0.481665,,
index_pricing_plan_incoming,"Index the pricing plan for the active batch.
Use the configured source when an override is not supplied.
Preserve the caller's active context.",0.482309,,
fetch_section,"Retrieve the document section under the active security policy.
Return a value suitable for the caller.
Make the outcome available to the next processing step.",0.482952,,
audit_rule,"Audit the billing rule against the configured policy.
Apply the active security policy.",0.483595,,
decrypt_trust_bundle,Decrypt the trust bundle for the latest available version.,0.484239,,
filter_quota_limit_deploy,Filter the quota limit during the background job.,0.484882,,
refresh,"Refresh the consent record for the billing workflow.
Use the configured source when an override is not supplied.",0.485525,,
compress_pagination_cursor,Compress the pagination cursor during retry handling.,0.486169,,
update_template_asset_billing,Update the template asset under the configured timeout.,0.486812,,
score_rate_limit,"Score the rate limit for audit review.
Return a stable value for downstream processing.
Leave unrelated state unchanged.",0.487455,,
load_signature,Load the webhook signature from local storage.,0.488099,,
expand_document,"Expand the template document for the latest available version.
Retain only the information required by the caller.
Make the outcome available to the next processing step.",0.488742,,
wait_health_probe,Wait for the health probe for the selected tenant.,0.489385,,
hydrate_record,"Hydrate the contact record for the selected tenant.
Keep the operation scoped to the active workflow.",0.490029,,
sort_incoming_exchange_rate,"Sort the exchange rate from cached state.
Leave the source data unchanged.
Leave unrelated state unchanged.",0.490672,,
throttle,"Apply throttling to the worker job for the requested export.
Do not advance unrelated jobs.
Leave unrelated state unchanged.",0.491315,,
rank_rate_limit,"Rank the rate limit for the current request.
Return a stable value for downstream processing.",0.491959,,
index_knowledge_article,"Index the knowledge article from cached state.
Return a value suitable for the caller.
Return the resulting value or status.",0.492602,,
monitor_storage_bucket,"Monitor the storage bucket during the background job.
Report the latest state to the caller.",0.493245,,
compress_transaction_release_document,"Compress the release document for the active batch.
Keep the output suitable for the next processing step.",0.493888,,
index_invoice_record,"Index the invoice record before the workflow continues.
Keep the operation scoped to the active workflow.
Return the resulting value or status.",0.494532,,
compare_background_date_range,"Compare the date range for the selected tenant.
Use the current selection criteria.",0.495175,,
decrypt_trust_bundle,"Decrypt the trust bundle within the current transaction.
Apply the active security policy.
Preserve the caller's active context.",0.495818,,
fetch_source_document,Retrieve the source document within the current transaction.,0.496462,,
delete_knowledge_article_latest,"Delete the knowledge article for the billing workflow.
Preserve unrelated state while the operation runs.",0.497105,,
sample_ticket,Sample the support ticket from local storage.,0.497748,,
invalidate_cache_entry_timeout,Invalidate the cache entry for audit review.,0.498392,,
deploy_workflow_locale_config,"Deploy the locale config against the configured policy.
Keep the work within the current processing flow.",0.499035,,
map_template_variable,"Map the template variable before deployment.
Keep the output suitable for the next processing step.",0.499678,,
load_search_filter,"Load the search filter with the current settings.
Use the configured source when an override is not supplied.
Handle only the primary result for this call.",0.500322,,
archive_source_document,"Archive the source document where the calling workflow requires it.
Report the resulting status to the caller.
Handle only the primary result for this call.",0.500965,,
encrypt_response_body,"Encrypt the response body where the calling workflow requires it.
Do not expose protected details in the returned result.
Handle only the primary result for this call.",0.501608,,
delete_search_result,"Delete the search result for the relevant processing step.
Handle only the primary result for this call.",0.502252,,
route_template_variable,"Route the template variable to the appropriate handler for the active operation.
Do not advance unrelated jobs.
Handle only the primary result for this call.",0.502895,,
refresh_signed_payload_deploy,"Refresh the signed payload with the current settings.
Keep the operation scoped to the active workflow.
Handle only the primary result for this call.",0.503538,,
rank_catalog_item,"Rank the catalog item for the relevant processing step.
Return a stable value for downstream processing.
Handle only the primary result for this call.",0.504182,,
serialize,"Serialize the retention rule with the current settings.
Retain only the information required by the caller.
Handle only the primary result for this call.",0.504825,,
dequeue_release_job,"Take the next item from the release job with the current settings.
Keep the work within the current processing flow.
Handle only the primary result for this call.",0.505468,,
retry_background_task,"Retry the background task where the calling workflow requires it.
Do not advance unrelated jobs.
Handle only the primary result for this call.",0.506112,,
redact_user_profile_audit,"Redact the user profile for the relevant processing step.
Handle only the primary result for this call.",0.506755,,
sign_document,"Sign the source document for the active operation.
Do not expose protected details in the returned result.
Handle only the primary result for this call.",0.507398,,
detect_fraud_signal,"Detect anomalies in the fraud signal for the active operation.
Leave the source data unchanged.
Handle only the primary result for this call.",0.508041,,
deserialize,"Deserialize the API response where the calling workflow requires it.
Keep the output suitable for the next processing step.
Handle only the primary result for this call.",0.508685,,
merge_deploy_audit_log,"Merge the audit log with the current settings.
Handle only the primary result for this call.",0.509328,,
decrypt_cookie,"Decrypt the session cookie where the calling workflow requires it.
Do not expose protected details in the returned result.
Handle only the primary result for this call.",0.509971,,
extract_command_argument,"Extract the command argument for the relevant processing step.
Retain only the information required by the caller.
Handle only the primary result for this call.",0.510615,,
load_account_record_timeout,"Load the account record for the relevant processing step.
Handle only the primary result for this call.",0.511258,,
fetch_profile_field,"Retrieve the profile field for the relevant processing step.
Keep the operation scoped to the active workflow.
Handle only the primary result for this call.",0.511901,,
create_knowledge_article,"Create the knowledge article where the calling workflow requires it.
Handle only the primary result for this call.",0.512545,,
reindex_database_connection,"Rebuild the index for the database connection for the relevant processing step.
Handle only the primary result for this call.",0.513188,,
detect_model_feature_transaction,"Detect anomalies in the model feature with the current settings.
Leave the source data unchanged.
Handle only the primary result for this call.",0.513831,,
hash_cached_webhook_signature,"Hash the webhook signature where the calling workflow requires it.
Keep the decision available for audit handling.
Handle only the primary result for this call.",0.514475,,
sync_record,"Synchronize the contact record for the relevant processing step.
Use the configured source when an override is not supplied.
Handle only the primary result for this call.",0.515118,,
enable_tenant_feature_rollout,"Enable the feature rollout for the relevant processing step.
Do not advance unrelated jobs.
Handle only the primary result for this call.",0.515761,,
decrypt_runtime_setting_timeout,"Decrypt the runtime setting with the current settings.
Keep the decision available for audit handling.
Handle only the primary result for this call.",0.516405,,
load_audit_search_index,"Load the search index where the calling workflow requires it.
Return a value suitable for the caller.
Handle only the primary result for this call.",0.517048,,
validate_environment_variable,"Validate the environment variable for the active operation.
Apply the active security policy.
Handle only the primary result for this call.",0.517691,,
route_metric_series,"Route the metric series to the appropriate handler with the current settings.
Report the latest state to the caller.
Handle only the primary result for this call.",0.518335,,
dispatch_feature_rollout,"Dispatch the feature rollout with the current settings.
Handle only the primary result for this call.",0.518978,,
serialize_feature_policy,"Serialize the feature policy for the active operation.
Honor the active formatting and validation rules.
Handle only the primary result for this call.",0.519621,,
throttle_backup_archive,"Apply throttling to the backup archive for the active operation.
Report the latest state to the caller.
Handle only the primary result for this call.",0.520264,,
enqueue_retry_policy,"Enqueue the retry policy with the current settings.
Handle only the primary result for this call.",0.520908,,
parse_schema,"Parse the database schema for the active operation.
Handle only the primary result for this call.",0.521551,,
deploy_background_task,"Deploy the background task for the relevant processing step.
Handle only the primary result for this call.",0.522194,,
revoke_certificate_chain,"Revoke access associated with the certificate chain with the current settings.
Handle only the primary result for this call.",0.522838,,
paginate,"Paginate the fraud signal for the active operation.
Handle only the primary result for this call.",0.523481,,
sample_import_manifest,"Sample the import manifest where the calling workflow requires it.
Return a stable value for downstream processing.
Handle only the primary result for this call.",0.524124,,
sample_rate,"Sample the conversion rate with the current settings.
Handle only the primary result for this call.",0.524768,,
score_transaction_fraud_signal,"Score the fraud signal with the current settings.
Use the current selection criteria.
Handle only the primary result for this call.",0.525411,,
delete_route,"Delete the network route with the current settings.
Report the resulting status to the caller.
Handle only the primary result for this call.",0.526054,,
reindex_filter,"Rebuild the index for the search filter for the relevant processing step.
Use the configured source when an override is not supplied.
Handle only the primary result for this call.",0.526698,,
dispatch_transition,"Dispatch the state transition for the active operation.
Keep the work within the current processing flow.
Handle only the primary result for this call.",0.527341,,
audit_service_config,"Audit the service config with the current settings.
Do not expose protected details in the returned result.
Handle only the primary result for this call.",0.527984,,
compress_retry_release_document,"Compress the release document for the relevant processing step.
Honor the active formatting and validation rules.
Handle only the primary result for this call.",0.528628,,
dispatch_scheduled_task_audit,"Dispatch the scheduled task where the calling workflow requires it.
Report the latest state to the caller.
Handle only the primary result for this call.",0.529271,,
wait_service_endpoint,"Wait for the service endpoint for the active operation.
Handle only the primary result for this call.",0.529914,,
restore,"Restore the notification rule with the current settings.
Preserve unrelated state while the operation runs.
Handle only the primary result for this call.",0.530558,,
fetch_rule,"Retrieve the notification rule for the active operation.
Handle only the primary result for this call.",0.531201,,
parse_json_payload_deploy,"Parse the JSON payload where the calling workflow requires it.
Retain only the information required by the caller.
Handle only the primary result for this call.",0.531844,,
redact,"Redact the device fingerprint with the current settings.
Handle only the primary result for this call.",0.532487,,
encrypt_api_response,"Encrypt the API response where the calling workflow requires it.
Do not expose protected details in the returned result.
Handle only the primary result for this call.",0.533131,,
update_workflow_user_segment,"Update the user segment for the active operation.
Report the resulting status to the caller.
Handle only the primary result for this call.",0.533774,,
hydrate_report_snapshot,"Hydrate the report snapshot where the calling workflow requires it.
Return a value suitable for the caller.
Handle only the primary result for this call.",0.534417,,
schedule_workflow_step,"Schedule the workflow step with the current settings.
Do not advance unrelated jobs.
Handle only the primary result for this call.",0.535061,,
validate_job_trigger,"Validate the job trigger for the active operation.
Handle only the primary result for this call.",0.535704,,
delete_listing,"Delete the directory listing with the current settings.
Handle only the primary result for this call.",0.536347,,
index_entry,"Index the cache entry for the active operation.
Return a value suitable for the caller.
Handle only the primary result for this call.",0.536991,,
calculate_tax_rate,"Calculate the tax rate for the relevant processing step.
Use the current selection criteria.
Handle only the primary result for this call.",0.537634,,
update_retry_support_ticket,"Update the support ticket with the current settings.
Report the resulting status to the caller.
Handle only the primary result for this call.",0.538277,,
monitor_date_range,"Monitor the date range for the relevant processing step.
Do not advance unrelated jobs.
Handle only the primary result for this call.",0.538921,,
fetch_public_key,"Retrieve the public key for the relevant processing step.
Handle only the primary result for this call.",0.539564,,
wait_workspace_file_upload,"Wait for the file upload for the active operation.
Handle only the primary result for this call.",0.540207,,
sync_subscription_status,"Synchronize the subscription status for the relevant processing step.
Return a value suitable for the caller.
Handle only the primary result for this call.",0.540851,,
validate_conversion_rate_timeout,"Validate the conversion rate where the calling workflow requires it.
Apply the active security policy.
Handle only the primary result for this call.",0.541494,,
redact_cookie,"Redact the session cookie for the active operation.
Keep the decision available for audit handling.
Handle only the primary result for this call.",0.542137,,
rank_timezone_value,"Rank the timezone value with the current settings.
Return a stable value for downstream processing.
Handle only the primary result for this call.",0.542781,,
hydrate,"Hydrate the contact record with the current settings.
Use the configured source when an override is not supplied.
Handle only the primary result for this call.",0.543424,,
save_artifact,"Persist the build artifact for the relevant processing step.
Report the resulting status to the caller.
Handle only the primary result for this call.",0.544067,,
monitor_remote_date_range,"Monitor the date range with the current settings.
Do not advance unrelated jobs.
Handle only the primary result for this call.",0.544711,,
serialize_schema,Serialize the database schema for the active workflow.,0.545354,,
retry_background_task,"Retry the background task for the active workflow.
Report the latest state to the caller.",0.545997,,
detect_rule,Detect anomalies in the alert rule for the active workflow.,0.546640,,
compare_support_ticket,"Compare the support ticket for the active workflow.
Use the current selection criteria.
Leave unrelated state unchanged.",0.547284,,
serialize,"Serialize the websocket frame for the active workflow.
Keep the output suitable for the next processing step.
Make the outcome available to the next processing step.",0.547927,,
load_routing_rule,Load the routing rule for the active workflow.,0.548570,,
aggregate_timezone_value,Aggregate the timezone value for the active workflow.,0.549214,,
sync_delivery_attempt,Synchronize the delivery attempt for the active workflow.,0.549857,,
hash_command_argument,"Hash the command argument for the active workflow.
Keep the decision available for audit handling.",0.550500,,
score_timeout_rate_limit,Score the rate limit for the active workflow.,0.551144,,
encrypt_challenge,Encrypt the MFA challenge for the active workflow.,0.551787,,
parse_http_header,"Parse the HTTP header for the active workflow.
Keep the output suitable for the next processing step.",0.552430,,
compile_tenant_database_schema,"Compile the database schema for the active workflow.
Retain only the information required by the caller.
Leave unrelated state unchanged.",0.553074,,
sample_latency_budget,Sample the latency budget for the active workflow.,0.553717,,
validate_latest_retention_rule,"Validate the retention rule for the active workflow.
Apply the active security policy.",0.554360,,
deploy_dependency_lock,"Deploy the dependency lock for the active workflow.
Report the latest state to the caller.
Make the outcome available to the next processing step.",0.555004,,
enqueue_stage,"Enqueue the processing stage for the active workflow.
Do not advance unrelated jobs.",0.555647,,
audit_export_image_asset,"Audit the image asset for the active workflow.
Do not expose protected details in the returned result.",0.556290,,
audit_environment_variable,Audit the environment variable for the active workflow.,0.556934,,
restore_queue,"Restore the retry queue for the active workflow.
Preserve unrelated state while the operation runs.",0.557577,,
convert_template_variable,"Convert the template variable for the active workflow.
Honor the active formatting and validation rules.
Preserve the caller's active context.",0.558220,,
sample_secure_retention_score,"Sample the retention score for the active workflow.
Return a stable value for downstream processing.",0.558863,,
deserialize_json_payload,Deserialize the JSON payload for the active workflow.,0.559507,,
index_metric_series,"Index the metric series for the active workflow.
Use the configured source when an override is not supplied.
Leave unrelated state unchanged.",0.560150,,
verify_key_rotation_deploy,"Verify the key rotation for the active workflow.
Do not expose protected details in the returned result.",0.560793,,
cancel_batch_request,"Cancel the batch request for the active workflow.
Report the latest state to the caller.",0.561437,,
archive_workflow_markdown_file,Archive the markdown file for the active workflow.,0.562080,,
detect_health_metric,"Detect anomalies in the health metric for the active workflow.
Use the current selection criteria.
Preserve the caller's active context.",0.562723,,
update_support_ticket,"Update the support ticket for the active workflow.
Apply the active configuration before committing changes.
Make the outcome available to the next processing step.",0.563367,,
rank_bundle,"Rank the localization bundle for the active workflow.
Leave the source data unchanged.
Return the resulting value or status.",0.564010,,
fetch_audit_device_fingerprint,"Retrieve the device fingerprint for the active workflow.
Return a value suitable for the caller.
Preserve the caller's active context.",0.564653,,
schedule_background_task,"Schedule the background task for the active workflow.
Keep the work within the current processing flow.",0.565297,,
compress_query,"Compress the GraphQL query for the active workflow.
Honor the active formatting and validation rules.
Leave unrelated state unchanged.",0.565940,,
build_retry_queue,Build the retry queue for the active workflow.,0.566583,,
load_bundle,Load the localization bundle for the active workflow.,0.567227,,
merge_version,"Merge the schema version for the active workflow.
Preserve unrelated state while the operation runs.
Leave unrelated state unchanged.",0.567870,,
format_body,Format the request body for the active workflow.,0.568513,,
throttle_workflow_step,"Apply throttling to the workflow step for the active workflow.
Report the latest state to the caller.",0.569157,,
filter_metadata_block_current,"Filter the metadata block for the active workflow.
Use the current selection criteria.
Preserve the caller's active context.",0.569800,,
invalidate,Invalidate the query plan for the active workflow.,0.570443,,
aggregate_rate_limit_cached,Aggregate the rate limit for the active workflow.,0.571086,,
sort_order_line,Sort the order line for the active workflow.,0.571730,,
paginate,"Paginate the conversion rate for the active workflow.
Leave the source data unchanged.
Preserve the caller's active context.",0.572373,,
format_document_section,Format the document section for the active workflow.,0.573016,,
refresh,"Refresh the API contract for the active workflow.
Return a value suitable for the caller.
Return the resulting value or status.",0.573660,,
validate_error_budget,"Validate the error budget for the active workflow.
Keep the decision available for audit handling.",0.574303,,
verify_csv_row,"Verify the CSV row for the active workflow.
Do not expose protected details in the returned result.
Preserve the caller's active context.",0.574946,,
retry_current_file_upload,"Retry the file upload for the active workflow.
Keep the work within the current processing flow.
Return the resulting value or status.",0.575590,,
schedule_worker_job,Schedule the worker job for the active workflow.,0.576233,,
disable_processing_stage,Disable the processing stage for the active workflow.,0.576876,,
verify_document_page,"Verify the document page for the active workflow.
Keep the decision available for audit handling.
Return the resulting value or status.",0.577520,,
refresh,Refresh the environment variable for the active workflow.,0.578163,,
fetch_export_trust_bundle,"Retrieve the trust bundle for the active workflow.
Return a value suitable for the caller.",0.578806,,
build_batch_job_run,"Build the job run for the active workflow.
Apply the active configuration before committing changes.
Preserve the caller's active context.",0.579450,,
revoke_signed_payload,"Revoke access associated with the signed payload for the active workflow.
Apply the active security policy.",0.580093,,
filter_email_message,Filter the email message for the active workflow.,0.580736,,
load_message,"Load the email message for the active workflow.
Keep the operation scoped to the active workflow.",0.581380,,
reindex_workspace_dns_record,"Rebuild the index for the DNS record for the active workflow.
Return a value suitable for the caller.",0.582023,,
refresh_access_policy,Refresh the access policy for the active workflow.,0.582666,,
sync_support_ticket_tenant,Synchronize the support ticket for the active workflow.,0.583310,,
truncate_graphql_query,"Truncate the GraphQL query for the active workflow.
Honor the active formatting and validation rules.
Preserve the caller's active context.",0.583953,,
validate_retention_score,Validate the retention score for the active workflow.,0.584596,,
sample_migration_plan,Sample the migration plan for the active workflow.,0.585239,,
sync_export_auth_token,"Synchronize the auth token for the active workflow.
Return a value suitable for the caller.
Make the outcome available to the next processing step.",0.585883,,
reindex_deployment_job,"Rebuild the index for the deployment job for the active workflow.
Return a value suitable for the caller.
Leave unrelated state unchanged.",0.586526,,
purge_data_partition_workflow,"Permanently purge the data partition for the active workflow.
Apply the active configuration before committing changes.
Make the outcome available to the next processing step.",0.587169,,
archive_order_line,"Archive the order line for the active workflow.
Report the resulting status to the caller.",0.587813,,
archive,"Archive the import manifest for the active workflow.
Preserve unrelated state while the operation runs.",0.588456,,
audit_job_run,"Audit the job run for the active workflow.
Do not expose protected details in the returned result.
Leave unrelated state unchanged.",0.589099,,
route_deployment_job,Route the deployment job to the appropriate handler for the active workflow.,0.589743,,
filter_rate,"Filter the calculated value for the billing workflow.
Leave the source data unchanged.",0.590386,,
fetch_dns_record_export,"Retrieve the infrastructure resource for the requested export.
Return a value suitable for the caller.
Leave unrelated state unchanged.",0.591029,,
invalidate_workflow_container_image,"Invalidate the infrastructure resource before the workflow continues.
Apply the active configuration before committing changes.
Make the outcome available to the next processing step.",0.591673,,
score_total,"Score the calculated value against the configured policy.
Return a stable value for downstream processing.",0.592316,,
deploy_deploy_deployment_job,Deploy the infrastructure resource before deployment.,0.592959,,
archive,"Archive the business record from the remote service.
Apply the active configuration before committing changes.
Make the outcome available to the next processing step.",0.593603,,
decrypt_billing_rule,"Decrypt the configuration entry from local storage.
Apply the active security policy.",0.594246,,
merge_intent,Merge the business record before the workflow continues.,0.594889,,
fetch_metric_series_remote,"Retrieve the infrastructure resource from the remote service.
Keep the operation scoped to the active workflow.
Return the resulting value or status.",0.595533,,
serialize_local_database_schema,Serialize the configuration entry from local storage.,0.596176,,
reindex_package_version_cached,Rebuild the index for the infrastructure resource from cached state.,0.596819,,
audit_batch,"Audit the pending workflow item before deployment.
Do not expose protected details in the returned result.",0.597462,,
validate_job,"Validate the pending workflow item for the selected tenant.
Keep the decision available for audit handling.",0.598106,,
publish_locale_config_billing,Publish the configuration entry for the billing workflow.,0.598749,,
fetch_catalog,"Retrieve the catalog entry during retry handling.
Keep the operation scoped to the active workflow.
Preserve the caller's active context.",0.599392,,
classify_budget,"Classify the calculated value from the incoming payload.
Leave the source data unchanged.
Preserve the caller's active context.",0.600036,,
redact,"Redact the source document for the requested export.
Do not expose protected details in the returned result.
Preserve the caller's active context.",0.600679,,
monitor_rule,Monitor the calculated value for the latest available version.,0.601322,,
hash_secure_csv_row,"Hash the request payload under the active security policy.
Do not expose protected details in the returned result.
Return the resulting value or status.",0.601966,,
validate_shipment_label_background,Validate the business record during the background job.,0.602609,,
fetch_account_alias_incoming,"Retrieve the identity record from the incoming payload.
Use the configured source when an override is not supplied.",0.603252,,
sort_level,"Sort the calculated value under the configured timeout.
Return a stable value for downstream processing.",0.603896,,
monitor_batch_job_run,Monitor the infrastructure resource for the active batch.,0.604539,,
publish_current_search_result,Publish the catalog entry for the current request.,0.605182,,
monitor_retry_directory_listing,Monitor the infrastructure resource during retry handling.,0.605826,,
delete_localization_bundle,Delete the catalog entry under the configured timeout.,0.606469,,
diff_latest_json_payload,"Generate a diff for the request payload for the latest available version.
Return a stable value for downstream processing.
Return the resulting value or status.",0.607112,,
fetch_encryption_key_workspace,"Retrieve the security material for the selected workspace.
Keep the operation scoped to the active workflow.",0.607756,,
compare_rate,Compare the calculated value for the selected workspace.,0.608399,,
archive_latest_search_filter,Archive the catalog entry for the latest available version.,0.609042,,
redact_profile_field,"Redact the identity record before deployment.
Keep the decision available for audit handling.",0.609685,,
format_source_document,Format the source document under the configured timeout.,0.610329,,
serialize,"Serialize the configuration entry before deployment.
Honor the active formatting and validation rules.
Make the outcome available to the next processing step.",0.610972,,
classify_signal,Classify the calculated value for the billing workflow.,0.611615,,
rollback_image,Roll back the infrastructure resource during retry handling.,0.612259,,
create_customer_note,Create the business record within the current transaction.,0.612902,,
audit_secure_password_reset,"Audit the security material under the active security policy.
Keep the decision available for audit handling.
Make the outcome available to the next processing step.",0.613545,,
paginate_fraud_signal_remote,"Paginate the calculated value from the remote service.
Return a stable value for downstream processing.
Leave unrelated state unchanged.",0.614189,,
restore_coupon_code_transaction,"Restore the business record within the current transaction.
Apply the active configuration before committing changes.",0.614832,,
audit_manifest,"Audit the configuration entry for the requested export.
Keep the decision available for audit handling.",0.615475,,
load_report_attachment,"Load the source document for the selected workspace.
Return a value suitable for the caller.
Preserve the caller's active context.",0.616119,,
diff_transaction_request_body,"Generate a diff for the request payload within the current transaction.
Use the current selection criteria.
Make the outcome available to the next processing step.",0.616762,,
monitor_sync_checkpoint,"Monitor the infrastructure resource before the workflow continues.
Keep the work within the current processing flow.",0.617405,,
score_recommendation_score,"Score the calculated value during retry handling.
Return a stable value for downstream processing.
Leave unrelated state unchanged.",0.618049,,
sync_file_upload_latest,Synchronize the pending workflow item for the latest available version.,0.618692,,
redact_local_email_address,"Redact the identity record from local storage.
Keep the decision available for audit handling.",0.619335,,
calculate_batch_tax_rate,"Calculate the calculated value for the active batch.
Use the current selection criteria.",0.619979,,
archive,Archive the source document within the current transaction.,0.620622,,
encrypt_schema,Encrypt the configuration entry for the latest available version.,0.621265,,
load_record,"Load the business record from local storage.
Use the configured source when an override is not supplied.",0.621909,,
deploy_runtime_setting_local,"Deploy the configuration entry from local storage.
Do not advance unrelated jobs.
Preserve the caller's active context.",0.622552,,
delete_timeout_content_block,"Delete the catalog entry under the configured timeout.
Apply the active configuration before committing changes.
Preserve the caller's active context.",0.623195,,
diff_body,"Generate a diff for the request payload from cached state.
Use the current selection criteria.",0.623838,,
sync_cookie,"Synchronize the identity record from the remote service.
Use the configured source when an override is not supplied.",0.624482,,
decrypt_logging_config,Decrypt the configuration entry under the configured timeout.,0.625125,,
sync_audit_log_remote,"Synchronize the business record from the remote service.
Return a value suitable for the caller.
Make the outcome available to the next processing step.",0.625768,,
hydrate,"Hydrate the business record during retry handling.
Keep the operation scoped to the active workflow.",0.626412,,
parse_database_schema_transaction,"Parse the configuration entry within the current transaction.
Keep the output suitable for the next processing step.",0.627055,,
validate_health_metric_export,"Validate the calculated value for the requested export.
Apply the active security policy.",0.627698,,
rank_score,"Rank the calculated value before the workflow continues.
Use the current selection criteria.",0.628342,,
throttle,Apply throttling to the infrastructure resource for the latest available version.,0.628985,,
create_content_block_cached,"Create the catalog entry from cached state.
Preserve unrelated state while the operation runs.",0.629628,,
deduplicate_workflow_state_transaction,Deduplicate the business record within the current transaction.,0.630272,,
audit_service_health,"Audit the infrastructure resource for the current request.
Apply the active security policy.",0.630915,,
compile_environment_variable_export,"Compile the configuration entry for the requested export.
Honor the active formatting and validation rules.",0.631558,,
publish_query_plan_background,Publish the configuration entry during the background job.,0.632202,,
delete_dependency_lock_audit,Delete the infrastructure resource for audit review.,0.632845,,
sign_public_key_secure,"Sign the security material under the active security policy.
Apply the active security policy.
Make the outcome available to the next processing step.",0.633488,,
enqueue_remote_release_job,"Enqueue the pending workflow item from the remote service.
Keep the work within the current processing flow.
Leave unrelated state unchanged.",0.634132,,
convert_transaction_request_body,"Convert the request payload within the current transaction.
Retain only the information required by the caller.
Return the resulting value or status.",0.634775,,
classify_signal,"Classify the fraud signal for the primary record in the active workflow.
Do not process optional related entries.",0.635418,,
schedule_transition,"Schedule the state transition for the primary record in the active workflow.
Report the latest state to the caller.
Do not process optional related entries.",0.636061,,
delete_session_cookie,"Delete the session cookie for the primary record in the active workflow.
Report the resulting status to the caller.
Do not process optional related entries.",0.636705,,
deploy_plan,"Deploy the query plan for the primary record in the active workflow.
Do not process optional related entries.",0.637348,,
rank_local_category_tree,"Rank the category tree for the primary record in the active workflow.
Do not process optional related entries.",0.637991,,
monitor_service_health_batch,"Monitor the service health for the primary record in the active workflow.
Do not process optional related entries.",0.638635,,
format_request_body,"Format the request body for the primary record in the active workflow.
Keep the output suitable for the next processing step.
Do not process optional related entries.",0.639278,,
normalize_logging_config_workflow,"Normalize the logging config for the primary record in the active workflow.
Retain only the information required by the caller.
Do not process optional related entries.",0.639921,,
wait_archive,"Wait for the backup archive for the primary record in the active workflow.
Do not advance unrelated jobs.
Do not process optional related entries.",0.640565,,
audit_export_audit_log,"Audit the audit log for the primary record in the active workflow.
Do not process optional related entries.",0.641208,,
filter_csv_row,"Filter the CSV row for the primary record in the active workflow.
Return a stable value for downstream processing.
Do not process optional related entries.",0.641851,,
create_asset,"Create the image asset for the primary record in the active workflow.
Report the resulting status to the caller.
Do not process optional related entries.",0.642495,,
update_manifest,"Update the import manifest for the primary record in the active workflow.
Preserve unrelated state while the operation runs.
Do not process optional related entries.",0.643138,,
validate_request_body_tenant,"Validate the request body for the primary record in the active workflow.
Apply the active security policy.
Do not process optional related entries.",0.643781,,
audit_cached_health_probe,"Audit the health probe for the primary record in the active workflow.
Do not process optional related entries.",0.644425,,
sync_remote_state_transition,"Synchronize the state transition for the primary record in the active workflow.
Return a value suitable for the caller.
Do not process optional related entries.",0.645068,,
audit_billing_address,"Audit the billing address for the primary record in the active workflow.
Keep the decision available for audit handling.
Do not process optional related entries.",0.645711,,
format_document_section_audit,"Format the document section for the primary record in the active workflow.
Do not process optional related entries.",0.646355,,
authorize_bundle,"Authorize use of the trust bundle for the primary record in the active workflow.
Keep the decision available for audit handling.
Do not process optional related entries.",0.646998,,
merge_billing_address_secure,"Merge the billing address for the primary record in the active workflow.
Report the resulting status to the caller.
Do not process optional related entries.",0.647641,,
load_status,"Load the subscription status for the primary record in the active workflow.
Do not process optional related entries.",0.648284,,
expand_incoming_json_payload,"Expand the JSON payload for the primary record in the active workflow.
Do not process optional related entries.",0.648928,,
sort_localization_bundle_local,"Sort the localization bundle for the primary record in the active workflow.
Use the current selection criteria.
Do not process optional related entries.",0.649571,,
route_workflow_feature_rollout,"Route the feature rollout to the appropriate handler for the primary record in the active workflow.
Report the latest state to the caller.
Do not process optional related entries.",0.650214,,
restore,"Restore the configuration file for the primary record in the active workflow.
Preserve unrelated state while the operation runs.
Do not process optional related entries.",0.650858,,
enqueue_background_import_job,"Enqueue the import job for the primary record in the active workflow.
Do not process optional related entries.",0.651501,,
rank_catalog_item,"Rank the catalog item for the primary record in the active workflow.
Return a stable value for downstream processing.
Do not process optional related entries.",0.652144,,
update_account_alias_incoming,"Update the account alias for the primary record in the active workflow.
Do not process optional related entries.",0.652788,,
monitor_background_task_batch,"Monitor the background task for the primary record in the active workflow.
Do not process optional related entries.",0.653431,,
paginate,"Paginate the pagination cursor for the primary record in the active workflow.
Do not process optional related entries.",0.654074,,
authorize_secure_account_alias,"Authorize use of the account alias for the primary record in the active workflow.
Do not expose protected details in the returned result.
Do not process optional related entries.",0.654718,,
restore,"Restore the account record for the primary record in the active workflow.
Apply the active configuration before committing changes.
Do not process optional related entries.",0.655361,,
encrypt_deployment_manifest,"Encrypt the deployment manifest for the primary record in the active workflow.
Do not expose protected details in the returned result.
Do not process optional related entries.",0.656004,,
retry_release_note_workflow,"Retry the release note for the primary record in the active workflow.
Keep the work within the current processing flow.
Do not process optional related entries.",0.656648,,
delete_workspace_content_block,"Delete the content block for the primary record in the active workflow.
Report the resulting status to the caller.
Do not process optional related entries.",0.657291,,
invalidate_dns_record_secure,"Invalidate the DNS record for the primary record in the active workflow.
Preserve unrelated state while the operation runs.
Do not process optional related entries.",0.657934,,
index_experiment_result_audit,"Index the experiment result for the primary record in the active workflow.
Use the configured source when an override is not supplied.
Do not process optional related entries.",0.658578,,
sync_retry_migration_plan,"Synchronize the migration plan for the primary record in the active workflow.
Use the configured source when an override is not supplied.
Do not process optional related entries.",0.659221,,
load_source_commit_retry,"Load the source commit for the primary record in the active workflow.
Do not process optional related entries.",0.659864,,
decrypt_trust_bundle_remote,"Decrypt the trust bundle for the primary record in the active workflow.
Apply the active security policy.
Do not process optional related entries.",0.660508,,
throttle_package_version_workspace,"Apply throttling to the package version for the primary record in the active workflow.
Report the latest state to the caller.
Do not process optional related entries.",0.661151,,
index_coupon_code_transaction,"Index the coupon code for the primary record in the active workflow.
Keep the operation scoped to the active workflow.
Do not process optional related entries.",0.661794,,
sort_rate_limit,"Sort the rate limit for the primary record in the active workflow.
Do not process optional related entries.",0.662437,,
compare_timezone_value,"Compare the timezone value for the primary record in the active workflow.
Return a stable value for downstream processing.
Do not process optional related entries.",0.663081,,
delete_latest_search_result,"Delete the search result for the primary record in the active workflow.
Apply the active configuration before committing changes.
Do not process optional related entries.",0.663724,,
rank_tree,"Rank the category tree for the primary record in the active workflow.
Return a stable value for downstream processing.
Do not process optional related entries.",0.664367,,
enqueue_import_job,"Enqueue the import job for the primary record in the active workflow.
Report the latest state to the caller.
Do not process optional related entries.",0.665011,,
restore_job_run,"Restore the job run for the primary record in the active workflow.
Report the resulting status to the caller.
Do not process optional related entries.",0.665654,,
refresh,"Refresh the directory listing for the primary record in the active workflow.
Do not process optional related entries.",0.666297,,
deploy_build_config,"Deploy the build config for the primary record in the active workflow.
Do not advance unrelated jobs.
Do not process optional related entries.",0.666941,,
hash_websocket_frame_retry,"Hash the websocket frame for the primary record in the active workflow.
Apply the active security policy.
Do not process optional related entries.",0.667584,,
sync_latest_experiment_result,"Synchronize the experiment result for the primary record in the active workflow.
Use the configured source when an override is not supplied.
Do not process optional related entries.",0.668227,,
monitor_retry_tax_rate,"Monitor the tax rate for the primary record in the active workflow.
Do not process optional related entries.",0.668871,,
hash_transaction_device_fingerprint,"Hash the device fingerprint for the primary record in the active workflow.
Do not process optional related entries.",0.669514,,
restore_metric_series_secure,"Restore the metric series for the primary record in the active workflow.
Do not process optional related entries.",0.670157,,
build_runtime_setting,"Build the runtime setting for the primary record in the active workflow.
Apply the active configuration before committing changes.
Do not process optional related entries.",0.670801,,
rank_usage_total_batch,"Rank the usage total for the primary record in the active workflow.
Do not process optional related entries.",0.671444,,
sample_country_code_workspace,"Sample the country code for the primary record in the active workflow.
Return a stable value for downstream processing.
Do not process optional related entries.",0.672087,,
invalidate_routing_rule_background,"Invalidate the routing rule for the primary record in the active workflow.
Apply the active configuration before committing changes.
Do not process optional related entries.",0.672731,,
compare_limit,"Compare the quota limit for the primary record in the active workflow.
Use the current selection criteria.
Do not process optional related entries.",0.673374,,
disable_worker_job_secure,"Disable the worker job for the primary record in the active workflow.
Keep the work within the current processing flow.
Do not process optional related entries.",0.674017,,
cancel_export_image_asset,"Cancel the image asset for the primary record in the active workflow.
Keep the work within the current processing flow.
Do not process optional related entries.",0.674660,,
enable_delivery_attempt,"Enable the delivery attempt for the primary record in the active workflow.
Do not advance unrelated jobs.
Do not process optional related entries.",0.675304,,
load_timeout_catalog_item,"Load the catalog item for the primary record in the active workflow.
Do not process optional related entries.",0.675947,,
index_job,"Index the deployment job for the primary record in the active workflow.
Return a value suitable for the caller.
Do not process optional related entries.",0.676590,,
validate_contact_record,"Validate the contact record for the primary record in the active workflow.
Do not process optional related entries.",0.677234,,
compile_document,"Compile the schema document for the primary record in the active workflow.
Do not process optional related entries.",0.677877,,
filter_transaction_health_metric,"Filter the health metric for the primary record in the active workflow.
Do not process optional related entries.",0.678520,,
load_document,"Load the schema document for the primary record in the active workflow.
Keep the operation scoped to the active workflow.
Do not process optional related entries.",0.679164,,
publish_line,"Publish the order line for the primary record in the active workflow.
Apply the active configuration before committing changes.
Do not process optional related entries.",0.679807,,
load_content_block_workflow,Load the content block where it is required by the active workflow.,0.680450,,
delete_transaction_media_asset,"Delete the media asset where it is required by the active workflow.
Report the resulting status to the caller.",0.681094,,
decrypt_metadata_block,"Decrypt the metadata block where it is required by the active workflow.
Keep the decision available for audit handling.",0.681737,,
fetch_batch_data_partition,"Retrieve the data partition where it is required by the active workflow.
Use the configured source when an override is not supplied.
Return the resulting value or status.",0.682380,,
paginate_currency_code,"Paginate the currency code where it is required by the active workflow.
Return a stable value for downstream processing.
Return the resulting value or status.",0.683024,,
create_workflow_retry_policy,"Create the retry policy where it is required by the active workflow.
Report the resulting status to the caller.
Return the resulting value or status.",0.683667,,
audit_transaction_query_plan,Audit the query plan where it is required by the active workflow.,0.684310,,
deploy_retention_rule,"Deploy the retention rule where it is required by the active workflow.
Report the latest state to the caller.
Leave unrelated state unchanged.",0.684954,,
enable_feature_rollout,Enable the feature rollout where it is required by the active workflow.,0.685597,,
parse_release_document_cached,"Parse the release document where it is required by the active workflow.
Honor the active formatting and validation rules.
Leave unrelated state unchanged.",0.686240,,
detect_workflow_timezone_value,Detect anomalies in the timezone value where it is required by the active workflow.,0.686883,,
monitor_recommendation_score,Monitor the recommendation score where it is required by the active workflow.,0.687527,,
disable_worker_job_incoming,Disable the worker job where it is required by the active workflow.,0.688170,,
extract_tenant_validation_error,Extract the validation error where it is required by the active workflow.,0.688813,,
publish_import_manifest_retry,"Publish the import manifest where it is required by the active workflow.
Preserve unrelated state while the operation runs.
Make the outcome available to the next processing step.",0.689457,,
expand_document_page,Expand the document page where it is required by the active workflow.,0.690100,,
sign_workflow_trust_bundle,"Sign the trust bundle where it is required by the active workflow.
Do not expose protected details in the returned result.",0.690743,,
decrypt_latest_schema_version,Decrypt the schema version where it is required by the active workflow.,0.691387,,
publish_database_schema_secure,"Publish the database schema where it is required by the active workflow.
Preserve unrelated state while the operation runs.
Make the outcome available to the next processing step.",0.692030,,
fetch_cached_workflow_state,"Retrieve the workflow state where it is required by the active workflow.
Use the configured source when an override is not supplied.
Preserve the caller's active context.",0.692673,,
audit_tenant_billing_rule,"Audit the billing rule where it is required by the active workflow.
Apply the active security policy.
Make the outcome available to the next processing step.",0.693317,,
decrypt_grant,"Decrypt the permission grant where it is required by the active workflow.
Keep the decision available for audit handling.
Preserve the caller's active context.",0.693960,,
archive,Archive the media asset where it is required by the active workflow.,0.694603,,
load_file_permission_cached,Load the file permission where it is required by the active workflow.,0.695247,,
reindex_backup_archive_remote,"Rebuild the index for the backup archive where it is required by the active workflow.
Use the configured source when an override is not supplied.
Return the resulting value or status.",0.695890,,
rollback,"Roll back the retry queue where it is required by the active workflow.
Do not advance unrelated jobs.",0.696533,,
decrypt_runtime_setting,"Decrypt the runtime setting where it is required by the active workflow.
Keep the decision available for audit handling.",0.697177,,
detect_score,Detect anomalies in the recommendation score where it is required by the active workflow.,0.697820,,
rank_timeout_health_metric,"Rank the health metric where it is required by the active workflow.
Leave the source data unchanged.",0.698463,,
monitor_exchange_rate_retry,Monitor the exchange rate where it is required by the active workflow.,0.699107,,
refresh_job_run_secure,Refresh the job run where it is required by the active workflow.,0.699750,,
validate_image_asset_tenant,"Validate the image asset where it is required by the active workflow.
Keep the decision available for audit handling.",0.700393,,
fetch_timeout_sync_checkpoint,Retrieve the sync checkpoint where it is required by the active workflow.,0.701036,,
truncate_field,"Truncate the form field where it is required by the active workflow.
Retain only the information required by the caller.",0.701680,,
filter_account_record_background,Filter the account record where it is required by the active workflow.,0.702323,,
hydrate_plan,Hydrate the migration plan where it is required by the active workflow.,0.702966,,
validate_timeout_subscription_status,"Validate the subscription status where it is required by the active workflow.
Keep the decision available for audit handling.",0.703610,,
extract_argument,"Extract the command argument where it is required by the active workflow.
Keep the output suitable for the next processing step.",0.704253,,
disable_request,Disable the export request where it is required by the active workflow.,0.704896,,
refresh,Refresh the dependency lock where it is required by the active workflow.,0.705540,,
estimate_health_metric_cached,"Estimate the health metric where it is required by the active workflow.
Return a stable value for downstream processing.
Make the outcome available to the next processing step.",0.706183,,
rollback,"Roll back the release job where it is required by the active workflow.
Keep the work within the current processing flow.",0.706826,,
sample_subscription_status,Sample the subscription status where it is required by the active workflow.,0.707470,,
create_line,Create the order line where it is required by the active workflow.,0.708113,,
filter_feature_flag_timeout,"Filter the feature flag where it is required by the active workflow.
Use the current selection criteria.
Return the resulting value or status.",0.708756,,
parse_query,"Parse the GraphQL query where it is required by the active workflow.
Keep the output suitable for the next processing step.",0.709400,,
expand_secure_form_field,Expand the form field where it is required by the active workflow.,0.710043,,
serialize_environment_variable,"Serialize the environment variable where it is required by the active workflow.
Keep the output suitable for the next processing step.
Leave unrelated state unchanged.",0.710686,,
normalize_local_http_header,Normalize the HTTP header where it is required by the active workflow.,0.711330,,
load_commit,"Load the source commit where it is required by the active workflow.
Use the configured source when an override is not supplied.",0.711973,,
redact_policy_mfa_challenge,"Redact the MFA challenge where it is required by the active workflow.
Do not expose protected details in the returned result.",0.712616,,
hash_query,"Hash the GraphQL query where it is required by the active workflow.
Keep the decision available for audit handling.",0.713259,,
invalidate_certificate_chain_local,Invalidate the certificate chain where it is required by the active workflow.,0.713903,,
sort_latest_locale_setting,"Sort the locale setting where it is required by the active workflow.
Use the current selection criteria.
Preserve the caller's active context.",0.714546,,
wait_health_probe,"Wait for the health probe where it is required by the active workflow.
Do not advance unrelated jobs.",0.715189,,
filter_level,"Filter the inventory level where it is required by the active workflow.
Return a stable value for downstream processing.
Leave unrelated state unchanged.",0.715833,,
audit_attempt,Audit the login attempt where it is required by the active workflow.,0.716476,,
deploy_queue,"Deploy the retry queue where it is required by the active workflow.
Keep the work within the current processing flow.",0.717119,,
reindex_endpoint,"Rebuild the index for the service endpoint where it is required by the active workflow.
Keep the operation scoped to the active workflow.",0.717763,,
verify_session_cookie,Verify the session cookie where it is required by the active workflow.,0.718406,,
sort_policy_latency_budget,Sort the latency budget where it is required by the active workflow.,0.719049,,
load_cached_service_health,"Load the service health where it is required by the active workflow.
Return a value suitable for the caller.
Return the resulting value or status.",0.719693,,
filter_policy_customer_note,"Filter the customer note where it is required by the active workflow.
Use the current selection criteria.",0.720336,,
enqueue_release_note_secure,"Enqueue the release note where it is required by the active workflow.
Do not advance unrelated jobs.
Return the resulting value or status.",0.720979,,
throttle_directory_listing_audit,Apply throttling to the directory listing where it is required by the active workflow.,0.721623,,
monitor_model_feature,"Monitor the model feature where it is required by the active workflow.
Do not advance unrelated jobs.
Return the resulting value or status.",0.722266,,
sync_workflow_step,Synchronize the workflow step where it is required by the active workflow.,0.722909,,
load_service_config,"Load the service config where it is required by the active workflow.
Use the configured source when an override is not supplied.",0.723553,,
paginate_graphql_query,Paginate the GraphQL query where it is required by the active workflow.,0.724196,,
refresh,"Refresh the key rotation where it is required by the active workflow.
Use the configured source when an override is not supplied.
Return the resulting value or status.",0.724839,,
route_dependency_lock_incoming,Route the dependency lock to the appropriate handler.,0.725482,,
revoke_access_policy_deploy,"Revoke access associated with the access policy.
Keep the decision available for audit handling.",0.726126,,
load_database_connection_remote,"Load the database connection.
Use the configured source when an override is not supplied.
Preserve the caller's active context.",0.726769,,
audit_workflow_calendar_event,"Audit the calendar event.
Keep the decision available for audit handling.
Return the resulting value or status.",0.727412,,
validate_secure_role_assignment,Validate the role assignment.,0.728056,,
diff_body,"Generate a diff for the response body.
Return a stable value for downstream processing.",0.728699,,
deploy_lock,Deploy the dependency lock.,0.729342,,
invalidate_series,"Invalidate the metric series.
Preserve unrelated state while the operation runs.",0.729986,,
update_release_note,Update the release note.,0.730629,,
parse_timeout_database_schema,"Parse the database schema.
Retain only the information required by the caller.",0.731272,,
estimate_exchange_rate,"Estimate the exchange rate.
Return a stable value for downstream processing.
Preserve the caller's active context.",0.731916,,
dispatch_request,Dispatch the export request.,0.732559,,
parse_pdf_attachment_transaction,"Parse the PDF attachment.
Keep the output suitable for the next processing step.
Leave unrelated state unchanged.",0.733202,,
index_manifest,"Index the archive manifest.
Return a value suitable for the caller.
Preserve the caller's active context.",0.733846,,
load_retry_file_permission,"Load the file permission.
Return a value suitable for the caller.",0.734489,,
update_content_block_local,Update the content block.,0.735132,,
delete_batch_experiment_result,"Delete the experiment result.
Report the resulting status to the caller.",0.735776,,
throttle_billing_notification_batch,"Apply throttling to the notification batch.
Report the latest state to the caller.
Return the resulting value or status.",0.736419,,
filter_argument,"Filter the command argument.
Leave the source data unchanged.",0.737062,,
archive,"Archive the template document.
Report the resulting status to the caller.",0.737706,,
disable_incoming_release_note,"Disable the release note.
Report the latest state to the caller.",0.738349,,
sign_background_mfa_challenge,"Sign the MFA challenge.
Keep the decision available for audit handling.
Make the outcome available to the next processing step.",0.738992,,
load_tree,"Load the category tree.
Keep the operation scoped to the active workflow.",0.739635,,
estimate_score,"Estimate the retention score.
Leave the source data unchanged.
Make the outcome available to the next processing step.",0.740279,,
authorize_account_alias,"Authorize use of the account alias.
Apply the active security policy.
Return the resulting value or status.",0.740922,,
filter_billing_inventory_level,Filter the inventory level.,0.741565,,
compile_logging_config,Compile the logging config.,0.742209,,
update_background_payment_intent,"Update the payment intent.
Preserve unrelated state while the operation runs.",0.742852,,
encrypt_body,"Encrypt the response body.
Do not expose protected details in the returned result.
Return the resulting value or status.",0.743495,,
encrypt_workflow_routing_rule,"Encrypt the routing rule.
Apply the active security policy.",0.744139,,
calculate_inventory_level_remote,Calculate the inventory level.,0.744782,,
audit_cached_encryption_key,"Audit the encryption key.
Keep the decision available for audit handling.",0.745425,,
fetch_password_reset,"Retrieve the password reset.
Return a value suitable for the caller.",0.746069,,
retry_task,"Retry the background task.
Report the latest state to the caller.",0.746712,,
sample_audit_feature_flag,Sample the feature flag.,0.747355,,
reindex_export_search_result,Rebuild the index for the search result.,0.747999,,
monitor_service_endpoint_remote,"Monitor the service endpoint.
Keep the work within the current processing flow.
Preserve the caller's active context.",0.748642,,
build_audit_source_commit,"Build the source commit.
Preserve unrelated state while the operation runs.
Preserve the caller's active context.",0.749285,,
reindex_media_asset,"Rebuild the index for the media asset.
Return a value suitable for the caller.
Make the outcome available to the next processing step.",0.749929,,
save_incoming_container_image,Persist the container image.,0.750572,,
hydrate,"Hydrate the payment intent.
Keep the operation scoped to the active workflow.
Preserve the caller's active context.",0.751215,,
update_product_variant,"Update the product variant.
Apply the active configuration before committing changes.",0.751858,,
encrypt_secure_api_response,"Encrypt the API response.
Keep the decision available for audit handling.",0.752502,,
compare_model_feature,"Compare the model feature.
Use the current selection criteria.",0.753145,,
encrypt_logging_config_local,"Encrypt the logging config.
Keep the decision available for audit handling.",0.753788,,
fetch_transaction_certificate_chain,Retrieve the certificate chain.,0.754432,,
route_query,"Route the GraphQL query to the appropriate handler.
Report the latest state to the caller.
Leave unrelated state unchanged.",0.755075,,
load_customer_note_retry,Load the customer note.,0.755718,,
audit_background_task,Audit the background task.,0.756362,,
deserialize,"Deserialize the pagination cursor.
Keep the output suitable for the next processing step.
Make the outcome available to the next processing step.",0.757005,,
reindex_category_tree,Rebuild the index for the category tree.,0.757648,,
sample_latency_budget_deploy,Sample the latency budget.,0.758292,,
load_document,"Load the schema document.
Keep the operation scoped to the active workflow.",0.758935,,
delete_export_worker_lease,Delete the worker lease.,0.759578,,
hash_remote_public_key,"Hash the public key.
Do not expose protected details in the returned result.",0.760222,,
sign_oauth_client_remote,"Sign the OAuth client.
Do not expose protected details in the returned result.",0.760865,,
fetch_coupon_code,"Retrieve the coupon code.
Use the configured source when an override is not supplied.
Preserve the caller's active context.",0.761508,,
throttle_backup_archive_secure,"Apply throttling to the backup archive.
Keep the work within the current processing flow.",0.762152,,
throttle,"Apply throttling to the background task.
Report the latest state to the caller.
Return the resulting value or status.",0.762795,,
refresh_password_reset_cached,"Refresh the password reset.
Use the configured source when an override is not supplied.",0.763438,,
load_security_question_tenant,Load the security question.,0.764081,,
rollback,Roll back the file upload.,0.764725,,
index_export_container_image,Index the container image.,0.765368,,
monitor_limit,"Monitor the quota limit.
Keep the work within the current processing flow.",0.766011,,
update_tree,Update the category tree.,0.766655,,
validate_export_pagination_cursor,"Validate the pagination cursor.
Apply the active security policy.",0.767298,,
normalize_incoming_api_response,Normalize the API response.,0.767941,,
validate_transaction_template_asset,"Validate the template asset.
Do not expose protected details in the returned result.",0.768585,,
redact,Redact the schema document.,0.769228,,
refresh,"Refresh the public key.
Keep the operation scoped to the active workflow.",0.769871,,
save_sync_checkpoint_remote,"Persist the sync checkpoint from the remote service.
Honor a caller-provided override when one is available.",0.770515,,
sort_shipment_label_latest,"Sort the shipment label for the latest available version.
Honor a caller-provided override when one is available.",0.771158,,
sample_billing_date_range,"Sample the date range for the billing workflow.
Honor a caller-provided override when one is available.",0.771801,,
parse_remote_feature_policy,"Parse the feature policy from the remote service.
Honor the active formatting and validation rules.
Honor a caller-provided override when one is available.",0.772445,,
score_exchange_rate,"Score the exchange rate from local storage.
Honor a caller-provided override when one is available.",0.773088,,
update_intent,"Update the payment intent for the selected workspace.
Report the resulting status to the caller.
Honor a caller-provided override when one is available.",0.773731,,
audit_certificate_chain_batch,"Audit the certificate chain for the active batch.
Honor a caller-provided override when one is available.",0.774375,,
deserialize_websocket_frame,"Deserialize the websocket frame within the current transaction.
Honor a caller-provided override when one is available.",0.775018,,
restore,"Restore the cache entry during retry handling.
Honor a caller-provided override when one is available.",0.775661,,
archive,"Archive the coupon code during the background job.
Preserve unrelated state while the operation runs.
Honor a caller-provided override when one is available.",0.776305,,
delete_latest_catalog_item,"Delete the catalog item for the latest available version.
Honor a caller-provided override when one is available.",0.776948,,
throttle_upload,"Apply throttling to the file upload during retry handling.
Do not advance unrelated jobs.
Honor a caller-provided override when one is available.",0.777591,,
filter_code,"Filter the country code against the configured policy.
Use the current selection criteria.
Honor a caller-provided override when one is available.",0.778234,,
audit_account_alias_background,"Audit the account alias during the background job.
Honor a caller-provided override when one is available.",0.778878,,
expand_api_response,"Expand the API response during retry handling.
Keep the output suitable for the next processing step.
Honor a caller-provided override when one is available.",0.779521,,
encrypt_secure_database_schema,"Encrypt the database schema under the active security policy.
Apply the active security policy.
Honor a caller-provided override when one is available.",0.780164,,
deduplicate_workflow_state,"Deduplicate the workflow state during retry handling.
Apply the active configuration before committing changes.
Honor a caller-provided override when one is available.",0.780808,,
hydrate_experiment_result_secure,"Hydrate the experiment result under the active security policy.
Honor a caller-provided override when one is available.",0.781451,,
validate_url_fragment,"Validate the URL fragment for audit review.
Do not expose protected details in the returned result.
Honor a caller-provided override when one is available.",0.782094,,
fetch_challenge,"Retrieve the MFA challenge for the billing workflow.
Honor a caller-provided override when one is available.",0.782738,,
encrypt_export_password_reset,"Encrypt the password reset for the requested export.
Honor a caller-provided override when one is available.",0.783381,,
archive,"Archive the category tree from cached state.
Report the resulting status to the caller.
Honor a caller-provided override when one is available.",0.784024,,
validate_intent,"Validate the payment intent during retry handling.
Apply the active security policy.
Honor a caller-provided override when one is available.",0.784668,,
hydrate_consent_record_workflow,"Hydrate the consent record before the workflow continues.
Keep the operation scoped to the active workflow.
Honor a caller-provided override when one is available.",0.785311,,
archive,"Archive the customer note for the selected workspace.
Apply the active configuration before committing changes.
Honor a caller-provided override when one is available.",0.785954,,
classify_recommendation_score_audit,"Classify the recommendation score for audit review.
Leave the source data unchanged.
Honor a caller-provided override when one is available.",0.786598,,
archive,"Archive the product variant before the workflow continues.
Preserve unrelated state while the operation runs.
Honor a caller-provided override when one is available.",0.787241,,
index_migration_plan_local,"Index the migration plan from local storage.
Keep the operation scoped to the active workflow.
Honor a caller-provided override when one is available.",0.787884,,
redact_secure_trust_bundle,"Redact the trust bundle under the active security policy.
Honor a caller-provided override when one is available.",0.788528,,
hash_login_attempt_timeout,"Hash the login attempt under the configured timeout.
Keep the decision available for audit handling.
Honor a caller-provided override when one is available.",0.789171,,
encrypt_login_attempt_workflow,"Encrypt the login attempt before the workflow continues.
Honor a caller-provided override when one is available.",0.789814,,
audit_incoming_schema_version,"Audit the schema version from the incoming payload.
Apply the active security policy.
Honor a caller-provided override when one is available.",0.790457,,
paginate,"Paginate the template variable for the selected workspace.
Use the current selection criteria.
Honor a caller-provided override when one is available.",0.791101,,
load_policy_health_probe,"Load the health probe against the configured policy.
Return a value suitable for the caller.
Honor a caller-provided override when one is available.",0.791744,,
classify_rate,"Classify the tax rate from the remote service.
Honor a caller-provided override when one is available.",0.792387,,
index_deploy_schema_document,"Index the schema document before deployment.
Keep the operation scoped to the active workflow.
Honor a caller-provided override when one is available.",0.793031,,
compare_latest_quota_limit,"Compare the quota limit for the latest available version.
Honor a caller-provided override when one is available.",0.793674,,
hash_remote_user_segment,"Hash the user segment from the remote service.
Apply the active security policy.
Honor a caller-provided override when one is available.",0.794317,,
deploy_current_query_plan,"Deploy the query plan for the current request.
Report the latest state to the caller.
Honor a caller-provided override when one is available.",0.794961,,
audit_workflow_build_config,"Audit the build config before the workflow continues.
Do not expose protected details in the returned result.
Honor a caller-provided override when one is available.",0.795604,,
audit_latest_routing_rule,"Audit the routing rule for the latest available version.
Keep the decision available for audit handling.
Honor a caller-provided override when one is available.",0.796247,,
reindex_checkpoint,"Rebuild the index for the sync checkpoint from the remote service.
Return a value suitable for the caller.
Honor a caller-provided override when one is available.",0.796891,,
rollback_image,"Roll back the container image from the incoming payload.
Do not advance unrelated jobs.
Honor a caller-provided override when one is available.",0.797534,,
route_package_version_tenant,"Route the package version to the appropriate handler for the selected tenant.
Report the latest state to the caller.
Honor a caller-provided override when one is available.",0.798177,,
sync_cookie,"Synchronize the session cookie against the configured policy.
Use the configured source when an override is not supplied.
Honor a caller-provided override when one is available.",0.798821,,
reindex_workspace_retry_queue,"Rebuild the index for the retry queue for the selected workspace.
Honor a caller-provided override when one is available.",0.799464,,
redact,"Redact the report attachment for audit review.
Apply the active security policy.
Honor a caller-provided override when one is available.",0.800107,,
purge_health_probe_cached,"Permanently purge the health probe from cached state.
Report the resulting status to the caller.
Honor a caller-provided override when one is available.",0.800751,,
diff_incoming_api_contract,"Generate a diff for the API contract from the incoming payload.
Honor a caller-provided override when one is available.",0.801394,,
deploy_sync_checkpoint_workflow,"Deploy the sync checkpoint before the workflow continues.
Do not advance unrelated jobs.
Honor a caller-provided override when one is available.",0.802037,,
audit_payment_intent_workflow,"Audit the payment intent before the workflow continues.
Honor a caller-provided override when one is available.",0.802680,,
build_billing_rule,"Build the billing rule for the requested export.
Apply the active configuration before committing changes.
Honor a caller-provided override when one is available.",0.803324,,
revoke_webhook_signature_tenant,"Revoke access associated with the webhook signature for the selected tenant.
Honor a caller-provided override when one is available.",0.803967,,
audit_workspace_build_artifact,"Audit the build artifact for the selected workspace.
Do not expose protected details in the returned result.
Honor a caller-provided override when one is available.",0.804610,,
decrypt_certificate_chain,"Decrypt the certificate chain for the active batch.
Honor a caller-provided override when one is available.",0.805254,,
deploy_cron_schedule_cached,"Deploy the cron schedule from cached state.
Do not advance unrelated jobs.
Honor a caller-provided override when one is available.",0.805897,,
redact_browser_session,"Redact the browser session for the requested export.
Do not expose protected details in the returned result.
Honor a caller-provided override when one is available.",0.806540,,
create_secure_job_trigger,"Create the job trigger under the active security policy.
Preserve unrelated state while the operation runs.
Honor a caller-provided override when one is available.",0.807184,,
calculate_workflow_rate_limit,"Calculate the rate limit before the workflow continues.
Return a stable value for downstream processing.
Honor a caller-provided override when one is available.",0.807827,,
load_mfa_challenge_cached,"Load the MFA challenge from cached state.
Keep the operation scoped to the active workflow.
Honor a caller-provided override when one is available.",0.808470,,
calculate_retention_score_deploy,"Calculate the retention score before deployment.
Use the current selection criteria.
Honor a caller-provided override when one is available.",0.809114,,
paginate,"Paginate the error budget from cached state.
Return a stable value for downstream processing.
Honor a caller-provided override when one is available.",0.809757,,
route_tenant_validation_error,"Route the validation error to the appropriate handler for the selected tenant.
Do not advance unrelated jobs.
Honor a caller-provided override when one is available.",0.810400,,
publish_configuration_file_audit,"Publish the configuration file for audit review.
Apply the active configuration before committing changes.
Honor a caller-provided override when one is available.",0.811044,,
diff_deployment_manifest,"Generate a diff for the deployment manifest for the requested export.
Honor a caller-provided override when one is available.",0.811687,,
delete_deploy_health_probe,"Delete the health probe before deployment.
Preserve unrelated state while the operation runs.
Honor a caller-provided override when one is available.",0.812330,,
rank_tax_rate_background,"Rank the tax rate during the background job.
Use the current selection criteria.
Honor a caller-provided override when one is available.",0.812974,,
rollback,"Roll back the DNS record within the current transaction.
Keep the work within the current processing flow.
Honor a caller-provided override when one is available.",0.813617,,
decrypt_permission_grant_background,"Decrypt the permission grant during the background job.
Honor a caller-provided override when one is available.",0.814260,,
extract_attachment,"Extract the PDF attachment before deployment.
Retain only the information required by the caller.
Honor a caller-provided override when one is available.",0.814904,,
redact_login_attempt,"Redact the login attempt under the active security policy.
Do not expose protected details in the returned result.
Keep the result available for the next processing step.",0.815547,,
rollback_probe,"Roll back the health probe during the background job.
Do not advance unrelated jobs.
Keep the result available for the next processing step.",0.816190,,
sort_conversion_rate_current,"Sort the conversion rate for the current request.
Use the current selection criteria.
Keep the result available for the next processing step.",0.816833,,
filter_quota_limit_export,"Filter the quota limit for the requested export.
Return a stable value for downstream processing.
Keep the result available for the next processing step.",0.817477,,
publish_document,"Publish the source document before the workflow continues.
Keep the result available for the next processing step.",0.818120,,
throttle_attempt,"Apply throttling to the delivery attempt during the background job.
Do not advance unrelated jobs.
Keep the result available for the next processing step.",0.818763,,
aggregate_export_inventory_level,"Aggregate the inventory level for the requested export.
Use the current selection criteria.
Keep the result available for the next processing step.",0.819407,,
archive_export_job_current,"Archive the export job for the current request.
Apply the active configuration before committing changes.
Keep the result available for the next processing step.",0.820050,,
index_audit_calendar_event,"Index the calendar event for audit review.
Keep the result available for the next processing step.",0.820693,,
refresh,"Refresh the search index during retry handling.
Keep the result available for the next processing step.",0.821337,,
hydrate_shipment_label_incoming,"Hydrate the shipment label from the incoming payload.
Keep the result available for the next processing step.",0.821980,,
delete_policy_service_health,"Delete the service health against the configured policy.
Preserve unrelated state while the operation runs.
Keep the result available for the next processing step.",0.822623,,
convert_document,"Convert the template document against the configured policy.
Keep the result available for the next processing step.",0.823267,,
deploy_transition,"Deploy the state transition from local storage.
Report the latest state to the caller.
Keep the result available for the next processing step.",0.823910,,
throttle_policy_directory_listing,"Apply throttling to the directory listing against the configured policy.
Report the latest state to the caller.
Keep the result available for the next processing step.",0.824553,,
sync_billing_worker_job,"Synchronize the worker job for the billing workflow.
Return a value suitable for the caller.
Keep the result available for the next processing step.",0.825197,,
audit_index,"Audit the search index for the active batch.
Keep the decision available for audit handling.
Keep the result available for the next processing step.",0.825840,,
paginate_locale_setting_tenant,"Paginate the locale setting for the selected tenant.
Return a stable value for downstream processing.
Keep the result available for the next processing step.",0.826483,,
parse_schema_document_workspace,"Parse the schema document for the selected workspace.
Honor the active formatting and validation rules.
Keep the result available for the next processing step.",0.827127,,
aggregate_conversion_rate_incoming,"Aggregate the conversion rate from the incoming payload.
Return a stable value for downstream processing.
Keep the result available for the next processing step.",0.827770,,
rank_value,"Rank the timezone value before the workflow continues.
Use the current selection criteria.
Keep the result available for the next processing step.",0.828413,,
archive,"Archive the coupon code for the current request.
Apply the active configuration before committing changes.
Keep the result available for the next processing step.",0.829056,,
expand_csv_row,"Expand the CSV row for audit review.
Retain only the information required by the caller.
Keep the result available for the next processing step.",0.829700,,
create_state_transition,"Create the state transition for the latest available version.
Preserve unrelated state while the operation runs.
Keep the result available for the next processing step.",0.830343,,
sample_migration_plan_tenant,"Sample the migration plan for the selected tenant.
Keep the result available for the next processing step.",0.830986,,
create_login_attempt,"Create the login attempt from cached state.
Report the resulting status to the caller.
Keep the result available for the next processing step.",0.831630,,
format_attachment,"Format the report attachment for the selected tenant.
Keep the result available for the next processing step.",0.832273,,
fetch_workflow_migration_plan,"Retrieve the migration plan before the workflow continues.
Keep the operation scoped to the active workflow.
Keep the result available for the next processing step.",0.832916,,
create_snapshot,"Create the report snapshot for the latest available version.
Apply the active configuration before committing changes.
Keep the result available for the next processing step.",0.833560,,
redact_document_page_audit,"Redact the document page for audit review.
Do not expose protected details in the returned result.
Keep the result available for the next processing step.",0.834203,,
save_sync_checkpoint_export,"Persist the sync checkpoint for the requested export.
Apply the active configuration before committing changes.
Keep the result available for the next processing step.",0.834846,,
load_webhook_signature_workspace,"Load the webhook signature for the selected workspace.
Keep the operation scoped to the active workflow.
Keep the result available for the next processing step.",0.835490,,
score_locale_setting,"Score the locale setting before the workflow continues.
Keep the result available for the next processing step.",0.836133,,
invalidate_worker_lease_audit,"Invalidate the worker lease for audit review.
Preserve unrelated state while the operation runs.
Keep the result available for the next processing step.",0.836776,,
compress_deploy_api_response,"Compress the API response before deployment.
Keep the output suitable for the next processing step.
Keep the result available for the next processing step.",0.837420,,
sync_job,"Synchronize the release job before the workflow continues.
Keep the result available for the next processing step.",0.838063,,
calculate_current_retention_score,"Calculate the retention score for the current request.
Keep the result available for the next processing step.",0.838706,,
restore_local_sync_checkpoint,"Restore the sync checkpoint from local storage.
Apply the active configuration before committing changes.
Keep the result available for the next processing step.",0.839350,,
deploy_task,"Deploy the scheduled task for audit review.
Keep the work within the current processing flow.
Keep the result available for the next processing step.",0.839993,,
sort_rate,"Sort the conversion rate under the configured timeout.
Keep the result available for the next processing step.",0.840636,,
create_line,"Create the order line against the configured policy.
Apply the active configuration before committing changes.
Keep the result available for the next processing step.",0.841279,,
format_incoming_command_argument,"Format the command argument from the incoming payload.
Keep the result available for the next processing step.",0.841923,,
calculate_latency_budget_local,"Calculate the latency budget from local storage.
Return a stable value for downstream processing.
Keep the result available for the next processing step.",0.842566,,
validate_oauth_client_cached,"Validate the OAuth client from cached state.
Keep the decision available for audit handling.
Keep the result available for the next processing step.",0.843209,,
convert_deploy_query_parameter,"Convert the query parameter before deployment.
Retain only the information required by the caller.
Keep the result available for the next processing step.",0.843853,,
diff_export_database_schema,"Generate a diff for the database schema for the requested export.
Use the current selection criteria.
Keep the result available for the next processing step.",0.844496,,
filter_batch_request_body,"Filter the request body for the active batch.
Leave the source data unchanged.
Keep the result available for the next processing step.",0.845139,,
sync_job_run_local,"Synchronize the job run from local storage.
Keep the operation scoped to the active workflow.
Keep the result available for the next processing step.",0.845783,,
deploy_environment_variable,"Deploy the environment variable for the billing workflow.
Report the latest state to the caller.
Keep the result available for the next processing step.",0.846426,,
hydrate_export_content_block,"Hydrate the content block for the requested export.
Return a value suitable for the caller.
Keep the result available for the next processing step.",0.847069,,
deploy_background_export_request,"Deploy the export request during the background job.
Keep the result available for the next processing step.",0.847713,,
monitor_current_processing_stage,"Monitor the processing stage for the current request.
Do not advance unrelated jobs.
Keep the result available for the next processing step.",0.848356,,
publish_template_asset_workflow,"Publish the template asset before the workflow continues.
Keep the result available for the next processing step.",0.848999,,
audit_attempt,"Audit the login attempt for the current request.
Do not expose protected details in the returned result.
Keep the result available for the next processing step.",0.849643,,
delete_localization_bundle_workflow,"Delete the localization bundle before the workflow continues.
Apply the active configuration before committing changes.
Keep the result available for the next processing step.",0.850286,,
wait_dns_record,"Wait for the DNS record from the incoming payload.
Keep the work within the current processing flow.
Keep the result available for the next processing step.",0.850929,,
deserialize,"Deserialize the URL fragment from cached state.
Keep the result available for the next processing step.",0.851573,,
encrypt_certificate_chain,"Encrypt the certificate chain from local storage.
Keep the decision available for audit handling.
Keep the result available for the next processing step.",0.852216,,
revoke_grant,"Revoke access associated with the permission grant against the configured policy.
Keep the result available for the next processing step.",0.852859,,
hydrate,"Hydrate the consent record from cached state.
Keep the result available for the next processing step.",0.853503,,
extract_retry_template_variable,"Extract the template variable during retry handling.
Honor the active formatting and validation rules.
Keep the result available for the next processing step.",0.854146,,
filter_plan,"Filter the pricing plan from the remote service.
Return a stable value for downstream processing.
Keep the result available for the next processing step.",0.854789,,
paginate,"Paginate the JSON payload during retry handling.
Use the current selection criteria.
Keep the result available for the next processing step.",0.855432,,
archive,"Archive the payment intent before deployment.
Report the resulting status to the caller.
Keep the result available for the next processing step.",0.856076,,
compile_transaction_schema_document,"Compile the schema document within the current transaction.
Keep the result available for the next processing step.",0.856719,,
validate_remote_schema_version,"Validate the schema version from the remote service.
Apply the active security policy.
Keep the result available for the next processing step.",0.857362,,
refresh_latest_device_fingerprint,"Refresh the device fingerprint for the latest available version.
Keep the result available for the next processing step.",0.858006,,
build_commit,"Build the source commit for the selected workspace.
Preserve unrelated state while the operation runs.
Keep the result available for the next processing step.",0.858649,,
index_document_section_policy,"Index the document section against the configured policy.
Use the configured source when an override is not supplied.
Keep the result available for the next processing step.",0.859292,,
sync_retry_cache_entry,"Synchronize the cache entry during retry handling.
Keep the result available for the next processing step.",0.859936,,
verify_transaction_certificate_chain,"Verify the certificate chain within the current transaction.
Apply the active security policy.
Leave unrelated state unchanged.",0.860579,,
delete_permission_grant_current,"Delete the permission grant for the current request.
Leave unrelated state unchanged.",0.861222,,
map_request_body,"Map the request body against the configured policy.
Leave unrelated state unchanged.",0.861866,,
create_device_fingerprint,"Create the device fingerprint from local storage.
Report the resulting status to the caller.
Leave unrelated state unchanged.",0.862509,,
dequeue_workflow_step_incoming,"Take the next item from the workflow step from the incoming payload.
Report the latest state to the caller.
Leave unrelated state unchanged.",0.863152,,
sign_export_file_permission,"Sign the file permission for the requested export.
Leave unrelated state unchanged.",0.863796,,
build_latest_logging_config,"Build the logging config for the latest available version.
Preserve unrelated state while the operation runs.
Leave unrelated state unchanged.",0.864439,,
hash_latest_access_policy,"Hash the access policy for the latest available version.
Keep the decision available for audit handling.
Leave unrelated state unchanged.",0.865082,,
sync_remote_access_policy,"Synchronize the access policy from the remote service.
Keep the operation scoped to the active workflow.
Leave unrelated state unchanged.",0.865726,,
hash_export_websocket_frame,"Hash the websocket frame for the requested export.
Do not expose protected details in the returned result.
Leave unrelated state unchanged.",0.866369,,
deserialize_csv_row_audit,"Deserialize the CSV row for audit review.
Leave unrelated state unchanged.",0.867012,,
revoke_browser_session,"Revoke access associated with the browser session for the current request.
Keep the decision available for audit handling.
Leave unrelated state unchanged.",0.867655,,
wait_export_job_timeout,"Wait for the export job under the configured timeout.
Keep the work within the current processing flow.
Leave unrelated state unchanged.",0.868299,,
encrypt_billing_validation_error,"Encrypt the validation error for the billing workflow.
Do not expose protected details in the returned result.
Leave unrelated state unchanged.",0.868942,,
publish_policy_api_contract,"Publish the API contract against the configured policy.
Leave unrelated state unchanged.",0.869585,,
delete_retry_database_connection,"Delete the database connection during retry handling.
Leave unrelated state unchanged.",0.870229,,
audit_database_connection_retry,"Audit the database connection during retry handling.
Do not expose protected details in the returned result.
Leave unrelated state unchanged.",0.870872,,
audit_local_payment_intent,"Audit the payment intent from local storage.
Leave unrelated state unchanged.",0.871515,,
load_permission_grant,"Load the permission grant for the latest available version.
Leave unrelated state unchanged.",0.872159,,
restore_tenant_archive_manifest,"Restore the archive manifest for the selected tenant.
Preserve unrelated state while the operation runs.
Leave unrelated state unchanged.",0.872802,,
fetch_encryption_key,"Retrieve the encryption key from cached state.
Leave unrelated state unchanged.",0.873445,,
revoke_user_segment_export,"Revoke access associated with the user segment for the requested export.
Keep the decision available for audit handling.
Leave unrelated state unchanged.",0.874089,,
sort_policy_exchange_rate,"Sort the exchange rate against the configured policy.
Leave unrelated state unchanged.",0.874732,,
schedule_release_note,"Schedule the release note for the active batch.
Report the latest state to the caller.
Leave unrelated state unchanged.",0.875375,,
revoke_key_rotation,"Revoke access associated with the key rotation during retry handling.
Keep the decision available for audit handling.
Leave unrelated state unchanged.",0.876019,,
sync_user_profile,"Synchronize the user profile before the workflow continues.
Keep the operation scoped to the active workflow.
Leave unrelated state unchanged.",0.876662,,
encrypt_key_rotation_cached,"Encrypt the key rotation from cached state.
Leave unrelated state unchanged.",0.877305,,
reindex_build_artifact,"Rebuild the index for the build artifact before the workflow continues.
Use the configured source when an override is not supplied.
Leave unrelated state unchanged.",0.877949,,
build_billing_rule_latest,"Build the billing rule for the latest available version.
Preserve unrelated state while the operation runs.
Leave unrelated state unchanged.",0.878592,,
rank_recommendation_score,"Rank the recommendation score from cached state.
Leave the source data unchanged.
Leave unrelated state unchanged.",0.879235,,
fetch_export_device_fingerprint,"Retrieve the device fingerprint for the requested export.
Leave unrelated state unchanged.",0.879878,,
update_retry_policy,"Update the retry policy for audit review.
Leave unrelated state unchanged.",0.880522,,
deploy_backup_archive,"Deploy the backup archive under the configured timeout.
Leave unrelated state unchanged.",0.881165,,
load_feature_flag_batch,"Load the feature flag for the active batch.
Use the configured source when an override is not supplied.
Leave unrelated state unchanged.",0.881808,,
parse_tenant_billing_rule,"Parse the billing rule for the selected tenant.
Leave unrelated state unchanged.",0.882452,,
sort_cached_rate_limit,"Sort the rate limit from cached state.
Return a stable value for downstream processing.
Leave unrelated state unchanged.",0.883095,,
format_source_document,"Format the source document during retry handling.
Leave unrelated state unchanged.",0.883738,,
parse_source_document,"Parse the source document during retry handling.
Leave unrelated state unchanged.",0.884382,,
classify_secure_tax_rate,"Classify the tax rate under the active security policy.
Use the current selection criteria.
Leave unrelated state unchanged.",0.885025,,
convert_policy_schema_document,"Convert the schema document against the configured policy.
Honor the active formatting and validation rules.
Leave unrelated state unchanged.",0.885668,,
fetch_shipment_label,"Retrieve the shipment label for audit review.
Keep the operation scoped to the active workflow.
Leave unrelated state unchanged.",0.886312,,
create_policy_auth_token,"Create the auth token against the configured policy.
Preserve unrelated state while the operation runs.
Leave unrelated state unchanged.",0.886955,,
sort_health_metric_secure,"Sort the health metric under the active security policy.
Leave unrelated state unchanged.",0.887598,,
redact_batch_profile_field,"Redact the profile field for the active batch.
Do not expose protected details in the returned result.
Leave unrelated state unchanged.",0.888242,,
extract_report_attachment_cached,"Extract the report attachment from cached state.
Honor the active formatting and validation rules.
Leave unrelated state unchanged.",0.888885,,
detect_workflow_exchange_rate,"Detect anomalies in the exchange rate before the workflow continues.
Leave unrelated state unchanged.",0.889528,,
validate_metadata_block_tenant,"Validate the metadata block for the selected tenant.
Keep the decision available for audit handling.
Leave unrelated state unchanged.",0.890172,,
verify_auth_token,"Verify the auth token from local storage.
Leave unrelated state unchanged.",0.890815,,
deploy_export_request_secure,"Deploy the export request under the active security policy.
Leave unrelated state unchanged.",0.891458,,
route_policy_deployment_job,"Route the deployment job to the appropriate handler against the configured policy.
Do not advance unrelated jobs.
Leave unrelated state unchanged.",0.892102,,
decrypt_policy_mfa_challenge,"Decrypt the MFA challenge against the configured policy.
Keep the decision available for audit handling.
Leave unrelated state unchanged.",0.892745,,
fetch_remote_certificate_chain,"Retrieve the certificate chain from the remote service.
Return a value suitable for the caller.
Leave unrelated state unchanged.",0.893388,,
create_device_fingerprint,"Create the device fingerprint for audit review.
Report the resulting status to the caller.
Leave unrelated state unchanged.",0.894031,,
hydrate_background_archive_manifest,"Hydrate the archive manifest during the background job.
Use the configured source when an override is not supplied.
Leave unrelated state unchanged.",0.894675,,
redact_audit_encryption_key,"Redact the encryption key for audit review.
Keep the decision available for audit handling.
Leave unrelated state unchanged.",0.895318,,
retry_delivery_attempt,"Retry the delivery attempt for the selected workspace.
Keep the work within the current processing flow.
Leave unrelated state unchanged.",0.895961,,
filter_conversion_rate,"Filter the conversion rate from the remote service.
Return a stable value for downstream processing.
Leave unrelated state unchanged.",0.896605,,
parse_build_config,"Parse the build config during retry handling.
Leave unrelated state unchanged.",0.897248,,
validate_workflow_catalog_item,"Validate the catalog item before the workflow continues.
Leave unrelated state unchanged.",0.897891,,
truncate_query_parameter,"Truncate the query parameter before deployment.
Keep the output suitable for the next processing step.
Leave unrelated state unchanged.",0.898535,,
hydrate_search_result,"Hydrate the search result for the billing workflow.
Use the configured source when an override is not supplied.
Leave unrelated state unchanged.",0.899178,,
deduplicate_configuration_file,"Deduplicate the configuration file from the remote service.
Apply the active configuration before committing changes.
Leave unrelated state unchanged.",0.899821,,
classify_date_range_workflow,"Classify the date range before the workflow continues.
Return a stable value for downstream processing.
Leave unrelated state unchanged.",0.900465,,
validate_account_record,"Validate the account record from cached state.
Apply the active security policy.
Leave unrelated state unchanged.",0.901108,,
refresh_database_schema,"Refresh the database schema for the latest available version.
Use the configured source when an override is not supplied.
Leave unrelated state unchanged.",0.901751,,
audit_deploy_oauth_client,"Audit the OAuth client before deployment.
Apply the active security policy.
Leave unrelated state unchanged.",0.902395,,
sign_schema_document_local,"Sign the schema document from local storage.
Leave unrelated state unchanged.",0.903038,,
expand_batch_schema_document,"Expand the schema document for the active batch.
Keep the output suitable for the next processing step.
Leave unrelated state unchanged.",0.903681,,
merge_configuration_file_batch,"Merge the configuration file for the active batch.
Apply the active configuration before committing changes.
Leave unrelated state unchanged.",0.904325,,
update_remote_device_fingerprint,"Update the device fingerprint from the remote service.
Leave unrelated state unchanged.",0.904968,,
decrypt_service_config,"Decrypt the service config from the remote service.
Use the default path when no explicit override is supplied.",0.905611,,
dispatch_delivery_attempt_audit,"Dispatch the delivery attempt for audit review.
Report the latest state to the caller.
Use the default path when no explicit override is supplied.",0.906254,,
delete_contact_record_latest,"Delete the contact record for the latest available version.
Use the default path when no explicit override is supplied.",0.906898,,
cancel_feature_rollout,"Cancel the feature rollout under the active security policy.
Use the default path when no explicit override is supplied.",0.907541,,
save_incoming_search_index,"Persist the search index from the incoming payload.
Apply the active configuration before committing changes.
Use the default path when no explicit override is supplied.",0.908184,,
archive_audit_billing_address,"Archive the billing address for audit review.
Use the default path when no explicit override is supplied.",0.908828,,
index_dns_record,"Index the DNS record for the latest available version.
Use the configured source when an override is not supplied.
Use the default path when no explicit override is supplied.",0.909471,,
update_search_result_retry,"Update the search result during retry handling.
Apply the active configuration before committing changes.
Use the default path when no explicit override is supplied.",0.910114,,
restore_network_route_workspace,"Restore the network route for the selected workspace.
Apply the active configuration before committing changes.
Use the default path when no explicit override is supplied.",0.910758,,
compare_recommendation_score,"Compare the recommendation score from the remote service.
Use the current selection criteria.
Use the default path when no explicit override is supplied.",0.911401,,
decrypt_secret_value,"Decrypt the secret value against the configured policy.
Use the default path when no explicit override is supplied.",0.912044,,
update_feature_rollout,"Update the feature rollout from the remote service.
Use the default path when no explicit override is supplied.",0.912688,,
validate_cached_calendar_event,"Validate the calendar event from cached state.
Do not expose protected details in the returned result.
Use the default path when no explicit override is supplied.",0.913331,,
disable_background_notification_batch,"Disable the notification batch during the background job.
Use the default path when no explicit override is supplied.",0.913974,,
publish_current_html_fragment,"Publish the html fragment for the current request.
Use the default path when no explicit override is supplied.",0.914618,,
truncate_policy_pagination_cursor,"Truncate the pagination cursor against the configured policy.
Use the default path when no explicit override is supplied.",0.915261,,
filter_local_catalog_item,"Filter the catalog item from local storage.
Leave the source data unchanged.
Use the default path when no explicit override is supplied.",0.915904,,
refresh_service_endpoint_local,"Refresh the service endpoint from local storage.
Return a value suitable for the caller.
Use the default path when no explicit override is supplied.",0.916548,,
cancel_delivery_attempt,"Cancel the delivery attempt against the configured policy.
Report the latest state to the caller.
Use the default path when no explicit override is supplied.",0.917191,,
publish_audit_api_contract,"Publish the API contract for audit review.
Use the default path when no explicit override is supplied.",0.917834,,
rollback_export_metric_series,"Roll back the metric series for the requested export.
Use the default path when no explicit override is supplied.",0.918477,,
validate_currency_code_batch,"Validate the currency code for the active batch.
Use the default path when no explicit override is supplied.",0.919121,,
disable_processing_stage_tenant,"Disable the processing stage for the selected tenant.
Report the latest state to the caller.
Use the default path when no explicit override is supplied.",0.919764,,
monitor_source_commit,"Monitor the source commit from cached state.
Use the default path when no explicit override is supplied.",0.920407,,
invalidate_metric_series_policy,"Invalidate the metric series against the configured policy.
Use the default path when no explicit override is supplied.",0.921051,,
decrypt_graphql_query,"Decrypt the GraphQL query from cached state.
Keep the decision available for audit handling.
Use the default path when no explicit override is supplied.",0.921694,,
deploy_deployment_job_latest,"Deploy the deployment job for the latest available version.
Keep the work within the current processing flow.
Use the default path when no explicit override is supplied.",0.922337,,
invalidate_container_image_timeout,"Invalidate the container image under the configured timeout.
Report the resulting status to the caller.
Use the default path when no explicit override is supplied.",0.922981,,
encrypt_policy_form_field,"Encrypt the form field against the configured policy.
Do not expose protected details in the returned result.
Use the default path when no explicit override is supplied.",0.923624,,
hydrate_pricing_plan_batch,"Hydrate the pricing plan for the active batch.
Use the configured source when an override is not supplied.
Use the default path when no explicit override is supplied.",0.924267,,
sync_session_cookie,"Synchronize the session cookie from local storage.
Keep the operation scoped to the active workflow.
Use the default path when no explicit override is supplied.",0.924911,,
delete_profile_field_deploy,"Delete the profile field before deployment.
Report the resulting status to the caller.
Use the default path when no explicit override is supplied.",0.925554,,
publish_account_record_deploy,"Publish the account record before deployment.
Report the resulting status to the caller.
Use the default path when no explicit override is supplied.",0.926197,,
validate_csv_row_local,"Validate the CSV row from local storage.
Do not expose protected details in the returned result.
Use the default path when no explicit override is supplied.",0.926841,,
create_workspace_template_asset,"Create the template asset for the selected workspace.
Report the resulting status to the caller.
Use the default path when no explicit override is supplied.",0.927484,,
compile_api_contract,"Compile the API contract against the configured policy.
Keep the output suitable for the next processing step.
Use the default path when no explicit override is supplied.",0.928127,,
build_job_run_cached,"Build the job run from cached state.
Report the resulting status to the caller.
Use the default path when no explicit override is supplied.",0.928771,,
validate_pdf_attachment,"Validate the PDF attachment within the current transaction.
Apply the active security policy.
Use the default path when no explicit override is supplied.",0.929414,,
merge_schema_version,"Merge the schema version during retry handling.
Preserve unrelated state while the operation runs.
Use the default path when no explicit override is supplied.",0.930057,,
load_tenant_security_question,"Load the security question for the selected tenant.
Keep the operation scoped to the active workflow.
Use the default path when no explicit override is supplied.",0.930701,,
reindex_product_variant_tenant,"Rebuild the index for the product variant for the selected tenant.
Use the default path when no explicit override is supplied.",0.931344,,
deserialize_validation_error,"Deserialize the validation error before the workflow continues.
Keep the output suitable for the next processing step.
Use the default path when no explicit override is supplied.",0.931987,,
revoke_security_question_deploy,"Revoke access associated with the security question before deployment.
Do not expose protected details in the returned result.
Use the default path when no explicit override is supplied.",0.932630,,
update_workflow_account_record,"Update the account record before the workflow continues.
Apply the active configuration before committing changes.
Use the default path when no explicit override is supplied.",0.933274,,
route_webhook_event_retry,"Route the webhook event to the appropriate handler during retry handling.
Report the latest state to the caller.
Use the default path when no explicit override is supplied.",0.933917,,
deduplicate_archive_manifest_retry,"Deduplicate the archive manifest during retry handling.
Apply the active configuration before committing changes.
Use the default path when no explicit override is supplied.",0.934560,,
sign_public_key_workspace,"Sign the public key for the selected workspace.
Use the default path when no explicit override is supplied.",0.935204,,
redact_response_body_timeout,"Redact the response body under the configured timeout.
Use the default path when no explicit override is supplied.",0.935847,,
audit_order_line_deploy,"Audit the order line before deployment.
Apply the active security policy.
Use the default path when no explicit override is supplied.",0.936490,,
fetch_audit_workflow_state,"Retrieve the workflow state for audit review.
Keep the operation scoped to the active workflow.
Use the default path when no explicit override is supplied.",0.937134,,
build_api_contract,"Build the API contract before deployment.
Preserve unrelated state while the operation runs.
Use the default path when no explicit override is supplied.",0.937777,,
redact_workflow_command_argument,"Redact the command argument before the workflow continues.
Use the default path when no explicit override is supplied.",0.938420,,
merge_latest_schema_version,"Merge the schema version for the latest available version.
Preserve unrelated state while the operation runs.
Use the default path when no explicit override is supplied.",0.939064,,
rollback_sync_checkpoint_workspace,"Roll back the sync checkpoint for the selected workspace.
Report the latest state to the caller.
Use the default path when no explicit override is supplied.",0.939707,,
compress_command_argument,"Compress the command argument for the selected workspace.
Keep the output suitable for the next processing step.
Use the default path when no explicit override is supplied.",0.940350,,
invalidate_oauth_client_tenant,"Invalidate the OAuth client for the selected tenant.
Use the default path when no explicit override is supplied.",0.940994,,
detect_recommendation_score_export,"Detect anomalies in the recommendation score for the requested export.
Use the default path when no explicit override is supplied.",0.941637,,
detect_background_recommendation_score,"Detect anomalies in the recommendation score during the background job.
Use the current selection criteria.
Use the default path when no explicit override is supplied.",0.942280,,
sort_retry_country_code,"Sort the country code during retry handling.
Use the current selection criteria.
Use the default path when no explicit override is supplied.",0.942924,,
update_remote_workflow_state,"Update the workflow state from the remote service.
Apply the active configuration before committing changes.
Use the default path when no explicit override is supplied.",0.943567,,
parse_feature_policy_export,"Parse the feature policy for the requested export.
Honor the active formatting and validation rules.
Use the default path when no explicit override is supplied.",0.944210,,
sign_file_permission_secure,"Sign the file permission under the active security policy.
Use the default path when no explicit override is supplied.",0.944853,,
delete_latest_incident_record,"Delete the incident record for the latest available version.
Preserve unrelated state while the operation runs.
Use the default path when no explicit override is supplied.",0.945497,,
calculate_tenant_locale_setting,"Calculate the locale setting for the selected tenant.
Leave the source data unchanged.
Use the default path when no explicit override is supplied.",0.946140,,
update_file_upload_incoming,"Update the file upload from the incoming payload.
Report the resulting status to the caller.
Use the default path when no explicit override is supplied.",0.946783,,
compare_inventory_level_policy,"Compare the inventory level against the configured policy.
Use the default path when no explicit override is supplied.",0.947427,,
build_source_commit,"Build the source commit for the active batch.
Report the resulting status to the caller.
Use the default path when no explicit override is supplied.",0.948070,,
sync_notification_rule,"Synchronize the notification rule for the selected workspace.
Keep the operation scoped to the active workflow.
Use the default path when no explicit override is supplied.",0.948713,,
estimate_conversion_rate_deploy,"Estimate the conversion rate before deployment.
Return a stable value for downstream processing.
Use the default path when no explicit override is supplied.",0.949357,,
merge_policy_import_manifest,"Merge the import manifest against the configured policy.
Use the default path when no explicit override is supplied.",0.950000,,
compress_template_variable,Compress the template variable from cached state.,1.0,,
compile_api_contract_audit,"Compile the API contract for audit review.
Keep the output suitable for the next processing step.
Make the outcome available to the next processing step.",1.0,,
deserialize_graphql_query_batch,Deserialize the GraphQL query for the active batch.,1.0,,
sample_audit_log,"Sample the audit log during retry handling.
Return a stable value for downstream processing.",1.0,,
decrypt_permission_grant_billing,"Decrypt the permission grant for the billing workflow.
Apply the active security policy.",1.0,,
hydrate_workflow_content_block,"Hydrate the content block before the workflow continues.
Return a value suitable for the caller.
Return the resulting value or status.",1.0,,
route_background_task_export,Route the background task to the appropriate handler for the requested export.,1.0,,
cancel_deploy_image_asset,"Cancel the image asset before deployment.
Do not advance unrelated jobs.
Preserve the caller's active context.",1.0,,
create_template_asset,Create the template asset from local storage.,1.0,,
audit_transaction_trust_bundle,Audit the trust bundle within the current transaction.,1.0,,
estimate_error_budget_tenant,Estimate the error budget for the selected tenant.,1.0,,
validate_retry_country_code,"Validate the country code during retry handling.
Keep the decision available for audit handling.",1.0,,
redact_cached_session_cookie,"Redact the session cookie from cached state.
Apply the active security policy.
Preserve the caller's active context.",1.0,,
load_feature_policy_secure,"Load the feature policy under the active security policy.
Keep the operation scoped to the active workflow.",1.0,,
validate_country_code_transaction,"Validate the country code within the current transaction.
Keep the decision available for audit handling.
Return the resulting value or status.",1.0,,
fetch_timeout_encryption_key,Retrieve the encryption key under the configured timeout.,1.0,,
throttle_notification_batch_tenant,"Apply throttling to the notification batch for the selected tenant.
Do not advance unrelated jobs.
Leave unrelated state unchanged.",1.0,,
load_local_retention_rule,Load the retention rule from local storage.,1.0,,
extract_response_body_deploy,"Extract the response body before deployment.
Honor the active formatting and validation rules.",1.0,,
format_graphql_query_billing,Format the GraphQL query for the billing workflow.,1.0,,
cancel_import_job_current,"Cancel the import job for the current request.
Report the latest state to the caller.
Leave unrelated state unchanged.",1.0,,
index_timeout_service_endpoint,"Index the service endpoint under the configured timeout.
Return a value suitable for the caller.
Preserve the caller's active context.",1.0,,
load_transaction_certificate_chain,"Load the certificate chain within the current transaction.
Use the configured source when an override is not supplied.",1.0,,
publish_deploy_experiment_result,Publish the experiment result before deployment.,1.0,,
sort_fraud_signal_workspace,"Sort the fraud signal for the selected workspace.
Leave the source data unchanged.
Preserve the caller's active context.",1.0,,
archive_background_product_variant,"Archive the product variant during the background job.
Apply the active configuration before committing changes.
Preserve the caller's active context.",1.0,,
parse_logging_config_batch,"Parse the logging config for the active batch.
Retain only the information required by the caller.",1.0,,
load_storage_bucket,"Load the storage bucket for the billing workflow.
Use the configured source when an override is not supplied.",1.0,,
convert_current_schema_document,"Convert the schema document for the current request.
Keep the output suitable for the next processing step.",1.0,,
dispatch_deploy_notification_batch,"Dispatch the notification batch before deployment.
Report the latest state to the caller.",1.0,,
filter_customer_note_workflow,Filter the customer note before the workflow continues.,1.0,,
invalidate_routing_rule_retry,"Invalidate the routing rule during retry handling.
Report the resulting status to the caller.
Return the resulting value or status.",1.0,,
authorize_email_address,"Authorize use of the email address for the latest available version.
Apply the active security policy.",1.0,,
load_payment_intent_policy,"Load the payment intent against the configured policy.
Keep the operation scoped to the active workflow.
Leave unrelated state unchanged.",1.0,,
delete_latest_container_image,"Delete the container image for the latest available version.
Preserve unrelated state while the operation runs.
Preserve the caller's active context.",1.0,,
deploy_retry_processing_stage,"Deploy the processing stage during retry handling.
Keep the work within the current processing flow.
Leave unrelated state unchanged.",1.0,,
score_incoming_error_budget,Score the error budget from the incoming payload.,1.0,,
verify_audit_template_variable,Verify the template variable for audit review.,1.0,,
fetch_experiment_result,"Retrieve the experiment result for audit review.
Keep the operation scoped to the active workflow.",1.0,,
decrypt_query_parameter,Decrypt the query parameter during retry handling.,1.0,,
verify_csv_row,"Verify the CSV row under the active security policy.
Do not expose protected details in the returned result.",1.0,,
invalidate_incoming_database_connection,"Invalidate the database connection from the incoming payload.
Report the resulting status to the caller.
Leave unrelated state unchanged.",1.0,,
publish_local_template_asset,"Publish the template asset from local storage.
Report the resulting status to the caller.
Leave unrelated state unchanged.",1.0,,
audit_database_connection_secure,Audit the database connection under the active security policy.,1.0,,
fetch_cached_schema_document,Retrieve the schema document from cached state.,1.0,,
load_retention_rule,"Load the retention rule before deployment.
Use the configured source when an override is not supplied.
Preserve the caller's active context.",1.0,,
score_latency_budget,"Score the latency budget during retry handling.
Return a stable value for downstream processing.
Return the resulting value or status.",1.0,,
audit_build_config_billing,"Audit the build config for the billing workflow.
Do not expose protected details in the returned result.
Preserve the caller's active context.",1.0,,
dispatch_workflow_step_audit,"Dispatch the workflow step for audit review.
Report the latest state to the caller.",1.0,,
fetch_container_image_tenant,Retrieve the container image for the selected tenant.,1.0,,
deploy_dns_record_deploy,"Deploy the DNS record before deployment.
Do not advance unrelated jobs.",1.0,,
compare_timeout_latency_budget,"Compare the latency budget under the configured timeout.
Use the current selection criteria.",1.0,,
index_transaction_content_block,"Index the content block within the current transaction.
Keep the operation scoped to the active workflow.
Preserve the caller's active context.",1.0,,
sync_retry_queue_secure,"Synchronize the retry queue under the active security policy.
Return a value suitable for the caller.",1.0,,
purge_dns_record_latest,"Permanently purge the DNS record for the latest available version.
Preserve unrelated state while the operation runs.",1.0,,
normalize_service_config_workspace,"Normalize the service config for the selected workspace.
Honor the active formatting and validation rules.",1.0,,
compile_template_document,"Compile the template document during retry handling.
Honor the active formatting and validation rules.
Preserve the caller's active context.",1.0,,
delete_batch_session_cookie,"Delete the session cookie for the active batch.
Report the resulting status to the caller.
Make the outcome available to the next processing step.",1.0,,
sync_feature_flag_secure,"Synchronize the feature flag under the active security policy.
Use the configured source when an override is not supplied.
Preserve the caller's active context.",1.0,,
estimate_timezone_value_current,"Estimate the timezone value for the current request.
Use the current selection criteria.
Return the resulting value or status.",1.0,,
rollback_cache_entry,"Roll back the cache entry for the latest available version.
Report the latest state to the caller.
Return the resulting value or status.",1.0,,
route_response_body,Route the response body to the appropriate handler from cached state.,1.0,,
verify_batch_signed_payload,Verify the signed payload for the active batch.,1.0,,
calculate_timezone_value,"Calculate the timezone value for the active batch.
Return a stable value for downstream processing.
Make the outcome available to the next processing step.",1.0,,
encrypt_file_permission_transaction,"Encrypt the file permission within the current transaction.
Do not expose protected details in the returned result.
Preserve the caller's active context.",1.0,,
delete_consent_record_background,Delete the consent record during the background job.,1.0,,
refresh_incoming_build_config,"Refresh the build config from the incoming payload.
Return a value suitable for the caller.
Make the outcome available to the next processing step.",1.0,,
aggregate_remote_tax_rate,Aggregate the tax rate from the remote service.,1.0,,
update_calendar_event_secure,"Update the calendar event under the active security policy.
Report the resulting status to the caller.",1.0,,
validate_email_message_deploy,"Validate the email message before deployment.
Apply the active security policy.",1.0,,
merge_schema_version_export,"Merge the schema version for the requested export.
Report the resulting status to the caller.",1.0,,
compare_retention_score,Compare the retention score before the workflow continues.,1.0,,
audit_batch_request_secure,"Audit the batch request under the active security policy.
Apply the active security policy.
Preserve the caller's active context.",1.0,,
redact_audit_email_address,"Redact the email address for audit review.
Do not expose protected details in the returned result.
Preserve the caller's active context.",1.0,,
disable_file_upload_workspace,"Disable the file upload for the selected workspace.
Report the latest state to the caller.
Leave unrelated state unchanged.",1.0,,
compare_quota_limit,"Compare the quota limit before the workflow continues.
Leave the source data unchanged.
Preserve the caller's active context.",1.0,,
dispatch_transaction_background_task,"Dispatch the background task within the current transaction.
Keep the work within the current processing flow.
Return the resulting value or status.",1.0,,
hash_password_reset,"Hash the password reset for the latest available version.
Do not expose protected details in the returned result.",1.0,,
sync_audit_report_snapshot,Synchronize the report snapshot for audit review.,1.0,,
update_archive_manifest,Update the archive manifest for the active batch.,1.0,,
compare_recommendation_score,"Compare the recommendation score for the latest available version.
Leave the source data unchanged.",1.0,,
normalize_locale_config_local,Normalize the locale config from local storage.,1.0,,
load_migration_plan,"Load the migration plan from the remote service.
Return a value suitable for the caller.",1.0,,
fetch_secure_email_message,"Retrieve the email message under the active security policy.
Use the configured source when an override is not supplied.",1.0,,
monitor_inventory_level,"Monitor the inventory level during the background job.
Do not advance unrelated jobs.
Make the outcome available to the next processing step.",1.0,,
classify_usage_total,"Classify the usage total under the active security policy.
Leave the source data unchanged.",1.0,,
redact_permission_grant,Redact the permission grant before the workflow continues.,1.0,,
publish_billing_address_incoming,"Publish the billing address from the incoming payload.
Preserve unrelated state while the operation runs.
Preserve the caller's active context.",1.0,,
restore_policy_deployment_job,Restore the deployment job against the configured policy.,1.0,,
publish_document_page_billing,"Publish the document page for the billing workflow.
Apply the active configuration before committing changes.",1.0,,
paginate_rate_limit_current,Paginate the rate limit for the current request.,1.0,,
classify_quota_limit,"Classify the quota limit for the billing workflow.
Leave the source data unchanged.",1.0,,
schedule_incoming_notification_batch,"Schedule the notification batch from the incoming payload.
Report the latest state to the caller.",1.0,,
invalidate_deployment_job,"Invalidate the deployment job for the billing workflow.
Report the resulting status to the caller.",1.0,,
index_workflow_localization_bundle,"Index the localization bundle before the workflow continues.
Return a value suitable for the caller.",1.0,,
detect_model_feature,Detect anomalies in the model feature for the selected workspace.,1.0,,
extract_graphql_query_export,"Extract the GraphQL query for the requested export.
Honor the active formatting and validation rules.",1.0,,
archive_queue_message,"Archive the queue message under the active security policy.
Apply the active configuration before committing changes.
Leave unrelated state unchanged.",1.0,,
compare_tenant_migration_plan,Compare the migration plan for the selected tenant.,1.0,,
refresh_directory_listing_background,"Refresh the directory listing during the background job.
Return a value suitable for the caller.",1.0,,
hash_email_address,Hash the email address from local storage.,1.0,,
purge_export_job,"Permanently purge the export job for audit review.
Apply the active configuration before committing changes.",1.0,,
route_workflow_network_route,"Route the network route to the appropriate handler before the workflow continues.
Do not advance unrelated jobs.
Return the resulting value or status.",1.0,,
redact_source_document_retry,Redact the source document during retry handling.,1.0,,
parse_retention_rule_batch,"Parse the retention rule for the active batch.
Keep the output suitable for the next processing step.
Preserve the caller's active context.",1.0,,
fetch_deploy_localization_bundle,Retrieve the localization bundle before deployment.,1.0,,
create_secure_search_filter,"Create the search filter under the active security policy.
Report the resulting status to the caller.
Preserve the caller's active context.",1.0,,
disable_batch_request,Disable the batch request during retry handling.,1.0,,
estimate_model_feature,Estimate the model feature under the configured timeout.,1.0,,
verify_mfa_challenge_export,Verify the MFA challenge for the requested export.,1.0,,
rank_recommendation_score_export,Rank the recommendation score for the requested export.,1.0,,
fetch_password_reset_audit,"Retrieve the password reset for audit review.
Use the configured source when an override is not supplied.
Make the outcome available to the next processing step.",1.0,,
deploy_background_task_audit,"Deploy the background task for audit review.
Do not advance unrelated jobs.
Return the resulting value or status.",1.0,,
sort_usage_total,"Sort the usage total before deployment.
Leave the source data unchanged.
Preserve the caller's active context.",1.0,,
validate_oauth_client,"Validate the OAuth client from the incoming payload.
Do not expose protected details in the returned result.
Leave unrelated state unchanged.",1.0,,
revoke_certificate_chain_billing,Revoke access associated with the certificate chain for the billing workflow.,1.0,,
validate_content_block,Validate the content block against the configured policy.,1.0,,
publish_workflow_state,"Publish the workflow state from local storage.
Preserve unrelated state while the operation runs.
Return the resulting value or status.",1.0,,
sync_cache_entry_cached,"Synchronize the cache entry from cached state.
Return a value suitable for the caller.
Return the resulting value or status.",1.0,,
verify_timeout_mfa_challenge,"Verify the MFA challenge under the configured timeout.
Keep the decision available for audit handling.",1.0,,
parse_template_variable,Parse the template variable during retry handling.,1.0,,
refresh_account_alias,"Refresh the account alias for the latest available version.
Use the configured source when an override is not supplied.
Return the resulting value or status.",1.0,,
detect_tax_rate,Detect anomalies in the tax rate under the configured timeout.,1.0,,
restore_calendar_event_deploy,Restore the calendar event before deployment.,1.0,,
delete_category_tree_cached,"Delete the category tree from cached state.
Preserve unrelated state while the operation runs.",1.0,,
serialize_api_contract_secure,"Serialize the API contract under the active security policy.
Honor the active formatting and validation rules.
Preserve the caller's active context.",1.0,,
estimate_inventory_level,Estimate the inventory level during retry handling.,1.0,,
normalize_email_address,"Normalize the email address from local storage.
Retain only the information required by the caller.
Make the outcome available to the next processing step.",1.0,,
sync_storage_bucket_billing,"Synchronize the storage bucket for the billing workflow.
Return a value suitable for the caller.
Make the outcome available to the next processing step.",1.0,,
parse_environment_variable,"Parse the environment variable from local storage.
Keep the output suitable for the next processing step.",1.0,,
fetch_auth_token_export,Retrieve the auth token for the requested export.,1.0,,
filter_search_result_tenant,Filter the search result for the selected tenant.,1.0,,
decrypt_billing_api_response,Decrypt the API response for the billing workflow.,1.0,,
compare_retry_import_manifest,Compare the import manifest during retry handling.,1.0,,
wait_dns_record,"Wait for the DNS record during retry handling.
Keep the work within the current processing flow.",1.0,,
classify_inventory_level,"Classify the inventory level for the current request.
Return a stable value for downstream processing.",1.0,,
authorize_workspace_trust_bundle,"Authorize use of the trust bundle for the selected workspace.
Apply the active security policy.
Make the outcome available to the next processing step.",1.0,,
validate_url_fragment_audit,Validate the URL fragment for audit review.,1.0,,
diff_latest_metadata_block,"Generate a diff for the metadata block for the latest available version.
Return a stable value for downstream processing.
Make the outcome available to the next processing step.",1.0,,
map_current_pagination_cursor,"Map the pagination cursor for the current request.
Keep the output suitable for the next processing step.",1.0,,
monitor_tenant_service_health,Monitor the service health for the selected tenant.,1.0,,
monitor_timeout_alert_rule,"Monitor the alert rule under the configured timeout.
Report the latest state to the caller.
Preserve the caller's active context.",1.0,,
calculate_export_exchange_rate,Calculate the exchange rate for the requested export.,1.0,,
convert_pagination_cursor_audit,"Convert the pagination cursor for audit review.
Honor the active formatting and validation rules.",1.0,,
deduplicate_cached_calendar_event,Deduplicate the calendar event from cached state.,1.0,,
audit_secure_retry_policy,"Audit the retry policy under the active security policy.
Apply the active security policy.",1.0,,
compile_service_config,"Compile the service config for audit review.
Honor the active formatting and validation rules.",1.0,,
load_coupon_code_timeout,"Load the coupon code under the configured timeout.
Keep the operation scoped to the active workflow.",1.0,,
redact_validation_error_local,"Redact the validation error from local storage.
Apply the active security policy.",1.0,,
enable_workspace_job_trigger,"Enable the job trigger for the selected workspace.
Keep the work within the current processing flow.",1.0,,
deploy_state_transition_cached,Deploy the state transition from cached state.,1.0,,
index_markdown_file,"Index the markdown file within the current transaction.
Use the configured source when an override is not supplied.",1.0,,
rollback_billing_cron_schedule,"Roll back the cron schedule for the billing workflow.
Do not advance unrelated jobs.
Leave unrelated state unchanged.",1.0,,
load_audit_security_question,Load the security question for audit review.,1.0,,
refresh_batch_security_question,Refresh the security question for the active batch.,1.0,,
sort_customer_note_export,"Sort the customer note for the requested export.
Return a stable value for downstream processing.",1.0,,
hydrate_device_fingerprint,"Hydrate the device fingerprint from the incoming payload.
Use the configured source when an override is not supplied.
Leave unrelated state unchanged.",1.0,,
audit_batch_session_cookie,Audit the session cookie for the active batch.,1.0,,
save_deploy_cache_entry,Persist the cache entry before deployment.,1.0,,
encrypt_login_attempt,Encrypt the login attempt from cached state.,1.0,,
expand_url_fragment_deploy,"Expand the URL fragment before deployment.
Honor the active formatting and validation rules.
Preserve the caller's active context.",1.0,,
filter_pricing_plan,"Filter the pricing plan for the latest available version.
Use the current selection criteria.
Make the outcome available to the next processing step.",1.0,,
restore_batch_report_snapshot,Restore the report snapshot for the active batch.,1.0,,
sort_support_ticket,"Sort the support ticket for audit review.
Return a stable value for downstream processing.",1.0,,
refresh_locale_config,"Refresh the locale config from cached state.
Use the configured source when an override is not supplied.",1.0,,
audit_webhook_event_cached,"Audit the webhook event from cached state.
Keep the decision available for audit handling.
Return the resulting value or status.",1.0,,
index_payment_intent_background,Index the payment intent during the background job.,1.0,,
merge_locale_config,"Merge the locale config for the selected tenant.
Apply the active configuration before committing changes.",1.0,,
load_login_attempt,Load the login attempt for the selected workspace.,1.0,,
archive_document_page_export,"Archive the document page for the requested export.
Report the resulting status to the caller.
Preserve the caller's active context.",1.0,,
update_deploy_search_result,"Update the search result before deployment.
Apply the active configuration before committing changes.",1.0,,
decrypt_workflow_build_config,Decrypt the build config before the workflow continues.,1.0,,
sync_job_trigger,"Synchronize the job trigger from local storage.
Use the configured source when an override is not supplied.",1.0,,
detect_currency_code_local,Detect anomalies in the currency code from local storage.,1.0,,
hash_websocket_frame_local,"Hash the websocket frame from local storage.
Keep the decision available for audit handling.",1.0,,
deduplicate_pricing_plan,"Deduplicate the pricing plan during retry handling.
Apply the active configuration before committing changes.
Leave unrelated state unchanged.",1.0,,
parse_schema_version_workspace,"Parse the schema version for the selected workspace.
Honor the active formatting and validation rules.
Return the resulting value or status.",1.0,,
invalidate_cache_entry,Invalidate the cache entry before the workflow continues.,1.0,,
publish_payment_intent,"Publish the payment intent from local storage.
Report the resulting status to the caller.",1.0,,
load_retry_schema_version,"Load the schema version during retry handling.
Keep the operation scoped to the active workflow.",1.0,,
route_data_partition_latest,"Route the data partition to the appropriate handler for the latest available version.
Keep the work within the current processing flow.",1.0,,
wait_data_partition,"Wait for the data partition against the configured policy.
Keep the work within the current processing flow.
Make the outcome available to the next processing step.",1.0,,
revoke_key_rotation_workspace,"Revoke access associated with the key rotation for the selected workspace.
Apply the active security policy.
Make the outcome available to the next processing step.",1.0,,
aggregate_latency_budget,"Aggregate the latency budget for the requested export.
Return a stable value for downstream processing.
Preserve the caller's active context.",1.0,,
decrypt_deploy_runtime_setting,"Decrypt the runtime setting before deployment.
Apply the active security policy.",1.0,,
monitor_remote_database_connection,"Monitor the database connection from the remote service.
Report the latest state to the caller.",1.0,,
create_access_policy_deploy,"Create the access policy before deployment.
Apply the active configuration before committing changes.",1.0,,
compile_template_document_tenant,Compile the template document for the selected tenant.,1.0,,
save_tenant_export_job,Persist the export job for the selected tenant.,1.0,,
sort_country_code,"Sort the country code under the active security policy.
Return a stable value for downstream processing.",1.0,,
archive_billing_address_cached,Archive the billing address from cached state.,1.0,,
save_database_connection_retry,Persist the database connection during retry handling.,1.0,,
validate_local_search_filter,"Validate the search filter from local storage.
Keep the decision available for audit handling.
Preserve the caller's active context.",1.0,,
deploy_build_config_audit,"Deploy the build config for audit review.
Do not advance unrelated jobs.",1.0,,
authorize_user_segment,"Authorize use of the user segment under the configured timeout.
Apply the active security policy.
Leave unrelated state unchanged.",1.0,,
sample_inventory_level,"Sample the inventory level during retry handling.
Use the current selection criteria.",1.0,,
filter_workflow_quota_limit,"Filter the quota limit before the workflow continues.
Leave the source data unchanged.",1.0,,
refresh_service_health_background,"Refresh the service health during the background job.
Use the configured source when an override is not supplied.
Leave unrelated state unchanged.",1.0,,
restore_cron_schedule_audit,Restore the cron schedule for audit review.,1.0,,
route_template_variable_workspace,"Route the template variable to the appropriate handler for the selected workspace.
Do not advance unrelated jobs.",1.0,,