code_1,code_2,similarity,sim_human_validation,final_ground_truth
access_key_expiry,destination_coordinate_country,0.0,,
access_key_hash_mapping,ratio_rate,0.0,,
access_key_permission_mapping,initial_territory_primary_id,0.0,,
access_key_source_scope,pending_score_private_total,0.0,,
account_balance,merged_feature_accuracy,0.0,,
account_validation_created_at,validated_record_metadata,0.0,,
active_access_key_cache_issuer,ratio_rate_reference,0.0,,
active_report_primary_rate,entry_billing_id,0.0,,
active_schema_schema,private_territory_profile_longitude,0.0,,
active_token_issuer,input_score_name,0.0,,
active_trend_trend,schema_profile_id,0.0,,
application,region_latitude_data,0.0,,
authorization,input_label_shape,0.0,,
backup_policy_source_issuer,decoded_coordinate_code,0.0,,
backup_prediction_reference_weight,token_billing_issuer,0.0,,
branch_primary_path,origin_client_created_at,0.0,,
build_count,incoming_consumer_balance,0.0,,
build_default_count,output_customer_segment,0.0,,
build_time,user_name_context,0.0,,
cache_method_snapshot,locale_derived_address,0.0,,
cache_primary_available,coordinate_target_zone,0.0,,
cache_private_id,historical_territory_address,0.0,,
cache_profile_created_at,cached_territory_ready,0.0,,
cache_runtime_complete,shared_country_name,0.0,,
cache_training_payload,incoming_location_id,0.0,,
cached_account_balance,payload_created_at_details,0.0,,
cached_client_reference_identifier,filtered_metric_complete,0.0,,
cached_commit_enabled,product_derived_currency,0.0,,
cached_estimator_count,access_key_issuer,0.0,,
cached_forecast_count,encoded_artifact_name,0.0,,
cached_member_primary_email,target_schema_content,0.0,,
cached_payment_initialized,production_model_cache_weight,0.0,,
cached_segment_name,generated_snapshot_initialized,0.0,,
cached_service_mapping_headers,locale_code_metadata,0.0,,
cached_snapshot_version,resolved_region_required,0.0,,
cached_supplier_currency,latest_label_context_score,0.0,,
can_member_active,model_runtime_score,0.0,,
category_source_required,validated_snapshot_override_metadata,0.0,,
certificate_hash_reference,scheduled_locale_history_name,0.0,,
certificate_public_policy,origin_summary_segment,0.0,,
certificate_source_hash,encoded_ratio_period,0.0,,
chosen_account_balance,sample_public_shape,0.0,,
chosen_signature_hash,summary_validation_status,0.0,,
chosen_supplier_initialized,session_historical_duration,0.0,,
chosen_task_message,origin_product_quantity,0.0,,
classification,metric_output_info,0.0,,
client_identifier,prediction_output_mapping,0.0,,
client_identifier_reference,schema_override_id,0.0,,
client_name_metadata,repository_format,0.0,,
client_visible_details,schema_schema,0.0,,
collection,staging_profile_override_identifier,0.0,,
commit_error,order_profile_id,0.0,,
commit_result,production_customer_details_identifier,0.0,,
commit_runtime_message,order_profile_number,0.0,,
commit_runtime_result,active_recipient_updated_at,0.0,,
commit_target_branch,outgoing_supplier_amount,0.0,,
configuration,prediction_public_output,0.0,,
connection,client_derived_name,0.0,,
connection_duration_mapping,initial_country_secondary_address,0.0,,
connection_status_reference,input_address_longitude,0.0,,
consumer_address,local_estimator_visible,0.0,,
consumer_default_id,snapshot_version_metadata,0.0,,
consumer_id,remote_file_payload,0.0,,
consumer_private_identifier,shared_record_url,0.0,,
consumer_runtime_segment,model_override_count,0.0,,
consumer_status_snapshot,feature_secondary_accuracy,0.0,,
consumer_training_email,selected_artifact_content,0.0,,
coordinate,forecast_source_status,0.0,,
credential,zone_secondary_status,0.0,,
current_category_count,scheduled_entry_cache_payload,0.0,,
current_payment_metadata_payment_state,derived_embedding_loss,0.0,,
current_record_size,runtime_locale_longitude,0.0,,
dataset_required,origin_credential_policy_permission,0.0,,
dataset_selected,initial_identity_key_policy,0.0,,
decoded_connection_result,training_coordinate_mapping_zone,0.0,,
decoded_inventory_delivery_date,internal_session_retry_count,0.0,,
decoded_member_email,training_record_path,0.0,,
decoded_model_id,destination_token_permission,0.0,,
decoded_schema_id,previous_address_source_id,0.0,,
decoded_score_summary,training_file_override_updated_at,0.0,,
decoded_subscription_tracking_code,output_metric_accuracy,0.0,,
decoded_summary_name,derived_entry_schema,0.0,,
decoded_task_config,merged_payment_amount,0.0,,
decoded_transaction_currency,validation_sample_weight,0.0,,
decoded_worker_method,pending_region_code,0.0,,
default_profile_email,file_target_path,0.0,,
default_session_status,merged_address_code,0.0,,
dependency,locale_timezone,0.0,,
deployment,session_primary_active,0.0,,
derived_branch_config,inventory_total,0.0,,
derived_build_error,outgoing_subscriber_phone,0.0,,
derived_identity_key_historical_key,filtered_category_trend,0.0,,
derived_member_balance,selected_dataset_context_path,0.0,,
derived_payment_delivery_date,chosen_session_derived_url,0.0,,
derived_response_settings_limit,country_complete_reference,0.0,,
derived_supplier_total,output_sample_runtime_label,0.0,,
derived_task_required,payment_normalized_total,0.0,,
derived_task_settings_result,decoded_consumer_preference,0.0,,
derived_user_runtime_role,snapshot_hash,0.0,,
destination,generated_session_created_at,0.0,,
destination_account_enabled,input_artifact_created_at,0.0,,
destination_estimator_weight,local_token_target_id,0.0,,
destination_identity_key_permission,destination_category_score,0.0,,
destination_release_count,product_cost,0.0,,
destination_schema_schema,timezone_cached,0.0,,
destination_service_timeout,coordinate_derived_address,0.0,,
destination_session_headers,origin_timezone_id,0.0,,
destination_transaction_delivery_date,serialized_estimator_accuracy,0.0,,
document_size,resolved_zone_initialized,0.0,,
embedding_id,policy_status,0.0,,
embedding_override_weight,target_token_enabled,0.0,,
embedding_path_record,filtered_identity_key_key,0.0,,
encoded_job_config,current_inventory_policy_total,0.0,,
encoded_report_cached,repository_name,0.0,,
encoded_session_created_at,training_address_policy_region,0.0,,
endpoint_profile_payload,chosen_zone_longitude,0.0,,
environment,destination_file_created_at,0.0,,
external_payment_total,endpoint_status,0.0,,
feature_private_name,backup_access_key_override_signature,0.0,,
feature_shape_context,target_token_expired,0.0,,
filtered_branch_result,validation_recipient_normalized_id,0.0,,
filtered_job_duration,validated_shipment_cache_total,0.0,,
filtered_supplier_valid,external_metric_training_accuracy,0.0,,
final_build_summary_version,origin_inventory_status,0.0,,
final_invoice_details_cost,selected_label_config,0.0,,
final_payment_default_total,derived_worker_limit,0.0,,
final_repository_profile_id,territory_override_zone,0.0,,
final_task_time,derived_payment_context_currency,0.0,,
fresh_forecast_rate,parsed_entry_created_at,0.0,,
fresh_statistic_status,record_override_schema,0.0,,
generated_build_available,incoming_inventory_source_total,0.0,,
generated_pipeline_active,internal_product_quantity,0.0,,
generated_revision_result,backup_supplier_profile_number,0.0,,
historical_invoice_pending,production_cache_history_limit,0.0,,
historical_transaction_total,prediction_override_path,0.0,,
identifier,target_connection_profile_retry_count,0.0,,
identity_key_normalized_id,parsed_trend_segment,0.0,,
identity_key_permission,statistic_status_info,0.0,,
identity_key_signature,active_locale_reference_active,0.0,,
incoming_access_key_signature,timezone_code,0.0,,
incoming_category_enabled,repository_primary_url,0.0,,
incoming_client_address,target_metric_output,0.0,,
incoming_identity_key_expiry,source_location_valid,0.0,,
incoming_order_currency,selected_estimator_path,0.0,,
incoming_permission_hash,address_public_country,0.0,,
incoming_recipient_id,chosen_artifact_runtime_metadata,0.0,,
incoming_session_method,outgoing_coordinate_address,0.0,,
incoming_trend_name,repository_default_id,0.0,,
initial_client_billing_balance,parsed_file_hash,0.0,,
initial_forecast_secondary_category,private_schema_payload,0.0,,
initial_pipeline_result,destination_client_initialized,0.0,,
initial_policy_override_value,incoming_location_timezone,0.0,,
initialization,staging_identity_key_key,0.0,,
input_dataset_path,outgoing_permission_id,0.0,,
input_estimator_count,remote_identity_key_expiry,0.0,,
input_file_schema,zone_timezone,0.0,,
input_label_path,token_valid,0.0,,
input_payload_name,cached_location_zone,0.0,,
input_pipeline_default_status,transaction_private_payment_state,0.0,,
input_policy_status,source_segment_normalized_trend,0.0,,
input_report_count,document_format_record,0.0,,
input_request_cached,coordinate_address,0.0,,
input_signature_expiry,active_location_validation_id,0.0,,
input_snapshot_id,encoded_address_latitude,0.0,,
input_supplier_delivery_date,requested_cache_status,0.0,,
input_transaction_id,embedding_version_info,0.0,,
input_user_settings_balance,parsed_dataset_target_accuracy,0.0,,
instruction,production_zone_billing_zone,0.0,,
instrument,derived_consumer_email,0.0,,
instrumentation,output_model_config,0.0,,
integration,dataset_shape_details,0.0,,
internal_credential_valid,pending_score_cached,0.0,,
internal_embedding_billing_output,shared_secret_expires_at,0.0,,
internal_job_time,account_phone,0.0,,
internal_subscriber_cached,schema_billing_url,0.0,,
inventory_amount,label_weight,0.0,,
inventory_secondary_id,origin_service_headers,0.0,,
inventory_target_total,primary_sample_count,0.0,,
invoice_derived_due_date,derived_worker_method,0.0,,
invoice_historical_quantity,queue_runtime_timeout,0.0,,
invoice_public_amount,filtered_sample_shape,0.0,,
invoice_tax,encoded_request_result,0.0,,
invoice_tracking_code,validated_label_name,0.0,,
job_normalized_version,transaction_cost_details,0.0,,
label_score_data,incoming_token_scope,0.0,,
latest_commit_at,outgoing_client_expired,0.0,,
local_account_context_role,artifact_size_details,0.0,,
local_job_mapping_version,account_status,0.0,,
local_sample_metadata_accuracy,access_key_permission,0.0,,
localization,filtered_locale_address,0.0,,
member_phone_value,destination_sample_count,0.0,,
member_public_id,remote_snapshot_allowed,0.0,,
member_training_status,primary_prediction_target_config,0.0,,
member_updated_at_reference,input_sample_policy_version,0.0,,
merged_branch_id,serialized_order_tracking_code,0.0,,
merged_consumer_segment,serialized_label_id,0.0,,
merged_credential_policy,validated_segment_id,0.0,,
merged_document_size,output_zone_country,0.0,,
merged_identity_key_policy,staging_zone_details_name,0.0,,
merged_shipment_payment_state,destination_worker_timeout,0.0,,
metric_billing_output,latest_secret_public_expires_at,0.0,,
metric_loss,decoded_identity_key_policy,0.0,,
metric_secondary_selected,certificate_override_scope,0.0,,
model_public_valid,credential_status_snapshot,0.0,,
normalization,chosen_endpoint_history_retry_count,0.0,,
normalized_branch_version,outgoing_subscription_cache_cost,0.0,,
normalized_endpoint_url,country_training_region,0.0,,
normalized_job_count,account_normalized_balance,0.0,,
normalized_payment_payment_state,fresh_embedding_history_shape,0.0,,
normalized_profile_identifier,origin_feature_shape,0.0,,
normalized_profile_phone,schema_metadata_info,0.0,,
normalized_subscription_history_due_date,dataset_validation_output,0.0,,
normalized_worker_status,outgoing_address_longitude,0.0,,
notification,decoded_snapshot_name,0.0,,
order_historical_tracking_code,merged_sample_name,0.0,,
order_primary_status,input_metric_name,0.0,,
order_source_tracking_code,dataset_training_config,0.0,,
origin_build_config,requested_supplier_policy_currency,0.0,,
origin_cache_id,origin_territory_id,0.0,,
origin_connection_payload,generated_country_id,0.0,,
origin_document_historical_url,latest_address_status,0.0,,
origin_document_updated_at,input_zone_address,0.0,,
origin_recipient_runtime_phone,output_metric_shape,0.0,,
origin_secret_expiry,staging_timezone_cache_country,0.0,,
origin_signature_value,coordinate_override_latitude,0.0,,
origin_summary_score,staging_document_profile_format,0.0,,
origin_worker_timeout,location_region,0.0,,
outgoing_access_key_policy,derived_summary_summary,0.0,,
outgoing_certificate_profile_status,scheduled_timezone_timezone,0.0,,
outgoing_metric_weight,private_credential_reference_id,0.0,,
outgoing_order_delivery_date,normalized_metric_id,0.0,,
outgoing_payload_payload,incoming_country_valid,0.0,,
outgoing_response_history_id,current_coordinate_summary_name,0.0,,
output_build_message,recent_profile_profile_cached,0.0,,
output_commit_count,should_inventory_ready,0.0,,
output_prediction_validation_version,signature_derived_issuer,0.0,,
output_service_method,input_territory_latitude,0.0,,
output_session_payload,outgoing_coordinate_metadata_region,0.0,,
pagination,historical_forecast_rate,0.0,,
parameter,request_billing_active,0.0,,
parsed_branch_at,product_amount_info,0.0,,
parsed_certificate_key,source_ratio_period,0.0,,
parsed_document_format,origin_territory_history_zone,0.0,,
parsed_member_balance,estimator_count_info,0.0,,
parsed_queue_expired,primary_territory_latitude,0.0,,
parsed_recipient_identifier,normalized_file_private_metadata,0.0,,
parsed_revision_at,subscriber_runtime_segment,0.0,,
payload_id_record,external_address_id,0.0,,
payload_path,target_region_name,0.0,,
payment_derived_tax,parsed_feature_id,0.0,,
payment_payment_state_record,feature_id,0.0,,
pending_entry_expired,derived_locale_country,0.0,,
permission_value,output_summary_summary,0.0,,
policy_complete_mapping,parsed_category_status,0.0,,
policy_hash_info,segment_training_score,0.0,,
policy_hash_mapping,encoded_category_cached,0.0,,
policy_key,location_normalized_name,0.0,,
policy_policy_metadata,merged_segment_ready,0.0,,
prediction,order_billing_status,0.0,,
preference,output_zone_longitude,0.0,,
previous_artifact_required,source_zone_latitude,0.0,,
previous_payment_history_tracking_code,dataset_runtime_seed,0.0,,
previous_queue_derived_timeout,country_normalized_timezone,0.0,,
primary_category_pending,cached_record_size,0.0,,
primary_endpoint_settings_url,address_normalized_longitude,0.0,,
primary_policy_target_id,normalized_timezone_zone,0.0,,
primary_snapshot_path,timezone_historical_latitude,0.0,,
prioritization,external_estimator_shape,0.0,,
private_payment_historical_cost,input_model_count,0.0,,
private_record_content,fresh_address_name,0.0,,
private_secret_summary_expires_at,score_category_metadata,0.0,,
private_service_status,country_historical_zone,0.0,,
private_signature_scope,cached_score_rate,0.0,,
product_cost_mapping,internal_session_historical_retry_count,0.0,,
production_artifact_metadata,local_coordinate_secondary_zone,0.0,,
production_supplier_settings_amount,label_profile_id,0.0,,
profile_cached_value,record_updated_at_info,0.0,,
profile_historical_preference,schema_metadata_reference,0.0,,
profile_id_context,parsed_snapshot_name,0.0,,
queue_valid,source_location_address,0.0,,
ratio_category,merged_file_payload,0.0,,
recent_endpoint_timeout,pending_locale_selected,0.0,,
recent_invoice_summary_currency,has_estimator_enabled,0.0,,
recent_request_retry_count,resolved_timezone_id,0.0,,
recipient_email,estimator_count_data,0.0,,
recipient_runtime_email,target_file_created_at,0.0,,
recipient_training_preference,snapshot_historical_name,0.0,,
recipient_updated_at_context,normalized_schema_name,0.0,,
reconciliation,target_forecast_rate,0.0,,
record_updated_at_reference,timezone_latitude,0.0,,
remote_permission_id,parsed_score_score,0.0,,
remote_score_source_category,entry_secondary_schema,0.0,,
repository_path_snapshot,locale_longitude,0.0,,
representation,derived_queue_payload,0.0,,
request_training_created_at,zone_region_record,0.0,,
requested_account_required,merged_model_id,0.0,,
requested_sample_score,signature_permission_context,0.0,,
resolution,encoded_estimator_accuracy,0.0,,
resolved_commit_at,customer_validation_segment,0.0,,
resolved_policy_value,location_timezone,0.0,,
resolved_release_id,validation_supplier_profile_payment_state,0.0,,
resolved_task_path,order_historical_id,0.0,,
revision_error,previous_profile_mapping_email,0.0,,
revision_historical_path,incoming_subscription_tracking_code,0.0,,
revision_target_hash,fresh_profile_secondary_updated_at,0.0,,
revision_validation_path,input_order_payment_state,0.0,,
runtime_response_id,locale_source_region,0.0,,
sample_enabled,runtime_policy_target_signature,0.0,,
scheduled_embedding_shape,derived_signature_permission,0.0,,
scheduled_invoice_delivery_date,cached_cache_headers,0.0,,
scheduled_response_error,filtered_address_timezone,0.0,,
scheduled_token_billing_scope,locale_public_timezone,0.0,,
scheduler,profile_id,0.0,,
schema_normalized_version,address_address_data,0.0,,
score_primary_score,primary_payload_target_id,0.0,,
secret_primary_valid,decoded_country_longitude,0.0,,
segment_count,runtime_artifact_content,0.0,,
selected_deployment_hash,client_role,0.0,,
selected_member_default_identifier,record_content,0.0,,
selected_permission_cache_id,category_primary_category,0.0,,
serialization,target_country_primary_longitude,0.0,,
serialized_credential_expires_at,input_territory_timezone,0.0,,
serialized_credential_expiry,outgoing_zone_settings_name,0.0,,
serialized_deployment_available,origin_shipment_delivery_date,0.0,,
serialized_embedding_score,parsed_certificate_settings_signature,0.0,,
serialized_job_valid,chosen_inventory_amount,0.0,,
serialized_product_initialized,model_accuracy,0.0,,
serialized_supplier_id,derived_embedding_cached,0.0,,
service_normalized_method,target_territory_code,0.0,,
session_created_at,filtered_locale_longitude,0.0,,
shared_deployment_message,validated_payment_source_id,0.0,,
shipment_currency,connection_pending,0.0,,
shipment_normalized_due_date,output_feature_historical_count,0.0,,
shipment_profile_expired,incoming_response_error,0.0,,
shipment_public_number,destination_feature_active,0.0,,
shipment_runtime_currency,session_limit_info,0.0,,
signature_key_context,origin_locale_country,0.0,,
signature_signature,initial_timezone_reference_region,0.0,,
signature_source_signature,incoming_statistic_trend,0.0,,
snapshot_default_name,zone_name,0.0,,
snapshot_default_path,origin_zone_address,0.0,,
source_access_key_signature,origin_timezone_code,0.0,,
source_account_primary_updated_at,encoded_estimator_name,0.0,,
source_account_status,outgoing_model_seed,0.0,,
source_credential_policy,incoming_segment_total,0.0,,
source_identity_key_policy,region_profile_id,0.0,,
source_label_path,training_access_key_permission,0.0,,
staging_branch_source_duration,output_subscriber_name,0.0,,
staging_order_payment_state,service_method,0.0,,
staging_revision_config,primary_member_address,0.0,,
staging_subscriber_normalized_name,prediction_name,0.0,,
statistic_count,file_hash_value,0.0,,
statistic_secondary_ratio,internal_artifact_metadata_version,0.0,,
subscriber_override_identifier,local_snapshot_target_schema,0.0,,
subscriber_phone_value,shared_record_primary_id,0.0,,
subscriber_secondary_updated_at,incoming_payload_created_at,0.0,,
subscriber_segment,input_entry_metadata,0.0,,
subscriber_target_balance,historical_record_details_content,0.0,,
subscriber_training_balance,fresh_entry_name,0.0,,
subscription,incoming_address_longitude,0.0,,
subscription_total,primary_prediction_profile_label,0.0,,
subscription_validation_payment_state,metric_accuracy,0.0,,
summary_profile_trend,entry_created_at_record,0.0,,
supplier_default_quantity,model_accuracy_record,0.0,,
supplier_derived_tracking_code,remote_connection_status,0.0,,
supplier_id_mapping,requested_endpoint_metadata_url,0.0,,
supplier_status,sample_default_score,0.0,,
supplier_tracking_code_record,request_retry_count,0.0,,
target_branch_time,chosen_payment_historical_status,0.0,,
target_dataset_config,pending_token_cache_expiry,0.0,,
target_dataset_weight,signature_private_expired,0.0,,
target_payment_amount,fresh_embedding_metadata_path,0.0,,
target_ratio_status,serialized_entry_content,0.0,,
task_derived_version,active_order_training_tracking_code,0.0,,
task_error_details,transaction_normalized_tracking_code,0.0,,
task_runtime_selected,fresh_recipient_identifier,0.0,,
temporary_recipient_derived_address,merged_document_content,0.0,,
temporary_recipient_policy_updated_at,origin_schema_historical_format,0.0,,
threshold,pending_metric_metadata_path,0.0,,
token_key,latest_zone_context_status,0.0,,
training_entry_historical_created_at,output_timezone_selected,0.0,,
training_forecast_available,incoming_payload_profile_name,0.0,,
training_repository_profile_hash,outgoing_territory_zone,0.0,,
transaction_amount,embedding_path,0.0,,
validated_credential_permission,derived_forecast_name,0.0,,
validated_deployment_hash,origin_profile_identifier,0.0,,
validated_policy_key,timezone_default_name,0.0,,
validated_record_content,country_latitude,0.0,,
validated_release_initialized,target_customer_name,0.0,,
validated_secret_expires_at,input_statistic_validation_category,0.0,,
validated_secret_signature,location_primary_name,0.0,,
validated_shipment_payment_state,decoded_queue_headers,0.0,,
validated_subscription_due_date,endpoint_primary_method,0.0,,
validated_transaction_quantity,input_worker_id,0.0,,
validation_branch_time,serialized_shipment_delivery_date,0.0,,
validation_pipeline_summary_path,supplier_due_date,0.0,,
validation_transaction_tracking_code,worker_historical_timeout,0.0,,
visibility,internal_artifact_source_path,0.0,,
worker_payload,derived_timezone_id,0.0,,
worker_retry_count_data,validated_coordinate_longitude,0.0,,
account_identifier_value,sample_path_value,0.05,,
artifact_format_data,timezone_zone_data,0.05,,
artifact_id_data,region_zone_data,0.05,,
artifact_path_metadata,coordinate_name_metadata,0.05,,
client_id_context,dataset_version_context,0.05,,
commit_allowed_value,transaction_tracking_code_value,0.05,,
commit_count_context,supplier_quantity_context,0.05,,
connection_created_at_data,address_zone_data,0.05,,
connection_url_value,timezone_country_value,0.05,,
credential_hash_metadata,category_trend_metadata,0.05,,
customer_identifier_value,document_metadata_value,0.05,,
dataset_cached_metadata,policy_permission_metadata,0.05,,
dataset_label_context,signature_expired_context,0.05,,
deployment_at_data,consumer_email_data,0.05,,
document_id_value,locale_region_value,0.05,,
endpoint_url_data,region_address_data,0.05,,
entry_schema_metadata,region_name_metadata,0.05,,
estimator_accuracy_data,certificate_signature_data,0.05,,
feature_id_value,credential_complete_value,0.05,,
feature_seed_metadata,secret_issuer_metadata,0.05,,
file_schema_data,territory_status_data,0.05,,
forecast_trend_value,payload_content_value,0.05,,
identity_key_expires_at_metadata,locale_country_metadata,0.05,,
identity_key_signature_context,location_latitude_context,0.05,,
inventory_quantity_context,metric_available_context,0.05,,
label_accuracy_metadata,certificate_policy_metadata,0.05,,
member_segment_value,snapshot_content_value,0.05,,
model_count_value,certificate_hash_value,0.05,,
order_due_date_value,sample_id_value,0.05,,
order_tracking_code_data,endpoint_status_data,0.05,,
payment_cost_value,service_ready_value,0.05,,
policy_active_data,region_code_data,0.05,,
policy_value_context,forecast_count_context,0.05,,
product_delivery_date_context,metric_name_context,0.05,,
profile_balance_value,file_url_value,0.05,,
profile_email_value,estimator_label_value,0.05,,
recipient_balance_context,metric_config_context,0.05,,
record_active_metadata,coordinate_code_metadata,0.05,,
record_size_metadata,territory_name_metadata,0.05,,
release_message_value,member_created_at_value,0.05,,
release_result_data,order_total_data,0.05,,
release_status_data,order_number_data,0.05,,
repository_id_metadata,country_name_metadata,0.05,,
repository_size_value,location_name_value,0.05,,
request_created_at_metadata,coordinate_region_metadata,0.05,,
revision_branch_value,client_updated_at_value,0.05,,
revision_error_value,recipient_segment_value,0.05,,
revision_id_value,supplier_payment_state_value,0.05,,
revision_status_metadata,supplier_number_metadata,0.05,,
revision_version_metadata,customer_identifier_metadata,0.05,,
sample_expired_context,certificate_key_context,0.05,,
sample_shape_context,token_permission_context,0.05,,
score_status_value,repository_name_value,0.05,,
secret_hash_data,category_summary_data,0.05,,
secret_id_value,zone_longitude_value,0.05,,
secret_status_context,region_country_context,0.05,,
shipment_delivery_date_context,dataset_id_context,0.05,,
shipment_due_date_context,queue_limit_context,0.05,,
shipment_total_data,worker_id_data,0.05,,
shipment_tracking_code_metadata,sample_loss_metadata,0.05,,
statistic_id_data,repository_schema_data,0.05,,
statistic_period_metadata,entry_version_metadata,0.05,,
subscriber_role_metadata,artifact_hash_metadata,0.05,,
summary_id_value,repository_format_value,0.05,,
supplier_payment_state_data,feature_loss_data,0.05,,
supplier_payment_state_metadata,response_method_metadata,0.05,,
task_time_context,profile_name_context,0.05,,
token_hash_metadata,zone_name_metadata,0.05,,
token_issuer_data,territory_id_data,0.05,,
user_name_metadata,repository_name_metadata,0.05,,
user_updated_at_metadata,payload_version_metadata,0.05,,
worker_result_value,region_country_value,0.05,,
worker_status_context,coordinate_name_context,0.05,,
active_connection_allowed,active_timezone_timezone,0.10,,
active_inventory_tracking_code,active_label_shape,0.10,,
active_invoice_quantity,active_label_config,0.10,,
active_payload_format,active_country_timezone,0.10,,
active_policy_value,active_timezone_address,0.10,,
active_release_active,active_recipient_name,0.10,,
active_revision_id,active_subscription_payment_state,0.10,,
active_session_available,active_address_status,0.10,,
active_subscription_quantity,active_prediction_score,0.10,,
active_supplier_number,active_endpoint_created_at,0.10,,
active_task_message,active_account_address,0.10,,
active_trend_segment,active_document_format,0.10,,
active_user_status,active_prediction_accuracy,0.10,,
active_worker_result,active_coordinate_address,0.10,,
active_worker_status,active_location_region,0.10,,
current_client_id,current_entry_required,0.10,,
current_commit_branch,current_subscriber_created_at,0.10,,
current_feature_label,current_secret_permission,0.10,,
current_identity_key_key,current_segment_rate,0.10,,
current_member_enabled,current_record_created_at,0.10,,
current_metric_count,current_identity_key_issuer,0.10,,
current_model_output,current_secret_signature,0.10,,
current_sample_config,current_permission_enabled,0.10,,
current_secret_policy,current_report_status,0.10,,
current_segment_period,current_record_url,0.10,,
current_service_url,current_location_region,0.10,,
current_signature_hash,current_country_country,0.10,,
current_snapshot_content,current_country_longitude,0.10,,
current_statistic_score,current_artifact_format,0.10,,
current_transaction_quantity,current_connection_status,0.10,,
default_branch_status,default_payment_payment_state,0.10,,
default_build_version,default_account_id,0.10,,
default_connection_error,default_locale_region,0.10,,
default_job_path,default_supplier_total,0.10,,
default_secret_status,default_timezone_region,0.10,,
default_statistic_score,default_file_content,0.10,,
default_user_segment,default_dataset_count,0.10,,
pending_access_key_scope,pending_ratio_summary,0.10,,
pending_file_hash,pending_territory_visible,0.10,,
pending_identity_key_permission,pending_location_status,0.10,,
pending_inventory_tracking_code,pending_embedding_seed,0.10,,
pending_permission_scope,pending_summary_trend,0.10,,
pending_product_payment_state,pending_cache_result,0.10,,
pending_release_id,pending_subscriber_identifier,0.10,,
pending_repository_updated_at,pending_country_timezone,0.10,,
pending_sample_label,pending_policy_ready,0.10,,
pending_session_created_at,pending_zone_enabled,0.10,,
pending_shipment_amount,pending_worker_initialized,0.10,,
pending_subscription_expired,pending_session_id,0.10,,
pending_task_time,pending_product_delivery_date,0.10,,
source_account_role,source_model_score,0.10,,
source_build_count,source_subscription_selected,0.10,,
source_client_id,source_record_url,0.10,,
source_embedding_config,source_token_signature,0.10,,
source_member_id,source_model_shape,0.10,,
source_metric_weight,source_identity_key_scope,0.10,,
source_policy_signature,source_location_zone,0.10,,
source_product_status,source_dataset_path,0.10,,
source_profile_updated_at,source_payload_name,0.10,,
source_user_created_at,source_document_path,0.10,,
source_user_valid,source_document_size,0.10,,
target_certificate_issuer,target_zone_address,0.10,,
target_certificate_permission,target_forecast_name,0.10,,
target_consumer_active,target_model_score,0.10,,
target_customer_created_at,target_repository_version,0.10,,
target_feature_config,target_permission_value,0.10,,
target_order_cost,target_session_payload,0.10,,
target_policy_hash,target_country_valid,0.10,,
target_profile_preference,target_label_id,0.10,,
target_report_trend,target_schema_available,0.10,,
target_request_id,target_coordinate_country,0.10,,
target_response_timeout,target_zone_status,0.10,,
target_segment_summary,target_document_valid,0.10,,
target_session_method,target_region_region,0.10,,
access_key_count,final_timezone_count,0.15,,
access_key_private_metadata,trend_metadata,0.15,,
artifact_value,incoming_timezone_value,0.15,,
cache_config,territory_config,0.15,,
cache_count,zone_count,0.15,,
certificate_count,coordinate_training_count,0.15,,
certificate_status,territory_status,0.15,,
certificate_value,country_value,0.15,,
chosen_pipeline_config,selected_client_config,0.15,,
consumer_status,label_status,0.15,,
current_payment_value,cached_endpoint_value,0.15,,
default_payment_config,cached_worker_config,0.15,,
deployment_result,local_product_result,0.15,,
embedding_default_count,backup_secret_count,0.15,,
embedding_normalized_metadata,cached_policy_metadata,0.15,,
entry_metadata,territory_public_metadata,0.15,,
entry_profile_status,timezone_source_status,0.15,,
entry_runtime_result,address_historical_result,0.15,,
estimator_billing_config,chosen_certificate_config,0.15,,
estimator_metadata,chosen_policy_metadata,0.15,,
final_queue_count,current_country_count,0.15,,
identity_key_result,shared_score_result,0.15,,
incoming_revision_result,output_inventory_result,0.15,,
initial_client_metadata,scheduled_record_metadata,0.15,,
initial_statistic_count,file_profile_count,0.15,,
internal_credential_status,outgoing_region_status,0.15,,
internal_model_metadata,policy_metadata,0.15,,
inventory_override_metadata,service_metadata,0.15,,
inventory_primary_config,service_source_config,0.15,,
invoice_result,remote_prediction_result,0.15,,
job_config,recipient_config,0.15,,
local_statistic_count,latest_file_count,0.15,,
model_default_result,certificate_derived_result,0.15,,
normalized_revision_status,payment_status,0.15,,
normalized_supplier_config,model_validation_config,0.15,,
order_value,label_value,0.15,,
origin_user_count,file_normalized_count,0.15,,
output_secret_value,address_normalized_value,0.15,,
permission_target_result,runtime_locale_result,0.15,,
pipeline_derived_count,subscriber_count,0.15,,
policy_target_value,territory_value,0.15,,
previous_commit_count,account_count,0.15,,
primary_report_config,schema_config,0.15,,
product_metadata,current_metric_metadata,0.15,,
product_primary_count,fresh_estimator_count,0.15,,
product_value,derived_worker_value,0.15,,
production_category_count,file_count,0.15,,
profile_profile_result,snapshot_private_result,0.15,,
recent_task_result,recipient_profile_result,0.15,,
recipient_override_config,snapshot_derived_config,0.15,,
release_historical_config,profile_validation_config,0.15,,
remote_permission_value,score_value,0.15,,
remote_token_metadata,region_target_metadata,0.15,,
report_count,derived_record_count,0.15,,
request_count,incoming_territory_count,0.15,,
requested_feature_result,primary_policy_result,0.15,,
requested_model_result,signature_primary_result,0.15,,
response_historical_value,timezone_value,0.15,,
revision_result,member_result,0.15,,
revision_validation_config,consumer_config,0.15,,
score_metadata,payload_metadata,0.15,,
selected_certificate_metadata,zone_secondary_metadata,0.15,,
selected_payment_status,sample_status,0.15,,
selected_policy_metadata,latest_address_metadata,0.15,,
shared_artifact_status,requested_region_status,0.15,,
staging_branch_config,internal_user_config,0.15,,
subscription_private_metadata,request_metadata,0.15,,
supplier_derived_value,dataset_value,0.15,,
target_subscriber_result,latest_entry_result,0.15,,
task_profile_status,backup_transaction_status,0.15,,
transaction_status,metric_status,0.15,,
validated_customer_result,feature_result,0.15,,
validated_release_config,private_profile_config,0.15,,
validation_segment_count,record_public_count,0.15,,
branch_status_snapshot,runtime_pipeline_complete,0.20,,
build_path_details,private_branch_config,0.20,,
cached_product_payment_state,runtime_subscription_summary_currency,0.20,,
cached_zone_region,output_timezone_zone,0.20,,
category_status_mapping,generated_forecast_segment,0.20,,
certificate_default_hash,signature_billing_id,0.20,,
chosen_coordinate_override_timezone,output_region_code,0.20,,
commit_complete,build_primary_status,0.20,,
connection_headers_mapping,fresh_session_history_payload,0.20,,
coordinate_secondary_code,validation_location_timezone,0.20,,
coordinate_validation_latitude,input_timezone_profile_name,0.20,,
credential_signature,source_certificate_status,0.20,,
current_model_public_seed,remote_label_selected,0.20,,
decoded_response_duration,queue_result,0.20,,
default_consumer_default_phone,incoming_customer_mapping_address,0.20,,
default_profile_profile_role,validated_user_preference,0.20,,
derived_job_count,release_default_selected,0.20,,
derived_order_settings_amount,supplier_profile_number,0.20,,
derived_record_reference_schema,parsed_artifact_mapping_id,0.20,,
destination_artifact_schema,previous_snapshot_reference_version,0.20,,
destination_client_identifier,source_consumer_id,0.20,,
destination_estimator_shape,temporary_embedding_normalized_loss,0.20,,
destination_recipient_updated_at,outgoing_profile_updated_at,0.20,,
embedding_target_count,remote_metric_id,0.20,,
encoded_address_name,remote_location_status,0.20,,
endpoint_source_ready,cache_secondary_url,0.20,,
endpoint_url_metadata,connection_training_error,0.20,,
entry_private_path,latest_snapshot_profile_content,0.20,,
generated_order_available,cached_product_profile_due_date,0.20,,
generated_worker_duration,response_normalized_retry_count,0.20,,
historical_model_name,local_prediction_profile_id,0.20,,
identity_key_issuer,remote_signature_summary_hash,0.20,,
input_recipient_preference,output_client_preference,0.20,,
input_user_preference,subscriber_default_name,0.20,,
local_address_address,input_region_ready,0.20,,
locale_latitude_reference,location_secondary_name,0.20,,
merged_snapshot_complete,validation_repository_format,0.20,,
normalized_commit_count,validated_build_allowed,0.20,,
normalized_ratio_segment,outgoing_category_count,0.20,,
origin_endpoint_status,encoded_request_error,0.20,,
origin_response_error,connection_primary_visible,0.20,,
origin_segment_summary_total,score_primary_segment,0.20,,
output_address_country,active_locale_code,0.20,,
output_identity_key_policy,credential_scope,0.20,,
parsed_branch_path,source_commit_derived_at,0.20,,
prediction_accuracy,source_metric_label,0.20,,
previous_transaction_payment_state,merged_subscription_delivery_date,0.20,,
private_pipeline_duration,filtered_task_count,0.20,,
product_historical_payment_state,validated_subscription_quantity,0.20,,
product_target_total,order_cost,0.20,,
queue_target_limit,should_session_pending,0.20,,
release_source_hash,primary_pipeline_result,0.20,,
response_duration,cache_training_timeout,0.20,,
scheduled_token_metadata_issuer,initial_credential_id,0.20,,
shipment_enabled,private_product_expired,0.20,,
snapshot_format_reference,target_artifact_version,0.20,,
snapshot_name_details,validated_payload_hash,0.20,,
snapshot_runtime_payload,artifact_content,0.20,,
snapshot_target_payload,artifact_runtime_payload,0.20,,
source_cache_method,chosen_response_selected,0.20,,
source_location_id,internal_coordinate_country,0.20,,
source_response_status,encoded_connection_method,0.20,,
subscriber_balance_record,encoded_recipient_status,0.20,,
summary_private_count,statistic_trend,0.20,,
target_client_phone,customer_runtime_available,0.20,,
target_timezone_id,validated_location_latitude,0.20,,
trend_summary_snapshot,default_statistic_derived_total,0.20,,
validated_coordinate_address,historical_zone_reference_address,0.20,,
validated_country_country,address_longitude_value,0.20,,
validated_member_status,subscriber_primary_identifier,0.20,,
validation_repository_metadata,record_hash_metadata,0.20,,
validation_request_payload,current_session_profile_timeout,0.20,,
zone_runtime_id,input_region_id,0.20,,
current_branch_error,current_supplier_quantity,0.25,,
current_build_message,current_artifact_id,0.25,,
current_country_address,current_client_updated_at,0.25,,
current_location_longitude,current_cache_result,0.25,,
current_payload_name,current_service_ready,0.25,,
current_pipeline_status,current_order_tracking_code,0.25,,
current_region_address,current_cache_payload,0.25,,
current_revision_time,current_snapshot_version,0.25,,
current_sample_score,current_record_payload,0.25,,
current_segment_initialized,current_member_balance,0.25,,
historical_address_name,historical_queue_result,0.25,,
historical_artifact_payload,historical_label_seed,0.25,,
historical_category_category,historical_metric_score,0.25,,
historical_category_ratio,historical_metric_output,0.25,,
historical_credential_expiry,historical_member_balance,0.25,,
historical_credential_id,historical_client_identifier,0.25,,
historical_entry_payload,historical_cache_body,0.25,,
historical_feature_loss,historical_ratio_id,0.25,,
historical_locale_latitude,historical_order_delivery_date,0.25,,
historical_product_tracking_code,historical_statistic_status,0.25,,
historical_request_duration,historical_token_status,0.25,,
historical_score_count,historical_inventory_number,0.25,,
historical_shipment_number,historical_summary_count,0.25,,
historical_subscription_id,historical_build_branch,0.25,,
historical_territory_id,historical_profile_visible,0.25,,
historical_user_role,historical_signature_permission,0.25,,
historical_zone_name,historical_subscription_valid,0.25,,
primary_build_id,primary_feature_id,0.25,,
primary_endpoint_duration,primary_build_branch,0.25,,
primary_file_created_at,primary_dataset_label,0.25,,
primary_forecast_period,primary_feature_loss,0.25,,
primary_label_id,primary_commit_config,0.25,,
primary_metric_shape,primary_pipeline_hash,0.25,,
primary_payload_active,primary_dataset_weight,0.25,,
primary_pipeline_branch,primary_transaction_status,0.25,,
primary_pipeline_error,primary_document_size,0.25,,
primary_record_updated_at,primary_sample_pending,0.25,,
primary_report_period,primary_recipient_status,0.25,,
primary_request_status,primary_file_hash,0.25,,
primary_secret_expiry,primary_client_address,0.25,,
primary_statistic_trend,primary_supplier_due_date,0.25,,
primary_subscription_tax,primary_score_summary,0.25,,
runtime_account_email,runtime_signature_value,0.25,,
runtime_account_name,runtime_category_segment,0.25,,
runtime_certificate_value,runtime_account_address,0.25,,
runtime_dataset_score,runtime_forecast_summary,0.25,,
runtime_deployment_branch,runtime_repository_updated_at,0.25,,
runtime_entry_format,runtime_job_valid,0.25,,
runtime_label_score,runtime_job_status,0.25,,
runtime_payment_payment_state,runtime_timezone_zone,0.25,,
runtime_product_status,runtime_statistic_trend,0.25,,
runtime_schema_updated_at,runtime_cache_method,0.25,,
runtime_shipment_tax,runtime_zone_name,0.25,,
runtime_token_expires_at,runtime_profile_phone,0.25,,
runtime_user_balance,runtime_forecast_name,0.25,,
source_credential_expiry,source_account_email,0.25,,
source_deployment_duration,source_shipment_due_date,0.25,,
source_endpoint_status,source_build_hash,0.25,,
source_estimator_config,source_schema_updated_at,0.25,,
source_estimator_selected,source_payload_updated_at,0.25,,
source_label_count,source_ratio_cached,0.25,,
source_model_path,source_report_ratio,0.25,,
source_payload_metadata,source_session_retry_count,0.25,,
source_payment_required,source_forecast_id,0.25,,
source_prediction_loss,source_branch_message,0.25,,
source_profile_identifier,source_supplier_due_date,0.25,,
source_recipient_allowed,source_statistic_period,0.25,,
source_release_time,source_connection_id,0.25,,
source_report_period,source_payment_total,0.25,,
source_schema_created_at,source_prediction_version,0.25,,
source_service_headers,source_secret_signature,0.25,,
source_subscriber_balance,source_credential_id,0.25,,
source_subscription_amount,source_timezone_code,0.25,,
source_supplier_amount,source_revision_at,0.25,,
active_product_reference_id,active_transaction_reference_id,0.30,,
artifact_id_value,schema_id_value,0.30,,
backup_job_id,backup_commit_id,0.30,,
backup_product_profile_value,backup_shipment_profile_value,0.30,,
branch_runtime_value,job_runtime_value,0.30,,
cache_status,response_status,0.30,,
cached_embedding_status,cached_model_status,0.30,,
chosen_client_primary_value,chosen_subscriber_primary_value,0.30,,
consumer_validation_status,recipient_validation_status,0.30,,
country_normalized_name,zone_normalized_name,0.30,,
decoded_queue_created_at,decoded_request_created_at,0.30,,
decoded_subscription_id,decoded_supplier_id,0.30,,
derived_dataset_name,derived_prediction_name,0.30,,
feature_name_mapping,estimator_name_mapping,0.30,,
feature_value,estimator_value,0.30,,
filtered_credential_name,filtered_access_key_name,0.30,,
filtered_embedding_id,filtered_dataset_id,0.30,,
filtered_file_created_at,filtered_artifact_created_at,0.30,,
filtered_job_created_at,filtered_task_created_at,0.30,,
final_ratio_id,final_score_id,0.30,,
final_repository_runtime_created_at,final_payload_runtime_created_at,0.30,,
generated_customer_count,generated_account_count,0.30,,
identity_key_id_value,access_key_id_value,0.30,,
incoming_response_value,incoming_connection_value,0.30,,
incoming_score_value,incoming_ratio_value,0.30,,
incoming_zone_count,incoming_country_count,0.30,,
input_account_status,input_user_status,0.30,,
input_profile_name,input_customer_name,0.30,,
invoice_created_at,transaction_created_at,0.30,,
job_private_created_at,branch_private_created_at,0.30,,
latest_signature_name,latest_token_name,0.30,,
location_default_id,address_default_id,0.30,,
merged_access_key_id,merged_credential_id,0.30,,
merged_branch_value,merged_build_value,0.30,,
merged_country_count,merged_territory_count,0.30,,
normalized_branch_name,normalized_pipeline_name,0.30,,
normalized_consumer_summary_value,normalized_profile_summary_value,0.30,,
normalized_deployment_settings_name,normalized_release_settings_name,0.30,,
normalized_shipment_name,normalized_invoice_name,0.30,,
order_created_at_metadata,supplier_created_at_metadata,0.30,,
order_name_context,invoice_name_context,0.30,,
origin_order_value,origin_shipment_value,0.30,,
outgoing_build_count,outgoing_pipeline_count,0.30,,
outgoing_job_name,outgoing_task_name,0.30,,
output_signature_status,output_certificate_status,0.30,,
parsed_shipment_id,parsed_transaction_id,0.30,,
prediction_value,sample_value,0.30,,
recent_trend_count,recent_summary_count,0.30,,
remote_response_count,remote_queue_count,0.30,,
report_profile_created_at,forecast_profile_created_at,0.30,,
request_billing_status,session_billing_status,0.30,,
requested_consumer_mapping_value,requested_recipient_mapping_value,0.30,,
resolved_endpoint_name,resolved_service_name,0.30,,
response_secondary_id,request_secondary_id,0.30,,
runtime_queue_value,runtime_worker_value,0.30,,
selected_segment_name,selected_summary_name,0.30,,
serialized_file_status,serialized_repository_status,0.30,,
serialized_signature_name,serialized_token_name,0.30,,
serialized_trend_name,serialized_score_name,0.30,,
shared_entry_id,shared_snapshot_id,0.30,,
shared_location_profile_name,shared_region_profile_name,0.30,,
shared_task_id,shared_deployment_id,0.30,,
shipment_profile_value,invoice_profile_value,0.30,,
signature_primary_name,token_primary_name,0.30,,
source_trend_name,source_category_name,0.30,,
subscriber_value,client_value,0.30,,
supplier_default_status,inventory_default_status,0.30,,
target_payload_override_created_at,target_document_override_created_at,0.30,,
target_revision_name,target_deployment_name,0.30,,
target_summary_id,target_forecast_id,0.30,,
transaction_name,supplier_name,0.30,,
validated_segment_count,validated_score_count,0.30,,
validation_payload_historical_count,validation_entry_historical_count,0.30,,
worker_value_context,service_value_context,0.30,,
active_transaction_delivery_date,active_transaction_due_date,0.35,,
build_validation_result,build_validation_error,0.35,,
cache_retry_count,cache_timeout,0.35,,
cached_payload_public_path,cached_payload_public_url,0.35,,
chosen_member_role,chosen_member_status,0.35,,
chosen_response_limit,chosen_response_duration,0.35,,
country_region,country_zone,0.35,,
country_timezone_metadata,country_locale_metadata,0.35,,
decoded_branch_result,decoded_branch_error,0.35,,
default_commit_config,default_commit_path,0.35,,
default_snapshot_cache_name,default_snapshot_cache_id,0.35,,
deployment_time,deployment_duration,0.35,,
derived_feature_label,derived_feature_output,0.35,,
derived_transaction_cost,derived_transaction_tax,0.35,,
destination_customer_balance,destination_customer_preference,0.35,,
encoded_payload_version,encoded_payload_updated_at,0.35,,
encoded_schema_updated_at,encoded_schema_version,0.35,,
file_target_size,file_target_hash,0.35,,
filtered_client_address,filtered_client_name,0.35,,
fresh_entry_metadata,fresh_entry_content,0.35,,
generated_identity_key_scope,generated_identity_key_issuer,0.35,,
generated_prediction_version,generated_prediction_config,0.35,,
incoming_country_code,incoming_country_name,0.35,,
incoming_response_limit,incoming_response_duration,0.35,,
incoming_shipment_total,incoming_shipment_amount,0.35,,
input_access_key_primary_key,input_access_key_primary_id,0.35,,
input_endpoint_method,input_endpoint_url,0.35,,
input_invoice_amount,input_invoice_total,0.35,,
input_queue_payload,input_queue_headers,0.35,,
input_segment_category,input_segment_segment,0.35,,
internal_task_config,internal_task_path,0.35,,
latest_commit_history_branch,latest_commit_history_version,0.35,,
latest_queue_retry_count,latest_queue_timeout,0.35,,
local_signature_expires_at,local_signature_expiry,0.35,,
local_statistic_context_count,local_statistic_context_status,0.35,,
normalized_address_latitude,normalized_address_longitude,0.35,,
normalized_token_hash,normalized_token_signature,0.35,,
origin_document_size,origin_document_hash,0.35,,
outgoing_forecast_ratio,outgoing_forecast_total,0.35,,
output_access_key_target_policy,output_access_key_target_permission,0.35,,
output_job_details_hash,output_job_details_message,0.35,,
output_session_created_at,output_session_status,0.35,,
output_territory_longitude,output_territory_latitude,0.35,,
parsed_country_timezone,parsed_country_locale,0.35,,
parsed_prediction_seed,parsed_prediction_path,0.35,,
payment_tax,payment_cost,0.35,,
pending_statistic_segment,pending_statistic_category,0.35,,
permission_key_context,permission_id_context,0.35,,
product_profile_inventory,product_profile_quantity,0.35,,
production_job_branch,production_job_version,0.35,,
recent_transaction_historical_tracking_code,recent_transaction_historical_number,0.35,,
recipient_updated_at_mapping,recipient_created_at_mapping,0.35,,
release_source_result,release_source_error,0.35,,
remote_entry_metadata,remote_entry_content,0.35,,
request_duration_snapshot,request_limit_snapshot,0.35,,
resolved_embedding_shape,resolved_embedding_count,0.35,,
resolved_ratio_status,resolved_ratio_count,0.35,,
runtime_account_role,runtime_account_status,0.35,,
scheduled_access_key_secondary_expires_at,scheduled_access_key_secondary_expiry,0.35,,
scheduled_artifact_hash,scheduled_artifact_size,0.35,,
serialized_order_tax,serialized_order_cost,0.35,,
shared_zone_timezone,shared_zone_locale,0.35,,
source_inventory_number,source_inventory_tracking_code,0.35,,
source_response_error,source_response_result,0.35,,
target_release_source_status,target_release_source_count,0.35,,
territory_default_locale,territory_default_timezone,0.35,,
token_value_data,token_status_data,0.35,,
training_connection_method,training_connection_url,0.35,,
transaction_training_quantity,transaction_training_inventory,0.35,,
user_phone_snapshot,user_email_snapshot,0.35,,
validated_cache_retry_count,validated_cache_timeout,0.35,,
validated_estimator_version,validated_estimator_config,0.35,,
validation_connection_context_duration,validation_connection_context_limit,0.35,,
active_branch_status,active_commit_status,0.40,,
backup_inventory_count,backup_product_count,0.40,,
backup_record_created_at,backup_schema_created_at,0.40,,
branch_status,commit_status,0.40,,
build_runtime_name,release_runtime_name,0.40,,
cache_profile_id,session_profile_id,0.40,,
chosen_member_target_name,chosen_subscriber_target_name,0.40,,
commit_public_id,branch_public_id,0.40,,
commit_runtime_status,branch_runtime_status,0.40,,
country_normalized_created_at,locale_normalized_created_at,0.40,,
country_primary_created_at,locale_primary_created_at,0.40,,
customer_id,account_id,0.40,,
decoded_category_count,decoded_segment_count,0.40,,
document_public_created_at,file_public_created_at,0.40,,
encoded_metric_count,encoded_prediction_count,0.40,,
encoded_sample_name,encoded_dataset_name,0.40,,
input_document_created_at,input_file_created_at,0.40,,
input_permission_status,input_token_status,0.40,,
input_prediction_count,input_metric_count,0.40,,
input_prediction_summary_value,input_metric_summary_value,0.40,,
input_product_id,input_inventory_id,0.40,,
locale_runtime_value,country_runtime_value,0.40,,
location_id,coordinate_id,0.40,,
location_override_created_at,coordinate_override_created_at,0.40,,
metric_count,prediction_count,0.40,,
metric_created_at,report_created_at,0.40,,
metric_override_count,report_override_count,0.40,,
normalized_policy_value,normalized_credential_value,0.40,,
order_derived_id,shipment_derived_id,0.40,,
origin_invoice_created_at,origin_payment_created_at,0.40,,
origin_ratio_count,origin_score_count,0.40,,
outgoing_branch_policy_name,outgoing_commit_policy_name,0.40,,
outgoing_token_created_at,outgoing_permission_created_at,0.40,,
output_queue_status,output_worker_status,0.40,,
parsed_credential_created_at,parsed_policy_created_at,0.40,,
pending_cache_value,pending_session_value,0.40,,
pending_metric_name,pending_report_name,0.40,,
permission_created_at,token_created_at,0.40,,
policy_runtime_count,credential_runtime_count,0.40,,
prediction_count_reference,metric_count_reference,0.40,,
prediction_validation_count,metric_validation_count,0.40,,
previous_build_validation_count,previous_release_validation_count,0.40,,
previous_inventory_derived_status,previous_product_derived_status,0.40,,
product_profile_value,inventory_profile_value,0.40,,
product_runtime_count,inventory_runtime_count,0.40,,
profile_id_data,user_id_data,0.40,,
queue_default_id,worker_default_id,0.40,,
recent_snapshot_policy_value,recent_artifact_policy_value,0.40,,
release_override_created_at,build_override_created_at,0.40,,
release_status_value,build_status_value,0.40,,
request_runtime_name,response_runtime_name,0.40,,
resolved_artifact_count,resolved_snapshot_count,0.40,,
resolved_build_name,resolved_release_name,0.40,,
resolved_coordinate_id,resolved_location_id,0.40,,
resolved_locale_id,resolved_country_id,0.40,,
response_source_created_at,request_source_created_at,0.40,,
scheduled_profile_created_at,scheduled_user_created_at,0.40,,
schema_status_info,record_status_info,0.40,,
secret_source_value,signature_source_value,0.40,,
serialized_country_id,serialized_locale_id,0.40,,
session_normalized_created_at,cache_normalized_created_at,0.40,,
shared_coordinate_created_at,shared_location_created_at,0.40,,
shared_customer_primary_id,shared_account_primary_id,0.40,,
shared_member_id,shared_subscriber_id,0.40,,
snapshot_count_data,artifact_count_data,0.40,,
source_dataset_status,source_sample_status,0.40,,
source_product_id,source_inventory_id,0.40,,
source_signature_created_at,source_secret_created_at,0.40,,
subscriber_runtime_count,member_runtime_count,0.40,,
target_snapshot_created_at,target_artifact_created_at,0.40,,
training_worker_override_status,training_queue_override_status,0.40,,
user_name,profile_name,0.40,,
validated_worker_status,validated_queue_status,0.40,,
zone_status,region_status,0.40,,
account_created_at_data,customer_updated_at_data,0.45,,
artifact_format,snapshot_schema,0.45,,
backup_artifact_schema,backup_snapshot_format,0.45,,
backup_schema_summary_url,backup_record_summary_path,0.45,,
branch_config_value,commit_path_value,0.45,,
cache_override_method,session_override_url,0.45,,
cache_private_method,session_private_url,0.45,,
category_public_summary,segment_public_name,0.45,,
commit_version_snapshot,branch_branch_snapshot,0.45,,
coordinate_runtime_zone,location_runtime_region,0.45,,
credential_source_hash,policy_source_signature,0.45,,
decoded_customer_created_at,decoded_account_updated_at,0.45,,
decoded_model_path,decoded_feature_seed,0.45,,
decoded_payment_inventory,decoded_invoice_quantity,0.45,,
decoded_schema_format,decoded_record_schema,0.45,,
default_report_ratio,default_metric_total,0.45,,
derived_artifact_version,derived_snapshot_updated_at,0.45,,
derived_cache_url,derived_session_method,0.45,,
destination_task_message,destination_pipeline_hash,0.45,,
filtered_task_config,filtered_pipeline_path,0.45,,
fresh_metric_accuracy,fresh_prediction_loss,0.45,,
fresh_order_payment_state,fresh_shipment_status,0.45,,
generated_worker_result,generated_queue_error,0.45,,
historical_commit_time,historical_branch_duration,0.45,,
historical_prediction_path,historical_metric_seed,0.45,,
incoming_feature_path,incoming_model_seed,0.45,,
incoming_shipment_inventory,incoming_order_quantity,0.45,,
input_feature_output,input_model_label,0.45,,
internal_document_version,internal_file_updated_at,0.45,,
latest_feature_billing_seed,latest_model_billing_path,0.45,,
merged_report_name,merged_metric_summary,0.45,,
metric_derived_output,prediction_derived_label,0.45,,
metric_public_count,prediction_public_shape,0.45,,
normalized_product_total,normalized_inventory_amount,0.45,,
origin_credential_signature,origin_policy_hash,0.45,,
origin_record_path,origin_schema_url,0.45,,
origin_response_payload,origin_request_headers,0.45,,
outgoing_account_id,outgoing_customer_identifier,0.45,,
outgoing_cache_payload,outgoing_session_headers,0.45,,
output_artifact_schema,output_snapshot_format,0.45,,
parsed_task_message,parsed_pipeline_hash,0.45,,
previous_shipment_due_date,previous_order_delivery_date,0.45,,
private_cache_override_created_at,private_session_override_status,0.45,,
profile_secondary_preference,user_secondary_balance,0.45,,
profile_updated_at_details,user_created_at_details,0.45,,
recent_artifact_schema,recent_snapshot_format,0.45,,
record_training_hash,schema_training_size,0.45,,
region_derived_longitude,zone_derived_latitude,0.45,,
region_status_mapping,zone_location_mapping,0.45,,
release_secondary_branch,build_secondary_version,0.45,,
remote_inventory_due_date,remote_product_delivery_date,0.45,,
request_derived_error,response_derived_result,0.45,,
resolved_record_version,resolved_schema_updated_at,0.45,,
response_timeout_record,request_retry_count_record,0.45,,
scheduled_cache_created_at,scheduled_session_status,0.45,,
score_target_rate,ratio_target_score,0.45,,
segment_public_rate,category_public_score,0.45,,
selected_branch_historical_message,selected_commit_historical_hash,0.45,,
serialized_branch_config,serialized_commit_path,0.45,,
serialized_location_country,serialized_coordinate_address,0.45,,
shipment_billing_tax,order_billing_cost,0.45,,
shipment_profile_quantity,order_profile_inventory,0.45,,
signature_public_value,secret_public_status,0.45,,
source_commit_branch,source_branch_version,0.45,,
source_report_rate,source_metric_score,0.45,,
source_worker_billing_headers,source_queue_billing_payload,0.45,,
staging_score_category,staging_ratio_segment,0.45,,
task_message,pipeline_hash,0.45,,
temporary_metric_label,temporary_prediction_output,0.45,,
temporary_record_target_format,temporary_schema_target_schema,0.45,,
training_commit_duration,training_branch_time,0.45,,
validation_user_derived_balance,validation_profile_derived_preference,0.45,,
zone_name_details,region_code_details,0.45,,
zone_name_snapshot,region_code_snapshot,0.45,,
account_preference,customer_balance,0.50,,
account_secondary_id,customer_secondary_identifier,0.50,,
active_product_context_tax,active_inventory_context_cost,0.50,,
backup_customer_profile_balance,backup_account_profile_preference,0.50,,
backup_report_score,backup_metric_rate,0.50,,
cache_url,session_method,0.50,,
cached_category_trend,cached_segment_period,0.50,,
cached_location_timezone,cached_coordinate_locale,0.50,,
cached_session_reference_url,cached_cache_reference_method,0.50,,
category_trend,segment_period,0.50,,
coordinate_default_timezone,location_default_locale,0.50,,
coordinate_private_latitude,location_private_longitude,0.50,,
credential_expiry,policy_expires_at,0.50,,
current_token_scope,current_permission_issuer,0.50,,
current_token_status,current_permission_value,0.50,,
customer_profile_created_at,account_profile_updated_at,0.50,,
customer_updated_at_details,account_created_at_details,0.50,,
decoded_build_path,decoded_release_config,0.50,,
decoded_file_url,decoded_document_path,0.50,,
derived_artifact_schema,derived_snapshot_format,0.50,,
derived_segment_name,derived_category_summary,0.50,,
derived_session_payload,derived_cache_headers,0.50,,
destination_record_size,destination_schema_hash,0.50,,
destination_worker_error,destination_queue_result,0.50,,
document_public_hash,file_public_size,0.50,,
document_updated_at_metadata,file_version_metadata,0.50,,
encoded_zone_zone,encoded_region_region,0.50,,
external_report_details_name,external_metric_details_summary,0.50,,
external_score_summary_score,external_ratio_summary_rate,0.50,,
file_version,document_updated_at,0.50,,
generated_feature_label,generated_model_output,0.50,,
historical_customer_reference_identifier,historical_account_reference_id,0.50,,
historical_token_permission,historical_permission_policy,0.50,,
incoming_task_hash,incoming_pipeline_message,0.50,,
input_pipeline_time,input_task_duration,0.50,,
input_product_training_due_date,input_inventory_training_delivery_date,0.50,,
latest_location_code,latest_coordinate_name,0.50,,
local_document_hash,local_file_size,0.50,,
merged_shipment_due_date,merged_order_delivery_date,0.50,,
normalized_region_country,normalized_zone_address,0.50,,
origin_locale_region,origin_country_zone,0.50,,
output_pipeline_time,output_task_duration,0.50,,
output_snapshot_metadata,output_artifact_content,0.50,,
output_subscriber_status,output_member_role,0.50,,
parsed_build_training_error,parsed_release_training_result,0.50,,
pending_response_profile_payload,pending_request_profile_headers,0.50,,
permission_training_expiry,token_training_expires_at,0.50,,
previous_subscriber_derived_preference,previous_member_derived_balance,0.50,,
primary_token_value,primary_permission_status,0.50,,
production_response_profile_retry_count,production_request_profile_timeout,0.50,,
queue_private_retry_count,worker_private_timeout,0.50,,
record_size_reference,schema_hash_reference,0.50,,
remote_customer_name,remote_account_address,0.50,,
resolved_artifact_path,resolved_snapshot_url,0.50,,
resolved_file_url,resolved_document_path,0.50,,
runtime_prediction_path,runtime_metric_seed,0.50,,
score_training_rate,ratio_training_score,0.50,,
secret_primary_signature,signature_primary_hash,0.50,,
serialized_build_error,serialized_release_result,0.50,,
serialized_country_longitude,serialized_locale_latitude,0.50,,
serialized_product_inventory,serialized_inventory_quantity,0.50,,
serialized_response_method,serialized_request_url,0.50,,
snapshot_format_mapping,artifact_schema_mapping,0.50,,
source_artifact_training_id,source_snapshot_training_name,0.50,,
source_location_normalized_code,source_coordinate_normalized_name,0.50,,
source_secret_expiry,source_signature_expires_at,0.50,,
source_user_updated_at,source_profile_created_at,0.50,,
target_prediction_score,target_metric_weight,0.50,,
task_hash_data,pipeline_message_data,0.50,,
token_normalized_scope,permission_normalized_issuer,0.50,,
validated_pipeline_history_error,validated_task_history_result,0.50,,
validation_file_summary_content,validation_document_summary_metadata,0.50,,
zone_target_address,region_target_country,0.50,,
cached_access_key_issuer,fresh_access_key_issuer,0.55,,
cached_build_config,fresh_build_config,0.55,,
cached_consumer_id,fresh_consumer_id,0.55,,
cached_forecast_id,fresh_forecast_id,0.55,,
cached_metric_path,fresh_metric_path,0.55,,
cached_revision_version,fresh_revision_version,0.55,,
daily_address_region,monthly_address_region,0.55,,
daily_certificate_key,monthly_certificate_key,0.55,,
incoming_inventory_id,outgoing_inventory_id,0.55,,
incoming_locale_zone,outgoing_locale_zone,0.55,,
incoming_record_hash,outgoing_record_hash,0.55,,
incoming_snapshot_hash,outgoing_snapshot_hash,0.55,,
incoming_task_id,outgoing_task_id,0.55,,
incoming_token_key,outgoing_token_key,0.55,,
input_locale_latitude,output_locale_latitude,0.55,,
input_metric_weight,output_metric_weight,0.55,,
input_permission_id,output_permission_id,0.55,,
input_permission_signature,output_permission_signature,0.55,,
input_prediction_seed,output_prediction_seed,0.55,,
internal_category_ratio,external_category_ratio,0.55,,
internal_credential_hash,external_credential_hash,0.55,,
internal_credential_id,external_credential_id,0.55,,
internal_document_payload,external_document_payload,0.55,,
internal_job_version,external_job_version,0.55,,
internal_trend_id,external_trend_id,0.55,,
internal_worker_result,external_worker_result,0.55,,
local_deployment_at,remote_deployment_at,0.55,,
local_locale_region,remote_locale_region,0.55,,
local_location_zone,remote_location_zone,0.55,,
local_revision_config,remote_revision_config,0.55,,
local_statistic_id,remote_statistic_id,0.55,,
previous_build_version,latest_build_version,0.55,,
previous_file_updated_at,latest_file_updated_at,0.55,,
previous_inventory_tax,latest_inventory_tax,0.55,,
previous_service_id,latest_service_id,0.55,,
primary_address_address,backup_address_address,0.55,,
primary_artifact_payload,backup_artifact_payload,0.55,,
primary_cache_payload,backup_cache_payload,0.55,,
primary_certificate_expiry,backup_certificate_expiry,0.55,,
primary_dataset_loss,backup_dataset_loss,0.55,,
primary_locale_region,backup_locale_region,0.55,,
primary_payload_url,backup_payload_url,0.55,,
primary_prediction_count,backup_prediction_count,0.55,,
primary_subscriber_email,backup_subscriber_email,0.55,,
primary_user_name,backup_user_name,0.55,,
public_category_count,private_category_count,0.55,,
public_client_balance,private_client_balance,0.55,,
public_deployment_message,private_deployment_message,0.55,,
public_embedding_output,private_embedding_output,0.55,,
public_payment_amount,private_payment_amount,0.55,,
public_statistic_summary,private_statistic_summary,0.55,,
public_worker_id,private_worker_id,0.55,,
raw_cache_headers,normalized_cache_headers,0.55,,
raw_client_updated_at,normalized_client_updated_at,0.55,,
raw_entry_url,normalized_entry_url,0.55,,
raw_file_metadata,normalized_file_metadata,0.55,,
raw_job_path,normalized_job_path,0.55,,
raw_permission_scope,normalized_permission_scope,0.55,,
raw_policy_signature,normalized_policy_signature,0.55,,
raw_worker_result,normalized_worker_result,0.55,,
source_connection_url,target_connection_url,0.55,,
source_coordinate_longitude,target_coordinate_longitude,0.55,,
source_country_status,target_country_status,0.55,,
source_dataset_version,target_dataset_version,0.55,,
source_payload_version,target_payload_version,0.55,,
source_region_id,target_region_id,0.55,,
source_service_url,target_service_url,0.55,,
source_task_path,target_task_path,0.55,,
training_country_code,validation_country_code,0.55,,
training_embedding_accuracy,validation_embedding_accuracy,0.55,,
training_entry_created_at,validation_entry_created_at,0.55,,
training_queue_method,validation_queue_method,0.55,,
training_response_method,validation_response_method,0.55,,
training_sample_accuracy,validation_sample_accuracy,0.55,,
cached_account_id,generated_account_id,0.60,,
cached_account_identifier,generated_account_identifier,0.60,,
cached_commit_at,generated_commit_at,0.60,,
cached_country_timezone,generated_country_timezone,0.60,,
cached_deployment_count,generated_deployment_count,0.60,,
cached_feature_score,generated_feature_score,0.60,,
cached_file_content,generated_file_content,0.60,,
cached_locale_timezone,generated_locale_timezone,0.60,,
cached_model_accuracy,generated_model_accuracy,0.60,,
cached_prediction_shape,generated_prediction_shape,0.60,,
cached_product_cost,generated_product_cost,0.60,,
cached_product_tax,generated_product_tax,0.60,,
cached_service_status,generated_service_status,0.60,,
cached_shipment_currency,generated_shipment_currency,0.60,,
cached_shipment_payment_state,generated_shipment_payment_state,0.60,,
cached_subscriber_updated_at,generated_subscriber_updated_at,0.60,,
cached_user_preference,generated_user_preference,0.60,,
decoded_access_key_policy,normalized_access_key_policy,0.60,,
decoded_account_preference,normalized_account_preference,0.60,,
decoded_country_zone,normalized_country_zone,0.60,,
decoded_embedding_version,normalized_embedding_version,0.60,,
decoded_endpoint_retry_count,normalized_endpoint_retry_count,0.60,,
decoded_prediction_loss,normalized_prediction_loss,0.60,,
decoded_product_currency,normalized_product_currency,0.60,,
decoded_record_format,normalized_record_format,0.60,,
decoded_subscriber_role,normalized_subscriber_role,0.60,,
decoded_user_name,normalized_user_name,0.60,,
encoded_address_address,serialized_address_address,0.60,,
encoded_branch_status,serialized_branch_status,0.60,,
encoded_commit_duration,serialized_commit_duration,0.60,,
encoded_customer_balance,serialized_customer_balance,0.60,,
encoded_embedding_path,serialized_embedding_path,0.60,,
encoded_endpoint_body,serialized_endpoint_body,0.60,,
encoded_identity_key_expiry,serialized_identity_key_expiry,0.60,,
encoded_job_result,serialized_job_result,0.60,,
encoded_member_status,serialized_member_status,0.60,,
encoded_order_number,serialized_order_number,0.60,,
encoded_pipeline_count,serialized_pipeline_count,0.60,,
encoded_profile_status,serialized_profile_status,0.60,,
encoded_recipient_created_at,serialized_recipient_created_at,0.60,,
encoded_report_count,serialized_report_count,0.60,,
encoded_request_method,serialized_request_method,0.60,,
encoded_user_address,serialized_user_address,0.60,,
encoded_user_email,serialized_user_email,0.60,,
encoded_worker_result,serialized_worker_result,0.60,,
filtered_certificate_signature,merged_certificate_signature,0.60,,
filtered_deployment_path,merged_deployment_path,0.60,,
filtered_feature_version,merged_feature_version,0.60,,
filtered_file_schema,merged_file_schema,0.60,,
filtered_invoice_quantity,merged_invoice_quantity,0.60,,
filtered_snapshot_id,merged_snapshot_id,0.60,,
filtered_statistic_rate,merged_statistic_rate,0.60,,
filtered_token_hash,merged_token_hash,0.60,,
parsed_artifact_payload,validated_artifact_payload,0.60,,
parsed_category_count,validated_category_count,0.60,,
parsed_category_segment,validated_category_segment,0.60,,
parsed_inventory_quantity,validated_inventory_quantity,0.60,,
parsed_payment_id,validated_payment_id,0.60,,
parsed_policy_policy,validated_policy_policy,0.60,,
parsed_product_id,validated_product_id,0.60,,
parsed_repository_version,validated_repository_version,0.60,,
parsed_subscriber_segment,validated_subscriber_segment,0.60,,
parsed_supplier_tax,validated_supplier_tax,0.60,,
parsed_supplier_total,validated_supplier_total,0.60,,
parsed_worker_url,validated_worker_url,0.60,,
resolved_estimator_path,derived_estimator_path,0.60,,
resolved_order_status,derived_order_status,0.60,,
resolved_payload_payload,derived_payload_payload,0.60,,
resolved_prediction_accuracy,derived_prediction_accuracy,0.60,,
resolved_queue_created_at,derived_queue_created_at,0.60,,
resolved_region_country,derived_region_country,0.60,,
resolved_response_error,derived_response_error,0.60,,
resolved_trend_rate,derived_trend_rate,0.60,,
resolved_user_identifier,derived_user_identifier,0.60,,
cached_corpus_label,generated_dataset_name,0.65,,
cached_customer_status,generated_consumer_state,0.65,,
cached_entry_state,generated_record_status,0.65,,
cached_file_name,generated_document_label,0.65,,
cached_query_endpoint,generated_request_url,0.65,,
cached_record_id,generated_entry_identifier,0.65,,
cached_reply_state,generated_response_status,0.65,,
cached_revision_digest,generated_commit_hash,0.65,,
cached_settlement_state,generated_payment_status,0.65,,
cached_shipment_status,generated_delivery_state,0.65,,
cached_shipment_tracking_code,generated_delivery_tracking_code,0.65,,
cached_user_status,generated_member_state,0.65,,
cached_zone_code,generated_region_id,0.65,,
decoded_consumer_identifier,normalized_customer_id,0.65,,
decoded_consumer_label,normalized_customer_name,0.65,,
decoded_credential_expires_at,normalized_token_expiry,0.65,,
decoded_customer_status,normalized_client_state,0.65,,
decoded_dataset_name,normalized_corpus_label,0.65,,
decoded_delivery_tracking_code,normalized_shipment_tracking_code,0.65,,
decoded_estimator_revision,normalized_model_version,0.65,,
decoded_file_name,normalized_document_label,0.65,,
decoded_model_score,normalized_estimator_rating,0.65,,
decoded_settings_state,normalized_configuration_status,0.65,,
decoded_task_id,normalized_job_identifier,0.65,,
decoded_task_result,normalized_job_output,0.65,,
decoded_task_status,normalized_job_state,0.65,,
decoded_user_id,normalized_member_identifier,0.65,,
encoded_client_state,serialized_customer_status,0.65,,
encoded_credential_state,serialized_token_status,0.65,,
encoded_dataset_size,serialized_corpus_count,0.65,,
encoded_entry_identifier,serialized_record_id,0.65,,
encoded_job_identifier,serialized_task_id,0.65,,
encoded_member_label,serialized_user_name,0.65,,
encoded_model_score,serialized_estimator_rating,0.65,,
encoded_reply_body,serialized_response_payload,0.65,,
encoded_request_payload,serialized_query_body,0.65,,
encoded_response_payload,serialized_reply_body,0.65,,
encoded_revision_digest,serialized_commit_hash,0.65,,
encoded_shipment_id,serialized_delivery_identifier,0.65,,
encoded_user_status,serialized_member_state,0.65,,
encoded_zone_state,serialized_region_status,0.65,,
filtered_client_identifier,merged_customer_id,0.65,,
filtered_corpus_revision,merged_dataset_version,0.65,,
filtered_credential_expires_at,merged_token_expiry,0.65,,
filtered_customer_status,merged_consumer_state,0.65,,
filtered_document_label,merged_file_name,0.65,,
filtered_model_version,merged_estimator_revision,0.65,,
filtered_record_id,merged_entry_identifier,0.65,,
filtered_record_name,merged_entry_label,0.65,,
filtered_request_url,merged_query_endpoint,0.65,,
filtered_revision_digest,merged_commit_hash,0.65,,
filtered_token_value,merged_credential_value,0.65,,
parsed_commit_time,validated_revision_at,0.65,,
parsed_consumer_label,validated_customer_name,0.65,,
parsed_corpus_label,validated_dataset_name,0.65,,
parsed_credential_expires_at,validated_token_expiry,0.65,,
parsed_customer_name,validated_consumer_label,0.65,,
parsed_entry_state,validated_record_status,0.65,,
parsed_payment_status,validated_settlement_state,0.65,,
parsed_region_id,validated_zone_code,0.65,,
parsed_settings_revision,validated_configuration_version,0.65,,
parsed_summary_identifier,validated_report_id,0.65,,
parsed_task_result,validated_job_output,0.65,,
parsed_token_expiry,validated_credential_expires_at,0.65,,
parsed_user_id,validated_member_identifier,0.65,,
parsed_zone_label,validated_region_name,0.65,,
resolved_consumer_state,derived_customer_status,0.65,,
resolved_corpus_count,derived_dataset_size,0.65,,
resolved_model_path,derived_estimator_location,0.65,,
resolved_model_version,derived_estimator_revision,0.65,,
resolved_region_status,derived_zone_state,0.65,,
resolved_shipment_id,derived_delivery_identifier,0.65,,
resolved_task_status,derived_job_state,0.65,,
cached_configuration_value,fresh_settings_value,0.70,,
cached_credential_state,fresh_token_status,0.70,,
cached_customer_name,fresh_client_label,0.70,,
cached_dataset_version,fresh_corpus_revision,0.70,,
cached_estimator_revision,fresh_model_version,0.70,,
cached_member_identifier,fresh_user_id,0.70,,
cached_member_label,fresh_user_name,0.70,,
cached_revision_description,fresh_commit_message,0.70,,
cached_user_name,fresh_member_label,0.70,,
cached_zone_label,fresh_region_name,0.70,,
cached_zone_state,fresh_region_status,0.70,,
daily_commit_hash,monthly_revision_digest,0.70,,
daily_summary_identifier,monthly_report_id,0.70,,
incoming_commit_time,outgoing_revision_at,0.70,,
incoming_delivery_identifier,outgoing_shipment_id,0.70,,
incoming_file_hash,outgoing_document_digest,0.70,,
incoming_settlement_identifier,outgoing_payment_id,0.70,,
input_client_label,output_customer_name,0.70,,
input_configuration_status,output_settings_state,0.70,,
input_configuration_value,output_settings_value,0.70,,
input_credential_value,output_token_value,0.70,,
input_delivery_identifier,output_shipment_id,0.70,,
input_member_state,output_user_status,0.70,,
input_model_score,output_estimator_rating,0.70,,
input_payment_id,output_settlement_identifier,0.70,,
input_shipment_status,output_delivery_state,0.70,,
input_task_id,output_job_identifier,0.70,,
internal_dataset_version,external_corpus_revision,0.70,,
internal_query_identifier,external_request_id,0.70,,
internal_user_id,external_member_identifier,0.70,,
local_configuration_status,remote_settings_state,0.70,,
local_credential_value,remote_token_value,0.70,,
local_delivery_tracking_code,remote_shipment_tracking_code,0.70,,
local_estimator_rating,remote_model_score,0.70,,
local_payment_amount,remote_settlement_total,0.70,,
local_query_body,remote_request_payload,0.70,,
local_region_status,remote_zone_state,0.70,,
local_shipment_id,remote_delivery_identifier,0.70,,
local_token_expiry,remote_credential_expires_at,0.70,,
local_user_status,remote_member_state,0.70,,
previous_credential_expires_at,latest_token_expiry,0.70,,
previous_customer_name,latest_client_label,0.70,,
previous_document_digest,latest_file_hash,0.70,,
previous_estimator_revision,latest_model_version,0.70,,
previous_job_output,latest_task_result,0.70,,
previous_reply_identifier,latest_response_id,0.70,,
previous_settlement_total,latest_payment_amount,0.70,,
previous_task_id,latest_job_identifier,0.70,,
primary_credential_expires_at,backup_token_expiry,0.70,,
primary_customer_status,backup_consumer_state,0.70,,
primary_job_output,backup_task_result,0.70,,
primary_payment_amount,backup_settlement_total,0.70,,
primary_record_id,backup_entry_identifier,0.70,,
primary_task_result,backup_job_output,0.70,,
public_file_path,private_document_location,0.70,,
public_model_score,private_estimator_rating,0.70,,
public_region_name,private_zone_label,0.70,,
public_reply_state,private_response_status,0.70,,
public_user_status,private_member_state,0.70,,
raw_customer_id,normalized_client_identifier,0.70,,
raw_document_label,normalized_file_name,0.70,,
raw_file_hash,normalized_document_digest,0.70,,
raw_shipment_id,normalized_delivery_identifier,0.70,,
source_consumer_identifier,target_customer_id,0.70,,
source_document_digest,target_file_hash,0.70,,
source_reply_state,target_response_status,0.70,,
source_report_name,target_summary_title,0.70,,
source_revision_digest,target_commit_hash,0.70,,
training_client_label,validation_customer_name,0.70,,
training_dataset_size,validation_corpus_count,0.70,,
training_estimator_revision,validation_model_version,0.70,,
training_model_score,validation_estimator_rating,0.70,,
training_reply_state,validation_response_status,0.70,,
training_response_status,validation_reply_state,0.70,,
cached_configuration_status,stored_settings_state,0.75,,
cached_delivery_state,stored_shipment_status,0.75,,
cached_document_label,stored_file_name,0.75,,
cached_job_output,stored_task_result,0.75,,
cached_region_status,stored_zone_state,0.75,,
current_consumer_state,active_customer_status,0.75,,
current_document_location,active_file_path,0.75,,
current_record_name,active_entry_label,0.75,,
current_record_status,active_entry_state,0.75,,
current_region_id,active_zone_code,0.75,,
current_revision_description,active_commit_message,0.75,,
current_token_value,active_credential_value,0.75,,
current_zone_code,active_region_id,0.75,,
final_entry_identifier,completed_record_id,0.75,,
final_member_state,completed_user_status,0.75,,
final_model_id,completed_estimator_identifier,0.75,,
final_report_name,completed_summary_title,0.75,,
final_response_id,completed_reply_identifier,0.75,,
final_summary_identifier,completed_report_id,0.75,,
historical_customer_id,previous_client_identifier,0.75,,
historical_dataset_size,previous_corpus_count,0.75,,
historical_shipment_tracking_code,previous_delivery_tracking_code,0.75,,
historical_user_status,previous_member_state,0.75,,
initial_entry_identifier,starting_record_id,0.75,,
initial_file_name,starting_document_label,0.75,,
initial_member_identifier,starting_user_id,0.75,,
initial_member_label,starting_user_name,0.75,,
initial_payment_status,starting_settlement_state,0.75,,
initial_query_endpoint,starting_request_url,0.75,,
initial_record_name,starting_entry_label,0.75,,
initial_region_status,starting_zone_state,0.75,,
initial_zone_state,starting_region_status,0.75,,
input_estimator_location,incoming_model_path,0.75,,
input_file_path,incoming_document_location,0.75,,
input_member_identifier,incoming_user_id,0.75,,
input_model_id,incoming_estimator_identifier,0.75,,
input_payment_status,incoming_settlement_state,0.75,,
input_zone_label,incoming_region_name,0.75,,
latest_commit_time,recent_revision_at,0.75,,
latest_document_digest,recent_file_hash,0.75,,
latest_entry_identifier,recent_record_id,0.75,,
latest_entry_label,recent_record_name,0.75,,
latest_estimator_revision,recent_model_version,0.75,,
latest_file_path,recent_document_location,0.75,,
latest_query_identifier,recent_request_id,0.75,,
latest_report_score,recent_summary_rating,0.75,,
latest_user_id,recent_member_identifier,0.75,,
output_document_digest,result_file_hash,0.75,,
output_estimator_revision,result_model_version,0.75,,
output_member_label,result_user_name,0.75,,
output_record_id,result_entry_identifier,0.75,,
output_reply_body,result_response_payload,0.75,,
output_report_score,result_summary_rating,0.75,,
primary_dataset_name,default_corpus_label,0.75,,
primary_file_name,default_document_label,0.75,,
primary_record_name,default_entry_label,0.75,,
primary_reply_identifier,default_response_id,0.75,,
primary_request_payload,default_query_body,0.75,,
remote_credential_state,external_token_status,0.75,,
remote_customer_id,external_consumer_identifier,0.75,,
remote_revision_description,external_commit_message,0.75,,
selected_configuration_status,chosen_settings_state,0.75,,
selected_entry_label,chosen_record_name,0.75,,
selected_job_identifier,chosen_task_id,0.75,,
selected_report_name,chosen_summary_title,0.75,,
selected_zone_code,chosen_region_id,0.75,,
source_commit_time,origin_revision_at,0.75,,
source_credential_expires_at,origin_token_expiry,0.75,,
source_credential_state,origin_token_status,0.75,,
source_payment_status,origin_settlement_state,0.75,,
source_record_id,origin_entry_identifier,0.75,,
source_request_id,origin_query_identifier,0.75,,
source_task_status,origin_job_state,0.75,,
source_token_value,origin_credential_value,0.75,,
client_incoming_state,customer_outgoing_status,0.80,,
client_primary_identifier,customer_backup_id,0.80,,
client_training_state,customer_validation_status,0.80,,
commit_cached_time,revision_fresh_at,0.80,,
commit_daily_message,revision_monthly_description,0.80,,
commit_primary_hash,revision_backup_digest,0.80,,
commit_primary_message,revision_backup_description,0.80,,
configuration_cached_status,settings_fresh_state,0.80,,
consumer_incoming_label,customer_outgoing_name,0.80,,
consumer_previous_label,customer_latest_name,0.80,,
consumer_training_identifier,customer_validation_id,0.80,,
corpus_daily_label,dataset_monthly_name,0.80,,
corpus_local_count,dataset_remote_size,0.80,,
credential_cached_value,token_fresh_value,0.80,,
customer_input_id,client_output_identifier,0.80,,
customer_local_name,consumer_remote_label,0.80,,
customer_previous_id,client_latest_identifier,0.80,,
customer_public_name,consumer_private_label,0.80,,
dataset_local_version,corpus_remote_revision,0.80,,
dataset_raw_size,corpus_normalized_count,0.80,,
document_incoming_label,file_outgoing_name,0.80,,
entry_previous_state,record_latest_status,0.80,,
entry_raw_label,record_normalized_name,0.80,,
estimator_daily_location,model_monthly_path,0.80,,
estimator_internal_rating,model_external_score,0.80,,
estimator_previous_identifier,model_latest_id,0.80,,
estimator_raw_identifier,model_normalized_id,0.80,,
file_primary_name,document_backup_label,0.80,,
job_raw_identifier,task_normalized_id,0.80,,
member_previous_state,user_latest_status,0.80,,
member_public_identifier,user_private_id,0.80,,
model_internal_version,estimator_external_revision,0.80,,
model_primary_id,estimator_backup_identifier,0.80,,
model_raw_id,estimator_normalized_identifier,0.80,,
query_cached_endpoint,request_fresh_url,0.80,,
query_internal_identifier,request_external_id,0.80,,
query_raw_body,request_normalized_payload,0.80,,
record_daily_name,entry_monthly_label,0.80,,
record_training_id,entry_validation_identifier,0.80,,
region_cached_name,zone_fresh_label,0.80,,
region_raw_name,zone_normalized_label,0.80,,
reply_incoming_identifier,response_outgoing_id,0.80,,
reply_incoming_state,response_outgoing_status,0.80,,
reply_public_state,response_private_status,0.80,,
report_cached_name,summary_fresh_title,0.80,,
report_previous_score,summary_latest_rating,0.80,,
request_input_url,query_output_endpoint,0.80,,
request_internal_url,query_external_endpoint,0.80,,
request_previous_url,query_latest_endpoint,0.80,,
request_raw_payload,query_normalized_body,0.80,,
request_training_id,query_validation_identifier,0.80,,
response_input_payload,reply_output_body,0.80,,
response_internal_id,reply_external_identifier,0.80,,
response_primary_id,reply_backup_identifier,0.80,,
response_public_id,reply_private_identifier,0.80,,
settlement_cached_total,payment_fresh_amount,0.80,,
shipment_daily_status,delivery_monthly_state,0.80,,
summary_raw_identifier,report_normalized_id,0.80,,
summary_source_title,report_target_name,0.80,,
task_cached_id,job_fresh_identifier,0.80,,
task_input_status,job_output_state,0.80,,
task_previous_id,job_latest_identifier,0.80,,
task_training_status,job_validation_state,0.80,,
token_cached_status,credential_fresh_state,0.80,,
token_daily_expiry,credential_monthly_expires_at,0.80,,
token_source_expiry,credential_target_expires_at,0.80,,
user_cached_status,member_fresh_state,0.80,,
user_input_status,member_output_state,0.80,,
user_local_id,member_remote_identifier,0.80,,
user_raw_id,member_normalized_identifier,0.80,,
zone_daily_state,region_monthly_status,0.80,,
zone_input_state,region_output_status,0.80,,
zone_previous_label,region_latest_name,0.80,,
cached_commit_context_time,fresh_revision_reference_at,0.85,,
cached_member_cache_identifier,fresh_user_settings_id,0.85,,
cached_model_details_path,fresh_estimator_details_location,0.85,,
cached_request_settings_id,fresh_query_profile_identifier,0.85,,
cached_revision_policy_digest,fresh_commit_cache_hash,0.85,,
daily_configuration_profile_status,monthly_settings_policy_state,0.85,,
daily_corpus_cache_count,monthly_dataset_history_size,0.85,,
daily_member_reference_identifier,monthly_user_context_id,0.85,,
daily_record_details_status,monthly_entry_metadata_state,0.85,,
daily_shipment_reference_tracking_code,monthly_delivery_metadata_tracking_code,0.85,,
daily_user_policy_id,monthly_member_profile_identifier,0.85,,
incoming_client_cache_label,outgoing_customer_settings_name,0.85,,
incoming_configuration_profile_status,outgoing_settings_settings_state,0.85,,
incoming_consumer_metadata_state,outgoing_customer_mapping_status,0.85,,
incoming_delivery_cache_tracking_code,outgoing_shipment_history_tracking_code,0.85,,
incoming_region_details_status,outgoing_zone_settings_state,0.85,,
incoming_request_profile_payload,outgoing_query_profile_body,0.85,,
incoming_request_summary_url,outgoing_query_context_endpoint,0.85,,
incoming_response_cache_id,outgoing_reply_context_identifier,0.85,,
incoming_task_cache_status,outgoing_job_context_state,0.85,,
incoming_zone_reference_code,outgoing_region_mapping_id,0.85,,
input_customer_summary_id,output_client_settings_identifier,0.85,,
input_delivery_details_tracking_code,output_shipment_settings_tracking_code,0.85,,
input_estimator_metadata_revision,output_model_settings_version,0.85,,
input_record_cache_id,output_entry_history_identifier,0.85,,
input_settlement_details_identifier,output_payment_profile_id,0.85,,
input_token_settings_expiry,output_credential_history_expires_at,0.85,,
internal_configuration_profile_value,external_settings_context_value,0.85,,
internal_customer_policy_name,external_consumer_reference_label,0.85,,
internal_job_history_state,external_task_settings_status,0.85,,
internal_model_details_path,external_estimator_summary_location,0.85,,
internal_query_details_endpoint,external_request_policy_url,0.85,,
internal_region_policy_id,external_zone_policy_code,0.85,,
internal_token_policy_expiry,external_credential_history_expires_at,0.85,,
internal_zone_details_code,external_region_mapping_id,0.85,,
local_client_settings_label,remote_customer_metadata_name,0.85,,
local_commit_settings_hash,remote_revision_metadata_digest,0.85,,
local_document_details_label,remote_file_policy_name,0.85,,
local_estimator_history_location,remote_model_details_path,0.85,,
local_reply_summary_identifier,remote_response_mapping_id,0.85,,
local_shipment_metadata_id,remote_delivery_reference_identifier,0.85,,
previous_entry_details_label,latest_record_reference_name,0.85,,
previous_estimator_metadata_identifier,latest_model_context_id,0.85,,
previous_payment_mapping_status,latest_settlement_context_state,0.85,,
previous_record_cache_id,latest_entry_cache_identifier,0.85,,
previous_report_metadata_name,latest_summary_policy_title,0.85,,
previous_request_settings_url,latest_query_mapping_endpoint,0.85,,
primary_response_profile_payload,backup_reply_policy_body,0.85,,
public_customer_cache_id,private_consumer_settings_identifier,0.85,,
public_payment_settings_id,private_settlement_metadata_identifier,0.85,,
public_reply_history_state,private_response_profile_status,0.85,,
public_request_cache_payload,private_query_metadata_body,0.85,,
public_request_profile_url,private_query_profile_endpoint,0.85,,
public_response_reference_id,private_reply_metadata_identifier,0.85,,
raw_commit_details_hash,normalized_revision_profile_digest,0.85,,
raw_payment_mapping_status,normalized_settlement_mapping_state,0.85,,
raw_reply_context_identifier,normalized_response_history_id,0.85,,
raw_revision_reference_description,normalized_commit_settings_message,0.85,,
raw_summary_settings_title,normalized_report_context_name,0.85,,
raw_zone_policy_state,normalized_region_summary_status,0.85,,
source_entry_settings_identifier,target_record_reference_id,0.85,,
source_job_details_state,target_task_cache_status,0.85,,
source_reply_mapping_body,target_response_metadata_payload,0.85,,
source_summary_policy_rating,target_report_reference_score,0.85,,
source_user_context_status,target_member_history_state,0.85,,
source_zone_mapping_label,target_region_history_name,0.85,,
training_client_policy_label,validation_customer_history_name,0.85,,
training_configuration_details_status,validation_settings_summary_state,0.85,,
training_consumer_summary_state,validation_customer_settings_status,0.85,,
training_dataset_cache_version,validation_corpus_context_revision,0.85,,
training_delivery_history_identifier,validation_shipment_cache_id,0.85,,
training_payment_summary_amount,validation_settlement_metadata_total,0.85,,
training_revision_settings_at,validation_commit_summary_time,0.85,,
training_token_history_status,validation_credential_history_state,0.85,,
client_historical_label,customer_previous_name,0.90,,
client_latest_state,customer_recent_status,0.90,,
client_selected_label,customer_chosen_name,0.90,,
commit_input_hash,revision_incoming_digest,0.90,,
commit_output_message,revision_result_description,0.90,,
configuration_historical_version,settings_previous_revision,0.90,,
configuration_input_status,settings_incoming_state,0.90,,
configuration_remote_status,settings_external_state,0.90,,
configuration_source_value,settings_origin_value,0.90,,
consumer_final_identifier,customer_completed_id,0.90,,
consumer_selected_identifier,customer_chosen_id,0.90,,
consumer_selected_state,customer_chosen_status,0.90,,
corpus_cached_label,dataset_stored_name,0.90,,
corpus_latest_label,dataset_recent_name,0.90,,
corpus_output_count,dataset_result_size,0.90,,
corpus_output_revision,dataset_result_version,0.90,,
credential_initial_state,token_starting_status,0.90,,
credential_input_expires_at,token_incoming_expiry,0.90,,
credential_remote_expires_at,token_external_expiry,0.90,,
customer_cached_id,consumer_stored_identifier,0.90,,
customer_cached_status,consumer_stored_state,0.90,,
customer_primary_name,consumer_default_label,0.90,,
customer_selected_name,client_chosen_label,0.90,,
dataset_final_size,corpus_completed_count,0.90,,
delivery_latest_identifier,shipment_recent_id,0.90,,
document_selected_digest,file_chosen_hash,0.90,,
entry_cached_identifier,record_stored_id,0.90,,
entry_cached_label,record_stored_name,0.90,,
entry_remote_label,record_external_name,0.90,,
entry_remote_state,record_external_status,0.90,,
estimator_final_identifier,model_completed_id,0.90,,
estimator_historical_identifier,model_previous_id,0.90,,
file_cached_hash,document_stored_digest,0.90,,
file_current_path,document_active_location,0.90,,
job_input_output,task_incoming_result,0.90,,
member_initial_label,user_starting_name,0.90,,
member_source_state,user_origin_status,0.90,,
model_current_id,estimator_active_identifier,0.90,,
model_output_version,estimator_result_revision,0.90,,
payment_final_id,settlement_completed_identifier,0.90,,
payment_latest_amount,settlement_recent_total,0.90,,
query_historical_identifier,request_previous_id,0.90,,
record_initial_status,entry_starting_state,0.90,,
record_selected_id,entry_chosen_identifier,0.90,,
region_cached_id,zone_stored_code,0.90,,
region_historical_status,zone_previous_state,0.90,,
region_primary_id,zone_default_code,0.90,,
reply_final_state,response_completed_status,0.90,,
reply_initial_body,response_starting_payload,0.90,,
reply_initial_identifier,response_starting_id,0.90,,
reply_selected_identifier,response_chosen_id,0.90,,
reply_source_state,response_origin_status,0.90,,
request_current_url,query_active_endpoint,0.90,,
request_output_payload,query_result_body,0.90,,
request_primary_id,query_default_identifier,0.90,,
response_source_status,reply_origin_state,0.90,,
revision_historical_at,commit_previous_time,0.90,,
revision_historical_digest,commit_previous_hash,0.90,,
revision_initial_at,commit_starting_time,0.90,,
revision_selected_digest,commit_chosen_hash,0.90,,
settings_initial_state,configuration_starting_status,0.90,,
settings_primary_revision,configuration_default_version,0.90,,
settings_primary_state,configuration_default_status,0.90,,
settlement_input_total,payment_incoming_amount,0.90,,
shipment_current_tracking_code,delivery_active_tracking_code,0.90,,
shipment_primary_status,delivery_default_state,0.90,,
shipment_selected_tracking_code,delivery_chosen_tracking_code,0.90,,
shipment_source_id,delivery_origin_identifier,0.90,,
summary_cached_rating,report_stored_score,0.90,,
summary_latest_identifier,report_recent_id,0.90,,
task_latest_result,job_recent_output,0.90,,
task_primary_status,job_default_state,0.90,,
task_remote_id,job_external_identifier,0.90,,
zone_current_label,region_active_name,0.90,,
cached_commit_hash,stored_revision_digest,0.95,,
cached_consumer_state,stored_customer_status,0.95,,
cached_response_payload,stored_reply_body,0.95,,
cached_revision_at,stored_commit_time,0.95,,
current_client_label,active_customer_name,0.95,,
current_consumer_identifier,active_customer_id,0.95,,
current_customer_name,active_consumer_label,0.95,,
current_dataset_name,active_corpus_label,0.95,,
current_entry_state,active_record_status,0.95,,
current_reply_identifier,active_response_id,0.95,,
current_settings_revision,active_configuration_version,0.95,,
current_task_status,active_job_state,0.95,,
final_consumer_label,completed_customer_name,0.95,,
final_payment_status,completed_settlement_state,0.95,,
final_record_id,completed_entry_identifier,0.95,,
final_region_name,completed_zone_label,0.95,,
final_reply_body,completed_response_payload,0.95,,
final_settlement_state,completed_payment_status,0.95,,
historical_dataset_name,previous_corpus_label,0.95,,
historical_estimator_revision,previous_model_version,0.95,,
historical_user_id,previous_member_identifier,0.95,,
initial_credential_expires_at,starting_token_expiry,0.95,,
initial_customer_id,starting_client_identifier,0.95,,
initial_payment_id,starting_settlement_identifier,0.95,,
initial_request_payload,starting_query_body,0.95,,
initial_task_id,starting_job_identifier,0.95,,
initial_token_status,starting_credential_state,0.95,,
input_client_state,incoming_customer_status,0.95,,
input_consumer_identifier,incoming_customer_id,0.95,,
input_corpus_revision,incoming_dataset_version,0.95,,
input_estimator_identifier,incoming_model_id,0.95,,
input_member_label,incoming_user_name,0.95,,
input_reply_state,incoming_response_status,0.95,,
input_user_id,incoming_member_identifier,0.95,,
latest_consumer_identifier,recent_customer_id,0.95,,
latest_consumer_label,recent_customer_name,0.95,,
latest_customer_id,recent_client_identifier,0.95,,
latest_dataset_name,recent_corpus_label,0.95,,
latest_region_id,recent_zone_code,0.95,,
output_client_state,result_customer_status,0.95,,
output_dataset_name,result_corpus_label,0.95,,
output_query_body,result_request_payload,0.95,,
output_query_endpoint,result_request_url,0.95,,
output_response_status,result_reply_state,0.95,,
output_revision_at,result_commit_time,0.95,,
output_settings_revision,result_configuration_version,0.95,,
primary_commit_message,default_revision_description,0.95,,
primary_commit_time,default_revision_at,0.95,,
primary_document_digest,default_file_hash,0.95,,
primary_query_identifier,default_request_id,0.95,,
primary_revision_digest,default_commit_hash,0.95,,
primary_settlement_state,default_payment_status,0.95,,
primary_shipment_tracking_code,default_delivery_tracking_code,0.95,,
primary_token_status,default_credential_state,0.95,,
remote_corpus_label,external_dataset_name,0.95,,
remote_response_id,external_reply_identifier,0.95,,
remote_shipment_status,external_delivery_state,0.95,,
selected_commit_time,chosen_revision_at,0.95,,
selected_corpus_count,chosen_dataset_size,0.95,,
selected_credential_expires_at,chosen_token_expiry,0.95,,
selected_customer_status,chosen_client_state,0.95,,
selected_dataset_name,chosen_corpus_label,0.95,,
selected_estimator_rating,chosen_model_score,0.95,,
selected_query_endpoint,chosen_request_url,0.95,,
selected_record_status,chosen_entry_state,0.95,,
selected_region_name,chosen_zone_label,0.95,,
selected_settings_value,chosen_configuration_value,0.95,,
selected_token_expiry,chosen_credential_expires_at,0.95,,
source_delivery_tracking_code,origin_shipment_tracking_code,0.95,,
source_document_location,origin_file_path,0.95,,
source_entry_identifier,origin_record_id,0.95,,
source_job_state,origin_task_status,0.95,,
source_settings_state,origin_configuration_status,0.95,,
source_shipment_status,origin_delivery_state,0.95,,
active_commit_reference_time,active_revision_reference_at,1.0,,
active_payment_amount,active_settlement_total,1.0,,
active_payment_status,active_settlement_state,1.0,,
cached_payment_id,cached_settlement_identifier,1.0,,
chosen_document_history_digest,chosen_file_history_hash,1.0,,
chosen_reply_body,chosen_response_payload,1.0,,
client_identifier_data,customer_id_data,1.0,,
client_label_data,customer_name_data,1.0,,
client_private_label,customer_private_name,1.0,,
client_state,customer_status,1.0,,
commit_time,revision_at,1.0,,
configuration_private_version,settings_private_revision,1.0,,
configuration_value_snapshot,settings_value_snapshot,1.0,,
consumer_label,customer_name,1.0,,
consumer_secondary_label,customer_secondary_name,1.0,,
corpus_revision,dataset_version,1.0,,
credential_primary_expires_at,token_primary_expiry,1.0,,
credential_secondary_value,token_secondary_value,1.0,,
credential_source_value,token_source_value,1.0,,
credential_state,token_status,1.0,,
credential_value,token_value,1.0,,
current_accountid,current_account_id,1.0,,
current_datasetid,current_dataset_id,1.0,,
current_featurename,current_feature_name,1.0,,
current_profilecode,current_profile_code,1.0,,
current_releaseversion,current_release_version,1.0,,
current_requestid,current_request_id,1.0,,
customer_profile_name,client_profile_label,1.0,,
customer_status_details,client_state_details,1.0,,
customer_status_snapshot,client_state_snapshot,1.0,,
dataset_name_metadata,corpus_label_metadata,1.0,,
dataset_source_version,corpus_source_revision,1.0,,
default_response_cache_payload,default_reply_cache_body,1.0,,
delivery_state_mapping,shipment_status_mapping,1.0,,
derived_model_summary_version,derived_estimator_summary_revision,1.0,,
derived_response_context_status,derived_reply_context_state,1.0,,
destination_document_label,destination_file_name,1.0,,
destination_document_location,destination_file_path,1.0,,
destination_entry_state,destination_record_status,1.0,,
destination_record_id,destination_entry_identifier,1.0,,
destination_report_name,destination_summary_title,1.0,,
destination_revision_digest,destination_commit_hash,1.0,,
document_derived_label,file_derived_name,1.0,,
document_digest,file_hash,1.0,,
document_label,file_name,1.0,,
document_location,file_path,1.0,,
document_primary_location,file_primary_path,1.0,,
encoded_report_score,encoded_summary_rating,1.0,,
entry_identifier,record_id,1.0,,
entry_identifier_data,record_id_data,1.0,,
estimator_rating_mapping,model_score_mapping,1.0,,
external_task_profile_result,external_job_profile_output,1.0,,
file_hash_context,document_digest_context,1.0,,
file_name_data,document_label_data,1.0,,
file_path_metadata,document_location_metadata,1.0,,
filtered_job_identifier,filtered_task_id,1.0,,
filtered_report_id,filtered_summary_identifier,1.0,,
filtered_settings_value,filtered_configuration_value,1.0,,
final_corpus_count,final_dataset_size,1.0,,
final_zone_state,final_region_status,1.0,,
generated_customer_id,generated_client_identifier,1.0,,
generated_member_identifier,generated_user_id,1.0,,
historical_token_value,historical_credential_value,1.0,,
incoming_commit_hash,incoming_revision_digest,1.0,,
incoming_credential_state,incoming_token_status,1.0,,
incoming_credential_value,incoming_token_value,1.0,,
incoming_dataset_size,incoming_corpus_count,1.0,,
incoming_summary_mapping_rating,incoming_report_mapping_score,1.0,,
initial_configuration_summary_status,initial_settings_summary_state,1.0,,
initial_revision_description,initial_commit_message,1.0,,
initial_summary_mapping_title,initial_report_mapping_name,1.0,,
initial_summary_title,initial_report_name,1.0,,
initial_token_summary_expiry,initial_credential_summary_expires_at,1.0,,
input_client_identifier,input_customer_id,1.0,,
job_output,task_result,1.0,,
job_output_record,task_result_record,1.0,,
latest_accountid,latest_account_id,1.0,,
latest_documentid,latest_document_id,1.0,,
latest_modelid,latest_model_id,1.0,,
latest_payment_profile_id,latest_settlement_profile_identifier,1.0,,
latest_releaseversion,latest_release_version,1.0,,
local_entry_label,local_record_name,1.0,,
local_shipment_profile_id,local_delivery_profile_identifier,1.0,,
local_token_policy_expiry,local_credential_policy_expires_at,1.0,,
member_identifier,current_user_id,1.0,,
member_normalized_label,user_normalized_name,1.0,,
merged_response_status,merged_reply_state,1.0,,
merged_summary_identifier,merged_report_id,1.0,,
normalized_credential_summary_state,normalized_token_summary_status,1.0,,
normalized_reply_body,normalized_response_payload,1.0,,
normalized_response_status,normalized_reply_state,1.0,,
origin_customer_name,origin_consumer_label,1.0,,
origin_estimator_identifier,origin_model_id,1.0,,
origin_member_identifier,origin_user_id,1.0,,
origin_task_result,origin_job_output,1.0,,
outgoing_customer_history_name,outgoing_client_history_label,1.0,,
outgoing_region_name,outgoing_zone_label,1.0,,
outgoing_response_policy_status,outgoing_reply_policy_state,1.0,,
output_payment_context_amount,output_settlement_context_total,1.0,,
parsed_client_state,parsed_customer_status,1.0,,
parsed_shipment_tracking_code,parsed_delivery_tracking_code,1.0,,
payment_id,settlement_identifier,1.0,,
payment_source_amount,settlement_source_total,1.0,,
pending_consumer_label,pending_customer_name,1.0,,
pending_payment_id,pending_settlement_identifier,1.0,,
pending_request_metadata_id,pending_query_metadata_identifier,1.0,,
primary_client_summary_identifier,primary_customer_summary_id,1.0,,
private_job_state,private_task_status,1.0,,
private_reply_cache_state,private_response_cache_status,1.0,,
private_task_id,private_job_identifier,1.0,,
production_client_settings_label,production_customer_settings_name,1.0,,
production_consumer_state,production_customer_status,1.0,,
query_source_endpoint,request_source_url,1.0,,
recent_corpus_details_label,recent_dataset_details_name,1.0,,
recent_credential_state,recent_token_status,1.0,,
record_id_metadata,entry_identifier_metadata,1.0,,
record_training_status,entry_training_state,1.0,,
region_name_data,zone_label_data,1.0,,
region_normalized_status,zone_normalized_state,1.0,,
region_status_reference,zone_state_reference,1.0,,
remote_region_history_name,remote_zone_history_label,1.0,,
reply_identifier_data,response_id_data,1.0,,
report_name_data,summary_title_data,1.0,,
report_score,summary_rating,1.0,,
request_id,query_identifier,1.0,,
request_id_metadata,query_identifier_metadata,1.0,,
request_public_url,query_public_endpoint,1.0,,
request_runtime_url,query_runtime_endpoint,1.0,,
request_url_value,query_endpoint_value,1.0,,
requested_dataset_reference_size,requested_corpus_reference_count,1.0,,
resolved_corpus_label,resolved_dataset_name,1.0,,
response_id_record,reply_identifier_record,1.0,,
response_status_data,reply_state_data,1.0,,
revision_description_context,commit_message_context,1.0,,
revision_secondary_digest,commit_secondary_hash,1.0,,
runtime_accountid,runtime_account_id,1.0,,
runtime_commithash,runtime_commit_hash,1.0,,
runtime_customer_status,runtime_client_state,1.0,,
runtime_datasetid,runtime_dataset_id,1.0,,
runtime_documentid,runtime_document_id,1.0,,
runtime_profilecode,runtime_profile_code,1.0,,
runtime_releaseversion,runtime_release_version,1.0,,
runtime_requestid,runtime_request_id,1.0,,
runtime_revision_settings_digest,runtime_commit_settings_hash,1.0,,
selected_accountid,selected_account_id,1.0,,
selected_commithash,selected_commit_hash,1.0,,
selected_customerid,selected_customer_id,1.0,,
selected_datasetid,selected_dataset_id,1.0,,
selected_documentid,selected_document_id,1.0,,
selected_profilecode,selected_profile_code,1.0,,
selected_query_identifier,selected_request_id,1.0,,
selected_releaseversion,selected_release_version,1.0,,
selected_settings_revision,selected_configuration_version,1.0,,
serialized_client_label,serialized_customer_name,1.0,,
serialized_document_location,serialized_file_path,1.0,,
serialized_settings_state,serialized_configuration_status,1.0,,
settlement_historical_identifier,payment_historical_id,1.0,,
settlement_total,payment_amount,1.0,,
shared_reply_details_identifier,shared_response_details_id,1.0,,
shared_response_details_status,shared_reply_details_state,1.0,,
shipment_id,delivery_identifier,1.0,,
shipment_status,delivery_state,1.0,,
source_accountid,source_account_id,1.0,,
source_commithash,source_commit_hash,1.0,,
source_customer_policy_id,source_client_policy_identifier,1.0,,
source_customer_profile_id,source_consumer_profile_identifier,1.0,,
source_datasetid,source_dataset_id,1.0,,
source_job_identifier,source_task_id,1.0,,
source_model_summary_score,source_estimator_summary_rating,1.0,,
source_releaseversion,source_release_version,1.0,,
source_request_url,source_query_endpoint,1.0,,
staging_document_policy_digest,staging_file_policy_hash,1.0,,
staging_query_endpoint,staging_request_url,1.0,,
summary_rating_info,report_score_info,1.0,,
target_accountid,target_account_id,1.0,,
target_document_location,target_file_path,1.0,,
target_documentid,target_document_id,1.0,,
target_entry_state,target_record_status,1.0,,
target_featurename,target_feature_name,1.0,,
target_modelid,target_model_id,1.0,,
target_profilecode,target_profile_code,1.0,,
target_user_reference_status,target_member_reference_state,1.0,,
target_zone_reference_code,target_region_reference_id,1.0,,
task_profile_id,job_profile_identifier,1.0,,
task_status,job_state,1.0,,
temporary_corpus_label,temporary_dataset_name,1.0,,
temporary_report_name,temporary_summary_title,1.0,,
token_expiry,credential_expires_at,1.0,,
token_expiry_mapping,credential_expires_at_mapping,1.0,,
training_commithash,training_commit_hash,1.0,,
training_documentid,training_document_id,1.0,,
training_featurename,training_feature_name,1.0,,
training_profilecode,training_profile_code,1.0,,
training_request_profile_url,training_query_profile_endpoint,1.0,,
user_private_status,member_private_state,1.0,,
validated_query_body,validated_request_payload,1.0,,
validated_token_details_status,validated_credential_details_state,1.0,,
validated_zone_metadata_label,validated_region_metadata_name,1.0,,
validation_settlement_summary_total,validation_payment_summary_amount,1.0,,
zone_label_context,region_name_context,1.0,,
