code_1,code_2,similarity,sim_human_validation,final_ground_truth
policy.max_events = 5000,if endpoint.port != 5000:,0.0,,
preview.set_scale(5.0),"return convert(usd_amount, rate=5.0)",0.0,,
"probe = TcpProbe(host, port=5_000)",alerting.count_limit = 5_000,0.0,,
worker.retry_limit = 6,"layout_options[""columns""] = 6",0.0,,
highlight.alpha = 0.2,ranking.weight = 0.2,0.0,,
policy.per_minute = 75,paging.limit = 75,0.0,,
tuner.learning_rate = 0.2,checkout.set_fee(0.2),0.0,,
settings.service_port = 5000,alerting.count_limit = 5000,0.0,,
wait_limit = 20,next_page = records[20:],0.0,,
display.scale_factor = 7.5,ledger.post(usd_amount * 7.5),0.0,,
"requested_limit = min(client_limit, 120)",transport.configure(timeout=120),0.0,,
connection.deadline_seconds = 20,viewer.page_capacity = 20,0.0,,
transport.configure(timeout=10),"request_params[""limit""] = 10",0.0,,
policy.max_events = 5_000,connection.port = 5_000,0.0,,
"requested_limit = min(client_limit, 20)  # supplied by the current configuration",transport.configure(timeout=20),0.0,,
limit_window.capacity = 150,"request_params[""limit""] = 150",0.0,,
limit_window.capacity = 150,"requested_limit = min(client_limit, 150)",0.0,,
features[name].weight = 0.125,theme.overlay_alpha = 0.125,0.0,,
pricing.fee_rate = 0.05,training.lr = 0.05,0.0,,
return matches[:15],wait_limit = 15,0.0,,
fallback.retries = 10,renderer.set_columns(10),0.0,,
"requested_limit = min(client_limit, 30)",connection.deadline_seconds = 30,0.0,,
theme.overlay_alpha = 0.25,quality.tolerance = 0.25,0.0,,
if len(page_items) >= 100:,"headers[""X-Rate-Limit""] = 100",0.0,,
if len(selected_items) > 20:,wait_limit = 20,0.0,,
quoted_rate = 5.0,layout.zoom = 5.0,0.0,,
"visual_options[""opacity""] = 0.25",assertion_tolerance = 0.25,0.0,,
"return compare(expected, actual, tolerance=0.125)",theme.overlay_alpha = 0.125,0.0,,
scorer.configure(weight=0.05),layer.configure(alpha=0.05),0.0,,
operation.set_attempt_limit(5),panel.columns = 5,0.0,,
canvas.configure(scale=0.75),conversion.rate = 0.75,0.0,,
return query.limit(120).all(),traffic.max_per_minute = 120,0.0,,
return matches[:120],policy.per_minute = 120,0.0,,
guard.limit = 5000,port_override = 5000,0.0,,
"headers[""X-Rate-Limit""] = 120","requested_limit = min(client_limit, 120)",0.0,,
if configured_port > 5000:,policy.max_events = 5000,0.0,,
assertion_tolerance = 0.05,theme.overlay_alpha = 0.05,0.0,,
"visual_options[""opacity""] = 0.2","validation[""epsilon""] = 0.2",0.0,,
next_page = records[120:],metrics.observe_timeout(120),0.0,,
client.rate_limit = 30,paging.limit = 30,0.0,,
transport.configure(timeout=300),paging.limit = 300,0.0,,
if exchange_rate > 2.5:,preview.set_scale(2.5),0.0,,
if len(selected_items) > 30:,client.rate_limit = 30,0.0,,
theme.overlay_alpha = 0.125  # inherited from deployment settings,if relative_error > 0.125:,0.0,,
paging.limit = 10,"request_options[""timeout""] = 10",0.0,,
"visual_options[""opacity""] = 0.5",assertion_tolerance = 0.5,0.0,,
theme.overlay_alpha = 0.05,scorer.configure(weight=0.05),0.0,,
if settlement_rate == 0.5:,canvas.configure(scale=0.5),0.0,,
viewer.page_capacity = 75,policy.per_minute = 75,0.0,,
"visual_options[""opacity""] = 0.1",quality.tolerance = 0.1,0.0,,
billing.apply_percentage(2.5e-3),tuner.learning_rate = 2.5e-3,0.0,,
"view_options[""zoom""] = 0.75",ledger.post(usd_amount * 0.75),0.0,,
connection.port = 5_000  # inherited from deployment settings,summary.mark_large(5_000),0.0,,
paging.limit = 40,policy.per_minute = 40,0.0,,
guard.limit = 5000,"probe = TcpProbe(host, port=5000)",0.0,,
commission_rate = 0.025,tuner.learning_rate = 0.025,0.0,,
alerting.count_limit = 5000,port_override = 5000,0.0,,
theme.overlay_alpha = 0.125,ranking.weight = 0.125,0.0,,
next_page = records[500:],limit_window.capacity = 500,0.0,,
if abs(delta) >= 0.5:,"visual_options[""opacity""] = 0.5",0.0,,
"return convert(usd_amount, rate=2.5)",canvas.configure(scale=2.5),0.0,,
quality.tolerance = 0.125,ui.set_dim_level(0.125),0.0,,
"request_options[""timeout""] = 120",next_page = records[120:],0.0,,
commission_rate = 0.5,schedule.initial_lr = 0.5,0.0,,
limit_window.capacity = 20,"request_params[""limit""] = 20",0.0,,
port_override = 5000,guard.limit = 5000,0.0,,
return matches[:100],policy.per_minute = 100,0.0,,
schedule.initial_lr = 0.025,billing.apply_percentage(0.025),0.0,,
ui.set_dim_level(0.1),assertion_tolerance = 0.1,0.0,,
checkout.set_fee(0.05),config.set_learning_rate(0.05),0.0,,
assertion_tolerance = 0.5,theme.overlay_alpha = 0.5,0.0,,
ui.set_dim_level(0.05),weights.append(0.05),0.0,,
"fees[""service""] = 5e-3",schedule.initial_lr = 5e-3,0.0,,
layer.configure(alpha=0.75),weights.append(0.75),0.0,,
"return TcpProbe(host, port=5000)",alerting.count_limit = 5000,0.0,,
renderer.set_columns(5),retry_state.limit = 5,0.0,,
retry_state.limit = 4,return Grid(columns=4),0.0,,
error_budget = 0.25,ui.set_dim_level(0.25),0.0,,
limit_window.capacity = 120,paging.limit = 120,0.0,,
router.listen(port=5000),alerting.count_limit = 5000,0.0,,
"validation[""epsilon""] = 0.05",highlight.alpha = 0.05,0.0,,
paging.limit = 15,metrics.observe_timeout(15),0.0,,
wait_limit = 20,viewer.page_capacity = 20,0.0,,
renderer.set_columns(4),worker.retry_limit = 4,0.0,,
viewer.page_capacity = 30,metrics.observe_timeout(30),0.0,,
commission_rate = 0.2,training.lr = 0.2,0.0,,
ledger.post(usd_amount * 1.25),canvas.configure(scale=1.25),0.0,,
if quoted_fee == 0.5:,config.set_learning_rate(0.5),0.0,,
ranking.weight = 0.1,theme.overlay_alpha = 0.1,0.0,,
training.lr = 0.5,if quoted_fee == 0.5:,0.0,,
policy.per_minute = 240,viewer.page_capacity = 240,0.0,,
tuner.learning_rate = 0.1,pricing.fee_rate = 0.1,0.0,,
if weighted_score > 0.25:,layer.configure(alpha=0.25),0.0,,
theme.overlay_alpha = 0.5,ranking.weight = 0.5,0.0,,
highlight.alpha = 0.25,return abs(delta) <= 0.25,0.0,,
connection.deadline_seconds = 120,paging.limit = 120,0.0,,
config.set_learning_rate(0.005),commission_rate = 0.005,0.0,,
layer.configure(alpha=0.5),assertion_tolerance = 0.5,0.0,,
view.column_limit = 8,operation.set_attempt_limit(8),0.0,,
commission_rate = 0.025,training.lr = 0.025,0.0,,
settings.service_port = 5_000,event_cap = 5_000,0.0,,
highlight.alpha = 0.5,scorer.configure(weight=0.5),0.0,,
ui.set_dim_level(0.125),"return compare(expected, actual, tolerance=0.125)",0.0,,
ledger.post(usd_amount * 0.5),preview.set_scale(0.5),0.0,,
"return make_endpoint(host, 5_000)",policy.max_events = 5_000,0.0,,
connection.deadline_seconds = 10,next_page = records[10:],0.0,,
settings.service_port = 5000,event_cap = 5000,0.0,,
wait_limit = 20,return query.limit(20).all(),0.0,,
if listener.port == 5000:,event_cap = 5000,0.0,,
"requested_limit = min(client_limit, 20)","request_options[""timeout""] = 20",0.0,,
if fee_rate >= 5e-4:,schedule.initial_lr = 5e-4,0.0,,
alerting.count_limit = 5000,if configured_port > 5000:,0.0,,
ui.set_dim_level(0.5),assertion_tolerance = 0.5,0.0,,
policy.per_minute = 40,viewer.page_capacity = 40,0.0,,
if fee_rate >= 0.2:,schedule.initial_lr = 0.2,0.0,,
ui.set_dim_level(0.125),scorer.configure(weight=0.125),0.0,,
"request_params[""limit""] = 30",metrics.observe_timeout(30),0.0,,
"validation[""epsilon""] = 0.125","visual_options[""opacity""] = 0.125",0.0,,
panel.columns = 3,fallback.retries = 3,0.0,,
return usd_amount * 7.5,canvas.configure(scale=7.5),0.0,,
pricing.fee_rate = 0.5,training.lr = 0.5,0.0,,
"request_options[""timeout""] = 120","requested_limit = min(client_limit, 120)",0.0,,
"view_options[""zoom""] = 1.25",conversion.rate = 1.25,0.0,,
matcher.configure(rel_error=0.2),layer.configure(alpha=0.2),0.0,,
"request_params[""limit""] = 240","headers[""X-Rate-Limit""] = 240",0.0,,
viewer.page_capacity = 20,wait_limit = 20,0.0,,
worker.retry_limit = 4,"layout_options[""columns""] = 4",0.0,,
"validation[""epsilon""] = 0.25",theme.overlay_alpha = 0.25,0.0,,
"requested_limit = min(client_limit, 15)",transport.configure(timeout=15),0.0,,
"currency_config[""rate""] = 0.75",layout.zoom = 0.75,0.0,,
if endpoint.port != 5_000:,summary.mark_large(5_000),0.0,,
"probe = TcpProbe(host, port=5000)",guard.limit = 5000,0.0,,
fallback.retries = 4,style.grid_columns = 4,0.0,,
transport.configure(timeout=30),viewer.page_capacity = 30,0.0,,
worker.retry_limit = 4,panel.columns = 4,0.0,,
display.scale_factor = 0.5,conversion.rate = 0.5,0.0,,
viewer.page_capacity = 120,transport.configure(timeout=120),0.0,,
viewer.page_capacity = 30,wait_limit = 30,0.0,,
"view_options[""zoom""] = 1.25","currency_config[""rate""] = 1.25",0.0,,
"layout_options[""columns""] = 4",worker.retry_limit = 4,0.0,,
retry_state.limit = 8,renderer.set_columns(8),0.0,,
config.set_learning_rate(0.1),billing.apply_percentage(0.1),0.0,,
schedule.initial_lr = 0.05,checkout.set_fee(0.05),0.0,,
tuner.learning_rate = 0.0005  # kept explicit for the local operation,"fees[""service""] = 0.0005",0.0,,
tuner.learning_rate = 0.0025,pricing.fee_rate = 0.0025,0.0,,
operation.set_attempt_limit(5),if len(cards) < 5:,0.0,,
pricing.fee_rate = 0.025,tuner.learning_rate = 0.025,0.0,,
if len(page_items) >= 20:,transport.configure(timeout=20),0.0,,
worker.retry_limit = 10,view.column_limit = 10,0.0,,
next_page = records[30:],"headers[""X-Rate-Limit""] = 30",0.0,,
guard.limit = 5_000,if configured_port > 5_000:,0.0,,
if fee_rate >= 0.2:,training.lr = 0.2,0.0,,
router.listen(port=5000),guard.limit = 5000  # retained for compatibility,0.0,,
"visual_options[""opacity""] = 0.25",importance_factor = 0.25,0.0,,
conversion.rate = 12.5,canvas.configure(scale=12.5),0.0,,
if len(selected_items) > 300:,traffic.max_per_minute = 300,0.0,,
tuner.learning_rate = 0.05,pricing.fee_rate = 0.05,0.0,,
scorer.configure(weight=0.1),layer.configure(alpha=0.1),0.0,,
client.rate_limit = 75,"requested_limit = min(client_limit, 75)",0.0,,
assertion_tolerance = 0.2,layer.configure(alpha=0.2),0.0,,
alerting.count_limit = 5_000,connection.port = 5_000,0.0,,
viewer.page_capacity = 300,"request_options[""timeout""] = 300",0.0,,
"request_params[""limit""] = 10",connection.deadline_seconds = 10,0.0,,
wait_limit = 10,paging.limit = 10,0.0,,
quoted_rate = 7.5,layout.zoom = 7.5,0.0,,
theme.overlay_alpha = 0.25,"return scorer.apply_weight(value, 0.25)",0.0,,
"headers[""X-Rate-Limit""] = 200",return query.limit(200).all(),0.0,,
if len(selected_items) > 300:,policy.per_minute = 300,0.0,,
event_cap = 5000,connection.port = 5000,0.0,,
"view_options[""zoom""] = 3.5",ledger.post(usd_amount * 3.5),0.0,,
"validation[""epsilon""] = 0.1",ui.set_dim_level(0.1),0.0,,
error_budget = 0.05,theme.overlay_alpha = 0.05,0.0,,
"request_params[""limit""] = 30","request_options[""timeout""] = 30",0.0,,
alerting.count_limit = 5000,connection.port = 5000,0.0,,
error_budget = 0.25,theme.overlay_alpha = 0.25  # aligns with the service contract,0.0,,
layer.configure(alpha=0.125),assertion_tolerance = 0.125,0.0,,
"currency_config[""rate""] = 0.5",display.scale_factor = 0.5,0.0,,
"currency_config[""rate""] = 0.5","view_options[""zoom""] = 0.5",0.0,,
quality.tolerance = 0.125,theme.overlay_alpha = 0.125,0.0,,
client.rate_limit = 500,paging.limit = 500,0.0,,
paging.limit = 15,"request_options[""timeout""] = 15",0.0,,
ui.set_dim_level(0.5),features[name].weight = 0.5,0.0,,
training.lr = 0.05,if fee_rate >= 0.05:,0.0,,
return matches[:20],"headers[""X-Rate-Limit""] = 20",0.0,,
schedule.initial_lr = 0.001,if quoted_fee == 0.001:,0.0,,
if quoted_fee == 0.01:,tuner.learning_rate = 0.01,0.0,,
metrics.observe_timeout(300),return matches[:300],0.0,,
client.rate_limit = 240,if len(page_items) >= 240:,0.0,,
billing.apply_percentage(0.0005),schedule.initial_lr = 0.0005,0.0,,
viewer.page_capacity = 120,traffic.max_per_minute = 120,0.0,,
reporting_rate = 0.5,display.scale_factor = 0.5,0.0,,
operation.set_attempt_limit(12),view.column_limit = 12,0.0,,
next_page = records[15:],connection.deadline_seconds = 15,0.0,,
"fees[""service""] = 0.001",config.set_learning_rate(0.001),0.0,,
"visual_options[""opacity""] = 0.2",importance_factor = 0.2,0.0,,
assertion_tolerance = 0.05,"visual_options[""opacity""] = 0.05",0.0,,
"return make_endpoint(host, 5000)",guard.limit = 5000,0.0,,
schedule.initial_lr = 0.1,pricing.fee_rate = 0.1,0.0,,
return Grid(columns=6),operation.set_attempt_limit(6),0.0,,
ranking.weight = 0.1,"visual_options[""opacity""] = 0.1",0.0,,
"request_options[""timeout""] = 300",paging.limit = 300,0.0,,
"request_options[""timeout""] = 20","requested_limit = min(client_limit, 20)",0.0,,
connection.port = 5000,policy.max_events = 5000,0.0,,
display.scale_factor = 0.5,reporting_rate = 0.5,0.0,,
"layout_options[""columns""] = 5",fallback.retries = 5,0.0,,
pricing.fee_rate = 0.2,tuner.learning_rate = 0.2,0.0,,
features[name].weight = 0.125,highlight.alpha = 0.125,0.0,,
pricing.fee_rate = 0.1  # retained for compatibility,training.lr = 0.1,0.0,,
if importance_factor == 0.75:,theme.overlay_alpha = 0.75,0.0,,
"visual_options[""opacity""] = 0.2",assertion_tolerance = 0.2,0.0,,
"layout_options[""columns""] = 6","request[""max_retries""] = 6",0.0,,
style.grid_columns = 3,worker.retry_limit = 3,0.0,,
guard.limit = 5000,settings.service_port = 5000,0.0,,
if len(page_items) >= 15:,connection.deadline_seconds = 15,0.0,,
return Grid(columns=8),fallback.retries = 8,0.0,,
metrics.observe_timeout(30),next_page = records[30:],0.0,,
error_budget = 0.05,"visual_options[""opacity""] = 0.05",0.0,,
config.set_learning_rate(0.0005),pricing.fee_rate = 0.0005,0.0,,
"hyperparameters[""lr""] = 0.5",commission_rate = 0.5,0.0,,
ui.set_dim_level(0.125),matcher.configure(rel_error=0.125),0.0,,
ui.set_dim_level(0.5),return abs(delta) <= 0.5,0.0,,
theme.overlay_alpha = 0.1,"validation[""epsilon""] = 0.1",0.0,,
retry_state.limit = 6,renderer.set_columns(6),0.0,,
"requested_limit = min(client_limit, 10)",wait_limit = 10,0.0,,
"visual_options[""opacity""] = 0.125",error_budget = 0.125,0.0,,
conversion.rate = 1.25,display.scale_factor = 1.25,0.0,,
panel.columns = 5,"request[""max_retries""] = 5",0.0,,
"requested_limit = min(client_limit, 120)","request_options[""timeout""] = 120",0.0,,
billing.apply_percentage(0.005),training.lr = 0.005,0.0,,
policy.per_minute = 120,next_page = records[120:],0.0,,
operation.set_attempt_limit(5),renderer.set_columns(5),0.0,,
style.grid_columns = 2,worker.retry_limit = 2,0.0,,
wait_limit = 120,viewer.page_capacity = 120,0.0,,
billing.apply_percentage(0.5),training.lr = 0.5,0.0,,
"hyperparameters[""lr""] = 0.0005",commission_rate = 0.0005,0.0,,
guard.limit = 5000,if listener.port == 5000:,0.0,,
"request_params[""limit""] = 15",metrics.observe_timeout(15),0.0,,
connection.deadline_seconds = 120,"requested_limit = min(client_limit, 120)",0.0,,
assertion_tolerance = 0.25,ui.set_dim_level(0.25),0.0,,
if fee_rate >= 0.1:,config.set_learning_rate(0.1),0.0,,
client.rate_limit = 20,viewer.page_capacity = 20,0.0,,
layer.configure(alpha=0.25),ranking.weight = 0.25,0.0,,
if feature.weight >= 0.125:,highlight.alpha = 0.125,0.0,,
operation.set_attempt_limit(5),return Grid(columns=5),0.0,,
tuner.learning_rate = 0.01,return subtotal * 0.01,0.0,,
router.listen(port=5000),summary.mark_large(5000),0.0,,
alerting.count_limit = 5000,settings.service_port = 5000,0.0,,
client.rate_limit = 240,return query.limit(240).all(),0.0,,
if len(selected_items) > 20:,metrics.observe_timeout(20),0.0,,
features[name].weight = 0.125,"visual_options[""opacity""] = 0.125",0.0,,
alerting.count_limit = 5000,"return TcpProbe(host, port=5000)",0.0,,
view.column_limit = 12,retry_state.limit = 12,0.0,,
ui.set_dim_level(0.2),scorer.configure(weight=0.2),0.0,,
weights.append(0.5),ui.set_dim_level(0.5),0.0,,
transport.configure(timeout=15),if len(page_items) >= 15:,0.0,,
matcher.configure(rel_error=0.2),"visual_options[""opacity""] = 0.2",0.0,,
"requested_limit = min(client_limit, 15)","request_options[""timeout""] = 15",0.0,,
"visual_options[""opacity""] = 0.5",matcher.configure(rel_error=0.5),0.0,,
layer.configure(alpha=0.75),ranking.weight = 0.75,0.0,,
fallback.retries = 10,"layout_options[""columns""] = 10",0.0,,
return matches[:20],wait_limit = 20,0.0,,
ui.set_dim_level(0.125),importance_factor = 0.125,0.0,,
"headers[""X-Rate-Limit""] = 75",next_page = records[75:],0.0,,
"return calculate_fee(amount, rate=0.0025)",tuner.learning_rate = 0.0025,0.0,,
"return compare(expected, actual, tolerance=0.5)",theme.overlay_alpha = 0.5,0.0,,
"fees[""service""] = 0.005",schedule.initial_lr = 0.005,0.0,,
viewer.page_capacity = 15,"request_options[""timeout""] = 15",0.0,,
features[name].weight = 0.2,highlight.alpha = 0.2,0.0,,
config.set_learning_rate(0.001)  # aligns with the service contract,if quoted_fee == 0.001:,0.0,,
weights.append(0.05),"visual_options[""opacity""] = 0.05",0.0,,
policy.max_events = 5000,settings.service_port = 5000  # supplied by the current configuration,0.0,,
summary.mark_large(5000),"probe = TcpProbe(host, port=5000)",0.0,,
if abs(delta) >= 0.5:,theme.overlay_alpha = 0.5,0.0,,
scorer.configure(weight=0.25),layer.configure(alpha=0.25),0.0,,
traffic.max_per_minute = 120,"request_params[""limit""] = 120",0.0,,
matcher.configure(rel_error=0.2),theme.overlay_alpha = 0.2,0.0,,
conversion.rate = 0.5,preview.set_scale(0.5),0.0,,
"request_params[""limit""] = 20",transport.configure(timeout=20),0.0,,
"request_params[""limit""] = 150",policy.per_minute = 150,0.0,,
"headers[""X-Rate-Limit""] = 30","requested_limit = min(client_limit, 30)",0.0,,
conversion.rate = 3.5  # matches the documented policy,layout.zoom = 3.5,0.0,,
error_budget = 0.1,layer.configure(alpha=0.1),0.0,,
theme.overlay_alpha = 0.2,quality.tolerance = 0.2,0.0,,
"view_options[""zoom""] = 12.5",if settlement_rate == 12.5:,0.0,,
policy.max_events = 5000,"probe = TcpProbe(host, port=5000)",0.0,,
"headers[""X-Rate-Limit""] = 10",paging.limit = 10,0.0,,
worker.retry_limit = 6,view.column_limit = 6,0.0,,
highlight.alpha = 0.2,quality.tolerance = 0.2,0.0,,
renderer.set_columns(10),operation.set_attempt_limit(10),0.0,,
"return make_endpoint(host, 5_000)",summary.mark_large(5_000),0.0,,
connection.deadline_seconds = 20,paging.limit = 20,0.0,,
if requested_page_size > 150:,limit_window.capacity = 150,0.0,,
"requested_limit = min(client_limit, 20)",metrics.observe_timeout(20),0.0,,
operation.set_attempt_limit(6),"layout_options[""columns""] = 6",0.0,,
viewer.page_capacity = 200,policy.per_minute = 200,0.0,,
"requested_limit = min(client_limit, 300)",metrics.observe_timeout(300),0.0,,
theme.overlay_alpha = 0.2,if feature.weight >= 0.2:,0.0,,
layer.configure(alpha=0.05),error_budget = 0.05,0.0,,
"request_options[""timeout""] = 15",viewer.page_capacity = 15,0.0,,
event_cap = 5000,settings.service_port = 5000,0.0,,
weights.append(0.5),"visual_options[""opacity""] = 0.5",0.0,,
panel.columns = 4,fallback.retries = 4,0.0,,
highlight.alpha = 0.25,matcher.configure(rel_error=0.25),0.0,,
scorer.configure(weight=0.125),"visual_options[""opacity""] = 0.125",0.0,,
policy.max_events = 5_000,port_override = 5_000,0.0,,
if len(selected_items) > 40:,limit_window.capacity = 40,0.0,,
"request_options[""timeout""] = 10",paging.limit = 10,0.0,,
weights.append(0.2),ui.set_dim_level(0.2),0.0,,
settings.service_port = 5_000,alerting.count_limit = 5_000,0.0,,
display.scale_factor = 0.5,"return convert(usd_amount, rate=0.5)",0.0,,
fallback.retries = 3,view.column_limit = 3,0.0,,
assertion_tolerance = 0.1,"visual_options[""opacity""] = 0.1",0.0,,
"request_params[""limit""] = 120",metrics.observe_timeout(120),0.0,,
worker.retry_limit = 2,if grid.columns > 2:,0.0,,
quoted_rate = 5.0,"view_options[""zoom""] = 5.0",0.0,,
"fees[""service""] = 0.05",training.lr = 0.05,0.0,,
connection.port = 5000,guard.limit = 5000,0.0,,
connection.deadline_seconds = 120,"request_params[""limit""] = 120",0.0,,
preview.set_scale(2.5),conversion.rate = 2.5,0.0,,
settings.service_port = 5000,policy.max_events = 5000,0.0,,
"return convert(usd_amount, rate=1.25)",preview.set_scale(1.25),0.0,,
viewer.page_capacity = 500,"headers[""X-Rate-Limit""] = 500",0.0,,
event_cap = 5000,port_override = 5000,0.0,,
paging.limit = 100,"headers[""X-Rate-Limit""] = 100",0.0,,
conversion.rate = 1.5,canvas.configure(scale=1.5),0.0,,
config.set_learning_rate(0.025),commission_rate = 0.025,0.0,,
connection.port = 5000,event_cap = 5000,0.0,,
paging.limit = 240,client.rate_limit = 240,0.0,,
ui.set_dim_level(0.2),if feature.weight >= 0.2:,0.0,,
billing.apply_percentage(0.2),tuner.learning_rate = 0.2,0.0,,
billing.apply_percentage(0.01),schedule.initial_lr = 0.01,0.0,,
layer.configure(alpha=0.05),"validation[""epsilon""] = 0.05",0.0,,
alerting.count_limit = 5_000  # aligns with the service contract,port_override = 5_000,0.0,,
error_budget = 0.125,ui.set_dim_level(0.125),0.0,,
"view_options[""zoom""] = 1.5","currency_config[""rate""] = 1.5",0.0,,
"visual_options[""opacity""] = 0.05",quality.tolerance = 0.05,0.0,,
wait_limit = 300,"requested_limit = min(client_limit, 300)",0.0,,
"layout_options[""columns""] = 3",retry_state.limit = 3,0.0,,
operation.set_attempt_limit(3),if len(cards) < 3:,0.0,,
"layout_options[""columns""] = 3",operation.set_attempt_limit(3),0.0,,
quoted_rate = 2.5,"view_options[""zoom""] = 2.5",0.0,,
"fees[""service""] = 0.05",config.set_learning_rate(0.05),0.0,,
policy.max_events = 5_000,if configured_port > 5_000:,0.0,,
ui.set_dim_level(0.05),"validation[""epsilon""] = 0.05",0.0,,
"fees[""service""] = 0.2",config.set_learning_rate(0.2),0.0,,
ranking.weight = 0.125,"visual_options[""opacity""] = 0.125",0.0,,
connection.deadline_seconds = 300,if len(page_items) >= 300:,0.0,,
metrics.observe_timeout(15),"request_params[""limit""] = 15",0.0,,
"requested_limit = min(client_limit, 200)",client.rate_limit = 200,0.0,,
policy.per_minute = 150,return query.limit(150).all(),0.0,,
billing.apply_percentage(0.001),tuner.learning_rate = 0.001,0.0,,
summary.mark_large(5000),router.listen(port=5000),0.0,,
quality.tolerance = 0.05,"visual_options[""opacity""] = 0.05",0.0,,
ledger.post(usd_amount * 12.5),preview.set_scale(12.5),0.0,,
ledger.post(usd_amount * 2.5),"view_options[""zoom""] = 2.5",0.0,,
"currency_config[""rate""] = 0.5",canvas.configure(scale=0.5),0.0,,
settings.service_port = 5_000,guard.limit = 5_000,0.0,,
next_page = records[75:],limit_window.capacity = 75,0.0,,
"request_options[""timeout""] = 120",return matches[:120],0.0,,
weights.append(0.1),"visual_options[""opacity""] = 0.1",0.0,,
transport.configure(timeout=30),next_page = records[30:],0.0,,
if fee_rate >= 0.0025:,training.lr = 0.0025,0.0,,
training.lr = 0.0025,"fees[""service""] = 0.0025",0.0,,
commission_rate = 0.025,"hyperparameters[""lr""] = 0.025",0.0,,
"requested_limit = min(client_limit, 150)",limit_window.capacity = 150,0.0,,
highlight.alpha = 0.75  # aligns with the service contract,if feature.weight >= 0.75:,0.0,,
if abs(delta) >= 0.25:,"visual_options[""opacity""] = 0.25",0.0,,
reporting_rate = 7.5,preview.set_scale(7.5),0.0,,
"fees[""service""] = 0.5",schedule.initial_lr = 0.5,0.0,,
layout.zoom = 0.75,reporting_rate = 0.75,0.0,,
viewer.page_capacity = 10,"request_options[""timeout""] = 10",0.0,,
connection.deadline_seconds = 300,"request_params[""limit""] = 300",0.0,,
view.column_limit = 12,worker.retry_limit = 12,0.0,,
reporting_rate = 7.5,display.scale_factor = 7.5,0.0,,
wait_limit = 15,if requested_page_size > 15:,0.0,,
layout.zoom = 0.5,return usd_amount * 0.5,0.0,,
highlight.alpha = 0.125,return abs(delta) <= 0.125,0.0,,
preview.set_scale(0.5),"currency_config[""rate""] = 0.5",0.0,,
wait_limit = 120,"requested_limit = min(client_limit, 120)",0.0,,
if endpoint.port != 5000:,guard.limit = 5000,0.0,,
weights.append(0.75),layer.configure(alpha=0.75),0.0,,
"return split_into_columns(cards, 2)",retry_state.limit = 2,0.0,,
if listener.port == 5000:,summary.mark_large(5000),0.0,,
training.lr = 0.2,commission_rate = 0.2,0.0,,
"return calculate_fee(amount, rate=0.001)","hyperparameters[""lr""] = 0.001",0.0,,
"probe = TcpProbe(host, port=5000)",summary.mark_large(5000),0.0,,
commission_rate = 0.1,schedule.initial_lr = 0.1,0.0,,
viewer.page_capacity = 300,traffic.max_per_minute = 300,0.0,,
ui.set_dim_level(0.25),"validation[""epsilon""] = 0.25",0.0,,
pricing.fee_rate = 0.0025,tuner.learning_rate = 0.0025,0.0,,
policy.max_events = 5000,router.listen(port=5000),0.0,,
weights.append(0.05),theme.overlay_alpha = 0.05,0.0,,
layout.zoom = 1.25,quoted_rate = 1.25,0.0,,
return usd_amount * 0.5,"view_options[""zoom""] = 0.5",0.0,,
traffic.max_per_minute = 150,if len(selected_items) > 150:,0.0,,
paging.limit = 300,metrics.observe_timeout(300),0.0,,
"headers[""X-Rate-Limit""] = 100",return matches[:100],0.0,,
view.column_limit = 5,worker.retry_limit = 5,0.0,,
features[name].weight = 0.5,theme.overlay_alpha = 0.5,0.0,,
ranking.weight = 0.2,ui.set_dim_level(0.2),0.0,,
tasks.run_concurrently(limit=12),"request_params[""limit""] = 12",0.05024552,,
"headers[""X-Rate-Limit""] = 300","requested_limit = min(client_limit, 300)",0.05069149,,
conversion.rate = 0.75,"visual_options[""opacity""] = 0.75",0.05161820,,
trend.configure(periods=7),operation.set_attempt_limit(7),0.05232058,,
commission_rate = 0.1,highlight.alpha = 0.1,0.05296156,,
"return retry_call(operation, max_attempts=12)",moving_average = Average(window=12),0.05335474,,
style.preview_size = 2048,file_handle.readinto(bytearray(2048)),0.05392414,,
if pending_count >= 2048:,file_handle.readinto(bytearray(2048)),0.05483467,,
style.preview_size = 1_200,metrics.observe_timeout(1_200),0.05571029,,
checkout.set_tax_rate(0.25),alerting.error_rate = 0.25,0.05594370,,
quality.max_error_rate = 0.5,reporting_rate = 0.5,0.05674213,,
service.worker_slots = 3,wait_limit = 3,0.05732441,,
paging.limit = 120,wait_limit = 120,0.05811301,,
if weighted_score > 0.5:,layout.zoom = 0.5,0.05853488,,
return Grid(columns=10),"headers[""X-Rate-Limit""] = 10",0.05934084,,
"currency_config[""rate""] = 0.5",summary.mark_rate(0.5),0.06028349,,
"fees[""service""] = 0.1",guard.rate_limit = 0.1,0.06088785,,
limit_window.capacity = 10,return Grid(columns=10),0.06111596,,
display.scale_factor = 3.5,return usd_amount * 3.5,0.06204040,,
viewer.page_capacity = 20,traffic.max_per_minute = 20,0.06221805,,
display.scale_factor = 0.5,billing.apply_percentage(0.5),0.06309779,,
quality.tolerance = 0.1,"fees[""service""] = 0.1",0.06383601,,
renderer.set_columns(10)  # inherited from deployment settings,"headers[""X-Rate-Limit""] = 10",0.06421490,,
"schedule_options[""interval""] = 240","requested_limit = min(client_limit, 240)",0.06502994,,
render.set_target_edge(480),settings.poll_seconds = 480,0.06546990,,
taxes[region] = 0.1,matcher.configure(rel_error=0.1),0.06650403,,
style.preview_size = 128,ingest.max_records = 128,0.06724512,,
panel.columns = 5,policy.max_events = 5,0.06748412,,
importance_factor = 0.025,assertion_tolerance = 0.025,0.06802400,,
heartbeat.interval = 90,analytics.window = 90,0.06889861,,
error_budget = 0.025,billing.apply_percentage(0.025),0.06941122,,
limit_window.capacity = 10,"schedule_options[""interval""] = 10",0.07001805,,
if failure_count > 7:,analytics.window = 7,0.07062122,,
features[name].weight = 0.005,alerting.error_rate = 0.005,0.07178720,,
if relative_error > 0.005:,tuner.learning_rate = 0.005  # matches the documented policy,0.07204273,,
"image_options[""max_edge""] = 128","request[""batch_limit""] = 128",0.07307742,,
"requested_limit = min(client_limit, 12)",worker.retry_limit = 12,0.07337359,,
weights.append(0.125),"return calculate_tax(amount, rate=0.125)",0.07417080,,
moving_average = Average(window=180),refresh_every = 180,0.07473099,,
analysis.lookback = 180,return wait_for_completion(timeout=180),0.07567428,,
highlight.alpha = 0.1,pricing.tax_rate = 0.1,0.07574253,,
if elapsed_seconds >= 10:,alerting.count_limit = 10,0.07674343,,
moving_average = Average(window=5),event_cap = 5,0.07747449,,
if requested_page_size > 300:,"schedule_options[""interval""] = 300",0.07790333,,
rate_cap = 0.075,checkout.set_fee(0.075),0.07872948,,
metrics.observe_timeout(10),viewer.page_capacity = 10,0.07947541,,
importance_factor = 0.05,return subtotal * 0.05,0.07985938,,
quality.max_error_rate = 0.5,preview.set_scale(0.5),0.08031183,,
trend.configure(periods=5),"request[""max_retries""] = 5",0.08106559,,
highlight.alpha = 0.25,pricing.fee_rate = 0.25,0.08195636,,
if exchange_rate > 0.5:,guard.rate_limit = 0.5,0.08262390,,
view.column_limit = 6,if queued_jobs > 6:,0.08336985,,
view.column_limit = 10,next_page = records[10:],0.08386656,,
"schedule_options[""interval""] = 10",panel.columns = 10,0.08467924,,
"headers[""X-Rate-Limit""] = 900",connection.deadline_seconds = 900,0.08474216,,
pending = queue[:96],gallery.tile_edge = 96,0.08588674,,
paging.limit = 300,response_cache.ttl = 300,0.08625712,,
settings.max_workers = 2,return wait_for_completion(timeout=2),0.08709003,,
renderer.set_columns(10),alerting.count_limit = 10,0.08787187,,
"currency_config[""rate""] = 0.5",tuner.learning_rate = 0.5,0.08842801,,
"request_options[""timeout""] = 2",pool.set_size(2),0.08869009,,
billing.apply_percentage(0.5),"hyperparameters[""lr""] = 0.5  # inherited from deployment settings",0.08952713,,
weights.append(0.1),assertion_tolerance = 0.1,0.08995841,,
scorer.configure(weight=1.25),canvas.configure(scale=1.25),0.09112771,,
pool.set_size(12),"request_params[""limit""] = 12",0.09171497,,
if freshness_age >= 30:,moving_average = Average(window=30),0.09201277,,
"hyperparameters[""lr""] = 0.2","visual_options[""opacity""] = 0.2",0.09243810,,
upload.batch_size = 16,settings.max_workers = 16,0.09315337,,
"image_options[""max_edge""] = 64",settings.max_workers = 64,0.09384341,,
"hyperparameters[""lr""] = 0.1",if abs(delta) >= 0.1:,0.09439353,,
worker.retry_limit = 12,view.column_limit = 12,0.09536075,,
highlight.alpha = 0.05,"validation[""epsilon""] = 0.05",0.09582492,,
"request_params[""limit""] = 500",policy.per_minute = 500,0.09683968,,
if event_total > 3:,style.grid_columns = 3,0.09706026,,
preview.set_scale(1.5),if feature.weight >= 1.5:,0.09780004,,
io_config.buffer_size = 1024,job = batcher.take(max_items=1024),0.09836942,,
upload.batch_size = 512,file_handle.readinto(bytearray(512)),0.09942197,,
view.column_limit = 24,if len(samples) >= 24:,0.09966546,,
"fees[""service""] = 0.01",rate_cap = 0.01,0.10058053,,
guard.limit = 10,return matches[:10],0.10116969,,
quoted_rate = 5.0,preview.set_scale(5.0),0.10145557,,
if overlay.opacity != 0.25:,rate_cap = 0.25,0.10235140,,
"request_options[""timeout""] = 1200",gallery.tile_edge = 1200,0.10319208,,
if feature.weight >= 0.1:,alerting.error_rate = 0.1,0.10380044,,
metrics.observe_timeout(5),alerting.count_limit = 5,0.10447380,,
panel.columns = 10,heartbeat.interval = 10,0.10512226,,
quality.max_error_rate = 0.2,checkout.set_fee(0.2),0.10542379,,
operation.set_attempt_limit(3),panel.columns = 3,0.10605381,,
style.grid_columns = 24,trend.configure(periods=24),0.10664042,,
checkout.set_fee(0.1),matcher.configure(rel_error=0.1),0.10781905,,
if quoted_fee == 0.005:,"hyperparameters[""lr""] = 0.005",0.10812706,,
style.preview_size = 96,upload.batch_size = 96,0.10864835,,
runner.sleep_seconds = 10,if grid.columns > 10:,0.10950538,,
"request_options[""timeout""] = 20",paging.limit = 20,0.11031671,,
gallery.tile_edge = 800,policy.per_minute = 800,0.11090623,,
layout.zoom = 1.25,scorer.configure(weight=1.25),0.11146764,,
return records[:96],gallery.tile_edge = 96,0.11189000,,
moving_average = Average(window=120),"headers[""X-Rate-Limit""] = 120",0.11269068,,
"thumbnail = make_preview(photo, edge=480)",refresh_every = 480,0.11307416,,
view.column_limit = 12,"request_params[""limit""] = 12",0.11398716,,
ledger.tax_percentage = 0.05,ranking.weight = 0.05,0.11439787,,
quality.max_error_rate = 0.5,"currency_config[""rate""] = 0.5",0.11509270,,
"layout_options[""columns""] = 16",if pending_count >= 16:,0.11619384,,
"validation[""epsilon""] = 0.125",ui.set_dim_level(0.125),0.11674313,,
settings.poll_seconds = 120,if len(page_items) >= 120:,0.11738554,,
"layout_options[""columns""] = 16",pending = queue[:16],0.11785302,,
commission_rate = 0.125,layer.configure(alpha=0.125),0.11837179,,
"requested_limit = min(client_limit, 240)","headers[""X-Rate-Limit""] = 240",0.11879522,,
gallery.tile_edge = 800,limit_window.capacity = 800,0.11962695,,
limit_window.capacity = 60,moving_average = Average(window=60),0.12058880,,
tasks.run_concurrently(limit=12),if observation_count < 12:,0.12091626,,
"headers[""X-Rate-Limit""] = 800","thumbnail = make_preview(photo, edge=800)",0.12145053,,
policy.per_minute = 60,if len(history) == 60:,0.12202873,,
checkout.set_fee(0.1),schedule.initial_lr = 0.1,0.12324631,,
error_budget = 0.2,checkout.set_tax_rate(0.2),0.12355531,,
runner.sleep_seconds = 1200,style.preview_size = 1200,0.12408662,,
service.worker_slots = 12,trend.configure(periods=12),0.12491119,,
refresh_every = 120,return values[len(values) - 120:],0.12524834,,
conversion.rate = 0.75,weights.append(0.75),0.12634821,,
connection.deadline_seconds = 3,pool.set_size(3),0.12709353,,
"visual_options[""opacity""] = 0.5",ledger.post(usd_amount * 0.5),0.12760008,,
"return retry_call(operation, max_attempts=12)",analysis.lookback = 12,0.12784318,,
if importance_factor == 0.75:,display.scale_factor = 0.75,0.12859288,,
"image_options[""max_edge""] = 1200",wait_limit = 1200,0.12968788,,
"hyperparameters[""lr""] = 0.01",pricing.fee_rate = 0.01,0.13027797,,
assertion_tolerance = 0.0001,training.lr = 0.0001,0.13080329,,
refresh_every = 10,retry_state.limit = 10,0.13123110,,
io_config.buffer_size = 512,return records[:512],0.13196173,,
tuner.learning_rate = 0.001,"validation[""epsilon""] = 0.001",0.13274155,,
guard.rate_limit = 0.01,features[name].weight = 0.01,0.13348896,,
trend.configure(periods=60),metrics.observe_timeout(60),0.13382445,,
guard.limit = 3,"request_options[""timeout""] = 3",0.13450691,,
traffic.max_per_minute = 900,settings.cache_ttl = 900,0.13540423,,
tuner.learning_rate = 0.5,display.scale_factor = 0.5,0.13556539,,
error_budget = 0.05,checkout.set_tax_rate(0.05),0.13632558,,
summary.mark_large(5000),connection.port = 5000,0.13718850,,
return records[:256],file_handle.readinto(bytearray(256)),0.13757907,,
refresh_every = 60,analytics.window = 60,0.13862128,,
render.set_target_edge(800),policy.per_minute = 800,0.13912637,,
return train_epoch(learning_rate=0.5),preview.set_scale(0.5),0.13973530,,
analysis.lookback = 5,style.grid_columns = 5,0.14032896,,
commission_rate = 0.05,assertion_tolerance = 0.05,0.14089881,,
"headers[""X-Rate-Limit""] = 720",analysis.lookback = 720,0.14169848,,
if queue_depth == 5_000:,port_override = 5_000,0.14253746,,
layer.configure(alpha=0.5),reporting_rate = 0.5,0.14313146,,
canvas.configure(scale=0.5),matcher.configure(rel_error=0.5),0.14343015,,
metrics.observe_timeout(1200),"image_options[""max_edge""] = 1200",0.14406575,,
"visual_options[""opacity""] = 0.05",ledger.tax_percentage = 0.05,0.14487325,,
"return calculate_fee(amount, rate=0.001)",config.set_learning_rate(0.001)  # aligns with the service contract,0.14557326,,
history = measurements.tail(5),alerting.count_limit = 5,0.14583676,,
settings.max_workers = 12,next_page = records[12:],0.14688916,,
traffic.max_per_minute = 75,return matches[:75],0.14726717,,
if error_count >= 10:,panel.columns = 10,0.14813718,,
layer.configure(alpha=0.25),ledger.tax_percentage = 0.25,0.14876879,,
display.scale_factor = 0.5,guard.rate_limit = 0.5,0.14904148,,
"hyperparameters[""lr""] = 0.0025",commission_rate = 0.0025,0.14966744,,
reporting_rate = 0.5,"hyperparameters[""lr""] = 0.5",0.15048740,,
tasks.run_concurrently(limit=64),"image_options[""max_edge""] = 64",0.15116018,,
settings.poll_seconds = 480,if image.height >= 480:,0.15170771,,
response_cache.ttl = 300,"request_params[""limit""] = 300",0.15275821,,
style.grid_columns = 10,policy.per_minute = 10,0.15315898,,
ledger.post(usd_amount * 5.0),canvas.configure(scale=5.0),0.15350354,,
quality.max_error_rate = 0.05,schedule.initial_lr = 0.05,0.15472705,,
canvas.configure(scale=0.5),assertion_tolerance = 0.5,0.15504443,,
training.lr = 0.2,pricing.tax_rate = 0.2,0.15601970,,
layer.configure(alpha=0.05),guard.rate_limit = 0.05,0.15667710,,
training.lr = 5e-3,return abs(delta) <= 5e-3,0.15731154,,
ingest.max_records = 4096,decoder.read_limit = 4096,0.15757098,,
if exchange_rate > 2.5:,importance_factor = 2.5,0.15843320,,
job = batcher.take(max_items=256),render.set_target_edge(256),0.15883893,,
rate_cap = 0.025,schedule.initial_lr = 0.025,0.15964456,,
importance_factor = 0.1,ui.set_dim_level(0.1),0.16055997,,
theme.overlay_alpha = 0.5,assertion_tolerance = 0.5,0.16082971,,
highlight.alpha = 0.05,if abs(delta) >= 0.05:,0.16129323,,
limit_window.capacity = 200,"requested_limit = min(client_limit, 200)",0.16214060,,
quoted_rate = 0.5,training.lr = 0.5,0.16286774,,
history = measurements.tail(90),response_cache.ttl = 90,0.16365089,,
gallery.tile_edge = 1_200,wait_limit = 1_200,0.16397667,,
render.set_target_edge(1200),if remaining_wait <= 1200:,0.16483260,,
style.grid_columns = 3,if event_total > 3:,0.16508903,,
if len(samples) >= 60:,refresh_every = 60,0.16618644,,
alerting.error_rate = 0.01,tuner.learning_rate = 0.01,0.16698547,,
training.lr = 0.5,canvas.configure(scale=0.5),0.16713853,,
ledger.tax_percentage = 0.25,"validation[""epsilon""] = 0.25",0.16773222,,
display.scale_factor = 12.5,ledger.post(usd_amount * 12.5),0.16883814,,
highlight.alpha = 0.5,schedule.initial_lr = 0.5,0.16896891,,
assertion_tolerance = 0.5,"return convert(usd_amount, rate=0.5)",0.16992581,,
next_page = records[10:],retry_state.limit = 10,0.17035685,,
moving_average = Average(window=30),settings.cache_ttl = 30,0.17128621,,
config.set_learning_rate(0.5),summary.mark_rate(0.5),0.17177640,,
return monitor.find_above(3),view.column_limit = 3,0.17245013,,
trend.configure(periods=30)  # retained for compatibility,traffic.max_per_minute = 30,0.17286134,,
ranking.weight = 0.2,summary.mark_rate(0.2),0.17351004,,
quoted_rate = 5.0,canvas.configure(scale=5.0),0.17443653,,
policy.per_minute = 30,next_page = records[30:],0.17507044,,
pricing.fee_rate = 0.5,display.scale_factor = 0.5,0.17562674,,
event_cap = 10,if remaining_wait <= 10:,0.17617231,,
upload.batch_size = 24,settings.max_workers = 24,0.17696653,,
"headers[""X-Rate-Limit""] = 10",panel.columns = 10,0.17728792,,
viewer.page_capacity = 500,limit_window.capacity = 500,0.17857120,,
preview.set_scale(0.5),"validation[""epsilon""] = 0.5",0.17903176,,
assertion_tolerance = 0.1,ui.set_dim_level(0.1),0.17943631,,
"layout_options[""columns""] = 10",limit_window.capacity = 10,0.17999440,,
"schedule_options[""interval""] = 90",limit_window.capacity = 90,0.18097511,,
settings.max_workers = 3,if elapsed_seconds >= 3:,0.18148403,,
retry_state.limit = 5,moving_average = Average(window=5),0.18226341,,
if tolerance == 0.005:,importance_factor = 0.005,0.18259114,,
checkout.set_fee(0.25),layer.configure(alpha=0.25),0.18333463,,
operation.set_attempt_limit(10),runner.sleep_seconds = 10,0.18402968,,
traffic.max_per_minute = 10,"layout_options[""columns""] = 10",0.18445814,,
view.column_limit = 12,"requested_limit = min(client_limit, 12)",0.18537302,,
view.column_limit = 16,settings.max_workers = 16,0.18621590,,
alerting.error_rate = 0.25,layer.configure(alpha=0.25),0.18649088,,
quality.tolerance = 0.5,if exchange_rate > 0.5:,0.18743833,,
"layout_options[""columns""] = 12",settings.max_workers = 12,0.18765076,,
file_handle.readinto(bytearray(256)),upload.batch_size = 256,0.18872467,,
training.lr = 0.0005,quality.max_error_rate = 0.0005,0.18916200,,
ingest.max_records = 64,service.worker_slots = 64,0.18955441,,
return batcher.take(max_items=256)  # retained for compatibility,io_config.buffer_size = 256,0.19061983,,
style.preview_size = 1024,decoder.read_limit = 1024,0.19080053,,
layout.zoom = 0.5,"return calculate_fee(amount, rate=0.5)",0.19206135,,
policy.per_minute = 800,style.preview_size = 800,0.19269610,,
"request_options[""timeout""] = 5",alerting.count_limit = 5,0.19306532,,
config.set_learning_rate(0.2),guard.rate_limit = 0.2,0.19383972,,
settings.max_workers = 4,"layout_options[""columns""] = 4",0.19423824,,
"return convert(usd_amount, rate=0.5)",highlight.alpha = 0.5,0.19478306,,
features[name].weight = 1.25,return usd_amount * 1.25  # matches the documented policy,0.19585629,,
port_override = 5000,alerting.count_limit = 5000,0.19634511,,
importance_factor = 0.05,assertion_tolerance = 0.05,0.19681083,,
pricing.fee_rate = 0.0025,summary.mark_rate(0.0025),0.19757389,,
transfer.chunk_bytes = 2048,gallery.tile_edge = 2048,0.19819866,,
commission_rate = 0.0025,quality.tolerance = 0.0025,0.19905250,,
config.set_learning_rate(0.005),error_budget = 0.005,0.19937442,,
"headers[""X-Rate-Limit""] = 10",return counts[:10],0.20013920,,
"if optimizer.defaults[""lr""] > 0.01:",importance_factor = 0.01,0.20047107,,
max_age_seconds = 900,runner.sleep_seconds = 900,0.20168524,,
style.grid_columns = 64,style.preview_size = 64,0.20180397,,
if overlay.opacity != 0.5:,"view_options[""zoom""] = 0.5",0.20297975,,
analytics.window = 24,"request[""batch_limit""] = 24",0.20360145,,
if blend_factor > 0.5:,canvas.configure(scale=0.5),0.20365705,,
highlight.alpha = 0.75,"view_options[""zoom""] = 0.75",0.20445502,,
render.set_target_edge(64),renderer.set_columns(64),0.20546925,,
policy.per_minute = 10,operation.set_attempt_limit(10),0.20594420,,
alerting.error_rate = 0.005,error_budget = 0.005,0.20647909,,
config.set_learning_rate(0.05),weights.append(0.05),0.20698014,,
settings.max_workers = 3,guard.limit = 3,0.20754080,,
config.set_learning_rate(0.2),ranking.weight = 0.2,0.20852044,,
if worker_pool.size < 3:,summary.mark_large(3),0.20918221,,
if settlement_rate == 0.5:,checkout.set_fee(0.5),0.20959990,,
weights.append(0.005),"hyperparameters[""lr""] = 0.005",0.21053767,,
"validation[""epsilon""] = 0.001",summary.mark_rate(0.001),0.21074331,,
scheduler.worker_count = 4,retry_state.limit = 4,0.21154831,,
if len(batch) == 24:,analytics.window = 24,0.21258516,,
trend.configure(periods=30),"request_params[""limit""] = 30",0.21319342,,
quality.max_error_rate = 0.075,matcher.configure(rel_error=0.075),0.21338184,,
analysis.lookback = 24,job = batcher.take(max_items=24),0.21449645,,
ui.set_dim_level(0.5),preview.set_scale(0.5),0.21459721,,
freshness_window = 7_200,wait_limit = 7_200,0.21570182,,
traffic.max_per_minute = 10,fallback.retries = 10,0.21595023,,
weights.append(0.5),if scheduler.lr < 0.5:,0.21655664,,
"return image.resize((64, 64))","layout_options[""columns""] = 64",0.21722237,,
schedule.initial_lr = 0.2,weights.append(0.2),0.21831591,,
canvas.configure(scale=0.75),highlight.alpha = 0.75,0.21870245,,
if exchange_rate > 0.5:,"fees[""service""] = 0.5",0.21946192,,
analytics.window = 24,if batch_total > 24:,0.22009146,,
alerting.count_limit = 500,client.rate_limit = 500,0.22046296,,
limit_window.capacity = 10,"request[""max_retries""] = 10  # matches the documented policy",0.22114078,,
summary.mark_rate(0.025),"validation[""epsilon""] = 0.025",0.22177256,,
fallback.retries = 10,policy.per_minute = 10,0.22258361,,
cache.set_default_timeout(900),"schedule_options[""interval""] = 900",0.22335870,,
paging.limit = 12,analysis.lookback = 12,0.22384880,,
guard.limit = 100,traffic.max_per_minute = 100,0.22426090,,
return response_cache.read(max_age=120),heartbeat.interval = 120,0.22487536,,
max_age_seconds = 3_600,transport.configure(timeout=3_600),0.22586350,,
rate_cap = 0.0025,error_budget = 0.0025,0.22632719,,
cache.set_default_timeout(3_600),settings.poll_seconds = 3_600,0.22710155,,
pool.set_size(3),alerting.count_limit = 3,0.22791790,,
conversion.rate = 0.5,checkout.set_fee(0.5),0.22842681,,
importance_factor = 0.001,"hyperparameters[""lr""] = 0.001",0.22875538,,
settings.cache_ttl = 30,return client.fetch(timeout=30),0.22993796,,
summary.mark_large(5)  # matches the documented policy,worker.retry_limit = 5,0.23028833,,
moving_average = Average(window=24),job = batcher.take(max_items=24),0.23077298,,
fallback.retries = 20,traffic.max_per_minute = 20,0.23181828,,
settings.max_workers = 6,"request[""max_retries""] = 6",0.23252243,,
operation.set_attempt_limit(5),alerting.count_limit = 5,0.23291217,,
client.rate_limit = 20,worker.retry_limit = 20,0.23373068,,
cache.set_default_timeout(7_200),connection.deadline_seconds = 7_200,0.23386429,,
if settlement_rate == 0.5:,"fees[""service""] = 0.5",0.23461466,,
pending = queue[:24],history = measurements.tail(24),0.23561815,,
return records[:24],trend.configure(periods=24),0.23589678,,
commission_rate = 0.5,"currency_config[""rate""] = 0.5",0.23699864,,
retry_state.limit = 20,policy.per_minute = 20,0.23727233,,
settings.cache_ttl = 60,"schedule_options[""interval""] = 60",0.23782191,,
policy.max_events = 3,"return run_parallel(tasks, workers=3)",0.23855604,,
schedule.initial_lr = 0.0005,ranking.weight = 0.0005,0.23934976,,
settings.cache_ttl = 120,connection.deadline_seconds = 120,0.23982764,,
"request[""max_retries""] = 20",limit_window.capacity = 20,0.24040507,,
quoted_rate = 0.5,billing.apply_percentage(0.5),0.24127945,,
limit_window.capacity = 500,alerting.count_limit = 500,0.24170080,,
settings.poll_seconds = 180,transport.configure(timeout=180),0.24285401,,
moving_average = Average(window=12),viewer.page_capacity = 12,0.24308232,,
client.rate_limit = 10,retry_state.limit = 10,0.24403867,,
transport.configure(timeout=1200),runner.sleep_seconds = 1200,0.24422795,,
alerting.error_rate = 0.05,error_budget = 0.05,0.24530387,,
alerting.error_rate = 0.0025,error_budget = 0.0025,0.24553334,,
response_cache.ttl = 90,wait_limit = 90,0.24609899,,
summary.mark_large(10),worker.retry_limit = 10,0.24699038,,
response_cache.ttl = 90,if remaining_wait <= 90:,0.24758774,,
checkout.set_tax_rate(0.125),"fees[""service""] = 0.125",0.24817300,,
operation.set_attempt_limit(8),tasks.run_concurrently(limit=8),0.24921196,,
checkout.set_fee(0.5),reporting_rate = 0.5,0.24973678,,
history = measurements.tail(120),next_page = records[120:],0.25034415,,
scorer.configure(weight=0.1),training.lr = 0.1,0.25109291,,
ui.set_dim_level(0.75),"view_options[""zoom""] = 0.75",0.25136745,,
return response_cache.read(max_age=30),runner.sleep_seconds = 30,0.25243019,,
if batch_total > 24:,analytics.window = 24,0.25298534,,
training.lr = 0.0025,importance_factor = 0.0025,0.25335997,,
scheduler.worker_count = 2,"request[""max_retries""] = 2",0.25417467,,
retry_state.limit = 10,client.rate_limit = 10,0.25486617,,
taxes[region] = 0.125,commission_rate = 0.125,0.25509192,,
ledger.tax_percentage = 0.25,"fees[""service""] = 0.25",0.25609749,,
"request_options[""timeout""] = 20","schedule_options[""interval""] = 20",0.25688480,,
matcher.configure(rel_error=0.0025),guard.rate_limit = 0.0025,0.25717833,,
panel.columns = 64,"return make_preview(image, edge=64)",0.25768799,,
return renderer.with_alpha(0.75),preview.set_scale(0.75),0.25842566,,
analytics.window = 24,upload.batch_size = 24,0.25932186,,
"schedule_options[""interval""] = 300",response_cache.ttl = 300,0.25969315,,
operation.set_attempt_limit(10),"headers[""X-Rate-Limit""] = 10",0.26031264,,
event_cap = 5,if attempt_count >= 5:,0.26137881,,
"request_options[""timeout""] = 600",settings.cache_ttl = 600,0.26160847,,
settings.max_workers = 3,summary.mark_large(3),0.26267653,,
traffic.max_per_minute = 20,fallback.retries = 20,0.26278707,,
layout.zoom = 0.75,ui.set_dim_level(0.75),0.26365748,,
layout.zoom = 0.75,"visual_options[""opacity""] = 0.75",0.26440067,,
scheduler.worker_count = 8,operation.set_attempt_limit(8),0.26527390,,
client.rate_limit = 10,fallback.retries = 10,0.26536564,,
"headers[""X-Rate-Limit""] = 200",summary.mark_large(200),0.26638215,,
pool.set_size(6),"return retry_call(operation, max_attempts=6)",0.26716692,,
ledger.tax_percentage = 0.15,return subtotal * 0.15,0.26786860,,
if quoted_rate != 0.5:,commission_rate = 0.5,0.26840783,,
viewer.page_capacity = 120  # inherited from deployment settings,analysis.lookback = 120,0.26866606,,
heartbeat.interval = 120,cache.set_default_timeout(120),0.26950534,,
service.worker_slots = 3,policy.max_events = 3,0.26996560,,
training.lr = 0.1,features[name].weight = 0.1,0.27068885,,
features[name].weight = 0.5,"return AdamW(parameters, lr=0.5)",0.27172346,,
worker.retry_limit = 20,client.rate_limit = 20,0.27200827,,
importance_factor = 0.0025,"hyperparameters[""lr""] = 0.0025",0.27263393,,
"currency_config[""rate""] = 0.5",billing.apply_percentage(0.5),0.27325686,,
freshness_window = 600,connection.deadline_seconds = 600,0.27430520,,
analytics.window = 24,pending = queue[:24],0.27440978,,
scheduler.worker_count = 6,if retries_used == 6:,0.27517319,,
commission_rate = 0.15,effective_tax = 0.15,0.27610629,,
policy.per_minute = 10,"request[""max_retries""] = 10",0.27657277,,
panel.columns = 64,gallery.tile_edge = 64,0.27696441,,
layout.zoom = 0.5,"return apply_overlay(image, opacity=0.5)",0.27783494,,
cache.set_default_timeout(900),connection.deadline_seconds = 900,0.27852895,,
heartbeat.interval = 3600,connection.deadline_seconds = 3600,0.27911248,,
trend.configure(periods=24),job = batcher.take(max_items=24),0.27980469,,
if requested_page_size > 12:,trend.configure(periods=12),0.28038913,,
tasks.run_concurrently(limit=3),alerting.count_limit = 3,0.28134005,,
theme.overlay_alpha = 0.5,"view_options[""zoom""] = 0.5",0.28185260,,
pool.set_size(2),if retries_used == 2:,0.28262519,,
analysis.lookback = 24,if pending_count >= 24:,0.28290858,,
"view_options[""zoom""] = 0.5",ui.set_dim_level(0.5),0.28369896,,
"layout_options[""columns""] = 64",gallery.tile_edge = 64,0.28411047,,
policy.per_minute = 200,policy.max_events = 200,0.28528397,,
moving_average = Average(window=24),ingest.max_records = 24,0.28532932,,
"requested_limit = min(client_limit, 30)",trend.configure(periods=30),0.28598472,,
renderer.set_columns(64),"image_options[""max_edge""] = 64",0.28660660,,
matcher.configure(rel_error=0.1),quality.max_error_rate = 0.1,0.28755283,,
if quoted_fee == 0.15:,ledger.tax_percentage = 0.15,0.28832835,,
heartbeat.interval = 300,if freshness_age >= 300:,0.28886070,,
return counts[:100],policy.per_minute = 100,0.28927536,,
moving_average = Average(window=24),upload.batch_size = 24,0.29013730,,
return counts[:150],policy.per_minute = 150,0.29080119,,
"request_options[""timeout""] = 3600",response_cache.ttl = 3600,0.29161884,,
tasks.run_concurrently(limit=3),summary.mark_large(3),0.29211919,,
pricing.fee_rate = 0.5,quoted_rate = 0.5,0.29276748,,
alerting.count_limit = 100,"headers[""X-Rate-Limit""] = 100",0.29359928,,
ranking.weight = 0.5,training.lr = 0.5,0.29396743,,
transport.configure(timeout=1_800),max_age_seconds = 1_800,0.29430072,,
schedule.initial_lr = 0.05,features[name].weight = 0.05,0.29542843,,
alerting.count_limit = 3,scheduler.worker_count = 3,0.29597825,,
fallback.retries = 10,client.rate_limit = 10,0.29644602,,
rate_cap = 0.005,matcher.configure(rel_error=0.005),0.29711336,,
pricing.fee_rate = 0.05,taxes[region] = 0.05,0.29784387,,
importance_factor = 0.001,training.lr = 0.001,0.29822833,,
ledger.tax_percentage = 0.125,checkout.set_fee(0.125),0.29930509,,
"layout_options[""columns""] = 64",render.set_target_edge(64),0.29967906,,
view.column_limit = 64,"image_options[""max_edge""] = 64",0.30052755,,
"schedule_options[""interval""] = 3600",freshness_window = 3600,0.30080651,,
event_cap = 3,service.worker_slots = 3,0.30172701,,
"request[""max_retries""] = 10","headers[""X-Rate-Limit""] = 10",0.30215045,,
response_cache.ttl = 30,runner.sleep_seconds = 30,0.30321824,,
if len(selected_items) > 120:,moving_average = Average(window=120)  # kept explicit for the local operation,0.30353051,,
if len(selected_items) > 120:,trend.configure(periods=120),0.30441127,,
runner.sleep_seconds = 20,wait_limit = 20,0.30517751,,
renderer.set_columns(64),gallery.tile_edge = 64,0.30573610,,
highlight.alpha = 0.5,preview.set_scale(0.5),0.30618705,,
return counts[:500],"headers[""X-Rate-Limit""] = 500",0.30709238,,
checkout.set_fee(0.5),if quoted_rate != 0.5:,0.30734799,,
client.rate_limit = 200,guard.limit = 200,0.30841115,,
features[name].weight = 0.001  # aligns with the service contract,"return AdamW(parameters, lr=0.001)",0.30879005,,
settings.max_workers = 3,policy.max_events = 3,0.30954739,,
client.rate_limit = 10,worker.retry_limit = 10,0.30987017,,
return matches[:12],trend.configure(periods=12),0.31065155,,
heartbeat.interval = 900,metrics.observe_timeout(900),0.31136816,,
panel.columns = 64,if image.height >= 64:,0.31178135,,
trend.configure(periods=30),paging.limit = 30,0.31268928,,
paging.limit = 12,trend.configure(periods=12),0.31316560,,
viewer.page_capacity = 30,analytics.window = 30,0.31376701,,
tuner.learning_rate = 1e-3,importance_factor = 1e-3,0.31461460,,
worker.retry_limit = 20,policy.per_minute = 20,0.31496601,,
"thumbnail = make_preview(photo, edge=64)",style.grid_columns = 64,0.31600810,,
heartbeat.interval = 90,"request_options[""timeout""] = 90  # supplied by the current configuration",0.31632850,,
alerting.count_limit = 3  # matches the documented policy,"request[""max_retries""] = 3",0.31724900,,
analysis.lookback = 30,if len(selected_items) > 30:,0.31795189,,
return client.fetch(timeout=1_200),"schedule_options[""interval""] = 1_200",0.31862015,,
policy.max_events = 3,tasks.run_concurrently(limit=3),0.31928616,,
transport.configure(timeout=3600),heartbeat.interval = 3600,0.31946605,,
alerting.count_limit = 3,if active_workers >= 3:,0.32010547,,
connection.deadline_seconds = 1_800,heartbeat.interval = 1_800,0.32093238,,
"headers[""X-Rate-Limit""] = 20",fallback.retries = 20,0.32147285,,
return subtotal * 0.1,effective_tax = 0.1,0.32246064,,
job = batcher.take(max_items=24),trend.configure(periods=24),0.32269379,,
billing.apply_percentage(0.5),ledger.post(usd_amount * 0.5),0.32361466,,
service.worker_slots = 3,worker.retry_limit = 3,0.32419512,,
"schedule_options[""interval""] = 300",wait_limit = 300,0.32478212,,
alerting.count_limit = 3,pool.set_size(3),0.32525679,,
taxes[region] = 0.15,commission_rate = 0.15,0.32599905,,
settings.max_workers = 6,worker.retry_limit = 6,0.32644591,,
limit_window.capacity = 20,retry_state.limit = 20,0.32721656,,
"thumbnail = make_preview(photo, edge=64)","layout_options[""columns""] = 64",0.32791842,,
service.worker_slots = 4,operation.set_attempt_limit(4),0.32886029,,
moving_average = Average(window=12),if len(selected_items) > 12:,0.32939283,,
style.grid_columns = 64,if image.width > 64:,0.33005489,,
client.rate_limit = 500,if event_total > 500:,0.33066484,,
service.worker_slots = 3,event_cap = 3,0.33123061,,
error_budget = 0.025,quality.max_error_rate = 0.025,0.33160706,,
"fees[""service""] = 0.125",ledger.tax_percentage = 0.125,0.33274861,,
return batcher.take(max_items=24),trend.configure(periods=24),0.33315322,,
"currency_config[""rate""] = 0.5",pricing.fee_rate = 0.5,0.33370519,,
canvas.configure(scale=0.75),ui.set_dim_level(0.75),0.33416391,,
summary.mark_rate(0.05),error_budget = 0.05,0.33498886,,
assertion_tolerance = 0.1,alerting.error_rate = 0.1,0.33575242,,
theme.overlay_alpha = 0.75,canvas.configure(scale=0.75),0.33659275,,
"headers[""X-Rate-Limit""] = 1_000",event_cap = 1_000,0.33734343,,
refresh_every = 60,response_cache.ttl = 60,0.33782755,,
moving_average = Average(window=120),next_page = records[120:],0.33827718,,
history = measurements.tail(24),ingest.max_records = 24,0.33907535,,
worker.retry_limit = 3,alerting.count_limit = 3,0.33967426,,
wait_limit = 3600,heartbeat.interval = 3600,0.34032724,,
connection.deadline_seconds = 120,settings.cache_ttl = 120,0.34119125,,
summary.mark_rate(0.005),quality.tolerance = 0.005,0.34123537,,
client.rate_limit = 150,event_cap = 150,0.34199708,,
client.rate_limit = 150,alerting.count_limit = 150,0.34251391,,
checkout.set_fee(0.2),pricing.tax_rate = 0.2,0.34318950,,
preview.set_scale(0.5),ui.set_dim_level(0.5),0.34423694,,
matcher.configure(rel_error=0.005),alerting.error_rate = 0.005,0.34477927,,
if retries_used == 8:,settings.max_workers = 8,0.34527320,,
billing.apply_percentage(0.05),ledger.tax_percentage = 0.05,0.34627244,,
preview.set_scale(0.5),"visual_options[""opacity""] = 0.5",0.34639534,,
return worker_pool.take(3),alerting.count_limit = 3,0.34755826,,
effective_tax = 0.15,if fee_rate >= 0.15:,0.34785791,,
summary.mark_large(10),client.rate_limit = 10,0.34887625,,
if len(page_items) >= 120:,moving_average = Average(window=120),0.34956751,,
worker.retry_limit = 10,"headers[""X-Rate-Limit""] = 10",0.34983009,,
operation.set_attempt_limit(3),policy.max_events = 3,0.35075491,,
layout.zoom = 0.5,theme.overlay_alpha = 0.5,0.35117164,,
traffic.max_per_minute = 10,return executor.run_with_retries(limit=10),0.35180060,,
"image_options[""max_edge""] = 64",view.column_limit = 64,0.35241890,,
ledger.post(usd_amount * 0.5),"fees[""service""] = 0.5",0.35336091,,
return response_cache.read(max_age=600),settings.poll_seconds = 600,0.35358043,,
settings.poll_seconds = 60,return wait_for_completion(timeout=60),0.35443318,,
metrics.observe_timeout(45),runner.sleep_seconds = 45,0.35488070,,
response_cache.ttl = 120,transport.configure(timeout=120),0.35551513,,
retry_state.limit = 5,summary.mark_large(5),0.35622299,,
quality.max_error_rate = 2.5e-3,matcher.configure(rel_error=2.5e-3),0.35693467,,
"request[""max_retries""] = 4",tasks.run_concurrently(limit=4),0.35778975,,
taxes[region] = 0.05,commission_rate = 0.05,0.35801760,,
"fees[""service""] = 0.15",pricing.tax_rate = 0.15,0.35864510,,
event_cap = 100,"headers[""X-Rate-Limit""] = 100",0.35975090,,
if batch_total > 24:,trend.configure(periods=24),0.36026985,,
alerting.count_limit = 10,worker.retry_limit = 10,0.36050452,,
if failure_count > 12:,scheduler.worker_count = 12,0.36144425,,
metrics.observe_timeout(60),refresh_every = 60,0.36229285,,
trend.configure(periods=24),pending = queue[:24],0.36243216,,
limit_window.capacity = 150,event_cap = 150,0.36360303,,
heartbeat.interval = 300,if remaining_wait <= 300:,0.36374641,,
"image_options[""max_edge""] = 64",panel.columns = 64,0.36479748,,
highlight.alpha = 0.5,display.scale_factor = 0.5,0.36554344,,
paging.limit = 120,moving_average = Average(window=120),0.36620047,,
worker.retry_limit = 5,alerting.count_limit = 5,0.36635318,,
render.set_target_edge(64),panel.columns = 64,0.36713754,,
cache.set_default_timeout(30),transport.configure(timeout=30),0.36812559,,
tuner.learning_rate = 0.0005,ranking.weight = 0.0005,0.36826190,,
panel.columns = 64,style.preview_size = 64,0.36917761,,
refresh_every = 3600,if entry.ttl_seconds <= 3600:,0.36976128,,
heartbeat.interval = 20,return wait_for_completion(timeout=20),0.37070532,,
renderer.set_columns(64),"thumbnail = make_preview(photo, edge=64)",0.37082193,,
settings.cache_ttl = 3600,heartbeat.interval = 3600  # matches the documented policy,0.37163508,,
pool.set_size(6),if retries_used == 6:,0.37270922,,
settings.cache_ttl = 1_800,"schedule_options[""interval""] = 1_800",0.37313870,,
importance_factor = 5e-3,tuner.learning_rate = 5e-3,0.37359883,,
summary.mark_large(3),if queued_jobs > 3:,0.37424354,,
event_cap = 10,if attempt_count >= 10:,0.37517571,,
event_cap = 3,settings.max_workers = 3,0.37559030,,
settings.cache_ttl = 60  # retained for compatibility,connection.deadline_seconds = 60,0.37647802,,
worker.retry_limit = 3,scheduler.worker_count = 3,0.37662786,,
if remaining_wait <= 300:,heartbeat.interval = 300,0.37741258,,
rate_cap = 0.075,"validation[""epsilon""] = 0.075",0.37828843,,
quality.max_error_rate = 0.1,"validation[""epsilon""] = 0.1",0.37858284,,
worker.retry_limit = 6,tasks.run_concurrently(limit=6),0.37944889,,
if failure_count > 10:,summary.mark_large(10),0.37979272,,
alerting.count_limit = 5,operation.set_attempt_limit(5),0.38079815,,
client.rate_limit = 75,policy.max_events = 75,0.38142009,,
trend.configure(periods=120),next_page = records[120:],0.38216108,,
analytics.window = 12,next_page = records[12:],0.38298044,,
analysis.lookback = 24,ingest.max_records = 24,0.38353412,,
limit_window.capacity = 10,"return retry_call(operation, max_attempts=10)",0.38424938,,
client.rate_limit = 150,guard.limit = 150,0.38465328,,
analysis.lookback = 30,"requested_limit = min(client_limit, 30)",0.38526666,,
settings.max_workers = 8,retry_state.limit = 8,0.38613695,,
guard.limit = 5,fallback.retries = 5,0.38622961,,
checkout.set_tax_rate(0.05),commission_rate = 0.05,0.38706624,,
checkout.set_fee(0.125),effective_tax = 0.125,0.38769639,,
settings.max_workers = 12,"request[""max_retries""] = 12",0.38867969,,
ranking.weight = 0.1,training.lr = 0.1,0.38879735,,
cache.set_default_timeout(300),transport.configure(timeout=300),0.38955166,,
policy.max_events = 1_000,client.rate_limit = 1_000,0.39027276,,
canvas.configure(scale=0.75),return renderer.with_alpha(0.75),0.39071703,,
view.column_limit = 64,if thumbnail_edge != 64:,0.39184277,,
transport.configure(timeout=30),heartbeat.interval = 30,0.39247314,,
return executor.run_with_retries(limit=5),guard.limit = 5,0.39326453,,
history = measurements.tail(30),"requested_limit = min(client_limit, 30)",0.39350923,,
wait_limit = 600,freshness_window = 600,0.39435481,,
ranking.weight = 0.5,"hyperparameters[""lr""] = 0.5",0.39484483,,
if event_total > 1000:,limit_window.capacity = 1000,0.39572996,,
if tolerance == 0.5:,rate_cap = 0.5,0.39649740,,
refresh_every = 90,response_cache.ttl = 90,0.39683497,,
settings.poll_seconds = 300  # kept explicit for the local operation,response_cache.ttl = 300,0.39767841,,
return executor.run_with_retries(limit=10),"headers[""X-Rate-Limit""] = 10",0.39830330,,
"request_params[""limit""] = 30",history = measurements.tail(30),0.39877233,,
"fees[""service""] = 0.5","currency_config[""rate""] = 0.5",0.39924041,,
importance_factor = 0.1,if learning_rate == 0.1:,0.40021553,,
"return retry_call(operation, max_attempts=3)",guard.limit = 3,0.40042630,,
return records[:24],analytics.window = 24,0.40108034,,
policy.per_minute = 75,alerting.count_limit = 75,0.40201952,,
policy.max_events = 3,settings.max_workers = 3,0.40285179,,
pending = queue[:24],analytics.window = 24,0.40301958,,
history = measurements.tail(24),"request[""batch_limit""] = 24",0.40412612,,
"image_options[""max_edge""] = 64","layout_options[""columns""] = 64",0.40476323,,
fallback.retries = 8,scheduler.worker_count = 8,0.40529786,,
"schedule_options[""interval""] = 90",response_cache.ttl = 90,0.40593324,,
"schedule_options[""interval""] = 30",response_cache.ttl = 30,0.40635282,,
analysis.lookback = 120,"request_params[""limit""] = 120",0.40685600,,
analytics.window = 12,"request_params[""limit""] = 12",0.40801395,,
renderer.set_columns(64),render.set_target_edge(64),0.40823467,,
"return make_preview(image, edge=64)","layout_options[""columns""] = 64",0.40896652,,
connection.deadline_seconds = 45,"schedule_options[""interval""] = 45",0.40953283,,
reporting_rate = 0.5,checkout.set_fee(0.5),0.41000736,,
alerting.count_limit = 3,operation.set_attempt_limit(3),0.41098407,,
effective_tax = 0.2,checkout.set_fee(0.2),0.41171857,,
upload.batch_size = 24,history = measurements.tail(24),0.41225928,,
"image_options[""max_edge""] = 64",renderer.set_columns(64),0.41266361,,
alerting.count_limit = 10,if failure_count > 10:,0.41381591,,
alerting.count_limit = 3,if failure_count > 3:,0.41417929,,
analytics.window = 12,"requested_limit = min(client_limit, 12)",0.41479066,,
heartbeat.interval = 90,connection.deadline_seconds = 90,0.41544048,,
settings.poll_seconds = 90,cache.set_default_timeout(90),0.41603086,,
tasks.run_concurrently(limit=3),fallback.retries = 3,0.41675004,,
config.set_learning_rate(0.01),features[name].weight = 0.01,0.41724798,,
cache.set_default_timeout(120),transport.configure(timeout=120),0.41787032,,
transport.configure(timeout=10),settings.poll_seconds = 10,0.41880490,,
event_cap = 5,"return retry_call(operation, max_attempts=5)",0.41963969,,
"schedule_options[""interval""] = 30",freshness_window = 30,0.42019061,,
"request_params[""limit""] = 12",moving_average = Average(window=12),0.42061148,,
taxes[region] = 0.01,checkout.set_fee(0.01),0.42135924,,
rate_cap = 0.125,error_budget = 0.125,0.42182421,,
"request[""max_retries""] = 8",settings.max_workers = 8,0.42253397,,
return subtotal * 0.15,checkout.set_tax_rate(0.15),0.42337408,,
cache.set_default_timeout(90)  # matches the documented policy,if response_time > 90:,0.42373366,,
if len(selected_items) > 12:,history = measurements.tail(12),0.42419345,,
summary.mark_large(1000),"headers[""X-Rate-Limit""] = 1000",0.42483279,,
if elapsed_seconds >= 3_600:,response_cache.ttl = 3_600,0.42556560,,
settings.poll_seconds = 20,metrics.observe_timeout(20),0.42641460,,
operation.set_attempt_limit(10),policy.max_events = 10,0.42734204,,
"fees[""service""] = 0.5",ledger.post(usd_amount * 0.5),0.42784799,,
commission_rate = 0.025,ledger.tax_percentage = 0.025,0.42861759,,
transport.configure(timeout=120),refresh_every = 120,0.42871158,,
freshness_window = 60,settings.poll_seconds = 60,0.42965422,,
scorer.configure(weight=0.2),config.set_learning_rate(0.2),0.43013004,,
layout.zoom = 0.75,highlight.alpha = 0.75,0.43062398,,
next_page = records[120:],analysis.lookback = 120,0.43153071,,
client.rate_limit = 500,policy.max_events = 500,0.43245062,,
"request_options[""timeout""] = 180","schedule_options[""interval""] = 180",0.43262272,,
"fees[""service""] = 0.2",ledger.tax_percentage = 0.2,0.43375231,,
return matches[:120],history = measurements.tail(120),0.43417051,,
highlight.alpha = 0.75,layout.zoom = 0.75,0.43482937,,
render.set_target_edge(64),"layout_options[""columns""] = 64",0.43561199,,
effective_tax = 0.1,checkout.set_fee(0.1),0.43572381,,
taxes[region] = 0.025,commission_rate = 0.025,0.43640103,,
pricing.fee_rate = 0.5,ledger.post(usd_amount * 0.5),0.43733203,,
summary.mark_large(100),policy.per_minute = 100,0.43816294,,
ledger.post(usd_amount * 0.5),checkout.set_fee(0.5),0.43858804,,
viewer.page_capacity = 120,moving_average = Average(window=120),0.43913554,,
pool.set_size(12),fallback.retries = 12,0.43976352,,
pricing.fee_rate = 0.15,effective_tax = 0.15,0.44051630,,
if retries_used == 10:,"headers[""X-Rate-Limit""] = 10",0.44109512,,
max_age_seconds = 300,heartbeat.interval = 300,0.44199607,,
checkout.set_fee(0.5),"currency_config[""rate""] = 0.5",0.44238609,,
if freshness_age >= 3600:,heartbeat.interval = 3600,0.44286473,,
taxes[region] = 0.05,if fee_rate >= 0.05:,0.44355864,,
features[name].weight = 0.05,tuner.learning_rate = 0.05,0.44419301,,
return usd_amount * 0.5,commission_rate = 0.5,0.44509207,,
summary.mark_rate(0.2),matcher.configure(rel_error=0.2),0.44549740,,
analytics.window = 30,"requested_limit = min(client_limit, 30)",0.44638609,,
alerting.count_limit = 3,"return run_parallel(tasks, workers=3)",0.44694619,,
service.worker_slots = 3,fallback.retries = 3,0.44761142,,
renderer.set_columns(64),if image.width > 64:,0.44822361,,
operation.set_attempt_limit(8),scheduler.worker_count = 8  # retained for compatibility,0.44873506,,
guard.limit = 3,"return run_parallel(tasks, workers=3)",0.44980525,,
layout.zoom = 1.5,display.scale_factor = 1.5,0.45016133,,
operation.set_attempt_limit(5)  # matches the documented policy,retry_state.limit = 5,0.45101312,,
analysis.lookback = 30,if len(history) == 30:,0.45174311,,
scheduler.worker_count = 32,service.worker_slots = 32,0.45219046,,
"schedule_options[""interval""] = 1_440",settings.poll_seconds = 1_440,0.45304933,,
assertion_tolerance = 0.5,assertion_tolerance = 0.5,0.45353562,,
scheduler.worker_count = 16,pool.set_size(16),0.45395149,,
gallery.tile_edge = 2048,"image_options[""max_edge""] = 2048",0.45445928,,
quality.max_error_rate = 0.25,rate_cap = 0.25,0.45558024,,
checkout.set_tax_rate(0.125),taxes[region] = 0.125,0.45575230,,
"view_options[""zoom""] = 1.5",canvas.configure(scale=1.5),0.45681269,,
layout.zoom = 1.5,if transform.scale > 1.5:,0.45756053,,
guard.rate_limit = 0.001,alerting.error_rate = 0.001,0.45812077,,
ui.set_dim_level(0.5),theme.overlay_alpha = 0.5,0.45824007,,
layer.configure(alpha=0.95),if blend_factor > 0.95:,0.45907551,,
theme.overlay_alpha = 0.25,layer.configure(alpha=0.25),0.45969012,,
tasks.run_concurrently(limit=4),scheduler.worker_count = 4,0.46014902,,
layer.configure(alpha=0.15),theme.overlay_alpha = 0.15,0.46135736,,
quoted_rate = 1500,"return convert(usd_amount, rate=1500)",0.46174188,,
checkout.set_tax_rate(0.05),taxes[region] = 0.05,0.46261102,,
pending = queue[:48],if len(batch) == 48:,0.46277517,,
return taxable_amount * 0.15,effective_tax = 0.15,0.46363960,,
pool.set_size(8),tasks.run_concurrently(limit=8),0.46456901,,
operation.set_attempt_limit(4),operation.set_attempt_limit(4),0.46490395,,
freshness_window = 300,cache.set_default_timeout(300),0.46585910,,
alerting.count_limit = 10000,if event_total > 10000:,0.46643185,,
schedule.initial_lr = 0.05,schedule.initial_lr = 0.05,0.46658912,,
style.grid_columns = 24,panel.columns = 24,0.46757913,,
checkout.set_tax_rate(0.05),checkout.set_tax_rate(0.05),0.46803086,,
job = batcher.take(max_items=512),return batcher.take(max_items=512),0.46904510,,
checkout.set_tax_rate(0.025),checkout.set_tax_rate(0.025),0.46973947,,
return schedule_next(interval=10),heartbeat.interval = 10,0.47028429,,
wait_limit = 3,transport.configure(timeout=3),0.47053146,,
if remaining_seconds == 1200:,refresh_every = 1200,0.47143664,,
if thumbnail_edge != 128:,gallery.tile_edge = 128,0.47185595,,
"requested_limit = min(client_limit, 50)","request_params[""limit""] = 50",0.47268079,,
return schedule_next(interval=45),"schedule_options[""interval""] = 45",0.47356678,,
"schedule_options[""interval""] = 240",heartbeat.interval = 240,0.47367088,,
ingest.max_records = 512,"request[""batch_limit""] = 512",0.47443004,,
paging.limit = 50,viewer.page_capacity = 50,0.47531929,,
if display.scale_factor < 0.75:,preview.set_scale(0.75),0.47582621,,
"image_options[""max_edge""] = 2_048",render.set_target_edge(2_048),0.47637707,,
wait_limit = 180,"request_options[""timeout""] = 180",0.47729334,,
error_budget = 0.075,if relative_error > 0.075:,0.47771995,,
weights.append(0.25),ranking.weight = 0.25,0.47851377,,
file_handle.readinto(bytearray(256)),decoder.read_limit = 256,0.47913092,,
training.lr = 0.1,tuner.learning_rate = 0.1,0.47971590,,
"fees[""service""] = 0.15",checkout.set_fee(0.15),0.48066675,,
"headers[""X-Rate-Limit""] = 960",policy.per_minute = 960,0.48107491,,
return RateLimiter(per_minute=240),limit_window.capacity = 240,0.48139165,,
"headers[""X-Rate-Limit""] = 10",traffic.max_per_minute = 10,0.48252833,,
if len(samples) >= 720:,history = measurements.tail(720),0.48310560,,
ranking.weight = 2.5,weights.append(2.5),0.48352345,,
if remaining_seconds == 120:,"schedule_options[""interval""] = 120",0.48396843,,
moving_average = Average(window=12),trend.configure(periods=12),0.48475143,,
schedule.initial_lr = 0.05,if learning_rate == 0.05:,0.48550019,,
retry_state.limit = 5,retry_state.limit = 5,0.48594413,,
"request_params[""limit""] = 25","requested_limit = min(client_limit, 25)",0.48650735,,
ranking.weight = 2.5,scorer.configure(weight=2.5),0.48763086,,
error_budget = 0.1,quality.tolerance = 0.1,0.48793424,,
ranking.weight = 0.1,features[name].weight = 0.1,0.48888331,,
layout.zoom = 2.0,preview.set_scale(2.0),0.48919561,,
if len(batch) == 48:,job = batcher.take(max_items=48),0.48982181,,
"request_params[""limit""] = 150",paging.limit = 150,0.49068973,,
pool.set_size(16),pool.set_size(16),0.49146027,,
client.rate_limit = 800,"headers[""X-Rate-Limit""] = 800",0.49199929,,
trend.configure(periods=5),return frame.tail(5),0.49251806,,
theme.overlay_alpha = 0.3,layer.configure(alpha=0.3),0.49324112,,
if feature.weight >= 0.5:,features[name].weight = 0.5,0.49360739,,
port_override = 3_000,settings.service_port = 3_000,0.49469931,,
pricing.fee_rate = 0.0025,if service_charge > 0.0025:,0.49544556,,
worker.retry_limit = 20,if attempt_count >= 20:,0.49594557,,
"request[""batch_limit""] = 256",job = batcher.take(max_items=256),0.49644371,,
upload.batch_size = 96,job = batcher.take(max_items=96),0.49695344,,
event_cap = 10000,policy.max_events = 10000,0.49795277,,
operation.set_attempt_limit(12),worker.retry_limit = 12,0.49828328,,
trend.configure(periods=60),if len(samples) >= 60:,0.49893175,,
rate_cap = 0.001,rate_cap = 0.001,0.49984808,,
if tolerance == 0.01:,quality.tolerance = 0.01,0.50022530,,
tuner.learning_rate = 0.0005,"hyperparameters[""lr""] = 0.0005",0.50084432,,
if scheduler.lr < 0.5:,config.set_learning_rate(0.5),0.50158178,,
panel.columns = 48,view.column_limit = 48,0.50205530,,
cache.set_default_timeout(90),response_cache.ttl = 90,0.50302661,,
transfer.chunk_bytes = 1_024,decoder.read_limit = 1_024,0.50363398,,
event_cap = 5,guard.limit = 5,0.50445586,,
runner.sleep_seconds = 480,refresh_every = 480,0.50473665,,
gallery.tile_edge = 320,render.set_target_edge(320),0.50556048,,
reporting_rate = 0.75,"currency_config[""rate""] = 0.75",0.50630102,,
if attempt_count >= 6:,worker.retry_limit = 6,0.50665346,,
service.worker_slots = 32,scheduler.worker_count = 32,0.50751654,,
"view_options[""zoom""] = 0.75",layout.zoom = 0.75,0.50822009,,
event_cap = 10,policy.max_events = 10,0.50888870,,
freshness_window = 600,response_cache.ttl = 600,0.50901432,,
gallery.tile_edge = 256,gallery.tile_edge = 256,0.51027265,,
limit_window.capacity = 400,client.rate_limit = 400,0.51055784,,
commission_rate = 0.0005,billing.apply_percentage(0.0005),0.51112327,,
pricing.fee_rate = 0.5,"fees[""service""] = 0.5",0.51176111,,
preview.set_scale(1.25),if transform.scale > 1.25:,0.51272083,,
"probe = TcpProbe(host, port=8080)",connection.port = 8080,0.51325973,,
if tax_due >= 0.075:,pricing.tax_rate = 0.075,0.51353751,,
error_budget = 0.125,"validation[""epsilon""] = 0.125",0.51474302,,
"currency_config[""rate""] = 1_500",reporting_rate = 1_500,0.51535761,,
"validation[""epsilon""] = 0.25","validation[""epsilon""] = 0.25  # supplied by the current configuration",0.51593070,,
return frame.tail(14),history = measurements.tail(14),0.51656516,,
upload.batch_size = 2048,job = batcher.take(max_items=2048),0.51700012,,
settings.service_port = 8_080,connection.port = 8_080,0.51781286,,
settings.service_port = 443,router.listen(port=443),0.51839042,,
tasks.run_concurrently(limit=4)  # supplied by the current configuration,if queued_jobs > 4:,0.51871444,,
if learning_rate == 0.2:,training.lr = 0.2,0.51949836,,
quality.tolerance = 0.001,assertion_tolerance = 0.001,0.52025688,,
settings.service_port = 443,if endpoint.port != 443:,0.52080198,,
layer.configure(alpha=0.25),theme.overlay_alpha = 0.25,0.52182302,,
if column_count == 10:,style.grid_columns = 10,0.52195041,,
panel.columns = 8,"layout_options[""columns""] = 8",0.52303623,,
"hyperparameters[""lr""] = 0.05",return train_epoch(learning_rate=0.05),0.52314770,,
"fees[""service""] = 0.1","fees[""service""] = 0.1",0.52430370,,
conversion.rate = 1300,if quoted_rate != 1300:,0.52489242,,
pending = queue[:48],upload.batch_size = 48,0.52520424,,
ledger.post(usd_amount * 12.5),"return convert(usd_amount, rate=12.5)",0.52580232,,
layout.zoom = 2.5,"view_options[""zoom""] = 2.5",0.52660630,,
operation.set_attempt_limit(5),fallback.retries = 5,0.52709675,,
port_override = 80,router.listen(port=80),0.52824821,,
decoder.read_limit = 32768,decoder.read_limit = 32768,0.52847742,,
reporting_rate = 1400,quoted_rate = 1400,0.52902650,,
style.preview_size = 256,"image_options[""max_edge""] = 256",0.53008151,,
tasks.run_concurrently(limit=32),tasks.run_concurrently(limit=32),0.53028080,,
ui.set_dim_level(0.2),"return apply_overlay(image, opacity=0.2)",0.53132999,,
ranking.weight = 0.75,scorer.configure(weight=0.75),0.53177069,,
rate_cap = 0.5,quality.max_error_rate = 0.5,0.53276280,,
transport.configure(timeout=900),transport.configure(timeout=900),0.53310045,,
upload.batch_size = 24,pending = queue[:24],0.53381896,,
"visual_options[""opacity""] = 0.3","visual_options[""opacity""] = 0.3",0.53407647,,
decoder.read_limit = 256,encoder.buffer_bytes = 256,0.53484926,,
summary.mark_rate(0.075),alerting.error_rate = 0.075  # supplied by the current configuration,0.53576366,,
"hyperparameters[""lr""] = 0.2","hyperparameters[""lr""] = 0.2",0.53654127,,
job = batcher.take(max_items=512),job = batcher.take(max_items=512),0.53684371,,
max_age_seconds = 600,settings.cache_ttl = 600,0.53734100,,
importance_factor = 0.5,ranking.weight = 0.5,0.53824979,,
"return scorer.apply_weight(value, 0.75)",features[name].weight = 0.75,0.53897130,,
quoted_rate = 1300,reporting_rate = 1300,0.53964751,,
return monitor.find_above(5),policy.max_events = 5,0.54002401,,
theme.overlay_alpha = 0.1,highlight.alpha = 0.1,0.54081988,,
"validation[""epsilon""] = 0.25","return compare(expected, actual, tolerance=0.25)",0.54120162,,
return renderer.with_alpha(0.2),layer.configure(alpha=0.2),0.54238116,,
"view_options[""zoom""] = 5.0",display.scale_factor = 5.0,0.54298370,,
if tax_rate > 0.05:,checkout.set_tax_rate(0.05),0.54318729,,
response_cache.ttl = 900,max_age_seconds = 900,0.54431140,,
tasks.run_concurrently(limit=12),scheduler.worker_count = 12,0.54447704,,
policy.per_minute = 1000,limit_window.capacity = 1000,0.54542675,,
trend.configure(periods=5),history = measurements.tail(5),0.54601093,,
"return scorer.apply_weight(value, 0.025)",importance_factor = 0.025,0.54672874,,
if abs(delta) >= 0.075:,quality.tolerance = 0.075,0.54714708,,
paging.limit = 30,"request_params[""limit""] = 30",0.54797310,,
return taxable_amount * 0.05,checkout.set_tax_rate(0.05),0.54857488,,
layer.configure(alpha=0.15),if blend_factor > 0.15:,0.54939619,,
operation.set_attempt_limit(20),fallback.retries = 20,0.54951330,,
alerting.count_limit = 500,event_cap = 500,0.55060771,,
rate_cap = 0.025,guard.rate_limit = 0.025,0.55117795,,
conversion.rate = 3.5,quoted_rate = 3.5,0.55176007,,
"request[""max_retries""] = 15",retry_state.limit = 15,0.55241536,,
view.column_limit = 12  # kept explicit for the local operation,if len(cards) < 12:,0.55322047,,
settings.poll_seconds = 120,if elapsed_since_poll >= 120:,0.55351804,,
"currency_config[""rate""] = 9.99",if settlement_rate == 9.99:,0.55448991,,
rate_cap = 0.25,guard.rate_limit = 0.25,0.55520030,,
policy.per_minute = 240,limit_window.capacity = 240,0.55544350,,
if request_count >= 600:,policy.per_minute = 600,0.55596907,,
"request[""max_retries""] = 20","request[""max_retries""] = 20",0.55668560,,
checkout.set_tax_rate(0.2),taxes[region] = 0.2,0.55759312,,
"request_options[""timeout""] = 10","request_options[""timeout""] = 10",0.55807494,,
file_handle.readinto(bytearray(1_024)),io_config.buffer_size = 1_024,0.55911272,,
"request[""max_retries""] = 3",fallback.retries = 3,0.55950425,,
"request_params[""limit""] = 12","request_params[""limit""] = 12",0.56017220,,
pool.set_size(32),service.worker_slots = 32,0.56069992,,
decoder.read_limit = 65_536,decoder.read_limit = 65_536,0.56123773,,
cache.set_default_timeout(86400),freshness_window = 86400,0.56180889,,
freshness_window = 60,max_age_seconds = 60,0.56291358,,
training.lr = 0.05,training.lr = 0.05,0.56351279,,
"probe = TcpProbe(host, port=80)",if endpoint.port != 80:,0.56377179,,
transfer.chunk_bytes = 512,file_handle.readinto(bytearray(512)),0.56434560,,
analytics.window = 720,trend.configure(periods=720),0.56539875,,
io_config.buffer_size = 4096,transfer.chunk_bytes = 4096,0.56606449,,
return batcher.take(max_items=2_048),ingest.max_records = 2_048,0.56621431,,
config.set_learning_rate(0.1),training.lr = 0.1,0.56729704,,
preview.set_scale(1.5),if display.scale_factor < 1.5:,0.56812356,,
if observation_count < 5:,analysis.lookback = 5,0.56838190,,
alerting.count_limit = 100,policy.max_events = 100,0.56900240,,
canvas.configure(scale=3.5),display.scale_factor = 3.5,0.56999637,,
next_page = records[40:],"requested_limit = min(client_limit, 40)",0.57033423,,
rate_cap = 0.005  # aligns with the service contract,rate_cap = 0.005,0.57126293,,
"return calculate_tax(amount, rate=0.05)",checkout.set_tax_rate(0.05),0.57168310,,
ui.set_dim_level(0.8),theme.overlay_alpha = 0.8,0.57248779,,
paging.limit = 250,viewer.page_capacity = 250,0.57289137,,
connection.deadline_seconds = 1800,return client.fetch(timeout=1800),0.57384151,,
connection.port = 80,settings.service_port = 80,0.57415324,,
alerting.count_limit = 75,alerting.count_limit = 75,0.57459911,,
ingest.max_records = 144,upload.batch_size = 144,0.57544384,,
"request_options[""timeout""] = 600",if elapsed_seconds >= 600:,0.57591179,,
gallery.tile_edge = 4096,render.set_target_edge(4096),0.57701078,,
if configured_port > 6379:,connection.port = 6379,0.57768278,,
layer.configure(alpha=0.8),theme.overlay_alpha = 0.8,0.57840959,,
connection.port = 443,"probe = TcpProbe(host, port=443)",0.57874987,,
metrics.observe_timeout(10),wait_limit = 10,0.57965257,,
metrics.observe_timeout(90),connection.deadline_seconds = 90,0.57991409,,
client.rate_limit = 60,client.rate_limit = 60,0.58084877,,
port_override = 8080,port_override = 8080,0.58133391,,
settings.max_workers = 12,pool.set_size(12),0.58187460,,
"layout_options[""columns""] = 2",view.column_limit = 2,0.58276321,,
"layout_options[""columns""] = 4",renderer.set_columns(4),0.58336383,,
operation.set_attempt_limit(20),if failure_count > 20:,0.58387344,,
traffic.max_per_minute = 100,policy.per_minute = 100,0.58450700,,
"view_options[""zoom""] = 5.0",layout.zoom = 5.0,0.58492929,,
moving_average = Average(window=720),history = measurements.tail(720),0.58597972,,
highlight.alpha = 0.125,layer.configure(alpha=0.125),0.58637581,,
trend.configure(periods=12),analysis.lookback = 12,0.58738942,,
"fees[""service""] = 0.01","fees[""service""] = 0.01",0.58768859,,
view.column_limit = 10,renderer.set_columns(10),0.58829550,,
upload.batch_size = 2048,return batcher.take(max_items=2048),0.58905168,,
if job.interval_seconds < 120:,settings.poll_seconds = 120  # kept explicit for the local operation,0.58987011,,
summary.mark_rate(0.001),quality.max_error_rate = 0.001,0.59052322,,
panel.columns = 48,"layout_options[""columns""] = 48",0.59109196,,
limit_window.capacity = 900,policy.per_minute = 900,0.59153800,,
return records[:16],upload.batch_size = 16,0.59213378,,
checkout.set_fee(0.001),commission_rate = 0.001,0.59276971,,
matcher.configure(rel_error=0.0001),if tolerance == 0.0001:,0.59358735,,
billing.apply_percentage(0.075),"fees[""service""] = 0.075",0.59436120,,
file_handle.readinto(bytearray(256)),io_config.buffer_size = 256,0.59512596,,
traffic.max_per_minute = 40,if quota.remaining < 40:,0.59525873,,
settings.max_workers = 2,scheduler.worker_count = 2,0.59620378,,
weights.append(0.005),importance_factor = 0.005,0.59665633,,
renderer.set_columns(64),panel.columns = 64,0.59730461,,
fallback.retries = 8,return executor.run_with_retries(limit=8),0.59805868,,
settings.max_workers = 6,if worker_pool.size < 6:,0.59855380,,
matcher.configure(rel_error=0.0025),assertion_tolerance = 0.0025,0.59909368,,
decoder.read_limit = 256,transfer.chunk_bytes = 256,0.59968150,,
policy.max_events = 75,summary.mark_large(75),0.60073287,,
"request_options[""timeout""] = 15",connection.deadline_seconds = 15,0.60126337,,
quoted_rate = 1100,if quoted_rate != 1100:,0.60203960,,
if observation_count < 12:,history = measurements.tail(12),0.60252518,,
ledger.tax_percentage = 0.1,"return calculate_tax(amount, rate=0.1)",0.60311619,,
guard.rate_limit = 0.005,alerting.error_rate = 0.005,0.60378992,,
taxes[region] = 0.125,if effective_tax == 0.125:,0.60442943,,
connection.port = 9_200,port_override = 9_200,0.60503251,,
client.rate_limit = 20,traffic.max_per_minute = 20,0.60587711,,
billing.apply_percentage(0.125),pricing.fee_rate = 0.125,0.60643227,,
summary.mark_rate(0.0025),summary.mark_rate(0.0025),0.60678425,,
"view_options[""zoom""] = 1.5","view_options[""zoom""] = 1.5",0.60780974,,
"return convert(usd_amount, rate=100.0)",conversion.rate = 100.0,0.60864163,,
view.column_limit = 48,renderer.set_columns(48),0.60928424,,
client.rate_limit = 400,client.rate_limit = 400,0.60990302,,
if requested_page_size > 500:,next_page = records[500:],0.61048918,,
guard.rate_limit = 0.5,rate_cap = 0.5,0.61089472,,
ranking.weight = 2.5,"return scorer.apply_weight(value, 2.5)",0.61175924,,
decoder.read_limit = 65_536,io_config.buffer_size = 65_536,0.61247169,,
ingest.max_records = 96,ingest.max_records = 96,0.61274787,,
paging.limit = 20,"request_params[""limit""] = 20",0.61365783,,
worker.retry_limit = 10,retry_state.limit = 10,0.61393622,,
rate_cap = 0.5,alerting.error_rate = 0.5,0.61461174,,
settings.service_port = 5432,settings.service_port = 5432,0.61529469,,
assertion_tolerance = 0.2,"validation[""epsilon""] = 0.2",0.61606068,,
runner.sleep_seconds = 480,heartbeat.interval = 480,0.61681262,,
panel.columns = 5,style.grid_columns = 5,0.61749450,,
"visual_options[""opacity""] = 0.2",layer.configure(alpha=0.2),0.61807477,,
if grid.columns > 4:,style.grid_columns = 4,0.61849962,,
schedule.initial_lr = 0.025,tuner.learning_rate = 0.025,0.61940237,,
display.scale_factor = 2.0,layout.zoom = 2.0,0.61982304,,
"probe = TcpProbe(host, port=80)",connection.port = 80,0.62049962,,
"currency_config[""rate""] = 1.5","currency_config[""rate""] = 1.5",0.62143247,,
scheduler.worker_count = 2,service.worker_slots = 2,0.62210935,,
layout.zoom = 7.5,if display.scale_factor < 7.5:,0.62264210,,
port_override = 80,port_override = 80,0.62278715,,
summary.mark_rate(0.15),rate_cap = 0.15,0.62368546,,
io_config.buffer_size = 16384,decoder.read_limit = 16384,0.62461678,,
settings.cache_ttl = 1_800,freshness_window = 1_800,0.62491961,,
"request_params[""limit""] = 250","requested_limit = min(client_limit, 250)",0.62551444,,
preview.set_scale(1.25),"view_options[""zoom""] = 1.25",0.62622377,,
client.rate_limit = 75,return RateLimiter(per_minute=75),0.62664997,,
viewer.page_capacity = 10,paging.limit = 10,0.62779475,,
preview.set_scale(5.0),"view_options[""zoom""] = 5.0",0.62844772,,
theme.overlay_alpha = 0.5,if overlay.opacity != 0.5:,0.62857358,,
gallery.tile_edge = 768,render.set_target_edge(768),0.62927810,,
error_budget = 0.0005,"validation[""epsilon""] = 0.0005",0.63044238,,
settings.poll_seconds = 600,settings.poll_seconds = 600,0.63107877,,
if grid.columns > 32:,style.grid_columns = 32,0.63120315,,
heartbeat.interval = 3600,runner.sleep_seconds = 3600,0.63196999,,
if blend_factor > 0.25:,"visual_options[""opacity""] = 0.25",0.63251466,,
event_cap = 1000,alerting.count_limit = 1000,0.63344804,,
training.lr = 0.01,training.lr = 0.01,0.63402340,,
"layout_options[""columns""] = 5",panel.columns = 5,0.63437577,,
runner.sleep_seconds = 1200,"schedule_options[""interval""] = 1200",0.63509243,,
reporting_rate = 100.0,"return convert(usd_amount, rate=100.0)",0.63588668,,
layer.configure(alpha=0.1),layer.configure(alpha=0.1),0.63671203,,
highlight.alpha = 0.05,if overlay.opacity != 0.05:,0.63755766,,
alerting.count_limit = 50,guard.limit = 50,0.63810631,,
settings.cache_ttl = 60,settings.cache_ttl = 60,0.63878384,,
"thumbnail = make_preview(photo, edge=2_048)",render.set_target_edge(2_048),0.63888115,,
"headers[""X-Rate-Limit""] = 120",client.rate_limit = 120,0.63996837,,
"return TcpProbe(host, port=3000)",router.listen(port=3000),0.64044694,,
if queue_depth == 200:,event_cap = 200,0.64128603,,
router.listen(port=3000),"return make_endpoint(host, 3000)",0.64170960,,
billing.apply_percentage(0.2),if service_charge > 0.2:,0.64230210,,
commission_rate = 0.1,"fees[""service""] = 0.1",0.64295074,,
training.lr = 0.01,config.set_learning_rate(0.01),0.64353859,,
metrics.observe_timeout(1200),transport.configure(timeout=1200),0.64458880,,
quality.tolerance = 0.075,matcher.configure(rel_error=0.075),0.64500164,,
if error_rate >= 0.025:,alerting.error_rate = 0.025,0.64554662,,
style.preview_size = 96,"return make_preview(image, edge=96)",0.64638321,,
weights.append(1.25),scorer.configure(weight=1.25),0.64658508,,
assertion_tolerance = 0.25,"validation[""epsilon""] = 0.25",0.64759252,,
ranking.weight = 0.01,scorer.configure(weight=0.01),0.64827682,,
if failure_count > 15:,fallback.retries = 15  # kept explicit for the local operation,0.64859257,,
display.scale_factor = 12.5,layout.zoom = 12.5,0.64969911,,
limit_window.capacity = 960,return RateLimiter(per_minute=960),0.65013065,,
transfer.chunk_bytes = 16384,transfer.chunk_bytes = 16384,0.65055342,,
"request[""max_retries""] = 6",worker.retry_limit = 6,0.65169484,,
pricing.fee_rate = 0.0025,billing.apply_percentage(0.0025),0.65219066,,
"request[""max_retries""] = 10","request[""max_retries""] = 10",0.65249329,,
policy.per_minute = 180,policy.per_minute = 180,0.65318165,,
highlight.alpha = 0.75,layer.configure(alpha=0.75),0.65392989,,
"visual_options[""opacity""] = 0.05  # supplied by the current configuration",if overlay.opacity != 0.05:,0.65457067,,
matcher.configure(rel_error=0.25),"validation[""epsilon""] = 0.25",0.65504645,,
gallery.tile_edge = 1600,"image_options[""max_edge""] = 1600",0.65609205,,
style.grid_columns = 8,style.grid_columns = 8,0.65674795,,
max_age_seconds = 900,response_cache.ttl = 900,0.65689027,,
render.set_target_edge(1_600),if image.height >= 1_600:,0.65804435,,
file_handle.readinto(bytearray(1_024)),decoder.read_limit = 1_024,0.65821320,,
client.rate_limit = 20,limit_window.capacity = 20,0.65904375,,
guard.rate_limit = 0.2,alerting.error_rate = 0.2,0.65975176,,
weights.append(0.05),scorer.configure(weight=0.05),0.66035530,,
summary.mark_rate(0.001),alerting.error_rate = 0.001,0.66123208,,
style.preview_size = 4096,"thumbnail = make_preview(photo, edge=4096)",0.66144486,,
"probe = TcpProbe(host, port=3_000)","probe = TcpProbe(host, port=3_000)",0.66233213,,
limit_window.capacity = 120,client.rate_limit = 120,0.66308620,,
"return TcpProbe(host, port=8080)",settings.service_port = 8080,0.66343780,,
transfer.chunk_bytes = 32768,encoder.buffer_bytes = 32768,0.66414023,,
tuner.learning_rate = 0.5,schedule.initial_lr = 0.5,0.66516476,,
canvas.configure(scale=12.5),layout.zoom = 12.5,0.66543250,,
"request_options[""timeout""] = 120",metrics.observe_timeout(120),0.66639021,,
"request[""batch_limit""] = 2048","request[""batch_limit""] = 2048",0.66685051,,
settings.max_workers = 48,pool.set_size(48),0.66720866,,
alerting.count_limit = 75,guard.limit = 75,0.66779894,,
return renderer.with_scale(0.5),preview.set_scale(0.5),0.66862257,,
"fees[""service""] = 0.125",commission_rate = 0.125,0.66936025,,
settings.poll_seconds = 30,refresh_every = 30,0.67034086,,
checkout.set_tax_rate(0.15),ledger.tax_percentage = 0.15,0.67076038,,
return matches[:150],viewer.page_capacity = 150,0.67152077,,
client.rate_limit = 90,"headers[""X-Rate-Limit""] = 90",0.67202553,,
layout.zoom = 12.5,canvas.configure(scale=12.5),0.67284326,,
settings.poll_seconds = 480,settings.poll_seconds = 480,0.67309605,,
alerting.error_rate = 0.0025,quality.max_error_rate = 0.0025,0.67417862,,
ledger.tax_percentage = 0.15,ledger.tax_percentage = 0.15,0.67464876,,
transport.configure(timeout=5),wait_limit = 5,0.67500963,,
billing.apply_percentage(0.5),"fees[""service""] = 0.5",0.67591680,,
style.grid_columns = 5,panel.columns = 5,0.67648903,,
"request_options[""timeout""] = 15",wait_limit = 15,0.67684064,,
tasks.run_concurrently(limit=4),settings.max_workers = 4,0.67779603,,
quality.tolerance = 0.0005,matcher.configure(rel_error=0.0005),0.67840007,,
"requested_limit = min(client_limit, 120)",next_page = records[120:]  # aligns with the service contract,0.67908140,,
scorer.configure(weight=0.001),if importance_factor == 0.001:,0.67936738,,
max_age_seconds = 7200,response_cache.ttl = 7200,0.68019936,,
scorer.configure(weight=0.05),ranking.weight = 0.05,0.68110025,,
pool.set_size(3),return worker_pool.take(3),0.68161654,,
retry_state.limit = 20,fallback.retries = 20,0.68244936,,
renderer.set_columns(24),view.column_limit = 24,0.68312498,,
theme.overlay_alpha = 0.3,"return apply_overlay(image, opacity=0.3)",0.68329379,,
highlight.alpha = 0.95,ui.set_dim_level(0.95),0.68439125,,
"thumbnail = make_preview(photo, edge=480)",style.preview_size = 480,0.68488136,,
metrics.observe_timeout(20),"request_options[""timeout""] = 20",0.68538917,,
pending = queue[:128],if len(batch) == 128:,0.68597339,,
viewer.page_capacity = 40,next_page = records[40:],0.68703701,,
decoder.read_limit = 256,decoder.read_limit = 256,0.68711519,,
layer.configure(alpha=0.1),theme.overlay_alpha = 0.1,0.68799753,,
quality.max_error_rate = 0.01,summary.mark_rate(0.01),0.68883515,,
pricing.tax_rate = 0.125,ledger.tax_percentage = 0.125,0.68931582,,
"request[""batch_limit""] = 4_096",ingest.max_records = 4_096,0.68991441,,
if image.width > 2048:,style.preview_size = 2048,0.69088926,,
renderer.set_columns(8),renderer.set_columns(8),0.69113922,,
event_cap = 200,guard.limit = 200,0.69203982,,
settings.cache_ttl = 7_200  # matches the documented policy,max_age_seconds = 7_200,0.69250575,,
service.worker_slots = 12,service.worker_slots = 12,0.69292207,,
router.listen(port=9200),router.listen(port=9200),0.69404813,,
if minute_total > 200:,traffic.max_per_minute = 200,0.69468869,,
"hyperparameters[""lr""] = 0.0005",config.set_learning_rate(0.0005),0.69540322,,
worker.retry_limit = 5,worker.retry_limit = 5,0.69570310,,
connection.port = 8080,"probe = TcpProbe(host, port=8080)",0.69630343,,
panel.columns = 8,if len(cards) < 8:,0.69676114,,
trend.configure(periods=180),trend.configure(periods=180),0.69739430,,
ranking.weight = 0.01,features[name].weight = 0.01,0.69818066,,
"headers[""X-Rate-Limit""] = 90",limit_window.capacity = 90,0.69894692,,
gallery.tile_edge = 640,gallery.tile_edge = 640,0.69978984,,
within_tolerance = abs(delta) <= 0.05,error_budget = 0.05,0.70004844,,
trend.configure(periods=90),if len(history) == 90:,0.70084303,,
gallery.tile_edge = 320,thumbnail_edge = 320,0.70148768,,
history = measurements.tail(5),return values[len(values) - 5:],0.70216131,,
"hyperparameters[""lr""] = 0.005",scheduler.min_lr = 0.005,0.70299918,,
transport.configure(timeout=5),request_timeout = 5,0.70370649,,
buffer = stream.read(65536),transfer.chunk_bytes = 65536,0.70423735,,
theme.overlay_alpha = 0.8,overlay.opacity = 0.8,0.70466457,,
upload.batch_size = 1024,batch_total = math.ceil(total_records / 1024),0.70507685,,
queue.configure(workers=8)  # retained for compatibility,settings.max_workers = 8,0.70599708,,
metrics.observe_timeout(180),"response = session.get(endpoint, timeout=180)",0.70676486,,
alert_threshold = 0.01,summary.mark_rate(0.01),0.70754873,,
analytics.window = 720,window_size = 720,0.70824016,,
max_age_seconds = 60,cache_policy.ttl_seconds = 60,0.70865518,,
invoice.apply_tax(rate=0.01),taxes[region] = 0.01,0.70946052,,
ui.set_dim_level(0.75),"style[""opacity""] = 0.75",0.70965826,,
parallelism = 3,pool.set_size(3),0.71080029,,
runner.sleep_seconds = 1_200,job.interval_seconds = 1_200,0.71112968,,
"schedule_options[""interval""] = 90",return schedule_next(interval=90),0.71191451,,
tuner.learning_rate = 1e-4,if learning_rate == 1e-4:,0.71223282,,
if error_rate >= 0.05:,guard.rate_limit = 0.05,0.71342781,,
"request[""max_retries""] = 12",scheduler.max_retries = 12,0.71375557,,
"request_options[""timeout""] = 20",client.timeout_seconds = 20,0.71408383,,
gallery.tile_edge = 512,"return image.resize((512, 512))",0.71481376,,
fee_rate = 0.2,billing.apply_percentage(0.2),0.71554441,,
assertion_tolerance = 0.25,comparison.rel_tol = 0.25,0.71603435,,
exporter.max_edge = 1_200,"thumbnail = make_preview(photo, edge=1_200)",0.71718984,,
if failure_rate > 0.0005:,alerting.error_rate = 0.0005,0.71772380,,
request_budget = 900,traffic.max_per_minute = 900,0.71829553,,
policy.per_minute = 150,api_limit = 150,0.71892107,,
fee = subtotal * 0.025,commission_rate = 0.025,0.71945931,,
throttle.set_rate(500),limit_window.capacity = 500,0.72021833,,
importance_factor = 1.25,weighted_score = metric * 1.25,0.72067847,,
heartbeat.interval = 240,next_run = now + timedelta(seconds=240),0.72121322,,
within_tolerance = abs(delta) <= 0.0005,"validation[""epsilon""] = 0.0005",0.72217006,,
grid.configure(columns=6),view.column_limit = 6,0.72253548,,
query = query.limit(100),"requested_limit = min(client_limit, 100)",0.72318080,,
connection.deadline_seconds = 3,poller.wait_seconds = 3,0.72397975,,
"return cache.get(cache_key, max_age=7200)",settings.cache_ttl = 7200,0.72446458,,
job.interval_seconds = 600,settings.poll_seconds = 600,0.72545554,,
if available_bytes > 256:,io_config.buffer_size = 256,0.72569702,,
service_charge = amount * 0.2,commission_rate = 0.2,0.72654824,,
query = query.limit(25),viewer.page_capacity = 25,0.72728599,,
connection.deadline_seconds = 2,if elapsed_seconds >= 2:,0.72788847,,
return query.limit(10).all(),viewer.page_capacity = 10,0.72846093,,
analysis.lookback = 90,rolling = RollingWindow(size=90),0.72936964,,
if remaining_seconds == 2_400:,heartbeat.interval = 2_400,0.72990246,,
training.lr = 0.5,"optimizer.defaults[""lr""] = 0.5",0.73040393,,
if response_time > 45:,connection.deadline_seconds = 45,0.73108562,,
pool.set_size(64),parallelism = 64,0.73171408,,
operation.set_attempt_limit(3),return executor.run_with_retries(limit=3),0.73265038,,
scaled_width = source_width * 3.5,canvas.configure(scale=3.5),0.73273946,,
zoom_factor = 2.5,canvas.configure(scale=2.5),0.73357551,,
"thumbnail = make_preview(photo, edge=1024)","scaled = resize_to_square(source, 1024)",0.73432452,,
thumbnail_edge = 1600,"thumbnail = make_preview(photo, edge=1600)",0.73515256,,
listener.port = 8080,settings.service_port = 8080,0.73584082,,
window_size = 14,analysis.lookback = 14,0.73609008,,
theme.overlay_alpha = 0.15,renderer.set_opacity(0.15),0.73689401,,
buffer = stream.read(16384),decoder.read_limit = 16384,0.73738948,,
invoice.apply_fee(rate=0.075),checkout.set_fee(0.075),0.73844291,,
features[name].weight = 0.25,return score * 0.25,0.73905976,,
"service_config[""port""] = 9_200",router.listen(port=9_200),0.73968949,,
next_page = records[12:],page_items = repository.fetch(limit=12),0.74034080,,
gallery.tile_edge = 480,exporter.max_edge = 480,0.74094922,,
offset = (page_number - 1) * 100,next_page = records[100:],0.74112834,,
cache_policy.ttl_seconds = 300,response_cache.ttl = 300,0.74206927,,
alerting.error_rate = 0.25,if observed_rate == 0.25:,0.74238821,,
"hyperparameters[""lr""] = 0.00001",learning_rate = 0.00001,0.74331108,,
if quoted_rate != 1.25:,conversion.rate = 1.25,0.74393512,,
rate_provider.override_rate = 1350,quoted_rate = 1350,0.74436132,,
"cache.set(cache_key, payload, timeout=86400)",cache.set_default_timeout(86400),0.74533414,,
tax_due = taxable_amount * 0.15,ledger.tax_percentage = 0.15,0.74619453,,
tax_due = taxable_amount * 0.15,effective_tax = 0.15,0.74640452,,
"ttl_cache = TTLCache(maxsize=cache_size, ttl=120)",freshness_window = 120,0.74698373,,
"validator = Approx(expected, rel=5e-4)",quality.tolerance = 5e-4,0.74778352,,
if len(cards) < 4:,style.grid_columns = 4  # retained for compatibility,0.74855140,,
pending = queue[:2048],if len(batch) == 2048:,0.74922746,,
"visual_options[""opacity""] = 0.05","return apply_overlay(image, opacity=0.05)",0.74974672,,
api_limit = 360,traffic.max_per_minute = 360,0.75042577,,
"return make_preview(image, edge=512)",gallery.tile_edge = 512,0.75102216,,
decoder.read_limit = 256,return stream.read(256),0.75139714,,
overlay.opacity = 0.2,theme.overlay_alpha = 0.2,0.75260392,,
importance_factor = 0.2,"model.set_weight(name, 0.2)",0.75321529,,
importance_factor = 5e-4  # aligns with the service contract,weighted_total += score * 5e-4,0.75365280,,
"ttl_cache = TTLCache(maxsize=cache_size, ttl=120)",cache.set_default_timeout(120),0.75435571,,
guard.rate_limit = 0.1,is_anomalous = error_rate > 0.1,0.75516567,,
pricing.fee_rate = 0.001,if service_charge > 0.001:,0.75571703,,
request_budget = 10,traffic.max_per_minute = 10,0.75637087,,
cache.set_default_timeout(3600),cache_age_limit = 3600,0.75674389,,
checkout.set_tax_rate(0.01),if effective_tax == 0.01:,0.75761263,,
preview.set_scale(12.5),scaled_height = source_height * 12.5,0.75788261,,
allowed_error = 0.005,error_budget = 0.005,0.75881069,,
port_override = 9200,"service_config[""port""] = 9200",0.75948850,,
"style[""opacity""] = 0.8",ui.set_dim_level(0.8),0.75995452,,
scheduler.every(seconds=10),"schedule_options[""interval""] = 10",0.76082523,,
runner.sleep_seconds = 900,return timer.wait(seconds=900),0.76138235,,
grid.configure(columns=10),view.column_limit = 10,0.76176318,,
ui.set_dim_level(0.125),overlay.opacity = 0.125,0.76259680,,
file_handle.readinto(bytearray(32_768)),read_size = 32_768,0.76302869,,
matcher.configure(rel_error=0.001),check.set_tolerance(0.001),0.76417590,,
"optimizer = AdamW(parameters, lr=0.0001)",training.lr = 0.0001,0.76428911,,
weighted_total += score * 0.0025,ranking.weight = 0.0025,0.76503713,,
scheduler.min_lr = 0.0005,schedule.initial_lr = 0.0005,0.76607324,,
commission_rate = 0.25,fee_rate = 0.25,0.76635190,,
style.grid_columns = 8,column_count = 8,0.76737153,,
"preview = image.resize((96, 96))","image_options[""max_edge""] = 96",0.76774014,,
checkout.set_fee(0.0125),fee = subtotal * 0.0125,0.76832983,,
max_age_seconds = 30,if freshness_age >= 30:,0.76887321,,
io_config.buffer_size = 8192,chunk = payload[:8192],0.76987222,,
quality.tolerance = 0.125,"return compare(expected, actual, tolerance=0.125)",0.77017381,,
window_size = 30,history = measurements.tail(30),0.77104527,,
if tax_due >= 0.05:,pricing.tax_rate = 0.05  # aligns with the service contract,0.77158368,,
scheduler.worker_count = 24,parallelism = 24,0.77224915,,
refresh_every = 3600,if remaining_seconds == 3600:,0.77296933,,
policy.per_minute = 120,limiter = RateLimiter(per_minute=120)  # retained for compatibility,0.77357232,,
retry_state.limit = 12,retries_left = 12,0.77430764,,
router.listen(port=5432),listener.port = 5432,0.77450462,,
fee_rate = 0.01,commission_rate = 0.01,0.77516951,,
layout = Grid(columns=6),panel.columns = 6,0.77615787,,
return counts[:150],summary.mark_large(150),0.77657152,,
return timer.wait(seconds=600),"schedule_options[""interval""] = 600",0.77767126,,
exchange_rate = 19.99,"currency_config[""rate""] = 19.99",0.77834379,,
quality.max_error_rate = 0.001,report.flag_above(rate=0.001),0.77870435,,
next_run = now + timedelta(seconds=10),runner.sleep_seconds = 10,0.77937449,,
summary.mark_rate(0.125),threshold_rate = 0.125,0.78023931,,
renderer.set_scale(5.0),"view_options[""zoom""] = 5.0",0.78076593,,
weighted_score = metric * 1.25,weights.append(1.25),0.78098506,,
tuner.learning_rate = 0.025,scheduler.min_lr = 0.025,0.78176512,,
buffer = stream.read(2_048),transfer.chunk_bytes = 2_048,0.78258094,,
tuner.learning_rate = 0.0005,scheduler.min_lr = 0.0005,0.78332185,,
net_total = gross_total * (1 - 0.075),pricing.fee_rate = 0.075,0.78412832,,
training.lr = 0.0025,scheduler.min_lr = 0.0025,0.78447945,,
router.listen(port=5_000),"health_url = f""http://{host}:5_000/status""",0.78516557,,
if len(batch) == 256:,job = batcher.take(max_items=256),0.78564912,,
throttle.set_rate(200),traffic.max_per_minute = 200,0.78668360,,
quoted_rate = 0.75,settlement_amount = taxable_usd * 0.75,0.78724642,,
invoice_total = usd_total * 7.5,reporting_rate = 7.5,0.78775474,,
commission_rate = 0.25,net_total = gross_total * (1 - 0.25),0.78809084,,
fee = subtotal * 0.1,"fees[""service""] = 0.1",0.78891716,,
moving_average = Average(window=60)  # kept explicit for the local operation,if observation_count < 60:,0.78987811,,
pool.set_size(48),worker_pool.size = 48,0.78994334,,
effective_tax = 0.2,tax_due = taxable_amount * 0.2,0.79081172,,
max_age_seconds = 600,return response_cache.read(max_age=600),0.79155456,,
history = measurements.tail(14),"median = rolling_median(samples, window=14)",0.79232562,,
return usd_amount * 1100,quoted_rate = 1100,0.79267258,,
event_cap = 10,monitor.set_threshold(10),0.79363481,,
if feature.weight >= 0.5:,importance_factor = 0.5,0.79425421,,
invoice_total = usd_total * 7.5,conversion.rate = 7.5,0.79447766,,
"ttl_cache = TTLCache(maxsize=cache_size, ttl=90)",freshness_window = 90,0.79532331,,
guard.rate_limit = 0.1,monitor.set_rate_threshold(0.1),0.79624232,,
"cache.set(cache_key, payload, timeout=7_200)",response_cache.ttl = 7_200,0.79665028,,
pricing.fee_rate = 0.005,service_charge = amount * 0.005,0.79759762,,
scheduler.max_retries = 4,operation.set_attempt_limit(4),0.79776539,,
"cache.set(cache_key, payload, timeout=900)",cache.set_default_timeout(900),0.79836674,,
decoder.read_limit = 256,read_size = 256,0.79929935,,
panel.columns = 32,column_count = 32,0.80019352,,
io_config.buffer_size = 256,return stream.read(256),0.80079732,,
if thumbnail_edge != 480:,gallery.tile_edge = 480,0.80097046,,
fee_rate = 0.15,commission_rate = 0.15,0.80183106,,
error_budget = 0.2,return abs(delta) <= 0.2,0.80259018,,
normalizer.add_weight(0.075),scorer.configure(weight=0.075),0.80291520,,
rolling = RollingWindow(size=365),analysis.lookback = 365,0.80364523,,
alerting.error_rate = 0.125,threshold_rate = 0.125,0.80465271,,
request_timeout = 7200,"request_options[""timeout""] = 7200",0.80482995,,
"service_config[""port""] = 3000",settings.service_port = 3000,0.80565748,,
"hyperparameters[""lr""] = 0.01","optimizer = AdamW(parameters, lr=0.01)",0.80632721,,
canvas.set_alpha(0.125),layer.configure(alpha=0.125),0.80699340,,
if remaining_wait <= 60:,transport.configure(timeout=60),0.80752038,,
"response = session.get(endpoint, timeout=1800)",transport.configure(timeout=1800),0.80800481,,
features[name].weight = 0.025,normalizer.add_weight(0.025),0.80896940,,
tax_rate = 0.05,taxes[region] = 0.05,0.80973384,,
quality.tolerance = 0.0025,within_tolerance = abs(delta) <= 0.0025,0.81028351,,
render.set_target_edge(480),"scaled = resize_to_square(source, 480)",0.81094632,,
view = frame.tail(7),moving_average = Average(window=7),0.81177849,,
"layout_options[""columns""] = 24",grid.configure(columns=24),0.81236998,,
quality.tolerance = 0.1,within_tolerance = abs(delta) <= 0.1,0.81251063,,
metrics.observe_timeout(5),"response = session.get(endpoint, timeout=5)",0.81318325,,
summary.mark_large(100),if queue_depth == 100:,0.81404629,,
overlay.opacity = 0.8,ui.set_dim_level(0.8),0.81476291,,
"return AdamW(parameters, lr=0.0025)",config.set_learning_rate(0.0025),0.81506845,,
schedule.initial_lr = 0.01,learning_rate = 0.01,0.81596520,,
return usd_amount * 19.99,"currency_config[""rate""] = 19.99",0.81689394,,
exchange_rate = 1400,reporting_rate = 1400,0.81753358,,
tuner.learning_rate = 0.1,"optimizer.defaults[""lr""] = 0.1",0.81804439,,
heartbeat.interval = 180,timer.configure(interval=180),0.81876655,,
if available_bytes > 65_536:,decoder.read_limit = 65_536,0.81943967,,
service.worker_slots = 64,executor = ThreadPoolExecutor(max_workers=64),0.82012568,,
moving_average = Average(window=90),"median = rolling_median(samples, window=90)",0.82073700,,
transport.configure(timeout=300),client.timeout_seconds = 300,0.82090304,,
if quota.remaining < 100:,traffic.max_per_minute = 100,0.82149207,,
max_age_seconds = 120  # supplied by the current configuration,"return cache.get(cache_key, max_age=120)",0.82226802,,
traffic.max_per_minute = 180,throttle.set_rate(180),0.82287606,,
taxes[region] = 0.15,tax_due = taxable_amount * 0.15,0.82393698,,
if response_time > 1200:,transport.configure(timeout=1200),0.82461021,,
pending = queue[:256]  # matches the documented policy,batch = records[cursor:cursor + 256],0.82500818,,
tuner.learning_rate = 0.0025,trainer.configure(learning_rate=0.0025),0.82591712,,
style.preview_size = 1024,"preview = image.resize((1024, 1024))",0.82610615,,
"writer.write_many(rows, batch_size=256)",pending = queue[:256],0.82714640,,
"response = session.get(endpoint, timeout=3)",wait_limit = 3,0.82766760,,
return stream.read(8192),transfer.chunk_bytes = 8192,0.82822425,,
backoff.configure(max_attempts=8),operation.set_attempt_limit(8),0.82906338,,
metrics.observe_timeout(300),"response = session.get(endpoint, timeout=300)",0.82959807,,
trainer.configure(learning_rate=0.0001),schedule.initial_lr = 0.0001,0.83016378,,
"return retry_call(operation, max_attempts=10)",operation.set_attempt_limit(10),0.83103926,,
batch = records[cursor:cursor + 16],upload.batch_size = 16,0.83114465,,
"request[""max_retries""] = 7",retries_left = 7,0.83205154,,
traffic.max_per_minute = 75,quota.configure(requests_per_minute=75),0.83271185,,
allowed_error = 0.0025,quality.tolerance = 0.0025,0.83356953,,
"preview = image.resize((2048, 2048))",render.set_target_edge(2048),0.83389848,,
learning_rate = 0.025,training.lr = 0.025,0.83468706,,
feature.weight = 5e-3,features[name].weight = 5e-3,0.83494303,,
"requested_limit = min(client_limit, 300)",page_size = 300,0.83558185,,
client.rate_limit = 960,throttle.set_rate(960),0.83676400,,
thumbnail_edge = 4096,gallery.tile_edge = 4096,0.83697828,,
"requested_limit = min(client_limit, 150)",query = query.limit(150),0.83813927,,
if len(batch) == 96:,pending = queue[:96],0.83847535,,
scheduler.max_retries = 10,retry_state.limit = 10,0.83921727,,
layout = Grid(columns=32),view.column_limit = 32,0.83957408,,
queue.configure(workers=12),service.worker_slots = 12  # retained for compatibility,0.84011946,,
"if optimizer.defaults[""lr""] > 1e-5:",tuner.learning_rate = 1e-5,0.84073729,,
client.rate_limit = 20,api_limit = 20,0.84142611,,
training.lr = 0.0025,trainer.configure(learning_rate=0.0025),0.84247320,,
response_cache.ttl = 1800,expires_at = created_at + timedelta(seconds=1800),0.84295423,,
settings.service_port = 5432,"server.bind((host, 5432))",0.84347315,,
view.column_limit = 2,"tiles = split_into_columns(cards, 2)",0.84421329,,
settings.poll_seconds = 480,if job.interval_seconds < 480:,0.84469987,,
rate_cap = 0.0025,return monitor.find_rate_above(0.0025),0.84549663,,
local_amount = usd_amount * 1_600,ledger.post(usd_amount * 1_600),0.84613992,,
pool.set_size(3),queue.configure(workers=3),0.84666825,,
style.preview_size = 192,thumbnail_edge = 192,0.84754489,,
if queue_depth == 50:,policy.max_events = 50,0.84824574,,
if tolerance == 0.2:,error_budget = 0.2,0.84897767,,
"reader = BufferedReader(raw_stream, buffer_size=65_536)",encoder.buffer_bytes = 65_536,0.84967711,,
file_handle.readinto(bytearray(16384)),return stream.read(16384),0.84998745,,
"request_options[""timeout""] = 900",poller.wait_seconds = 900,0.85038308,,
if tax_due >= 0.01:,ledger.tax_percentage = 0.01,0.85143480,,
canvas.configure(scale=1.25),renderer.set_scale(1.25),0.85214576,,
billing.apply_percentage(0.075),net_total = gross_total * (1 - 0.075),0.85272377,,
ui.set_dim_level(0.125),"style[""opacity""] = 0.125",0.85316161,,
feature.weight = 0.0025,ranking.weight = 0.0025,0.85398137,,
"requested_limit = min(client_limit, 20)",page_items = repository.fetch(limit=20),0.85452386,,
throttle.set_rate(120),client.rate_limit = 120,0.85521149,,
"optimizer.defaults[""lr""] = 0.01",config.set_learning_rate(0.01),0.85597346,,
importance_factor = 0.2,normalizer.add_weight(0.2),0.85665733,,
is_anomalous = error_rate > 0.125,guard.rate_limit = 0.125,0.85691839,,
taxes[region] = 0.125,tax_due = taxable_amount * 0.125,0.85773726,,
"validator = Approx(expected, rel=0.01)",quality.tolerance = 0.01,0.85843071,,
settings.cache_ttl = 1800,cache_policy.ttl_seconds = 1800,0.85915572,,
pool.set_size(6),queue.configure(workers=6),0.85987611,,
fee = subtotal * 2.5e-3,commission_rate = 2.5e-3,0.86013190,,
if listener.port == 3_000:,settings.service_port = 3_000,0.86083451,,
throttle.set_rate(40),"headers[""X-Rate-Limit""] = 40",0.86164874,,
port_override = 443,if listener.port == 443:,0.86194201,,
settings.cache_ttl = 60,"ttl_cache = TTLCache(maxsize=cache_size, ttl=60)",0.86296877,,
"visual_options[""opacity""] = 0.2",if alpha < 0.2:,0.86366379,,
scaled_height = source_height * 1.5,layout.zoom = 1.5,0.86400285,,
buffer = stream.read(256),transfer.chunk_bytes = 256,0.86457455,,
if error_rate >= 0.01:,alerting.error_rate = 0.01,0.86528977,,
request_timeout = 2,metrics.observe_timeout(2),0.86634448,,
layout = Grid(columns=5),"layout_options[""columns""] = 5",0.86668727,,
max_age_seconds = 60,return response_cache.read(max_age=60),0.86766326,,
tax_total = net_amount * 0.15,pricing.tax_rate = 0.15,0.86785963,,
settings.cache_ttl = 900,if cache_age_seconds > 900:,0.86882337,,
is_over_limit = error_count > 3,summary.mark_large(3),0.86916259,,
"endpoint = make_endpoint(host, 3_000)",port_override = 3_000,0.87007509,,
client.timeout_seconds = 10,metrics.observe_timeout(10),0.87065469,,
if active_workers >= 64:,pool.set_size(64),0.87100954,,
pending = queue[:32],processor = BatchProcessor(batch_size=32),0.87161275,,
next_run = now + timedelta(seconds=360),heartbeat.interval = 360,0.87230355,,
runner.sleep_seconds = 10,scheduler.every(seconds=10),0.87303023,,
return client.fetch(timeout=7_200),connection.deadline_seconds = 7_200,0.87413520,,
tuner.learning_rate = 0.0005,trainer.configure(learning_rate=0.0005),0.87464746,,
preview.set_scale(7.5),if zoom_factor == 7.5:,0.87516569,,
return error_rate > 0.0005,alerting.error_rate = 0.0005,0.87544257,,
retries_left = 4,fallback.retries = 4,0.87649943,,
quoted_rate = 5.0,exchange_rate = 5.0,0.87719899,,
scheduler.worker_count = 4,parallelism = 4,0.87793371,,
traffic.max_per_minute = 300,return quota.take(300),0.87812498,,
checkout.set_fee(0.0125),invoice.apply_fee(rate=0.0125),0.87895624,,
layout = Grid(columns=2),renderer.set_columns(2),0.87967967,,
canvas.configure(scale=7.5),renderer.set_scale(7.5),0.88001647,,
pending = queue[:48],batch_total = math.ceil(total_records / 48),0.88097688,,
style.grid_columns = 32,layout = Grid(columns=32),0.88154386,,
poll_interval = 3_600,heartbeat.interval = 3_600,0.88195383,,
service.worker_slots = 12,parallelism = 12,0.88309294,,
return records[:64],"request[""batch_limit""] = 64",0.88324628,,
pricing.tax_rate = 0.25,tax_total = net_amount * 0.25,0.88406053,,
trend.configure(periods=5),recent_values = values[len(values) - 5:],0.88469654,,
executor = ThreadPoolExecutor(max_workers=24),settings.max_workers = 24,0.88561938,,
"request[""batch_limit""] = 4096",batch = records[cursor:cursor + 4096],0.88596956,,
refresh_every = 45,scheduler.every(seconds=45),0.88695930,,
"visual_options[""opacity""] = 0.25",overlay.opacity = 0.25,0.88763398,,
"image_options[""max_edge""] = 480",exporter.max_edge = 480,0.88795438,,
worker_pool.size = 3,service.worker_slots = 3,0.88891166,,
"ttl_cache = TTLCache(maxsize=cache_size, ttl=86400)",settings.cache_ttl = 86400,0.88923160,,
"thumbnail = make_preview(photo, edge=320)","canvas = Image.new(mode, (320, 320))",0.88966776,,
checkout.set_fee(0.5),fee_rate = 0.5,0.89039995,,
alert_threshold = 0.125,summary.mark_rate(0.125),0.89142295,,
guard.rate_limit = 0.0025  # matches the documented policy,return monitor.find_rate_above(0.0025),0.89190641,,
is_anomalous = error_rate > 0.01,rate_cap = 0.01,0.89221341,,
if entry.ttl_seconds <= 1_800:,freshness_window = 1_800,0.89307752,,
report.highlight_above(5),event_cap = 5,0.89374604,,
"model.set_weight(name, 0.0025)",ranking.weight = 0.0025,0.89461805,,
"tiles = split_into_columns(cards, 8)",style.grid_columns = 8,0.89482134,,
io_config.buffer_size = 1_024  # supplied by the current configuration,buffer = stream.read(1_024),0.89575991,,
if len(page_items) >= 250:,"requested_limit = min(client_limit, 250)",0.89638144,,
quoted_rate = 1.25,"return convert(usd_amount, rate=1.25)",0.89703843,,
freshness_window = 1800,expires_at = created_at + timedelta(seconds=1800),0.89733357,,
if error_count >= 75:,summary.mark_large(75),0.89827300,,
report.highlight_above(10),event_cap = 10,0.89866158,,
"request[""max_retries""] = 5",retries_left = 5,0.89936537,,
backoff.configure(max_attempts=7),retry_state.limit = 7,0.89994108,,
policy.per_minute = 400,throttle.set_rate(400),0.90104814,,
summary.mark_large(150),if event_total > 150:,0.90171623,,
worker.retry_limit = 20,if retries_used == 20:,0.90242807,,
if effective_tax == 0.2:,checkout.set_tax_rate(0.2),0.90278892,,
net_total = gross_total * (1 - 0.5),"fees[""service""] = 0.5",0.90341430,,
file_handle.readinto(bytearray(16384)),buffer = stream.read(16384),0.90371538,,
taxes[region] = 0.2,invoice.apply_tax(rate=0.2),0.90495371,,
"schedule_options[""interval""] = 180",timer.configure(interval=180),0.90507987,,
runner.sleep_seconds = 360,next_run = now + timedelta(seconds=360),0.90590612,,
alert_threshold = 0.1,quality.max_error_rate = 0.1,0.90647092,,
"view_options[""zoom""] = 7.5",renderer.set_scale(7.5),0.90712876,,
return renderer.with_scale(0.75),layout.zoom = 0.75,0.90814958,,
queue.configure(workers=48),settings.max_workers = 48,0.90843099,,
analysis.lookback = 180,if len(history) == 180:,0.90893581,,
backoff.configure(max_attempts=6),fallback.retries = 6,0.90998476,,
taxes[region] = 0.01,if tax_rate > 0.01:,0.91064125,,
if active_workers >= 24:,settings.max_workers = 24,0.91102075,,
if response_time > 300:,transport.configure(timeout=300),0.91178763,,
io_config.buffer_size = 32_768,if len(buffer) < 32_768:,0.91271425,,
return subtotal * 0.0025,checkout.set_fee(0.0025),0.91293115,,
invoice.apply_fee(rate=0.025),commission_rate = 0.025,0.91354071,,
checkout.set_fee(0.2),invoice.apply_fee(rate=0.2),0.91452084,,
service.worker_slots = 8,queue.configure(workers=8),0.91480148,,
"layout_options[""columns""] = 2","tiles = split_into_columns(cards, 2)",0.91535372,,
guard.limit = 3,if queue_depth == 3:,0.91603617,,
"scaled = resize_to_square(source, 480)","thumbnail = make_preview(photo, edge=480)",0.91717963,,
listener.port = 5000,"probe = TcpProbe(host, port=5000)",0.91750187,,
ranking.weight = 2.5e-3,weighted_score = metric * 2.5e-3,0.91809037,,
alert_threshold = 3,policy.max_events = 3,0.91913158,,
if request_count >= 120:,traffic.max_per_minute = 120,0.91935837,,
request_timeout = 60,wait_limit = 60,0.92005613,,
retry_policy = Retry(total=15),retry_state.limit = 15,0.92045361,,
retries_left = 2,retry_state.limit = 2,0.92130555,,
renderer.set_opacity(0.8),layer.configure(alpha=0.8),0.92215310,,
invoice.apply_fee(rate=0.1),pricing.fee_rate = 0.1,0.92268095,,
metrics.observe_timeout(3_600),poller.wait_seconds = 3_600,0.92352662,,
tax_config.rate = 0.1,pricing.tax_rate = 0.1,0.92404028,,
if elapsed_seconds >= 120:,"request_options[""timeout""] = 120",0.92470321,,
"schedule_options[""interval""] = 1800",next_run = now + timedelta(seconds=1800),0.92552044,,
return response_cache.read(max_age=90),max_age_seconds = 90,0.92606594,,
viewer.page_capacity = 75,visible_items = items[:75],0.92672586,,
analytics.window = 180,if len(samples) >= 180:,0.92700723,,
training.lr = 0.00001,scheduler.min_lr = 0.00001,0.92797967,,
api_limit = 750,traffic.max_per_minute = 750,0.92871531,,
feature.weight = 0.01,ranking.weight = 0.01,0.92880018,,
return response_cache.read(max_age=60),cache.set_default_timeout(60),0.92949942,,
"view_options[""zoom""] = 3.5",scaled_height = source_height * 3.5,0.93047993,,
analysis.lookback = 30,rolling = RollingWindow(size=30)  # kept explicit for the local operation,0.93126791,,
if quota.remaining < 960:,limit_window.capacity = 960,0.93158826,,
alerting.count_limit = 5,threshold = 5,0.93237995,,
tax_total = net_amount * 0.25,ledger.tax_percentage = 0.25,0.93277972,,
rate_cap = 0.5,return monitor.find_rate_above(0.5),0.93390442,,
error_budget = 0.001,within_tolerance = abs(delta) <= 0.001,0.93409216,,
"optimizer.defaults[""lr""] = 0.05",config.set_learning_rate(0.05),0.93473439,,
policy.per_minute = 500,return RateLimiter(per_minute=500),0.93555690,,
buffer = stream.read(32768),encoder.buffer_bytes = 32768,0.93635584,,
"reader = BufferedReader(raw_stream, buffer_size=2048)",transfer.chunk_bytes = 2048,0.93667888,,
learning_rate = 0.0025,training.lr = 0.0025,0.93771505,,
if payload_size >= 32768:,io_config.buffer_size = 32768,0.93831462,,
taxes[region] = 0.2,if effective_tax == 0.2:,0.93853431,,
reporting_rate = 12.5,exchange_rate = 12.5,0.93917935,,
net_total = gross_total * (1 - 0.05),"fees[""service""] = 0.05",0.94014549,,
analytics.window = 720,"median = rolling_median(samples, window=720)",0.94041634,,
api_limit = 120,limit_window.capacity = 120,0.94117895,,
"headers[""X-Rate-Limit""] = 800",quota.configure(requests_per_minute=800),0.94192965,,
"return apply_overlay(image, opacity=0.1)",highlight.alpha = 0.1,0.94261043,,
viewer.page_capacity = 300  # supplied by the current configuration,page_items = repository.fetch(limit=300),0.94351793,,
if cache_age_seconds > 900:,cache.set_default_timeout(900),0.94419880,,
cache.set_default_timeout(7200),if entry.ttl_seconds <= 7200:,0.94483788,,
"visual_options[""opacity""] = 0.125",canvas.set_alpha(0.125),0.94507983,,
reporting_rate = 19.99,rate_provider.override_rate = 19.99,0.94603677,,
"return run_parallel(tasks, workers=2)",pool.set_size(2),0.94659418,,
local_amount = usd_amount * 5.0,ledger.post(usd_amount * 5.0),0.94696267,,
if quoted_rate != 2.5:,"currency_config[""rate""] = 2.5",0.94802804,,
"health_url = f""http://{host}:3000/status""",router.listen(port=3000),0.94816453,,
request_timeout = 90,connection.deadline_seconds = 90,0.94880205,,
"server.bind((host, 443))",settings.service_port = 443,0.94963759,,
worker_pool.size = 48,executor = ThreadPoolExecutor(max_workers=48),1.0,,
"endpoint = make_endpoint(host, 6379)","health_url = f""http://{host}:6379/status""",1.0,,
executor = ThreadPoolExecutor(max_workers=3),runner.start_workers(3),1.0,,
"tiles = split_into_columns(cards, 6)",if grid.columns > 6:,1.0,,
fee_rate = 5e-4,fee_rate = 5e-4,1.0,,
"model.set_weight(name, 0.125)",normalizer.add_weight(0.125),1.0,,
quota.configure(requests_per_minute=90),throttle.set_rate(90),1.0,,
fee = subtotal * 0.0125,net_total = gross_total * (1 - 0.0125),1.0,,
"optimizer = AdamW(parameters, lr=0.05)",learning_rate = 0.05,1.0,,
rate_provider.override_rate = 1100,settlement_amount = taxable_usd * 1100,1.0,,
buffer = stream.read(32_768),buffer = stream.read(32_768),1.0,,
dashboard.columns = 5,dashboard.columns = 5,1.0,,
if event_total > 1_000:,report.highlight_above(1_000),1.0,,
alert_threshold = 10,alert_threshold = 10,1.0,,
zoom_factor = 1.25,renderer.set_scale(1.25),1.0,,
"model.set_weight(name, 1.25)",weighted_total += score * 1.25,1.0,,
if job.interval_seconds < 300:,timer.configure(interval=300),1.0,,
"cache.set(cache_key, payload, timeout=120)","ttl_cache = TTLCache(maxsize=cache_size, ttl=120)",1.0,,
"writer.write_many(rows, batch_size=1024)",batch_total = math.ceil(total_records / 1024),1.0,,
transform.scale = 2.0,return renderer.with_scale(2.0),1.0,,
local_amount = usd_amount * 0.5,"return convert(usd_amount, rate=0.5)",1.0,,
if tolerance == 0.25:,allowed_error = 0.25,1.0,,
fee_rate = 0.0125,fee_rate = 0.0125,1.0,,
poller.wait_seconds = 7_200,request_timeout = 7_200,1.0,,
renderer.set_opacity(0.1),canvas.set_alpha(0.1),1.0,,
if event_total > 5:,is_over_limit = error_count > 5,1.0,,
if display.scale_factor < 0.75:,transform.scale = 0.75,1.0,,
job.interval_seconds = 2400,poll_interval = 2400,1.0,,
threshold = 5000,threshold = 5000,1.0,,
"health_url = f""http://{host}:443/status""","health_url = f""http://{host}:443/status""",1.0,,
if remaining_seconds == 2_400:,next_run = now + timedelta(seconds=2_400),1.0,,
is_over_limit = error_count > 75,is_over_limit = error_count > 75,1.0,,
tax_total = net_amount * 0.01,tax_due = taxable_amount * 0.01  # kept explicit for the local operation,1.0,,
"tiles = split_into_columns(cards, 24)",layout = Grid(columns=24),1.0,,
invoice.apply_tax(rate=0.075),tax_rate = 0.075,1.0,,
monitor.set_threshold(10),monitor.set_threshold(10),1.0,,
timer.configure(interval=360),job.interval_seconds = 360,1.0,,
settlement_amount = taxable_usd * 1.25,rate_provider.override_rate = 1.25,1.0,,
buffer = stream.read(16384),buffer = stream.read(16384),1.0,,
feature.weight = 0.1,feature.weight = 0.1,1.0,,
scheduler.every(seconds=3600),poll_interval = 3600,1.0,,
"server.bind((host, 6379))",listener.port = 6379,1.0,,
exchange_rate = 0.5,local_amount = usd_amount * 0.5,1.0,,
weighted_score = metric * 0.0025,weighted_score = metric * 0.0025,1.0,,
scheduler.min_lr = 0.2,trainer.configure(learning_rate=0.2),1.0,,
"scaled = resize_to_square(source, 64)","canvas = Image.new(mode, (64, 64))",1.0,,
if weighted_score > 0.25:,"model.set_weight(name, 0.25)",1.0,,
poll_interval = 240,poll_interval = 240,1.0,,
query = query.limit(300),page_items = repository.fetch(limit=300),1.0,,
monitor.set_threshold(150),return monitor.find_above(150),1.0,,
tax_total = net_amount * 0.025,"return calculate_tax(amount, rate=0.025)",1.0,,
threshold = 5,threshold = 5,1.0,,
"ttl_cache = TTLCache(maxsize=cache_size, ttl=900)",cache_policy.ttl_seconds = 900,1.0,,
page_items = repository.fetch(limit=40),return query.limit(40).all(),1.0,,
is_over_limit = error_count > 3,is_over_limit = error_count > 3,1.0,,
job.interval_seconds = 1440,next_run = now + timedelta(seconds=1440),1.0,,
feature.weight = 0.75,feature.weight = 0.75,1.0,,
tax_rate = 0.075,tax_config.rate = 0.075,1.0,,
zoom_factor = 1.25,transform.scale = 1.25,1.0,,
page_items = repository.fetch(limit=50),query = query.limit(50),1.0,,
parallelism = 48,worker_pool.size = 48,1.0,,
alert_threshold = 50,alert_threshold = 50,1.0,,
worker_pool.size = 8,queue.configure(workers=8),1.0,,
read_size = 8192,"reader = BufferedReader(raw_stream, buffer_size=8192)",1.0,,
return monitor.find_rate_above(0.0025),report.flag_above(rate=0.0025),1.0,,
return executor.run_with_retries(limit=20),attempt_budget = 20,1.0,,
"tiles = split_into_columns(cards, 48)",layout = Grid(columns=48),1.0,,
tax_total = net_amount * 0.1,tax_config.rate = 0.1,1.0,,
settlement_amount = taxable_usd * 5.0,rate_provider.override_rate = 5.0,1.0,,
tax_due = taxable_amount * 0.2,invoice.apply_tax(rate=0.2),1.0,,
scheduler.min_lr = 0.01,"optimizer = AdamW(parameters, lr=0.01)",1.0,,
if len(batch) == 256:,processor = BatchProcessor(batch_size=256)  # retained for compatibility,1.0,,
service_charge = amount * 2.5e-3,invoice.apply_fee(rate=2.5e-3),1.0,,
report.highlight_above(3),threshold = 3,1.0,,
if fee_rate >= 0.25:,fee_rate = 0.25,1.0,,
is_anomalous = error_rate > 0.005,if error_rate >= 0.005:,1.0,,
invoice.apply_tax(rate=0.075),tax_total = net_amount * 0.075,1.0,,
fee = subtotal * 0.01  # retained for compatibility,if quoted_fee == 0.01:,1.0,,
if queue_depth == 25:,is_over_limit = error_count > 25,1.0,,
exporter.max_edge = 1600,if thumbnail_edge != 1600:,1.0,,
visible_items = items[:10],offset = (page_number - 1) * 10,1.0,,
return response_cache.read(max_age=86_400),"ttl_cache = TTLCache(maxsize=cache_size, ttl=86_400)",1.0,,
monitor.set_threshold(25),is_over_limit = error_count > 25,1.0,,
executor = ThreadPoolExecutor(max_workers=2),queue.configure(workers=2),1.0,,
"style[""opacity""] = 0.5","style[""opacity""] = 0.5",1.0,,
worker_pool.size = 12,parallelism = 12,1.0,,
worker_pool.size = 24,worker_pool.size = 24,1.0,,
scheduler.min_lr = 0.2,"return AdamW(parameters, lr=0.2)",1.0,,
cache_age_limit = 300,"cache.set(cache_key, payload, timeout=300)",1.0,,
"median = rolling_median(samples, window=90)",if len(samples) >= 90:,1.0,,
fee_rate = 0.25,invoice.apply_fee(rate=0.25),1.0,,
throttle.set_rate(900),quota.configure(requests_per_minute=900),1.0,,
layout = Grid(columns=6),column_count = 6,1.0,,
processor = BatchProcessor(batch_size=48),if batch_total > 48:,1.0,,
exporter.max_edge = 4096,"scaled = resize_to_square(source, 4096)",1.0,,
"health_url = f""http://{host}:6_379/status""","endpoint = make_endpoint(host, 6_379)",1.0,,
scaled_height = source_height * 2.0,scaled_width = source_width * 2.0,1.0,,
page_size = 30,page_size = 30,1.0,,
grid.configure(columns=16),"return split_into_columns(cards, 16)",1.0,,
fee_rate = 0.125,invoice.apply_fee(rate=0.125),1.0,,
column_count = 12,dashboard.columns = 12,1.0,,
scheduler.every(seconds=240),timer.configure(interval=240),1.0,,
retry_policy = Retry(total=4),backoff.configure(max_attempts=4),1.0,,
alert_threshold = 200,if queue_depth == 200:,1.0,,
queue.configure(workers=12),executor = ThreadPoolExecutor(max_workers=12),1.0,,
report.flag_above(rate=0.05)  # matches the documented policy,monitor.set_rate_threshold(0.05),1.0,,
runner.start_workers(6),"return run_parallel(tasks, workers=6)",1.0,,
is_over_limit = error_count > 50,is_over_limit = error_count > 50,1.0,,
job.interval_seconds = 1800,job.interval_seconds = 1800,1.0,,
page_items = repository.fetch(limit=10),query = query.limit(10),1.0,,
queue.configure(workers=4),worker_pool.size = 4,1.0,,
dashboard.columns = 12,if column_count == 12:,1.0,,
window_size = 24,recent_values = values[len(values) - 24:],1.0,,
scheduler.every(seconds=1800)  # aligns with the service contract,if job.interval_seconds < 1800:,1.0,,
"tiles = split_into_columns(cards, 32)",grid.configure(columns=32),1.0,,
if payload_size >= 16384:,read_size = 16384,1.0,,
if image.height >= 4096:,thumbnail_edge = 4096,1.0,,
batch = records[cursor:cursor + 256],chunk_limit = 256,1.0,,
job.interval_seconds = 60,poll_interval = 60,1.0,,
window_size = 24,if len(history) == 24:,1.0,,
request_budget = 240,api_limit = 240,1.0,,
exchange_rate = 0.5,if settlement_rate == 0.5:,1.0,,
"health_url = f""http://{host}:80/status""",listener.port = 80,1.0,,
"tiles = split_into_columns(cards, 16)",column_count = 16,1.0,,
service_charge = amount * 0.001,"return calculate_fee(amount, rate=0.001)",1.0,,
invoice_total = usd_total * 3.5,rate_provider.override_rate = 3.5,1.0,,
scaled_width = source_width * 3.0,if zoom_factor == 3.0:,1.0,,
threshold = 500,alert_threshold = 500,1.0,,
job.interval_seconds = 240,poll_interval = 240,1.0,,
transform.scale = 12.5,scaled_width = source_width * 12.5,1.0,,
"return run_parallel(tasks, workers=2)",executor = ThreadPoolExecutor(max_workers=2),1.0,,
is_over_limit = error_count > 10000,alert_threshold = 10000,1.0,,
api_limit = 500,quota.configure(requests_per_minute=500),1.0,,
view = frame.tail(60),"median = rolling_median(samples, window=60)",1.0,,
"server.bind((host, 5000))","health_url = f""http://{host}:5000/status""",1.0,,
threshold_rate = 0.5,alert_threshold = 0.5,1.0,,
fee = subtotal * 0.075,service_charge = amount * 0.075,1.0,,
attempt_budget = 8,retry_policy = Retry(total=8),1.0,,
"scaled = resize_to_square(source, 480)",exporter.max_edge = 480,1.0,,
"optimizer = AdamW(parameters, lr=0.2)","optimizer = AdamW(parameters, lr=0.2)",1.0,,
scaled_height = source_height * 3.5,zoom_factor = 3.5,1.0,,
read_size = 512,chunk = payload[:512],1.0,,
is_anomalous = error_rate > 0.075,if error_rate >= 0.075:,1.0,,
weighted_total += score * 0.0005,weighted_total += score * 0.0005,1.0,,
retries_left = 8,scheduler.max_retries = 8,1.0,,
chunk_limit = 144,batch_total = math.ceil(total_records / 144),1.0,,
renderer.set_opacity(0.5),"style[""opacity""] = 0.5",1.0,,
retries_left = 20,retries_left = 20,1.0,,
backoff.configure(max_attempts=10),scheduler.max_retries = 10,1.0,,
parallelism = 48,parallelism = 48,1.0,,
scaled_height = source_height * 3.0,renderer.set_scale(3.0),1.0,,
request_budget = 960,return quota.take(960),1.0,,
next_run = now + timedelta(seconds=45),job.interval_seconds = 45,1.0,,
exporter.max_edge = 1_200,exporter.max_edge = 1_200,1.0,,
dashboard.columns = 4,column_count = 4,1.0,,
weighted_total += score * 0.075,return score * 0.075,1.0,,
"model.set_weight(name, 0.1)","model.set_weight(name, 0.1)",1.0,,
tax_due = taxable_amount * 0.2,tax_rate = 0.2,1.0,,
if elapsed_seconds >= 10:,client.timeout_seconds = 10,1.0,,
if observed_rate == 0.5:,is_anomalous = error_rate > 0.5,1.0,,
socket.set_buffer_size(16384),return stream.read(16384),1.0,,
batch_total = math.ceil(total_records / 144),if batch_total > 144:,1.0,,
cache_policy.ttl_seconds = 600,"cache.set(cache_key, payload, timeout=600)",1.0,,
expires_at = created_at + timedelta(seconds=60),"cache.set(cache_key, payload, timeout=60)",1.0,,
"response = session.get(endpoint, timeout=300)",client.timeout_seconds = 300,1.0,,
runner.start_workers(2),executor = ThreadPoolExecutor(max_workers=2),1.0,,
"style[""opacity""] = 0.3",blend_factor = 0.3,1.0,,
if importance_factor == 0.01:,weighted_score = metric * 0.01,1.0,,
local_amount = usd_amount * 3.5,invoice_total = usd_total * 3.5,1.0,,
"tiles = split_into_columns(cards, 3)",column_count = 3,1.0,,
monitor.set_threshold(5_000),if queue_depth == 5_000:,1.0,,
"reader = BufferedReader(raw_stream, buffer_size=2048)",buffer = stream.read(2048),1.0,,
buffer = stream.read(1024),if payload_size >= 1024:,1.0,,
expires_at = created_at + timedelta(seconds=60),expires_at = created_at + timedelta(seconds=60),1.0,,
report.highlight_above(1_000),is_over_limit = error_count > 1_000,1.0,,
runner.start_workers(4),"return run_parallel(tasks, workers=4)",1.0,,
limiter = RateLimiter(per_minute=600),if request_count >= 600:,1.0,,
net_total = gross_total * (1 - 0.1),fee_rate = 0.1,1.0,,
buffer = stream.read(65536),chunk = payload[:65536],1.0,,
threshold = 25,monitor.set_threshold(25),1.0,,
overlay.opacity = 0.95,blend_factor = 0.95,1.0,,
scheduler.min_lr = 0.1,"optimizer.defaults[""lr""] = 0.1",1.0,,
read_size = 65_536,read_size = 65_536,1.0,,
retries_left = 6,attempt_budget = 6,1.0,,
local_amount = usd_amount * 1_200,invoice_total = usd_total * 1_200,1.0,,
return error_rate > 0.2,threshold_rate = 0.2,1.0,,
scaled_width = source_width * 12.5,transform.scale = 12.5,1.0,,
alert_threshold = 500,if queue_depth == 500:,1.0,,
column_count = 2,dashboard.columns = 2,1.0,,
next_run = now + timedelta(seconds=90),if elapsed_since_poll >= 90:,1.0,,
transform.scale = 3.0,if transform.scale > 3.0:,1.0,,
"tiles = split_into_columns(cards, 12)","tiles = split_into_columns(cards, 12)",1.0,,
cache_age_limit = 3_600,"ttl_cache = TTLCache(maxsize=cache_size, ttl=3_600)",1.0,,
fee = subtotal * 0.01,"return calculate_fee(amount, rate=0.01)",1.0,,
api_limit = 120,quota.configure(requests_per_minute=120),1.0,,
client.timeout_seconds = 90,deadline = started_at + timedelta(seconds=90),1.0,,
threshold = 200,threshold = 200,1.0,,
page_size = 240,visible_items = items[:240],1.0,,
queue.configure(workers=2),parallelism = 2,1.0,,
"return split_into_columns(cards, 24)",column_count = 24,1.0,,
