code,probability,prob_human_validation,final_ground_truth
campaign_code,0.0,,
owner_team,0.0,,
rotation_period,0.0,,
publish_state,0.0,,
fan_profile,0.0,,
department_name,0.0,,
notification_sound,0.0,,
gradient_clip,0.0,,
notification_email,0.0,,
purchase_order,0.0,,
timeout_seconds,0.0,,
retry_limit,0.0,,
audit_enabled,0.0,,
font_size,0.0,,
execution_mode,0.0,,
cache_dir,0.0,,
alert_threshold,0.0,,
retention_days,0.0,,
color_scheme,0.0,,
display_name,0.0,,
batch_size,0.0,,
loss_weight,0.0,,
approval_required,0.0,,
keyboard_layout,0.0,,
audio_volume,0.0,,
delivery_channel,0.0,,
log_file,0.0,,
poll_interval,0.0,,
working_directory,0.0,,
sidebar_open,0.0,,
archive_path,0.0,,
power_mode,0.0,,
max_attempts,0.0,,
webhook_url,0.0,,
model_name,0.0,,
log_level,0.0,,
checkpoint_step,0.0,,
escalation_policy,0.0,,
temp_dir,0.0,,
reviewer_count,0.0,,
article_slug,0.0,,
feature_count,0.0,,
job_name,0.0,,
locale,0.0,,
thermal_limit,0.0,,
queue_depth,0.0,,
comment_count,0.0,,
dropout_rate,0.0,,
signature_key,0.0,,
compact_view,0.0,,
task_label,0.0,,
incident_owner,0.0,,
usb_mode,0.0,,
deployment_stage,0.0,,
digest_frequency,0.0,,
visibility_scope,0.0,,
mute_until,0.0,,
battery_level,0.0,,
access_level,0.0,,
sms_enabled,0.0,,
output_dir,0.0,,
template_key,0.0,,
learning_rate,0.0,,
change_ticket,0.0,,
random_seed,0.0,,
content_rating,0.0,,
file_encoding,0.0,,
theme_name,0.0,,
approval_state,0.0,,
backoff_factor,0.0,,
run_id,0.0,,
show_timestamps,0.0,,
customer_tier,0.0,,
revision_note,0.0,,
debug_mode,0.0,,
epoch_count,0.0,,
compliance_mode,0.0,,
lock_path,0.0,,
trace_enabled,0.0,,
sleep_timeout,0.0,,
"owner_team,show_timestamps",0.0,,
"working_directory,department_name",0.0,,
"cache_dir,purchase_order",0.0,,
"change_ticket,escalation_policy",0.0,,
"customer_tier,learning_rate",0.0,,
"battery_level,debug_mode",0.0,,
"digest_frequency,debug_mode",0.0,,
"trace_enabled,webhook_url",0.0,,
"author_alias,mute_until",0.0,,
"webhook_url,archive_path",0.0,,
"policy_name,battery_level",0.0,,
"dropout_rate,lock_path",0.0,,
"audit_enabled,priority_level",0.0,,
"sleep_timeout,revision_note",0.0,,
"audio_volume,article_slug",0.0,,
"job_name,retention_days",0.0,,
"author_alias,loss_weight",0.0,,
"locale,release_channel",0.0,,
"audit_enabled,log_file",0.0,,
"working_directory,approval_state",0.0,,
"release_channel,power_mode",0.0,,
"lock_path,batch_size",0.0,,
"power_mode,debug_mode",0.0,,
"learning_rate,visibility_scope",0.0,,
"worker_count,page_title",0.0,,
"sidebar_open,random_seed",0.0,,
"poll_interval,date_format",0.0,,
"reviewer_count,log_file",0.0,,
"reviewer_count,font_size",0.0,,
"template_key,webhook_url",0.0,,
"revision_note,delivery_channel",0.0,,
"job_name,cost_center",0.0,,
"task_label,summary_text",0.0,,
"archive_path,queue_depth",0.0,,
"queue_depth,reviewer_count",0.0,,
"task_label,content_rating",0.0,,
"owner_team,delivery_channel",0.0,,
"retry_limit,display_name",0.0,,
"file_encoding,poll_interval",0.0,,
"purchase_order,incident_owner",0.0,,
"execution_mode,feature_count",0.0,,
"debug_mode,mute_until",0.0,,
"priority_level,retry_limit",0.0,,
"access_level,release_channel",0.0,,
"batch_size,worker_count",0.0,,
"signature_key,approval_state",0.0,,
"retention_days,feature_count",0.0,,
"random_seed,template_key",0.0,,
"sidebar_open,dropout_rate",0.0,,
"display_name,audit_enabled",0.0,,
"department_name,gradient_clip",0.0,,
"sidebar_open,audit_enabled",0.0,,
"sidebar_open,notification_email",0.0,,
"model_name,debug_mode",0.0,,
"display_name,random_seed",0.0,,
"alert_threshold,department_name",0.0,,
"log_level,mute_until",0.0,,
"archive_path,font_size",0.0,,
"cost_center,dropout_rate",0.0,,
"date_format,file_encoding",0.0,,
"approval_state,checkpoint_step",0.0,,
"invoice_id,screen_brightness",0.0,,
"purchase_order,template_key",0.0,,
"worker_count,purchase_order",0.0,,
"checkpoint_step,change_ticket",0.0,,
"learning_rate,sender_name",0.0,,
"reviewer_count,page_title",0.0,,
"priority_level,escalation_policy",0.0,,
"log_file,random_seed",0.0,,
"priority_level,audit_enabled",0.0,,
"log_level,publish_state",0.0,,
"sender_name,customer_tier",0.0,,
"alert_threshold,loss_weight",0.0,,
"lock_path,sender_name",0.0,,
"message_template,risk_level",0.0,,
"sms_enabled,loss_weight",0.0,,
"deployment_stage,locale",0.0,,
"campaign_code,audio_volume",0.0,,
"trace_enabled,model_name",0.0,,
"config_path,usb_mode",0.0,,
"compliance_mode,change_ticket",0.0,,
"debug_mode,log_file",0.0,,
"approval_state,config_path",0.0,,
"compliance_mode,font_size",0.0,,
"campaign_code,animation_speed",0.0,,
"revision_note,font_size",0.0,,
"escalation_policy,theme_name",0.0,,
"font_size,message_template",0.0,,
"revision_note,approval_state",0.0,,
"visibility_scope,show_timestamps",0.0,,
"comment_count,deployment_stage",0.0,,
"show_timestamps,access_level",0.0,,
"log_file,font_size",0.0,,
"revision_note,trace_enabled",0.0,,
"learning_rate,notification_email",0.0,,
"author_alias,cache_dir",0.0,,
"backoff_factor,message_template",0.0,,
"animation_speed,publish_state",0.0,,
"date_format,output_dir",0.0,,
"summary_text,display_name",0.0,,
"temp_dir,execution_mode",0.0,,
"compact_view,sms_enabled",0.0,,
"cache_dir,theme_name",0.0,,
"batch_size,review_window",0.0,,
"customer_tier,comment_count",0.0,,
"log_level,font_size",0.0,,
"log_file,page_title",0.0,,
"job_name,audio_volume",0.0,,
"color_scheme,epoch_count",0.0,,
"contract_number,screen_brightness",0.0,,
"poll_interval,log_file",0.0,,
"department_name,theme_name",0.0,,
"digest_frequency,config_path",0.0,,
"backoff_factor,batch_size",0.0,,
"worker_count,model_name",0.0,,
"compliance_mode,log_level",0.0,,
"temp_dir,timeout_seconds",0.0,,
"review_window,content_rating",0.0,,
"signature_key,output_dir",0.0,,
"tag_name,archive_path",0.0,,
"audit_enabled,article_slug",0.0,,
"contract_number,summary_text",0.0,,
"debug_mode,sender_name",0.0,,
"compliance_mode,animation_speed",0.0,,
"cache_dir,release_channel",0.0,,
"risk_level,template_key",0.0,,
"execution_mode,power_mode",0.0,,
"debug_mode,invoice_id",0.0,,
"message_template,retention_days",0.0,,
"delivery_channel,fan_profile",0.0,,
"approval_state,debug_mode",0.0,,
"delivery_channel,incident_owner",0.0,,
"feature_count,poll_interval",0.0,,
"sender_name,invoice_id",0.0,,
"customer_tier,mute_until",0.0,,
"approval_required,signature_key",0.0,,
"log_level,show_timestamps",0.0,,
"priority_level,batch_size",0.0,,
"timeout_seconds,epoch_count",0.0,,
"sleep_timeout,rotation_period",0.0,,
"risk_level,log_level",0.0,,
"comment_count,checkpoint_step",0.0,,
"cache_dir,approval_state",0.0,,
"color_scheme,signature_key",0.0,,
"max_attempts,audit_enabled",0.0,,
"theme_name,audio_volume",0.0,,
"incident_owner,change_ticket",0.0,,
"access_level,display_name",0.0,,
"sender_name,trace_enabled",0.0,,
"policy_name,approval_required",0.0,,
"compact_view,keyboard_layout",0.0,,
"log_level,output_dir",0.0,,
"page_title,campaign_code",0.0,,
"model_name,locale",0.0,,
"content_rating,signature_key",0.0,,
"backoff_factor,job_name",0.0,,
"battery_level,log_level",0.0,,
"customer_tier,theme_name",0.0,,
"notification_email,log_level",0.0,,
"gradient_clip,display_name",0.0,,
"loss_weight,locale",0.0,,
"invoice_id,keyboard_layout",0.0,,
"policy_name,retry_limit",0.0,,
"change_ticket,page_title",0.0,,
"lock_path,digest_frequency",0.0,,
"locale,run_id",0.0,,
"invoice_id,compliance_mode",0.0,,
"archive_path,risk_level",0.0,,
"access_level,customer_tier",0.0,,
"sender_name,priority_level",0.0,,
"checkpoint_step,run_id,sender_name",0.0,,
"priority_level,author_alias,audit_enabled",0.0,,
"audio_volume,message_template,debug_mode",0.0,,
"battery_level,poll_interval,audit_enabled",0.0,,
"release_channel,message_template,audio_volume",0.0,,
"risk_level,log_level,summary_text",0.0,,
"job_name,template_key,animation_speed",0.0,,
"screen_brightness,tag_name,task_label",0.0,,
"rotation_period,lock_path,model_name",0.0,,
"lock_path,deployment_stage,campaign_code",0.0,,
"date_format,article_slug,queue_depth",0.0,,
"author_alias,backup_file,campaign_code",0.0,,
"campaign_code,delivery_channel,file_encoding",0.0,,
"digest_frequency,incident_owner,audio_volume",0.0,,
"page_title,department_name,summary_text",0.0,,
"approval_required,usb_mode,mute_until",0.0,,
"notification_sound,file_encoding,job_name",0.0,,
"display_name,mute_until,customer_tier",0.0,,
"config_path,batch_size,reviewer_count",0.0,,
"working_directory,contract_number,summary_text",0.0,,
"signature_key,thermal_limit,retry_limit",0.0,,
"department_name,backoff_factor,archive_path",0.0,,
"article_slug,rotation_period,sender_name",0.0,,
"dropout_rate,display_name,notification_email",0.0,,
"sms_enabled,approval_state,archive_path",0.0,,
"template_key,epoch_count,sms_enabled",0.0,,
"lock_path,page_title,fan_profile",0.0,,
"notification_sound,cache_dir,debug_mode",0.0,,
"feature_count,cache_dir,debug_mode",0.0,,
"show_timestamps,mute_until,display_name",0.0,,
"animation_speed,purchase_order,max_attempts",0.0,,
"department_name,battery_level,rotation_period",0.0,,
"audit_enabled,comment_count,escalation_policy",0.0,,
"audit_enabled,mute_until,animation_speed",0.0,,
"queue_depth,cost_center,content_rating",0.0,,
"invoice_id,learning_rate,temp_dir",0.0,,
"author_alias,worker_count,release_channel",0.0,,
"timeout_seconds,config_path,screen_brightness",0.0,,
"thermal_limit,backoff_factor,publish_state",0.0,,
"sleep_timeout,signature_key,risk_level",0.0,,
"learning_rate,poll_interval,usb_mode",0.0,,
"model_name,notification_sound,invoice_id",0.0,,
"retention_days,sidebar_open,usb_mode",0.0,,
"mute_until,priority_level,trace_enabled",0.0,,
"retry_limit,compact_view,audit_enabled",0.0,,
"review_window,sidebar_open,learning_rate",0.0,,
"locale,deployment_stage,keyboard_layout",0.0,,
"sms_enabled,invoice_id,change_ticket",0.0,,
"priority_level,notification_sound,model_name",0.0,,
"rotation_period,customer_tier,tag_name",0.0,,
"debug_mode,date_format,sleep_timeout",0.0,,
"summary_text,invoice_id,log_level",0.0,,
"archive_path,sleep_timeout,animation_speed",0.0,,
"alert_threshold,backup_file,backoff_factor",0.0,,
"timeout_seconds,archive_path,summary_text",0.0,,
"date_format,notification_sound,file_encoding",0.0,,
"date_format,customer_tier,template_key",0.0,,
"approval_state,loss_weight,archive_path",0.0,,
"battery_level,lock_path,theme_name",0.0,,
"locale,content_rating,notification_sound",0.0,,
"review_window,customer_tier,change_ticket",0.0,,
"approval_state,timeout_seconds,approval_required",0.0,,
"sms_enabled,cache_dir,tag_name",0.0,,
"display_name,page_title,log_level",0.0,,
"color_scheme,task_label,trace_enabled",0.0,,
"comment_count,max_attempts,digest_frequency",0.0,,
"approval_state,worker_count,audit_enabled",0.0,,
"feature_count,signature_key,working_directory",0.0,,
"fan_profile,author_alias,date_format",0.0,,
"show_timestamps,job_name,escalation_policy",0.0,,
"display_name,locale,cost_center",0.0,,
"signature_key,visibility_scope,loss_weight",0.0,,
"gradient_clip,change_ticket,priority_level",0.0,,
"review_window,temp_dir,color_scheme",0.0,,
"locale,approval_required,purchase_order",0.0,,
"batch_size,battery_level,template_key",0.0,,
"signature_key,customer_tier,locale",0.0,,
"log_file,usb_mode,policy_name",0.0,,
"lock_path,campaign_code,checkpoint_step",0.0,,
"tag_name,deployment_stage,escalation_policy",0.0,,
"reviewer_count,publish_state,backoff_factor",0.0,,
"epoch_count,notification_email,incident_owner",0.0,,
"contract_number,notification_sound,file_encoding",0.0,,
"sms_enabled,compliance_mode,checkpoint_step",0.0,,
"dropout_rate,contract_number,change_ticket",0.0,,
"delivery_channel,summary_text,random_seed",0.0,,
"learning_rate,queue_depth,working_directory",0.0,,
"notification_sound,dropout_rate,invoice_id",0.0,,
"visibility_scope,color_scheme,debug_mode",0.0,,
"output_dir,purchase_order,usb_mode",0.0,,
"article_slug,keyboard_layout,risk_level",0.0,,
"summary_text,backup_file,message_template",0.0,,
"escalation_policy,show_timestamps,audit_enabled",0.0,,
"template_key,timeout_seconds,campaign_code",0.0,,
"log_level,audio_volume,model_name",0.0,,
"execution_mode,purchase_order,lock_path",0.0,,
"locale,access_level,campaign_code",0.0,,
"alert_threshold,release_channel,sender_name",0.0,,
"owner_team,sms_enabled,trace_enabled",0.0,,
"thermal_limit,poll_interval,tag_name",0.0,,
"keyboard_layout,invoice_id,sidebar_open",0.0,,
"article_slug,dropout_rate,locale",0.0,,
"keyboard_layout,alert_threshold,working_directory",0.0,,
"digest_frequency,model_name,reviewer_count",0.0,,
"backoff_factor,compact_view,author_alias",0.0,,
"signature_key,font_size,cost_center",0.0,,
"reviewer_count,digest_frequency,article_slug",0.0,,
"model_name,sleep_timeout,sms_enabled",0.0,,
"contract_number,display_name,config_path",0.0,,
"visibility_scope,animation_speed,audit_enabled",0.0,,
"battery_level,owner_team,signature_key",0.0,,
"log_file,dropout_rate,approval_state",0.0,,
"random_seed,date_format,queue_depth",0.0,,
"invoice_id,owner_team,learning_rate",0.0,,
"power_mode,debug_mode,approval_state",0.0,,
"thermal_limit,archive_path,department_name",0.0,,
"keyboard_layout,page_title,access_level",0.0,,
"feature_count,escalation_policy,summary_text",0.0,,
"delivery_channel,comment_count,power_mode",0.0,,
"model_name,retention_days,screen_brightness",0.0,,
"webhook_url,execution_mode,show_timestamps",0.0,,
"config_path,usb_mode,access_level",0.0,,
"access_level,content_rating,theme_name",0.0,,
"keyboard_layout,compact_view,temp_dir",0.0,,
"sleep_timeout,learning_rate,temp_dir",0.0,,
"approval_required,backup_file,sender_name",0.0,,
"backoff_factor,config_path,feature_count",0.0,,
"campaign_code,animation_speed,task_label",0.0,,
"cache_dir,article_slug,signature_key",0.0,,
"visibility_scope,compact_view,change_ticket",0.0,,
"policy_name,model_name,queue_depth",0.0,,
"owner_team,poll_interval,article_slug",0.0,,
"change_ticket,mute_until,backoff_factor",0.0,,
"notification_sound,log_level,backup_file",0.0,,
"power_mode,date_format,template_key",0.0,,
"delivery_channel,model_name,worker_count",0.0,,
"delivery_channel,customer_tier,checkpoint_step",0.0,,
"publish_state,log_file,escalation_policy",0.0,,
"priority_level,template_key,trace_enabled",0.0,,
"audit_enabled,model_name,template_key",0.0,,
"epoch_count,queue_depth,job_name",0.0,,
"color_scheme,batch_size,rotation_period",0.0,,
"policy_name,change_ticket,queue_depth",0.0,,
"digest_frequency,content_rating,run_id",0.0,,
"priority_level,font_size,power_mode",0.0,,
"access_level,sleep_timeout,font_size",0.0,,
"policy_name,page_title,power_mode",0.0,,
"mute_until,display_name,log_file",0.0,,
"power_mode,revision_note,notification_sound",0.0,,
"locale,template_key,model_name",0.0,,
"actual_value,expected_value",0.05000,,
"include_archived,include_deleted",0.05075,,
"source_path,destination_path,trace_id",0.05150,,
"start_date,end_date",0.05225,,
"include_deleted,include_archived",0.05300,,
"username,password,tags",0.05375,,
"read_timeout,write_timeout",0.05450,,
"region_code,language_code",0.05525,,
"output_stream,input_stream",0.05601,,
"context,region_code,language_code",0.05676,,
"lower_bound,upper_bound",0.05751,,
"header_name,header_value,trace_id",0.05826,,
"start_offset,end_offset",0.05901,,
"foreground_color,background_color,allow_partial",0.05976,,
"width,height",0.06051,,
"destination,origin",0.06126,,
"database_name,table_name,idempotency_key",0.06201,,
"host,note,port",0.06276,,
"lower_bound,tags,upper_bound",0.06351,,
"foreground_color,background_color,strict_mode",0.06426,,
"x_coord,y_coord",0.06501,,
"source_path,destination_path",0.06576,,
"header_name,header_value",0.06651,,
"created_after,created_before,retry_policy",0.06726,,
"email_address,phone_number",0.06802,,
"lower_bound,upper_bound,retry_policy",0.06877,,
"last_name,allow_partial,first_name",0.06952,,
"correlation_id,database_name,table_name",0.07027,,
"input_stream,output_stream",0.07102,,
"width,height,actor_id",0.07177,,
"key_name,key_value",0.07252,,
"include_archived,include_deleted,validate_only",0.07327,,
"row_count,column_count,actor_id",0.07402,,
"username,password,metadata",0.07477,,
"retry_count,retry_delay,audit_log",0.07552,,
"page_number,page_size,on_error",0.07627,,
"page_number,page_size",0.07702,,
"min_length,max_length",0.07777,,
"start_index,end_index",0.07852,,
"client_id,client_secret,operation_name",0.07927,,
"expected_value,actual_value",0.08003,,
"input_stream,output_stream,callback",0.08078,,
"created_after,created_before,allow_partial",0.08153,,
"latitude,longitude,on_error",0.08228,,
"username,password,retry_policy",0.08303,,
"host,port",0.08378,,
"min_value,max_value",0.08453,,
"min_value,max_value,request_id",0.08528,,
"width,height,context",0.08603,,
"latitude,longitude,emit_events",0.08678,,
"key_name,key_value,metadata",0.08753,,
"min_length,max_length,retry_policy",0.08828,,
"width,height,callback",0.08903,,
"client_id,client_secret,metadata",0.08978,,
"created_after,created_before",0.09053,,
"host,port,retry_policy",0.09128,,
"created_after,created_before,strict_mode",0.09204,,
"origin,destination",0.09279,,
"on_error,latitude,longitude",0.09354,,
"phone_number,email_address,audit_log",0.09429,,
"column_count,row_count",0.09504,,
"database_name,table_name,strict_mode",0.09579,,
"password,username",0.09654,,
"header_name,header_value,note",0.09729,,
"port,host",0.09804,,
"min_length,max_length,idempotency_key",0.09879,,
"foreground_color,background_color",0.09954,,
"start_index,end_index,tags",0.10029,,
"page_number,context,page_size",0.10104,,
"first_name,correlation_id,last_name",0.10179,,
"host,port,allow_partial",0.10254,,
"row_count,column_count",0.10329,,
"latitude,longitude",0.10405,,
"min_value,retry_policy,max_value",0.10480,,
"callback,start_offset,end_offset",0.10555,,
"sender_id,idempotency_key,receiver_id",0.10630,,
"key_name,key_value,allow_partial",0.10705,,
"upper_bound,lower_bound,emit_events",0.10780,,
"created_before,created_after",0.10855,,
"actual_value,expected_value,idempotency_key",0.10930,,
"retry_count,retry_delay",0.11005,,
"username,password,validate_only",0.11080,,
"read_timeout,write_timeout,operation_name",0.11155,,
"retry_policy,start_offset,end_offset",0.11230,,
"background_color,foreground_color,callback",0.11305,,
"sender_id,receiver_id",0.11380,,
"email_address,phone_number,audit_log",0.11455,,
"language_code,region_code",0.11530,,
"language_code,region_code,trace_id",0.11606,,
"foreground_color,background_color,trace_id",0.11681,,
"client_secret,client_id",0.11756,,
"min_length,max_length,validate_only",0.11831,,
"first_name,last_name",0.11906,,
"retry_delay,retry_count",0.11981,,
"include_archived,include_deleted,request_id",0.12056,,
"trace_id,max_value,min_value",0.12131,,
"header_value,header_name",0.12206,,
"x_coord,y_coord,trace_id",0.12281,,
"last_name,first_name",0.12356,,
"write_timeout,read_timeout",0.12431,,
"foreground_color,background_color,request_id",0.12506,,
"username,strict_mode,password",0.12581,,
"created_after,created_before,validate_only",0.12656,,
"database_name,table_name,logger",0.12731,,
"lower_bound,upper_bound,idempotency_key",0.12807,,
"retry_count,retry_delay,allow_partial",0.12882,,
"source_path,destination_path,dry_run",0.12957,,
"database_name,table_name,metadata",0.13032,,
"callback,max_length,min_length",0.13107,,
"end_date,start_date",0.13182,,
"foreground_color,background_color,logger",0.13257,,
"client_id,client_secret",0.13332,,
"write_timeout,read_timeout,idempotency_key",0.13407,,
"start_offset,end_offset,tags",0.13482,,
"upper_bound,lower_bound",0.13557,,
"expected_value,actual_value,allow_partial",0.13632,,
"background_color,foreground_color,audit_log",0.13707,,
"username,correlation_id,password",0.13782,,
"column_count,row_count,note",0.13857,,
"username,password,on_error",0.13932,,
"min_length,max_length,tags",0.14008,,
"min_length,max_length,request_id",0.14083,,
"destination_path,allow_partial,source_path",0.14158,,
"source_path,destination_path,request_id",0.14233,,
"read_timeout,write_timeout,strict_mode",0.14308,,
"correlation_id,x_coord,y_coord",0.14383,,
"sender_id,receiver_id,on_error",0.14458,,
"start_date,end_date,operation_name",0.14533,,
"output_stream,input_stream,dry_run",0.14608,,
"key_value,key_name,tags",0.14683,,
"emit_events,expected_value,actual_value",0.14758,,
"read_timeout,write_timeout,audit_log",0.14833,,
"max_value,min_value",0.14908,,
"input_stream,output_stream,note",0.14983,,
"page_number,page_size,sort_by",0.15058,,
"from_version,to_version,migration_name,audit_log",0.15133,,
"width,height,fit_mode,trace_id",0.15209,,
"source_path,destination_path,overwrite",0.15284,,
"read_timeout,write_timeout,connect_timeout",0.15359,,
"currency,decimal_places,rounding_mode,retry_policy",0.15434,,
"migration_name,to_version,on_error,from_version",0.15509,,
"first_name,last_name,display_name",0.15584,,
"host,port,use_tls",0.15659,,
"token,token_type,expires_at",0.15734,,
"upper_bound,step_size,lower_bound",0.15809,,
"realm,username,password",0.15884,,
"latitude,longitude,zoom_level",0.15959,,
"width,height,fit_mode,validate_only",0.16034,,
"retry_policy,start_time,time_zone,end_time",0.16109,,
"height,fit_mode,width",0.16184,,
"width,fit_mode,height",0.16259,,
"currency,decimal_places,rounding_mode",0.16334,,
"end_time,time_zone,start_time,dry_run",0.16410,,
"lower_bound,upper_bound,step_size",0.16485,,
"reply_to,validate_only,sender_email,subject",0.16560,,
"from_version,to_version,migration_name",0.16635,,
"start_time,end_time,time_zone,idempotency_key",0.16710,,
"token_type,expires_at,token,callback",0.16785,,
"prefetch_count,worker_count,queue_name",0.16860,,
"source_path,destination_path,overwrite,retry_policy",0.16935,,
"start_row,end_row,header_row",0.17010,,
"correlation_id,start_row,header_row,end_row",0.17085,,
"username,password,realm,allow_partial",0.17160,,
"migration_name,request_id,from_version,to_version",0.17235,,
"queue_name,worker_count,prefetch_count,metadata",0.17310,,
"emit_events,language_code,fallback_language,region_code",0.17385,,
"currency,decimal_places,logger,rounding_mode",0.17460,,
"input_dir,output_dir,file_pattern",0.17535,,
"overwrite,source_path,destination_path",0.17611,,
"start_time,end_time,time_zone,logger",0.17686,,
"language_code,region_code,fallback_language,request_id",0.17761,,
"rounding_mode,decimal_places,tags,currency",0.17836,,
"validate_only,connect_timeout,write_timeout,read_timeout",0.17911,,
"username,password,realm",0.17986,,
"token,token_type,expires_at,strict_mode",0.18061,,
"host,port,use_tls,correlation_id",0.18136,,
"min_value,max_value,inclusive,trace_id",0.18211,,
"width,height,fit_mode,callback",0.18286,,
"retry_policy,language_code,fallback_language,region_code",0.18361,,
"sender_email,reply_to,subject",0.18436,,
"fit_mode,width,height",0.18511,,
"on_error,first_name,display_name,last_name",0.18586,,
"note,fallback_language,language_code,region_code",0.18661,,
"min_value,inclusive,dry_run,max_value",0.18736,,
"queue_name,worker_count,prefetch_count",0.18812,,
"width,height,fit_mode",0.18887,,
"language_code,region_code,fallback_language",0.18962,,
"start_row,header_row,actor_id,end_row",0.19037,,
"input_dir,output_dir,file_pattern,retry_policy",0.19112,,
"header_row,end_row,start_row",0.19187,,
"width,height,fit_mode,audit_log",0.19262,,
"destination_path,source_path,overwrite",0.19337,,
"read_timeout,write_timeout,connect_timeout,retry_policy",0.19412,,
"to_version,from_version,migration_name,emit_events",0.19487,,
"input_dir,file_pattern,output_dir",0.19562,,
"display_name,last_name,first_name",0.19637,,
"latitude,longitude,zoom_level,allow_partial",0.19712,,
"max_value,inclusive,min_value",0.19787,,
"request_id,height,width,fit_mode",0.19862,,
"end_time,time_zone,logger,start_time",0.19937,,
"lower_bound,upper_bound,step_size,note",0.20013,,
"language_code,region_code,correlation_id,fallback_language",0.20088,,
"realm,username,dry_run,password",0.20163,,
"cache_key,cache_ttl,cache_region,trace_id",0.20238,,
"width,height,fit_mode,request_id",0.20313,,
"read_timeout,write_timeout,connect_timeout,audit_log",0.20388,,
"from_version,to_version,migration_name,retry_policy",0.20463,,
"queue_name,worker_count,prefetch_count,callback",0.20538,,
"cache_key,cache_ttl,cache_region",0.20613,,
"sender_email,subject,reply_to",0.20688,,
"cache_ttl,cache_key,cache_region",0.20763,,
"queue_name,dry_run,worker_count,prefetch_count",0.20838,,
"start_time,end_time,time_zone",0.20913,,
"destination_path,overwrite,source_path",0.20988,,
"height,width,fit_mode,note",0.21063,,
"cache_key,cache_region,cache_ttl",0.21138,,
"end_time,trace_id,time_zone,start_time",0.21214,,
"currency,decimal_places,rounding_mode,operation_name",0.21289,,
"lower_bound,upper_bound,step_size,callback",0.21364,,
"start_row,end_row,header_row,dry_run",0.21439,,
"metadata,end_row,start_row,header_row",0.21514,,
"language_code,region_code,fallback_language,correlation_id",0.21589,,
"height,width,fit_mode,callback",0.21664,,
"lower_bound,upper_bound,step_size,correlation_id",0.21739,,
"realm,password,retry_policy,username",0.21814,,
"start_row,end_row,header_row,logger",0.21889,,
"first_name,display_name,last_name",0.21964,,
"currency,decimal_places,rounding_mode,actor_id",0.22039,,
"page_size,tags,page_number,sort_by",0.22114,,
"input_dir,output_dir,file_pattern,audit_log",0.22189,,
"region_code,language_code,metadata,fallback_language",0.22264,,
"from_version,to_version,migration_name,validate_only",0.22339,,
"max_value,inclusive,idempotency_key,min_value",0.22415,,
"write_timeout,connect_timeout,read_timeout",0.22490,,
"currency,decimal_places,rounding_mode,allow_partial",0.22565,,
"callback,upper_bound,step_size,lower_bound",0.22640,,
"cache_region,cache_ttl,cache_key,emit_events",0.22715,,
"lower_bound,upper_bound,step_size,on_error",0.22790,,
"decimal_places,currency,rounding_mode",0.22865,,
"currency,operation_name,rounding_mode,decimal_places",0.22940,,
"write_timeout,read_timeout,trace_id,connect_timeout",0.23015,,
"from_version,to_version,migration_name,on_error",0.23090,,
"time_zone,start_time,end_time",0.23165,,
"prefetch_count,worker_count,queue_name,allow_partial",0.23240,,
"sort_by,dry_run,page_number,page_size",0.23315,,
"inclusive,idempotency_key,min_value,max_value",0.23390,,
"min_value,max_value,inclusive,request_id",0.23465,,
"inclusive,max_value,min_value,tags",0.23540,,
"read_timeout,write_timeout,connect_timeout,callback",0.23616,,
"read_timeout,write_timeout,connect_timeout,validate_only",0.23691,,
"language_code,region_code,fallback_language,idempotency_key",0.23766,,
"min_value,max_value,inclusive",0.23841,,
"token,token_type,expires_at,context",0.23916,,
"context,currency,rounding_mode,decimal_places",0.23991,,
"first_name,last_name,display_name,strict_mode",0.24066,,
"read_timeout,write_timeout,connect_timeout,operation_name",0.24141,,
"logger,page_number,page_size,sort_by",0.24216,,
"username,password,realm,note",0.24291,,
"latitude,longitude,zoom_level,audit_log",0.24366,,
"currency,decimal_places,rounding_mode,logger",0.24441,,
"sender_email,reply_to,subject,context",0.24516,,
"emit_events,end_time,time_zone,start_time",0.24591,,
"port,validate_only,use_tls,host",0.24666,,
"expires_at,logger,token_type,token",0.24741,,
"first_name,correlation_id,last_name,display_name",0.24817,,
"step_size,logger,upper_bound,lower_bound",0.24892,,
"read_timeout,write_timeout,connect_timeout,emit_events",0.24967,,
"page_number,page_size,sort_by,correlation_id",0.25042,,
"first_name,display_name,last_name,dry_run",0.25117,,
"start_time,end_time,time_zone,validate_only",0.25192,,
"language_code,region_code,fallback_language,emit_events",0.25267,,
"decimal_places,rounding_mode,currency,request_id",0.25342,,
"cache_key,cache_region,cache_ttl,dry_run",0.25417,,
"cache_ttl,idempotency_key,cache_key,cache_region",0.25492,,
"start_time,end_time,time_zone,operation_name",0.25567,,
"trace_id,first_name,last_name,display_name",0.25642,,
"source_path,overwrite,destination_path",0.25717,,
"output_dir,input_dir,file_pattern",0.25792,,
"latitude,longitude,zoom_level,operation_name",0.25867,,
"overwrite,request_id,destination_path,source_path",0.25942,,
"port,host,tags,use_tls",0.26018,,
"first_name,last_name,display_name,logger",0.26093,,
"file_pattern,output_dir,input_dir",0.26168,,
"port,use_tls,host",0.26243,,
"password,username,realm,on_error",0.26318,,
"latitude,longitude,zoom_level,on_error",0.26393,,
"from_version,to_version,migration_name,correlation_id",0.26468,,
"retry_policy,file_pattern,input_dir,output_dir",0.26543,,
"sender_email,reply_to,subject,dry_run",0.26618,,
"overwrite,destination_path,source_path",0.26693,,
"sort_by,page_number,page_size,context",0.26768,,
"start_row,end_row,header_row,metadata",0.26843,,
"start_time,end_time,time_zone,context",0.26918,,
"longitude,zoom_level,latitude,emit_events",0.26993,,
"queue_name,worker_count,prefetch_count,retry_policy",0.27068,,
"subject,reply_to,sender_email",0.27143,,
"use_tls,port,host",0.27219,,
"overwrite,on_error,source_path,destination_path",0.27294,,
"sender_email,operation_name,reply_to,subject",0.27369,,
"queue_name,worker_count,prefetch_count,correlation_id",0.27444,,
"rounding_mode,allow_partial,decimal_places,currency",0.27519,,
"port,host,use_tls",0.27594,,
"queue_name,worker_count,prefetch_count,idempotency_key",0.27669,,
"host,port,use_tls,operation_name",0.27744,,
"on_error,display_name,first_name,last_name",0.27819,,
"cache_key,cache_ttl,cache_region,allow_partial",0.27894,,
"sender_email,reply_to,subject,logger",0.27969,,
"host,port,use_tls,tags",0.28044,,
"first_name,last_name,display_name,correlation_id",0.28119,,
"inclusive,actor_id,max_value,min_value",0.28194,,
"end_time,start_time,time_zone",0.28269,,
"currency,decimal_places,rounding_mode,metadata",0.28344,,
"password,realm,username",0.28420,,
"dry_run,currency,decimal_places,rounding_mode",0.28495,,
"inclusive,min_value,retry_policy,max_value",0.28570,,
"queue_name,worker_count,prefetch_count,allow_partial",0.28645,,
"fallback_language,region_code,language_code",0.28720,,
"host,use_tls,port",0.28795,,
"source_path,destination_path,overwrite,allow_partial",0.28870,,
"lower_bound,step_size,upper_bound",0.28945,,
"read_timeout,write_timeout,connect_timeout,context",0.29020,,
"min_value,max_value,inclusive,audit_log",0.29095,,
"width,fit_mode,logger,height",0.29170,,
"read_timeout,write_timeout,connect_timeout,tags",0.29245,,
"from_version,to_version,migration_name,logger",0.29320,,
"sender_email,reply_to,subject,allow_partial",0.29395,,
"zoom_level,latitude,longitude,context",0.29470,,
"currency,decimal_places,rounding_mode,idempotency_key",0.29545,,
"language_code,region_code,fallback_language,actor_id",0.29621,,
"decimal_places,strict_mode,rounding_mode,currency",0.29696,,
"max_value,audit_log,inclusive,min_value",0.29771,,
"inclusive,min_value,max_value",0.29846,,
"dry_run,decimal_places,rounding_mode,currency",0.29921,,
"migration_name,dry_run,to_version,from_version",0.29996,,
"access_token,refresh_token,expires_in",0.30071,,
"middle_name,first_name,last_name",0.30146,,
"api_region,api_version,api_key",0.30221,,
"db_host,db_port,db_name",0.30296,,
"sample_rate,bit_depth,channel_count",0.30371,,
"client_id,client_secret,redirect_uri",0.30446,,
"release_major,release_minor,release_patch,callback",0.30521,,
"postal_code,street,city",0.30596,,
"year,month,day",0.30671,,
"access_token,refresh_token,expires_in,retry_policy",0.30746,,
"bucket_name,object_key,content_type",0.30822,,
"x,y,z,actor_id",0.30897,,
"page_number,page_size,sort_field",0.30972,,
"callback,client_secret,client_id,redirect_uri",0.31047,,
"tags,port,hostname,protocol",0.31122,,
"left,top,width,height",0.31197,,
"latitude,longitude,altitude",0.31272,,
"channel_count,bit_depth,sample_rate,tags",0.31347,,
"http_method,headers,url,strict_mode",0.31422,,
"first_name,middle_name,last_name,strict_mode",0.31497,,
"x,strict_mode,z,y",0.31572,,
"release_major,release_minor,release_patch,actor_id",0.31647,,
"strict_mode,queue_name,exchange_name,routing_key",0.31722,,
"access_token,refresh_token,expires_in,validate_only",0.31797,,
"first_name,middle_name,last_name",0.31872,,
"file_size_bytes,correlation_id,mime_type,file_name",0.31947,,
"image_width,image_height,color_mode,note",0.32023,,
"source_path,destination_path,backup_path",0.32098,,
"image_width,image_height,color_mode",0.32173,,
"queue_name,exchange_name,operation_name,routing_key",0.32248,,
"latitude,longitude,altitude,audit_log",0.32323,,
"http_method,url,headers,dry_run",0.32398,,
"backup_path,destination_path,source_path",0.32473,,
"note,altitude,latitude,longitude",0.32548,,
"sample_rate,bit_depth,on_error,channel_count",0.32623,,
"x,y,on_error,z",0.32698,,
"api_key,api_region,api_version",0.32773,,
"sample_rate,bit_depth,channel_count,callback",0.32848,,
"z,x,y,logger",0.32923,,
"amount,currency,tax_amount",0.32998,,
"customer_id,order_id,invoice_id,note",0.33073,,
"expires_in,access_token,refresh_token,dry_run",0.33148,,
"file_size_bytes,note,mime_type,file_name",0.33224,,
"temperature_celsius,pressure_hpa,allow_partial,humidity_percent",0.33299,,
"street,postal_code,city",0.33374,,
"http_method,url,headers,logger",0.33449,,
"red,green,blue,allow_partial",0.33524,,
"allow_partial,release_minor,release_major,release_patch",0.33599,,
"queue_name,exchange_name,routing_key,operation_name",0.33674,,
"queue_name,exchange_name,routing_key,correlation_id",0.33749,,
"left,top,width,height,idempotency_key",0.33824,,
"color_mode,callback,image_height,image_width",0.33899,,
"temperature_celsius,humidity_percent,pressure_hpa",0.33974,,
"humidity_percent,pressure_hpa,allow_partial,temperature_celsius",0.34049,,
"sample_rate,channel_count,bit_depth",0.34124,,
"first_name,note,middle_name,last_name",0.34199,,
"refresh_token,expires_in,access_token",0.34274,,
"metric_name,metric_value,metric_unit,idempotency_key",0.34349,,
"red,green,blue,note",0.34425,,
"humidity_percent,metadata,temperature_celsius,pressure_hpa",0.34500,,
"http_method,url,headers",0.34575,,
"client_secret,client_id,redirect_uri",0.34650,,
"file_name,mime_type,file_size_bytes,retry_policy",0.34725,,
"file_name,mime_type,file_size_bytes,tags",0.34800,,
"left,height,width,top",0.34875,,
"refresh_token,access_token,expires_in",0.34950,,
"trace_id,day,year,month",0.35025,,
"pressure_hpa,temperature_celsius,humidity_percent",0.35100,,
"year,day,month,validate_only",0.35175,,
"temperature_celsius,humidity_percent,pressure_hpa,on_error",0.35250,,
"left,height,top,width",0.35325,,
"expires_in,access_token,logger,refresh_token",0.35400,,
"year,month,day,actor_id",0.35475,,
"source_path,backup_path,destination_path",0.35550,,
"street,city,postal_code",0.35626,,
"pitch,emit_events,yaw,roll",0.35701,,
"trace_id,start_column,end_line,start_line",0.35776,,
"tax_amount,currency,correlation_id,amount",0.35851,,
"sample_rate,channel_count,bit_depth,idempotency_key",0.35926,,
"object_key,content_type,bucket_name",0.36001,,
"file_name,file_size_bytes,validate_only,mime_type",0.36076,,
"image_height,color_mode,image_width",0.36151,,
"end_line,context,start_column,start_line",0.36226,,
"release_major,release_minor,release_patch",0.36301,,
"image_width,image_height,color_mode,idempotency_key",0.36376,,
"db_port,db_name,db_host",0.36451,,
"ip_address,mac_address,device_id,operation_name",0.36526,,
"metric_unit,metric_value,metric_name",0.36601,,
"postal_code,operation_name,city,street",0.36676,,
"y,z,x",0.36751,,
"file_size_bytes,mime_type,file_name",0.36827,,
"release_minor,release_patch,actor_id,release_major",0.36902,,
"left,top,width,height,callback",0.36977,,
"protocol,hostname,port",0.37052,,
"redirect_uri,client_id,client_secret",0.37127,,
"left,height,top,actor_id,width",0.37202,,
"x,y,z,correlation_id",0.37277,,
"y,operation_name,x,z",0.37352,,
"bit_depth,channel_count,sample_rate",0.37427,,
"on_error,pressure_hpa,temperature_celsius,humidity_percent",0.37502,,
"temperature_celsius,humidity_percent,pressure_hpa,audit_log",0.37577,,
"mac_address,ip_address,device_id",0.37652,,
"red,green,blue",0.37727,,
"release_minor,note,release_major,release_patch",0.37802,,
"api_key,api_region,api_version,strict_mode",0.37877,,
"api_key,api_region,api_version,dry_run",0.37952,,
"red,green,blue,request_id",0.38028,,
"month,year,day",0.38103,,
"last_name,first_name,middle_name",0.38178,,
"bucket_name,object_key,content_type,callback",0.38253,,
"file_name,mime_type,file_size_bytes",0.38328,,
"roll,pitch,yaw,operation_name",0.38403,,
"longitude,altitude,callback,latitude",0.38478,,
"access_token,refresh_token,expires_in,context",0.38553,,
"sort_field,page_size,page_number",0.38628,,
"sample_rate,bit_depth,channel_count,trace_id",0.38703,,
"red,green,blue,context",0.38778,,
"source_path,destination_path,backup_path,allow_partial",0.38853,,
"db_host,db_port,db_name,retry_policy",0.38928,,
"roll,pitch,yaw,emit_events",0.39003,,
"client_secret,redirect_uri,dry_run,client_id",0.39078,,
"start_line,end_line,start_column",0.39153,,
"queue_name,exchange_name,routing_key",0.39229,,
"channel_count,sample_rate,bit_depth",0.39304,,
"start_date,end_date,timezone,audit_log",0.39379,,
"end_line,start_line,start_column",0.39454,,
"start_date,timezone,end_date",0.39529,,
"protocol,hostname,port,correlation_id",0.39604,,
"roll,pitch,yaw,metadata",0.39679,,
"db_host,db_port,db_name,request_id",0.39754,,
"correlation_id,yaw,pitch,roll",0.39829,,
"start_column,start_line,end_line",0.39904,,
"release_patch,release_major,release_minor",0.39979,,
"image_height,image_width,color_mode",0.40054,,
"street,city,postal_code,retry_policy",0.40129,,
"metric_name,metric_value,metric_unit",0.40204,,
"year,month,day,trace_id",0.40279,,
"destination_path,backup_path,strict_mode,source_path",0.40354,,
"url,headers,retry_policy,http_method",0.40430,,
"altitude,longitude,latitude",0.40505,,
"source_path,destination_path,backup_path,emit_events",0.40580,,
"order_id,invoice_id,customer_id",0.40655,,
"pitch,strict_mode,yaw,roll",0.40730,,
"routing_key,queue_name,exchange_name",0.40805,,
"latitude,altitude,longitude",0.40880,,
"release_minor,release_major,request_id,release_patch",0.40955,,
"blue,green,red",0.41030,,
"refresh_token,expires_in,access_token,allow_partial",0.41105,,
"currency,amount,tax_amount",0.41180,,
"api_region,tags,api_version,api_key",0.41255,,
"release_major,release_patch,release_minor",0.41330,,
"headers,http_method,emit_events,url",0.41405,,
"longitude,latitude,altitude",0.41480,,
"ip_address,mac_address,device_id,callback",0.41555,,
"x,y,z",0.41631,,
"sample_rate,bit_depth,channel_count,allow_partial",0.41706,,
"queue_name,routing_key,exchange_name,audit_log",0.41781,,
"ip_address,mac_address,device_id",0.41856,,
"client_secret,redirect_uri,retry_policy,client_id",0.41931,,
"callback,end_date,timezone,start_date",0.42006,,
"refresh_token,expires_in,access_token,context",0.42081,,
"roll,pitch,yaw",0.42156,,
"validate_only,page_number,page_size,sort_field",0.42231,,
"amount,currency,tax_amount,trace_id",0.42306,,
"postal_code,street,city,metadata",0.42381,,
"hour,minute,second",0.42456,,
"top,left,metadata,height,width",0.42531,,
"height,left,width,top",0.42606,,
"page_number,page_size,sort_field,note",0.42681,,
"first_name,last_name,middle_name",0.42756,,
"image_width,image_height,color_mode,operation_name",0.42832,,
"device_id,mac_address,ip_address",0.42907,,
"pressure_hpa,humidity_percent,temperature_celsius",0.42982,,
"month,day,year",0.43057,,
"image_width,image_height,color_mode,trace_id",0.43132,,
"request_id,amount,tax_amount,currency",0.43207,,
"db_host,db_port,db_name,callback",0.43282,,
"timezone,start_date,trace_id,end_date",0.43357,,
"first_name,middle_name,last_name,dry_run",0.43432,,
"amount,allow_partial,currency,tax_amount",0.43507,,
"release_minor,release_patch,release_major,correlation_id",0.43582,,
"release_major,release_minor,release_patch,retry_policy",0.43657,,
"latitude,longitude,altitude,context",0.43732,,
"source_path,destination_path,backup_path,tags",0.43807,,
"currency,tax_amount,amount",0.43882,,
"sample_rate,bit_depth,channel_count,retry_policy",0.43957,,
"metric_value,metric_unit,metric_name",0.44033,,
"roll,pitch,yaw,tags",0.44108,,
"hostname,protocol,port",0.44183,,
"red,green,blue,metadata",0.44258,,
"metric_unit,metric_value,metric_name,callback",0.44333,,
"latitude,longitude,altitude,correlation_id",0.44408,,
"start_line,start_column,end_line,dry_run",0.44483,,
"roll,pitch,yaw,retry_policy",0.44558,,
"object_key,bucket_name,content_type",0.44633,,
"temperature_celsius,humidity_percent,pressure_hpa,emit_events",0.44708,,
"sample_rate,bit_depth,channel_count,on_error",0.44783,,
"y,z,x,callback",0.44858,,
"api_key,api_region,api_version,metadata",0.44933,,
"first_name,validate_only,last_name,request_id,middle_name",0.45008,,
"release_major,release_minor,release_patch,emit_events",0.45083,,
"image_width,image_height,color_mode,request_id",0.45158,,
"on_error,red,validate_only,blue,green",0.45234,,
"metadata,metric_value,metric_unit,metric_name,strict_mode",0.45309,,
"tax_amount,audit_log,currency,idempotency_key,amount",0.45384,,
"customer_id,invoice_id,order_id,validate_only,allow_partial",0.45459,,
"z,y,strict_mode,x",0.45534,,
"roll,pitch,yaw,correlation_id",0.45609,,
"protocol,hostname,port,request_id,emit_events",0.45684,,
"exchange_name,idempotency_key,routing_key,queue_name",0.45759,,
"on_error,amount,currency,tax_amount",0.45834,,
"left,height,trace_id,width,top",0.45909,,
"api_key,trace_id,api_region,api_version",0.45984,,
"end_date,start_date,timezone,actor_id",0.46059,,
"image_width,image_height,logger,retry_policy,color_mode",0.46134,,
"image_width,image_height,color_mode,allow_partial",0.46209,,
"first_name,middle_name,last_name,audit_log",0.46284,,
"latitude,longitude,altitude,allow_partial",0.46359,,
"hour,minute,second,actor_id,logger",0.46435,,
"trace_id,release_minor,release_major,request_id,release_patch",0.46510,,
"street,city,postal_code,note",0.46585,,
"amount,currency,tax_amount,validate_only",0.46660,,
"source_path,retry_policy,backup_path,destination_path",0.46735,,
"operation_name,postal_code,street,city,emit_events",0.46810,,
"metric_value,audit_log,metric_name,metric_unit",0.46885,,
"z,correlation_id,dry_run,y,x",0.46960,,
"release_major,release_minor,release_patch,on_error",0.47035,,
"longitude,latitude,idempotency_key,altitude",0.47110,,
"tags,access_token,actor_id,expires_in,refresh_token",0.47185,,
"ip_address,mac_address,device_id,context,note",0.47260,,
"logger,sort_field,page_number,page_size",0.47335,,
"access_token,refresh_token,expires_in,allow_partial",0.47410,,
"customer_id,order_id,invoice_id,emit_events",0.47485,,
"trace_id,ip_address,mac_address,device_id",0.47560,,
"source_path,destination_path,backup_path,actor_id,request_id",0.47636,,
"dry_run,idempotency_key,file_name,file_size_bytes,mime_type",0.47711,,
"amount,currency,tax_amount,dry_run",0.47786,,
"expires_in,trace_id,access_token,validate_only,refresh_token",0.47861,,
"ip_address,device_id,logger,metadata,mac_address",0.47936,,
"exchange_name,queue_name,routing_key,context",0.48011,,
"release_major,release_minor,release_patch,correlation_id",0.48086,,
"mime_type,file_name,file_size_bytes,allow_partial",0.48161,,
"db_host,db_port,db_name,allow_partial,actor_id",0.48236,,
"city,emit_events,street,postal_code",0.48311,,
"api_region,api_key,logger,strict_mode,api_version",0.48386,,
"strict_mode,postal_code,city,street",0.48461,,
"http_method,allow_partial,headers,url",0.48536,,
"allow_partial,page_number,metadata,page_size,sort_field",0.48611,,
"expires_in,access_token,audit_log,callback,refresh_token",0.48686,,
"api_region,api_key,tags,callback,api_version",0.48761,,
"callback,port,protocol,hostname,tags",0.48837,,
"metric_name,metric_unit,metric_value,dry_run",0.48912,,
"release_major,release_minor,release_patch,trace_id",0.48987,,
"exchange_name,strict_mode,routing_key,queue_name,emit_events",0.49062,,
"source_path,backup_path,note,destination_path,validate_only",0.49137,,
"hour,minute,second,logger,request_id",0.49212,,
"first_name,middle_name,last_name,note,validate_only",0.49287,,
"hour,minute,second,metadata,correlation_id",0.49362,,
"redirect_uri,audit_log,client_id,logger,client_secret",0.49437,,
"green,blue,red,audit_log",0.49512,,
"ip_address,mac_address,device_id,request_id,tags",0.49587,,
"validate_only,content_type,bucket_name,object_key,correlation_id",0.49662,,
"actor_id,temperature_celsius,humidity_percent,pressure_hpa",0.49737,,
"channel_count,bit_depth,sample_rate,metadata",0.49812,,
"roll,pitch,yaw,trace_id,on_error",0.49887,,
"tags,on_error,postal_code,street,city",0.49962,,
"start_column,start_line,metadata,strict_mode,end_line",0.50038,,
"request_id,blue,red,green",0.50113,,
"destination_path,logger,backup_path,source_path",0.50188,,
"middle_name,retry_policy,last_name,first_name",0.50263,,
"content_type,request_id,bucket_name,object_key",0.50338,,
"source_path,destination_path,backup_path,actor_id,emit_events",0.50413,,
"api_key,api_region,api_version,trace_id,request_id",0.50488,,
"start_line,start_column,end_line,on_error,audit_log",0.50563,,
"logger,width,left,top,height",0.50638,,
"latitude,longitude,altitude,validate_only,on_error",0.50713,,
"source_path,destination_path,backup_path,retry_policy",0.50788,,
"context,db_port,db_name,metadata,db_host",0.50863,,
"year,month,day,idempotency_key,allow_partial",0.50938,,
"city,tags,postal_code,strict_mode,street",0.51013,,
"db_host,db_port,db_name,dry_run",0.51088,,
"allow_partial,access_token,refresh_token,expires_in",0.51163,,
"on_error,protocol,request_id,hostname,port",0.51239,,
"protocol,hostname,port,logger",0.51314,,
"image_width,image_height,color_mode,tags",0.51389,,
"idempotency_key,port,protocol,hostname",0.51464,,
"tags,operation_name,release_major,release_minor,release_patch",0.51539,,
"http_method,url,headers,operation_name,logger",0.51614,,
"start_date,end_date,timezone,dry_run",0.51689,,
"access_token,refresh_token,expires_in,note",0.51764,,
"start_date,end_date,timezone,logger,correlation_id",0.51839,,
"correlation_id,redirect_uri,client_id,emit_events,client_secret",0.51914,,
"end_line,start_line,start_column,dry_run",0.51989,,
"latitude,longitude,altitude,operation_name,validate_only",0.52064,,
"left,top,width,height,context",0.52139,,
"middle_name,callback,first_name,logger,last_name",0.52214,,
"context,operation_name,release_major,release_minor,release_patch",0.52289,,
"device_id,strict_mode,ip_address,mac_address",0.52364,,
"file_size_bytes,emit_events,mime_type,file_name",0.52440,,
"longitude,retry_policy,altitude,latitude",0.52515,,
"customer_id,order_id,invoice_id,callback",0.52590,,
"metric_value,logger,metric_unit,metric_name",0.52665,,
"access_token,idempotency_key,expires_in,refresh_token",0.52740,,
"http_method,url,headers,retry_policy",0.52815,,
"amount,currency,tax_amount,idempotency_key",0.52890,,
"roll,pitch,yaw,request_id,logger",0.52965,,
"sample_rate,bit_depth,channel_count,request_id",0.53040,,
"metadata,hour,minute,second",0.53115,,
"metric_name,metric_value,metric_unit,allow_partial",0.53190,,
"release_major,release_patch,release_minor,validate_only",0.53265,,
"idempotency_key,actor_id,db_host,db_name,db_port",0.53340,,
"request_id,tax_amount,amount,currency",0.53415,,
"db_port,db_name,audit_log,db_host,allow_partial",0.53490,,
"context,roll,pitch,yaw",0.53565,,
"http_method,url,headers,strict_mode,request_id",0.53641,,
"year,month,day,strict_mode",0.53716,,
"file_name,mime_type,file_size_bytes,validate_only,on_error",0.53791,,
"logger,day,year,month",0.53866,,
"trace_id,release_minor,release_patch,release_major",0.53941,,
"customer_id,order_id,invoice_id,trace_id",0.54016,,
"left,top,width,height,tags,allow_partial",0.54091,,
"client_secret,client_id,redirect_uri,audit_log",0.54166,,
"mime_type,file_name,emit_events,retry_policy,file_size_bytes",0.54241,,
"redirect_uri,allow_partial,client_secret,client_id,operation_name",0.54316,,
"start_line,context,end_line,tags,start_column",0.54391,,
"backup_path,correlation_id,destination_path,source_path",0.54466,,
"content_type,tags,object_key,bucket_name",0.54541,,
"http_method,url,headers,strict_mode,dry_run",0.54616,,
"validate_only,hostname,actor_id,protocol,port",0.54691,,
"currency,amount,tax_amount,context",0.54766,,
"first_name,middle_name,last_name,retry_policy",0.54842,,
"minute,second,operation_name,hour,correlation_id",0.54917,,
"release_major,release_minor,release_patch,trace_id,strict_mode",0.54992,,
"db_host,db_port,db_name,actor_id",0.55067,,
"start_date,timezone,metadata,end_date",0.55142,,
"start_date,end_date,timezone,retry_policy,metadata",0.55217,,
"access_token,refresh_token,expires_in,operation_name,metadata",0.55292,,
"tags,latitude,altitude,longitude",0.55367,,
"source_path,destination_path,backup_path,validate_only,strict_mode",0.55442,,
"content_type,bucket_name,object_key,on_error",0.55517,,
"protocol,hostname,port,emit_events,operation_name",0.55592,,
"http_method,url,headers,on_error",0.55667,,
"emit_events,strict_mode,db_host,db_name,db_port",0.55742,,
"api_key,api_region,api_version,request_id",0.55817,,
"note,idempotency_key,api_region,api_key,api_version",0.55892,,
"x,metadata,y,z",0.55967,,
"middle_name,first_name,last_name,emit_events",0.56043,,
"image_width,image_height,color_mode,emit_events",0.56118,,
"access_token,refresh_token,expires_in,operation_name,allow_partial",0.56193,,
"amount,currency,tax_amount,validate_only,operation_name",0.56268,,
"source_path,destination_path,backup_path,emit_events,request_id",0.56343,,
"access_token,expires_in,trace_id,refresh_token,note",0.56418,,
"left,top,width,height,on_error,validate_only",0.56493,,
"ip_address,mac_address,device_id,retry_policy",0.56568,,
"hour,minute,second,emit_events",0.56643,,
"metadata,note,red,blue,green",0.56718,,
"roll,pitch,yaw,metadata,dry_run",0.56793,,
"top,height,left,width,strict_mode",0.56868,,
"bucket_name,object_key,content_type,emit_events,tags",0.56943,,
"year,month,day,metadata",0.57018,,
"db_port,validate_only,db_name,db_host",0.57093,,
"width,top,left,emit_events,height",0.57168,,
"hostname,protocol,port,logger",0.57244,,
"audit_log,x,z,on_error,y",0.57319,,
"context,api_version,api_key,api_region",0.57394,,
"order_id,request_id,invoice_id,customer_id",0.57469,,
"bucket_name,object_key,content_type,operation_name,note",0.57544,,
"dry_run,year,allow_partial,month,day",0.57619,,
"correlation_id,queue_name,exchange_name,routing_key",0.57694,,
"content_type,object_key,bucket_name,note",0.57769,,
"red,green,blue,audit_log",0.57844,,
"tax_amount,actor_id,currency,amount",0.57919,,
"mime_type,file_name,idempotency_key,file_size_bytes",0.57994,,
"routing_key,exchange_name,strict_mode,queue_name",0.58069,,
"audit_log,actor_id,minute,hour,second",0.58144,,
"api_version,on_error,retry_policy,api_region,api_key",0.58219,,
"file_size_bytes,mime_type,context,metadata,file_name",0.58294,,
"z,x,y,callback",0.58369,,
"api_key,api_region,api_version,retry_policy,emit_events",0.58445,,
"release_minor,metadata,release_major,release_patch",0.58520,,
"correlation_id,x,allow_partial,z,y",0.58595,,
"mime_type,file_size_bytes,file_name,trace_id",0.58670,,
"latitude,longitude,altitude,idempotency_key",0.58745,,
"street,city,postal_code,allow_partial",0.58820,,
"file_name,file_size_bytes,mime_type,correlation_id",0.58895,,
"metric_name,metric_value,metric_unit,strict_mode",0.58970,,
"customer_id,trace_id,invoice_id,order_id",0.59045,,
"start_date,end_date,timezone,metadata",0.59120,,
"metric_value,metric_name,metric_unit,note",0.59195,,
"color_mode,request_id,image_width,image_height",0.59270,,
"start_date,end_date,timezone,note,actor_id",0.59345,,
"metric_name,metric_unit,dry_run,metric_value",0.59420,,
"release_major,release_minor,release_patch,strict_mode,allow_partial",0.59495,,
"bucket_name,object_key,content_type,callback,operation_name",0.59570,,
"api_region,api_version,api_key,correlation_id",0.59646,,
"tags,exchange_name,queue_name,emit_events,routing_key",0.59721,,
"strict_mode,db_name,db_port,correlation_id,db_host",0.59796,,
"trace_id,image_height,color_mode,image_width",0.59871,,
"client_secret,redirect_uri,strict_mode,client_id,tags",0.59946,,
"operation_name,parameter_d,parameter_a,parameter_b,parameter_c",0.60021,,
"context,client_secret,redirect_uri,scopes,client_id,allow_partial",0.60096,,
"api_key,strict_mode,api_region,api_version,api_secret",0.60171,,
"country_code,time_zone,language_code,currency_code",0.60246,,
"file_id,file_url,content_type,content_length",0.60321,,
"min_age,max_age,min_score,max_score,validate_only,note",0.60396,,
"min_frequency,sample_rate,channel_count,max_frequency",0.60471,,
"frame_width,codec_name,frame_height,frame_rate",0.60546,,
"status_code,response_headers,response_body,content_type,audit_log,idempotency_key",0.60621,,
"m00,m10,m02,m22,m01,m20,callback,m12,m21,m11",0.60696,,
"item1,item2,item3",0.60771,,
"status_code,response_headers,response_body,content_type,logger",0.60847,,
"query_params,headers,request_body,idempotency_key,http_method,url",0.60922,,
"crop_left,crop_top,crop_right,crop_bottom,idempotency_key,emit_events",0.60997,,
"second,microsecond,hour,minute,logger",0.61072,,
"width_meters,length_meters,height_meters,mass_kg,callback,dry_run",0.61147,,
"connect_timeout,actor_id,database_url,ssl_mode,pool_size",0.61222,,
"interest_rate,trace_id,dry_run,term_months,principal,payment_frequency",0.61297,,
"material_name,color_code,finish_type,texture_name",0.61372,,
"unit_number,city,street_name,street_number,postal_code",0.61447,,
"process_id,thread_id,parent_process_id,started_at,operation_name,request_id",0.61522,,
"amount,currency,tax_amount,discount_amount,context,validate_only",0.61597,,
"plan_id,billing_cycle,renewal_date,payment_method,logger",0.61672,,
"origin_x,origin_y,scale_x,scale_y,rotation_degrees,note,metadata",0.61747,,
"interest_rate,principal,actor_id,term_months,payment_frequency",0.61822,,
"value_1,allow_partial,value_3,value_4,tags,value_2",0.61897,,
"country_code,language_code,time_zone,currency_code",0.61972,,
"mime_type,file_size_bytes,checksum,file_path,file_name",0.62048,,
"currency_code,country_code,time_zone,request_id,language_code",0.62123,,
"domain_name,instance_id,host_name,service_name",0.62198,,
"retry_policy,operation_name,margin_right,margin_top,margin_left,paper_size,margin_bottom,orientation",0.62273,,
"db_host,db_port,db_user,allow_partial,db_name,db_password",0.62348,,
"database,password,host,port,username",0.62423,,
"left,top,right,bottom,tags,validate_only",0.62498,,
"frame_width,audit_log,frame_rate,codec_name,on_error,frame_height",0.62573,,
"ip_address,ipv6_address,mac_address,device_id,retry_policy,audit_log",0.62648,,
"plan_id,billing_cycle,renewal_date,payment_method,operation_name",0.62723,,
"east,note,west,callback,north,south",0.62798,,
"frame_rate,callback,note,codec_name,frame_height,frame_width",0.62873,,
"client_id,client_secret,redirect_uri,scopes,emit_events",0.62948,,
"time_zone,end_time,start_time",0.63023,,
"file_name,file_path,mime_type,file_size_bytes,checksum",0.63098,,
"width,metadata,audit_log,height,depth",0.63173,,
"manager_id,emit_events,employee_id,job_title,start_date",0.63249,,
"mass_kg,length_meters,width_meters,height_meters,dry_run",0.63324,,
"axis_y,logger,trace_id,axis_x,axis_z",0.63399,,
"elevation_meters,lat,lon",0.63474,,
"file_name,file_path,mime_type,file_size_bytes,checksum,callback",0.63549,,
"audit_log,axis_y,axis_z,callback,axis_x",0.63624,,
"metric_name,metric_value,metric_unit,recorded_at,validate_only",0.63699,,
"axis_x,axis_y,axis_z",0.63774,,
"column_index,layer_index,row_index",0.63849,,
"emit_events,hue,saturation,lightness",0.63924,,
"expires_in,token_type,refresh_token,access_token",0.63999,,
"min_age,max_age,min_score,max_score",0.64074,,
"correlation_id,temp_path,backup_path,destination_path,source_path",0.64149,,
"temperature_celsius,wind_speed,on_error,pressure_hpa,humidity_percent",0.64224,,
"sample_rate,bit_depth,channel_count,duration_seconds,audit_log",0.64299,,
"lat,lon,elevation_meters",0.64374,,
"mass_kg,length_meters,width_meters,height_meters,retry_policy",0.64450,,
"cart_id,line_items,shipping_address,billing_address,allow_partial",0.64525,,
"m00,m20,m01,m11,m02,m21,m10,m22,m12",0.64600,,
"axis_x,dry_run,axis_z,axis_y",0.64675,,
"billing_postal_code,card_cvv,emit_events,card_number,card_expiry",0.64750,,
"bcc_emails,sender_email,cc_emails,recipient_email",0.64825,,
"pressure_hpa,actor_id,humidity_percent,allow_partial,temperature_celsius,wind_speed",0.64900,,
"cart_id,billing_address,logger,line_items,shipping_address,allow_partial",0.64975,,
"month,day,note,validate_only,year",0.65050,,
"birth_date,birth_city,nationality,gender,allow_partial",0.65125,,
"sample_rate,request_id,min_frequency,channel_count,on_error,max_frequency",0.65200,,
"billing_cycle,renewal_date,payment_method,plan_id,audit_log",0.65275,,
"error_code,dry_run,error_details,error_context,error_message",0.65350,,
"start_at,timezone,operation_name,end_at,cron_expression",0.65425,,
"birth_date,birth_city,nationality,gender,correlation_id,emit_events",0.65500,,
"metadata,end_line,end_byte,start_line,start_byte,actor_id",0.65575,,
"db_host,db_port,db_name,db_user,db_password,retry_policy",0.65651,,
"gender,birth_date,nationality,birth_city,validate_only",0.65726,,
"value3,value1,note,value2",0.65801,,
"min_age,max_age,min_score,max_score,idempotency_key,callback",0.65876,,
"material_name,color_code,finish_type,texture_name,request_id,idempotency_key",0.65951,,
"street_address,postal_code,country_code,idempotency_key,actor_id,region,city",0.66026,,
"logger,instance_id,domain_name,host_name,service_name",0.66101,,
"pool_size,database_url,ssl_mode,connect_timeout,audit_log",0.66176,,
"note,metric_unit,metric_value,metric_name,recorded_at",0.66251,,
"topic_name,partition_count,replication_factor,retention_ms",0.66326,,
"height_meters,length_meters,width_meters,mass_kg",0.66401,,
"language,framework,runtime_version,package_manager,context",0.66476,,
"invoice_number,invoice_date,due_date,payment_terms,retry_policy",0.66551,,
"principal,interest_rate,term_months,payment_frequency,context,callback",0.66626,,
"dry_run,manager_id,employee_id,trace_id,start_date,job_title",0.66701,,
"employee_id,job_title,manager_id,start_date,operation_name",0.66776,,
"correlation_id,cc_emails,recipient_email,sender_email,bcc_emails",0.66852,,
"channel_count,min_frequency,max_frequency,sample_rate",0.66927,,
"path,tags,protocol,hostname,port,query_string",0.67002,,
"cron_expression,timezone,start_at,end_at",0.67077,,
"latitude,longitude,altitude,request_id",0.67152,,
"parent_process_id,process_id,operation_name,started_at,thread_id",0.67227,,
"address_line1,province,locality,note,zip_code,address_line2",0.67302,,
"certificate_path,private_key_path,ca_bundle_path,verify_hostname,dry_run,metadata",0.67377,,
"score2,validate_only,score4,score3,score1",0.67452,,
"height,depth,width",0.67527,,
"material_name,color_code,finish_type,texture_name,operation_name,context",0.67602,,
"x,y,idempotency_key,z",0.67677,,
"length_meters,width_meters,mass_kg,height_meters,request_id",0.67752,,
"x_min,validate_only,y_min,x_max,y_max",0.67827,,
"table_name,schema_name,primary_key,foreign_key",0.67902,,
"offset,limit,order_by,order_direction",0.67977,,
"correlation_id,duration_seconds,sample_rate,bit_depth,audit_log,channel_count",0.68053,,
"firmware_version,manufacturer,on_error,serial_number,model",0.68128,,
"frame_height,codec_name,trace_id,frame_rate,frame_width",0.68203,,
"weekday,hour,minute,timezone,dry_run",0.68278,,
"country_code,postal_code,logger,city,street_address,region",0.68353,,
"principal,interest_rate,term_months,payment_frequency,callback,correlation_id",0.68428,,
"card_number,card_expiry,card_cvv,billing_postal_code,metadata",0.68503,,
"bucket_name,object_key,storage_class,content_encoding,operation_name",0.68578,,
"client_id,client_secret,scopes,context,operation_name,redirect_uri",0.68653,,
"audit_log,x_max,idempotency_key,x_min,y_max,y_min",0.68728,,
"strict_mode,parameter_b,parameter_a,parameter_c,parameter_d",0.68803,,
"blue,green,context,alpha,red",0.68878,,
"address_line1,province,zip_code,locality,address_line2,logger",0.68953,,
"channel_count,duration_seconds,tags,bit_depth,sample_rate",0.69028,,
"hour,microsecond,minute,second,request_id",0.69103,,
"release_major,release_minor,release_patch,prerelease_label,dry_run",0.69178,,
"cart_id,line_items,shipping_address,billing_address,audit_log",0.69254,,
"started_at,thread_id,parent_process_id,process_id",0.69329,,
"postal_code,street_address,city,country_code,context,region",0.69404,,
"metadata,allow_partial,client_secret,client_id,scopes,redirect_uri",0.69479,,
"altitude,longitude,latitude,logger",0.69554,,
"crop_left,crop_top,crop_right,crop_bottom,callback",0.69629,,
"mac_address,ipv6_address,retry_policy,ip_address,device_id",0.69704,,
"x_coord,z_coord,emit_events,y_coord",0.69779,,
"currency,discount_amount,amount,tax_amount",0.69854,,
"bucket_name,object_key,storage_class,content_encoding,allow_partial",0.69929,,
"queue_name,exchange_name,routing_key,consumer_group,metadata",0.70004,,
"yellow,trace_id,magenta,cyan,strict_mode,black",0.70079,,
"source_path,destination_path,temp_path,backup_path,audit_log",0.70154,,
"private_key_path,certificate_path,ca_bundle_path,verify_hostname",0.70229,,
"frame_rate,frame_width,frame_height,codec_name",0.70304,,
"cyan,magenta,yellow,black,dry_run,context",0.70379,,
"score3,metadata,score2,audit_log,score1,score4",0.70455,,
"queue_name,exchange_name,routing_key,consumer_group,note",0.70530,,
"cart_id,idempotency_key,billing_address,shipping_address,line_items",0.70605,,
"end_column,start_column,start_line,dry_run,end_line",0.70680,,
"material_name,color_code,finish_type,texture_name,logger",0.70755,,
"routing_key,consumer_group,queue_name,context,exchange_name,retry_policy",0.70830,,
"db_host,db_port,db_password,db_name,db_user,correlation_id,dry_run",0.70905,,
"source_path,destination_path,temp_path,backup_path,callback",0.70980,,
"arg_b,retry_policy,arg_c,arg_a",0.71055,,
"manufacturer,model,serial_number,firmware_version,actor_id",0.71130,,
"microsecond,correlation_id,operation_name,hour,second,minute",0.71205,,
"m00,m02,m21,m10,m22,m20,m11,m12,m01",0.71280,,
"minute,hour,microsecond,second,correlation_id",0.71355,,
"country_name,country_code,calling_code,currency_code,idempotency_key",0.71430,,
"start_date,end_date,timezone",0.71505,,
"repository_url,branch_name,commit_sha,tag_name,trace_id",0.71580,,
"replication_factor,retention_ms,topic_name,partition_count",0.71656,,
"content_type,content_length,file_id,file_url",0.71731,,
"cron_expression,timezone,start_at,end_at,strict_mode",0.71806,,
"score2,score4,tags,score3,score1",0.71881,,
"queue_name,exchange_name,routing_key,consumer_group,tags",0.71956,,
"sender_email,recipient_email,cc_emails,bcc_emails,note",0.72031,,
"value1,value2,value3,emit_events",0.72106,,
"weekday,hour,minute,timezone,note",0.72181,,
"row_index,column_index,layer_index,validate_only",0.72256,,
"logger,order_direction,offset,limit,order_by",0.72331,,
"sensor_id,sensor_type,measurement_value,measurement_unit,metadata",0.72406,,
"cart_id,billing_address,shipping_address,line_items,allow_partial",0.72481,,
"country_name,currency_code,country_code,calling_code",0.72556,,
"roll,pitch,yaw,metadata,allow_partial",0.72631,,
"blue,alpha,red,green",0.72706,,
"port,protocol,hostname,query_string,path",0.72781,,
"audit_log,parameter_b,parameter_a,parameter_c,parameter_d",0.72857,,
"parameter_a,parameter_c,parameter_b,parameter_d,dry_run",0.72932,,
"manager_id,job_title,employee_id,allow_partial,start_date,retry_policy",0.73007,,
"frame_rate,frame_width,frame_height,codec_name,context",0.73082,,
"table_name,schema_name,primary_key,foreign_key,note",0.73157,,
"country,state,county,city,neighborhood",0.73232,,
"scale_x,rotation_degrees,scale_y,origin_y,origin_x",0.73307,,
"language_code,country_code,currency_code,time_zone,validate_only,idempotency_key",0.73382,,
"item1,item3,item2,trace_id",0.73457,,
"destination_path,backup_path,source_path,temp_path",0.73532,,
"ip_address,ipv6_address,mac_address,device_id,request_id",0.73607,,
"hour,minute,second,microsecond,request_id,note",0.73682,,
"contact_name,email_address,phone_number,postal_address,logger",0.73757,,
"device_id,ipv6_address,ip_address,mac_address,operation_name",0.73832,,
"sensor_type,measurement_unit,sensor_id,measurement_value",0.73907,,
"release_major,release_minor,release_patch,prerelease_label,operation_name",0.73982,,
"cpu_usage,memory_usage,disk_usage,network_usage,correlation_id,audit_log",0.74058,,
"birth_city,gender,tags,nationality,trace_id,birth_date",0.74133,,
"value_1,value_2,value_3,value_4",0.74208,,
"language_code,country_code,currency_code,time_zone,tags",0.74283,,
"idempotency_key,month,audit_log,day,year",0.74358,,
"access_token,refresh_token,token_type,expires_in,operation_name,audit_log",0.74433,,
"host,port,username,password,database,logger",0.74508,,
"sort_field,cursor,sort_direction,page_number,page_size",0.74583,,
"error_code,error_message,error_details,error_context,operation_name,strict_mode",0.74658,,
"country,state,county,city,neighborhood,request_id",0.74733,,
"margin_top,validate_only,margin_right,paper_size,margin_bottom,margin_left,orientation",0.74808,,
"note,value3,value2,value1",0.74883,,
"ip_address,ipv6_address,mac_address,device_id,retry_policy",0.74958,,
"topic_name,partition_count,replication_factor,retention_ms,emit_events,audit_log",0.75033,,
"amount,currency,tax_amount,discount_amount,correlation_id,retry_policy",0.75108,,
"on_error,protocol,port,allow_partial,hostname,query_string,path",0.75183,,
"db_port,db_name,db_user,db_password,db_host,allow_partial",0.75259,,
"oauth_provider,context,on_error,client_id,client_secret,callback_url",0.75334,,
"start_time,end_time,time_zone,operation_name,actor_id",0.75409,,
"bucket_name,object_key,storage_class,content_encoding,strict_mode",0.75484,,
"start_column,operation_name,end_line,start_line,end_column,idempotency_key",0.75559,,
"hue,logger,saturation,lightness,actor_id",0.75634,,
"audit_log,length_meters,mass_kg,width_meters,height_meters,emit_events",0.75709,,
"year,month,day,audit_log,context",0.75784,,
"bcc_emails,sender_email,cc_emails,audit_log,emit_events,recipient_email",0.75859,,
"arg_a,arg_b,arg_c,strict_mode,operation_name",0.75934,,
"callback,allow_partial,trace_id,green,blue,red",0.76009,,
"saturation,lightness,actor_id,hue",0.76084,,
"page_number,page_size,sort_direction,sort_field,audit_log,cursor",0.76159,,
"table_name,primary_key,foreign_key,strict_mode,schema_name",0.76234,,
"measurement_unit,sensor_type,allow_partial,measurement_value,sensor_id",0.76309,,
"card_cvv,trace_id,billing_postal_code,actor_id,card_expiry,card_number,validate_only",0.76384,,
"db_user,db_port,db_host,note,db_password,db_name,context",0.76460,,
"callback,connect_timeout,pool_size,strict_mode,database_url,ssl_mode",0.76535,,
"trace_id,callback,shipping_address,cart_id,on_error,billing_address,line_items",0.76610,,
"north,south,note,east,west",0.76685,,
"validate_only,currency_code,time_zone,country_code,dry_run,metadata,language_code",0.76760,,
"trace_id,y_coord,dry_run,z_coord,x_coord",0.76835,,
"dry_run,sensor_id,measurement_unit,measurement_value,sensor_type",0.76910,,
"billing_cycle,renewal_date,plan_id,payment_method,actor_id",0.76985,,
"height_meters,width_meters,mass_kg,length_meters,request_id",0.77060,,
"cron_expression,timezone,start_at,end_at,callback,request_id",0.77135,,
"axis_x,axis_y,axis_z,idempotency_key",0.77210,,
"orientation,margin_top,margin_bottom,paper_size,audit_log,margin_right,margin_left",0.77285,,
"principal,term_months,payment_frequency,interest_rate,trace_id",0.77360,,
"item1,logger,item2,item3",0.77435,,
"value_3,allow_partial,request_id,strict_mode,value_1,value_4,value_2",0.77510,,
"protocol,hostname,port,path,query_string,trace_id,correlation_id,request_id",0.77585,,
"note,operation_name,correlation_id,weekday,minute,timezone,hour",0.77661,,
"year,month,day,emit_events",0.77736,,
"end_column,end_line,metadata,start_column,start_line,allow_partial,note",0.77811,,
"strict_mode,unit_price,quantity,subtotal,total",0.77886,,
"measurement_value,sensor_id,callback,audit_log,dry_run,measurement_unit,sensor_type",0.77961,,
"oauth_provider,client_id,client_secret,callback_url,operation_name",0.78036,,
"max_frequency,channel_count,min_frequency,sample_rate,on_error",0.78111,,
"access_key,secret_key,session_token,region_name,idempotency_key",0.78186,,
"county,idempotency_key,city,state,audit_log,country,metadata,neighborhood",0.78261,,
"trace_id,hour,weekday,timezone,minute,tags",0.78336,,
"cpu_usage,memory_usage,disk_usage,network_usage,strict_mode,operation_name",0.78411,,
"hue,saturation,lightness,trace_id",0.78486,,
"measurement_value,sensor_id,measurement_unit,tags,sensor_type,dry_run",0.78561,,
"request_id,scopes,client_id,client_secret,retry_policy,redirect_uri,tags",0.78636,,
"unit_price,quantity,subtotal,total,tags,context,request_id",0.78711,,
"token_type,access_token,emit_events,expires_in,refresh_token",0.78786,,
"days,validate_only,weeks,hours,audit_log,dry_run,minutes",0.78862,,
"metadata,yellow,magenta,black,cyan,request_id",0.78937,,
"callback,paper_size,margin_left,margin_right,orientation,margin_top,margin_bottom",0.79012,,
"card_number,card_expiry,card_cvv,billing_postal_code,strict_mode",0.79087,,
"access_token,refresh_token,token_type,expires_in,correlation_id,validate_only",0.79162,,
"allow_partial,error_message,error_code,error_context,error_details,strict_mode",0.79237,,
"runtime_version,tags,framework,context,package_manager,language",0.79312,,
"frame_width,logger,codec_name,correlation_id,frame_rate,frame_height",0.79387,,
"database_url,pool_size,connect_timeout,logger,ssl_mode,request_id",0.79462,,
"dry_run,note,north,west,south,allow_partial,east",0.79537,,
"value_1,value_2,value_3,value_4,dry_run",0.79612,,
"certificate_path,strict_mode,verify_hostname,ca_bundle_path,private_key_path",0.79687,,
"principal,interest_rate,term_months,payment_frequency,emit_events,callback",0.79762,,
"host_name,domain_name,service_name,instance_id,idempotency_key,validate_only,allow_partial",0.79837,,
"operation_name,token_type,expires_in,callback,refresh_token,access_token",0.79912,,
"audit_log,weeks,hours,idempotency_key,minutes,days",0.79987,,
"roll,validate_only,metadata,pitch,tags,yaw",0.80063,,
"audit_log,response_body,response_headers,status_code,content_type,on_error",0.80138,,
"end_column,start_line,end_line,tags,start_column",0.80213,,
"access_token,refresh_token,token_type,expires_in,tags,idempotency_key",0.80288,,
"page_number,page_size,sort_field,sort_direction,cursor,audit_log",0.80363,,
"validate_only,framework,correlation_id,package_manager,runtime_version,language",0.80438,,
"trace_id,birth_date,birth_city,nationality,dry_run,context,gender",0.80513,,
"vendor_id,batch_number,product_id,sku,strict_mode,allow_partial",0.80588,,
"request_body,query_params,headers,metadata,url,on_error,http_method",0.80663,,
"frame_rate,idempotency_key,frame_height,codec_name,callback,frame_width",0.80738,,
"invoice_number,invoice_date,due_date,payment_terms,actor_id",0.80813,,
"parameter_c,validate_only,parameter_d,parameter_a,parameter_b",0.80888,,
"sensor_id,sensor_type,measurement_value,measurement_unit,idempotency_key",0.80963,,
"topic_name,partition_count,replication_factor,retention_ms,audit_log",0.81038,,
"query_string,path,port,protocol,hostname,correlation_id,context",0.81113,,
"validate_only,frame_width,idempotency_key,codec_name,frame_height,frame_rate",0.81188,,
"parameter_d,parameter_a,parameter_c,metadata,parameter_b",0.81264,,
"postal_code,callback,city,street_address,region,country_code",0.81339,,
"street_address,city,region,postal_code,country_code,note",0.81414,,
"tags,lon,elevation_meters,lat",0.81489,,
"timezone,weekday,tags,hour,minute,validate_only",0.81564,,
"allow_partial,order_direction,order_by,note,limit,offset",0.81639,,
"commit_sha,repository_url,allow_partial,branch_name,tag_name,logger",0.81714,,
"idempotency_key,scopes,client_secret,client_id,actor_id,redirect_uri",0.81789,,
"recorded_at,metric_name,metric_value,audit_log,metric_unit",0.81864,,
"start_date,operation_name,job_title,employee_id,audit_log,strict_mode,manager_id",0.81939,,
"currency,amount,discount_amount,tax_amount,context",0.82014,,
"context,logger,minute,microsecond,emit_events,second,hour",0.82089,,
"birth_date,birth_city,nationality,gender,retry_policy,logger",0.82164,,
"sample_rate,bit_depth,channel_count,duration_seconds,note,callback",0.82239,,
"item3,retry_policy,item1,item2",0.82314,,
"material_name,color_code,finish_type,texture_name,allow_partial,note,callback",0.82389,,
"image_width,image_height,color_mode,bit_depth,trace_id,validate_only",0.82465,,
"last_name,logger,first_name,name_suffix,middle_name",0.82540,,
"api_key,api_secret,api_region,api_version,metadata,validate_only",0.82615,,
"mass_kg,length_meters,width_meters,height_meters,callback,allow_partial",0.82690,,
"on_error,allow_partial,validate_only,service_name,domain_name,host_name,instance_id",0.82765,,
"package_manager,language,runtime_version,framework,logger,allow_partial,context",0.82840,,
"context,allow_partial,end_date,start_date,timezone",0.82915,,
"nationality,idempotency_key,gender,operation_name,birth_city,birth_date",0.82990,,
"sensor_id,sensor_type,measurement_value,measurement_unit,on_error",0.83065,,
"metadata,trace_id,parameter_b,parameter_a,parameter_d,parameter_c",0.83140,,
"content_type,response_body,status_code,callback,allow_partial,response_headers",0.83215,,
"cpu_usage,memory_usage,disk_usage,network_usage,logger",0.83290,,
"queue_name,exchange_name,routing_key,consumer_group,dry_run,trace_id",0.83365,,
"street_number,street_name,unit_number,city,postal_code,logger",0.83440,,
"release_major,release_minor,release_patch,prerelease_label,metadata",0.83515,,
"on_error,line_items,shipping_address,billing_address,cart_id",0.83590,,
"metadata,shipping_address,line_items,billing_address,request_id,cart_id",0.83666,,
"response_headers,context,status_code,response_body,content_type",0.83741,,
"actor_id,partition_count,retry_policy,replication_factor,retention_ms,topic_name",0.83816,,
"client_id,scopes,redirect_uri,dry_run,client_secret",0.83891,,
"end_column,end_line,tags,operation_name,start_column,start_line",0.83966,,
"humidity_percent,temperature_celsius,allow_partial,pressure_hpa,wind_speed",0.84041,,
"sensor_id,sensor_type,measurement_value,measurement_unit,correlation_id,dry_run",0.84116,,
"correlation_id,parameter_d,parameter_c,parameter_b,metadata,trace_id,parameter_a",0.84191,,
"card_cvv,card_number,card_expiry,idempotency_key,billing_postal_code",0.84266,,
"billing_cycle,correlation_id,payment_method,renewal_date,plan_id",0.84341,,
"process_id,thread_id,parent_process_id,started_at,note,operation_name",0.84416,,
"manufacturer,model,serial_number,firmware_version,dry_run,actor_id",0.84491,,
"state,context,city,neighborhood,country,county,retry_policy,emit_events",0.84566,,
"payment_method,plan_id,metadata,billing_cycle,renewal_date",0.84641,,
"note,postal_address,contact_name,email_address,phone_number",0.84716,,
"mass_kg,length_meters,width_meters,height_meters,correlation_id,operation_name,audit_log",0.84791,,
"directory_path,base_name,extension,encoding,idempotency_key,tags",0.84867,,
"year,month,day,operation_name,retry_policy,idempotency_key",0.84942,,
"first_name,middle_name,last_name,name_suffix,operation_name,validate_only",0.85017,,
"postal_address,email_address,phone_number,contact_name,metadata",0.85092,,
"oauth_provider,client_id,client_secret,callback_url,tags",0.85167,,
"score1,score2,logger,tags,score4,score3",0.85242,,
"actor_id,storage_class,content_encoding,validate_only,object_key,bucket_name",0.85317,,
"file_name,file_path,mime_type,file_size_bytes,checksum,tags",0.85392,,
"request_id,score4,score2,dry_run,score1,score3",0.85467,,
"crop_left,crop_top,crop_right,crop_bottom,strict_mode,correlation_id",0.85542,,
"mass_kg,length_meters,width_meters,height_meters,validate_only,operation_name,note",0.85617,,
"longitude,latitude,altitude,idempotency_key",0.85692,,
"access_key,secret_key,operation_name,region_name,session_token",0.85767,,
"language,runtime_version,framework,package_manager,trace_id",0.85842,,
"strict_mode,content_encoding,retry_policy,storage_class,object_key,bucket_name,trace_id",0.85917,,
"lat,lon,elevation_meters,note,on_error",0.85992,,
"audit_log,runtime_version,framework,package_manager,language",0.86068,,
"cpu_usage,memory_usage,disk_usage,network_usage,dry_run,note",0.86143,,
"item2,item3,tags,item1,strict_mode",0.86218,,
"api_secret,api_key,api_version,api_region,audit_log,operation_name,trace_id",0.86293,,
"response_body,status_code,context,content_type,response_headers",0.86368,,
"extension,directory_path,correlation_id,allow_partial,encoding,base_name",0.86443,,
"rotation_degrees,origin_x,scale_y,scale_x,retry_policy,origin_y",0.86518,,
"strict_mode,city,county,logger,neighborhood,state,country,validate_only",0.86593,,
"commit_sha,repository_url,branch_name,tag_name,validate_only",0.86668,,
"billing_address,on_error,trace_id,cart_id,shipping_address,line_items",0.86743,,
"crop_left,crop_top,crop_right,crop_bottom,actor_id,tags",0.86818,,
"mass_kg,length_meters,width_meters,height_meters,operation_name,logger",0.86893,,
"db_host,db_port,db_name,db_user,db_password,logger",0.86968,,
"host_name,domain_name,service_name,instance_id,actor_id",0.87043,,
"country_code,note,time_zone,audit_log,language_code,currency_code,emit_events",0.87118,,
"start_at,timezone,cron_expression,idempotency_key,metadata,end_at",0.87193,,
"axis_x,axis_y,axis_z,metadata,note,emit_events",0.87269,,
"bit_depth,sample_rate,duration_seconds,channel_count,strict_mode,trace_id",0.87344,,
"m00,m01,m02,m10,m11,m12,m20,m21,m22,on_error,callback",0.87419,,
"z_coord,context,idempotency_key,y_coord,x_coord",0.87494,,
"retry_policy,address_line1,strict_mode,province,address_line2,zip_code,request_id,locality",0.87569,,
"metadata,start_date,end_date,timezone,audit_log",0.87644,,
"actor_id,saturation,hue,lightness",0.87719,,
"nationality,gender,birth_date,emit_events,birth_city",0.87794,,
"year,month,day,emit_events,audit_log",0.87869,,
"layer_index,row_index,column_index,correlation_id,note,request_id",0.87944,,
"region_name,access_key,session_token,request_id,secret_key",0.88019,,
"min_age,min_score,correlation_id,max_score,idempotency_key,tags,max_age",0.88094,,
"context,margin_bottom,audit_log,paper_size,margin_left,actor_id,margin_top,margin_right,orientation",0.88169,,
"image_height,operation_name,bit_depth,color_mode,image_width,on_error",0.88244,,
"finish_type,request_id,material_name,texture_name,color_code",0.88319,,
"on_error,primary_key,schema_name,actor_id,foreign_key,table_name",0.88394,,
"protocol,hostname,port,path,query_string,operation_name,strict_mode,metadata",0.88470,,
"temperature_celsius,wind_speed,emit_events,correlation_id,idempotency_key,humidity_percent,pressure_hpa",0.88545,,
"hue,saturation,lightness,strict_mode",0.88620,,
"expires_in,refresh_token,token_type,access_token,context",0.88695,,
"north,logger,west,south,east,context",0.88770,,
"actor_id,day,month,year",0.88845,,
"weekday,hour,minute,timezone,strict_mode,validate_only",0.88920,,
"value1,value2,correlation_id,value3,tags,dry_run",0.88995,,
"calling_code,country_code,country_name,audit_log,currency_code",0.89070,,
"payment_terms,invoice_number,invoice_date,emit_events,due_date",0.89145,,
"note,line_items,billing_address,shipping_address,cart_id",0.89220,,
"contact_name,email_address,phone_number,postal_address,idempotency_key,audit_log",0.89295,,
"postal_code,trace_id,city,street_name,street_number,retry_policy,tags,unit_number",0.89370,,
"principal,payment_frequency,term_months,operation_name,retry_policy,interest_rate",0.89445,,
"street_number,street_name,unit_number,city,postal_code,idempotency_key,audit_log,strict_mode",0.89520,,
"start_line,start_column,end_line,end_column,dry_run",0.89595,,
"lightness,saturation,hue,retry_policy,emit_events",0.89671,,
"query_params,headers,request_body,url,context,http_method,callback",0.89746,,
"idempotency_key,backup_path,dry_run,temp_path,source_path,destination_path",0.89821,,
"file_id,file_url,content_type,idempotency_key,content_length",0.89896,,
"cc_emails,recipient_email,bcc_emails,sender_email,metadata,actor_id",0.89971,,
"error_code,error_context,error_details,allow_partial,error_message",0.90046,,
"file_name,mime_type,operation_name,file_path,actor_id,file_size_bytes,checksum,strict_mode",0.90121,,
"context,access_key,secret_key,session_token,region_name,note",0.90196,,
"tags,request_id,limit,order_direction,order_by,offset",0.90271,,
"discount_amount,amount,currency,tax_amount,logger,request_id,actor_id",0.90346,,
"strict_mode,crop_right,crop_left,crop_top,crop_bottom,audit_log",0.90421,,
"oauth_provider,client_id,client_secret,callback_url,audit_log,metadata",0.90496,,
"nationality,birth_date,request_id,birth_city,gender,operation_name",0.90571,,
"frame_rate,frame_width,frame_height,codec_name,on_error,callback",0.90646,,
"parameter_a,parameter_b,parameter_c,parameter_d,trace_id,callback,idempotency_key",0.90721,,
"address_line2,validate_only,metadata,on_error,province,address_line1,zip_code,locality",0.90796,,
"validate_only,backup_path,source_path,destination_path,tags,temp_path",0.90872,,
"tags,parameter_c,parameter_d,parameter_a,parameter_b,validate_only",0.90947,,
"parameter_a,parameter_b,parameter_c,parameter_d,audit_log,note",0.91022,,
"tag_name,note,branch_name,dry_run,repository_url,request_id,commit_sha",0.91097,,
"value_1,value_2,value_3,value_4,metadata,callback",0.91172,,
"tax_amount,discount_amount,currency,amount,retry_policy",0.91247,,
"state,correlation_id,country,city,county,neighborhood",0.91322,,
"encoding,directory_path,extension,base_name,note,on_error",0.91397,,
"duration_seconds,trace_id,channel_count,sample_rate,on_error,bit_depth",0.91472,,
"device_id,ip_address,emit_events,mac_address,ipv6_address,trace_id",0.91547,,
"country_name,country_code,calling_code,currency_code,emit_events,logger,retry_policy",0.91622,,
"hour,minute,second,microsecond,allow_partial",0.91697,,
"value_1,on_error,value_2,value_4,value_3",0.91772,,
"process_id,thread_id,parent_process_id,started_at,allow_partial,idempotency_key,request_id",0.91847,,
"z,dry_run,context,x,y",0.91922,,
"tags,length_meters,width_meters,height_meters,idempotency_key,mass_kg",0.91997,,
"item1,item2,item3,dry_run",0.92073,,
"note,host_name,allow_partial,service_name,domain_name,instance_id",0.92148,,
"black,cyan,note,on_error,yellow,magenta",0.92223,,
"manufacturer,model,serial_number,firmware_version,request_id",0.92298,,
"max_score,request_id,min_score,operation_name,logger,min_age,max_age",0.92373,,
"blue,context,alpha,green,red,trace_id",0.92448,,
"strict_mode,bcc_emails,sender_email,idempotency_key,cc_emails,recipient_email",0.92523,,
"paper_size,margin_top,margin_right,margin_left,margin_bottom,orientation,allow_partial",0.92598,,
"score1,score2,score3,score4,correlation_id,metadata",0.92673,,
"unit_price,subtotal,tags,quantity,total",0.92748,,
"context,min_age,actor_id,max_age,min_score,max_score",0.92823,,
"context,request_id,county,state,city,country,neighborhood",0.92898,,
"content_encoding,storage_class,bucket_name,dry_run,object_key",0.92973,,
"callback,right,top,left,tags,bottom",0.93048,,
"roll,pitch,yaw,note,request_id",0.93123,,
"trace_id,billing_address,shipping_address,line_items,cart_id",0.93198,,
"origin_x,scale_y,trace_id,tags,scale_x,origin_y,rotation_degrees,strict_mode",0.93274,,
"origin_x,origin_y,scale_x,scale_y,rotation_degrees,trace_id,actor_id,strict_mode",0.93349,,
"frame_rate,frame_width,frame_height,codec_name,tags,dry_run",0.93424,,
"row_index,column_index,layer_index,on_error,correlation_id,trace_id",0.93499,,
"codec_name,frame_height,frame_width,emit_events,frame_rate,strict_mode",0.93574,,
"x_min,y_min,x_max,y_max,trace_id,request_id",0.93649,,
"release_major,release_patch,emit_events,prerelease_label,actor_id,release_minor",0.93724,,
"end_line,start_line,end_column,start_column,request_id",0.93799,,
"red,note,green,trace_id,blue,metadata",0.93874,,
"image_height,bit_depth,color_mode,metadata,image_width,logger",0.93949,,
"value1,value2,value3,strict_mode,retry_policy",0.94024,,
"cursor,sort_direction,page_number,retry_policy,emit_events,logger,sort_field,page_size",0.94099,,
"http_method,url,headers,query_params,request_body,validate_only",0.94174,,
"context,hour,minute,logger,weekday,timezone",0.94249,,
"microsecond,second,hour,minute,on_error",0.94324,,
"green,callback,allow_partial,red,validate_only,blue,alpha",0.94399,,
"foreign_key,callback,note,primary_key,table_name,schema_name",0.94475,,
"consumer_group,queue_name,logger,exchange_name,routing_key",0.94550,,
"error_code,error_message,error_details,error_context,note",0.94625,,
"end_byte,start_line,tags,audit_log,end_line,start_byte",0.94700,,
"card_number,card_expiry,card_cvv,billing_postal_code,actor_id,strict_mode,allow_partial",0.94775,,
"retry_policy,content_length,content_type,file_id,logger,file_url",0.94850,,
"emit_events,cart_id,shipping_address,line_items,logger,billing_address",0.94925,,
"west,east,validate_only,south,north",0.95000,,
"context,value2,value3,retry_policy,value1",1.0,,
"min_age,max_age,min_score,max_score,context,callback",1.0,,
"bit_depth,channel_count,duration_seconds,sample_rate",1.0,,
"start_byte,end_byte,start_line,end_line",1.0,,
"metadata,quantity,subtotal,validate_only,total,unit_price",1.0,,
"crop_right,crop_bottom,crop_top,crop_left",1.0,,
"left,right,bottom,validate_only,top",1.0,,
"headers,url,query_params,http_method,request_body,note",1.0,,
"start_date,end_date,timezone,context,strict_mode,validate_only",1.0,,
"file_size_bytes,file_path,file_name,checksum,mime_type",1.0,,
"mass_kg,height_meters,length_meters,width_meters",1.0,,
"manager_id,employee_id,correlation_id,job_title,metadata,start_date,emit_events",1.0,,
"mass_kg,length_meters,width_meters,height_meters,audit_log",1.0,,
"country,state,county,city,neighborhood,strict_mode,logger,request_id",1.0,,
"width_meters,length_meters,mass_kg,height_meters,trace_id,logger",1.0,,
"temperature_celsius,humidity_percent,pressure_hpa,wind_speed,metadata",1.0,,
"invoice_number,invoice_date,due_date,payment_terms,retry_policy,note",1.0,,
"manufacturer,model,serial_number,firmware_version,note",1.0,,
"second,microsecond,hour,minute,validate_only,trace_id",1.0,,
"primary_key,foreign_key,schema_name,table_name",1.0,,
"max_score,audit_log,strict_mode,max_age,min_score,min_age",1.0,,
"offset,limit,order_by,order_direction,callback",1.0,,
"country_name,calling_code,currency_code,request_id,country_code",1.0,,
"lat,lon,elevation_meters,callback,note,validate_only",1.0,,
"right,top,left,bottom",1.0,,
"correlation_id,headers,request_body,url,http_method,query_params",1.0,,
"cron_expression,timezone,end_at,start_at,context",1.0,,
"left,top,right,bottom,callback,retry_policy",1.0,,
"db_name,db_password,db_host,db_user,db_port,dry_run",1.0,,
"parameter_b,parameter_c,parameter_a,parameter_d,strict_mode,request_id",1.0,,
"payment_terms,idempotency_key,invoice_number,due_date,invoice_date",1.0,,
"content_encoding,object_key,storage_class,bucket_name",1.0,,
"logger,tag_name,branch_name,repository_url,commit_sha",1.0,,
"api_key,api_secret,api_region,api_version,retry_policy,callback",1.0,,
"tags,retry_policy,quantity,trace_id,subtotal,total,unit_price",1.0,,
"microsecond,trace_id,minute,second,callback,validate_only,hour",1.0,,
"bottom,metadata,top,left,right",1.0,,
"codec_name,idempotency_key,frame_width,frame_rate,frame_height",1.0,,
"validate_only,value_1,strict_mode,value_3,value_4,value_2",1.0,,
"width,height,depth,actor_id",1.0,,
"score4,score1,score2,score3,retry_policy",1.0,,
"parameter_a,parameter_b,parameter_c,parameter_d,on_error,note,retry_policy",1.0,,
"cron_expression,timezone,start_at,end_at,operation_name",1.0,,
"layer_index,trace_id,column_index,row_index",1.0,,
"start_time,end_time,time_zone,trace_id,idempotency_key",1.0,,
"score3,score4,score2,score1",1.0,,
"card_number,card_expiry,card_cvv,billing_postal_code,request_id,operation_name",1.0,,
"topic_name,partition_count,replication_factor,retention_ms,retry_policy,emit_events",1.0,,
"width,height,depth",1.0,,
"invoice_number,invoice_date,due_date,payment_terms,request_id",1.0,,
"client_id,client_secret,redirect_uri,scopes,dry_run,actor_id,idempotency_key",1.0,,
"http_method,url,headers,query_params,request_body,dry_run,logger",1.0,,
"allow_partial,bcc_emails,sender_email,recipient_email,cc_emails",1.0,,
"red,green,blue,strict_mode,audit_log",1.0,,
"retry_policy,sample_rate,min_frequency,max_frequency,context,channel_count",1.0,,
"width,height,depth,tags,audit_log",1.0,,
"database_url,pool_size,connect_timeout,ssl_mode,logger",1.0,,
"dry_run,secret_key,trace_id,session_token,region_name,access_key",1.0,,
"axis_x,axis_y,axis_z,dry_run,request_id,allow_partial",1.0,,
"south,context,east,north,west",1.0,,
"emit_events,operation_name,postal_address,contact_name,phone_number,email_address",1.0,,
"minutes,hours,days,weeks",1.0,,
"retry_policy,shipping_address,cart_id,logger,billing_address,line_items",1.0,,
"max_age,max_score,min_age,min_score",1.0,,
"amount,discount_amount,validate_only,tax_amount,idempotency_key,currency",1.0,,
"response_headers,status_code,content_type,response_body",1.0,,
"actor_id,content_type,file_id,content_length,emit_events,file_url",1.0,,
"idempotency_key,year,callback,day,month",1.0,,
"wind_speed,trace_id,pressure_hpa,temperature_celsius,humidity_percent,dry_run",1.0,,
"request_id,callback_url,metadata,client_secret,actor_id,client_id,oauth_provider",1.0,,
"m00,m01,m02,m10,m11,m12,m20,m21,m22",1.0,,
"strict_mode,origin_y,idempotency_key,rotation_degrees,origin_x,scale_x,scale_y",1.0,,
"min_age,max_age,min_score,max_score,trace_id,context,strict_mode",1.0,,
"queue_name,exchange_name,routing_key,consumer_group",1.0,,
"process_id,thread_id,parent_process_id,started_at,audit_log",1.0,,
"api_region,api_secret,api_version,api_key",1.0,,
"sensor_id,sensor_type,measurement_value,measurement_unit,retry_policy,validate_only",1.0,,
"actor_id,token_type,refresh_token,expires_in,allow_partial,access_token,dry_run",1.0,,
"http_method,url,headers,query_params,request_body,emit_events",1.0,,
"logger,y,z,x",1.0,,
"first_name,middle_name,last_name,name_suffix,correlation_id",1.0,,
"callback,client_secret,callback_url,client_id,note,dry_run,oauth_provider",1.0,,
"cyan,magenta,yellow,black,strict_mode,validate_only",1.0,,
"channel_count,allow_partial,sample_rate,bit_depth,duration_seconds",1.0,,
"unit_price,quantity,subtotal,total,idempotency_key",1.0,,
"bit_depth,audit_log,sample_rate,duration_seconds,channel_count",1.0,,
"validate_only,mass_kg,width_meters,callback,request_id,length_meters,height_meters",1.0,,
"m01,m20,allow_partial,m11,tags,m02,m00,m21,m10,m12,m22",1.0,,
"release_patch,release_major,prerelease_label,idempotency_key,release_minor",1.0,,
"correlation_id,y_max,x_min,y_min,x_max",1.0,,
"callback,humidity_percent,pressure_hpa,wind_speed,emit_events,temperature_celsius",1.0,,
"magenta,yellow,cyan,black,metadata",1.0,,
"hours,correlation_id,audit_log,days,minutes,weeks",1.0,,
"shipping_address,cart_id,context,line_items,billing_address",1.0,,
"material_name,color_code,finish_type,texture_name,metadata",1.0,,
"retry_policy,correlation_id,start_line,start_byte,end_line,end_byte",1.0,,
"hour,minute,second,microsecond,emit_events,audit_log,correlation_id",1.0,,
"release_minor,prerelease_label,release_patch,release_major",1.0,,
"oauth_provider,client_secret,dry_run,trace_id,callback_url,client_id",1.0,,
"image_height,logger,bit_depth,image_width,validate_only,color_mode",1.0,,
"lon,elevation_meters,idempotency_key,lat",1.0,,
"timezone,end_at,cron_expression,idempotency_key,start_at,audit_log",1.0,,
"port,metadata,database,password,username,note,request_id,host",1.0,,
"time_zone,currency_code,language_code,country_code",1.0,,
"correlation_id,payment_frequency,term_months,principal,interest_rate",1.0,,
"metric_unit,metric_value,context,idempotency_key,metric_name,recorded_at",1.0,,
"invoice_number,invoice_date,due_date,payment_terms,trace_id",1.0,,
"host_name,domain_name,service_name,instance_id,validate_only",1.0,,
"db_host,db_port,db_name,db_user,db_password",1.0,,
"end_date,retry_policy,start_date,timezone",1.0,,
"sender_email,recipient_email,cc_emails,bcc_emails,emit_events",1.0,,
"logger,end_time,start_time,time_zone,tags",1.0,,
"error_details,error_context,error_message,error_code",1.0,,
"strict_mode,crop_top,retry_policy,crop_right,crop_bottom,crop_left,logger",1.0,,
"paper_size,orientation,margin_top,margin_bottom,margin_left,margin_right",1.0,,
"callback,error_message,error_details,error_code,error_context",1.0,,
"x,y,z,trace_id,strict_mode,idempotency_key",1.0,,
"country_code,country_name,idempotency_key,calling_code,currency_code",1.0,,
"access_key,secret_key,session_token,region_name,actor_id,context",1.0,,
"http_method,query_params,request_body,url,headers,audit_log",1.0,,
"end_line,start_column,start_line,actor_id,end_column,context",1.0,,
"street_address,city,region,postal_code,country_code",1.0,,
"renewal_date,idempotency_key,logger,billing_cycle,metadata,payment_method,plan_id",1.0,,
"allow_partial,due_date,payment_terms,invoice_date,invoice_number,audit_log",1.0,,
"birth_date,birth_city,nationality,gender,audit_log",1.0,,
"quantity,total,context,subtotal,on_error,unit_price",1.0,,
"operation_name,parent_process_id,process_id,started_at,thread_id",1.0,,
"host,port,username,password,database,allow_partial",1.0,,
"time_zone,validate_only,end_time,start_time",1.0,,
"callback,vendor_id,batch_number,product_id,sku",1.0,,
"start_date,end_date,timezone,logger,dry_run",1.0,,
"country,state,county,city,neighborhood,idempotency_key",1.0,,
"sender_email,recipient_email,cc_emails,bcc_emails,audit_log,operation_name",1.0,,
"county,neighborhood,country,city,logger,state,dry_run",1.0,,
"file_size_bytes,file_name,checksum,context,mime_type,file_path,retry_policy",1.0,,
"cpu_usage,memory_usage,disk_usage,network_usage",1.0,,
"length_meters,height_meters,mass_kg,width_meters",1.0,,
"request_id,parameter_d,parameter_b,parameter_a,parameter_c,operation_name",1.0,,
"parent_process_id,trace_id,started_at,thread_id,process_id",1.0,,
"parent_process_id,process_id,correlation_id,allow_partial,started_at,thread_id",1.0,,
"principal,interest_rate,term_months,payment_frequency,on_error,allow_partial,callback",1.0,,
"start_date,job_title,operation_name,employee_id,request_id,manager_id",1.0,,
"channel_count,max_frequency,min_frequency,sample_rate,tags,strict_mode",1.0,,
"axis_x,axis_y,axis_z,operation_name,emit_events,allow_partial",1.0,,
"alpha,blue,green,red,correlation_id,audit_log",1.0,,
"m00,m01,m02,m10,m11,m12,m20,m21,m22,tags,idempotency_key",1.0,,
"cart_id,line_items,shipping_address,billing_address,request_id",1.0,,
"street_address,city,region,postal_code,country_code,metadata,strict_mode",1.0,,
"cpu_usage,disk_usage,memory_usage,network_usage",1.0,,
"interest_rate,on_error,actor_id,allow_partial,principal,payment_frequency,term_months",1.0,,
"weeks,days,hours,minutes,idempotency_key,strict_mode",1.0,,
"sensor_id,sensor_type,measurement_value,measurement_unit,strict_mode,audit_log",1.0,,
"error_code,operation_name,note,error_context,error_details,error_message",1.0,,
"red,green,blue,validate_only",1.0,,
"vendor_id,product_id,sku,batch_number,allow_partial,request_id",1.0,,
"paper_size,orientation,margin_top,margin_bottom,margin_left,margin_right,idempotency_key,dry_run",1.0,,
"start_line,start_column,end_line,end_column,on_error",1.0,,
"source_path,destination_path,backup_path,dry_run,temp_path",1.0,,
"schema_name,foreign_key,table_name,primary_key,validate_only,callback,audit_log",1.0,,
"bucket_name,object_key,storage_class,content_encoding",1.0,,
"tax_amount,request_id,currency,discount_amount,amount",1.0,,
"m00,m01,m02,m10,m11,m12,m20,m21,m22,dry_run,trace_id",1.0,,
"callback,arg_b,arg_c,arg_a",1.0,,
"unit_number,street_number,postal_code,request_id,street_name,city",1.0,,
"dry_run,days,hours,minutes,weeks",1.0,,
"operation_name,origin_y,origin_x,rotation_degrees,scale_x,scale_y,dry_run",1.0,,
"release_minor,release_patch,metadata,prerelease_label,release_major,strict_mode",1.0,,
"longitude,metadata,altitude,callback,latitude",1.0,,
"crop_left,crop_top,crop_right,crop_bottom",1.0,,
"address_line1,province,strict_mode,zip_code,address_line2,locality",1.0,,
"manufacturer,serial_number,model,firmware_version,context",1.0,,
"axis_y,axis_z,axis_x,trace_id",1.0,,
"queue_name,routing_key,exchange_name,consumer_group",1.0,,
"instance_id,service_name,host_name,domain_name",1.0,,
"pitch,validate_only,callback,roll,yaw",1.0,,
"request_id,start_column,start_line,end_column,end_line",1.0,,
"dry_run,session_token,access_key,allow_partial,secret_key,region_name",1.0,,
"score2,audit_log,score4,tags,context,score1,score3",1.0,,
"frame_rate,frame_width,frame_height,codec_name,audit_log,retry_policy,trace_id",1.0,,
"frame_rate,codec_name,frame_height,frame_width",1.0,,
"validate_only,sender_email,bcc_emails,cc_emails,recipient_email,trace_id",1.0,,
"hue,retry_policy,allow_partial,saturation,lightness",1.0,,
"min_age,max_age,min_score,max_score,metadata",1.0,,
"parameter_a,parameter_b,parameter_c,parameter_d,operation_name,request_id",1.0,,
"trace_id,employee_id,manager_id,start_date,emit_events,job_title",1.0,,
"duration_seconds,bit_depth,sample_rate,channel_count,tags",1.0,,
"image_width,image_height,color_mode,bit_depth",1.0,,
"invoice_number,invoice_date,due_date,payment_terms,correlation_id,callback",1.0,,
"hue,saturation,lightness,context",1.0,,
"score4,retry_policy,correlation_id,score1,score3,actor_id,score2",1.0,,
"end_byte,start_line,start_byte,end_line,metadata,operation_name",1.0,,
"client_id,client_secret,redirect_uri,scopes,note,tags",1.0,,
"strict_mode,hostname,query_string,path,correlation_id,protocol,request_id,port",1.0,,
"recorded_at,metric_unit,metric_value,metric_name,context",1.0,,
"max_age,max_score,min_age,dry_run,min_score",1.0,,
"file_id,file_url,content_type,content_length,operation_name",1.0,,
"day,trace_id,year,request_id,correlation_id,month",1.0,,
"employee_id,start_date,tags,job_title,trace_id,manager_id",1.0,,
"username,password,allow_partial,database,host,port",1.0,,
"item1,item2,item3,retry_policy,dry_run,operation_name",1.0,,
"red,green,blue,alpha,correlation_id",1.0,,
"metadata,domain_name,instance_id,service_name,host_name,actor_id,operation_name",1.0,,
"note,value_1,value_2,value_4,value_3,correlation_id",1.0,,
"value1,correlation_id,value2,retry_policy,value3,allow_partial",1.0,,
"principal,interest_rate,term_months,payment_frequency,allow_partial",1.0,,
"recorded_at,metric_name,allow_partial,on_error,metric_value,metric_unit",1.0,,
"parameter_c,parameter_b,parameter_d,parameter_a,dry_run",1.0,,
"m00,logger,m12,m20,m11,m10,strict_mode,m01,m22,m21,m02",1.0,,
"min_frequency,max_frequency,sample_rate,channel_count,tags",1.0,,
"host,port,username,password,database,note,request_id",1.0,,
"duration_seconds,metadata,operation_name,channel_count,bit_depth,sample_rate",1.0,,
"database_url,pool_size,connect_timeout,ssl_mode,audit_log",1.0,,
"dry_run,process_id,thread_id,trace_id,parent_process_id,started_at",1.0,,
"wind_speed,temperature_celsius,allow_partial,humidity_percent,pressure_hpa",1.0,,
"protocol,hostname,port,path,query_string,audit_log",1.0,,
"error_message,error_details,request_id,allow_partial,error_context,error_code",1.0,,
"process_id,request_id,parent_process_id,started_at,retry_policy,thread_id",1.0,,
"metadata,green,red,blue,callback",1.0,,
"rotation_degrees,scale_y,origin_y,scale_x,note,origin_x",1.0,,
"weeks,days,hours,minutes,logger",1.0,,
"scale_y,origin_x,trace_id,rotation_degrees,origin_y,scale_x",1.0,,
"bucket_name,object_key,storage_class,content_encoding,callback,retry_policy",1.0,,
"job_title,employee_id,manager_id,start_date,idempotency_key",1.0,,
"parameter_a,parameter_b,parameter_c,parameter_d,audit_log,dry_run",1.0,,
"allow_partial,start_byte,end_byte,start_line,end_line",1.0,,
"timezone,minute,hour,weekday,logger",1.0,,
"item3,item2,operation_name,item1,metadata,correlation_id",1.0,,
"file_name,dry_run,file_size_bytes,metadata,file_path,checksum,allow_partial,mime_type",1.0,,
"start_byte,end_byte,start_line,end_line,emit_events",1.0,,
"callback,state,county,country,neighborhood,city",1.0,,
"api_key,api_secret,api_region,api_version,metadata,context",1.0,,
"correlation_id,latitude,emit_events,logger,altitude,longitude",1.0,,
"subtotal,total,unit_price,quantity,idempotency_key",1.0,,
"redirect_uri,client_secret,operation_name,client_id,scopes,trace_id",1.0,,
"card_number,card_expiry,card_cvv,billing_postal_code,operation_name,note",1.0,,
"magenta,actor_id,black,cyan,yellow",1.0,,
"lat,lon,elevation_meters,validate_only,dry_run",1.0,,
"package_manager,runtime_version,language,framework",1.0,,
"end_date,start_date,dry_run,timezone,note",1.0,,
"vendor_id,batch_number,product_id,sku,note",1.0,,
"note,longitude,latitude,on_error,altitude,validate_only",1.0,,
"duration_seconds,operation_name,sample_rate,channel_count,bit_depth,context,validate_only",1.0,,
"oauth_provider,client_id,callback_url,client_secret,callback,metadata",1.0,,
"hue,lightness,tags,saturation",1.0,,
"destination_path,backup_path,temp_path,source_path,context,actor_id",1.0,,
"certificate_path,private_key_path,ca_bundle_path,verify_hostname",1.0,,
"row_index,column_index,layer_index,audit_log",1.0,,
"access_key,session_token,audit_log,metadata,region_name,secret_key",1.0,,
"order_direction,limit,offset,order_by",1.0,,
"audit_log,request_id,order_by,limit,order_direction,offset",1.0,,
"metric_unit,metric_value,metric_name,recorded_at",1.0,,
"duration_seconds,channel_count,strict_mode,allow_partial,sample_rate,bit_depth",1.0,,
"m20,m11,m10,context,m22,tags,m02,m12,m01,m21,m00",1.0,,
"east,north,metadata,west,south,operation_name",1.0,,
"y_coord,correlation_id,x_coord,z_coord",1.0,,
"country_code,currency_code,validate_only,calling_code,country_name,tags",1.0,,
"callback,bcc_emails,recipient_email,cc_emails,sender_email",1.0,,
"db_host,db_port,db_name,db_user,db_password,metadata,on_error",1.0,,
"item3,item1,item2",1.0,,
"sample_rate,channel_count,min_frequency,max_frequency,idempotency_key",1.0,,
"client_id,client_secret,redirect_uri,scopes",1.0,,
"arg_a,arg_b,arg_c",1.0,,
"metric_unit,context,metric_name,note,recorded_at,operation_name,metric_value",1.0,,
"job_title,employee_id,manager_id,start_date",1.0,,
"directory_path,base_name,extension,encoding,strict_mode,callback,actor_id",1.0,,
"country_code,audit_log,city,postal_code,region,street_address",1.0,,
"hour,actor_id,minute,timezone,weekday",1.0,,
"red,green,alpha,blue",1.0,,
"idempotency_key,value_4,logger,value_2,emit_events,value_3,value_1",1.0,,
"file_name,mime_type,file_size_bytes,checksum,file_path",1.0,,
"interest_rate,principal,term_months,idempotency_key,on_error,payment_frequency",1.0,,
"x_min,y_min,x_max,y_max,trace_id,audit_log,actor_id",1.0,,
"image_height,image_width,color_mode,bit_depth,operation_name",1.0,,
"order_direction,order_by,audit_log,actor_id,offset,limit",1.0,,
"language_code,country_code,currency_code,time_zone",1.0,,
"west,north,east,south",1.0,,
"on_error,layer_index,row_index,column_index",1.0,,
"package_manager,runtime_version,actor_id,language,dry_run,framework,tags",1.0,,
"sender_email,recipient_email,cc_emails,bcc_emails,idempotency_key,context",1.0,,
"saturation,hue,lightness,logger",1.0,,
"host,port,username,password,database,tags,dry_run,allow_partial",1.0,,
"unit_price,quantity,subtotal,total,allow_partial,idempotency_key",1.0,,
"item2,item1,item3",1.0,,
"column_index,row_index,layer_index,allow_partial,dry_run",1.0,,
"invoice_number,invoice_date,due_date,payment_terms,tags,allow_partial",1.0,,
"yellow,magenta,black,cyan,metadata,emit_events,allow_partial",1.0,,
"sensor_id,measurement_value,audit_log,measurement_unit,sensor_type",1.0,,
"sender_email,recipient_email,cc_emails,bcc_emails,correlation_id,strict_mode",1.0,,
"end_line,end_byte,start_line,on_error,request_id,start_byte,tags",1.0,,
"actor_id,operation_name,month,day,year",1.0,,
"year,audit_log,day,month,actor_id",1.0,,
"bucket_name,storage_class,audit_log,object_key,content_encoding",1.0,,
"county,city,actor_id,neighborhood,country,state,callback",1.0,,
"client_secret,client_id,callback,callback_url,audit_log,oauth_provider",1.0,,
"value_1,value_2,value_3,value_4,logger,validate_only",1.0,,
"recipient_email,idempotency_key,cc_emails,bcc_emails,validate_only,sender_email",1.0,,
"db_port,db_password,validate_only,db_host,db_name,correlation_id,actor_id,db_user",1.0,,
"mass_kg,length_meters,width_meters,height_meters,validate_only",1.0,,
"sku,product_id,batch_number,vendor_id,metadata,audit_log",1.0,,
"file_id,file_url,context,logger,content_length,tags,content_type",1.0,,
"birth_city,retry_policy,idempotency_key,birth_date,gender,nationality",1.0,,
"access_key,secret_key,session_token,region_name,callback,actor_id,metadata",1.0,,
"crop_left,crop_top,crop_bottom,crop_right,correlation_id",1.0,,
"vendor_id,product_id,batch_number,sku,idempotency_key",1.0,,
"queue_name,exchange_name,routing_key,consumer_group,note,correlation_id",1.0,,
"amount,currency,tax_amount,discount_amount,trace_id,request_id,logger",1.0,,
"validate_only,encoding,directory_path,base_name,extension",1.0,,
"correlation_id,height,depth,width",1.0,,
"dry_run,thread_id,parent_process_id,started_at,process_id",1.0,,
"trace_id,discount_amount,amount,tax_amount,currency",1.0,,
"country_name,country_code,calling_code,currency_code,allow_partial,audit_log",1.0,,
"tags,note,end_byte,end_line,start_line,start_byte",1.0,,
"x,y,z,strict_mode,operation_name",1.0,,
"origin_x,origin_y,scale_x,scale_y,rotation_degrees,emit_events",1.0,,
"unit_number,street_name,operation_name,postal_code,validate_only,street_number,city",1.0,,
"correlation_id,pitch,yaw,roll",1.0,,
"ipv6_address,emit_events,mac_address,ip_address,device_id",1.0,,
"min_score,max_age,idempotency_key,min_age,max_score",1.0,,
"object_key,callback,storage_class,idempotency_key,bucket_name,content_encoding",1.0,,
"north,south,east,west",1.0,,
"emit_events,codec_name,frame_rate,allow_partial,frame_height,frame_width",1.0,,
"middle_name,name_suffix,first_name,on_error,retry_policy,last_name",1.0,,
"foreign_key,schema_name,retry_policy,table_name,idempotency_key,trace_id,primary_key",1.0,,
"sender_email,recipient_email,cc_emails,bcc_emails,callback",1.0,,
"color_mode,bit_depth,idempotency_key,image_width,image_height",1.0,,
"operation_name,vendor_id,sku,batch_number,product_id,retry_policy",1.0,,
"channel_count,context,sample_rate,request_id,bit_depth,duration_seconds",1.0,,
"release_minor,metadata,tags,prerelease_label,release_major,release_patch",1.0,,
"callback,height_meters,mass_kg,length_meters,width_meters,strict_mode,idempotency_key",1.0,,
"city,region,street_address,postal_code,logger,country_code,retry_policy",1.0,,
"sensor_id,measurement_value,sensor_type,actor_id,measurement_unit",1.0,,
"cart_id,line_items,shipping_address,billing_address,emit_events,audit_log",1.0,,
"access_token,strict_mode,token_type,refresh_token,expires_in,on_error",1.0,,
"client_id,client_secret,redirect_uri,scopes,operation_name",1.0,,
"minutes,days,weeks,hours,tags,note",1.0,,
"m21,m00,logger,m22,m01,m10,dry_run,m11,m02,m12,m20",1.0,,
"north,east,west,south",1.0,,
"api_version,api_key,callback,api_region,api_secret",1.0,,
"error_code,audit_log,error_message,error_context,error_details",1.0,,
"left,top,right,bottom,idempotency_key",1.0,,
"lightness,idempotency_key,callback,hue,saturation",1.0,,
"m10,m22,trace_id,m11,m01,operation_name,m00,m02,m21,m20,m12",1.0,,
"cursor,sort_direction,page_size,sort_field,page_number",1.0,,
"source_path,destination_path,temp_path,backup_path,idempotency_key,logger",1.0,,
"storage_class,bucket_name,content_encoding,object_key,tags,allow_partial",1.0,,
"audit_log,green,red,alpha,blue",1.0,,
"cart_id,billing_address,line_items,shipping_address",1.0,,
"oauth_provider,client_id,client_secret,callback_url,strict_mode",1.0,,
"sensor_id,sensor_type,measurement_value,measurement_unit",1.0,,
"channel_count,audit_log,max_frequency,logger,callback,min_frequency,sample_rate",1.0,,
"commit_sha,repository_url,tag_name,branch_name",1.0,,
"request_body,http_method,url,query_params,headers,actor_id,dry_run",1.0,,
"plan_id,billing_cycle,renewal_date,payment_method,actor_id,strict_mode",1.0,,
"employee_id,job_title,manager_id,start_date,strict_mode,dry_run,operation_name",1.0,,
"recipient_email,sender_email,logger,emit_events,cc_emails,bcc_emails",1.0,,
"access_token,token_type,expires_in,refresh_token",1.0,,
"start_at,cron_expression,timezone,end_at,emit_events",1.0,,
"total,unit_price,correlation_id,subtotal,quantity",1.0,,
"paper_size,orientation,margin_top,margin_bottom,margin_left,margin_right,context,tags",1.0,,
"metadata,end_line,start_line,emit_events,end_column,start_column",1.0,,
"offset,limit,order_by,order_direction,emit_events,context",1.0,,
"year,month,day,validate_only",1.0,,
"queue_name,exchange_name,routing_key,consumer_group,strict_mode",1.0,,
"start_time,end_time,time_zone,tags",1.0,,
"allow_partial,parameter_a,parameter_b,parameter_d,parameter_c,logger,dry_run",1.0,,
"margin_left,margin_right,operation_name,margin_bottom,paper_size,orientation,margin_top",1.0,,
"port,host,actor_id,username,password,database",1.0,,
"min_age,max_age,min_score,max_score,strict_mode",1.0,,
"trace_id,region_name,session_token,access_key,secret_key",1.0,,
"ipv6_address,ip_address,device_id,mac_address",1.0,,
"request_id,value1,value3,value2",1.0,,
"request_id,strict_mode,model,serial_number,firmware_version,manufacturer",1.0,,
"trace_id,password,username,database,host,port,dry_run",1.0,,
"renewal_date,correlation_id,billing_cycle,plan_id,validate_only,logger,payment_method",1.0,,
"note,month,year,day",1.0,,
"parameter_d,parameter_a,audit_log,parameter_c,idempotency_key,parameter_b",1.0,,
"release_patch,prerelease_label,release_minor,logger,tags,release_major,context",1.0,,
"first_name,middle_name,last_name,name_suffix,operation_name,metadata",1.0,,
"retry_policy,status_code,response_headers,content_type,response_body,audit_log,correlation_id",1.0,,
"thread_id,parent_process_id,started_at,callback,process_id,logger",1.0,,
"product_id,audit_log,batch_number,tags,vendor_id,sku,context",1.0,,
"mass_kg,length_meters,width_meters,height_meters,on_error",1.0,,
"temperature_celsius,humidity_percent,dry_run,pressure_hpa,wind_speed",1.0,,
"replication_factor,topic_name,retention_ms,partition_count",1.0,,
"line_items,billing_address,cart_id,shipping_address,allow_partial",1.0,,
"weeks,days,hours,minutes",1.0,,
"right,top,bottom,left,dry_run",1.0,,
"plan_id,billing_cycle,renewal_date,payment_method",1.0,,
"crop_top,note,crop_left,crop_right,audit_log,crop_bottom",1.0,,
"strict_mode,line_items,shipping_address,validate_only,cart_id,billing_address",1.0,,
"dry_run,base_name,extension,encoding,request_id,directory_path",1.0,,
"score1,score2,score3,score4,request_id,operation_name",1.0,,
"verify_hostname,tags,private_key_path,certificate_path,on_error,ca_bundle_path",1.0,,
"country_name,country_code,calling_code,currency_code,retry_policy",1.0,,
"queue_name,exchange_name,routing_key,consumer_group,retry_policy,allow_partial",1.0,,
"expires_in,refresh_token,access_token,token_type",1.0,,
"release_major,release_minor,release_patch,prerelease_label,validate_only,trace_id,audit_log",1.0,,
"max_frequency,request_id,channel_count,sample_rate,note,min_frequency",1.0,,
"host_name,domain_name,service_name,instance_id,retry_policy,allow_partial,idempotency_key",1.0,,
"logger,job_title,start_date,employee_id,manager_id,correlation_id",1.0,,
