,success,min_train_loss,total_epochs,best_epoch,elapsed_time (s),train_loss_list
0,False,1699.7718,6,4,94.1,"[1869.7677532404118, 1714.6435409268465, 1708.0891233132102, 1702.196973100142, 1699.7718328302558, 1702.392374378551]"
