input,output
"[enumerate 사용 가능한 경우 사용] : 71.8 점,
[함수의 인수를 변경 가능한 default value로 하지 않아야 함] : 93.8 점 👍,
[if-elif-elif-else 구문은 되도록 dict로 수정] : 98.2 점 👍,
[매우 간결한 변환은 map 사용] : 17.9 점 🚨,
[100 line 이상 함수 분리, docstring 필요] : 56.1 점 🚨",한 가지 변환만 길게 적은 반복 관련 리팩터링부터 다듬어 주세요! 가볍게 변환 규칙이 단순하면 map으로 핵심 연산을 또렷하게 표현할 수 있어요.
"[key=itemgetter(""key"") 사용 권장] : 95.7 점 👍,
[빈도수, 반복문, 경로명 리스트 추출 시 collections, itertools, glob 사용] : 39.4 점 🚨,
[if a.get(""b"") ... 형태로 수정 필요] : 91.8 점 👍,
[중복되는 사항 common 으로 빼기] : 88.0 점,
[한 줄의 길이는 일정 글자 이내로] : 95.1 점 👍",여러 곳에 흩어진 비슷한 처리 관련 리팩터링과 자주 쓰는 패턴을 직접 구현한 반복 관련 확인이 함께 아쉬움을 남겨요. 마음 편히 공통 동작을 한곳으로 모으면 수정할 때 놓칠 구석이 줄어요. 부드럽게 빈도에는 collections를 반복 조합에는 itertools를 경로 모으기에는 glob을 쓰면 표준 도구의 힘을 빌릴 수 있어요! 😺
"[if a.get(""b"") ... 형태로 수정 필요] : 40.9 점 🚨,
[동일한 인수 집합을 갖는 함수가 많은 경우 클래스화 고려] : 93.5 점 👍,
[import 순서 준수] : 12.0 점 🚨,
[함수 docstring, 함수명 의미 일치] : 1.5 점 🚨,
[함수의 인자가 하나로 묶을 수 있는 경우 처리 권장] : 97.8 점 👍",설명과 행동이 서로 다른 함수 관련 관리 쪽에서 잠깐 발이 걸릴 수 있어요! 프로젝트를 아끼는 마음으로 docstring과 함수가 약속한 역할을 맞추면 다음 사람이 안심하고 호출할 수 있어요.
"[유사한 변수명 통일] : 18.2 점 🚨,
[prefix, suffix 검사 시 startswith(), endswith() 사용] : 83.6 점,
[파일 단순 읽기/쓰기는 Path 사용] : 93.8 점 👍,
[중복되는 사항 common 으로 빼기] : 99.5 점 👍,
[문자열 단순 연결보다는 f-string 사용] : 95.1 점 👍",이번에는 서로 닮았지만 제각각인 변수 이름 관련 정돈을 먼저 다듬어 보면 어떨까요? 💫 개발자 마음으로 같은 개념에는 같은 이름 규칙을 쓰면 읽는 속도가 훨씬 빨라져요. 🚀
"[의미 있는 함수명, 변수명 사용] : 27.3 점 🚨,
[비어 있는 문자열 여부 판단 간소화] : 62.2 점,
[함수명, 반환값 간 일치] : 84.2 점,
[import 순서 준수] : 56.2 점 🚨,
[함수 docstring, 함수명 의미 일치] : 77.3 점",오늘의 코드에 남은 숙제는 바로 역할을 짐작하기 어려운 이름 관련 보완이에요. 가능하면 무엇을 하는지 드러나는 이름으로 바꾸면 설명서 없이도 코드가 읽혀요.
"[if-elif-elif-else 구문은 되도록 dict로 수정] : 97.3 점 👍,
[경로를 path/to/file 이 아닌, pathlib 또는 os.path.join 사용] : 78.5 점,
[Python 예약어를 변수명으로 사용하지 않아야 함] : 93.7 점 👍,
[함수 docstring, 함수명 의미 일치] : 84.3 점,
[zip 사용 가능한 경우 사용] : 91.7 점 👍",문자열로 이어 붙인 파일 경로 관련 보완은 작은 손질로 분위기가 크게 바뀌는 곳이에요! 🧩 기분 좋게 pathlib이나 os.path.join으로 경로를 조립하면 운영체제가 달라도 안전해요! 📌
"[itertools.product 사용 가능한 경우 사용] : 97.9 점 👍,
[동일 인자 type 통일] : 99.1 점 👍,
[예외를 삼키는 경우가 없어야 함] : 62.8 점,
[if a.get(""b"") ... 형태로 수정 필요] : 45.7 점 🚨,
[인덱스 반환에 index 함수 사용] : 36.9 점 🚨",정리 마법을 한 번 쓸 곳은 위치를 찾기 위해 손수 추적하는 반복 관련 다듬기를 정돈하는 일이에요. ✨ 가능한 범위에서 첫 위치가 필요할 때는 index를 쓰면 목적이 바로 보입니다. 🌿
"[a = my_list[0], b = my_list[1] ... 대신 unpacking 사용 필요] : 99.0 점 👍,
[예외를 삼키는 경우가 없어야 함] : 25.5 점 🚨,
[주석 처리된 코드 제거] : 66.3 점,
[의미 있는 함수명, 변수명 사용] : 60.4 점,
[제너레이터 표현식 사용이 가능한 경우 사용] : 49.1 점 🚨",오류를 조용히 지나치는 예외 처리 관련 개선 때문에 의도가 흐려질 여지가 있어요. 🙌 부드럽게 예외를 기록하거나 다시 올려 보내야 장애 원인을 놓치지 않아요.
"[언패킹 시 숫자 인덱스 사용하지 말 것 (변수에 바로 할당)] : 93.7 점 👍,
[제너레이터 표현식 사용이 가능한 경우 사용] : 90.4 점 👍,
[지나치게 많은 들여쓰기 수정] : 94.1 점 👍,
[100 line 이상 함수 분리, docstring 필요] : 98.1 점 👍,
[리스트 컴프리헨션 사용이 가능한 경우 사용] : 31.4 점 🚨",한 가지 제안은 단순 변환을 길게 푼 반복문 관련 점검을 챙기는 일이에요! 테스트를 떠올리며 짧고 명확한 경우에는 리스트 컴프리헨션으로 의도를 한눈에 보여 주세요.
"[파일 단순 읽기/쓰기는 Path 사용] : 54.4 점 🚨,
[비어 있는 문자열 여부 판단 간소화] : 99.8 점 👍,
[동일 인자 type 통일] : 93.5 점 👍,
[예외의 종류 (OOOError 등) 구체적 명시 권장] : 89.5 점,
[의미 있는 함수명, 변수명 사용] : 68.9 점",간단한 파일 작업에 장황한 경로 처리 관련 손질을 고치면 코드의 인상이 달라져요! 💫 의도를 적어 두듯 Path의 읽기와 쓰기 메서드를 쓰면 파일 작업이 짧고 단단해져요. 🧠
"[정규 표현식 문자열은 r""..."" 권장] : 68.5 점,
[주석 처리된 코드 제거] : 34.5 점 🚨,
[인덱스 반환에 index 함수 사용] : 24.9 점 🚨,
[경로를 path/to/file 이 아닌, pathlib 또는 os.path.join 사용] : 4.1 점 🚨,
[숫자 값은 위쪽에 상수로] : 69.2 점",테스트하기 쉬운 구조로 가는 문은 문자열로 이어 붙인 파일 경로 관련 검토입니다! 🎈 한 발 먼저 pathlib이나 os.path.join으로 경로를 조립하면 운영체제가 달라도 안전해요! 😺
"[비어 있는 문자열 여부 판단 간소화] : 75.4 점,
[불필요한 변수 생성 대신 defaultdict 권장] : 26.9 점 🚨,
[리스트 컴프리헨션 사용이 가능한 경우 사용] : 92.5 점 👍,
[중복되는 사항 common 으로 빼기] : 12.6 점 🚨,
[Python 예약어를 변수명으로 사용하지 않아야 함] : 96.3 점 👍",여러 곳에 흩어진 비슷한 처리 관련 검토는 지금 정리해 두면 이득이 큰 부분이에요. 살펴본 김에 공통 동작을 한곳으로 모으면 수정할 때 놓칠 구석이 줄어요.
"[불필요한 print, logging 제거] : 85.8 점,
[동일한 인수 집합을 갖는 함수가 많은 경우 클래스화 고려] : 12.9 점 🚨,
[함수 인수 type hint 필요] : 85.9 점,
[예외를 삼키는 경우가 없어야 함] : 95.9 점 👍,
[한 줄의 길이는 일정 글자 이내로] : 7.9 점 🚨",옆으로 너무 길게 뻗은 코드 줄 관련 보완과 같은 설정을 반복해서 받는 함수들 관련 손질이 미래의 수정을 조금 어렵게 해요. ✨ 천천히 줄을 적당히 나누면 작은 화면에서도 흐름을 놓치지 않아요. 읽는 사람을 위해 공통 상태를 가진 객체로 묶으면 인자 전달이 가벼워지고 역할도 선명해져요! 😉
"[경로를 path/to/file 이 아닌, pathlib 또는 os.path.join 사용] : 29.7 점 🚨,
[개수 세기에 count 함수 사용] : 97.9 점 👍,
[클래스 내부에서만 쓰이는 속성, 메서드 (접두사 있음) 호출 비 권장] : 65.3 점,
[파일 열기, 닫기 시 with open(...) 사용] : 78.3 점,
[언패킹 시 숫자 인덱스 사용하지 말 것 (변수에 바로 할당)] : 96.8 점 👍",문자열로 이어 붙인 파일 경로 관련 손질을 정리하면 좋은 이유가 분명해요. 🧼 살펴본 김에 pathlib이나 os.path.join으로 경로를 조립하면 운영체제가 달라도 안전해요. 🧩
"[기존 배열의 원소 추가 대신 extend 함수 사용] : 67.2 점,
[한 줄의 길이는 일정 글자 이내로] : 6.5 점 🚨,
[매우 간결한 변환은 map 사용] : 97.3 점 👍,
[유사한 변수명 통일] : 91.5 점 👍,
[조건문 중첩 대신 any, all 사용] : 92.2 점 👍",지금 코드에서 살짝 아쉬운 곳은 옆으로 너무 길게 뻗은 코드 줄 관련 관리입니다. 🛠️ 한 줄씩 줄을 적당히 나누면 작은 화면에서도 흐름을 놓치지 않아요.
"[100 line 이상 함수 분리, docstring 필요] : 15.8 점 🚨,
[숫자 값은 위쪽에 상수로] : 22.5 점 🚨,
[if a.get(""b"") ... 형태로 수정 필요] : 70.6 점,
[클래스 내부에서만 쓰이는 속성, 메서드 (접두사 있음) 호출 비 권장] : 90.4 점 👍,
[zip 사용 가능한 경우 사용] : 50.1 점 🚨",코드의 리듬을 더 살릴 방법은 한 번에 너무 많은 일을 하는 긴 함수 관련 점검에 대한 정리예요! 🚀 기분 좋게 책임별로 나누고 docstring을 붙이면 테스트와 수정이 한결 수월해져요. 💡
"[매우 간결한 변환은 map 사용] : 91.1 점 👍,
[유사한 이름의 함수끼리 가까이 위치하도록 수정 권장] : 93.8 점 👍,
[미 사용 변수/함수 제거] : 94.2 점 👍,
[100 line 이상 함수 분리, docstring 필요] : 14.8 점 🚨,
[한 줄의 길이는 일정 글자 이내로] : 48.5 점 🚨",한 번에 너무 많은 일을 하는 긴 함수 관련 다듬기를 놓치지 않으면 한결 편해져요! 😺 이번 수정에서는 책임별로 나누고 docstring을 붙이면 테스트와 수정이 한결 수월해져요. 💡
"[동일한 인수 집합을 갖는 함수가 많은 경우 클래스화 고려] : 7.5 점 🚨,
[a = my_list[0], b = my_list[1] ... 대신 unpacking 사용 필요] : 97.4 점 👍,
[지나치게 많은 들여쓰기 수정] : 75.1 점,
[if-elif-elif-else 구문은 되도록 dict로 수정] : 95.3 점 👍,
[리스트 컴프리헨션 사용이 가능한 경우 사용] : 81.2 점",조금 더 사랑받는 코드로 가는 길은 같은 설정을 반복해서 받는 함수들 관련 관리에서 열려요! 필요한 곳부터 공통 상태를 가진 객체로 묶으면 인자 전달이 가벼워지고 역할도 선명해져요. ✨
"[if-elif-elif-else 구문은 되도록 dict로 수정] : 84.6 점,
[함수의 인수를 변경 가능한 default value로 하지 않아야 함] : 92.8 점 👍,
[itertools.product 사용 가능한 경우 사용] : 63.2 점,
[동일 인자 type 통일] : 96.4 점 👍,
[파일 단순 읽기/쓰기는 Path 사용] : 23.0 점 🚨",간단한 파일 작업에 장황한 경로 처리 관련 정돈에 손을 보태면 흐름이 훨씬 편안해져요! 🧠 개발자 마음으로 Path의 읽기와 쓰기 메서드를 쓰면 파일 작업이 짧고 단단해져요. 💡
"[enumerate 사용 가능한 경우 사용] : 90.8 점 👍,
[의미 있는 함수명, 변수명 사용] : 79.9 점,
[파일 단순 읽기/쓰기는 Path 사용] : 89.7 점,
[개수 세기에 count 함수 사용] : 99.5 점 👍,
[지나치게 많은 들여쓰기 수정] : 96.8 점 👍",나중의 나를 웃게 할 수정은 역할을 짐작하기 어려운 이름 관련 관리와 간단한 파일 작업에 장황한 경로 처리 관련 개편이에요! 팀과 맞춰 보며 무엇을 하는지 드러나는 이름으로 바꾸면 설명서 없이도 코드가 읽혀요. 프로젝트를 아끼는 마음으로 Path의 읽기와 쓰기 메서드를 쓰면 파일 작업이 짧고 단단해져요! 🛠️
"[한 줄의 길이는 일정 글자 이내로] : 98.5 점 👍,
[파일 열기, 닫기 시 with open(...) 사용] : 99.2 점 👍,
[zip 사용 가능한 경우 사용] : 92.7 점 👍,
[예외의 종류 (OOOError 등) 구체적 명시 권장] : 74.1 점,
[str 단순 += 대신 join 사용] : 60.1 점",문자열을 반복해서 더하는 연결 관련 정리를 한 번 살펴봐 주세요. ✨ 지금 바로 조각을 많이 합칠 때는 join으로 모으면 성능과 의도가 함께 좋아져요! 🍀
"[매우 간결한 변환은 map 사용] : 46.1 점 🚨,
[제너레이터 표현식 사용이 가능한 경우 사용] : 96.0 점 👍,
[함수 docstring, 함수명 의미 일치] : 23.9 점 🚨,
[if a.get(""b"") ... 형태로 수정 필요] : 85.0 점,
[key=itemgetter(""key"") 사용 권장] : 84.5 점",유지보수 메모에 적어 둘 대상은 설명과 행동이 서로 다른 함수 관련 손질입니다. 가볍게 docstring과 함수가 약속한 역할을 맞추면 다음 사람이 안심하고 호출할 수 있어요! 🎈
"[assertion을 제어 메커니즘으로 사용하면 안됨] : 99.0 점 👍,
[zip 사용 가능한 경우 사용] : 88.2 점,
[제너레이터 표현식 사용이 가능한 경우 사용] : 74.7 점,
[주석 처리된 코드 제거] : 93.0 점 👍,
[함수명, 반환값 간 일치] : 91.4 점 👍",모두 만들어 놓고 쓰는 중간 목록 관련 정리 쪽에서 잠깐 발이 걸릴 수 있어요! 🧩 이번 수정에서는 한 번만 순회한다면 제너레이터 표현식으로 메모리를 아껴 볼 만해요! 🙌
"[인덱스 반환에 index 함수 사용] : 84.3 점,
[문자열 단순 연결보다는 f-string 사용] : 95.0 점 👍,
[비어 있는 문자열 여부 판단 간소화] : 90.1 점 👍,
[함수의 인자가 유동적인 경우 처리 권장] : 67.4 점,
[기존 배열의 원소 추가 대신 extend 함수 사용] : 14.2 점 🚨",목록 원소를 하나씩 붙이는 처리 관련 검토를 먼저 정돈해 보면 어떨까요? 🙌 읽는 사람을 위해 여러 값을 더할 때는 extend를 쓰면 의도가 정확히 전달돼요. 개수가 달라질 수 있는 인수를 고정해 둔 호출 관련 관리에는 이번 수정에서는 가변 인수는 *args나 **kwargs를 알맞게 쓰면 확장에 더 유연해져요! 📌
"[불필요한 print, logging 제거] : 90.8 점 👍,
[if a.get(""b"") ... 형태로 수정 필요] : 95.8 점 👍,
[100 line 이상 함수 분리, docstring 필요] : 5.6 점 🚨,
[클래스 내부에서만 쓰이는 속성, 메서드 (접두사 있음) 호출 비 권장] : 55.5 점 🚨,
[불필요한 변수 생성 대신 defaultdict 권장] : 97.4 점 👍",다음 커밋에 담아 볼 변화는 바로 한 번에 너무 많은 일을 하는 긴 함수 관련 관리예요. 🛠️ 오늘의 마무리로 책임별로 나누고 docstring을 붙이면 테스트와 수정이 한결 수월해져요. 😺
"[if-elif-elif-else 구문은 되도록 dict로 수정] : 24.8 점 🚨,
[조건문 중첩 대신 any, all 사용] : 97.2 점 👍,
[클래스 내부에서만 쓰이는 속성, 메서드 (접두사 있음) 호출 비 권장] : 83.8 점,
[import 순서 준수] : 72.0 점,
[함수 인수 type hint 필요] : 77.5 점",갈래가 길게 이어진 조건 분기 관련 손질은 작은 손질로 분위기가 크게 바뀌는 곳이에요! 문맥을 확인하며 값에 따른 선택이라면 dict 매핑으로 바꾸어 분기표를 단순하게 만들어 보세요!
"[if a.get(""b"") ... 형태로 수정 필요] : 100.0 점 👍,
[조건문 중첩 대신 any, all 사용] : 19.5 점 🚨,
[함수 인수 type hint 필요] : 97.7 점 👍,
[문자열 단순 연결보다는 f-string 사용] : 90.3 점 👍,
[예외를 삼키는 경우가 없어야 함] : 13.5 점 🚨",코드가 들려주는 두 가지 부탁은 오류를 조용히 지나치는 예외 처리 관련 정리와 참과 거짓을 여러 번 감싸는 조건문 관련 다듬기예요! 🎈 미래의 나를 위해 예외를 기록하거나 다시 올려 보내야 장애 원인을 놓치지 않아요. 큰 부담 없이 여러 조건의 존재 여부는 any나 all에 맡기면 뜻이 훨씬 또렷해져요! 🧠
"[파일 열기, 닫기 시 with open(...) 사용] : 90.3 점 👍,
[매우 간결한 변환은 map 사용] : 33.5 점 🚨,
[조건문 중첩 대신 any, all 사용] : 97.2 점 👍,
[100 line 이상 함수 분리, docstring 필요] : 90.6 점 👍,
[불필요한 print, logging 제거] : 95.5 점 👍",한 가지 변환만 길게 적은 반복 관련 손질 때문에 읽는 흐름이 끊길 수 있습니다. 💡 이 기회에 변환 규칙이 단순하면 map으로 핵심 연산을 또렷하게 표현할 수 있어요. 또 하나의 다듬기 포인트는 파일을 열고 닫는 일을 수동으로 관리하는 코드 관련 다듬기도 필요한 곳부터 with open(...)으로 감싸면 예외가 나도 파일이 안전하게 닫혀요! ✨
"[상태 값 조건이 있는 if-elif-elif-else 있는 경우 클래스화 고려] : 91.8 점 👍,
[함수 docstring, 함수명 의미 일치] : 90.5 점 👍,
[인덱스 반환에 index 함수 사용] : 68.5 점,
[불필요한 변수 생성 대신 defaultdict 권장] : 69.2 점,
[함수의 인자가 하나로 묶을 수 있는 경우 처리 권장] : 97.7 점 👍",한 가지 제안은 위치를 찾기 위해 손수 추적하는 반복 관련 손질을 챙기는 일이에요! 테스트를 떠올리며 첫 위치가 필요할 때는 index를 쓰면 목적이 바로 보입니다! 🍀
"[함수 docstring, 함수명 의미 일치] : 98.1 점 👍,
[비어 있는 문자열 여부 판단 간소화] : 83.5 점,
[itertools.product 사용 가능한 경우 사용] : 18.9 점 🚨,
[유사한 이름의 함수끼리 가까이 위치하도록 수정 권장] : 90.8 점 👍,
[유사한 변수명 통일] : 64.7 점",여러 조합을 손으로 겹쳐 도는 반복 관련 개선을 고치면 코드의 인상이 달라져요! 가능한 범위에서 모든 조합이 필요할 때는 itertools.product로 의도를 또렷하게 드러내요. 🔍
"[예외를 삼키는 경우가 없어야 함] : 55.7 점 🚨,
[기존 배열의 원소 추가 대신 extend 함수 사용] : 91.8 점 👍,
[예외의 종류 (OOOError 등) 구체적 명시 권장] : 9.3 점 🚨,
[언패킹 시 숫자 인덱스 사용하지 말 것 (변수에 바로 할당)] : 79.5 점,
[중복되는 사항 common 으로 빼기] : 79.4 점",독해 속도를 높일 열쇠는 너무 넓게 잡은 예외 관련 개선입니다! 한 호흡 쉬고 예상한 OOOError처럼 구체적인 예외만 잡으면 버그가 숨어버리지 않아요! 🔍
"[경로를 path/to/file 이 아닌, pathlib 또는 os.path.join 사용] : 89.3 점,
[조건문 중첩 대신 any, all 사용] : 24.2 점 🚨,
[예외를 삼키는 경우가 없어야 함] : 24.0 점 🚨,
[prefix, suffix 검사 시 startswith(), endswith() 사용] : 92.7 점 👍,
[기존 배열의 원소 추가 대신 extend 함수 사용] : 65.5 점",오류를 조용히 지나치는 예외 처리 관련 다듬기는 지금 정리해 두면 이득이 큰 부분이에요. 🔍 한 줄씩 예외를 기록하거나 다시 올려 보내야 장애 원인을 놓치지 않아요. 😉
"[함수의 인자가 유동적인 경우 처리 권장] : 20.1 점 🚨,
[예외의 종류 (OOOError 등) 구체적 명시 권장] : 66.7 점,
[prefix, suffix 검사 시 startswith(), endswith() 사용] : 92.0 점 👍,
[기존 배열의 원소 추가 대신 extend 함수 사용] : 75.5 점,
[예외를 삼키는 경우가 없어야 함] : 15.5 점 🚨",코드에 남은 작은 메시지는 오류를 조용히 지나치는 예외 처리 관련 보완이에요! 기록을 남기듯 예외를 기록하거나 다시 올려 보내야 장애 원인을 놓치지 않아요. 😉
"[빈도수, 반복문, 경로명 리스트 추출 시 collections, itertools, glob 사용] : 61.8 점,
[100 line 이상 함수 분리, docstring 필요] : 94.3 점 👍,
[매우 간결한 변환은 map 사용] : 88.9 점,
[함수의 인수를 변경 가능한 default value로 하지 않아야 함] : 99.0 점 👍,
[파일 열기, 닫기 시 with open(...) 사용] : 60.8 점",파일을 열고 닫는 일을 수동으로 관리하는 코드 관련 보완을 정리하면 좋은 이유가 분명해요. 💡 여유가 될 때 with open(...)으로 감싸면 예외가 나도 파일이 안전하게 닫혀요. 😉
"[미 사용 변수/함수 제거] : 81.8 점,
[지나치게 많은 들여쓰기 수정] : 55.6 점 🚨,
[한 줄의 길이는 일정 글자 이내로] : 89.8 점,
[불필요한 print, logging 제거] : 79.1 점,
[함수의 인자가 하나로 묶을 수 있는 경우 처리 권장] : 30.4 점 🚨",지금 코드에서 살짝 아쉬운 곳은 서로 늘 함께 다니는 여러 인수 관련 보완입니다. 🪄 흐름을 따라 관련 값을 객체나 dataclass로 묶으면 호출부가 훨씬 덜 복잡해져요.
"[assertion을 제어 메커니즘으로 사용하면 안됨] : 94.7 점 👍,
[빈도수, 반복문, 경로명 리스트 추출 시 collections, itertools, glob 사용] : 48.3 점 🚨,
[str 단순 += 대신 join 사용] : 72.4 점,
[조건문 중첩 대신 any, all 사용] : 92.6 점 👍,
[제너레이터 표현식 사용이 가능한 경우 사용] : 56.0 점 🚨",오늘의 코드에 남은 숙제는 자주 쓰는 패턴을 직접 구현한 반복 관련 확인에 대한 정리예요! 🧠 조금만 시간을 내서 빈도에는 collections를 반복 조합에는 itertools를 경로 모으기에는 glob을 쓰면 표준 도구의 힘을 빌릴 수 있어요. 🙌
"[상태 값 조건이 있는 if-elif-elif-else 있는 경우 클래스화 고려] : 62.4 점,
[f = lambda x: ... 보다는 def f(x): return ... 를 사용] : 60.8 점,
[경로를 path/to/file 이 아닌, pathlib 또는 os.path.join 사용] : 95.9 점 👍,
[언패킹 시 숫자 인덱스 사용하지 말 것 (변수에 바로 할당)] : 96.1 점 👍,
[함수 인수 type hint 필요] : 98.7 점 👍",이름 붙은 동작을 lambda에 숨긴 코드 관련 검토를 놓치지 않으면 한결 편해져요! ✨ 호기심을 갖고 재사용하거나 설명이 필요한 로직은 def로 꺼내면 디버깅과 테스트가 편해져요. 🧼
"[함수의 인자가 유동적인 경우 처리 권장] : 66.6 점,
[if-elif-elif-else 구문은 되도록 dict로 수정] : 79.1 점,
[예외를 삼키는 경우가 없어야 함] : 91.4 점 👍,
[조건문 중첩 대신 any, all 사용] : 94.6 점 👍,
[유사한 변수명 통일] : 99.9 점 👍",조금 더 사랑받는 코드로 가는 길은 개수가 달라질 수 있는 인수를 고정해 둔 호출 관련 확인에서 열려요! 🐣 이왕이면 가변 인수는 *args나 **kwargs를 알맞게 쓰면 확장에 더 유연해져요! 🙌
"[if-elif-elif-else 구문은 되도록 dict로 수정] : 84.5 점,
[함수의 인자가 유동적인 경우 처리 권장] : 92.6 점 👍,
[유사한 이름의 함수끼리 가까이 위치하도록 수정 권장] : 77.5 점,
[주석 처리된 코드 제거] : 73.7 점,
[개수 세기에 count 함수 사용] : 43.9 점 🚨",같은 값을 세려고 직접 도는 반복 관련 점검과 주석 속에 잠든 옛 코드 관련 다듬기에서 한 번 더 다듬어 볼 수 있어요! 🧠 이 기회에 단순한 횟수 확인은 count에 맡기면 코드가 짧고 분명해져요. 마음 편히 사용하지 않는 흔적은 지우고 필요한 배경만 남기면 파일이 훨씬 가벼워져요. 💡
"[제너레이터 표현식 사용이 가능한 경우 사용] : 94.2 점 👍,
[중복되는 사항 common 으로 빼기] : 95.3 점 👍,
[매우 간결한 변환은 map 사용] : 84.3 점,
[동일 인자 type 통일] : 91.1 점 👍,
[zip 사용 가능한 경우 사용] : 14.2 점 🚨",같은 위치의 두 목록을 따로 인덱싱하는 반복 관련 보완을 한 번 살펴봐 주세요! 🧠 안전하게 나란히 읽는 값들은 zip으로 묶어 주면 인덱스 실수를 막을 수 있어요. 🎈
"[중복되는 사항 common 으로 빼기] : 42.3 점 🚨,
[prefix, suffix 검사 시 startswith(), endswith() 사용] : 93.5 점 👍,
[제너레이터 표현식 사용이 가능한 경우 사용] : 92.3 점 👍,
[문자열 단순 연결보다는 f-string 사용] : 48.8 점 🚨,
[유사한 이름의 함수끼리 가까이 위치하도록 수정 권장] : 65.8 점",여러 곳에 흩어진 비슷한 처리 관련 다듬기를 한 번 살펴봐 주세요. 차분하게 공통 동작을 한곳으로 모으면 수정할 때 놓칠 구석이 줄어요! 🧠
"[예외의 종류 (OOOError 등) 구체적 명시 권장] : 91.1 점 👍,
[if a.get(""b"") ... 형태로 수정 필요] : 23.4 점 🚨,
[Python 예약어를 변수명으로 사용하지 않아야 함] : 73.9 점,
[파일 열기, 닫기 시 with open(...) 사용] : 98.3 점 👍,
[제너레이터 표현식 사용이 가능한 경우 사용] : 21.2 점 🚨",모두 만들어 놓고 쓰는 중간 목록 관련 보완 쪽에서 잠깐 발이 걸릴 수 있어요! 지금 바로 한 번만 순회한다면 제너레이터 표현식으로 메모리를 아껴 볼 만해요!
"[경로를 path/to/file 이 아닌, pathlib 또는 os.path.join 사용] : 46.7 점 🚨,
[불필요한 변수 생성 대신 defaultdict 권장] : 95.2 점 👍,
[Python 예약어를 변수명으로 사용하지 않아야 함] : 91.2 점 👍,
[if-elif-elif-else 구문은 되도록 dict로 수정] : 92.7 점 👍,
[리스트 컴프리헨션 사용이 가능한 경우 사용] : 79.9 점",문자열로 이어 붙인 파일 경로 관련 다듬기는 이번에 꼭 챙길 카드예요! 🛠️ 다음 배포를 생각하며 pathlib이나 os.path.join으로 경로를 조립하면 운영체제가 달라도 안전해요! 🪄
"[enumerate 사용 가능한 경우 사용] : 51.7 점 🚨,
[제너레이터 표현식 사용이 가능한 경우 사용] : 91.9 점 👍,
[유사한 변수명 통일] : 24.4 점 🚨,
[함수명, 반환값 간 일치] : 90.7 점 👍,
[if a.get(""b"") ... 형태로 수정 필요] : 44.4 점 🚨","프로젝트 체력을 키울 제안은 서로 닮았지만 제각각인 변수 이름 관련 손질입니다. 🔍 가능하면 같은 개념에는 같은 이름 규칙을 쓰면 읽는 속도가 훨씬 빨라져요. 함께 챙길 곳은 딕셔너리 값을 여러 단계로 꺼내는 검사 관련 다듬기에는 코드의 맥락을 보며 a.get(""b"")처럼 안전하게 꺼내면 누락된 키에서도 흐름이 부드러워요!"
"[동일한 인수 집합을 갖는 함수가 많은 경우 클래스화 고려] : 73.0 점,
[함수의 인수를 변경 가능한 default value로 하지 않아야 함] : 30.7 점 🚨,
[제너레이터 표현식 사용이 가능한 경우 사용] : 91.0 점 👍,
[key=itemgetter(""key"") 사용 권장] : 94.5 점 👍,
[빈 파일 *TODO 표시 필요*] : 65.4 점",코드의 숨통을 틔울 힌트는 바로 기본 인수에 놓인 변경 가능한 객체 관련 정돈이에요. 보너스처럼 리스트나 딕셔너리는 None으로 두고 함수 안에서 만들면 호출 사이에 상태가 섞이지 않아요! 🛠️
"[함수명, 반환값 간 일치] : 91.6 점 👍,
[의미 있는 함수명, 변수명 사용] : 11.4 점 🚨,
[함수 인수 type hint 필요] : 66.2 점,
[파일 열기, 닫기 시 with open(...) 사용] : 99.0 점 👍,
[예외를 삼키는 경우가 없어야 함] : 77.4 점",역할을 짐작하기 어려운 이름 관련 검토 쪽은 조금 더 선명해질 수 있어요! 🙌 살펴본 김에 무엇을 하는지 드러나는 이름으로 바꾸면 설명서 없이도 코드가 읽혀요. 형태가 보이지 않는 함수 인수 관련 정돈도 이왕이면 인수에 type hint를 달아 두면 들어오는 데이터가 무엇인지 바로 알 수 있어요!
"[함수명, 반환값 간 일치] : 42.2 점 🚨,
[상태 값 조건이 있는 if-elif-elif-else 있는 경우 클래스화 고려] : 79.6 점,
[문자열 단순 연결보다는 f-string 사용] : 98.2 점 👍,
[중복되는 사항 common 으로 빼기] : 9.9 점 🚨,
[key=itemgetter(""key"") 사용 권장] : 92.5 점 👍",변경에 강해질 실마리는 여러 곳에 흩어진 비슷한 처리 관련 정리를 정돈하는 일이에요. 🚀 작은 정성으로 공통 동작을 한곳으로 모으면 수정할 때 놓칠 구석이 줄어요! 😉
"[if a.get(""b"") ... 형태로 수정 필요] : 81.3 점,
[함수명, 반환값 간 일치] : 94.9 점 👍,
[상태 값 조건이 있는 if-elif-elif-else 있는 경우 클래스화 고려] : 51.8 점 🚨,
[zip 사용 가능한 경우 사용] : 67.0 점,
[enumerate 사용 가능한 경우 사용] : 87.9 점",상태에 따라 길게 갈라지는 분기 관련 개선 때문에 의도가 흐려질 여지가 있어요. 🧼 여유가 될 때 상태별 동작을 클래스로 나누면 새 상태를 더할 때 기존 조건문을 덜 건드려도 돼요! 🪄
"[유사한 변수명 통일] : 87.0 점,
[enumerate 사용 가능한 경우 사용] : 93.7 점 👍,
[리스트 컴프리헨션 사용이 가능한 경우 사용] : 92.6 점 👍,
[불필요한 print, logging 제거] : 82.5 점,
[파일 열기, 닫기 시 with open(...) 사용] : 61.2 점",한 가지 제안은 파일을 열고 닫는 일을 수동으로 관리하는 코드 관련 관리를 챙기는 일이에요! 한 발 먼저 with open(...)으로 감싸면 예외가 나도 파일이 안전하게 닫혀요. 📌
"[인덱스 반환에 index 함수 사용] : 75.5 점,
[상태 값 조건이 있는 if-elif-elif-else 있는 경우 클래스화 고려] : 90.0 점 👍,
[조건문 중첩 대신 any, all 사용] : 18.8 점 🚨,
[a = my_list[0], b = my_list[1] ... 대신 unpacking 사용 필요] : 52.1 점 🚨,
[함수의 인자가 유동적인 경우 처리 권장] : 20.4 점 🚨",참과 거짓을 여러 번 감싸는 조건문 관련 점검을 고치면 코드의 인상이 달라져요! 호기심을 갖고 여러 조건의 존재 여부는 any나 all에 맡기면 뜻이 훨씬 또렷해져요! 📌
"[주석 처리된 코드 제거] : 55.3 점 🚨,
[str 단순 += 대신 join 사용] : 85.4 점,
[파일 열기, 닫기 시 with open(...) 사용] : 80.7 점,
[if-elif-elif-else 구문은 되도록 dict로 수정] : 23.7 점 🚨,
[클래스 내부에서만 쓰이는 속성, 메서드 (접두사 있음) 호출 비 권장] : 64.8 점",한 번만 만져도 인상이 달라질 곳은 갈래가 길게 이어진 조건 분기 관련 관리입니다! 필요한 곳부터 값에 따른 선택이라면 dict 매핑으로 바꾸어 분기표를 단순하게 만들어 보세요! 🧼
"[예외의 종류 (OOOError 등) 구체적 명시 권장] : 97.4 점 👍,
[함수명, 반환값 간 일치] : 94.6 점 👍,
[함수의 인자가 하나로 묶을 수 있는 경우 처리 권장] : 19.2 점 🚨,
[Python 예약어를 변수명으로 사용하지 않아야 함] : 96.1 점 👍,
[f = lambda x: ... 보다는 def f(x): return ... 를 사용] : 63.0 점",서로 늘 함께 다니는 여러 인수 관련 보완은 지금 정리해 두면 이득이 큰 부분이에요. 살짝 관련 값을 객체나 dataclass로 묶으면 호출부가 훨씬 덜 복잡해져요!
"[동일 인자 type 통일] : 96.7 점 👍,
[경로를 path/to/file 이 아닌, pathlib 또는 os.path.join 사용] : 16.3 점 🚨,
[제너레이터 표현식 사용이 가능한 경우 사용] : 57.2 점 🚨,
[정규 표현식 문자열은 r""..."" 권장] : 6.1 점 🚨,
[a = my_list[0], b = my_list[1] ... 대신 unpacking 사용 필요] : 89.7 점","코드에 남은 작은 메시지는 백슬래시가 많은 정규식 문자열 관련 개선이에요! 😺 팀과 맞춰 보며 정규식은 r""..."" 형태로 적으면 이스케이프를 덜 신경 써도 돼요."
"[상태 값 조건이 있는 if-elif-elif-else 있는 경우 클래스화 고려] : 98.0 점 👍,
[리스트 컴프리헨션 사용이 가능한 경우 사용] : 92.1 점 👍,
[한 줄의 길이는 일정 글자 이내로] : 40.8 점 🚨,
[경로를 path/to/file 이 아닌, pathlib 또는 os.path.join 사용] : 94.1 점 👍,
[a = my_list[0], b = my_list[1] ... 대신 unpacking 사용 필요] : 93.8 점 👍",한 번에 두 군데만 챙기면 되는 옆으로 너무 길게 뻗은 코드 줄 관련 정리와 단순 변환을 길게 푼 반복문 관련 검토입니다! 꼼꼼하게 줄을 적당히 나누면 작은 화면에서도 흐름을 놓치지 않아요. 흐름을 따라 짧고 명확한 경우에는 리스트 컴프리헨션으로 의도를 한눈에 보여 주세요!
"[언패킹 시 숫자 인덱스 사용하지 말 것 (변수에 바로 할당)] : 9.8 점 🚨,
[100 line 이상 함수 분리, docstring 필요] : 10.5 점 🚨,
[assertion을 제어 메커니즘으로 사용하면 안됨] : 70.5 점,
[의미 있는 함수명, 변수명 사용] : 71.3 점,
[함수 인수 type hint 필요] : 74.8 점",한 번에 너무 많은 일을 하는 긴 함수 관련 손질을 고치면 이 코드가 더 편안해져요! ✨ 천천히 책임별로 나누고 docstring을 붙이면 테스트와 수정이 한결 수월해져요. 한 걸음 더 가면 언패킹 뒤에 다시 숫자 인덱스를 찾는 흐름 관련 검토에는 살펴본 김에 필요한 이름에 바로 받아 두면 중간 인덱스가 사라져 코드가 단순해져요. ✨
"[prefix, suffix 검사 시 startswith(), endswith() 사용] : 34.0 점 🚨,
[Python 예약어를 변수명으로 사용하지 않아야 함] : 99.9 점 👍,
[상태 값 조건이 있는 if-elif-elif-else 있는 경우 클래스화 고려] : 91.5 점 👍,
[주석 처리된 코드 제거] : 68.0 점,
[매우 간결한 변환은 map 사용] : 94.6 점 👍",코드 산책 중 만난 작은 이슈는 문자열 앞뒤를 잘라 비교하는 검사 관련 보완에 대한 정리예요! 💡 꼼꼼하게 접두사와 접미사는 startswith()와 endswith()로 확인하면 실수가 줄어요!
"[유사한 이름의 함수끼리 가까이 위치하도록 수정 권장] : 96.3 점 👍,
[조건문 중첩 대신 any, all 사용] : 92.5 점 👍,
[if a.get(""b"") ... 형태로 수정 필요] : 75.1 점,
[문자열 단순 연결보다는 f-string 사용] : 42.3 점 🚨,
[개수 세기에 count 함수 사용] : 99.3 점 👍",값을 이어 붙여 만드는 문자열 관련 정돈을 놓치지 않으면 한결 편해져요! 🌈 천천히 표현식이 들어간 문장은 f-string으로 쓰면 눈에 훨씬 잘 들어와요!
"[의미 있는 함수명, 변수명 사용] : 81.8 점,
[매우 간결한 변환은 map 사용] : 60.6 점,
[README.md, pyproject.toml 필요] : 86.0 점,
[동일한 인수 집합을 갖는 함수가 많은 경우 클래스화 고려] : 96.3 점 👍,
[if a.get(""b"") ... 형태로 수정 필요] : 90.9 점 👍",조금 더 사랑받는 코드로 가는 길은 한 가지 변환만 길게 적은 반복 관련 리팩터링에서 열려요! 🧠 작은 단계로 변환 규칙이 단순하면 map으로 핵심 연산을 또렷하게 표현할 수 있어요.
"[zip 사용 가능한 경우 사용] : 86.1 점,
[언패킹 시 숫자 인덱스 사용하지 말 것 (변수에 바로 할당)] : 67.9 점,
[주석 처리된 코드 제거] : 17.7 점 🚨,
[한 줄의 길이는 일정 글자 이내로] : 83.5 점,
[중복되는 사항 common 으로 빼기] : 0.6 점 🚨",여러 곳에 흩어진 비슷한 처리 관련 정리와 주석 속에 잠든 옛 코드 관련 관리에서 한 번 더 다듬어 볼 수 있어요! 읽는 사람을 위해 공통 동작을 한곳으로 모으면 수정할 때 놓칠 구석이 줄어요. 다음 변경 전에 사용하지 않는 흔적은 지우고 필요한 배경만 남기면 파일이 훨씬 가벼워져요! 💡
"[함수의 인자가 하나로 묶을 수 있는 경우 처리 권장] : 10.3 점 🚨,
[함수 인수 type hint 필요] : 15.0 점 🚨,
[숫자 값은 위쪽에 상수로] : 6.6 점 🚨,
[import 순서 준수] : 97.3 점 👍,
[동일 인자 type 통일] : 74.3 점",유지보수 메모에 적어 둘 대상은 로직 사이에 숨어 있는 숫자 관련 다듬기예요! 차분하게 매직 넘버를 파일 위쪽의 상수로 올리면 숫자가 왜 필요한지 바로 보여요! 🛠️
"[불필요한 변수 생성 대신 defaultdict 권장] : 93.9 점 👍,
[함수의 인자가 하나로 묶을 수 있는 경우 처리 권장] : 95.5 점 👍,
[미 사용 변수/함수 제거] : 13.4 점 🚨,
[의미 있는 함수명, 변수명 사용] : 97.1 점 👍,
[유사한 이름의 함수끼리 가까이 위치하도록 수정 권장] : 34.7 점 🚨",쓰임이 없는 변수와 함수 관련 관리부터 다듬어 주세요! 🐣 명확하게 참조되지 않는 선언을 걷어 내면 핵심 로직만 또렷하게 남아요! 🧠
"[유사한 변수명 통일] : 94.3 점 👍,
[개수 세기에 count 함수 사용] : 98.9 점 👍,
[기존 배열의 원소 추가 대신 extend 함수 사용] : 48.3 점 🚨,
[언패킹 시 숫자 인덱스 사용하지 말 것 (변수에 바로 할당)] : 62.4 점,
[제너레이터 표현식 사용이 가능한 경우 사용] : 73.4 점",언패킹 뒤에 다시 숫자 인덱스를 찾는 흐름 관련 정리와 목록 원소를 하나씩 붙이는 처리 관련 손질이 함께 아쉬움을 남겨요. ✨ 꼼꼼하게 필요한 이름에 바로 받아 두면 중간 인덱스가 사라져 코드가 단순해져요. 프로젝트를 아끼는 마음으로 여러 값을 더할 때는 extend를 쓰면 의도가 정확히 전달돼요.
"[고정값 상수화 필요] : 92.7 점 👍,
[예외의 종류 (OOOError 등) 구체적 명시 권장] : 88.6 점,
[함수의 인자가 유동적인 경우 처리 권장] : 84.4 점,
[클래스 내부에서만 쓰이는 속성, 메서드 (접두사 있음) 호출 비 권장] : 93.9 점 👍,
[지나치게 많은 들여쓰기 수정] : 27.7 점 🚨",깊숙이 내려가는 들여쓰기 관련 점검 쪽에서 잠깐 발이 걸릴 수 있어요! 💡 다음 커밋에서 작은 함수로 쪼개거나 빠른 반환을 쓰면 조건의 미로가 얕아져요. 🛠️
"[함수의 인수를 변경 가능한 default value로 하지 않아야 함] : 55.7 점 🚨,
[조건문 중첩 대신 any, all 사용] : 94.1 점 👍,
[str 단순 += 대신 join 사용] : 60.2 점,
[prefix, suffix 검사 시 startswith(), endswith() 사용] : 69.4 점,
[인덱스 반환에 index 함수 사용] : 43.5 점 🚨",위치를 찾기 위해 손수 추적하는 반복 관련 검토를 먼저 정돈해 보면 어떨까요? 🧩 한 줄씩 첫 위치가 필요할 때는 index를 쓰면 목적이 바로 보입니다. 기본 인수에 놓인 변경 가능한 객체 관련 개편에는 이왕이면 리스트나 딕셔너리는 None으로 두고 함수 안에서 만들면 호출 사이에 상태가 섞이지 않아요.
"[의미 있는 함수명, 변수명 사용] : 51.6 점 🚨,
[숫자 값은 위쪽에 상수로] : 97.5 점 👍,
[zip 사용 가능한 경우 사용] : 98.6 점 👍,
[예외를 삼키는 경우가 없어야 함] : 41.1 점 🚨,
[정규 표현식 문자열은 r""..."" 권장] : 93.5 점 👍",작지만 효과가 큰 다듬기는 바로 오류를 조용히 지나치는 예외 처리 관련 리팩터링이에요. 🛠️ 개발자 마음으로 예외를 기록하거나 다시 올려 보내야 장애 원인을 놓치지 않아요.
"[고정값 상수화 필요] : 14.6 점 🚨,
[불필요한 변수 생성 대신 defaultdict 권장] : 91.1 점 👍,
[빈 파일 *TODO 표시 필요*] : 79.6 점,
[itertools.product 사용 가능한 경우 사용] : 16.9 점 🚨,
[불필요한 print, logging 제거] : 98.1 점 👍",여러 군데 박혀 있는 고정값 관련 관리는 작은 손질로 분위기가 크게 바뀌는 곳이에요! 차근차근 의미 있는 상수 이름으로 꺼내 두면 정책을 바꿀 때 한 번에 손볼 수 있어요. 🎈
"[함수명, 반환값 간 일치] : 7.1 점 🚨,
[중복되는 사항 common 으로 빼기] : 19.3 점 🚨,
[인덱스 반환에 index 함수 사용] : 80.9 점,
[클래스 내부에서만 쓰이는 속성, 메서드 (접두사 있음) 호출 비 권장] : 88.2 점,
[불필요한 print, logging 제거] : 7.3 점 🚨",코드가 들려주는 두 가지 부탁은 이름과 실제 결과가 어긋나는 함수 관련 손질과 실행 경로에 남은 print와 logging 관련 확인이에요! 🙌 혼자만의 비밀로 두지 말고 반환하는 값을 이름에 맞추면 호출부에서 예상이 빗나가지 않아요. 살펴본 김에 불필요한 print나 logging을 지우면 출력이 깔끔해지고 디버깅 신호도 선명해져요.
"[매우 간결한 변환은 map 사용] : 79.5 점,
[enumerate 사용 가능한 경우 사용] : 92.8 점 👍,
[리스트 컴프리헨션 사용이 가능한 경우 사용] : 91.2 점 👍,
[if-elif-elif-else 구문은 되도록 dict로 수정] : 66.8 점,
[파일 단순 읽기/쓰기는 Path 사용] : 92.2 점 👍",갈래가 길게 이어진 조건 분기 관련 다듬기 때문에 의도가 흐려질 여지가 있어요. 🧼 마음 편히 값에 따른 선택이라면 dict 매핑으로 바꾸어 분기표를 단순하게 만들어 보세요. 🌿
"[매우 간결한 변환은 map 사용] : 82.1 점,
[함수 docstring, 함수명 의미 일치] : 98.6 점 👍,
[지나치게 많은 들여쓰기 수정] : 93.6 점 👍,
[enumerate 사용 가능한 경우 사용] : 99.3 점 👍,
[prefix, suffix 검사 시 startswith(), endswith() 사용] : 91.9 점 👍",한 가지 제안은 한 가지 변환만 길게 적은 반복 관련 검토를 챙기는 일이에요! 코드의 맥락을 보며 변환 규칙이 단순하면 map으로 핵심 연산을 또렷하게 표현할 수 있어요.
"[유사한 이름의 함수끼리 가까이 위치하도록 수정 권장] : 68.4 점,
[매우 간결한 변환은 map 사용] : 68.1 점,
[enumerate 사용 가능한 경우 사용] : 36.0 점 🚨,
[문자열 단순 연결보다는 f-string 사용] : 97.4 점 👍,
[함수의 인자가 유동적인 경우 처리 권장] : 83.8 점",반복문에서 직접 올리는 번호 관련 보완을 고치면 코드의 인상이 달라져요! 🍀 한 발 먼저 순서와 값을 함께 쓸 때는 enumerate가 더 자연스럽고 안전해요. 🍀
"[함수 docstring, 함수명 의미 일치] : 77.5 점,
[f = lambda x: ... 보다는 def f(x): return ... 를 사용] : 0.2 점 🚨,
[미 사용 변수/함수 제거] : 97.1 점 👍,
[문자열 단순 연결보다는 f-string 사용] : 92.6 점 👍,
[동일한 인수 집합을 갖는 함수가 많은 경우 클래스화 고려] : 93.0 점 👍",읽는 흐름을 매끈하게 할 선택은 이름 붙은 동작을 lambda에 숨긴 코드 관련 점검입니다! 😺 프로젝트를 아끼는 마음으로 재사용하거나 설명이 필요한 로직은 def로 꺼내면 디버깅과 테스트가 편해져요. 🙌
"[중복되는 사항 common 으로 빼기] : 67.7 점,
[enumerate 사용 가능한 경우 사용] : 90.8 점 👍,
[함수의 인자가 하나로 묶을 수 있는 경우 처리 권장] : 90.1 점 👍,
[의미 있는 함수명, 변수명 사용] : 84.3 점,
[Python 예약어를 변수명으로 사용하지 않아야 함] : 1.8 점 🚨",파이썬 예약어와 겹치는 변수 이름 관련 검토는 지금 정리해 두면 이득이 큰 부분이에요. 🍀 오늘의 마무리로 예약어 대신 역할을 담은 다른 이름을 쓰면 문법 오류를 피할 수 있어요. 🐣
"[README.md, pyproject.toml 필요] : 90.5 점 👍,
[a = my_list[0], b = my_list[1] ... 대신 unpacking 사용 필요] : 98.6 점 👍,
[100 line 이상 함수 분리, docstring 필요] : 82.9 점,
[미 사용 변수/함수 제거] : 98.0 점 👍,
[제너레이터 표현식 사용이 가능한 경우 사용] : 48.5 점 🚨",모두 만들어 놓고 쓰는 중간 목록 관련 보완과 한 번에 너무 많은 일을 하는 긴 함수 관련 손질이 미래의 수정을 조금 어렵게 해요. 🔍 기록을 남기듯 한 번만 순회한다면 제너레이터 표현식으로 메모리를 아껴 볼 만해요. 명확하게 책임별로 나누고 docstring을 붙이면 테스트와 수정이 한결 수월해져요.
"[주석 처리된 코드 제거] : 90.2 점 👍,
[한 줄의 길이는 일정 글자 이내로] : 94.5 점 👍,
[예외의 종류 (OOOError 등) 구체적 명시 권장] : 71.1 점,
[100 line 이상 함수 분리, docstring 필요] : 45.0 점 🚨,
[숫자 값은 위쪽에 상수로] : 35.9 점 🚨",한 번에 두 군데만 챙기면 되는 로직 사이에 숨어 있는 숫자 관련 손질과 한 번에 너무 많은 일을 하는 긴 함수 관련 리팩터링입니다! 🪄 작은 단계로 매직 넘버를 파일 위쪽의 상수로 올리면 숫자가 왜 필요한지 바로 보여요. 가능한 범위에서 책임별로 나누고 docstring을 붙이면 테스트와 수정이 한결 수월해져요. 😉
"[함수의 인자가 하나로 묶을 수 있는 경우 처리 권장] : 91.2 점 👍,
[미 사용 변수/함수 제거] : 66.1 점,
[100 line 이상 함수 분리, docstring 필요] : 83.3 점,
[assertion을 제어 메커니즘으로 사용하면 안됨] : 15.2 점 🚨,
[불필요한 변수 생성 대신 defaultdict 권장] : 0.3 점 🚨",실행 흐름을 맡은 assert 관련 보완을 고치면 이 코드가 더 편안해져요! 📌 우선은 검증이 필요한 분기는 명시적인 예외 처리로 바꾸어야 배포 환경에서도 안전해요. 한 걸음 더 가면 초기화만 반복하는 임시 변수 관련 보완에는 호기심을 갖고 키별로 값을 모을 때는 defaultdict를 쓰면 분기와 보일러플레이트가 줄어들어요! 🎯
"[동일 인자 type 통일] : 69.9 점,
[정규 표현식 문자열은 r""..."" 권장] : 98.7 점 👍,
[Python 예약어를 변수명으로 사용하지 않아야 함] : 68.1 점,
[의미 있는 함수명, 변수명 사용] : 6.8 점 🚨,
[동일한 인수 집합을 갖는 함수가 많은 경우 클래스화 고려] : 91.2 점 👍",프로젝트 체력을 키울 제안은 역할을 짐작하기 어려운 이름 관련 개편에 대한 정리예요! 🐣 의도를 적어 두듯 무엇을 하는지 드러나는 이름으로 바꾸면 설명서 없이도 코드가 읽혀요! 🚀
"[고정값 상수화 필요] : 95.6 점 👍,
[함수명, 반환값 간 일치] : 80.3 점,
[파일 열기, 닫기 시 with open(...) 사용] : 97.5 점 👍,
[정규 표현식 문자열은 r""..."" 권장] : 87.2 점,
[import 순서 준수] : 92.3 점 👍",이름과 실제 결과가 어긋나는 함수 관련 정리를 놓치지 않으면 한결 편해져요! 🍀 우선은 반환하는 값을 이름에 맞추면 호출부에서 예상이 빗나가지 않아요! 🛠️
"[인덱스 반환에 index 함수 사용] : 39.2 점 🚨,
[지나치게 많은 들여쓰기 수정] : 38.7 점 🚨,
[함수의 인자가 유동적인 경우 처리 권장] : 67.5 점,
[zip 사용 가능한 경우 사용] : 32.3 점 🚨,
[숫자 값은 위쪽에 상수로] : 25.5 점 🚨",조금 더 사랑받는 코드로 가는 길은 로직 사이에 숨어 있는 숫자 관련 개편에서 열려요! ✨ 미래의 나를 위해 매직 넘버를 파일 위쪽의 상수로 올리면 숫자가 왜 필요한지 바로 보여요.
"[상태 값 조건이 있는 if-elif-elif-else 있는 경우 클래스화 고려] : 65.7 점,
[enumerate 사용 가능한 경우 사용] : 74.8 점,
[import 순서 준수] : 89.7 점,
[인덱스 반환에 index 함수 사용] : 92.6 점 👍,
[정규 표현식 문자열은 r""..."" 권장] : 65.3 점","백슬래시가 많은 정규식 문자열 관련 다듬기와 상태에 따라 길게 갈라지는 분기 관련 보완에서 한 번 더 다듬어 볼 수 있어요! 기록을 남기듯 정규식은 r""..."" 형태로 적으면 이스케이프를 덜 신경 써도 돼요. 차근차근 상태별 동작을 클래스로 나누면 새 상태를 더할 때 기존 조건문을 덜 건드려도 돼요. ✨"
"[itertools.product 사용 가능한 경우 사용] : 85.4 점,
[예외의 종류 (OOOError 등) 구체적 명시 권장] : 69.6 점,
[파일 단순 읽기/쓰기는 Path 사용] : 82.8 점,
[동일한 인수 집합을 갖는 함수가 많은 경우 클래스화 고려] : 64.8 점,
[유사한 변수명 통일] : 80.2 점",협업할 때 빛을 발할 정리는 같은 설정을 반복해서 받는 함수들 관련 확인과 너무 넓게 잡은 예외 관련 보완이에요! 차분하게 공통 상태를 가진 객체로 묶으면 인자 전달이 가벼워지고 역할도 선명해져요. 한 줄씩 예상한 OOOError처럼 구체적인 예외만 잡으면 버그가 숨어버리지 않아요! 📌
"[itertools.product 사용 가능한 경우 사용] : 83.9 점,
[주석 처리된 코드 제거] : 97.1 점 👍,
[클래스 내부에서만 쓰이는 속성, 메서드 (접두사 있음) 호출 비 권장] : 89.0 점,
[파일 열기, 닫기 시 with open(...) 사용] : 96.3 점 👍,
[기존 배열의 원소 추가 대신 extend 함수 사용] : 72.2 점",목록 원소를 하나씩 붙이는 처리 관련 리팩터링을 한 번 살펴봐 주세요! 🧼 한 줄씩 여러 값을 더할 때는 extend를 쓰면 의도가 정확히 전달돼요. 🔍
"[제너레이터 표현식 사용이 가능한 경우 사용] : 99.7 점 👍,
[빈 파일 *TODO 표시 필요*] : 73.6 점,
[한 줄의 길이는 일정 글자 이내로] : 98.5 점 👍,
[매우 간결한 변환은 map 사용] : 61.5 점,
[개수 세기에 count 함수 사용] : 29.2 점 🚨",독해 속도를 높일 열쇠는 같은 값을 세려고 직접 도는 반복 관련 개편입니다. 🛠️ 부드럽게 단순한 횟수 확인은 count에 맡기면 코드가 짧고 분명해져요!
"[함수의 인자가 하나로 묶을 수 있는 경우 처리 권장] : 61.0 점,
[고정값 상수화 필요] : 90.6 점 👍,
[함수 docstring, 함수명 의미 일치] : 98.0 점 👍,
[빈 파일 *TODO 표시 필요*] : 23.7 점 🚨,
[비어 있는 문자열 여부 판단 간소화] : 36.8 점 🚨",의도를 알 수 없는 빈 파일 관련 점검 쪽에서 잠깐 발이 걸릴 수 있어요! 🧩 혼자만의 비밀로 두지 말고 아직 해야 할 일을 TODO로 적어 두면 빈 공간도 친절한 안내판이 돼요! 🎈
"[함수의 인수를 변경 가능한 default value로 하지 않아야 함] : 97.7 점 👍,
[문자열 단순 연결보다는 f-string 사용] : 0.1 점 🚨,
[zip 사용 가능한 경우 사용] : 71.9 점,
[a = my_list[0], b = my_list[1] ... 대신 unpacking 사용 필요] : 89.3 점,
[상태 값 조건이 있는 if-elif-elif-else 있는 경우 클래스화 고려] : 10.0 점 🚨",값을 이어 붙여 만드는 문자열 관련 보완을 먼저 정돈해 보면 어떨까요? 🙌 작은 정성으로 표현식이 들어간 문장은 f-string으로 쓰면 눈에 훨씬 잘 들어와요. 상태에 따라 길게 갈라지는 분기 관련 보완에는 차분하게 상태별 동작을 클래스로 나누면 새 상태를 더할 때 기존 조건문을 덜 건드려도 돼요. 🛠️
"[동일한 인수 집합을 갖는 함수가 많은 경우 클래스화 고려] : 99.4 점 👍,
[README.md, pyproject.toml 필요] : 46.8 점 🚨,
[클래스 내부에서만 쓰이는 속성, 메서드 (접두사 있음) 호출 비 권장] : 74.9 점,
[기존 배열의 원소 추가 대신 extend 함수 사용] : 39.0 점 🚨,
[제너레이터 표현식 사용이 가능한 경우 사용] : 82.7 점",유지보수 메모에 적어 둘 대상은 목록 원소를 하나씩 붙이는 처리 관련 다듬기입니다. 🌿 차분하게 여러 값을 더할 때는 extend를 쓰면 의도가 정확히 전달돼요. 함께 챙길 곳은 프로젝트 사용법과 설정을 안내할 README.md와 pyproject.toml 관련 개편에는 기분 좋게 설치 방법과 실행 환경을 적어 두면 처음 온 사람도 바로 출발할 수 있어요. 🌈
"[예외를 삼키는 경우가 없어야 함] : 64.2 점,
[비어 있는 문자열 여부 판단 간소화] : 55.6 점 🚨,
[언패킹 시 숫자 인덱스 사용하지 말 것 (변수에 바로 할당)] : 96.6 점 👍,
[클래스 내부에서만 쓰이는 속성, 메서드 (접두사 있음) 호출 비 권장] : 99.7 점 👍,
[정규 표현식 문자열은 r""..."" 권장] : 36.1 점 🚨","백슬래시가 많은 정규식 문자열 관련 관리는 작은 손질로 분위기가 크게 바뀌는 곳이에요! 오늘의 마무리로 정규식은 r""..."" 형태로 적으면 이스케이프를 덜 신경 써도 돼요. 🎯"
"[빈도수, 반복문, 경로명 리스트 추출 시 collections, itertools, glob 사용] : 33.4 점 🚨,
[의미 있는 함수명, 변수명 사용] : 90.8 점 👍,
[100 line 이상 함수 분리, docstring 필요] : 91.3 점 👍,
[빈 파일 *TODO 표시 필요*] : 61.9 점,
[if-elif-elif-else 구문은 되도록 dict로 수정] : 63.9 점",리팩터링 퍼즐에서 남은 조각은 자주 쓰는 패턴을 직접 구현한 반복 관련 리팩터링을 정돈하는 일이에요. 🧩 과감하게 빈도에는 collections를 반복 조합에는 itertools를 경로 모으기에는 glob을 쓰면 표준 도구의 힘을 빌릴 수 있어요.
"[미 사용 변수/함수 제거] : 59.5 점 🚨,
[빈도수, 반복문, 경로명 리스트 추출 시 collections, itertools, glob 사용] : 93.1 점 👍,
[상태 값 조건이 있는 if-elif-elif-else 있는 경우 클래스화 고려] : 67.6 점,
[개수 세기에 count 함수 사용] : 62.4 점,
[a = my_list[0], b = my_list[1] ... 대신 unpacking 사용 필요] : 65.6 점",쓰임이 없는 변수와 함수 관련 정돈 때문에 읽는 흐름이 끊길 수 있습니다. 우선은 참조되지 않는 선언을 걷어 내면 핵심 로직만 또렷하게 남아요. 또 하나의 다듬기 포인트는 같은 값을 세려고 직접 도는 반복 관련 리팩터링도 작은 단계로 단순한 횟수 확인은 count에 맡기면 코드가 짧고 분명해져요.
"[고정값 상수화 필요] : 85.4 점,
[기존 배열의 원소 추가 대신 extend 함수 사용] : 96.2 점 👍,
[if-elif-elif-else 구문은 되도록 dict로 수정] : 61.0 점,
[숫자 값은 위쪽에 상수로] : 95.2 점 👍,
[의미 있는 함수명, 변수명 사용] : 39.4 점 🚨",한 가지 제안은 역할을 짐작하기 어려운 이름 관련 정리를 챙기는 일이에요! 🧼 우선은 무엇을 하는지 드러나는 이름으로 바꾸면 설명서 없이도 코드가 읽혀요! 💫
"[중복되는 사항 common 으로 빼기] : 88.9 점,
[README.md, pyproject.toml 필요] : 90.9 점 👍,
[itertools.product 사용 가능한 경우 사용] : 92.3 점 👍,
[str 단순 += 대신 join 사용] : 87.7 점,
[함수 인수 type hint 필요] : 90.4 점 👍",문자열을 반복해서 더하는 연결 관련 리팩터링과 여러 곳에 흩어진 비슷한 처리 관련 정돈만 보완해도 확 달라져요! 🐣 혼자만의 비밀로 두지 말고 조각을 많이 합칠 때는 join으로 모으면 성능과 의도가 함께 좋아져요. 한 줄씩 공통 동작을 한곳으로 모으면 수정할 때 놓칠 구석이 줄어요.
"[itertools.product 사용 가능한 경우 사용] : 50.9 점 🚨,
[str 단순 += 대신 join 사용] : 96.9 점 👍,
[고정값 상수화 필요] : 80.1 점,
[언패킹 시 숫자 인덱스 사용하지 말 것 (변수에 바로 할당)] : 98.6 점 👍,
[enumerate 사용 가능한 경우 사용] : 51.8 점 🚨",한 단계 더 단정해질 포인트는 여러 조합을 손으로 겹쳐 도는 반복 관련 정돈입니다! 😺 이왕이면 모든 조합이 필요할 때는 itertools.product로 의도를 또렷하게 드러내요!
"[동일 인자 type 통일] : 99.1 점 👍,
[중복되는 사항 common 으로 빼기] : 36.6 점 🚨,
[함수의 인자가 유동적인 경우 처리 권장] : 4.3 점 🚨,
[정규 표현식 문자열은 r""..."" 권장] : 98.0 점 👍,
[동일한 인수 집합을 갖는 함수가 많은 경우 클래스화 고려] : 23.8 점 🚨",개수가 달라질 수 있는 인수를 고정해 둔 호출 관련 보완은 지금 정리해 두면 이득이 큰 부분이에요. 😺 마음 편히 가변 인수는 *args나 **kwargs를 알맞게 쓰면 확장에 더 유연해져요! 🎈
"[파일 열기, 닫기 시 with open(...) 사용] : 95.4 점 👍,
[리스트 컴프리헨션 사용이 가능한 경우 사용] : 99.6 점 👍,
[str 단순 += 대신 join 사용] : 84.9 점,
[itertools.product 사용 가능한 경우 사용] : 11.8 점 🚨,
[zip 사용 가능한 경우 사용] : 98.5 점 👍",코드에 남은 작은 메시지는 여러 조합을 손으로 겹쳐 도는 반복 관련 보완이에요! 우선은 모든 조합이 필요할 때는 itertools.product로 의도를 또렷하게 드러내요. 🧩
"[제너레이터 표현식 사용이 가능한 경우 사용] : 86.0 점,
[리스트 컴프리헨션 사용이 가능한 경우 사용] : 82.3 점,
[빈 파일 *TODO 표시 필요*] : 92.5 점 👍,
[파일 열기, 닫기 시 with open(...) 사용] : 48.1 점 🚨,
[assertion을 제어 메커니즘으로 사용하면 안됨] : 91.2 점 👍",파일을 열고 닫는 일을 수동으로 관리하는 코드 관련 정리를 정리하면 좋은 이유가 분명해요. 😺 다음 커밋에서 with open(...)으로 감싸면 예외가 나도 파일이 안전하게 닫혀요! 🔍
"[중복되는 사항 common 으로 빼기] : 95.9 점 👍,
[불필요한 변수 생성 대신 defaultdict 권장] : 93.4 점 👍,
[한 줄의 길이는 일정 글자 이내로] : 99.6 점 👍,
[a = my_list[0], b = my_list[1] ... 대신 unpacking 사용 필요] : 84.9 점,
[함수의 인수를 변경 가능한 default value로 하지 않아야 함] : 92.6 점 👍",기본 인수에 놓인 변경 가능한 객체 관련 손질을 고치면 이 코드가 더 편안해져요! 호기심을 갖고 리스트나 딕셔너리는 None으로 두고 함수 안에서 만들면 호출 사이에 상태가 섞이지 않아요. 한 걸음 더 가면 목록의 칸을 하나씩 꺼내는 대입 관련 손질에는 가능한 범위에서 정해진 순서의 값은 unpacking으로 풀어 주면 한 번에 읽혀요! 🛠️
"[itertools.product 사용 가능한 경우 사용] : 4.2 점 🚨,
[빈도수, 반복문, 경로명 리스트 추출 시 collections, itertools, glob 사용] : 92.2 점 👍,
[인덱스 반환에 index 함수 사용] : 8.5 점 🚨,
[prefix, suffix 검사 시 startswith(), endswith() 사용] : 23.0 점 🚨,
[지나치게 많은 들여쓰기 수정] : 98.2 점 👍",독해 속도를 높일 열쇠는 여러 조합을 손으로 겹쳐 도는 반복 관련 점검과 위치를 찾기 위해 손수 추적하는 반복 관련 다듬기에 있어요! 🧼 차근차근 모든 조합이 필요할 때는 itertools.product로 의도를 또렷하게 드러내요. 호기심을 갖고 첫 위치가 필요할 때는 index를 쓰면 목적이 바로 보입니다.
"[제너레이터 표현식 사용이 가능한 경우 사용] : 81.1 점,
[assertion을 제어 메커니즘으로 사용하면 안됨] : 99.3 점 👍,
[함수명, 반환값 간 일치] : 90.6 점 👍,
[비어 있는 문자열 여부 판단 간소화] : 75.8 점,
[zip 사용 가능한 경우 사용] : 32.3 점 🚨",같은 위치의 두 목록을 따로 인덱싱하는 반복 관련 점검을 놓치지 않으면 한결 편해져요! 🎯 팀과 맞춰 보며 나란히 읽는 값들은 zip으로 묶어 주면 인덱스 실수를 막을 수 있어요! 🌿
"[함수의 인자가 유동적인 경우 처리 권장] : 5.0 점 🚨,
[상태 값 조건이 있는 if-elif-elif-else 있는 경우 클래스화 고려] : 80.6 점,
[prefix, suffix 검사 시 startswith(), endswith() 사용] : 94.7 점 👍,
[미 사용 변수/함수 제거] : 58.7 점 🚨,
[동일한 인수 집합을 갖는 함수가 많은 경우 클래스화 고려] : 90.0 점 👍",개수가 달라질 수 있는 인수를 고정해 둔 호출 관련 확인에 손을 보태면 흐름이 훨씬 편안해져요! 🧼 가능하면 가변 인수는 *args나 **kwargs를 알맞게 쓰면 확장에 더 유연해져요! 🌈
"[if-elif-elif-else 구문은 되도록 dict로 수정] : 41.6 점 🚨,
[리스트 컴프리헨션 사용이 가능한 경우 사용] : 61.6 점,
[기존 배열의 원소 추가 대신 extend 함수 사용] : 97.8 점 👍,
[함수의 인수를 변경 가능한 default value로 하지 않아야 함] : 98.6 점 👍,
[제너레이터 표현식 사용이 가능한 경우 사용] : 99.7 점 👍",갈래가 길게 이어진 조건 분기 관련 다듬기에 손을 보태면 흐름이 훨씬 편안해져요! 📌 읽는 사람을 위해 값에 따른 선택이라면 dict 매핑으로 바꾸어 분기표를 단순하게 만들어 보세요! 🎈
"[예외의 종류 (OOOError 등) 구체적 명시 권장] : 70.7 점,
[유사한 이름의 함수끼리 가까이 위치하도록 수정 권장] : 63.4 점,
[빈도수, 반복문, 경로명 리스트 추출 시 collections, itertools, glob 사용] : 84.1 점,
[경로를 path/to/file 이 아닌, pathlib 또는 os.path.join 사용] : 18.1 점 🚨,
[예외를 삼키는 경우가 없어야 함] : 56.1 점 🚨",문자열로 이어 붙인 파일 경로 관련 관리를 한 번 살펴봐 주세요. 🎈 미래의 나를 위해 pathlib이나 os.path.join으로 경로를 조립하면 운영체제가 달라도 안전해요. ✨
"[100 line 이상 함수 분리, docstring 필요] : 66.2 점,
[동일한 인수 집합을 갖는 함수가 많은 경우 클래스화 고려] : 93.6 점 👍,
[주석 처리된 코드 제거] : 92.1 점 👍,
[의미 있는 함수명, 변수명 사용] : 85.8 점,
[언패킹 시 숫자 인덱스 사용하지 말 것 (변수에 바로 할당)] : 91.2 점 👍",한 번에 너무 많은 일을 하는 긴 함수 관련 정돈을 한 번 살펴봐 주세요! 🎈 과감하게 책임별로 나누고 docstring을 붙이면 테스트와 수정이 한결 수월해져요!
"[key=itemgetter(""key"") 사용 권장] : 4.6 점 🚨,
[한 줄의 길이는 일정 글자 이내로] : 91.8 점 👍,
[제너레이터 표현식 사용이 가능한 경우 사용] : 7.6 점 🚨,
[파일 단순 읽기/쓰기는 Path 사용] : 90.2 점 👍,
[상태 값 조건이 있는 if-elif-elif-else 있는 경우 클래스화 고려] : 91.7 점 👍","모두 만들어 놓고 쓰는 중간 목록 관련 점검과 정렬 키를 길게 꺼내 쓰는 lambda 관련 리팩터링이 함께 아쉬움을 남겨요. 안전하게 한 번만 순회한다면 제너레이터 표현식으로 메모리를 아껴 볼 만해요. 손이 닿는 자리부터 딕셔너리 키로 정렬할 때는 itemgetter(""key"")가 더 간결하게 뜻을 전해요. 🛠️"
"[함수 docstring, 함수명 의미 일치] : 96.3 점 👍,
[enumerate 사용 가능한 경우 사용] : 90.6 점 👍,
[itertools.product 사용 가능한 경우 사용] : 94.0 점 👍,
[import 순서 준수] : 15.0 점 🚨,
[클래스 내부에서만 쓰이는 속성, 메서드 (접두사 있음) 호출 비 권장] : 85.5 점",섞여 있는 import 배치 관련 개선은 이번에 꼭 챙길 카드예요! 다음 배포를 생각하며 표준 라이브러리와 외부 패키지와 내부 모듈을 차례로 정리하면 시작 화면이 말끔해져요. 🙌
"[assertion을 제어 메커니즘으로 사용하면 안됨] : 90.6 점 👍,
[100 line 이상 함수 분리, docstring 필요] : 96.4 점 👍,
[if a.get(""b"") ... 형태로 수정 필요] : 27.1 점 🚨,
[Python 예약어를 변수명으로 사용하지 않아야 함] : 67.4 점,
[예외의 종류 (OOOError 등) 구체적 명시 권장] : 91.0 점 👍","이번에는 딕셔너리 값을 여러 단계로 꺼내는 검사 관련 정리를 먼저 다듬어 보면 어떨까요? 여유가 될 때 a.get(""b"")처럼 안전하게 꺼내면 누락된 키에서도 흐름이 부드러워요."
"[빈도수, 반복문, 경로명 리스트 추출 시 collections, itertools, glob 사용] : 24.4 점 🚨,
[리스트 컴프리헨션 사용이 가능한 경우 사용] : 91.6 점 👍,
[함수의 인자가 하나로 묶을 수 있는 경우 처리 권장] : 22.2 점 🚨,
[클래스 내부에서만 쓰이는 속성, 메서드 (접두사 있음) 호출 비 권장] : 91.1 점 👍,
[비어 있는 문자열 여부 판단 간소화] : 44.5 점 🚨",정리 마법을 한 번 쓸 곳은 바로 서로 늘 함께 다니는 여러 인수 관련 점검이에요. 🌈 가볍게 관련 값을 객체나 dataclass로 묶으면 호출부가 훨씬 덜 복잡해져요. 🌈
"[중복되는 사항 common 으로 빼기] : 6.5 점 🚨,
[README.md, pyproject.toml 필요] : 97.7 점 👍,
[zip 사용 가능한 경우 사용] : 92.8 점 👍,
[유사한 변수명 통일] : 98.1 점 👍,
[개수 세기에 count 함수 사용] : 4.1 점 🚨",같은 값을 세려고 직접 도는 반복 관련 보완은 작은 손질로 분위기가 크게 바뀌는 곳이에요! 🙌 살펴본 김에 단순한 횟수 확인은 count에 맡기면 코드가 짧고 분명해져요. 🍀
"[빈도수, 반복문, 경로명 리스트 추출 시 collections, itertools, glob 사용] : 44.1 점 🚨,
[개수 세기에 count 함수 사용] : 4.5 점 🚨,
[매우 간결한 변환은 map 사용] : 97.3 점 👍,
[f = lambda x: ... 보다는 def f(x): return ... 를 사용] : 97.9 점 👍,
[함수의 인자가 유동적인 경우 처리 권장] : 90.6 점 👍",프로젝트 체력을 키울 제안은 같은 값을 세려고 직접 도는 반복 관련 정돈을 정돈하는 일이에요. 작은 정성으로 단순한 횟수 확인은 count에 맡기면 코드가 짧고 분명해져요.
"[제너레이터 표현식 사용이 가능한 경우 사용] : 92.2 점 👍,
[assertion을 제어 메커니즘으로 사용하면 안됨] : 95.0 점 👍,
[Python 예약어를 변수명으로 사용하지 않아야 함] : 60.3 점,
[100 line 이상 함수 분리, docstring 필요] : 38.2 점 🚨,
[빈 파일 *TODO 표시 필요*] : 61.3 점",한 번에 너무 많은 일을 하는 긴 함수 관련 점검 때문에 의도가 흐려질 여지가 있어요. 살펴본 김에 책임별로 나누고 docstring을 붙이면 테스트와 수정이 한결 수월해져요. 📌
"[예외의 종류 (OOOError 등) 구체적 명시 권장] : 90.0 점 👍,
[유사한 이름의 함수끼리 가까이 위치하도록 수정 권장] : 14.2 점 🚨,
[개수 세기에 count 함수 사용] : 18.0 점 🚨,
[함수명, 반환값 간 일치] : 70.0 점,
[상태 값 조건이 있는 if-elif-elif-else 있는 경우 클래스화 고려] : 22.6 점 🚨",이번 리뷰는 같은 값을 세려고 직접 도는 반복 관련 관리를 먼저 살펴보라고 말해요! 한 번에 단순한 횟수 확인은 count에 맡기면 코드가 짧고 분명해져요. 이어서 관련 함수가 파일 여기저기에 흩어진 배치 관련 다듬기에는 흐름을 따라 비슷한 역할의 함수를 가까이 두면 탐색 시간이 줄고 파일 구조가 자연스러워져요! 🙌
"[str 단순 += 대신 join 사용] : 65.8 점,
[함수 docstring, 함수명 의미 일치] : 99.6 점 👍,
[100 line 이상 함수 분리, docstring 필요] : 25.2 점 🚨,
[파일 열기, 닫기 시 with open(...) 사용] : 85.2 점,
[빈도수, 반복문, 경로명 리스트 추출 시 collections, itertools, glob 사용] : 62.5 점",한 번에 너무 많은 일을 하는 긴 함수 관련 정돈을 고치면 코드의 인상이 달라져요! 🍀 다음 배포를 생각하며 책임별로 나누고 docstring을 붙이면 테스트와 수정이 한결 수월해져요. 🙌
"[클래스 내부에서만 쓰이는 속성, 메서드 (접두사 있음) 호출 비 권장] : 91.3 점 👍,
[고정값 상수화 필요] : 90.3 점 👍,
[파일 열기, 닫기 시 with open(...) 사용] : 91.6 점 👍,
[유사한 변수명 통일] : 61.3 점,
[기존 배열의 원소 추가 대신 extend 함수 사용] : 98.1 점 👍",변경에 강해질 실마리는 서로 닮았지만 제각각인 변수 이름 관련 정돈입니다! 🌈 조금만 시간을 내서 같은 개념에는 같은 이름 규칙을 쓰면 읽는 속도가 훨씬 빨라져요.
"[동일 인자 type 통일] : 21.9 점 🚨,
[불필요한 print, logging 제거] : 70.8 점,
[비어 있는 문자열 여부 판단 간소화] : 51.0 점 🚨,
[매우 간결한 변환은 map 사용] : 81.8 점,
[지나치게 많은 들여쓰기 수정] : 99.0 점 👍",같은 뜻인데 들쭉날쭉한 type 표기 관련 보완은 지금 정리해 두면 이득이 큰 부분이에요. 🍀 이 기회에 인수의 type을 한 방식으로 맞추면 호출하는 쪽도 덜 헷갈려요. 📌
"[동일 인자 type 통일] : 12.5 점 🚨,
[함수의 인자가 유동적인 경우 처리 권장] : 91.2 점 👍,
[100 line 이상 함수 분리, docstring 필요] : 47.1 점 🚨,
[zip 사용 가능한 경우 사용] : 50.0 점 🚨,
[상태 값 조건이 있는 if-elif-elif-else 있는 경우 클래스화 고려] : 13.1 점 🚨",코드에 남은 작은 메시지는 같은 뜻인데 들쭉날쭉한 type 표기 관련 검토예요! 🔍 천천히 인수의 type을 한 방식으로 맞추면 호출하는 쪽도 덜 헷갈려요! 🍀
"[key=itemgetter(""key"") 사용 권장] : 10.2 점 🚨,
[함수명, 반환값 간 일치] : 10.3 점 🚨,
[주석 처리된 코드 제거] : 87.9 점,
[미 사용 변수/함수 제거] : 18.7 점 🚨,
[a = my_list[0], b = my_list[1] ... 대신 unpacking 사용 필요] : 14.7 점 🚨","정렬 키를 길게 꺼내 쓰는 lambda 관련 리팩터링을 정리하면 좋은 이유가 분명해요. 😉 개발자 마음으로 딕셔너리 키로 정렬할 때는 itemgetter(""key"")가 더 간결하게 뜻을 전해요! 🚀"
"[불필요한 print, logging 제거] : 17.9 점 🚨,
[if a.get(""b"") ... 형태로 수정 필요] : 98.4 점 👍,
[a = my_list[0], b = my_list[1] ... 대신 unpacking 사용 필요] : 25.7 점 🚨,
[경로를 path/to/file 이 아닌, pathlib 또는 os.path.join 사용] : 96.0 점 👍,
[빈도수, 반복문, 경로명 리스트 추출 시 collections, itertools, glob 사용] : 67.9 점",목록의 칸을 하나씩 꺼내는 대입 관련 정리를 고치면 이 코드가 더 편안해져요! 흐름을 따라 정해진 순서의 값은 unpacking으로 풀어 주면 한 번에 읽혀요. 한 걸음 더 가면 실행 경로에 남은 print와 logging 관련 리팩터링에는 개발자 마음으로 불필요한 print나 logging을 지우면 출력이 깔끔해지고 디버깅 신호도 선명해져요.
"[함수명, 반환값 간 일치] : 74.9 점,
[한 줄의 길이는 일정 글자 이내로] : 83.8 점,
[문자열 단순 연결보다는 f-string 사용] : 77.9 점,
[제너레이터 표현식 사용이 가능한 경우 사용] : 93.1 점 👍,
[함수 docstring, 함수명 의미 일치] : 93.6 점 👍",이름과 실제 결과가 어긋나는 함수 관련 리팩터링을 놓치지 않으면 한결 편해져요! 한 호흡 쉬고 반환하는 값을 이름에 맞추면 호출부에서 예상이 빗나가지 않아요!
"[정규 표현식 문자열은 r""..."" 권장] : 90.6 점 👍,
[enumerate 사용 가능한 경우 사용] : 90.8 점 👍,
[함수의 인자가 유동적인 경우 처리 권장] : 92.8 점 👍,
[의미 있는 함수명, 변수명 사용] : 8.7 점 🚨,
[if a.get(""b"") ... 형태로 수정 필요] : 15.9 점 🚨",역할을 짐작하기 어려운 이름 관련 정돈을 놓치지 않으면 한결 편해져요! 🧠 명확하게 무엇을 하는지 드러나는 이름으로 바꾸면 설명서 없이도 코드가 읽혀요.
"[빈 파일 *TODO 표시 필요*] : 95.1 점 👍,
[유사한 변수명 통일] : 90.5 점 👍,
[조건문 중첩 대신 any, all 사용] : 18.6 점 🚨,
[str 단순 += 대신 join 사용] : 61.7 점,
[주석 처리된 코드 제거] : 48.7 점 🚨",조금 더 사랑받는 코드로 가는 길은 참과 거짓을 여러 번 감싸는 조건문 관련 개선에서 열려요! 천천히 여러 조건의 존재 여부는 any나 all에 맡기면 뜻이 훨씬 또렷해져요!
"[함수명, 반환값 간 일치] : 96.2 점 👍,
[한 줄의 길이는 일정 글자 이내로] : 62.0 점,
[100 line 이상 함수 분리, docstring 필요] : 99.6 점 👍,
[함수 인수 type hint 필요] : 0.7 점 🚨,
[import 순서 준수] : 80.2 점",형태가 보이지 않는 함수 인수 관련 다듬기에 손을 보태면 흐름이 훨씬 편안해져요! 🎯 꼼꼼하게 인수에 type hint를 달아 두면 들어오는 데이터가 무엇인지 바로 알 수 있어요.
"[a = my_list[0], b = my_list[1] ... 대신 unpacking 사용 필요] : 99.1 점 👍,
[제너레이터 표현식 사용이 가능한 경우 사용] : 46.0 점 🚨,
[예외를 삼키는 경우가 없어야 함] : 90.0 점 👍,
[불필요한 변수 생성 대신 defaultdict 권장] : 98.2 점 👍,
[enumerate 사용 가능한 경우 사용] : 48.8 점 🚨",코드 산책 중 만난 작은 이슈는 모두 만들어 놓고 쓰는 중간 목록 관련 정리예요! 🔍 차분하게 한 번만 순회한다면 제너레이터 표현식으로 메모리를 아껴 볼 만해요! 😺
"[동일한 인수 집합을 갖는 함수가 많은 경우 클래스화 고려] : 90.9 점 👍,
[인덱스 반환에 index 함수 사용] : 25.3 점 🚨,
[개수 세기에 count 함수 사용] : 98.0 점 👍,
[assertion을 제어 메커니즘으로 사용하면 안됨] : 91.2 점 👍,
[리스트 컴프리헨션 사용이 가능한 경우 사용] : 96.2 점 👍",위치를 찾기 위해 손수 추적하는 반복 관련 정리를 한 번 살펴봐 주세요. 이 기회에 첫 위치가 필요할 때는 index를 쓰면 목적이 바로 보입니다! 🎈
"[인덱스 반환에 index 함수 사용] : 19.2 점 🚨,
[숫자 값은 위쪽에 상수로] : 65.9 점,
[f = lambda x: ... 보다는 def f(x): return ... 를 사용] : 55.4 점 🚨,
[문자열 단순 연결보다는 f-string 사용] : 44.9 점 🚨,
[정규 표현식 문자열은 r""..."" 권장] : 96.4 점 👍",위치를 찾기 위해 손수 추적하는 반복 관련 다듬기 쪽에서 잠깐 발이 걸릴 수 있어요! 🧩 작은 정성으로 첫 위치가 필요할 때는 index를 쓰면 목적이 바로 보입니다. 🎯
"[기존 배열의 원소 추가 대신 extend 함수 사용] : 76.4 점,
[문자열 단순 연결보다는 f-string 사용] : 85.6 점,
[if a.get(""b"") ... 형태로 수정 필요] : 71.9 점,
[파일 단순 읽기/쓰기는 Path 사용] : 95.0 점 👍,
[함수 docstring, 함수명 의미 일치] : 13.8 점 🚨",설명과 행동이 서로 다른 함수 관련 보완 쪽에서 잠깐 발이 걸릴 수 있어요! 🙌 우선은 docstring과 함수가 약속한 역할을 맞추면 다음 사람이 안심하고 호출할 수 있어요. 🎯
"[숫자 값은 위쪽에 상수로] : 94.0 점 👍,
[불필요한 print, logging 제거] : 73.2 점,
[예외의 종류 (OOOError 등) 구체적 명시 권장] : 19.0 점 🚨,
[정규 표현식 문자열은 r""..."" 권장] : 50.2 점 🚨,
[동일한 인수 집합을 갖는 함수가 많은 경우 클래스화 고려] : 50.6 점 🚨",이번에는 너무 넓게 잡은 예외 관련 보완을 먼저 다듬어 보면 어떨까요? 🧩 작은 단계로 예상한 OOOError처럼 구체적인 예외만 잡으면 버그가 숨어버리지 않아요.
"[파일 열기, 닫기 시 with open(...) 사용] : 86.7 점,
[빈도수, 반복문, 경로명 리스트 추출 시 collections, itertools, glob 사용] : 32.8 점 🚨,
[고정값 상수화 필요] : 12.4 점 🚨,
[enumerate 사용 가능한 경우 사용] : 93.3 점 👍,
[str 단순 += 대신 join 사용] : 94.8 점 👍",변경에 강해질 실마리는 바로 여러 군데 박혀 있는 고정값 관련 정돈이에요. 📌 미래의 나를 위해 의미 있는 상수 이름으로 꺼내 두면 정책을 바꿀 때 한 번에 손볼 수 있어요. 🧠
"[제너레이터 표현식 사용이 가능한 경우 사용] : 94.4 점 👍,
[예외를 삼키는 경우가 없어야 함] : 96.5 점 👍,
[if a.get(""b"") ... 형태로 수정 필요] : 5.9 점 🚨,
[함수의 인자가 하나로 묶을 수 있는 경우 처리 권장] : 90.0 점 👍,
[동일한 인수 집합을 갖는 함수가 많은 경우 클래스화 고려] : 21.3 점 🚨","딕셔너리 값을 여러 단계로 꺼내는 검사 관련 보완은 작은 손질로 분위기가 크게 바뀌는 곳이에요! 🧼 혼자만의 비밀로 두지 말고 a.get(""b"")처럼 안전하게 꺼내면 누락된 키에서도 흐름이 부드러워요! 🙌"
"[함수의 인자가 하나로 묶을 수 있는 경우 처리 권장] : 57.9 점 🚨,
[itertools.product 사용 가능한 경우 사용] : 91.6 점 👍,
[불필요한 변수 생성 대신 defaultdict 권장] : 90.7 점 👍,
[enumerate 사용 가능한 경우 사용] : 52.0 점 🚨,
[f = lambda x: ... 보다는 def f(x): return ... 를 사용] : 85.6 점",코드가 들려주는 두 가지 부탁은 반복문에서 직접 올리는 번호 관련 검토와 서로 늘 함께 다니는 여러 인수 관련 개선이에요! 🎈 차근차근 순서와 값을 함께 쓸 때는 enumerate가 더 자연스럽고 안전해요. 개발자 마음으로 관련 값을 객체나 dataclass로 묶으면 호출부가 훨씬 덜 복잡해져요. 🔍
"[문자열 단순 연결보다는 f-string 사용] : 43.5 점 🚨,
[파일 열기, 닫기 시 with open(...) 사용] : 84.9 점,
[함수 인수 type hint 필요] : 62.4 점,
[불필요한 print, logging 제거] : 96.0 점 👍,
[리스트 컴프리헨션 사용이 가능한 경우 사용] : 84.5 점",값을 이어 붙여 만드는 문자열 관련 관리 때문에 의도가 흐려질 여지가 있어요. 다음 배포를 생각하며 표현식이 들어간 문장은 f-string으로 쓰면 눈에 훨씬 잘 들어와요.
"[파일 열기, 닫기 시 with open(...) 사용] : 69.8 점,
[상태 값 조건이 있는 if-elif-elif-else 있는 경우 클래스화 고려] : 92.1 점 👍,
[itertools.product 사용 가능한 경우 사용] : 81.3 점,
[assertion을 제어 메커니즘으로 사용하면 안됨] : 61.8 점,
[a = my_list[0], b = my_list[1] ... 대신 unpacking 사용 필요] : 48.0 점 🚨",한 가지 제안은 목록의 칸을 하나씩 꺼내는 대입 관련 개선을 챙기는 일이에요! 개발자 마음으로 정해진 순서의 값은 unpacking으로 풀어 주면 한 번에 읽혀요! ✨
"[if-elif-elif-else 구문은 되도록 dict로 수정] : 85.1 점,
[동일 인자 type 통일] : 35.8 점 🚨,
[비어 있는 문자열 여부 판단 간소화] : 93.6 점 👍,
[불필요한 변수 생성 대신 defaultdict 권장] : 48.4 점 🚨,
[빈 파일 *TODO 표시 필요*] : 62.7 점",같은 뜻인데 들쭉날쭉한 type 표기 관련 검토를 고치면 코드의 인상이 달라져요! 🧼 혼자만의 비밀로 두지 말고 인수의 type을 한 방식으로 맞추면 호출하는 쪽도 덜 헷갈려요. 😺
"[고정값 상수화 필요] : 31.5 점 🚨,
[key=itemgetter(""key"") 사용 권장] : 90.2 점 👍,
[함수의 인수를 변경 가능한 default value로 하지 않아야 함] : 9.5 점 🚨,
[함수의 인자가 하나로 묶을 수 있는 경우 처리 권장] : 96.1 점 👍,
[f = lambda x: ... 보다는 def f(x): return ... 를 사용] : 96.2 점 👍",코드의 숨통을 틔울 힌트는 여러 군데 박혀 있는 고정값 관련 리팩터링이에요! 🧼 살펴본 김에 의미 있는 상수 이름으로 꺼내 두면 정책을 바꿀 때 한 번에 손볼 수 있어요. 그다음에는 기본 인수에 놓인 변경 가능한 객체 관련 손질도 한 줄씩 리스트나 딕셔너리는 None으로 두고 함수 안에서 만들면 호출 사이에 상태가 섞이지 않아요!
"[예외를 삼키는 경우가 없어야 함] : 29.3 점 🚨,
[prefix, suffix 검사 시 startswith(), endswith() 사용] : 95.9 점 👍,
[언패킹 시 숫자 인덱스 사용하지 말 것 (변수에 바로 할당)] : 62.0 점,
[조건문 중첩 대신 any, all 사용] : 2.7 점 🚨,
[함수명, 반환값 간 일치] : 87.8 점",참과 거짓을 여러 번 감싸는 조건문 관련 점검은 지금 정리해 두면 이득이 큰 부분이에요. 🔍 필요한 곳부터 여러 조건의 존재 여부는 any나 all에 맡기면 뜻이 훨씬 또렷해져요. 🍀
"[제너레이터 표현식 사용이 가능한 경우 사용] : 39.6 점 🚨,
[str 단순 += 대신 join 사용] : 73.3 점,
[정규 표현식 문자열은 r""..."" 권장] : 92.0 점 👍,
[고정값 상수화 필요] : 68.4 점,
[함수 docstring, 함수명 의미 일치] : 96.5 점 👍",코드에 남은 작은 메시지는 모두 만들어 놓고 쓰는 중간 목록 관련 검토예요! 혼자만의 비밀로 두지 말고 한 번만 순회한다면 제너레이터 표현식으로 메모리를 아껴 볼 만해요. 💡
"[함수의 인수를 변경 가능한 default value로 하지 않아야 함] : 74.5 점,
[빈도수, 반복문, 경로명 리스트 추출 시 collections, itertools, glob 사용] : 96.0 점 👍,
[매우 간결한 변환은 map 사용] : 39.1 점 🚨,
[비어 있는 문자열 여부 판단 간소화] : 65.9 점,
[불필요한 print, logging 제거] : 32.4 점 🚨",실행 경로에 남은 print와 logging 관련 보완을 정리하면 좋은 이유가 분명해요. 🚀 이왕이면 불필요한 print나 logging을 지우면 출력이 깔끔해지고 디버깅 신호도 선명해져요!
"[정규 표현식 문자열은 r""..."" 권장] : 62.8 점,
[Python 예약어를 변수명으로 사용하지 않아야 함] : 97.5 점 👍,
[유사한 변수명 통일] : 93.5 점 👍,
[중복되는 사항 common 으로 빼기] : 96.1 점 👍,
[import 순서 준수] : 6.4 점 🚨",지금 코드에서 살짝 아쉬운 곳은 섞여 있는 import 배치 관련 보완입니다. 🧼 부드럽게 표준 라이브러리와 외부 패키지와 내부 모듈을 차례로 정리하면 시작 화면이 말끔해져요. 🎯
"[if-elif-elif-else 구문은 되도록 dict로 수정] : 24.4 점 🚨,
[비어 있는 문자열 여부 판단 간소화] : 48.3 점 🚨,
[기존 배열의 원소 추가 대신 extend 함수 사용] : 24.4 점 🚨,
[Python 예약어를 변수명으로 사용하지 않아야 함] : 90.7 점 👍,
[지나치게 많은 들여쓰기 수정] : 97.4 점 👍",한 번만 만져도 인상이 달라질 곳은 갈래가 길게 이어진 조건 분기 관련 확인에 대한 정리예요! 조금만 시간을 내서 값에 따른 선택이라면 dict 매핑으로 바꾸어 분기표를 단순하게 만들어 보세요. 🧠
"[함수 인수 type hint 필요] : 89.4 점,
[인덱스 반환에 index 함수 사용] : 99.0 점 👍,
[언패킹 시 숫자 인덱스 사용하지 말 것 (변수에 바로 할당)] : 93.5 점 👍,
[100 line 이상 함수 분리, docstring 필요] : 73.7 점,
[빈도수, 반복문, 경로명 리스트 추출 시 collections, itertools, glob 사용] : 57.9 점 🚨",자주 쓰는 패턴을 직접 구현한 반복 관련 개편을 놓치지 않으면 한결 편해져요! 🎯 차분하게 빈도에는 collections를 반복 조합에는 itertools를 경로 모으기에는 glob을 쓰면 표준 도구의 힘을 빌릴 수 있어요!
"[한 줄의 길이는 일정 글자 이내로] : 98.8 점 👍,
[중복되는 사항 common 으로 빼기] : 6.7 점 🚨,
[제너레이터 표현식 사용이 가능한 경우 사용] : 86.9 점,
[기존 배열의 원소 추가 대신 extend 함수 사용] : 64.9 점,
[함수의 인자가 유동적인 경우 처리 권장] : 91.6 점 👍",조금 더 사랑받는 코드로 가는 길은 여러 곳에 흩어진 비슷한 처리 관련 리팩터링에서 열려요! 호기심을 갖고 공통 동작을 한곳으로 모으면 수정할 때 놓칠 구석이 줄어요. 🙌
"[유사한 이름의 함수끼리 가까이 위치하도록 수정 권장] : 48.1 점 🚨,
[파일 열기, 닫기 시 with open(...) 사용] : 92.7 점 👍,
[f = lambda x: ... 보다는 def f(x): return ... 를 사용] : 42.7 점 🚨,
[숫자 값은 위쪽에 상수로] : 10.2 점 🚨,
[빈 파일 *TODO 표시 필요*] : 94.3 점 👍",로직 사이에 숨어 있는 숫자 관련 관리에 손을 보태면 흐름이 훨씬 편안해져요! 🧼 호기심을 갖고 매직 넘버를 파일 위쪽의 상수로 올리면 숫자가 왜 필요한지 바로 보여요. 🔍
"[f = lambda x: ... 보다는 def f(x): return ... 를 사용] : 85.3 점,
[함수 docstring, 함수명 의미 일치] : 93.4 점 👍,
[중복되는 사항 common 으로 빼기] : 54.7 점 🚨,
[고정값 상수화 필요] : 46.6 점 🚨,
[enumerate 사용 가능한 경우 사용] : 95.6 점 👍",읽는 흐름을 매끈하게 할 선택은 여러 군데 박혀 있는 고정값 관련 확인이에요! 🍀 테스트를 떠올리며 의미 있는 상수 이름으로 꺼내 두면 정책을 바꿀 때 한 번에 손볼 수 있어요. 🛠️
"[숫자 값은 위쪽에 상수로] : 64.1 점,
[동일 인자 type 통일] : 95.7 점 👍,
[불필요한 변수 생성 대신 defaultdict 권장] : 95.1 점 👍,
[if-elif-elif-else 구문은 되도록 dict로 수정] : 97.5 점 👍,
[제너레이터 표현식 사용이 가능한 경우 사용] : 29.7 점 🚨",모두 만들어 놓고 쓰는 중간 목록 관련 개선을 한 번 살펴봐 주세요. 🚀 팀과 맞춰 보며 한 번만 순회한다면 제너레이터 표현식으로 메모리를 아껴 볼 만해요.
"[비어 있는 문자열 여부 판단 간소화] : 94.1 점 👍,
[지나치게 많은 들여쓰기 수정] : 98.6 점 👍,
[함수의 인자가 하나로 묶을 수 있는 경우 처리 권장] : 20.9 점 🚨,
[Python 예약어를 변수명으로 사용하지 않아야 함] : 61.5 점,
[a = my_list[0], b = my_list[1] ... 대신 unpacking 사용 필요] : 76.8 점",협업할 때 빛을 발할 정리는 서로 늘 함께 다니는 여러 인수 관련 검토입니다. 마음 편히 관련 값을 객체나 dataclass로 묶으면 호출부가 훨씬 덜 복잡해져요!
"[prefix, suffix 검사 시 startswith(), endswith() 사용] : 90.0 점 👍,
[개수 세기에 count 함수 사용] : 97.4 점 👍,
[동일한 인수 집합을 갖는 함수가 많은 경우 클래스화 고려] : 97.9 점 👍,
[import 순서 준수] : 36.5 점 🚨,
[제너레이터 표현식 사용이 가능한 경우 사용] : 97.3 점 👍",섞여 있는 import 배치 관련 개편 쪽에서 잠깐 발이 걸릴 수 있어요! 살펴본 김에 표준 라이브러리와 외부 패키지와 내부 모듈을 차례로 정리하면 시작 화면이 말끔해져요. 🧠
"[불필요한 print, logging 제거] : 29.1 점 🚨,
[고정값 상수화 필요] : 85.9 점,
[유사한 이름의 함수끼리 가까이 위치하도록 수정 권장] : 30.3 점 🚨,
[key=itemgetter(""key"") 사용 권장] : 91.8 점 👍,
[함수명, 반환값 간 일치] : 98.8 점 👍",이번에는 실행 경로에 남은 print와 logging 관련 정돈을 먼저 다듬어 보면 어떨까요? 의도를 적어 두듯 불필요한 print나 logging을 지우면 출력이 깔끔해지고 디버깅 신호도 선명해져요. 🧩
"[불필요한 print, logging 제거] : 43.1 점 🚨,
[동일한 인수 집합을 갖는 함수가 많은 경우 클래스화 고려] : 15.0 점 🚨,
[itertools.product 사용 가능한 경우 사용] : 99.3 점 👍,
[함수명, 반환값 간 일치] : 69.7 점,
[100 line 이상 함수 분리, docstring 필요] : 95.5 점 👍",코드의 리듬을 더 살릴 방법은 바로 같은 설정을 반복해서 받는 함수들 관련 점검이에요. 💡 명확하게 공통 상태를 가진 객체로 묶으면 인자 전달이 가벼워지고 역할도 선명해져요. 🪄
"[클래스 내부에서만 쓰이는 속성, 메서드 (접두사 있음) 호출 비 권장] : 94.9 점 👍,
[문자열 단순 연결보다는 f-string 사용] : 50.0 점 🚨,
[불필요한 print, logging 제거] : 24.3 점 🚨,
[예외의 종류 (OOOError 등) 구체적 명시 권장] : 93.1 점 👍,
[정규 표현식 문자열은 r""..."" 권장] : 71.6 점",협업할 때 빛을 발할 정리는 실행 경로에 남은 print와 logging 관련 정리를 정돈하는 일이에요. 🧠 차분하게 불필요한 print나 logging을 지우면 출력이 깔끔해지고 디버깅 신호도 선명해져요! 💡
"[f = lambda x: ... 보다는 def f(x): return ... 를 사용] : 94.2 점 👍,
[개수 세기에 count 함수 사용] : 99.0 점 👍,
[assertion을 제어 메커니즘으로 사용하면 안됨] : 93.7 점 👍,
[함수명, 반환값 간 일치] : 65.3 점,
[예외의 종류 (OOOError 등) 구체적 명시 권장] : 95.8 점 👍",코드가 들려주는 두 가지 부탁은 이름과 실제 결과가 어긋나는 함수 관련 검토와 실행 흐름을 맡은 assert 관련 정리예요! 조금만 시간을 내서 반환하는 값을 이름에 맞추면 호출부에서 예상이 빗나가지 않아요. 문맥을 확인하며 검증이 필요한 분기는 명시적인 예외 처리로 바꾸어야 배포 환경에서도 안전해요. 🧩
"[zip 사용 가능한 경우 사용] : 93.6 점 👍,
[100 line 이상 함수 분리, docstring 필요] : 62.9 점,
[빈 파일 *TODO 표시 필요*] : 92.7 점 👍,
[if-elif-elif-else 구문은 되도록 dict로 수정] : 79.1 점,
[동일한 인수 집합을 갖는 함수가 많은 경우 클래스화 고려] : 70.5 점",한 가지 제안은 한 번에 너무 많은 일을 하는 긴 함수 관련 개편을 챙기는 일이에요! 🧩 혼자만의 비밀로 두지 말고 책임별로 나누고 docstring을 붙이면 테스트와 수정이 한결 수월해져요! 😺
"[언패킹 시 숫자 인덱스 사용하지 말 것 (변수에 바로 할당)] : 73.2 점,
[100 line 이상 함수 분리, docstring 필요] : 98.7 점 👍,
[리스트 컴프리헨션 사용이 가능한 경우 사용] : 79.1 점,
[함수의 인수를 변경 가능한 default value로 하지 않아야 함] : 60.0 점,
[비어 있는 문자열 여부 판단 간소화] : 91.4 점 👍",이번 리뷰는 언패킹 뒤에 다시 숫자 인덱스를 찾는 흐름 관련 관리를 먼저 살펴보라고 말해요! ✨ 차근차근 필요한 이름에 바로 받아 두면 중간 인덱스가 사라져 코드가 단순해져요. 이어서 기본 인수에 놓인 변경 가능한 객체 관련 확인에는 한 발 먼저 리스트나 딕셔너리는 None으로 두고 함수 안에서 만들면 호출 사이에 상태가 섞이지 않아요! 🍀
"[제너레이터 표현식 사용이 가능한 경우 사용] : 90.6 점 👍,
[불필요한 변수 생성 대신 defaultdict 권장] : 95.6 점 👍,
[import 순서 준수] : 68.3 점,
[assertion을 제어 메커니즘으로 사용하면 안됨] : 99.7 점 👍,
[조건문 중첩 대신 any, all 사용] : 97.8 점 👍",섞여 있는 import 배치 관련 정돈을 고치면 코드의 인상이 달라져요! 😉 오늘의 마무리로 표준 라이브러리와 외부 패키지와 내부 모듈을 차례로 정리하면 시작 화면이 말끔해져요.
"[주석 처리된 코드 제거] : 93.4 점 👍,
[함수의 인자가 유동적인 경우 처리 권장] : 84.5 점,
[함수의 인수를 변경 가능한 default value로 하지 않아야 함] : 87.4 점,
[한 줄의 길이는 일정 글자 이내로] : 98.3 점 👍,
[assertion을 제어 메커니즘으로 사용하면 안됨] : 36.5 점 🚨",협업할 때 빛을 발할 정리는 실행 흐름을 맡은 assert 관련 리팩터링입니다! 🚀 살짝 검증이 필요한 분기는 명시적인 예외 처리로 바꾸어야 배포 환경에서도 안전해요. 🔍
"[zip 사용 가능한 경우 사용] : 76.7 점,
[기존 배열의 원소 추가 대신 extend 함수 사용] : 48.1 점 🚨,
[언패킹 시 숫자 인덱스 사용하지 말 것 (변수에 바로 할당)] : 90.4 점 👍,
[if-elif-elif-else 구문은 되도록 dict로 수정] : 86.4 점,
[숫자 값은 위쪽에 상수로] : 91.7 점 👍",목록 원소를 하나씩 붙이는 처리 관련 정리에는 지금 작은 정리가 필요해요. 💡 한 발 먼저 여러 값을 더할 때는 extend를 쓰면 의도가 정확히 전달돼요. 아울러 같은 위치의 두 목록을 따로 인덱싱하는 반복 관련 다듬기도 다음 변경 전에 나란히 읽는 값들은 zip으로 묶어 주면 인덱스 실수를 막을 수 있어요! 🍀
"[한 줄의 길이는 일정 글자 이내로] : 98.3 점 👍,
[개수 세기에 count 함수 사용] : 71.4 점,
[유사한 이름의 함수끼리 가까이 위치하도록 수정 권장] : 67.9 점,
[제너레이터 표현식 사용이 가능한 경우 사용] : 86.9 점,
[클래스 내부에서만 쓰이는 속성, 메서드 (접두사 있음) 호출 비 권장] : 81.1 점",코드에 남은 작은 메시지는 관련 함수가 파일 여기저기에 흩어진 배치 관련 리팩터링이에요! 가능한 범위에서 비슷한 역할의 함수를 가까이 두면 탐색 시간이 줄고 파일 구조가 자연스러워져요. 🍀
"[str 단순 += 대신 join 사용] : 49.2 점 🚨,
[README.md, pyproject.toml 필요] : 61.3 점,
[리스트 컴프리헨션 사용이 가능한 경우 사용] : 52.0 점 🚨,
[함수의 인수를 변경 가능한 default value로 하지 않아야 함] : 6.0 점 🚨,
[한 줄의 길이는 일정 글자 이내로] : 76.2 점",기본 인수에 놓인 변경 가능한 객체 관련 확인을 정리하면 좋은 이유가 분명해요. 작은 정성으로 리스트나 딕셔너리는 None으로 두고 함수 안에서 만들면 호출 사이에 상태가 섞이지 않아요! 🎯
"[문자열 단순 연결보다는 f-string 사용] : 85.2 점,
[상태 값 조건이 있는 if-elif-elif-else 있는 경우 클래스화 고려] : 76.7 점,
[매우 간결한 변환은 map 사용] : 97.4 점 👍,
[zip 사용 가능한 경우 사용] : 91.1 점 👍,
[주석 처리된 코드 제거] : 98.9 점 👍",지금 코드에서 살짝 아쉬운 곳은 상태에 따라 길게 갈라지는 분기 관련 확인입니다. 보너스처럼 상태별 동작을 클래스로 나누면 새 상태를 더할 때 기존 조건문을 덜 건드려도 돼요!
"[동일한 인수 집합을 갖는 함수가 많은 경우 클래스화 고려] : 51.3 점 🚨,
[빈 파일 *TODO 표시 필요*] : 6.4 점 🚨,
[함수 인수 type hint 필요] : 96.8 점 👍,
[파일 단순 읽기/쓰기는 Path 사용] : 31.6 점 🚨,
[itertools.product 사용 가능한 경우 사용] : 71.5 점",한 번만 만져도 인상이 달라질 곳은 의도를 알 수 없는 빈 파일 관련 리팩터링에 대한 정리예요! 🐣 가능한 범위에서 아직 해야 할 일을 TODO로 적어 두면 빈 공간도 친절한 안내판이 돼요.
"[상태 값 조건이 있는 if-elif-elif-else 있는 경우 클래스화 고려] : 67.6 점,
[함수의 인자가 유동적인 경우 처리 권장] : 55.7 점 🚨,
[함수의 인수를 변경 가능한 default value로 하지 않아야 함] : 65.0 점,
[함수의 인자가 하나로 묶을 수 있는 경우 처리 권장] : 96.0 점 👍,
[조건문 중첩 대신 any, all 사용] : 7.7 점 🚨",참과 거짓을 여러 번 감싸는 조건문 관련 다듬기를 놓치지 않으면 한결 편해져요! 🌿 한 호흡 쉬고 여러 조건의 존재 여부는 any나 all에 맡기면 뜻이 훨씬 또렷해져요.
"[import 순서 준수] : 55.6 점 🚨,
[지나치게 많은 들여쓰기 수정] : 27.6 점 🚨,
[불필요한 print, logging 제거] : 92.4 점 👍,
[파일 열기, 닫기 시 with open(...) 사용] : 96.3 점 👍,
[상태 값 조건이 있는 if-elif-elif-else 있는 경우 클래스화 고려] : 99.0 점 👍",조금 더 사랑받는 코드로 가는 길은 깊숙이 내려가는 들여쓰기 관련 관리에서 열려요! 🔍 한 발 먼저 작은 함수로 쪼개거나 빠른 반환을 쓰면 조건의 미로가 얕아져요!
"[import 순서 준수] : 97.3 점 👍,
[정규 표현식 문자열은 r""..."" 권장] : 65.9 점,
[숫자 값은 위쪽에 상수로] : 76.1 점,
[클래스 내부에서만 쓰이는 속성, 메서드 (접두사 있음) 호출 비 권장] : 16.2 점 🚨,
[예외를 삼키는 경우가 없어야 함] : 75.9 점",외부에서 건드리는 내부 전용 속성과 메서드 관련 검토에 손을 보태면 흐름이 훨씬 편안해져요! 🚀 부드럽게 밑줄로 표시된 내부 구현은 클래스 밖에서 의존하지 않으면 변경에도 견고해져요. 🐣
"[정규 표현식 문자열은 r""..."" 권장] : 99.1 점 👍,
[동일 인자 type 통일] : 91.0 점 👍,
[숫자 값은 위쪽에 상수로] : 94.4 점 👍,
[예외의 종류 (OOOError 등) 구체적 명시 권장] : 79.8 점,
[인덱스 반환에 index 함수 사용] : 74.5 점",코드 지도에 표시할 장소는 위치를 찾기 위해 손수 추적하는 반복 관련 정리예요! 🐣 미래의 나를 위해 첫 위치가 필요할 때는 index를 쓰면 목적이 바로 보입니다. 🌿
"[동일 인자 type 통일] : 95.9 점 👍,
[상태 값 조건이 있는 if-elif-elif-else 있는 경우 클래스화 고려] : 56.9 점 🚨,
[README.md, pyproject.toml 필요] : 39.4 점 🚨,
[불필요한 변수 생성 대신 defaultdict 권장] : 98.4 점 👍,
[함수의 인수를 변경 가능한 default value로 하지 않아야 함] : 89.2 점",프로젝트 사용법과 설정을 안내할 README.md와 pyproject.toml 관련 정돈을 한 번 살펴봐 주세요! ✨ 작은 단계로 설치 방법과 실행 환경을 적어 두면 처음 온 사람도 바로 출발할 수 있어요. 🧼
"[함수 인수 type hint 필요] : 98.6 점 👍,
[if a.get(""b"") ... 형태로 수정 필요] : 13.9 점 🚨,
[a = my_list[0], b = my_list[1] ... 대신 unpacking 사용 필요] : 27.6 점 🚨,
[import 순서 준수] : 40.6 점 🚨,
[100 line 이상 함수 분리, docstring 필요] : 96.2 점 👍","프로젝트 체력을 키울 제안은 딕셔너리 값을 여러 단계로 꺼내는 검사 관련 손질입니다. 🔍 기록을 남기듯 a.get(""b"")처럼 안전하게 꺼내면 누락된 키에서도 흐름이 부드러워요!"
"[한 줄의 길이는 일정 글자 이내로] : 96.9 점 👍,
[import 순서 준수] : 74.8 점,
[함수 인수 type hint 필요] : 40.7 점 🚨,
[key=itemgetter(""key"") 사용 권장] : 92.8 점 👍,
[prefix, suffix 검사 시 startswith(), endswith() 사용] : 68.6 점",형태가 보이지 않는 함수 인수 관련 개편 쪽에서 잠깐 발이 걸릴 수 있어요! 🐣 필요한 곳부터 인수에 type hint를 달아 두면 들어오는 데이터가 무엇인지 바로 알 수 있어요.
"[Python 예약어를 변수명으로 사용하지 않아야 함] : 69.0 점,
[중복되는 사항 common 으로 빼기] : 39.6 점 🚨,
[리스트 컴프리헨션 사용이 가능한 경우 사용] : 96.6 점 👍,
[itertools.product 사용 가능한 경우 사용] : 19.9 점 🚨,
[예외의 종류 (OOOError 등) 구체적 명시 권장] : 91.7 점 👍",이번에는 여러 조합을 손으로 겹쳐 도는 반복 관련 정돈을 먼저 다듬어 보면 어떨까요? 🌿 가볍게 모든 조합이 필요할 때는 itertools.product로 의도를 또렷하게 드러내요. 🪄
"[itertools.product 사용 가능한 경우 사용] : 34.6 점 🚨,
[중복되는 사항 common 으로 빼기] : 95.5 점 👍,
[인덱스 반환에 index 함수 사용] : 74.5 점,
[매우 간결한 변환은 map 사용] : 48.1 점 🚨,
[제너레이터 표현식 사용이 가능한 경우 사용] : 90.8 점 👍",협업할 때 빛을 발할 정리는 여러 조합을 손으로 겹쳐 도는 반복 관련 점검입니다. 🔍 이번 수정에서는 모든 조합이 필요할 때는 itertools.product로 의도를 또렷하게 드러내요. 함께 챙길 곳은 한 가지 변환만 길게 적은 반복 관련 손질에는 손이 닿는 자리부터 변환 규칙이 단순하면 map으로 핵심 연산을 또렷하게 표현할 수 있어요.
"[숫자 값은 위쪽에 상수로] : 51.1 점 🚨,
[비어 있는 문자열 여부 판단 간소화] : 97.5 점 👍,
[불필요한 print, logging 제거] : 99.3 점 👍,
[100 line 이상 함수 분리, docstring 필요] : 78.1 점,
[zip 사용 가능한 경우 사용] : 44.6 점 🚨",같은 위치의 두 목록을 따로 인덱싱하는 반복 관련 확인은 작은 손질로 분위기가 크게 바뀌는 곳이에요! 🛠️ 읽는 사람을 위해 나란히 읽는 값들은 zip으로 묶어 주면 인덱스 실수를 막을 수 있어요. 🐣
"[zip 사용 가능한 경우 사용] : 91.3 점 👍,
[파일 열기, 닫기 시 with open(...) 사용] : 79.3 점,
[리스트 컴프리헨션 사용이 가능한 경우 사용] : 18.2 점 🚨,
[비어 있는 문자열 여부 판단 간소화] : 92.8 점 👍,
[assertion을 제어 메커니즘으로 사용하면 안됨] : 95.6 점 👍",변경에 강해질 실마리는 단순 변환을 길게 푼 반복문 관련 개편을 정돈하는 일이에요. 😺 가능한 범위에서 짧고 명확한 경우에는 리스트 컴프리헨션으로 의도를 한눈에 보여 주세요! 🪄
"[인덱스 반환에 index 함수 사용] : 98.6 점 👍,
[빈 파일 *TODO 표시 필요*] : 98.6 점 👍,
[함수의 인수를 변경 가능한 default value로 하지 않아야 함] : 31.8 점 🚨,
[prefix, suffix 검사 시 startswith(), endswith() 사용] : 77.9 점,
[동일 인자 type 통일] : 29.0 점 🚨",같은 뜻인데 들쭉날쭉한 type 표기 관련 정리 때문에 읽는 흐름이 끊길 수 있습니다. 🧠 기록을 남기듯 인수의 type을 한 방식으로 맞추면 호출하는 쪽도 덜 헷갈려요. 또 하나의 다듬기 포인트는 기본 인수에 놓인 변경 가능한 객체 관련 정돈도 미래의 나를 위해 리스트나 딕셔너리는 None으로 두고 함수 안에서 만들면 호출 사이에 상태가 섞이지 않아요. 🙌
"[a = my_list[0], b = my_list[1] ... 대신 unpacking 사용 필요] : 46.5 점 🚨,
[중복되는 사항 common 으로 빼기] : 49.5 점 🚨,
[함수의 인자가 하나로 묶을 수 있는 경우 처리 권장] : 97.4 점 👍,
[itertools.product 사용 가능한 경우 사용] : 88.3 점,
[assertion을 제어 메커니즘으로 사용하면 안됨] : 90.9 점 👍",이번 리뷰는 여러 곳에 흩어진 비슷한 처리 관련 관리를 먼저 살펴보라고 말해요! 💫 혼자만의 비밀로 두지 말고 공통 동작을 한곳으로 모으면 수정할 때 놓칠 구석이 줄어요. 이어서 목록의 칸을 하나씩 꺼내는 대입 관련 개선에는 다음 변경 전에 정해진 순서의 값은 unpacking으로 풀어 주면 한 번에 읽혀요.
"[고정값 상수화 필요] : 4.5 점 🚨,
[동일한 인수 집합을 갖는 함수가 많은 경우 클래스화 고려] : 90.0 점 👍,
[f = lambda x: ... 보다는 def f(x): return ... 를 사용] : 75.5 점,
[assertion을 제어 메커니즘으로 사용하면 안됨] : 8.3 점 🚨,
[리스트 컴프리헨션 사용이 가능한 경우 사용] : 97.7 점 👍",여러 군데 박혀 있는 고정값 관련 정돈을 고치면 코드의 인상이 달라져요! 🎈 조금만 시간을 내서 의미 있는 상수 이름으로 꺼내 두면 정책을 바꿀 때 한 번에 손볼 수 있어요! 😺
"[key=itemgetter(""key"") 사용 권장] : 96.0 점 👍,
[a = my_list[0], b = my_list[1] ... 대신 unpacking 사용 필요] : 95.1 점 👍,
[비어 있는 문자열 여부 판단 간소화] : 40.6 점 🚨,
[함수의 인수를 변경 가능한 default value로 하지 않아야 함] : 35.9 점 🚨,
[인덱스 반환에 index 함수 사용] : 65.1 점",유지보수 메모에 적어 둘 대상은 기본 인수에 놓인 변경 가능한 객체 관련 개선입니다! 🙌 한 발 먼저 리스트나 딕셔너리는 None으로 두고 함수 안에서 만들면 호출 사이에 상태가 섞이지 않아요! 🐣
"[의미 있는 함수명, 변수명 사용] : 93.6 점 👍,
[zip 사용 가능한 경우 사용] : 93.0 점 👍,
[enumerate 사용 가능한 경우 사용] : 96.3 점 👍,
[지나치게 많은 들여쓰기 수정] : 88.8 점,
[동일 인자 type 통일] : 80.2 점",같은 뜻인데 들쭉날쭉한 type 표기 관련 개선은 지금 정리해 두면 이득이 큰 부분이에요. 💡 개발자 마음으로 인수의 type을 한 방식으로 맞추면 호출하는 쪽도 덜 헷갈려요. 🛠️
"[미 사용 변수/함수 제거] : 95.8 점 👍,
[고정값 상수화 필요] : 90.1 점 👍,
[한 줄의 길이는 일정 글자 이내로] : 32.3 점 🚨,
[의미 있는 함수명, 변수명 사용] : 73.9 점,
[함수 인수 type hint 필요] : 99.8 점 👍",코드에 남은 작은 메시지는 옆으로 너무 길게 뻗은 코드 줄 관련 손질이에요! ✨ 다음 변경 전에 줄을 적당히 나누면 작은 화면에서도 흐름을 놓치지 않아요.
"[zip 사용 가능한 경우 사용] : 92.5 점 👍,
[개수 세기에 count 함수 사용] : 75.8 점,
[import 순서 준수] : 74.2 점,
[enumerate 사용 가능한 경우 사용] : 99.6 점 👍,
[f = lambda x: ... 보다는 def f(x): return ... 를 사용] : 11.7 점 🚨",이름 붙은 동작을 lambda에 숨긴 코드 관련 리팩터링을 정리하면 좋은 이유가 분명해요. 🐣 리뷰 메모를 따라 재사용하거나 설명이 필요한 로직은 def로 꺼내면 디버깅과 테스트가 편해져요! 🧠
"[if-elif-elif-else 구문은 되도록 dict로 수정] : 9.9 점 🚨,
[개수 세기에 count 함수 사용] : 100.0 점 👍,
[Python 예약어를 변수명으로 사용하지 않아야 함] : 47.2 점 🚨,
[빈 파일 *TODO 표시 필요*] : 2.2 점 🚨,
[README.md, pyproject.toml 필요] : 89.6 점",코드의 숨통을 틔울 힌트는 의도를 알 수 없는 빈 파일 관련 리팩터링에 대한 정리예요! 🙌 안전하게 아직 해야 할 일을 TODO로 적어 두면 빈 공간도 친절한 안내판이 돼요. 🧩
"[100 line 이상 함수 분리, docstring 필요] : 95.3 점 👍,
[prefix, suffix 검사 시 startswith(), endswith() 사용] : 90.8 점 👍,
[상태 값 조건이 있는 if-elif-elif-else 있는 경우 클래스화 고려] : 15.8 점 🚨,
[README.md, pyproject.toml 필요] : 74.3 점,
[a = my_list[0], b = my_list[1] ... 대신 unpacking 사용 필요] : 93.3 점 👍",변경에 강해질 실마리는 상태에 따라 길게 갈라지는 분기 관련 개선에 대한 정리예요! 🪄 안전하게 상태별 동작을 클래스로 나누면 새 상태를 더할 때 기존 조건문을 덜 건드려도 돼요. 🙌
"[제너레이터 표현식 사용이 가능한 경우 사용] : 65.7 점,
[고정값 상수화 필요] : 60.3 점,
[Python 예약어를 변수명으로 사용하지 않아야 함] : 63.0 점,
[미 사용 변수/함수 제거] : 90.6 점 👍,
[숫자 값은 위쪽에 상수로] : 90.0 점 👍",여러 군데 박혀 있는 고정값 관련 개선을 놓치지 않으면 한결 편해져요! 의도를 적어 두듯 의미 있는 상수 이름으로 꺼내 두면 정책을 바꿀 때 한 번에 손볼 수 있어요. 🚀
"[매우 간결한 변환은 map 사용] : 94.6 점 👍,
[f = lambda x: ... 보다는 def f(x): return ... 를 사용] : 95.7 점 👍,
[미 사용 변수/함수 제거] : 94.1 점 👍,
[고정값 상수화 필요] : 14.4 점 🚨,
[함수 docstring, 함수명 의미 일치] : 92.3 점 👍",조금 더 사랑받는 코드로 가는 길은 여러 군데 박혀 있는 고정값 관련 리팩터링에서 열려요! 💡 여유가 될 때 의미 있는 상수 이름으로 꺼내 두면 정책을 바꿀 때 한 번에 손볼 수 있어요! 🙌
"[함수의 인자가 유동적인 경우 처리 권장] : 82.4 점,
[기존 배열의 원소 추가 대신 extend 함수 사용] : 96.3 점 👍,
[assertion을 제어 메커니즘으로 사용하면 안됨] : 3.2 점 🚨,
[고정값 상수화 필요] : 96.9 점 👍,
[if-elif-elif-else 구문은 되도록 dict로 수정] : 97.0 점 👍",실행 흐름을 맡은 assert 관련 리팩터링과 개수가 달라질 수 있는 인수를 고정해 둔 호출 관련 확인에서 한 번 더 다듬어 볼 수 있어요! 🌈 꼼꼼하게 검증이 필요한 분기는 명시적인 예외 처리로 바꾸어야 배포 환경에서도 안전해요. 다음 커밋에서 가변 인수는 *args나 **kwargs를 알맞게 쓰면 확장에 더 유연해져요.
"[a = my_list[0], b = my_list[1] ... 대신 unpacking 사용 필요] : 18.8 점 🚨,
[함수의 인자가 유동적인 경우 처리 권장] : 27.1 점 🚨,
[미 사용 변수/함수 제거] : 85.5 점,
[함수명, 반환값 간 일치] : 15.3 점 🚨,
[주석 처리된 코드 제거] : 36.1 점 🚨",유지보수 메모에 적어 둘 대상은 이름과 실제 결과가 어긋나는 함수 관련 관리예요! 꼼꼼하게 반환하는 값을 이름에 맞추면 호출부에서 예상이 빗나가지 않아요.
"[지나치게 많은 들여쓰기 수정] : 97.1 점 👍,
[함수 인수 type hint 필요] : 90.7 점 👍,
[enumerate 사용 가능한 경우 사용] : 61.3 점,
[파일 열기, 닫기 시 with open(...) 사용] : 83.2 점,
[itertools.product 사용 가능한 경우 사용] : 89.1 점",반복문에서 직접 올리는 번호 관련 검토를 한 번 살펴봐 주세요! 한 줄씩 순서와 값을 함께 쓸 때는 enumerate가 더 자연스럽고 안전해요! 💡
"[prefix, suffix 검사 시 startswith(), endswith() 사용] : 95.1 점 👍,
[if-elif-elif-else 구문은 되도록 dict로 수정] : 57.8 점 🚨,
[README.md, pyproject.toml 필요] : 93.3 점 👍,
[지나치게 많은 들여쓰기 수정] : 62.5 점,
[클래스 내부에서만 쓰이는 속성, 메서드 (접두사 있음) 호출 비 권장] : 94.8 점 👍",깊숙이 내려가는 들여쓰기 관련 개선과 갈래가 길게 이어진 조건 분기 관련 손질이 함께 아쉬움을 남겨요. 흐름을 따라 작은 함수로 쪼개거나 빠른 반환을 쓰면 조건의 미로가 얕아져요. 작은 정성으로 값에 따른 선택이라면 dict 매핑으로 바꾸어 분기표를 단순하게 만들어 보세요. ✨
"[클래스 내부에서만 쓰이는 속성, 메서드 (접두사 있음) 호출 비 권장] : 74.7 점,
[함수 인수 type hint 필요] : 68.8 점,
[주석 처리된 코드 제거] : 92.1 점 👍,
[미 사용 변수/함수 제거] : 0.9 점 🚨,
[인덱스 반환에 index 함수 사용] : 16.9 점 🚨",쓰임이 없는 변수와 함수 관련 관리는 이번에 꼭 챙길 카드예요! 🧠 프로젝트를 아끼는 마음으로 참조되지 않는 선언을 걷어 내면 핵심 로직만 또렷하게 남아요.
"[주석 처리된 코드 제거] : 66.2 점,
[지나치게 많은 들여쓰기 수정] : 91.9 점 👍,
[불필요한 변수 생성 대신 defaultdict 권장] : 6.0 점 🚨,
[enumerate 사용 가능한 경우 사용] : 37.8 점 🚨,
[함수의 인수를 변경 가능한 default value로 하지 않아야 함] : 85.8 점",이번에는 초기화만 반복하는 임시 변수 관련 손질을 먼저 다듬어 보면 어떨까요? 🍀 가볍게 키별로 값을 모을 때는 defaultdict를 쓰면 분기와 보일러플레이트가 줄어들어요. 😉
"[고정값 상수화 필요] : 71.1 점,
[a = my_list[0], b = my_list[1] ... 대신 unpacking 사용 필요] : 31.7 점 🚨,
[제너레이터 표현식 사용이 가능한 경우 사용] : 77.0 점,
[빈 파일 *TODO 표시 필요*] : 91.5 점 👍,
[중복되는 사항 common 으로 빼기] : 87.4 점",코드 산책 중 만난 작은 이슈는 바로 목록의 칸을 하나씩 꺼내는 대입 관련 개편이에요. 😉 손이 닿는 자리부터 정해진 순서의 값은 unpacking으로 풀어 주면 한 번에 읽혀요. 🔍
"[a = my_list[0], b = my_list[1] ... 대신 unpacking 사용 필요] : 90.1 점 👍,
[동일 인자 type 통일] : 51.6 점 🚨,
[중복되는 사항 common 으로 빼기] : 53.7 점 🚨,
[함수의 인수를 변경 가능한 default value로 하지 않아야 함] : 4.1 점 🚨,
[README.md, pyproject.toml 필요] : 79.6 점",기본 인수에 놓인 변경 가능한 객체 관련 다듬기는 작은 손질로 분위기가 크게 바뀌는 곳이에요! 코드의 맥락을 보며 리스트나 딕셔너리는 None으로 두고 함수 안에서 만들면 호출 사이에 상태가 섞이지 않아요.
"[함수의 인자가 하나로 묶을 수 있는 경우 처리 권장] : 99.0 점 👍,
[파일 열기, 닫기 시 with open(...) 사용] : 99.5 점 👍,
[한 줄의 길이는 일정 글자 이내로] : 93.9 점 👍,
[리스트 컴프리헨션 사용이 가능한 경우 사용] : 90.1 점 👍,
[if a.get(""b"") ... 형태로 수정 필요] : 95.7 점 👍",변경에 강해질 실마리는 단순 변환을 길게 푼 반복문 관련 검토를 정돈하는 일이에요. 🐣 작은 단계로 짧고 명확한 경우에는 리스트 컴프리헨션으로 의도를 한눈에 보여 주세요!
"[유사한 이름의 함수끼리 가까이 위치하도록 수정 권장] : 74.4 점,
[파일 단순 읽기/쓰기는 Path 사용] : 60.4 점,
[인덱스 반환에 index 함수 사용] : 93.5 점 👍,
[f = lambda x: ... 보다는 def f(x): return ... 를 사용] : 92.7 점 👍,
[비어 있는 문자열 여부 판단 간소화] : 2.7 점 🚨",빈 문자열을 빙 돌아 확인하는 조건 관련 리팩터링 때문에 읽는 흐름이 끊길 수 있습니다. 🔍 차근차근 파이썬다운 truthy 검사로 바꾸면 조건식이 가볍게 읽혀요. 또 하나의 다듬기 포인트는 간단한 파일 작업에 장황한 경로 처리 관련 보완도 읽는 사람을 위해 Path의 읽기와 쓰기 메서드를 쓰면 파일 작업이 짧고 단단해져요!
"[빈도수, 반복문, 경로명 리스트 추출 시 collections, itertools, glob 사용] : 32.0 점 🚨,
[고정값 상수화 필요] : 17.4 점 🚨,
[조건문 중첩 대신 any, all 사용] : 51.0 점 🚨,
[함수의 인수를 변경 가능한 default value로 하지 않아야 함] : 46.7 점 🚨,
[불필요한 print, logging 제거] : 44.5 점 🚨",한 가지 제안은 여러 군데 박혀 있는 고정값 관련 개편을 챙기는 일이에요! 🌈 코드의 맥락을 보며 의미 있는 상수 이름으로 꺼내 두면 정책을 바꿀 때 한 번에 손볼 수 있어요. 🪄
"[동일 인자 type 통일] : 52.9 점 🚨,
[상태 값 조건이 있는 if-elif-elif-else 있는 경우 클래스화 고려] : 46.0 점 🚨,
[함수의 인자가 유동적인 경우 처리 권장] : 92.8 점 👍,
[제너레이터 표현식 사용이 가능한 경우 사용] : 75.3 점,
[숫자 값은 위쪽에 상수로] : 79.6 점",상태에 따라 길게 갈라지는 분기 관련 검토와 같은 뜻인데 들쭉날쭉한 type 표기 관련 개선만 보완해도 확 달라져요! 🍀 살짝 상태별 동작을 클래스로 나누면 새 상태를 더할 때 기존 조건문을 덜 건드려도 돼요. 읽는 사람을 위해 인수의 type을 한 방식으로 맞추면 호출하는 쪽도 덜 헷갈려요. 🐣
"[README.md, pyproject.toml 필요] : 93.4 점 👍,
[itertools.product 사용 가능한 경우 사용] : 66.9 점,
[함수의 인수를 변경 가능한 default value로 하지 않아야 함] : 86.5 점,
[if-elif-elif-else 구문은 되도록 dict로 수정] : 98.8 점 👍,
[a = my_list[0], b = my_list[1] ... 대신 unpacking 사용 필요] : 96.8 점 👍",테스트하기 쉬운 구조로 가는 문은 기본 인수에 놓인 변경 가능한 객체 관련 정리예요! 🐣 미래의 나를 위해 리스트나 딕셔너리는 None으로 두고 함수 안에서 만들면 호출 사이에 상태가 섞이지 않아요. 그다음에는 여러 조합을 손으로 겹쳐 도는 반복 관련 관리도 의도를 적어 두듯 모든 조합이 필요할 때는 itertools.product로 의도를 또렷하게 드러내요! 🍀
"[동일 인자 type 통일] : 83.0 점,
[함수 인수 type hint 필요] : 91.8 점 👍,
[동일한 인수 집합을 갖는 함수가 많은 경우 클래스화 고려] : 26.9 점 🚨,
[인덱스 반환에 index 함수 사용] : 2.8 점 🚨,
[빈 파일 *TODO 표시 필요*] : 48.8 점 🚨",위치를 찾기 위해 손수 추적하는 반복 관련 정리는 지금 정리해 두면 이득이 큰 부분이에요. 🛠️ 혼자만의 비밀로 두지 말고 첫 위치가 필요할 때는 index를 쓰면 목적이 바로 보입니다. 💡
"[파일 열기, 닫기 시 with open(...) 사용] : 37.2 점 🚨,
[enumerate 사용 가능한 경우 사용] : 40.4 점 🚨,
[숫자 값은 위쪽에 상수로] : 94.5 점 👍,
[리스트 컴프리헨션 사용이 가능한 경우 사용] : 74.0 점,
[함수의 인자가 유동적인 경우 처리 권장] : 91.9 점 👍",지금 코드에서 살짝 아쉬운 곳은 파일을 열고 닫는 일을 수동으로 관리하는 코드 관련 확인입니다. ✨ 한 번에 with open(...)으로 감싸면 예외가 나도 파일이 안전하게 닫혀요. 🙌
"[prefix, suffix 검사 시 startswith(), endswith() 사용] : 94.2 점 👍,
[key=itemgetter(""key"") 사용 권장] : 86.6 점,
[예외의 종류 (OOOError 등) 구체적 명시 권장] : 90.3 점 👍,
[기존 배열의 원소 추가 대신 extend 함수 사용] : 96.1 점 👍,
[유사한 변수명 통일] : 74.3 점",서로 닮았지만 제각각인 변수 이름 관련 정돈을 정리하면 좋은 이유가 분명해요. 😉 혼자만의 비밀로 두지 말고 같은 개념에는 같은 이름 규칙을 쓰면 읽는 속도가 훨씬 빨라져요. 💡
"[파일 열기, 닫기 시 with open(...) 사용] : 5.4 점 🚨,
[README.md, pyproject.toml 필요] : 86.7 점,
[경로를 path/to/file 이 아닌, pathlib 또는 os.path.join 사용] : 77.2 점,
[함수명, 반환값 간 일치] : 92.8 점 👍,
[함수 인수 type hint 필요] : 68.1 점",지금 코드에서 살짝 아쉬운 곳은 파일을 열고 닫는 일을 수동으로 관리하는 코드 관련 검토입니다. 🪄 살펴본 김에 with open(...)으로 감싸면 예외가 나도 파일이 안전하게 닫혀요. 🎯
"[100 line 이상 함수 분리, docstring 필요] : 99.9 점 👍,
[불필요한 print, logging 제거] : 5.4 점 🚨,
[리스트 컴프리헨션 사용이 가능한 경우 사용] : 94.4 점 👍,
[클래스 내부에서만 쓰이는 속성, 메서드 (접두사 있음) 호출 비 권장] : 45.8 점 🚨,
[동일 인자 type 통일] : 95.6 점 👍",변경에 강해질 실마리는 실행 경로에 남은 print와 logging 관련 다듬기에 대한 정리예요! ✨ 리뷰 메모를 따라 불필요한 print나 logging을 지우면 출력이 깔끔해지고 디버깅 신호도 선명해져요. 🛠️
"[개수 세기에 count 함수 사용] : 71.0 점,
[한 줄의 길이는 일정 글자 이내로] : 76.7 점,
[prefix, suffix 검사 시 startswith(), endswith() 사용] : 36.6 점 🚨,
[유사한 변수명 통일] : 38.6 점 🚨,
[예외를 삼키는 경우가 없어야 함] : 10.4 점 🚨",오류를 조용히 지나치는 예외 처리 관련 관리를 놓치지 않으면 한결 편해져요! 문맥을 확인하며 예외를 기록하거나 다시 올려 보내야 장애 원인을 놓치지 않아요. ✨
"[빈 파일 *TODO 표시 필요*] : 73.4 점,
[함수의 인자가 유동적인 경우 처리 권장] : 96.0 점 👍,
[불필요한 변수 생성 대신 defaultdict 권장] : 98.5 점 👍,
[유사한 이름의 함수끼리 가까이 위치하도록 수정 권장] : 91.8 점 👍,
[함수 docstring, 함수명 의미 일치] : 92.7 점 👍",조금 더 사랑받는 코드로 가는 길은 의도를 알 수 없는 빈 파일 관련 보완에서 열려요! 작은 정성으로 아직 해야 할 일을 TODO로 적어 두면 빈 공간도 친절한 안내판이 돼요. 🙌
"[파일 단순 읽기/쓰기는 Path 사용] : 99.8 점 👍,
[itertools.product 사용 가능한 경우 사용] : 90.3 점 👍,
[zip 사용 가능한 경우 사용] : 69.8 점,
[정규 표현식 문자열은 r""..."" 권장] : 60.7 점,
[불필요한 print, logging 제거] : 91.8 점 👍","백슬래시가 많은 정규식 문자열 관련 정리에 손을 보태면 흐름이 훨씬 편안해져요! 🎯 의도를 적어 두듯 정규식은 r""..."" 형태로 적으면 이스케이프를 덜 신경 써도 돼요. 🐣"
"[불필요한 변수 생성 대신 defaultdict 권장] : 92.9 점 👍,
[비어 있는 문자열 여부 판단 간소화] : 19.1 점 🚨,
[import 순서 준수] : 97.9 점 👍,
[기존 배열의 원소 추가 대신 extend 함수 사용] : 88.9 점,
[제너레이터 표현식 사용이 가능한 경우 사용] : 54.2 점 🚨",리팩터링 퍼즐에서 남은 조각은 빈 문자열을 빙 돌아 확인하는 조건 관련 검토예요! 🧠 다음 변경 전에 파이썬다운 truthy 검사로 바꾸면 조건식이 가볍게 읽혀요. 🐣
"[함수 docstring, 함수명 의미 일치] : 94.1 점 👍,
[경로를 path/to/file 이 아닌, pathlib 또는 os.path.join 사용] : 66.0 점,
[Python 예약어를 변수명으로 사용하지 않아야 함] : 98.7 점 👍,
[zip 사용 가능한 경우 사용] : 91.3 점 👍,
[리스트 컴프리헨션 사용이 가능한 경우 사용] : 76.3 점",문자열로 이어 붙인 파일 경로 관련 개편부터 다듬어 주세요! 💡 차근차근 pathlib이나 os.path.join으로 경로를 조립하면 운영체제가 달라도 안전해요! 🎈
"[str 단순 += 대신 join 사용] : 63.3 점,
[a = my_list[0], b = my_list[1] ... 대신 unpacking 사용 필요] : 41.1 점 🚨,
[의미 있는 함수명, 변수명 사용] : 80.6 점,
[고정값 상수화 필요] : 92.4 점 👍,
[itertools.product 사용 가능한 경우 사용] : 93.3 점 👍",읽는 사람을 배려하는 선택은 목록의 칸을 하나씩 꺼내는 대입 관련 개편입니다. 🎈 가능하면 정해진 순서의 값은 unpacking으로 풀어 주면 한 번에 읽혀요! 🧠
"[상태 값 조건이 있는 if-elif-elif-else 있는 경우 클래스화 고려] : 71.6 점,
[정규 표현식 문자열은 r""..."" 권장] : 97.9 점 👍,
[리스트 컴프리헨션 사용이 가능한 경우 사용] : 59.3 점 🚨,
[import 순서 준수] : 58.3 점 🚨,
[언패킹 시 숫자 인덱스 사용하지 말 것 (변수에 바로 할당)] : 57.3 점 🚨",언패킹 뒤에 다시 숫자 인덱스를 찾는 흐름 관련 개편 쪽에서 잠깐 발이 걸릴 수 있어요! ✨ 기록을 남기듯 필요한 이름에 바로 받아 두면 중간 인덱스가 사라져 코드가 단순해져요! 🧩
"[예외를 삼키는 경우가 없어야 함] : 97.7 점 👍,
[enumerate 사용 가능한 경우 사용] : 96.6 점 👍,
[조건문 중첩 대신 any, all 사용] : 93.4 점 👍,
[유사한 변수명 통일] : 27.9 점 🚨,
[key=itemgetter(""key"") 사용 권장] : 70.6 점","서로 닮았지만 제각각인 변수 이름 관련 정돈을 먼저 정돈해 보면 어떨까요? 가볍게 같은 개념에는 같은 이름 규칙을 쓰면 읽는 속도가 훨씬 빨라져요. 정렬 키를 길게 꺼내 쓰는 lambda 관련 정돈에는 한 줄씩 딕셔너리 키로 정렬할 때는 itemgetter(""key"")가 더 간결하게 뜻을 전해요."
"[고정값 상수화 필요] : 31.0 점 🚨,
[예외를 삼키는 경우가 없어야 함] : 99.3 점 👍,
[함수 인수 type hint 필요] : 83.6 점,
[파일 단순 읽기/쓰기는 Path 사용] : 31.0 점 🚨,
[prefix, suffix 검사 시 startswith(), endswith() 사용] : 53.6 점 🚨",유지보수 메모에 적어 둘 대상은 바로 여러 군데 박혀 있는 고정값 관련 개선이에요. ✨ 꼼꼼하게 의미 있는 상수 이름으로 꺼내 두면 정책을 바꿀 때 한 번에 손볼 수 있어요. 🌿
"[유사한 이름의 함수끼리 가까이 위치하도록 수정 권장] : 99.3 점 👍,
[함수의 인수를 변경 가능한 default value로 하지 않아야 함] : 39.9 점 🚨,
[중복되는 사항 common 으로 빼기] : 35.0 점 🚨,
[enumerate 사용 가능한 경우 사용] : 74.2 점,
[한 줄의 길이는 일정 글자 이내로] : 43.2 점 🚨",여러 곳에 흩어진 비슷한 처리 관련 점검은 작은 손질로 분위기가 크게 바뀌는 곳이에요! 🙌 손이 닿는 자리부터 공통 동작을 한곳으로 모으면 수정할 때 놓칠 구석이 줄어요! 🍀
"[주석 처리된 코드 제거] : 90.2 점 👍,
[조건문 중첩 대신 any, all 사용] : 97.8 점 👍,
[assertion을 제어 메커니즘으로 사용하면 안됨] : 90.5 점 👍,
[100 line 이상 함수 분리, docstring 필요] : 94.4 점 👍,
[비어 있는 문자열 여부 판단 간소화] : 92.1 점 👍",코드 결을 고르게 할 손질은 주석 속에 잠든 옛 코드 관련 정돈을 정돈하는 일이에요. 🪄 의도를 적어 두듯 사용하지 않는 흔적은 지우고 필요한 배경만 남기면 파일이 훨씬 가벼워져요.
"[유사한 이름의 함수끼리 가까이 위치하도록 수정 권장] : 84.5 점,
[if-elif-elif-else 구문은 되도록 dict로 수정] : 66.1 점,
[함수의 인자가 유동적인 경우 처리 권장] : 98.6 점 👍,
[key=itemgetter(""key"") 사용 권장] : 51.4 점 🚨,
[itertools.product 사용 가능한 경우 사용] : 94.5 점 👍","정렬 키를 길게 꺼내 쓰는 lambda 관련 보완 때문에 의도가 흐려질 여지가 있어요. 마음 편히 딕셔너리 키로 정렬할 때는 itemgetter(""key"")가 더 간결하게 뜻을 전해요!"
"[경로를 path/to/file 이 아닌, pathlib 또는 os.path.join 사용] : 85.5 점,
[예외를 삼키는 경우가 없어야 함] : 91.1 점 👍,
[언패킹 시 숫자 인덱스 사용하지 말 것 (변수에 바로 할당)] : 96.6 점 👍,
[빈도수, 반복문, 경로명 리스트 추출 시 collections, itertools, glob 사용] : 22.8 점 🚨,
[함수 인수 type hint 필요] : 75.2 점",한 가지 제안은 자주 쓰는 패턴을 직접 구현한 반복 관련 손질을 챙기는 일이에요! 🌈 개발자 마음으로 빈도에는 collections를 반복 조합에는 itertools를 경로 모으기에는 glob을 쓰면 표준 도구의 힘을 빌릴 수 있어요!
"[매우 간결한 변환은 map 사용] : 74.5 점,
[함수의 인수를 변경 가능한 default value로 하지 않아야 함] : 83.5 점,
[함수 인수 type hint 필요] : 47.0 점 🚨,
[빈도수, 반복문, 경로명 리스트 추출 시 collections, itertools, glob 사용] : 94.4 점 👍,
[zip 사용 가능한 경우 사용] : 79.4 점",형태가 보이지 않는 함수 인수 관련 확인을 고치면 코드의 인상이 달라져요! 안전하게 인수에 type hint를 달아 두면 들어오는 데이터가 무엇인지 바로 알 수 있어요! 📌
"[매우 간결한 변환은 map 사용] : 92.1 점 👍,
[파일 열기, 닫기 시 with open(...) 사용] : 23.0 점 🚨,
[빈 파일 *TODO 표시 필요*] : 95.6 점 👍,
[빈도수, 반복문, 경로명 리스트 추출 시 collections, itertools, glob 사용] : 21.0 점 🚨,
[개수 세기에 count 함수 사용] : 69.5 점",프로젝트 체력을 키울 제안은 자주 쓰는 패턴을 직접 구현한 반복 관련 확인입니다! 💫 오늘의 마무리로 빈도에는 collections를 반복 조합에는 itertools를 경로 모으기에는 glob을 쓰면 표준 도구의 힘을 빌릴 수 있어요. 🛠️
"[문자열 단순 연결보다는 f-string 사용] : 39.7 점 🚨,
[파일 단순 읽기/쓰기는 Path 사용] : 13.2 점 🚨,
[enumerate 사용 가능한 경우 사용] : 26.5 점 🚨,
[빈 파일 *TODO 표시 필요*] : 29.4 점 🚨,
[한 줄의 길이는 일정 글자 이내로] : 21.5 점 🚨",간단한 파일 작업에 장황한 경로 처리 관련 개편은 지금 정리해 두면 이득이 큰 부분이에요. 🧠 조금만 시간을 내서 Path의 읽기와 쓰기 메서드를 쓰면 파일 작업이 짧고 단단해져요!
"[동일한 인수 집합을 갖는 함수가 많은 경우 클래스화 고려] : 64.4 점,
[a = my_list[0], b = my_list[1] ... 대신 unpacking 사용 필요] : 77.4 점,
[기존 배열의 원소 추가 대신 extend 함수 사용] : 93.8 점 👍,
[주석 처리된 코드 제거] : 97.6 점 👍,
[예외를 삼키는 경우가 없어야 함] : 97.2 점 👍",같은 설정을 반복해서 받는 함수들 관련 검토와 목록의 칸을 하나씩 꺼내는 대입 관련 점검이 미래의 수정을 조금 어렵게 해요. 🧩 큰 부담 없이 공통 상태를 가진 객체로 묶으면 인자 전달이 가벼워지고 역할도 선명해져요. 차근차근 정해진 순서의 값은 unpacking으로 풀어 주면 한 번에 읽혀요! 🍀
"[함수 docstring, 함수명 의미 일치] : 77.8 점,
[유사한 변수명 통일] : 33.4 점 🚨,
[클래스 내부에서만 쓰이는 속성, 메서드 (접두사 있음) 호출 비 권장] : 96.2 점 👍,
[assertion을 제어 메커니즘으로 사용하면 안됨] : 94.9 점 👍,
[제너레이터 표현식 사용이 가능한 경우 사용] : 40.1 점 🚨",서로 닮았지만 제각각인 변수 이름 관련 보완을 정리하면 좋은 이유가 분명해요. 🚀 기록을 남기듯 같은 개념에는 같은 이름 규칙을 쓰면 읽는 속도가 훨씬 빨라져요.
"[조건문 중첩 대신 any, all 사용] : 42.5 점 🚨,
[key=itemgetter(""key"") 사용 권장] : 38.4 점 🚨,
[파일 단순 읽기/쓰기는 Path 사용] : 45.6 점 🚨,
[매우 간결한 변환은 map 사용] : 90.8 점 👍,
[언패킹 시 숫자 인덱스 사용하지 말 것 (변수에 바로 할당)] : 84.9 점","지금 코드에서 살짝 아쉬운 곳은 정렬 키를 길게 꺼내 쓰는 lambda 관련 리팩터링입니다. 여유가 될 때 딕셔너리 키로 정렬할 때는 itemgetter(""key"")가 더 간결하게 뜻을 전해요! 📌"
"[str 단순 += 대신 join 사용] : 98.6 점 👍,
[함수의 인수를 변경 가능한 default value로 하지 않아야 함] : 94.5 점 👍,
[함수의 인자가 하나로 묶을 수 있는 경우 처리 권장] : 20.0 점 🚨,
[f = lambda x: ... 보다는 def f(x): return ... 를 사용] : 98.1 점 👍,
[파일 단순 읽기/쓰기는 Path 사용] : 94.9 점 👍",읽는 사람을 배려하는 선택은 서로 늘 함께 다니는 여러 인수 관련 확인에 대한 정리예요! 🔍 우선은 관련 값을 객체나 dataclass로 묶으면 호출부가 훨씬 덜 복잡해져요.
"[f = lambda x: ... 보다는 def f(x): return ... 를 사용] : 97.7 점 👍,
[클래스 내부에서만 쓰이는 속성, 메서드 (접두사 있음) 호출 비 권장] : 99.6 점 👍,
[고정값 상수화 필요] : 90.0 점 👍,
[import 순서 준수] : 62.9 점,
[인덱스 반환에 index 함수 사용] : 65.9 점",섞여 있는 import 배치 관련 검토를 살피는 김에 위치를 찾기 위해 손수 추적하는 반복 관련 정리도 챙겨 주세요! 🔍 테스트를 떠올리며 표준 라이브러리와 외부 패키지와 내부 모듈을 차례로 정리하면 시작 화면이 말끔해져요. 여유가 될 때 첫 위치가 필요할 때는 index를 쓰면 목적이 바로 보입니다.
"[f = lambda x: ... 보다는 def f(x): return ... 를 사용] : 59.0 점 🚨,
[언패킹 시 숫자 인덱스 사용하지 말 것 (변수에 바로 할당)] : 86.5 점,
[유사한 이름의 함수끼리 가까이 위치하도록 수정 권장] : 61.3 점,
[의미 있는 함수명, 변수명 사용] : 78.5 점,
[README.md, pyproject.toml 필요] : 99.0 점 👍",관련 함수가 파일 여기저기에 흩어진 배치 관련 개선 그리고 이름 붙은 동작을 lambda에 숨긴 코드 관련 정리가 지금의 주인공이에요! 🌿 가능하면 비슷한 역할의 함수를 가까이 두면 탐색 시간이 줄고 파일 구조가 자연스러워져요. 기록을 남기듯 재사용하거나 설명이 필요한 로직은 def로 꺼내면 디버깅과 테스트가 편해져요!
"[동일한 인수 집합을 갖는 함수가 많은 경우 클래스화 고려] : 4.4 점 🚨,
[함수의 인수를 변경 가능한 default value로 하지 않아야 함] : 94.2 점 👍,
[함수명, 반환값 간 일치] : 81.4 점,
[if a.get(""b"") ... 형태로 수정 필요] : 64.4 점,
[a = my_list[0], b = my_list[1] ... 대신 unpacking 사용 필요] : 55.8 점 🚨",같은 설정을 반복해서 받는 함수들 관련 손질에 손을 보태면 흐름이 훨씬 편안해져요! 😉 과감하게 공통 상태를 가진 객체로 묶으면 인자 전달이 가벼워지고 역할도 선명해져요. 🚀
"[enumerate 사용 가능한 경우 사용] : 19.1 점 🚨,
[유사한 이름의 함수끼리 가까이 위치하도록 수정 권장] : 43.0 점 🚨,
[README.md, pyproject.toml 필요] : 98.5 점 👍,
[한 줄의 길이는 일정 글자 이내로] : 71.2 점,
[경로를 path/to/file 이 아닌, pathlib 또는 os.path.join 사용] : 98.9 점 👍",오늘의 코드에 남은 숙제는 반복문에서 직접 올리는 번호 관련 정리예요! 천천히 순서와 값을 함께 쓸 때는 enumerate가 더 자연스럽고 안전해요!
"[한 줄의 길이는 일정 글자 이내로] : 18.4 점 🚨,
[고정값 상수화 필요] : 45.3 점 🚨,
[key=itemgetter(""key"") 사용 권장] : 96.8 점 👍,
[enumerate 사용 가능한 경우 사용] : 68.7 점,
[README.md, pyproject.toml 필요] : 23.2 점 🚨",옆으로 너무 길게 뻗은 코드 줄 관련 정돈부터 다듬어 주세요! 💡 호기심을 갖고 줄을 적당히 나누면 작은 화면에서도 흐름을 놓치지 않아요. 🧠
"[함수 인수 type hint 필요] : 76.3 점,
[유사한 변수명 통일] : 93.1 점 👍,
[경로를 path/to/file 이 아닌, pathlib 또는 os.path.join 사용] : 44.6 점 🚨,
[itertools.product 사용 가능한 경우 사용] : 78.9 점,
[유사한 이름의 함수끼리 가까이 위치하도록 수정 권장] : 25.1 점 🚨",작지만 효과가 큰 다듬기는 관련 함수가 파일 여기저기에 흩어진 배치 관련 다듬기입니다. 손이 닿는 자리부터 비슷한 역할의 함수를 가까이 두면 탐색 시간이 줄고 파일 구조가 자연스러워져요!
"[불필요한 print, logging 제거] : 56.5 점 🚨,
[import 순서 준수] : 79.1 점,
[enumerate 사용 가능한 경우 사용] : 84.7 점,
[f = lambda x: ... 보다는 def f(x): return ... 를 사용] : 93.4 점 👍,
[prefix, suffix 검사 시 startswith(), endswith() 사용] : 29.3 점 🚨",문자열 앞뒤를 잘라 비교하는 검사 관련 리팩터링 쪽에서 잠깐 발이 걸릴 수 있어요! 🚀 마음 편히 접두사와 접미사는 startswith()와 endswith()로 확인하면 실수가 줄어요! 🐣
"[정규 표현식 문자열은 r""..."" 권장] : 92.4 점 👍,
[미 사용 변수/함수 제거] : 96.8 점 👍,
[불필요한 print, logging 제거] : 87.2 점,
[동일 인자 type 통일] : 93.7 점 👍,
[언패킹 시 숫자 인덱스 사용하지 말 것 (변수에 바로 할당)] : 92.8 점 👍",이번에는 실행 경로에 남은 print와 logging 관련 개편을 먼저 다듬어 보면 어떨까요? 기분 좋게 불필요한 print나 logging을 지우면 출력이 깔끔해지고 디버깅 신호도 선명해져요. 💡
"[str 단순 += 대신 join 사용] : 94.1 점 👍,
[import 순서 준수] : 55.3 점 🚨,
[지나치게 많은 들여쓰기 수정] : 91.4 점 👍,
[itertools.product 사용 가능한 경우 사용] : 93.0 점 👍,
[숫자 값은 위쪽에 상수로] : 94.1 점 👍",정리 마법을 한 번 쓸 곳은 바로 섞여 있는 import 배치 관련 정돈이에요. 🧼 호기심을 갖고 표준 라이브러리와 외부 패키지와 내부 모듈을 차례로 정리하면 시작 화면이 말끔해져요. 😺
"[100 line 이상 함수 분리, docstring 필요] : 65.8 점,
[고정값 상수화 필요] : 34.0 점 🚨,
[import 순서 준수] : 90.8 점 👍,
[중복되는 사항 common 으로 빼기] : 98.8 점 👍,
[enumerate 사용 가능한 경우 사용] : 40.4 점 🚨",여러 군데 박혀 있는 고정값 관련 손질 쪽은 조금 더 선명해질 수 있어요! 🧼 한 발 먼저 의미 있는 상수 이름으로 꺼내 두면 정책을 바꿀 때 한 번에 손볼 수 있어요. 반복문에서 직접 올리는 번호 관련 정리도 이왕이면 순서와 값을 함께 쓸 때는 enumerate가 더 자연스럽고 안전해요. 🧼
"[주석 처리된 코드 제거] : 97.3 점 👍,
[함수의 인자가 하나로 묶을 수 있는 경우 처리 권장] : 89.2 점,
[한 줄의 길이는 일정 글자 이내로] : 38.6 점 🚨,
[불필요한 변수 생성 대신 defaultdict 권장] : 67.0 점,
[예외의 종류 (OOOError 등) 구체적 명시 권장] : 62.7 점",리팩터링 퍼즐에서 남은 조각은 옆으로 너무 길게 뻗은 코드 줄 관련 손질을 정돈하는 일이에요. 😺 혼자만의 비밀로 두지 말고 줄을 적당히 나누면 작은 화면에서도 흐름을 놓치지 않아요. 🌿
"[if-elif-elif-else 구문은 되도록 dict로 수정] : 1.0 점 🚨,
[개수 세기에 count 함수 사용] : 82.0 점,
[유사한 변수명 통일] : 2.9 점 🚨,
[함수의 인자가 유동적인 경우 처리 권장] : 95.5 점 👍,
[기존 배열의 원소 추가 대신 extend 함수 사용] : 11.7 점 🚨",갈래가 길게 이어진 조건 분기 관련 정돈 때문에 의도가 흐려질 여지가 있어요. 📌 팀과 맞춰 보며 값에 따른 선택이라면 dict 매핑으로 바꾸어 분기표를 단순하게 만들어 보세요. 🪄
"[import 순서 준수] : 86.5 점,
[숫자 값은 위쪽에 상수로] : 23.7 점 🚨,
[prefix, suffix 검사 시 startswith(), endswith() 사용] : 69.3 점,
[str 단순 += 대신 join 사용] : 58.2 점 🚨,
[동일한 인수 집합을 갖는 함수가 많은 경우 클래스화 고려] : 60.2 점",한 가지 제안은 로직 사이에 숨어 있는 숫자 관련 리팩터링을 챙기는 일이에요! 🐣 지금 바로 매직 넘버를 파일 위쪽의 상수로 올리면 숫자가 왜 필요한지 바로 보여요.
"[import 순서 준수] : 81.4 점,
[예외의 종류 (OOOError 등) 구체적 명시 권장] : 92.2 점 👍,
[개수 세기에 count 함수 사용] : 61.1 점,
[비어 있는 문자열 여부 판단 간소화] : 90.7 점 👍,
[if-elif-elif-else 구문은 되도록 dict로 수정] : 96.9 점 👍",같은 값을 세려고 직접 도는 반복 관련 정돈을 고치면 코드의 인상이 달라져요! 📌 과감하게 단순한 횟수 확인은 count에 맡기면 코드가 짧고 분명해져요.
"[불필요한 print, logging 제거] : 20.6 점 🚨,
[비어 있는 문자열 여부 판단 간소화] : 67.7 점,
[의미 있는 함수명, 변수명 사용] : 72.4 점,
[예외를 삼키는 경우가 없어야 함] : 95.4 점 👍,
[파일 열기, 닫기 시 with open(...) 사용] : 79.3 점",리팩터링 퍼즐에서 남은 조각은 빈 문자열을 빙 돌아 확인하는 조건 관련 정돈이에요! 🧠 명확하게 파이썬다운 truthy 검사로 바꾸면 조건식이 가볍게 읽혀요. 그다음에는 실행 경로에 남은 print와 logging 관련 검토도 미래의 나를 위해 불필요한 print나 logging을 지우면 출력이 깔끔해지고 디버깅 신호도 선명해져요. 🧼
"[100 line 이상 함수 분리, docstring 필요] : 90.6 점 👍,
[if a.get(""b"") ... 형태로 수정 필요] : 31.9 점 🚨,
[prefix, suffix 검사 시 startswith(), endswith() 사용] : 78.8 점,
[itertools.product 사용 가능한 경우 사용] : 94.3 점 👍,
[유사한 이름의 함수끼리 가까이 위치하도록 수정 권장] : 66.3 점","딕셔너리 값을 여러 단계로 꺼내는 검사 관련 정리는 지금 정리해 두면 이득이 큰 부분이에요. 📌 가능한 범위에서 a.get(""b"")처럼 안전하게 꺼내면 누락된 키에서도 흐름이 부드러워요. 🧼"
"[중복되는 사항 common 으로 빼기] : 60.9 점,
[제너레이터 표현식 사용이 가능한 경우 사용] : 11.0 점 🚨,
[기존 배열의 원소 추가 대신 extend 함수 사용] : 91.2 점 👍,
[비어 있는 문자열 여부 판단 간소화] : 96.7 점 👍,
[함수의 인자가 유동적인 경우 처리 권장] : 94.5 점 👍",코드에 남은 작은 메시지는 모두 만들어 놓고 쓰는 중간 목록 관련 개선이에요! 🌿 미래의 나를 위해 한 번만 순회한다면 제너레이터 표현식으로 메모리를 아껴 볼 만해요! 😉
"[예외를 삼키는 경우가 없어야 함] : 13.4 점 🚨,
[파일 단순 읽기/쓰기는 Path 사용] : 93.1 점 👍,
[Python 예약어를 변수명으로 사용하지 않아야 함] : 51.4 점 🚨,
[itertools.product 사용 가능한 경우 사용] : 89.1 점,
[숫자 값은 위쪽에 상수로] : 21.8 점 🚨",오류를 조용히 지나치는 예외 처리 관련 점검을 정리하면 좋은 이유가 분명해요. 📌 테스트를 떠올리며 예외를 기록하거나 다시 올려 보내야 장애 원인을 놓치지 않아요! ✨
"[불필요한 print, logging 제거] : 96.4 점 👍,
[기존 배열의 원소 추가 대신 extend 함수 사용] : 28.5 점 🚨,
[if a.get(""b"") ... 형태로 수정 필요] : 10.3 점 🚨,
[정규 표현식 문자열은 r""..."" 권장] : 97.3 점 👍,
[동일한 인수 집합을 갖는 함수가 많은 경우 클래스화 고려] : 90.0 점 👍","지금 코드에서 살짝 아쉬운 곳은 딕셔너리 값을 여러 단계로 꺼내는 검사 관련 관리입니다. 🔍 천천히 a.get(""b"")처럼 안전하게 꺼내면 누락된 키에서도 흐름이 부드러워요."
"[enumerate 사용 가능한 경우 사용] : 93.6 점 👍,
[불필요한 변수 생성 대신 defaultdict 권장] : 84.4 점,
[빈 파일 *TODO 표시 필요*] : 45.8 점 🚨,
[함수의 인자가 유동적인 경우 처리 권장] : 68.7 점,
[유사한 이름의 함수끼리 가까이 위치하도록 수정 권장] : 29.2 점 🚨",변경에 강해질 실마리는 관련 함수가 파일 여기저기에 흩어진 배치 관련 다듬기에 대한 정리예요! 🐣 흐름을 따라 비슷한 역할의 함수를 가까이 두면 탐색 시간이 줄고 파일 구조가 자연스러워져요. 🛠️
"[고정값 상수화 필요] : 95.9 점 👍,
[빈도수, 반복문, 경로명 리스트 추출 시 collections, itertools, glob 사용] : 72.5 점,
[Python 예약어를 변수명으로 사용하지 않아야 함] : 99.0 점 👍,
[함수의 인수를 변경 가능한 default value로 하지 않아야 함] : 82.0 점,
[함수 docstring, 함수명 의미 일치] : 24.9 점 🚨",설명과 행동이 서로 다른 함수 관련 정리를 살피는 김에 자주 쓰는 패턴을 직접 구현한 반복 관련 확인도 챙겨 주세요! 🚀 혼자만의 비밀로 두지 말고 docstring과 함수가 약속한 역할을 맞추면 다음 사람이 안심하고 호출할 수 있어요. 보너스처럼 빈도에는 collections를 반복 조합에는 itertools를 경로 모으기에는 glob을 쓰면 표준 도구의 힘을 빌릴 수 있어요. 🐣
"[a = my_list[0], b = my_list[1] ... 대신 unpacking 사용 필요] : 94.6 점 👍,
[불필요한 변수 생성 대신 defaultdict 권장] : 98.4 점 👍,
[기존 배열의 원소 추가 대신 extend 함수 사용] : 62.6 점,
[예외의 종류 (OOOError 등) 구체적 명시 권장] : 94.8 점 👍,
[의미 있는 함수명, 변수명 사용] : 95.9 점 👍",목록의 칸을 하나씩 꺼내는 대입 관련 개편 그리고 목록 원소를 하나씩 붙이는 처리 관련 개편이 지금의 주인공이에요! 이왕이면 정해진 순서의 값은 unpacking으로 풀어 주면 한 번에 읽혀요. 가능한 범위에서 여러 값을 더할 때는 extend를 쓰면 의도가 정확히 전달돼요.
"[100 line 이상 함수 분리, docstring 필요] : 100.0 점 👍,
[문자열 단순 연결보다는 f-string 사용] : 93.0 점 👍,
[유사한 이름의 함수끼리 가까이 위치하도록 수정 권장] : 23.3 점 🚨,
[함수 docstring, 함수명 의미 일치] : 4.8 점 🚨,
[빈 파일 *TODO 표시 필요*] : 84.5 점",설명과 행동이 서로 다른 함수 관련 관리에 손을 보태면 흐름이 훨씬 편안해져요! 💫 이번 수정에서는 docstring과 함수가 약속한 역할을 맞추면 다음 사람이 안심하고 호출할 수 있어요. 🛠️
"[문자열 단순 연결보다는 f-string 사용] : 100.0 점 👍,
[상태 값 조건이 있는 if-elif-elif-else 있는 경우 클래스화 고려] : 19.5 점 🚨,
[key=itemgetter(""key"") 사용 권장] : 26.0 점 🚨,
[a = my_list[0], b = my_list[1] ... 대신 unpacking 사용 필요] : 87.7 점,
[예외를 삼키는 경우가 없어야 함] : 65.6 점",정리 마법을 한 번 쓸 곳은 상태에 따라 길게 갈라지는 분기 관련 확인이에요! 🧩 문맥을 확인하며 상태별 동작을 클래스로 나누면 새 상태를 더할 때 기존 조건문을 덜 건드려도 돼요! 🙌
"[고정값 상수화 필요] : 48.3 점 🚨,
[불필요한 print, logging 제거] : 46.2 점 🚨,
[지나치게 많은 들여쓰기 수정] : 76.2 점,
[제너레이터 표현식 사용이 가능한 경우 사용] : 90.7 점 👍,
[enumerate 사용 가능한 경우 사용] : 90.1 점 👍",실행 경로에 남은 print와 logging 관련 검토부터 다듬어 주세요! 🧩 가능하면 불필요한 print나 logging을 지우면 출력이 깔끔해지고 디버깅 신호도 선명해져요! ✨
"[매우 간결한 변환은 map 사용] : 93.5 점 👍,
[유사한 변수명 통일] : 64.1 점,
[예외를 삼키는 경우가 없어야 함] : 98.2 점 👍,
[클래스 내부에서만 쓰이는 속성, 메서드 (접두사 있음) 호출 비 권장] : 39.3 점 🚨,
[enumerate 사용 가능한 경우 사용] : 94.5 점 👍",다음 리팩터링에서 짚을 대목은 외부에서 건드리는 내부 전용 속성과 메서드 관련 보완입니다. 기록을 남기듯 밑줄로 표시된 내부 구현은 클래스 밖에서 의존하지 않으면 변경에도 견고해져요! 🧩
"[주석 처리된 코드 제거] : 99.0 점 👍,
[조건문 중첩 대신 any, all 사용] : 60.1 점,
[함수의 인자가 하나로 묶을 수 있는 경우 처리 권장] : 96.4 점 👍,
[언패킹 시 숫자 인덱스 사용하지 말 것 (변수에 바로 할당)] : 93.4 점 👍,
[한 줄의 길이는 일정 글자 이내로] : 66.0 점",참과 거짓을 여러 번 감싸는 조건문 관련 관리 쪽에서 잠깐 발이 걸릴 수 있어요! 💫 이왕이면 여러 조건의 존재 여부는 any나 all에 맡기면 뜻이 훨씬 또렷해져요. 🚀
"[기존 배열의 원소 추가 대신 extend 함수 사용] : 96.6 점 👍,
[정규 표현식 문자열은 r""..."" 권장] : 3.2 점 🚨,
[한 줄의 길이는 일정 글자 이내로] : 97.7 점 👍,
[예외의 종류 (OOOError 등) 구체적 명시 권장] : 90.2 점 👍,
[itertools.product 사용 가능한 경우 사용] : 19.4 점 🚨","백슬래시가 많은 정규식 문자열 관련 확인을 먼저 정돈해 보면 어떨까요? 기분 좋게 정규식은 r""..."" 형태로 적으면 이스케이프를 덜 신경 써도 돼요. 여러 조합을 손으로 겹쳐 도는 반복 관련 확인에는 이번 수정에서는 모든 조합이 필요할 때는 itertools.product로 의도를 또렷하게 드러내요! 🐣"
"[함수 인수 type hint 필요] : 28.6 점 🚨,
[유사한 이름의 함수끼리 가까이 위치하도록 수정 권장] : 13.0 점 🚨,
[미 사용 변수/함수 제거] : 26.0 점 🚨,
[숫자 값은 위쪽에 상수로] : 95.6 점 👍,
[유사한 변수명 통일] : 2.8 점 🚨",읽는 흐름을 매끈하게 할 선택은 바로 서로 닮았지만 제각각인 변수 이름 관련 개편이에요. ✨ 꼼꼼하게 같은 개념에는 같은 이름 규칙을 쓰면 읽는 속도가 훨씬 빨라져요!
"[리스트 컴프리헨션 사용이 가능한 경우 사용] : 69.6 점,
[str 단순 += 대신 join 사용] : 77.0 점,
[상태 값 조건이 있는 if-elif-elif-else 있는 경우 클래스화 고려] : 99.6 점 👍,
[key=itemgetter(""key"") 사용 권장] : 5.4 점 🚨,
[지나치게 많은 들여쓰기 수정] : 94.8 점 👍","조용히 품질을 올릴 기회는 정렬 키를 길게 꺼내 쓰는 lambda 관련 정돈을 정돈하는 일이에요. ✨ 보너스처럼 딕셔너리 키로 정렬할 때는 itemgetter(""key"")가 더 간결하게 뜻을 전해요. 🐣"
"[zip 사용 가능한 경우 사용] : 44.6 점 🚨,
[Python 예약어를 변수명으로 사용하지 않아야 함] : 75.3 점,
[미 사용 변수/함수 제거] : 90.5 점 👍,
[빈도수, 반복문, 경로명 리스트 추출 시 collections, itertools, glob 사용] : 95.4 점 👍,
[유사한 이름의 함수끼리 가까이 위치하도록 수정 권장] : 34.6 점 🚨",프로젝트 체력을 키울 제안은 관련 함수가 파일 여기저기에 흩어진 배치 관련 리팩터링을 정돈하는 일이에요. 🙌 이 기회에 비슷한 역할의 함수를 가까이 두면 탐색 시간이 줄고 파일 구조가 자연스러워져요. 🚀
"[README.md, pyproject.toml 필요] : 63.3 점,
[100 line 이상 함수 분리, docstring 필요] : 73.8 점,
[지나치게 많은 들여쓰기 수정] : 44.2 점 🚨,
[if a.get(""b"") ... 형태로 수정 필요] : 98.4 점 👍,
[prefix, suffix 검사 시 startswith(), endswith() 사용] : 0.0 점 🚨",문자열 앞뒤를 잘라 비교하는 검사 관련 검토 때문에 의도가 흐려질 여지가 있어요. 기록을 남기듯 접두사와 접미사는 startswith()와 endswith()로 확인하면 실수가 줄어요! 😉
"[itertools.product 사용 가능한 경우 사용] : 93.1 점 👍,
[조건문 중첩 대신 any, all 사용] : 45.6 점 🚨,
[리스트 컴프리헨션 사용이 가능한 경우 사용] : 97.5 점 👍,
[f = lambda x: ... 보다는 def f(x): return ... 를 사용] : 12.1 점 🚨,
[빈도수, 반복문, 경로명 리스트 추출 시 collections, itertools, glob 사용] : 68.4 점",한 가지 제안은 이름 붙은 동작을 lambda에 숨긴 코드 관련 정돈을 챙기는 일이에요! 🧠 읽는 사람을 위해 재사용하거나 설명이 필요한 로직은 def로 꺼내면 디버깅과 테스트가 편해져요! 💫
"[기존 배열의 원소 추가 대신 extend 함수 사용] : 63.4 점,
[고정값 상수화 필요] : 82.2 점,
[숫자 값은 위쪽에 상수로] : 98.5 점 👍,
[예외의 종류 (OOOError 등) 구체적 명시 권장] : 68.6 점,
[100 line 이상 함수 분리, docstring 필요] : 12.6 점 🚨",한 번에 너무 많은 일을 하는 긴 함수 관련 확인과 목록 원소를 하나씩 붙이는 처리 관련 정돈만 보완해도 확 달라져요! ✨ 기록을 남기듯 책임별로 나누고 docstring을 붙이면 테스트와 수정이 한결 수월해져요. 팀과 맞춰 보며 여러 값을 더할 때는 extend를 쓰면 의도가 정확히 전달돼요. 🌿
"[assertion을 제어 메커니즘으로 사용하면 안됨] : 28.2 점 🚨,
[비어 있는 문자열 여부 판단 간소화] : 91.1 점 👍,
[prefix, suffix 검사 시 startswith(), endswith() 사용] : 74.5 점,
[유사한 변수명 통일] : 79.7 점,
[조건문 중첩 대신 any, all 사용] : 95.4 점 👍",한 단계 더 단정해질 포인트는 실행 흐름을 맡은 assert 관련 정돈입니다! 필요한 곳부터 검증이 필요한 분기는 명시적인 예외 처리로 바꾸어야 배포 환경에서도 안전해요. 📌
"[동일한 인수 집합을 갖는 함수가 많은 경우 클래스화 고려] : 79.6 점,
[assertion을 제어 메커니즘으로 사용하면 안됨] : 92.8 점 👍,
[파일 단순 읽기/쓰기는 Path 사용] : 4.2 점 🚨,
[클래스 내부에서만 쓰이는 속성, 메서드 (접두사 있음) 호출 비 권장] : 72.9 점,
[함수 docstring, 함수명 의미 일치] : 77.1 점",간단한 파일 작업에 장황한 경로 처리 관련 검토는 지금 정리해 두면 이득이 큰 부분이에요. 🪄 한 발 먼저 Path의 읽기와 쓰기 메서드를 쓰면 파일 작업이 짧고 단단해져요! 🙌
"[의미 있는 함수명, 변수명 사용] : 64.7 점,
[f = lambda x: ... 보다는 def f(x): return ... 를 사용] : 81.1 점,
[한 줄의 길이는 일정 글자 이내로] : 44.4 점 🚨,
[동일 인자 type 통일] : 87.6 점,
[함수 인수 type hint 필요] : 97.5 점 👍",옆으로 너무 길게 뻗은 코드 줄 관련 점검을 정리하면 좋은 이유가 분명해요. 기분 좋게 줄을 적당히 나누면 작은 화면에서도 흐름을 놓치지 않아요! 🍀
"[if-elif-elif-else 구문은 되도록 dict로 수정] : 72.0 점,
[숫자 값은 위쪽에 상수로] : 94.6 점 👍,
[상태 값 조건이 있는 if-elif-elif-else 있는 경우 클래스화 고려] : 97.6 점 👍,
[함수 docstring, 함수명 의미 일치] : 36.1 점 🚨,
[정규 표현식 문자열은 r""..."" 권장] : 96.4 점 👍",한 번에 두 군데만 챙기면 되는 설명과 행동이 서로 다른 함수 관련 개선과 갈래가 길게 이어진 조건 분기 관련 확인입니다! 살짝 docstring과 함수가 약속한 역할을 맞추면 다음 사람이 안심하고 호출할 수 있어요. 살짝 값에 따른 선택이라면 dict 매핑으로 바꾸어 분기표를 단순하게 만들어 보세요.
"[함수의 인자가 하나로 묶을 수 있는 경우 처리 권장] : 91.6 점 👍,
[언패킹 시 숫자 인덱스 사용하지 말 것 (변수에 바로 할당)] : 52.3 점 🚨,
[import 순서 준수] : 47.4 점 🚨,
[README.md, pyproject.toml 필요] : 74.6 점,
[예외를 삼키는 경우가 없어야 함] : 67.1 점",지금 코드에서 살짝 아쉬운 곳은 섞여 있는 import 배치 관련 정돈입니다. 읽는 사람을 위해 표준 라이브러리와 외부 패키지와 내부 모듈을 차례로 정리하면 시작 화면이 말끔해져요. 🌿
"[if a.get(""b"") ... 형태로 수정 필요] : 7.9 점 🚨,
[비어 있는 문자열 여부 판단 간소화] : 91.5 점 👍,
[리스트 컴프리헨션 사용이 가능한 경우 사용] : 43.2 점 🚨,
[함수 인수 type hint 필요] : 91.6 점 👍,
[숫자 값은 위쪽에 상수로] : 25.9 점 🚨","코드 지도에 표시할 장소는 딕셔너리 값을 여러 단계로 꺼내는 검사 관련 보완에 대한 정리예요! 이번 수정에서는 a.get(""b"")처럼 안전하게 꺼내면 누락된 키에서도 흐름이 부드러워요. 😉"
"[if a.get(""b"") ... 형태로 수정 필요] : 95.4 점 👍,
[함수 인수 type hint 필요] : 35.3 점 🚨,
[숫자 값은 위쪽에 상수로] : 60.5 점,
[a = my_list[0], b = my_list[1] ... 대신 unpacking 사용 필요] : 62.7 점,
[예외의 종류 (OOOError 등) 구체적 명시 권장] : 22.6 점 🚨",너무 넓게 잡은 예외 관련 정리를 놓치지 않으면 한결 편해져요! 😺 천천히 예상한 OOOError처럼 구체적인 예외만 잡으면 버그가 숨어버리지 않아요!
"[언패킹 시 숫자 인덱스 사용하지 말 것 (변수에 바로 할당)] : 95.5 점 👍,
[상태 값 조건이 있는 if-elif-elif-else 있는 경우 클래스화 고려] : 68.8 점,
[함수 docstring, 함수명 의미 일치] : 22.8 점 🚨,
[유사한 변수명 통일] : 96.2 점 👍,
[if a.get(""b"") ... 형태로 수정 필요] : 98.2 점 👍",조금 더 사랑받는 코드로 가는 길은 설명과 행동이 서로 다른 함수 관련 정리에서 열려요! 💡 오늘의 마무리로 docstring과 함수가 약속한 역할을 맞추면 다음 사람이 안심하고 호출할 수 있어요!
"[if-elif-elif-else 구문은 되도록 dict로 수정] : 90.7 점 👍,
[빈도수, 반복문, 경로명 리스트 추출 시 collections, itertools, glob 사용] : 65.5 점,
[한 줄의 길이는 일정 글자 이내로] : 99.7 점 👍,
[함수명, 반환값 간 일치] : 63.3 점,
[str 단순 += 대신 join 사용] : 75.7 점",이름과 실제 결과가 어긋나는 함수 관련 손질에 손을 보태면 흐름이 훨씬 편안해져요! 리뷰 메모를 따라 반환하는 값을 이름에 맞추면 호출부에서 예상이 빗나가지 않아요! 🔍
"[상태 값 조건이 있는 if-elif-elif-else 있는 경우 클래스화 고려] : 86.2 점,
[README.md, pyproject.toml 필요] : 94.8 점 👍,
[지나치게 많은 들여쓰기 수정] : 91.1 점 👍,
[itertools.product 사용 가능한 경우 사용] : 4.5 점 🚨,
[숫자 값은 위쪽에 상수로] : 91.3 점 👍",코드의 숨통을 틔울 힌트는 여러 조합을 손으로 겹쳐 도는 반복 관련 리팩터링이에요! 손이 닿는 자리부터 모든 조합이 필요할 때는 itertools.product로 의도를 또렷하게 드러내요. 🛠️
"[prefix, suffix 검사 시 startswith(), endswith() 사용] : 40.5 점 🚨,
[의미 있는 함수명, 변수명 사용] : 54.4 점 🚨,
[조건문 중첩 대신 any, all 사용] : 75.6 점,
[빈 파일 *TODO 표시 필요*] : 95.3 점 👍,
[한 줄의 길이는 일정 글자 이내로] : 91.5 점 👍",문자열 앞뒤를 잘라 비교하는 검사 관련 손질부터 다듬어 주세요! 😉 다음 변경 전에 접두사와 접미사는 startswith()와 endswith()로 확인하면 실수가 줄어요! ✨
"[README.md, pyproject.toml 필요] : 76.8 점,
[유사한 변수명 통일] : 55.3 점 🚨,
[한 줄의 길이는 일정 글자 이내로] : 91.5 점 👍,
[파일 열기, 닫기 시 with open(...) 사용] : 64.8 점,
[불필요한 변수 생성 대신 defaultdict 권장] : 73.1 점",다음 커밋에 담아 볼 변화는 서로 닮았지만 제각각인 변수 이름 관련 개선입니다. ✨ 한 호흡 쉬고 같은 개념에는 같은 이름 규칙을 쓰면 읽는 속도가 훨씬 빨라져요!
"[인덱스 반환에 index 함수 사용] : 91.5 점 👍,
[README.md, pyproject.toml 필요] : 90.0 점 👍,
[prefix, suffix 검사 시 startswith(), endswith() 사용] : 91.2 점 👍,
[유사한 변수명 통일] : 80.0 점,
[매우 간결한 변환은 map 사용] : 41.5 점 🚨",한 가지 변환만 길게 적은 반복 관련 관리 쪽에서 잠깐 발이 걸릴 수 있어요! 의도를 적어 두듯 변환 규칙이 단순하면 map으로 핵심 연산을 또렷하게 표현할 수 있어요. 💫
"[if-elif-elif-else 구문은 되도록 dict로 수정] : 93.0 점 👍,
[숫자 값은 위쪽에 상수로] : 97.0 점 👍,
[빈도수, 반복문, 경로명 리스트 추출 시 collections, itertools, glob 사용] : 6.0 점 🚨,
[문자열 단순 연결보다는 f-string 사용] : 32.0 점 🚨,
[고정값 상수화 필요] : 74.9 점",리팩터링 퍼즐에서 남은 조각은 바로 자주 쓰는 패턴을 직접 구현한 반복 관련 개편이에요. 이왕이면 빈도에는 collections를 반복 조합에는 itertools를 경로 모으기에는 glob을 쓰면 표준 도구의 힘을 빌릴 수 있어요! 🧩
"[str 단순 += 대신 join 사용] : 0.6 점 🚨,
[zip 사용 가능한 경우 사용] : 47.4 점 🚨,
[a = my_list[0], b = my_list[1] ... 대신 unpacking 사용 필요] : 91.8 점 👍,
[중복되는 사항 common 으로 빼기] : 14.9 점 🚨,
[함수 docstring, 함수명 의미 일치] : 81.1 점",코드 결을 고르게 할 손질은 바로 문자열을 반복해서 더하는 연결 관련 보완이에요. 🧼 흐름을 따라 조각을 많이 합칠 때는 join으로 모으면 성능과 의도가 함께 좋아져요! 😺
"[import 순서 준수] : 9.1 점 🚨,
[조건문 중첩 대신 any, all 사용] : 87.5 점,
[문자열 단순 연결보다는 f-string 사용] : 90.6 점 👍,
[기존 배열의 원소 추가 대신 extend 함수 사용] : 8.0 점 🚨,
[README.md, pyproject.toml 필요] : 94.7 점 👍",목록 원소를 하나씩 붙이는 처리 관련 검토는 작은 손질로 분위기가 크게 바뀌는 곳이에요! 우선은 여러 값을 더할 때는 extend를 쓰면 의도가 정확히 전달돼요! 🙌
"[제너레이터 표현식 사용이 가능한 경우 사용] : 28.6 점 🚨,
[문자열 단순 연결보다는 f-string 사용] : 97.3 점 👍,
[빈도수, 반복문, 경로명 리스트 추출 시 collections, itertools, glob 사용] : 17.2 점 🚨,
[함수의 인수를 변경 가능한 default value로 하지 않아야 함] : 61.7 점,
[str 단순 += 대신 join 사용] : 8.2 점 🚨",테스트하기 쉬운 구조로 가는 문은 문자열을 반복해서 더하는 연결 관련 정리를 정돈하는 일이에요. 🍀 다음 변경 전에 조각을 많이 합칠 때는 join으로 모으면 성능과 의도가 함께 좋아져요. ✨
"[예외를 삼키는 경우가 없어야 함] : 96.6 점 👍,
[Python 예약어를 변수명으로 사용하지 않아야 함] : 31.0 점 🚨,
[언패킹 시 숫자 인덱스 사용하지 말 것 (변수에 바로 할당)] : 60.9 점,
[zip 사용 가능한 경우 사용] : 91.0 점 👍,
[상태 값 조건이 있는 if-elif-elif-else 있는 경우 클래스화 고려] : 95.9 점 👍",파이썬 예약어와 겹치는 변수 이름 관련 정돈 때문에 의도가 흐려질 여지가 있어요. 작은 단계로 예약어 대신 역할을 담은 다른 이름을 쓰면 문법 오류를 피할 수 있어요! 📌
"[제너레이터 표현식 사용이 가능한 경우 사용] : 64.5 점,
[import 순서 준수] : 10.3 점 🚨,
[if a.get(""b"") ... 형태로 수정 필요] : 36.6 점 🚨,
[유사한 변수명 통일] : 76.5 점,
[a = my_list[0], b = my_list[1] ... 대신 unpacking 사용 필요] : 75.0 점",한 가지 제안은 섞여 있는 import 배치 관련 리팩터링을 챙기는 일이에요! 🧠 차분하게 표준 라이브러리와 외부 패키지와 내부 모듈을 차례로 정리하면 시작 화면이 말끔해져요!
"[prefix, suffix 검사 시 startswith(), endswith() 사용] : 91.6 점 👍,
[함수의 인자가 하나로 묶을 수 있는 경우 처리 권장] : 70.4 점,
[zip 사용 가능한 경우 사용] : 97.2 점 👍,
[개수 세기에 count 함수 사용] : 36.5 점 🚨,
[예외를 삼키는 경우가 없어야 함] : 43.0 점 🚨",조금만 손보면 반짝일 자리는 같은 값을 세려고 직접 도는 반복 관련 정돈입니다! 지금 바로 단순한 횟수 확인은 count에 맡기면 코드가 짧고 분명해져요. 📌
"[README.md, pyproject.toml 필요] : 31.6 점 🚨,
[유사한 변수명 통일] : 90.7 점 👍,
[매우 간결한 변환은 map 사용] : 34.8 점 🚨,
[파일 열기, 닫기 시 with open(...) 사용] : 92.7 점 👍,
[상태 값 조건이 있는 if-elif-elif-else 있는 경우 클래스화 고려] : 93.4 점 👍",읽는 사람을 배려하는 선택은 한 가지 변환만 길게 적은 반복 관련 손질이에요! 🪄 테스트를 떠올리며 변환 규칙이 단순하면 map으로 핵심 연산을 또렷하게 표현할 수 있어요. 그다음에는 프로젝트 사용법과 설정을 안내할 README.md와 pyproject.toml 관련 정리도 이번 수정에서는 설치 방법과 실행 환경을 적어 두면 처음 온 사람도 바로 출발할 수 있어요. 🚀
"[문자열 단순 연결보다는 f-string 사용] : 95.6 점 👍,
[enumerate 사용 가능한 경우 사용] : 98.9 점 👍,
[주석 처리된 코드 제거] : 63.9 점,
[함수의 인자가 유동적인 경우 처리 권장] : 99.6 점 👍,
[f = lambda x: ... 보다는 def f(x): return ... 를 사용] : 70.7 점",주석 속에 잠든 옛 코드 관련 보완은 지금 정리해 두면 이득이 큰 부분이에요. 차근차근 사용하지 않는 흔적은 지우고 필요한 배경만 남기면 파일이 훨씬 가벼워져요. 🛠️
"[함수명, 반환값 간 일치] : 82.5 점,
[매우 간결한 변환은 map 사용] : 7.7 점 🚨,
[문자열 단순 연결보다는 f-string 사용] : 95.1 점 👍,
[enumerate 사용 가능한 경우 사용] : 94.0 점 👍,
[README.md, pyproject.toml 필요] : 19.3 점 🚨",코드에 남은 작은 메시지는 한 가지 변환만 길게 적은 반복 관련 개편이에요! 🎈 다음 배포를 생각하며 변환 규칙이 단순하면 map으로 핵심 연산을 또렷하게 표현할 수 있어요! 🍀
"[함수의 인수를 변경 가능한 default value로 하지 않아야 함] : 58.0 점 🚨,
[유사한 이름의 함수끼리 가까이 위치하도록 수정 권장] : 1.0 점 🚨,
[기존 배열의 원소 추가 대신 extend 함수 사용] : 68.4 점,
[숫자 값은 위쪽에 상수로] : 51.4 점 🚨,
[key=itemgetter(""key"") 사용 권장] : 34.8 점 🚨",관련 함수가 파일 여기저기에 흩어진 배치 관련 확인을 정리하면 좋은 이유가 분명해요. 🛠️ 살짝 비슷한 역할의 함수를 가까이 두면 탐색 시간이 줄고 파일 구조가 자연스러워져요. 🙌
"[파일 열기, 닫기 시 with open(...) 사용] : 90.8 점 👍,
[if-elif-elif-else 구문은 되도록 dict로 수정] : 50.6 점 🚨,
[f = lambda x: ... 보다는 def f(x): return ... 를 사용] : 92.8 점 👍,
[조건문 중첩 대신 any, all 사용] : 99.0 점 👍,
[문자열 단순 연결보다는 f-string 사용] : 67.0 점",나중의 나를 웃게 할 수정은 갈래가 길게 이어진 조건 분기 관련 보완에 대한 정리예요! 🛠️ 다음 커밋에서 값에 따른 선택이라면 dict 매핑으로 바꾸어 분기표를 단순하게 만들어 보세요. 🚀
"[한 줄의 길이는 일정 글자 이내로] : 52.7 점 🚨,
[동일한 인수 집합을 갖는 함수가 많은 경우 클래스화 고려] : 73.2 점,
[assertion을 제어 메커니즘으로 사용하면 안됨] : 4.7 점 🚨,
[지나치게 많은 들여쓰기 수정] : 73.6 점,
[불필요한 print, logging 제거] : 91.6 점 👍",변경에 강해질 실마리는 실행 흐름을 맡은 assert 관련 리팩터링에 대한 정리예요! 마음 편히 검증이 필요한 분기는 명시적인 예외 처리로 바꾸어야 배포 환경에서도 안전해요! 🧩
"[key=itemgetter(""key"") 사용 권장] : 91.0 점 👍,
[동일 인자 type 통일] : 91.8 점 👍,
[f = lambda x: ... 보다는 def f(x): return ... 를 사용] : 61.8 점,
[불필요한 print, logging 제거] : 91.2 점 👍,
[prefix, suffix 검사 시 startswith(), endswith() 사용] : 94.4 점 👍",이름 붙은 동작을 lambda에 숨긴 코드 관련 점검을 놓치지 않으면 한결 편해져요! 꼼꼼하게 재사용하거나 설명이 필요한 로직은 def로 꺼내면 디버깅과 테스트가 편해져요!
"[함수의 인자가 하나로 묶을 수 있는 경우 처리 권장] : 96.8 점 👍,
[유사한 이름의 함수끼리 가까이 위치하도록 수정 권장] : 80.8 점,
[미 사용 변수/함수 제거] : 53.6 점 🚨,
[함수의 인자가 유동적인 경우 처리 권장] : 10.0 점 🚨,
[리스트 컴프리헨션 사용이 가능한 경우 사용] : 98.9 점 👍",조금 더 사랑받는 코드로 가는 길은 개수가 달라질 수 있는 인수를 고정해 둔 호출 관련 정돈에서 열려요! 가능한 범위에서 가변 인수는 *args나 **kwargs를 알맞게 쓰면 확장에 더 유연해져요. 🎈
"[빈도수, 반복문, 경로명 리스트 추출 시 collections, itertools, glob 사용] : 18.1 점 🚨,
[정규 표현식 문자열은 r""..."" 권장] : 71.6 점,
[개수 세기에 count 함수 사용] : 1.0 점 🚨,
[예외를 삼키는 경우가 없어야 함] : 28.8 점 🚨,
[예외의 종류 (OOOError 등) 구체적 명시 권장] : 64.9 점",같은 값을 세려고 직접 도는 반복 관련 보완에 손을 보태면 흐름이 훨씬 편안해져요! 여유가 될 때 단순한 횟수 확인은 count에 맡기면 코드가 짧고 분명해져요.
"[예외를 삼키는 경우가 없어야 함] : 54.7 점 🚨,
[불필요한 print, logging 제거] : 91.7 점 👍,
[itertools.product 사용 가능한 경우 사용] : 29.4 점 🚨,
[Python 예약어를 변수명으로 사용하지 않아야 함] : 21.5 점 🚨,
[문자열 단순 연결보다는 f-string 사용] : 92.7 점 👍",코드 지도에 표시할 장소는 파이썬 예약어와 겹치는 변수 이름 관련 점검이에요! 🪄 다음 변경 전에 예약어 대신 역할을 담은 다른 이름을 쓰면 문법 오류를 피할 수 있어요. 🐣
"[유사한 변수명 통일] : 75.5 점,
[함수의 인자가 하나로 묶을 수 있는 경우 처리 권장] : 74.7 점,
[str 단순 += 대신 join 사용] : 63.4 점,
[Python 예약어를 변수명으로 사용하지 않아야 함] : 84.4 점,
[key=itemgetter(""key"") 사용 권장] : 3.6 점 🚨","정렬 키를 길게 꺼내 쓰는 lambda 관련 확인을 한 번 살펴봐 주세요. 한 번에 딕셔너리 키로 정렬할 때는 itemgetter(""key"")가 더 간결하게 뜻을 전해요! 😉"
"[assertion을 제어 메커니즘으로 사용하면 안됨] : 65.7 점,
[주석 처리된 코드 제거] : 82.5 점,
[한 줄의 길이는 일정 글자 이내로] : 21.0 점 🚨,
[미 사용 변수/함수 제거] : 73.8 점,
[제너레이터 표현식 사용이 가능한 경우 사용] : 99.1 점 👍",읽는 흐름을 매끈하게 할 선택은 옆으로 너무 길게 뻗은 코드 줄 관련 확인입니다. 😉 작은 단계로 줄을 적당히 나누면 작은 화면에서도 흐름을 놓치지 않아요! ✨
"[조건문 중첩 대신 any, all 사용] : 2.9 점 🚨,
[key=itemgetter(""key"") 사용 권장] : 90.0 점 👍,
[상태 값 조건이 있는 if-elif-elif-else 있는 경우 클래스화 고려] : 1.8 점 🚨,
[주석 처리된 코드 제거] : 68.5 점,
[if-elif-elif-else 구문은 되도록 dict로 수정] : 68.4 점",상태에 따라 길게 갈라지는 분기 관련 개편 쪽에서 잠깐 발이 걸릴 수 있어요! 🎯 한 발 먼저 상태별 동작을 클래스로 나누면 새 상태를 더할 때 기존 조건문을 덜 건드려도 돼요. 😺
"[미 사용 변수/함수 제거] : 76.3 점,
[고정값 상수화 필요] : 64.7 점,
[함수의 인자가 유동적인 경우 처리 권장] : 94.3 점 👍,
[리스트 컴프리헨션 사용이 가능한 경우 사용] : 34.7 점 🚨,
[언패킹 시 숫자 인덱스 사용하지 말 것 (변수에 바로 할당)] : 61.1 점",이번에는 단순 변환을 길게 푼 반복문 관련 점검을 먼저 다듬어 보면 어떨까요? 💡 한 번에 짧고 명확한 경우에는 리스트 컴프리헨션으로 의도를 한눈에 보여 주세요.
"[중복되는 사항 common 으로 빼기] : 88.8 점,
[파일 열기, 닫기 시 with open(...) 사용] : 74.4 점,
[key=itemgetter(""key"") 사용 권장] : 36.8 점 🚨,
[함수 인수 type hint 필요] : 98.8 점 👍,
[함수의 인수를 변경 가능한 default value로 하지 않아야 함] : 88.0 점","테스트하기 쉬운 구조로 가는 문은 정렬 키를 길게 꺼내 쓰는 lambda 관련 개편을 정돈하는 일이에요. 🧠 가능한 범위에서 딕셔너리 키로 정렬할 때는 itemgetter(""key"")가 더 간결하게 뜻을 전해요. 🚀"
"[지나치게 많은 들여쓰기 수정] : 94.3 점 👍,
[if-elif-elif-else 구문은 되도록 dict로 수정] : 95.7 점 👍,
[Python 예약어를 변수명으로 사용하지 않아야 함] : 36.2 점 🚨,
[매우 간결한 변환은 map 사용] : 98.8 점 👍,
[인덱스 반환에 index 함수 사용] : 33.7 점 🚨",위치를 찾기 위해 손수 추적하는 반복 관련 정돈은 작은 손질로 분위기가 크게 바뀌는 곳이에요! 🎈 한 번에 첫 위치가 필요할 때는 index를 쓰면 목적이 바로 보입니다.
"[매우 간결한 변환은 map 사용] : 80.0 점,
[리스트 컴프리헨션 사용이 가능한 경우 사용] : 96.7 점 👍,
[함수의 인자가 하나로 묶을 수 있는 경우 처리 권장] : 40.7 점 🚨,
[미 사용 변수/함수 제거] : 99.6 점 👍,
[함수의 인자가 유동적인 경우 처리 권장] : 92.9 점 👍",독해 속도를 높일 열쇠는 서로 늘 함께 다니는 여러 인수 관련 확인을 정돈하는 일이에요. 📌 안전하게 관련 값을 객체나 dataclass로 묶으면 호출부가 훨씬 덜 복잡해져요.
"[itertools.product 사용 가능한 경우 사용] : 4.6 점 🚨,
[상태 값 조건이 있는 if-elif-elif-else 있는 경우 클래스화 고려] : 50.4 점 🚨,
[유사한 이름의 함수끼리 가까이 위치하도록 수정 권장] : 98.7 점 👍,
[함수명, 반환값 간 일치] : 94.3 점 👍,
[중복되는 사항 common 으로 빼기] : 14.0 점 🚨",여러 조합을 손으로 겹쳐 도는 반복 관련 리팩터링 때문에 의도가 흐려질 여지가 있어요. 🍀 과감하게 모든 조합이 필요할 때는 itertools.product로 의도를 또렷하게 드러내요!
"[빈 파일 *TODO 표시 필요*] : 91.7 점 👍,
[예외를 삼키는 경우가 없어야 함] : 24.3 점 🚨,
[key=itemgetter(""key"") 사용 권장] : 11.6 점 🚨,
[주석 처리된 코드 제거] : 92.3 점 👍,
[상태 값 조건이 있는 if-elif-elif-else 있는 경우 클래스화 고려] : 98.8 점 👍","정렬 키를 길게 꺼내 쓰는 lambda 관련 관리를 고치면 코드의 인상이 달라져요! 🚀 명확하게 딕셔너리 키로 정렬할 때는 itemgetter(""key"")가 더 간결하게 뜻을 전해요. 💡"
"[리스트 컴프리헨션 사용이 가능한 경우 사용] : 41.7 점 🚨,
[인덱스 반환에 index 함수 사용] : 90.3 점 👍,
[100 line 이상 함수 분리, docstring 필요] : 73.3 점,
[한 줄의 길이는 일정 글자 이내로] : 38.4 점 🚨,
[동일 인자 type 통일] : 10.0 점 🚨",같은 뜻인데 들쭉날쭉한 type 표기 관련 개편을 고치면 코드의 인상이 달라져요! 가능하면 인수의 type을 한 방식으로 맞추면 호출하는 쪽도 덜 헷갈려요!
"[제너레이터 표현식 사용이 가능한 경우 사용] : 99.3 점 👍,
[f = lambda x: ... 보다는 def f(x): return ... 를 사용] : 3.3 점 🚨,
[개수 세기에 count 함수 사용] : 39.8 점 🚨,
[itertools.product 사용 가능한 경우 사용] : 16.9 점 🚨,
[README.md, pyproject.toml 필요] : 42.3 점 🚨",작지만 효과가 큰 다듬기는 이름 붙은 동작을 lambda에 숨긴 코드 관련 보완입니다! 🐣 차분하게 재사용하거나 설명이 필요한 로직은 def로 꺼내면 디버깅과 테스트가 편해져요! 🔍
"[지나치게 많은 들여쓰기 수정] : 1.2 점 🚨,
[유사한 이름의 함수끼리 가까이 위치하도록 수정 권장] : 91.6 점 👍,
[import 순서 준수] : 81.3 점,
[경로를 path/to/file 이 아닌, pathlib 또는 os.path.join 사용] : 46.7 점 🚨,
[고정값 상수화 필요] : 21.4 점 🚨",깊숙이 내려가는 들여쓰기 관련 손질은 지금 정리해 두면 이득이 큰 부분이에요. 🌈 의도를 적어 두듯 작은 함수로 쪼개거나 빠른 반환을 쓰면 조건의 미로가 얕아져요! ✨
"[a = my_list[0], b = my_list[1] ... 대신 unpacking 사용 필요] : 0.3 점 🚨,
[개수 세기에 count 함수 사용] : 96.3 점 👍,
[함수명, 반환값 간 일치] : 6.8 점 🚨,
[key=itemgetter(""key"") 사용 권장] : 94.3 점 👍,
[숫자 값은 위쪽에 상수로] : 25.3 점 🚨",목록의 칸을 하나씩 꺼내는 대입 관련 정돈과 이름과 실제 결과가 어긋나는 함수 관련 손질이 미래의 수정을 조금 어렵게 해요. 🧼 꼼꼼하게 정해진 순서의 값은 unpacking으로 풀어 주면 한 번에 읽혀요. 가능한 범위에서 반환하는 값을 이름에 맞추면 호출부에서 예상이 빗나가지 않아요! 🌿
"[enumerate 사용 가능한 경우 사용] : 21.0 점 🚨,
[함수명, 반환값 간 일치] : 91.2 점 👍,
[한 줄의 길이는 일정 글자 이내로] : 69.0 점,
[리스트 컴프리헨션 사용이 가능한 경우 사용] : 99.1 점 👍,
[빈 파일 *TODO 표시 필요*] : 70.4 점",반복문에서 직접 올리는 번호 관련 리팩터링을 정리하면 좋은 이유가 분명해요. 가볍게 순서와 값을 함께 쓸 때는 enumerate가 더 자연스럽고 안전해요!
"[불필요한 변수 생성 대신 defaultdict 권장] : 99.5 점 👍,
[assertion을 제어 메커니즘으로 사용하면 안됨] : 92.6 점 👍,
[미 사용 변수/함수 제거] : 96.0 점 👍,
[제너레이터 표현식 사용이 가능한 경우 사용] : 74.2 점,
[리스트 컴프리헨션 사용이 가능한 경우 사용] : 97.8 점 👍",지금 코드에서 살짝 아쉬운 곳은 모두 만들어 놓고 쓰는 중간 목록 관련 관리입니다. 살펴본 김에 한 번만 순회한다면 제너레이터 표현식으로 메모리를 아껴 볼 만해요. 💡
"[클래스 내부에서만 쓰이는 속성, 메서드 (접두사 있음) 호출 비 권장] : 99.4 점 👍,
[동일 인자 type 통일] : 37.2 점 🚨,
[빈 파일 *TODO 표시 필요*] : 94.8 점 👍,
[제너레이터 표현식 사용이 가능한 경우 사용] : 72.6 점,
[함수 인수 type hint 필요] : 79.7 점",코드 지도에 표시할 장소는 같은 뜻인데 들쭉날쭉한 type 표기 관련 관리에 대한 정리예요! 호기심을 갖고 인수의 type을 한 방식으로 맞추면 호출하는 쪽도 덜 헷갈려요.
"[조건문 중첩 대신 any, all 사용] : 18.8 점 🚨,
[중복되는 사항 common 으로 빼기] : 94.4 점 👍,
[zip 사용 가능한 경우 사용] : 65.2 점,
[매우 간결한 변환은 map 사용] : 93.3 점 👍,
[f = lambda x: ... 보다는 def f(x): return ... 를 사용] : 19.1 점 🚨",참과 거짓을 여러 번 감싸는 조건문 관련 리팩터링을 놓치지 않으면 한결 편해져요! 🚀 지금 바로 여러 조건의 존재 여부는 any나 all에 맡기면 뜻이 훨씬 또렷해져요.
"[동일 인자 type 통일] : 35.6 점 🚨,
[미 사용 변수/함수 제거] : 78.0 점,
[함수의 인수를 변경 가능한 default value로 하지 않아야 함] : 68.7 점,
[리스트 컴프리헨션 사용이 가능한 경우 사용] : 23.2 점 🚨,
[경로를 path/to/file 이 아닌, pathlib 또는 os.path.join 사용] : 98.8 점 👍",조금 더 사랑받는 코드로 가는 길은 단순 변환을 길게 푼 반복문 관련 정돈에서 열려요! 🎈 다음 배포를 생각하며 짧고 명확한 경우에는 리스트 컴프리헨션으로 의도를 한눈에 보여 주세요! 🪄
"[주석 처리된 코드 제거] : 77.4 점,
[a = my_list[0], b = my_list[1] ... 대신 unpacking 사용 필요] : 98.5 점 👍,
[assertion을 제어 메커니즘으로 사용하면 안됨] : 80.5 점,
[지나치게 많은 들여쓰기 수정] : 73.5 점,
[기존 배열의 원소 추가 대신 extend 함수 사용] : 62.8 점",목록 원소를 하나씩 붙이는 처리 관련 리팩터링에 손을 보태면 흐름이 훨씬 편안해져요! 🌈 이번 수정에서는 여러 값을 더할 때는 extend를 쓰면 의도가 정확히 전달돼요. 🧼
"[README.md, pyproject.toml 필요] : 39.1 점 🚨,
[개수 세기에 count 함수 사용] : 93.8 점 👍,
[f = lambda x: ... 보다는 def f(x): return ... 를 사용] : 27.3 점 🚨,
[파일 열기, 닫기 시 with open(...) 사용] : 70.0 점,
[빈도수, 반복문, 경로명 리스트 추출 시 collections, itertools, glob 사용] : 93.3 점 👍",조금만 손보면 반짝일 자리는 이름 붙은 동작을 lambda에 숨긴 코드 관련 검토예요! 손이 닿는 자리부터 재사용하거나 설명이 필요한 로직은 def로 꺼내면 디버깅과 테스트가 편해져요. 🚀
"[prefix, suffix 검사 시 startswith(), endswith() 사용] : 3.3 점 🚨,
[고정값 상수화 필요] : 69.4 점,
[비어 있는 문자열 여부 판단 간소화] : 96.1 점 👍,
[함수의 인자가 유동적인 경우 처리 권장] : 13.4 점 🚨,
[예외의 종류 (OOOError 등) 구체적 명시 권장] : 78.5 점",문자열 앞뒤를 잘라 비교하는 검사 관련 개편을 한 번 살펴봐 주세요. 🌈 지금 바로 접두사와 접미사는 startswith()와 endswith()로 확인하면 실수가 줄어요. 🛠️
"[빈도수, 반복문, 경로명 리스트 추출 시 collections, itertools, glob 사용] : 97.7 점 👍,
[파일 단순 읽기/쓰기는 Path 사용] : 68.9 점,
[매우 간결한 변환은 map 사용] : 74.8 점,
[비어 있는 문자열 여부 판단 간소화] : 94.1 점 👍,
[100 line 이상 함수 분리, docstring 필요] : 35.0 점 🚨",리팩터링 퍼즐에서 남은 조각은 한 번에 너무 많은 일을 하는 긴 함수 관련 개편입니다. 🔍 작은 정성으로 책임별로 나누고 docstring을 붙이면 테스트와 수정이 한결 수월해져요! 🎈
"[한 줄의 길이는 일정 글자 이내로] : 96.2 점 👍,
[빈도수, 반복문, 경로명 리스트 추출 시 collections, itertools, glob 사용] : 74.1 점,
[숫자 값은 위쪽에 상수로] : 90.2 점 👍,
[인덱스 반환에 index 함수 사용] : 91.9 점 👍,
[함수의 인자가 하나로 묶을 수 있는 경우 처리 권장] : 99.1 점 👍",자주 쓰는 패턴을 직접 구현한 반복 관련 리팩터링 쪽에서 잠깐 발이 걸릴 수 있어요! 😺 코드의 맥락을 보며 빈도에는 collections를 반복 조합에는 itertools를 경로 모으기에는 glob을 쓰면 표준 도구의 힘을 빌릴 수 있어요!
"[고정값 상수화 필요] : 96.5 점 👍,
[함수 docstring, 함수명 의미 일치] : 90.8 점 👍,
[동일한 인수 집합을 갖는 함수가 많은 경우 클래스화 고려] : 80.3 점,
[assertion을 제어 메커니즘으로 사용하면 안됨] : 97.8 점 👍,
[Python 예약어를 변수명으로 사용하지 않아야 함] : 89.1 점",이번에는 같은 설정을 반복해서 받는 함수들 관련 검토를 먼저 다듬어 보면 어떨까요? 💫 가볍게 공통 상태를 가진 객체로 묶으면 인자 전달이 가벼워지고 역할도 선명해져요. 🧩
"[파일 단순 읽기/쓰기는 Path 사용] : 13.9 점 🚨,
[문자열 단순 연결보다는 f-string 사용] : 93.5 점 👍,
[함수의 인수를 변경 가능한 default value로 하지 않아야 함] : 47.6 점 🚨,
[매우 간결한 변환은 map 사용] : 91.8 점 👍,
[README.md, pyproject.toml 필요] : 36.9 점 🚨",간단한 파일 작업에 장황한 경로 처리 관련 다듬기는 작은 손질로 분위기가 크게 바뀌는 곳이에요! 🧼 가능한 범위에서 Path의 읽기와 쓰기 메서드를 쓰면 파일 작업이 짧고 단단해져요!
"[조건문 중첩 대신 any, all 사용] : 29.7 점 🚨,
[숫자 값은 위쪽에 상수로] : 98.6 점 👍,
[함수 인수 type hint 필요] : 18.0 점 🚨,
[enumerate 사용 가능한 경우 사용] : 35.4 점 🚨,
[예외를 삼키는 경우가 없어야 함] : 94.9 점 👍",형태가 보이지 않는 함수 인수 관련 점검 쪽은 조금 더 선명해질 수 있어요! 🧼 천천히 인수에 type hint를 달아 두면 들어오는 데이터가 무엇인지 바로 알 수 있어요. 참과 거짓을 여러 번 감싸는 조건문 관련 개편도 보너스처럼 여러 조건의 존재 여부는 any나 all에 맡기면 뜻이 훨씬 또렷해져요! 🚀
"[주석 처리된 코드 제거] : 92.0 점 👍,
[assertion을 제어 메커니즘으로 사용하면 안됨] : 99.6 점 👍,
[고정값 상수화 필요] : 95.8 점 👍,
[미 사용 변수/함수 제거] : 93.5 점 👍,
[함수 인수 type hint 필요] : 37.2 점 🚨",코드가 들려주는 두 가지 부탁은 형태가 보이지 않는 함수 인수 관련 확인과 주석 속에 잠든 옛 코드 관련 보완이에요! 💫 부드럽게 인수에 type hint를 달아 두면 들어오는 데이터가 무엇인지 바로 알 수 있어요. 이번 수정에서는 사용하지 않는 흔적은 지우고 필요한 배경만 남기면 파일이 훨씬 가벼워져요.
"[제너레이터 표현식 사용이 가능한 경우 사용] : 93.2 점 👍,
[파일 열기, 닫기 시 with open(...) 사용] : 98.7 점 👍,
[f = lambda x: ... 보다는 def f(x): return ... 를 사용] : 70.7 점,
[prefix, suffix 검사 시 startswith(), endswith() 사용] : 96.4 점 👍,
[인덱스 반환에 index 함수 사용] : 92.5 점 👍",이름 붙은 동작을 lambda에 숨긴 코드 관련 개선과 위치를 찾기 위해 손수 추적하는 반복 관련 정돈만 보완해도 확 달라져요! 🙌 미래의 나를 위해 재사용하거나 설명이 필요한 로직은 def로 꺼내면 디버깅과 테스트가 편해져요. 개발자 마음으로 첫 위치가 필요할 때는 index를 쓰면 목적이 바로 보입니다. 🙌
"[빈도수, 반복문, 경로명 리스트 추출 시 collections, itertools, glob 사용] : 7.0 점 🚨,
[유사한 이름의 함수끼리 가까이 위치하도록 수정 권장] : 9.6 점 🚨,
[상태 값 조건이 있는 if-elif-elif-else 있는 경우 클래스화 고려] : 51.3 점 🚨,
[문자열 단순 연결보다는 f-string 사용] : 13.5 점 🚨,
[언패킹 시 숫자 인덱스 사용하지 말 것 (변수에 바로 할당)] : 86.8 점",이번 리뷰는 관련 함수가 파일 여기저기에 흩어진 배치 관련 손질을 먼저 살펴보라고 말해요! 💡 가볍게 비슷한 역할의 함수를 가까이 두면 탐색 시간이 줄고 파일 구조가 자연스러워져요. 이어서 자주 쓰는 패턴을 직접 구현한 반복 관련 확인에는 흐름을 따라 빈도에는 collections를 반복 조합에는 itertools를 경로 모으기에는 glob을 쓰면 표준 도구의 힘을 빌릴 수 있어요! 🚀
"[언패킹 시 숫자 인덱스 사용하지 말 것 (변수에 바로 할당)] : 63.0 점,
[파일 열기, 닫기 시 with open(...) 사용] : 90.7 점 👍,
[비어 있는 문자열 여부 판단 간소화] : 96.3 점 👍,
[str 단순 += 대신 join 사용] : 62.3 점,
[중복되는 사항 common 으로 빼기] : 49.6 점 🚨",여러 곳에 흩어진 비슷한 처리 관련 개편을 고치면 코드의 인상이 달라져요! 😉 기록을 남기듯 공통 동작을 한곳으로 모으면 수정할 때 놓칠 구석이 줄어요!
"[조건문 중첩 대신 any, all 사용] : 95.9 점 👍,
[Python 예약어를 변수명으로 사용하지 않아야 함] : 72.9 점,
[enumerate 사용 가능한 경우 사용] : 100.0 점 👍,
[한 줄의 길이는 일정 글자 이내로] : 51.3 점 🚨,
[동일 인자 type 통일] : 95.2 점 👍",독해 속도를 높일 열쇠는 옆으로 너무 길게 뻗은 코드 줄 관련 손질입니다! 🎯 프로젝트를 아끼는 마음으로 줄을 적당히 나누면 작은 화면에서도 흐름을 놓치지 않아요.
"[지나치게 많은 들여쓰기 수정] : 88.5 점,
[숫자 값은 위쪽에 상수로] : 66.2 점,
[함수명, 반환값 간 일치] : 99.7 점 👍,
[zip 사용 가능한 경우 사용] : 0.1 점 🚨,
[동일 인자 type 통일] : 83.6 점",같은 위치의 두 목록을 따로 인덱싱하는 반복 관련 확인은 지금 정리해 두면 이득이 큰 부분이에요. 한 줄씩 나란히 읽는 값들은 zip으로 묶어 주면 인덱스 실수를 막을 수 있어요.
"[동일 인자 type 통일] : 96.7 점 👍,
[Python 예약어를 변수명으로 사용하지 않아야 함] : 77.5 점,
[함수의 인자가 유동적인 경우 처리 권장] : 94.2 점 👍,
[itertools.product 사용 가능한 경우 사용] : 1.2 점 🚨,
[예외의 종류 (OOOError 등) 구체적 명시 권장] : 94.4 점 👍",코드에 남은 작은 메시지는 여러 조합을 손으로 겹쳐 도는 반복 관련 관리예요! 🔍 의도를 적어 두듯 모든 조합이 필요할 때는 itertools.product로 의도를 또렷하게 드러내요. 🌈
"[if-elif-elif-else 구문은 되도록 dict로 수정] : 93.3 점 👍,
[미 사용 변수/함수 제거] : 65.2 점,
[클래스 내부에서만 쓰이는 속성, 메서드 (접두사 있음) 호출 비 권장] : 90.4 점 👍,
[한 줄의 길이는 일정 글자 이내로] : 76.2 점,
[100 line 이상 함수 분리, docstring 필요] : 90.8 점 👍",쓰임이 없는 변수와 함수 관련 손질을 정리하면 좋은 이유가 분명해요. 보너스처럼 참조되지 않는 선언을 걷어 내면 핵심 로직만 또렷하게 남아요. 🛠️
"[함수 docstring, 함수명 의미 일치] : 63.0 점,
[인덱스 반환에 index 함수 사용] : 20.7 점 🚨,
[함수의 인수를 변경 가능한 default value로 하지 않아야 함] : 91.6 점 👍,
[Python 예약어를 변수명으로 사용하지 않아야 함] : 15.0 점 🚨,
[언패킹 시 숫자 인덱스 사용하지 말 것 (변수에 바로 할당)] : 92.9 점 👍",지금 코드에서 살짝 아쉬운 곳은 파이썬 예약어와 겹치는 변수 이름 관련 정돈입니다. 💡 기록을 남기듯 예약어 대신 역할을 담은 다른 이름을 쓰면 문법 오류를 피할 수 있어요. 🚀
"[주석 처리된 코드 제거] : 48.3 점 🚨,
[prefix, suffix 검사 시 startswith(), endswith() 사용] : 2.0 점 🚨,
[유사한 이름의 함수끼리 가까이 위치하도록 수정 권장] : 60.3 점,
[함수 docstring, 함수명 의미 일치] : 89.3 점,
[문자열 단순 연결보다는 f-string 사용] : 96.4 점 👍",리팩터링 퍼즐에서 남은 조각은 문자열 앞뒤를 잘라 비교하는 검사 관련 관리에 대한 정리예요! 개발자 마음으로 접두사와 접미사는 startswith()와 endswith()로 확인하면 실수가 줄어요!
"[제너레이터 표현식 사용이 가능한 경우 사용] : 95.9 점 👍,
[빈도수, 반복문, 경로명 리스트 추출 시 collections, itertools, glob 사용] : 96.2 점 👍,
[prefix, suffix 검사 시 startswith(), endswith() 사용] : 91.3 점 👍,
[주석 처리된 코드 제거] : 84.1 점,
[상태 값 조건이 있는 if-elif-elif-else 있는 경우 클래스화 고려] : 82.5 점",상태에 따라 길게 갈라지는 분기 관련 개편을 놓치지 않으면 한결 편해져요! 🪄 코드의 맥락을 보며 상태별 동작을 클래스로 나누면 새 상태를 더할 때 기존 조건문을 덜 건드려도 돼요.
"[문자열 단순 연결보다는 f-string 사용] : 71.7 점,
[기존 배열의 원소 추가 대신 extend 함수 사용] : 43.5 점 🚨,
[비어 있는 문자열 여부 판단 간소화] : 84.5 점,
[의미 있는 함수명, 변수명 사용] : 24.7 점 🚨,
[인덱스 반환에 index 함수 사용] : 92.8 점 👍",조금 더 사랑받는 코드로 가는 길은 역할을 짐작하기 어려운 이름 관련 점검에서 열려요! 혼자만의 비밀로 두지 말고 무엇을 하는지 드러나는 이름으로 바꾸면 설명서 없이도 코드가 읽혀요!
"[파일 단순 읽기/쓰기는 Path 사용] : 91.7 점 👍,
[key=itemgetter(""key"") 사용 권장] : 67.8 점,
[if-elif-elif-else 구문은 되도록 dict로 수정] : 88.0 점,
[중복되는 사항 common 으로 빼기] : 87.5 점,
[비어 있는 문자열 여부 판단 간소화] : 62.1 점",빈 문자열을 빙 돌아 확인하는 조건 관련 정리에 손을 보태면 흐름이 훨씬 편안해져요! 천천히 파이썬다운 truthy 검사로 바꾸면 조건식이 가볍게 읽혀요. 😉
"[동일 인자 type 통일] : 26.0 점 🚨,
[숫자 값은 위쪽에 상수로] : 96.3 점 👍,
[개수 세기에 count 함수 사용] : 66.4 점,
[고정값 상수화 필요] : 72.8 점,
[str 단순 += 대신 join 사용] : 47.8 점 🚨",읽는 흐름을 매끈하게 할 선택은 같은 뜻인데 들쭉날쭉한 type 표기 관련 개편이에요! 작은 단계로 인수의 type을 한 방식으로 맞추면 호출하는 쪽도 덜 헷갈려요.
"[함수명, 반환값 간 일치] : 5.1 점 🚨,
[if a.get(""b"") ... 형태로 수정 필요] : 73.1 점,
[중복되는 사항 common 으로 빼기] : 24.8 점 🚨,
[if-elif-elif-else 구문은 되도록 dict로 수정] : 10.5 점 🚨,
[함수 인수 type hint 필요] : 53.3 점 🚨",이름과 실제 결과가 어긋나는 함수 관련 확인을 한 번 살펴봐 주세요! 🚀 다음 커밋에서 반환하는 값을 이름에 맞추면 호출부에서 예상이 빗나가지 않아요!
"[조건문 중첩 대신 any, all 사용] : 99.3 점 👍,
[동일 인자 type 통일] : 61.7 점,
[한 줄의 길이는 일정 글자 이내로] : 81.6 점,
[a = my_list[0], b = my_list[1] ... 대신 unpacking 사용 필요] : 64.5 점,
[import 순서 준수] : 98.0 점 👍",다음 커밋에 담아 볼 변화는 같은 뜻인데 들쭉날쭉한 type 표기 관련 보완입니다. ✨ 살펴본 김에 인수의 type을 한 방식으로 맞추면 호출하는 쪽도 덜 헷갈려요! 🐣
"[리스트 컴프리헨션 사용이 가능한 경우 사용] : 22.7 점 🚨,
[100 line 이상 함수 분리, docstring 필요] : 76.1 점,
[prefix, suffix 검사 시 startswith(), endswith() 사용] : 15.5 점 🚨,
[파일 열기, 닫기 시 with open(...) 사용] : 66.8 점,
[지나치게 많은 들여쓰기 수정] : 76.8 점",문자열 앞뒤를 잘라 비교하는 검사 관련 검토는 이번에 꼭 챙길 카드예요! 🎈 호기심을 갖고 접두사와 접미사는 startswith()와 endswith()로 확인하면 실수가 줄어요! 🙌
"[함수의 인자가 하나로 묶을 수 있는 경우 처리 권장] : 90.4 점 👍,
[100 line 이상 함수 분리, docstring 필요] : 35.0 점 🚨,
[주석 처리된 코드 제거] : 68.8 점,
[빈도수, 반복문, 경로명 리스트 추출 시 collections, itertools, glob 사용] : 24.1 점 🚨,
[제너레이터 표현식 사용이 가능한 경우 사용] : 75.3 점",자주 쓰는 패턴을 직접 구현한 반복 관련 다듬기는 작은 손질로 분위기가 크게 바뀌는 곳이에요! 🍀 미래의 나를 위해 빈도에는 collections를 반복 조합에는 itertools를 경로 모으기에는 glob을 쓰면 표준 도구의 힘을 빌릴 수 있어요.
"[동일 인자 type 통일] : 8.0 점 🚨,
[key=itemgetter(""key"") 사용 권장] : 94.4 점 👍,
[비어 있는 문자열 여부 판단 간소화] : 98.2 점 👍,
[파일 단순 읽기/쓰기는 Path 사용] : 11.5 점 🚨,
[if-elif-elif-else 구문은 되도록 dict로 수정] : 21.6 점 🚨",같은 뜻인데 들쭉날쭉한 type 표기 관련 확인은 작은 손질로 분위기가 크게 바뀌는 곳이에요! 🚀 의도를 적어 두듯 인수의 type을 한 방식으로 맞추면 호출하는 쪽도 덜 헷갈려요. 😺
"[zip 사용 가능한 경우 사용] : 99.2 점 👍,
[비어 있는 문자열 여부 판단 간소화] : 62.0 점,
[주석 처리된 코드 제거] : 98.7 점 👍,
[import 순서 준수] : 34.4 점 🚨,
[README.md, pyproject.toml 필요] : 17.6 점 🚨",프로젝트 사용법과 설정을 안내할 README.md와 pyproject.toml 관련 리팩터링은 작은 손질로 분위기가 크게 바뀌는 곳이에요! 🧼 테스트를 떠올리며 설치 방법과 실행 환경을 적어 두면 처음 온 사람도 바로 출발할 수 있어요! 😺
"[key=itemgetter(""key"") 사용 권장] : 64.5 점,
[str 단순 += 대신 join 사용] : 49.4 점 🚨,
[조건문 중첩 대신 any, all 사용] : 95.2 점 👍,
[함수의 인수를 변경 가능한 default value로 하지 않아야 함] : 93.7 점 👍,
[예외를 삼키는 경우가 없어야 함] : 94.4 점 👍",다음 리팩터링에서 짚을 대목은 문자열을 반복해서 더하는 연결 관련 확인을 정돈하는 일이에요. 🐣 여유가 될 때 조각을 많이 합칠 때는 join으로 모으면 성능과 의도가 함께 좋아져요.
"[매우 간결한 변환은 map 사용] : 97.2 점 👍,
[a = my_list[0], b = my_list[1] ... 대신 unpacking 사용 필요] : 44.6 점 🚨,
[제너레이터 표현식 사용이 가능한 경우 사용] : 16.9 점 🚨,
[if-elif-elif-else 구문은 되도록 dict로 수정] : 90.1 점 👍,
[assertion을 제어 메커니즘으로 사용하면 안됨] : 82.7 점",모두 만들어 놓고 쓰는 중간 목록 관련 개편과 목록의 칸을 하나씩 꺼내는 대입 관련 리팩터링만 보완해도 확 달라져요! 📌 한 줄씩 한 번만 순회한다면 제너레이터 표현식으로 메모리를 아껴 볼 만해요. 한 발 먼저 정해진 순서의 값은 unpacking으로 풀어 주면 한 번에 읽혀요!
"[유사한 이름의 함수끼리 가까이 위치하도록 수정 권장] : 97.7 점 👍,
[함수 docstring, 함수명 의미 일치] : 90.8 점 👍,
[인덱스 반환에 index 함수 사용] : 16.5 점 🚨,
[함수명, 반환값 간 일치] : 94.2 점 👍,
[유사한 변수명 통일] : 37.2 점 🚨",위치를 찾기 위해 손수 추적하는 반복 관련 다듬기를 고치면 코드의 인상이 달라져요! 🛠️ 다음 변경 전에 첫 위치가 필요할 때는 index를 쓰면 목적이 바로 보입니다. 🎈
"[불필요한 변수 생성 대신 defaultdict 권장] : 15.7 점 🚨,
[빈도수, 반복문, 경로명 리스트 추출 시 collections, itertools, glob 사용] : 97.0 점 👍,
[함수 인수 type hint 필요] : 65.8 점,
[itertools.product 사용 가능한 경우 사용] : 97.3 점 👍,
[import 순서 준수] : 92.7 점 👍",초기화만 반복하는 임시 변수 관련 정리를 고치면 코드의 인상이 달라져요! 🚀 부드럽게 키별로 값을 모을 때는 defaultdict를 쓰면 분기와 보일러플레이트가 줄어들어요. 😺
"[제너레이터 표현식 사용이 가능한 경우 사용] : 96.9 점 👍,
[itertools.product 사용 가능한 경우 사용] : 35.9 점 🚨,
[f = lambda x: ... 보다는 def f(x): return ... 를 사용] : 90.7 점 👍,
[매우 간결한 변환은 map 사용] : 6.7 점 🚨,
[a = my_list[0], b = my_list[1] ... 대신 unpacking 사용 필요] : 76.7 점",독해 속도를 높일 열쇠는 한 가지 변환만 길게 적은 반복 관련 손질입니다! 🪄 조금만 시간을 내서 변환 규칙이 단순하면 map으로 핵심 연산을 또렷하게 표현할 수 있어요. 😺
"[빈 파일 *TODO 표시 필요*] : 97.4 점 👍,
[파일 단순 읽기/쓰기는 Path 사용] : 68.6 점,
[기존 배열의 원소 추가 대신 extend 함수 사용] : 66.3 점,
[유사한 이름의 함수끼리 가까이 위치하도록 수정 권장] : 93.1 점 👍,
[동일 인자 type 통일] : 91.1 점 👍",목록 원소를 하나씩 붙이는 처리 관련 다듬기는 지금 정리해 두면 이득이 큰 부분이에요. 흐름을 따라 여러 값을 더할 때는 extend를 쓰면 의도가 정확히 전달돼요! 🎈
"[언패킹 시 숫자 인덱스 사용하지 말 것 (변수에 바로 할당)] : 79.7 점,
[예외의 종류 (OOOError 등) 구체적 명시 권장] : 92.6 점 👍,
[itertools.product 사용 가능한 경우 사용] : 46.1 점 🚨,
[동일 인자 type 통일] : 91.1 점 👍,
[리스트 컴프리헨션 사용이 가능한 경우 사용] : 89.6 점",여러 조합을 손으로 겹쳐 도는 반복 관련 손질을 정리하면 좋은 이유가 분명해요. 🚀 부드럽게 모든 조합이 필요할 때는 itertools.product로 의도를 또렷하게 드러내요! 🌈
"[미 사용 변수/함수 제거] : 95.3 점 👍,
[유사한 이름의 함수끼리 가까이 위치하도록 수정 권장] : 67.6 점,
[숫자 값은 위쪽에 상수로] : 13.4 점 🚨,
[함수 docstring, 함수명 의미 일치] : 74.4 점,
[중복되는 사항 common 으로 빼기] : 50.3 점 🚨",지금 코드에서 살짝 아쉬운 곳은 로직 사이에 숨어 있는 숫자 관련 리팩터링입니다. 🍀 손이 닿는 자리부터 매직 넘버를 파일 위쪽의 상수로 올리면 숫자가 왜 필요한지 바로 보여요! 📌
"[매우 간결한 변환은 map 사용] : 91.8 점 👍,
[예외의 종류 (OOOError 등) 구체적 명시 권장] : 65.6 점,
[고정값 상수화 필요] : 99.5 점 👍,
[import 순서 준수] : 97.9 점 👍,
[리스트 컴프리헨션 사용이 가능한 경우 사용] : 96.2 점 👍",지금 코드에서 살짝 아쉬운 곳은 너무 넓게 잡은 예외 관련 정돈입니다. 📌 조금만 시간을 내서 예상한 OOOError처럼 구체적인 예외만 잡으면 버그가 숨어버리지 않아요. 💫
"[파일 열기, 닫기 시 with open(...) 사용] : 61.4 점,
[prefix, suffix 검사 시 startswith(), endswith() 사용] : 92.5 점 👍,
[경로를 path/to/file 이 아닌, pathlib 또는 os.path.join 사용] : 99.1 점 👍,
[함수의 인수를 변경 가능한 default value로 하지 않아야 함] : 95.8 점 👍,
[enumerate 사용 가능한 경우 사용] : 91.2 점 👍",코드 산책 중 만난 작은 이슈는 파일을 열고 닫는 일을 수동으로 관리하는 코드 관련 정돈에 대한 정리예요! 🛠️ 살짝 with open(...)으로 감싸면 예외가 나도 파일이 안전하게 닫혀요. 🙌
"[매우 간결한 변환은 map 사용] : 76.9 점,
[if a.get(""b"") ... 형태로 수정 필요] : 95.1 점 👍,
[import 순서 준수] : 29.8 점 🚨,
[불필요한 변수 생성 대신 defaultdict 권장] : 93.1 점 👍,
[중복되는 사항 common 으로 빼기] : 53.9 점 🚨",조금 더 사랑받는 코드로 가는 길은 섞여 있는 import 배치 관련 정리에서 열려요! ✨ 프로젝트를 아끼는 마음으로 표준 라이브러리와 외부 패키지와 내부 모듈을 차례로 정리하면 시작 화면이 말끔해져요. 🙌
"[동일 인자 type 통일] : 77.1 점,
[고정값 상수화 필요] : 96.7 점 👍,
[zip 사용 가능한 경우 사용] : 90.9 점 👍,
[assertion을 제어 메커니즘으로 사용하면 안됨] : 79.6 점,
[문자열 단순 연결보다는 f-string 사용] : 29.6 점 🚨",조금 더 사랑받는 코드로 가는 길은 값을 이어 붙여 만드는 문자열 관련 확인에서 열려요! 🚀 차분하게 표현식이 들어간 문장은 f-string으로 쓰면 눈에 훨씬 잘 들어와요! 🧩
"[빈 파일 *TODO 표시 필요*] : 95.9 점 👍,
[매우 간결한 변환은 map 사용] : 92.3 점 👍,
[import 순서 준수] : 47.1 점 🚨,
[함수 인수 type hint 필요] : 49.3 점 🚨,
[상태 값 조건이 있는 if-elif-elif-else 있는 경우 클래스화 고려] : 94.6 점 👍",오늘의 코드에 남은 숙제는 섞여 있는 import 배치 관련 개선이에요! 우선은 표준 라이브러리와 외부 패키지와 내부 모듈을 차례로 정리하면 시작 화면이 말끔해져요. 🌈
"[a = my_list[0], b = my_list[1] ... 대신 unpacking 사용 필요] : 97.5 점 👍,
[의미 있는 함수명, 변수명 사용] : 92.7 점 👍,
[assertion을 제어 메커니즘으로 사용하면 안됨] : 52.7 점 🚨,
[경로를 path/to/file 이 아닌, pathlib 또는 os.path.join 사용] : 32.5 점 🚨,
[기존 배열의 원소 추가 대신 extend 함수 사용] : 93.7 점 👍",코드 지도에 표시할 장소는 문자열로 이어 붙인 파일 경로 관련 개편이에요! 🎯 부드럽게 pathlib이나 os.path.join으로 경로를 조립하면 운영체제가 달라도 안전해요.
"[조건문 중첩 대신 any, all 사용] : 70.1 점,
[동일 인자 type 통일] : 47.2 점 🚨,
[유사한 변수명 통일] : 93.2 점 👍,
[파일 단순 읽기/쓰기는 Path 사용] : 79.5 점,
[미 사용 변수/함수 제거] : 99.6 점 👍",같은 뜻인데 들쭉날쭉한 type 표기 관련 정돈부터 다듬어 주세요! 필요한 곳부터 인수의 type을 한 방식으로 맞추면 호출하는 쪽도 덜 헷갈려요.
"[enumerate 사용 가능한 경우 사용] : 70.2 점,
[str 단순 += 대신 join 사용] : 77.5 점,
[prefix, suffix 검사 시 startswith(), endswith() 사용] : 91.9 점 👍,
[중복되는 사항 common 으로 빼기] : 97.1 점 👍,
[고정값 상수화 필요] : 16.8 점 🚨",읽는 사람을 배려하는 선택은 여러 군데 박혀 있는 고정값 관련 개선입니다. 🌿 천천히 의미 있는 상수 이름으로 꺼내 두면 정책을 바꿀 때 한 번에 손볼 수 있어요!
"[if a.get(""b"") ... 형태로 수정 필요] : 15.2 점 🚨,
[비어 있는 문자열 여부 판단 간소화] : 47.7 점 🚨,
[고정값 상수화 필요] : 39.0 점 🚨,
[기존 배열의 원소 추가 대신 extend 함수 사용] : 91.3 점 👍,
[동일 인자 type 통일] : 83.9 점","이번에는 딕셔너리 값을 여러 단계로 꺼내는 검사 관련 정돈을 먼저 다듬어 보면 어떨까요? 다음 배포를 생각하며 a.get(""b"")처럼 안전하게 꺼내면 누락된 키에서도 흐름이 부드러워요."
"[예외를 삼키는 경우가 없어야 함] : 36.8 점 🚨,
[함수의 인자가 유동적인 경우 처리 권장] : 91.0 점 👍,
[동일한 인수 집합을 갖는 함수가 많은 경우 클래스화 고려] : 88.2 점,
[함수 docstring, 함수명 의미 일치] : 84.2 점,
[주석 처리된 코드 제거] : 97.9 점 👍",이번에는 오류를 조용히 지나치는 예외 처리 관련 관리를 먼저 다듬어 보면 어떨까요? 🧩 살펴본 김에 예외를 기록하거나 다시 올려 보내야 장애 원인을 놓치지 않아요.
"[조건문 중첩 대신 any, all 사용] : 26.2 점 🚨,
[key=itemgetter(""key"") 사용 권장] : 93.0 점 👍,
[유사한 변수명 통일] : 75.8 점,
[경로를 path/to/file 이 아닌, pathlib 또는 os.path.join 사용] : 99.5 점 👍,
[함수 docstring, 함수명 의미 일치] : 79.1 점",읽는 흐름을 매끈하게 할 선택은 바로 참과 거짓을 여러 번 감싸는 조건문 관련 개편이에요. 이번 수정에서는 여러 조건의 존재 여부는 any나 all에 맡기면 뜻이 훨씬 또렷해져요. 🎈
"[파일 열기, 닫기 시 with open(...) 사용] : 93.6 점 👍,
[한 줄의 길이는 일정 글자 이내로] : 92.9 점 👍,
[Python 예약어를 변수명으로 사용하지 않아야 함] : 32.5 점 🚨,
[함수의 인자가 유동적인 경우 처리 권장] : 22.4 점 🚨,
[상태 값 조건이 있는 if-elif-elif-else 있는 경우 클래스화 고려] : 99.0 점 👍",개수가 달라질 수 있는 인수를 고정해 둔 호출 관련 개편은 작은 손질로 분위기가 크게 바뀌는 곳이에요! 🎈 작은 정성으로 가변 인수는 *args나 **kwargs를 알맞게 쓰면 확장에 더 유연해져요. 🎯
"[제너레이터 표현식 사용이 가능한 경우 사용] : 74.3 점,
[100 line 이상 함수 분리, docstring 필요] : 91.9 점 👍,
[중복되는 사항 common 으로 빼기] : 64.5 점,
[유사한 이름의 함수끼리 가까이 위치하도록 수정 권장] : 96.0 점 👍,
[함수의 인수를 변경 가능한 default value로 하지 않아야 함] : 54.7 점 🚨",한 단계 더 단정해질 포인트는 기본 인수에 놓인 변경 가능한 객체 관련 다듬기를 정돈하는 일이에요. 🌈 한 번에 리스트나 딕셔너리는 None으로 두고 함수 안에서 만들면 호출 사이에 상태가 섞이지 않아요. 🛠️
"[정규 표현식 문자열은 r""..."" 권장] : 59.9 점 🚨,
[문자열 단순 연결보다는 f-string 사용] : 97.7 점 👍,
[주석 처리된 코드 제거] : 98.8 점 👍,
[itertools.product 사용 가능한 경우 사용] : 78.1 점,
[import 순서 준수] : 80.6 점","백슬래시가 많은 정규식 문자열 관련 정돈 때문에 읽는 흐름이 끊길 수 있습니다. 🚀 코드의 맥락을 보며 정규식은 r""..."" 형태로 적으면 이스케이프를 덜 신경 써도 돼요. 또 하나의 다듬기 포인트는 여러 조합을 손으로 겹쳐 도는 반복 관련 검토도 손이 닿는 자리부터 모든 조합이 필요할 때는 itertools.product로 의도를 또렷하게 드러내요! 🐣"
"[함수의 인자가 유동적인 경우 처리 권장] : 86.4 점,
[매우 간결한 변환은 map 사용] : 90.4 점 👍,
[기존 배열의 원소 추가 대신 extend 함수 사용] : 39.7 점 🚨,
[언패킹 시 숫자 인덱스 사용하지 말 것 (변수에 바로 할당)] : 99.2 점 👍,
[zip 사용 가능한 경우 사용] : 98.7 점 👍",목록 원소를 하나씩 붙이는 처리 관련 확인을 고치면 코드의 인상이 달라져요! 🧠 기분 좋게 여러 값을 더할 때는 extend를 쓰면 의도가 정확히 전달돼요!
"[매우 간결한 변환은 map 사용] : 68.2 점,
[함수의 인수를 변경 가능한 default value로 하지 않아야 함] : 91.4 점 👍,
[assertion을 제어 메커니즘으로 사용하면 안됨] : 99.2 점 👍,
[정규 표현식 문자열은 r""..."" 권장] : 80.4 점,
[고정값 상수화 필요] : 53.0 점 🚨",여러 군데 박혀 있는 고정값 관련 보완을 고치면 코드의 인상이 달라져요! 💫 한 호흡 쉬고 의미 있는 상수 이름으로 꺼내 두면 정책을 바꿀 때 한 번에 손볼 수 있어요.
"[문자열 단순 연결보다는 f-string 사용] : 11.3 점 🚨,
[zip 사용 가능한 경우 사용] : 78.8 점,
[미 사용 변수/함수 제거] : 47.4 점 🚨,
[assertion을 제어 메커니즘으로 사용하면 안됨] : 90.4 점 👍,
[의미 있는 함수명, 변수명 사용] : 55.2 점 🚨",코드 지도에 표시할 장소는 쓰임이 없는 변수와 함수 관련 정돈이에요! 💡 부드럽게 참조되지 않는 선언을 걷어 내면 핵심 로직만 또렷하게 남아요. 그다음에는 값을 이어 붙여 만드는 문자열 관련 리팩터링도 개발자 마음으로 표현식이 들어간 문장은 f-string으로 쓰면 눈에 훨씬 잘 들어와요. 💫
"[함수 인수 type hint 필요] : 17.4 점 🚨,
[함수의 인자가 하나로 묶을 수 있는 경우 처리 권장] : 50.6 점 🚨,
[파일 열기, 닫기 시 with open(...) 사용] : 92.8 점 👍,
[불필요한 변수 생성 대신 defaultdict 권장] : 85.3 점,
[100 line 이상 함수 분리, docstring 필요] : 18.0 점 🚨",형태가 보이지 않는 함수 인수 관련 검토는 지금 정리해 두면 이득이 큰 부분이에요. 😉 차분하게 인수에 type hint를 달아 두면 들어오는 데이터가 무엇인지 바로 알 수 있어요! 🔍
"[미 사용 변수/함수 제거] : 95.8 점 👍,
[파일 단순 읽기/쓰기는 Path 사용] : 63.6 점,
[불필요한 print, logging 제거] : 40.8 점 🚨,
[동일한 인수 집합을 갖는 함수가 많은 경우 클래스화 고려] : 64.8 점,
[언패킹 시 숫자 인덱스 사용하지 말 것 (변수에 바로 할당)] : 75.4 점",코드에 남은 작은 메시지는 실행 경로에 남은 print와 logging 관련 확인이에요! 🌿 다음 커밋에서 불필요한 print나 logging을 지우면 출력이 깔끔해지고 디버깅 신호도 선명해져요! ✨
"[if-elif-elif-else 구문은 되도록 dict로 수정] : 96.4 점 👍,
[import 순서 준수] : 60.4 점,
[assertion을 제어 메커니즘으로 사용하면 안됨] : 92.4 점 👍,
[정규 표현식 문자열은 r""..."" 권장] : 6.5 점 🚨,
[100 line 이상 함수 분리, docstring 필요] : 96.3 점 👍","백슬래시가 많은 정규식 문자열 관련 점검을 정리하면 좋은 이유가 분명해요. 😺 안전하게 정규식은 r""..."" 형태로 적으면 이스케이프를 덜 신경 써도 돼요."
"[함수 docstring, 함수명 의미 일치] : 92.4 점 👍,
[상태 값 조건이 있는 if-elif-elif-else 있는 경우 클래스화 고려] : 60.0 점,
[a = my_list[0], b = my_list[1] ... 대신 unpacking 사용 필요] : 2.4 점 🚨,
[언패킹 시 숫자 인덱스 사용하지 말 것 (변수에 바로 할당)] : 67.3 점,
[동일 인자 type 통일] : 69.9 점",목록의 칸을 하나씩 꺼내는 대입 관련 확인을 놓치지 않으면 한결 편해져요! 테스트를 떠올리며 정해진 순서의 값은 unpacking으로 풀어 주면 한 번에 읽혀요. 🍀
"[숫자 값은 위쪽에 상수로] : 98.6 점 👍,
[함수 docstring, 함수명 의미 일치] : 59.6 점 🚨,
[f = lambda x: ... 보다는 def f(x): return ... 를 사용] : 90.2 점 👍,
[enumerate 사용 가능한 경우 사용] : 47.6 점 🚨,
[prefix, suffix 검사 시 startswith(), endswith() 사용] : 96.7 점 👍",반복문에서 직접 올리는 번호 관련 보완을 놓치지 않으면 한결 편해져요! 🔍 작은 정성으로 순서와 값을 함께 쓸 때는 enumerate가 더 자연스럽고 안전해요! 🚀
"[파일 열기, 닫기 시 with open(...) 사용] : 47.7 점 🚨,
[동일한 인수 집합을 갖는 함수가 많은 경우 클래스화 고려] : 50.5 점 🚨,
[리스트 컴프리헨션 사용이 가능한 경우 사용] : 21.5 점 🚨,
[str 단순 += 대신 join 사용] : 96.3 점 👍,
[인덱스 반환에 index 함수 사용] : 98.6 점 👍",단순 변환을 길게 푼 반복문 관련 점검을 살피는 김에 파일을 열고 닫는 일을 수동으로 관리하는 코드 관련 리팩터링도 챙겨 주세요! 손이 닿는 자리부터 짧고 명확한 경우에는 리스트 컴프리헨션으로 의도를 한눈에 보여 주세요. 오늘의 마무리로 with open(...)으로 감싸면 예외가 나도 파일이 안전하게 닫혀요! 🌿
"[파일 단순 읽기/쓰기는 Path 사용] : 62.9 점,
[인덱스 반환에 index 함수 사용] : 71.2 점,
[기존 배열의 원소 추가 대신 extend 함수 사용] : 85.6 점,
[if-elif-elif-else 구문은 되도록 dict로 수정] : 30.1 점 🚨,
[비어 있는 문자열 여부 판단 간소화] : 97.4 점 👍",조금 더 사랑받는 코드로 가는 길은 갈래가 길게 이어진 조건 분기 관련 정리에서 열려요! 🧼 한 번에 값에 따른 선택이라면 dict 매핑으로 바꾸어 분기표를 단순하게 만들어 보세요!
"[불필요한 print, logging 제거] : 96.7 점 👍,
[예외의 종류 (OOOError 등) 구체적 명시 권장] : 98.7 점 👍,
[문자열 단순 연결보다는 f-string 사용] : 82.4 점,
[의미 있는 함수명, 변수명 사용] : 67.3 점,
[빈도수, 반복문, 경로명 리스트 추출 시 collections, itertools, glob 사용] : 90.5 점 👍",역할을 짐작하기 어려운 이름 관련 관리를 한 번 살펴봐 주세요! 🍀 가볍게 무엇을 하는지 드러나는 이름으로 바꾸면 설명서 없이도 코드가 읽혀요. 🔍
"[주석 처리된 코드 제거] : 98.8 점 👍,
[import 순서 준수] : 76.1 점,
[enumerate 사용 가능한 경우 사용] : 75.6 점,
[불필요한 print, logging 제거] : 61.0 점,
[매우 간결한 변환은 map 사용] : 27.3 점 🚨",작지만 효과가 큰 다듬기는 한 가지 변환만 길게 적은 반복 관련 관리예요! 🧼 우선은 변환 규칙이 단순하면 map으로 핵심 연산을 또렷하게 표현할 수 있어요! 🛠️
"[제너레이터 표현식 사용이 가능한 경우 사용] : 97.1 점 👍,
[한 줄의 길이는 일정 글자 이내로] : 97.3 점 👍,
[key=itemgetter(""key"") 사용 권장] : 32.0 점 🚨,
[예외의 종류 (OOOError 등) 구체적 명시 권장] : 94.3 점 👍,
[비어 있는 문자열 여부 판단 간소화] : 84.0 점","정렬 키를 길게 꺼내 쓰는 lambda 관련 다듬기부터 다듬어 주세요! 🪄 팀과 맞춰 보며 딕셔너리 키로 정렬할 때는 itemgetter(""key"")가 더 간결하게 뜻을 전해요."
"[미 사용 변수/함수 제거] : 62.3 점,
[import 순서 준수] : 96.7 점 👍,
[동일한 인수 집합을 갖는 함수가 많은 경우 클래스화 고려] : 2.5 점 🚨,
[함수 docstring, 함수명 의미 일치] : 99.5 점 👍,
[상태 값 조건이 있는 if-elif-elif-else 있는 경우 클래스화 고려] : 16.8 점 🚨",코드의 숨통을 틔울 힌트는 같은 설정을 반복해서 받는 함수들 관련 검토입니다. 🧠 가능한 범위에서 공통 상태를 가진 객체로 묶으면 인자 전달이 가벼워지고 역할도 선명해져요! ✨
"[if-elif-elif-else 구문은 되도록 dict로 수정] : 9.7 점 🚨,
[key=itemgetter(""key"") 사용 권장] : 96.3 점 👍,
[import 순서 준수] : 23.3 점 🚨,
[제너레이터 표현식 사용이 가능한 경우 사용] : 61.4 점,
[개수 세기에 count 함수 사용] : 92.2 점 👍",갈래가 길게 이어진 조건 분기 관련 정돈 쪽에서 잠깐 발이 걸릴 수 있어요! 💡 천천히 값에 따른 선택이라면 dict 매핑으로 바꾸어 분기표를 단순하게 만들어 보세요. 💫
"[동일 인자 type 통일] : 91.8 점 👍,
[itertools.product 사용 가능한 경우 사용] : 42.6 점 🚨,
[불필요한 print, logging 제거] : 95.8 점 👍,
[README.md, pyproject.toml 필요] : 14.8 점 🚨,
[enumerate 사용 가능한 경우 사용] : 76.9 점",프로젝트 사용법과 설정을 안내할 README.md와 pyproject.toml 관련 보완을 먼저 정돈해 보면 어떨까요? 개발자 마음으로 설치 방법과 실행 환경을 적어 두면 처음 온 사람도 바로 출발할 수 있어요. 여러 조합을 손으로 겹쳐 도는 반복 관련 개선에는 천천히 모든 조합이 필요할 때는 itertools.product로 의도를 또렷하게 드러내요. 🎯
"[함수 docstring, 함수명 의미 일치] : 63.6 점,
[동일 인자 type 통일] : 70.1 점,
[정규 표현식 문자열은 r""..."" 권장] : 38.0 점 🚨,
[한 줄의 길이는 일정 글자 이내로] : 99.5 점 👍,
[prefix, suffix 검사 시 startswith(), endswith() 사용] : 10.4 점 🚨","다음 리팩터링에서 짚을 대목은 문자열 앞뒤를 잘라 비교하는 검사 관련 손질입니다. 🪄 가능한 범위에서 접두사와 접미사는 startswith()와 endswith()로 확인하면 실수가 줄어요. 함께 챙길 곳은 백슬래시가 많은 정규식 문자열 관련 검토에는 마음 편히 정규식은 r""..."" 형태로 적으면 이스케이프를 덜 신경 써도 돼요! 🍀"
"[enumerate 사용 가능한 경우 사용] : 86.9 점,
[중복되는 사항 common 으로 빼기] : 5.2 점 🚨,
[상태 값 조건이 있는 if-elif-elif-else 있는 경우 클래스화 고려] : 30.9 점 🚨,
[클래스 내부에서만 쓰이는 속성, 메서드 (접두사 있음) 호출 비 권장] : 93.9 점 👍,
[주석 처리된 코드 제거] : 72.3 점",여러 곳에 흩어진 비슷한 처리 관련 정리는 작은 손질로 분위기가 크게 바뀌는 곳이에요! 🌈 필요한 곳부터 공통 동작을 한곳으로 모으면 수정할 때 놓칠 구석이 줄어요! 🎈
"[prefix, suffix 검사 시 startswith(), endswith() 사용] : 100.0 점 👍,
[동일한 인수 집합을 갖는 함수가 많은 경우 클래스화 고려] : 84.5 점,
[인덱스 반환에 index 함수 사용] : 92.2 점 👍,
[불필요한 print, logging 제거] : 99.5 점 👍,
[예외의 종류 (OOOError 등) 구체적 명시 권장] : 19.3 점 🚨",변경에 강해질 실마리는 너무 넓게 잡은 예외 관련 관리를 정돈하는 일이에요. ✨ 이 기회에 예상한 OOOError처럼 구체적인 예외만 잡으면 버그가 숨어버리지 않아요.
"[불필요한 변수 생성 대신 defaultdict 권장] : 99.6 점 👍,
[제너레이터 표현식 사용이 가능한 경우 사용] : 24.1 점 🚨,
[개수 세기에 count 함수 사용] : 74.3 점,
[assertion을 제어 메커니즘으로 사용하면 안됨] : 55.2 점 🚨,
[고정값 상수화 필요] : 35.2 점 🚨",한 가지 제안은 모두 만들어 놓고 쓰는 중간 목록 관련 개선을 챙기는 일이에요! 프로젝트를 아끼는 마음으로 한 번만 순회한다면 제너레이터 표현식으로 메모리를 아껴 볼 만해요.
"[유사한 이름의 함수끼리 가까이 위치하도록 수정 권장] : 70.6 점,
[100 line 이상 함수 분리, docstring 필요] : 51.8 점 🚨,
[zip 사용 가능한 경우 사용] : 88.5 점,
[enumerate 사용 가능한 경우 사용] : 62.3 점,
[상태 값 조건이 있는 if-elif-elif-else 있는 경우 클래스화 고려] : 42.0 점 🚨",한 가지 제안은 상태에 따라 길게 갈라지는 분기 관련 리팩터링을 챙기는 일이에요! 🍀 의도를 적어 두듯 상태별 동작을 클래스로 나누면 새 상태를 더할 때 기존 조건문을 덜 건드려도 돼요.
"[zip 사용 가능한 경우 사용] : 73.1 점,
[한 줄의 길이는 일정 글자 이내로] : 76.8 점,
[숫자 값은 위쪽에 상수로] : 93.2 점 👍,
[README.md, pyproject.toml 필요] : 12.0 점 🚨,
[f = lambda x: ... 보다는 def f(x): return ... 를 사용] : 88.3 점",프로젝트 사용법과 설정을 안내할 README.md와 pyproject.toml 관련 점검을 고치면 코드의 인상이 달라져요! 🪄 혼자만의 비밀로 두지 말고 설치 방법과 실행 환경을 적어 두면 처음 온 사람도 바로 출발할 수 있어요! 🌈
"[assertion을 제어 메커니즘으로 사용하면 안됨] : 67.4 점,
[100 line 이상 함수 분리, docstring 필요] : 81.9 점,
[key=itemgetter(""key"") 사용 권장] : 93.9 점 👍,
[함수 docstring, 함수명 의미 일치] : 44.4 점 🚨,
[import 순서 준수] : 72.0 점",나중의 나를 웃게 할 수정은 설명과 행동이 서로 다른 함수 관련 검토입니다! 읽는 사람을 위해 docstring과 함수가 약속한 역할을 맞추면 다음 사람이 안심하고 호출할 수 있어요.
"[한 줄의 길이는 일정 글자 이내로] : 98.0 점 👍,
[str 단순 += 대신 join 사용] : 79.9 점,
[언패킹 시 숫자 인덱스 사용하지 말 것 (변수에 바로 할당)] : 41.2 점 🚨,
[동일 인자 type 통일] : 9.1 점 🚨,
[숫자 값은 위쪽에 상수로] : 12.4 점 🚨",같은 뜻인데 들쭉날쭉한 type 표기 관련 정돈은 지금 정리해 두면 이득이 큰 부분이에요. 기분 좋게 인수의 type을 한 방식으로 맞추면 호출하는 쪽도 덜 헷갈려요!
"[함수 인수 type hint 필요] : 93.9 점 👍,
[지나치게 많은 들여쓰기 수정] : 73.9 점,
[빈 파일 *TODO 표시 필요*] : 70.3 점,
[제너레이터 표현식 사용이 가능한 경우 사용] : 97.0 점 👍,
[고정값 상수화 필요] : 62.5 점",코드에 남은 작은 메시지는 여러 군데 박혀 있는 고정값 관련 관리예요! 과감하게 의미 있는 상수 이름으로 꺼내 두면 정책을 바꿀 때 한 번에 손볼 수 있어요. 😉
"[유사한 이름의 함수끼리 가까이 위치하도록 수정 권장] : 94.3 점 👍,
[리스트 컴프리헨션 사용이 가능한 경우 사용] : 94.8 점 👍,
[지나치게 많은 들여쓰기 수정] : 97.1 점 👍,
[제너레이터 표현식 사용이 가능한 경우 사용] : 58.2 점 🚨,
[매우 간결한 변환은 map 사용] : 81.3 점",모두 만들어 놓고 쓰는 중간 목록 관련 보완을 정리하면 좋은 이유가 분명해요. 🪄 큰 부담 없이 한 번만 순회한다면 제너레이터 표현식으로 메모리를 아껴 볼 만해요! 🐣
"[assertion을 제어 메커니즘으로 사용하면 안됨] : 13.1 점 🚨,
[빈도수, 반복문, 경로명 리스트 추출 시 collections, itertools, glob 사용] : 93.5 점 👍,
[정규 표현식 문자열은 r""..."" 권장] : 91.9 점 👍,
[파일 단순 읽기/쓰기는 Path 사용] : 25.6 점 🚨,
[기존 배열의 원소 추가 대신 extend 함수 사용] : 98.3 점 👍",지금 코드에서 살짝 아쉬운 곳은 실행 흐름을 맡은 assert 관련 확인입니다. 🧩 한 호흡 쉬고 검증이 필요한 분기는 명시적인 예외 처리로 바꾸어야 배포 환경에서도 안전해요.
"[의미 있는 함수명, 변수명 사용] : 90.7 점 👍,
[예외를 삼키는 경우가 없어야 함] : 93.4 점 👍,
[제너레이터 표현식 사용이 가능한 경우 사용] : 100.0 점 👍,
[Python 예약어를 변수명으로 사용하지 않아야 함] : 95.4 점 👍,
[유사한 이름의 함수끼리 가까이 위치하도록 수정 권장] : 96.1 점 👍",코드 지도에 표시할 장소는 역할을 짐작하기 어려운 이름 관련 개편에 대한 정리예요! 🚀 개발자 마음으로 무엇을 하는지 드러나는 이름으로 바꾸면 설명서 없이도 코드가 읽혀요. 🚀
"[if a.get(""b"") ... 형태로 수정 필요] : 53.6 점 🚨,
[파일 단순 읽기/쓰기는 Path 사용] : 39.4 점 🚨,
[제너레이터 표현식 사용이 가능한 경우 사용] : 91.0 점 👍,
[개수 세기에 count 함수 사용] : 97.2 점 👍,
[prefix, suffix 검사 시 startswith(), endswith() 사용] : 55.7 점 🚨",조금 더 사랑받는 코드로 가는 길은 간단한 파일 작업에 장황한 경로 처리 관련 정돈에서 열려요! 📌 팀과 맞춰 보며 Path의 읽기와 쓰기 메서드를 쓰면 파일 작업이 짧고 단단해져요! 🧠
"[함수 docstring, 함수명 의미 일치] : 99.4 점 👍,
[itertools.product 사용 가능한 경우 사용] : 95.8 점 👍,
[함수명, 반환값 간 일치] : 67.4 점,
[enumerate 사용 가능한 경우 사용] : 72.8 점,
[빈 파일 *TODO 표시 필요*] : 81.9 점",조금 더 사랑받는 코드로 가는 길은 이름과 실제 결과가 어긋나는 함수 관련 개편에서 열려요! 코드의 맥락을 보며 반환하는 값을 이름에 맞추면 호출부에서 예상이 빗나가지 않아요! 🌿
"[경로를 path/to/file 이 아닌, pathlib 또는 os.path.join 사용] : 94.4 점 👍,
[itertools.product 사용 가능한 경우 사용] : 80.4 점,
[리스트 컴프리헨션 사용이 가능한 경우 사용] : 24.1 점 🚨,
[함수의 인자가 유동적인 경우 처리 권장] : 99.9 점 👍,
[enumerate 사용 가능한 경우 사용] : 47.7 점 🚨",단순 변환을 길게 푼 반복문 관련 손질과 반복문에서 직접 올리는 번호 관련 관리에서 한 번 더 다듬어 볼 수 있어요! 😉 가볍게 짧고 명확한 경우에는 리스트 컴프리헨션으로 의도를 한눈에 보여 주세요. 기록을 남기듯 순서와 값을 함께 쓸 때는 enumerate가 더 자연스럽고 안전해요! 💫
"[불필요한 print, logging 제거] : 96.4 점 👍,
[예외를 삼키는 경우가 없어야 함] : 17.2 점 🚨,
[중복되는 사항 common 으로 빼기] : 62.3 점,
[비어 있는 문자열 여부 판단 간소화] : 91.8 점 👍,
[유사한 이름의 함수끼리 가까이 위치하도록 수정 권장] : 98.3 점 👍",작지만 효과가 큰 다듬기는 오류를 조용히 지나치는 예외 처리 관련 보완이에요! 💡 차분하게 예외를 기록하거나 다시 올려 보내야 장애 원인을 놓치지 않아요. 🪄
"[빈도수, 반복문, 경로명 리스트 추출 시 collections, itertools, glob 사용] : 74.9 점,
[함수의 인자가 유동적인 경우 처리 권장] : 97.7 점 👍,
[동일 인자 type 통일] : 79.1 점,
[빈 파일 *TODO 표시 필요*] : 62.8 점,
[예외를 삼키는 경우가 없어야 함] : 86.8 점",의도를 알 수 없는 빈 파일 관련 관리를 한 번 살펴봐 주세요. 🧠 다음 커밋에서 아직 해야 할 일을 TODO로 적어 두면 빈 공간도 친절한 안내판이 돼요! 🧠
"[개수 세기에 count 함수 사용] : 85.0 점,
[고정값 상수화 필요] : 91.9 점 👍,
[숫자 값은 위쪽에 상수로] : 89.3 점,
[a = my_list[0], b = my_list[1] ... 대신 unpacking 사용 필요] : 98.6 점 👍,
[불필요한 print, logging 제거] : 63.9 점",리팩터링 퍼즐에서 남은 조각은 실행 경로에 남은 print와 logging 관련 개선입니다. 보너스처럼 불필요한 print나 logging을 지우면 출력이 깔끔해지고 디버깅 신호도 선명해져요! 🌈
"[클래스 내부에서만 쓰이는 속성, 메서드 (접두사 있음) 호출 비 권장] : 62.2 점,
[key=itemgetter(""key"") 사용 권장] : 4.9 점 🚨,
[조건문 중첩 대신 any, all 사용] : 29.9 점 🚨,
[함수의 인자가 하나로 묶을 수 있는 경우 처리 권장] : 98.7 점 👍,
[예외의 종류 (OOOError 등) 구체적 명시 권장] : 91.6 점 👍","정렬 키를 길게 꺼내 쓰는 lambda 관련 점검 쪽에서 잠깐 발이 걸릴 수 있어요! 😉 꼼꼼하게 딕셔너리 키로 정렬할 때는 itemgetter(""key"")가 더 간결하게 뜻을 전해요. 😉"
"[제너레이터 표현식 사용이 가능한 경우 사용] : 31.4 점 🚨,
[미 사용 변수/함수 제거] : 73.5 점,
[빈도수, 반복문, 경로명 리스트 추출 시 collections, itertools, glob 사용] : 74.7 점,
[함수명, 반환값 간 일치] : 100.0 점 👍,
[파일 단순 읽기/쓰기는 Path 사용] : 96.6 점 👍",이번에는 모두 만들어 놓고 쓰는 중간 목록 관련 보완을 먼저 다듬어 보면 어떨까요? 🔍 차근차근 한 번만 순회한다면 제너레이터 표현식으로 메모리를 아껴 볼 만해요.
"[itertools.product 사용 가능한 경우 사용] : 96.3 점 👍,
[import 순서 준수] : 51.5 점 🚨,
[비어 있는 문자열 여부 판단 간소화] : 22.5 점 🚨,
[문자열 단순 연결보다는 f-string 사용] : 83.3 점,
[유사한 이름의 함수끼리 가까이 위치하도록 수정 권장] : 5.7 점 🚨",변경에 강해질 실마리는 바로 관련 함수가 파일 여기저기에 흩어진 배치 관련 개선이에요. 지금 바로 비슷한 역할의 함수를 가까이 두면 탐색 시간이 줄고 파일 구조가 자연스러워져요! 🐣
"[함수의 인자가 유동적인 경우 처리 권장] : 98.5 점 👍,
[함수 인수 type hint 필요] : 86.3 점,
[파일 열기, 닫기 시 with open(...) 사용] : 69.4 점,
[비어 있는 문자열 여부 판단 간소화] : 99.0 점 👍,
[조건문 중첩 대신 any, all 사용] : 13.2 점 🚨",작지만 효과가 큰 다듬기는 참과 거짓을 여러 번 감싸는 조건문 관련 정돈을 정돈하는 일이에요. 🔍 한 줄씩 여러 조건의 존재 여부는 any나 all에 맡기면 뜻이 훨씬 또렷해져요. 🌿
"[유사한 이름의 함수끼리 가까이 위치하도록 수정 권장] : 76.3 점,
[주석 처리된 코드 제거] : 50.5 점 🚨,
[파일 단순 읽기/쓰기는 Path 사용] : 47.3 점 🚨,
[str 단순 += 대신 join 사용] : 97.2 점 👍,
[미 사용 변수/함수 제거] : 34.1 점 🚨",다음 커밋에 담아 볼 변화는 쓰임이 없는 변수와 함수 관련 관리를 정돈하는 일이에요. 오늘의 마무리로 참조되지 않는 선언을 걷어 내면 핵심 로직만 또렷하게 남아요!
"[예외를 삼키는 경우가 없어야 함] : 93.2 점 👍,
[함수의 인자가 유동적인 경우 처리 권장] : 87.0 점,
[100 line 이상 함수 분리, docstring 필요] : 36.1 점 🚨,
[if a.get(""b"") ... 형태로 수정 필요] : 93.1 점 👍,
[문자열 단순 연결보다는 f-string 사용] : 25.2 점 🚨",값을 이어 붙여 만드는 문자열 관련 확인 때문에 의도가 흐려질 여지가 있어요. 😺 가능한 범위에서 표현식이 들어간 문장은 f-string으로 쓰면 눈에 훨씬 잘 들어와요.
"[파일 단순 읽기/쓰기는 Path 사용] : 19.5 점 🚨,
[README.md, pyproject.toml 필요] : 80.4 점,
[미 사용 변수/함수 제거] : 62.9 점,
[문자열 단순 연결보다는 f-string 사용] : 72.4 점,
[함수명, 반환값 간 일치] : 34.0 점 🚨",한 가지 제안은 간단한 파일 작업에 장황한 경로 처리 관련 확인을 챙기는 일이에요! 🧩 큰 부담 없이 Path의 읽기와 쓰기 메서드를 쓰면 파일 작업이 짧고 단단해져요! 💡
"[assertion을 제어 메커니즘으로 사용하면 안됨] : 97.0 점 👍,
[함수 인수 type hint 필요] : 68.3 점,
[a = my_list[0], b = my_list[1] ... 대신 unpacking 사용 필요] : 31.3 점 🚨,
[if a.get(""b"") ... 형태로 수정 필요] : 10.9 점 🚨,
[제너레이터 표현식 사용이 가능한 경우 사용] : 85.9 점","한 번만 만져도 인상이 달라질 곳은 딕셔너리 값을 여러 단계로 꺼내는 검사 관련 정돈입니다! 살짝 a.get(""b"")처럼 안전하게 꺼내면 누락된 키에서도 흐름이 부드러워요. 😉"
"[예외의 종류 (OOOError 등) 구체적 명시 권장] : 91.5 점 👍,
[함수명, 반환값 간 일치] : 55.7 점 🚨,
[매우 간결한 변환은 map 사용] : 87.2 점,
[Python 예약어를 변수명으로 사용하지 않아야 함] : 92.3 점 👍,
[언패킹 시 숫자 인덱스 사용하지 말 것 (변수에 바로 할당)] : 59.4 점 🚨",이름과 실제 결과가 어긋나는 함수 관련 손질은 지금 정리해 두면 이득이 큰 부분이에요. 호기심을 갖고 반환하는 값을 이름에 맞추면 호출부에서 예상이 빗나가지 않아요! 📌
"[a = my_list[0], b = my_list[1] ... 대신 unpacking 사용 필요] : 72.6 점,
[미 사용 변수/함수 제거] : 49.0 점 🚨,
[if-elif-elif-else 구문은 되도록 dict로 수정] : 67.7 점,
[매우 간결한 변환은 map 사용] : 50.2 점 🚨,
[예외를 삼키는 경우가 없어야 함] : 73.0 점",코드에 남은 작은 메시지는 쓰임이 없는 변수와 함수 관련 확인이에요! 🎈 팀과 맞춰 보며 참조되지 않는 선언을 걷어 내면 핵심 로직만 또렷하게 남아요. 🪄
"[리스트 컴프리헨션 사용이 가능한 경우 사용] : 78.6 점,
[불필요한 변수 생성 대신 defaultdict 권장] : 90.2 점 👍,
[문자열 단순 연결보다는 f-string 사용] : 93.0 점 👍,
[불필요한 print, logging 제거] : 52.2 점 🚨,
[함수의 인수를 변경 가능한 default value로 하지 않아야 함] : 78.8 점",코드에 남은 작은 메시지는 실행 경로에 남은 print와 logging 관련 정리예요! 💡 필요한 곳부터 불필요한 print나 logging을 지우면 출력이 깔끔해지고 디버깅 신호도 선명해져요! ✨
"[리스트 컴프리헨션 사용이 가능한 경우 사용] : 39.6 점 🚨,
[파일 열기, 닫기 시 with open(...) 사용] : 95.0 점 👍,
[의미 있는 함수명, 변수명 사용] : 48.7 점 🚨,
[문자열 단순 연결보다는 f-string 사용] : 93.2 점 👍,
[미 사용 변수/함수 제거] : 9.2 점 🚨",쓰임이 없는 변수와 함수 관련 검토를 정리하면 좋은 이유가 분명해요. 💡 조금만 시간을 내서 참조되지 않는 선언을 걷어 내면 핵심 로직만 또렷하게 남아요.
"[Python 예약어를 변수명으로 사용하지 않아야 함] : 94.0 점 👍,
[의미 있는 함수명, 변수명 사용] : 72.1 점,
[한 줄의 길이는 일정 글자 이내로] : 82.7 점,
[고정값 상수화 필요] : 98.1 점 👍,
[불필요한 변수 생성 대신 defaultdict 권장] : 98.7 점 👍",지금 코드에서 살짝 아쉬운 곳은 역할을 짐작하기 어려운 이름 관련 확인입니다. 🙌 차근차근 무엇을 하는지 드러나는 이름으로 바꾸면 설명서 없이도 코드가 읽혀요.
"[a = my_list[0], b = my_list[1] ... 대신 unpacking 사용 필요] : 100.0 점 👍,
[itertools.product 사용 가능한 경우 사용] : 51.9 점 🚨,
[한 줄의 길이는 일정 글자 이내로] : 5.2 점 🚨,
[불필요한 변수 생성 대신 defaultdict 권장] : 97.0 점 👍,
[정규 표현식 문자열은 r""..."" 권장] : 98.4 점 👍",변경에 강해질 실마리는 옆으로 너무 길게 뻗은 코드 줄 관련 개선에 대한 정리예요! 💫 한 호흡 쉬고 줄을 적당히 나누면 작은 화면에서도 흐름을 놓치지 않아요.
"[제너레이터 표현식 사용이 가능한 경우 사용] : 75.9 점,
[언패킹 시 숫자 인덱스 사용하지 말 것 (변수에 바로 할당)] : 65.8 점,
[동일 인자 type 통일] : 97.2 점 👍,
[함수의 인자가 유동적인 경우 처리 권장] : 92.7 점 👍,
[함수명, 반환값 간 일치] : 63.1 점",이름과 실제 결과가 어긋나는 함수 관련 보완을 살피는 김에 언패킹 뒤에 다시 숫자 인덱스를 찾는 흐름 관련 관리도 챙겨 주세요! 🧼 살펴본 김에 반환하는 값을 이름에 맞추면 호출부에서 예상이 빗나가지 않아요. 지금 바로 필요한 이름에 바로 받아 두면 중간 인덱스가 사라져 코드가 단순해져요. 🧠
"[예외를 삼키는 경우가 없어야 함] : 72.9 점,
[조건문 중첩 대신 any, all 사용] : 73.5 점,
[함수 docstring, 함수명 의미 일치] : 37.0 점 🚨,
[리스트 컴프리헨션 사용이 가능한 경우 사용] : 38.3 점 🚨,
[의미 있는 함수명, 변수명 사용] : 21.3 점 🚨",조금 더 사랑받는 코드로 가는 길은 역할을 짐작하기 어려운 이름 관련 정돈에서 열려요! 💡 읽는 사람을 위해 무엇을 하는지 드러나는 이름으로 바꾸면 설명서 없이도 코드가 읽혀요!
"[zip 사용 가능한 경우 사용] : 66.1 점,
[함수의 인자가 하나로 묶을 수 있는 경우 처리 권장] : 75.8 점,
[a = my_list[0], b = my_list[1] ... 대신 unpacking 사용 필요] : 77.1 점,
[if-elif-elif-else 구문은 되도록 dict로 수정] : 66.8 점,
[파일 열기, 닫기 시 with open(...) 사용] : 63.0 점",파일을 열고 닫는 일을 수동으로 관리하는 코드 관련 정리에 손을 보태면 흐름이 훨씬 편안해져요! 🌈 혼자만의 비밀로 두지 말고 with open(...)으로 감싸면 예외가 나도 파일이 안전하게 닫혀요!
"[빈도수, 반복문, 경로명 리스트 추출 시 collections, itertools, glob 사용] : 11.0 점 🚨,
[if a.get(""b"") ... 형태로 수정 필요] : 93.3 점 👍,
[고정값 상수화 필요] : 93.2 점 👍,
[상태 값 조건이 있는 if-elif-elif-else 있는 경우 클래스화 고려] : 58.9 점 🚨,
[assertion을 제어 메커니즘으로 사용하면 안됨] : 23.5 점 🚨",프로젝트 체력을 키울 제안은 자주 쓰는 패턴을 직접 구현한 반복 관련 개선이에요! 🙌 꼼꼼하게 빈도에는 collections를 반복 조합에는 itertools를 경로 모으기에는 glob을 쓰면 표준 도구의 힘을 빌릴 수 있어요. 🧼
"[고정값 상수화 필요] : 31.8 점 🚨,
[제너레이터 표현식 사용이 가능한 경우 사용] : 57.9 점 🚨,
[enumerate 사용 가능한 경우 사용] : 90.7 점 👍,
[예외를 삼키는 경우가 없어야 함] : 75.3 점,
[유사한 이름의 함수끼리 가까이 위치하도록 수정 권장] : 93.7 점 👍",코드의 숨통을 틔울 힌트는 여러 군데 박혀 있는 고정값 관련 점검입니다. 🐣 다음 배포를 생각하며 의미 있는 상수 이름으로 꺼내 두면 정책을 바꿀 때 한 번에 손볼 수 있어요!
"[key=itemgetter(""key"") 사용 권장] : 90.7 점 👍,
[파일 열기, 닫기 시 with open(...) 사용] : 99.8 점 👍,
[함수의 인자가 하나로 묶을 수 있는 경우 처리 권장] : 91.2 점 👍,
[if a.get(""b"") ... 형태로 수정 필요] : 82.1 점,
[str 단순 += 대신 join 사용] : 73.5 점","딕셔너리 값을 여러 단계로 꺼내는 검사 관련 검토와 문자열을 반복해서 더하는 연결 관련 다듬기가 함께 아쉬움을 남겨요. 팀과 맞춰 보며 a.get(""b"")처럼 안전하게 꺼내면 누락된 키에서도 흐름이 부드러워요. 부드럽게 조각을 많이 합칠 때는 join으로 모으면 성능과 의도가 함께 좋아져요. 🌈"
"[리스트 컴프리헨션 사용이 가능한 경우 사용] : 90.3 점 👍,
[if a.get(""b"") ... 형태로 수정 필요] : 84.8 점,
[개수 세기에 count 함수 사용] : 72.8 점,
[제너레이터 표현식 사용이 가능한 경우 사용] : 64.3 점,
[f = lambda x: ... 보다는 def f(x): return ... 를 사용] : 98.7 점 👍",모두 만들어 놓고 쓰는 중간 목록 관련 정돈 쪽에서 잠깐 발이 걸릴 수 있어요! 🎯 다음 커밋에서 한 번만 순회한다면 제너레이터 표현식으로 메모리를 아껴 볼 만해요! 🛠️
"[지나치게 많은 들여쓰기 수정] : 27.7 점 🚨,
[100 line 이상 함수 분리, docstring 필요] : 64.0 점,
[불필요한 변수 생성 대신 defaultdict 권장] : 93.4 점 👍,
[함수의 인자가 유동적인 경우 처리 권장] : 25.0 점 🚨,
[if a.get(""b"") ... 형태로 수정 필요] : 89.2 점",이번에는 개수가 달라질 수 있는 인수를 고정해 둔 호출 관련 보완을 먼저 다듬어 보면 어떨까요? 🔍 기분 좋게 가변 인수는 *args나 **kwargs를 알맞게 쓰면 확장에 더 유연해져요.
"[str 단순 += 대신 join 사용] : 81.9 점,
[예외를 삼키는 경우가 없어야 함] : 97.9 점 👍,
[중복되는 사항 common 으로 빼기] : 60.8 점,
[정규 표현식 문자열은 r""..."" 권장] : 96.9 점 👍,
[zip 사용 가능한 경우 사용] : 91.3 점 👍",리팩터링 퍼즐에서 남은 조각은 바로 여러 곳에 흩어진 비슷한 처리 관련 손질이에요. 🔍 다음 커밋에서 공통 동작을 한곳으로 모으면 수정할 때 놓칠 구석이 줄어요. 🎯
"[assertion을 제어 메커니즘으로 사용하면 안됨] : 71.7 점,
[인덱스 반환에 index 함수 사용] : 51.2 점 🚨,
[파일 열기, 닫기 시 with open(...) 사용] : 55.0 점 🚨,
[동일한 인수 집합을 갖는 함수가 많은 경우 클래스화 고려] : 84.0 점,
[prefix, suffix 검사 시 startswith(), endswith() 사용] : 15.4 점 🚨",문자열 앞뒤를 잘라 비교하는 검사 관련 관리 쪽은 조금 더 선명해질 수 있어요! 과감하게 접두사와 접미사는 startswith()와 endswith()로 확인하면 실수가 줄어요. 위치를 찾기 위해 손수 추적하는 반복 관련 정돈도 살짝 첫 위치가 필요할 때는 index를 쓰면 목적이 바로 보입니다. 🐣
"[prefix, suffix 검사 시 startswith(), endswith() 사용] : 98.3 점 👍,
[동일한 인수 집합을 갖는 함수가 많은 경우 클래스화 고려] : 100.0 점 👍,
[불필요한 print, logging 제거] : 70.1 점,
[동일 인자 type 통일] : 37.3 점 🚨,
[상태 값 조건이 있는 if-elif-elif-else 있는 경우 클래스화 고려] : 95.9 점 👍",다음 리팩터링에서 짚을 대목은 같은 뜻인데 들쭉날쭉한 type 표기 관련 개편을 정돈하는 일이에요. 🪄 한 발 먼저 인수의 type을 한 방식으로 맞추면 호출하는 쪽도 덜 헷갈려요.
"[함수 docstring, 함수명 의미 일치] : 90.9 점 👍,
[함수의 인수를 변경 가능한 default value로 하지 않아야 함] : 99.5 점 👍,
[상태 값 조건이 있는 if-elif-elif-else 있는 경우 클래스화 고려] : 12.9 점 🚨,
[key=itemgetter(""key"") 사용 권장] : 23.4 점 🚨,
[클래스 내부에서만 쓰이는 속성, 메서드 (접두사 있음) 호출 비 권장] : 99.6 점 👍",한 가지 제안은 상태에 따라 길게 갈라지는 분기 관련 개선을 챙기는 일이에요! 살펴본 김에 상태별 동작을 클래스로 나누면 새 상태를 더할 때 기존 조건문을 덜 건드려도 돼요!
"[상태 값 조건이 있는 if-elif-elif-else 있는 경우 클래스화 고려] : 43.3 점 🚨,
[유사한 변수명 통일] : 89.3 점,
[str 단순 += 대신 join 사용] : 95.5 점 👍,
[if-elif-elif-else 구문은 되도록 dict로 수정] : 94.2 점 👍,
[파일 열기, 닫기 시 with open(...) 사용] : 39.3 점 🚨",이번 리뷰는 상태에 따라 길게 갈라지는 분기 관련 개선을 먼저 살펴보라고 말해요! 🙌 리뷰 메모를 따라 상태별 동작을 클래스로 나누면 새 상태를 더할 때 기존 조건문을 덜 건드려도 돼요. 이어서 파일을 열고 닫는 일을 수동으로 관리하는 코드 관련 관리에는 흐름을 따라 with open(...)으로 감싸면 예외가 나도 파일이 안전하게 닫혀요.
"[README.md, pyproject.toml 필요] : 99.0 점 👍,
[함수 docstring, 함수명 의미 일치] : 78.0 점,
[빈 파일 *TODO 표시 필요*] : 97.8 점 👍,
[itertools.product 사용 가능한 경우 사용] : 91.9 점 👍,
[파일 열기, 닫기 시 with open(...) 사용] : 95.5 점 👍",설명과 행동이 서로 다른 함수 관련 다듬기와 여러 조합을 손으로 겹쳐 도는 반복 관련 리팩터링만 보완해도 확 달라져요! 🧩 가능한 범위에서 docstring과 함수가 약속한 역할을 맞추면 다음 사람이 안심하고 호출할 수 있어요. 오늘의 마무리로 모든 조합이 필요할 때는 itertools.product로 의도를 또렷하게 드러내요! 💫
"[고정값 상수화 필요] : 84.2 점,
[함수 인수 type hint 필요] : 30.1 점 🚨,
[if a.get(""b"") ... 형태로 수정 필요] : 81.9 점,
[지나치게 많은 들여쓰기 수정] : 60.6 점,
[불필요한 print, logging 제거] : 98.9 점 👍",지금 챙기면 미래가 편해질 부분은 형태가 보이지 않는 함수 인수 관련 개선입니다! 🚀 조금만 시간을 내서 인수에 type hint를 달아 두면 들어오는 데이터가 무엇인지 바로 알 수 있어요. 😉
"[함수 인수 type hint 필요] : 97.9 점 👍,
[유사한 이름의 함수끼리 가까이 위치하도록 수정 권장] : 93.0 점 👍,
[정규 표현식 문자열은 r""..."" 권장] : 63.6 점,
[인덱스 반환에 index 함수 사용] : 92.1 점 👍,
[import 순서 준수] : 97.2 점 👍","백슬래시가 많은 정규식 문자열 관련 개선은 지금 정리해 두면 이득이 큰 부분이에요. 🌈 호기심을 갖고 정규식은 r""..."" 형태로 적으면 이스케이프를 덜 신경 써도 돼요. 🌈"
"[고정값 상수화 필요] : 22.7 점 🚨,
[str 단순 += 대신 join 사용] : 2.4 점 🚨,
[유사한 이름의 함수끼리 가까이 위치하도록 수정 권장] : 86.6 점,
[미 사용 변수/함수 제거] : 94.8 점 👍,
[a = my_list[0], b = my_list[1] ... 대신 unpacking 사용 필요] : 23.8 점 🚨",문자열을 반복해서 더하는 연결 관련 리팩터링을 정리하면 좋은 이유가 분명해요. 호기심을 갖고 조각을 많이 합칠 때는 join으로 모으면 성능과 의도가 함께 좋아져요! ✨
"[매우 간결한 변환은 map 사용] : 96.6 점 👍,
[동일한 인수 집합을 갖는 함수가 많은 경우 클래스화 고려] : 66.4 점,
[파일 열기, 닫기 시 with open(...) 사용] : 98.9 점 👍,
[유사한 이름의 함수끼리 가까이 위치하도록 수정 권장] : 97.0 점 👍,
[경로를 path/to/file 이 아닌, pathlib 또는 os.path.join 사용] : 81.9 점",같은 설정을 반복해서 받는 함수들 관련 다듬기를 정리하면 좋은 이유가 분명해요. 🍀 흐름을 따라 공통 상태를 가진 객체로 묶으면 인자 전달이 가벼워지고 역할도 선명해져요! 🪄
"[import 순서 준수] : 95.3 점 👍,
[제너레이터 표현식 사용이 가능한 경우 사용] : 95.9 점 👍,
[중복되는 사항 common 으로 빼기] : 55.6 점 🚨,
[동일 인자 type 통일] : 59.5 점 🚨,
[예외를 삼키는 경우가 없어야 함] : 96.9 점 👍",지금 코드에서 살짝 아쉬운 곳은 여러 곳에 흩어진 비슷한 처리 관련 개편입니다. 📌 이 기회에 공통 동작을 한곳으로 모으면 수정할 때 놓칠 구석이 줄어요!
"[경로를 path/to/file 이 아닌, pathlib 또는 os.path.join 사용] : 90.4 점 👍,
[리스트 컴프리헨션 사용이 가능한 경우 사용] : 62.1 점,
[숫자 값은 위쪽에 상수로] : 30.4 점 🚨,
[Python 예약어를 변수명으로 사용하지 않아야 함] : 76.7 점,
[비어 있는 문자열 여부 판단 간소화] : 19.2 점 🚨",한 단계 더 단정해질 포인트는 빈 문자열을 빙 돌아 확인하는 조건 관련 정리와 로직 사이에 숨어 있는 숫자 관련 점검에 있어요! 🎈 다음 커밋에서 파이썬다운 truthy 검사로 바꾸면 조건식이 가볍게 읽혀요. 큰 부담 없이 매직 넘버를 파일 위쪽의 상수로 올리면 숫자가 왜 필요한지 바로 보여요.
"[함수 docstring, 함수명 의미 일치] : 86.3 점,
[str 단순 += 대신 join 사용] : 70.7 점,
[불필요한 변수 생성 대신 defaultdict 권장] : 69.6 점,
[유사한 이름의 함수끼리 가까이 위치하도록 수정 권장] : 96.2 점 👍,
[문자열 단순 연결보다는 f-string 사용] : 44.0 점 🚨",값을 이어 붙여 만드는 문자열 관련 개선을 놓치지 않으면 한결 편해져요! 🧼 안전하게 표현식이 들어간 문장은 f-string으로 쓰면 눈에 훨씬 잘 들어와요.
"[기존 배열의 원소 추가 대신 extend 함수 사용] : 90.6 점 👍,
[문자열 단순 연결보다는 f-string 사용] : 96.4 점 👍,
[경로를 path/to/file 이 아닌, pathlib 또는 os.path.join 사용] : 43.0 점 🚨,
[zip 사용 가능한 경우 사용] : 93.4 점 👍,
[유사한 변수명 통일] : 90.9 점 👍",조금 더 사랑받는 코드로 가는 길은 문자열로 이어 붙인 파일 경로 관련 점검에서 열려요! 한 번에 pathlib이나 os.path.join으로 경로를 조립하면 운영체제가 달라도 안전해요! 🛠️
"[함수의 인자가 유동적인 경우 처리 권장] : 30.4 점 🚨,
[주석 처리된 코드 제거] : 60.2 점,
[함수명, 반환값 간 일치] : 90.4 점 👍,
[미 사용 변수/함수 제거] : 70.2 점,
[유사한 이름의 함수끼리 가까이 위치하도록 수정 권장] : 19.5 점 🚨",관련 함수가 파일 여기저기에 흩어진 배치 관련 손질에 손을 보태면 흐름이 훨씬 편안해져요! 😺 부드럽게 비슷한 역할의 함수를 가까이 두면 탐색 시간이 줄고 파일 구조가 자연스러워져요.
"[import 순서 준수] : 48.9 점 🚨,
[리스트 컴프리헨션 사용이 가능한 경우 사용] : 32.0 점 🚨,
[고정값 상수화 필요] : 86.8 점,
[Python 예약어를 변수명으로 사용하지 않아야 함] : 37.8 점 🚨,
[100 line 이상 함수 분리, docstring 필요] : 61.9 점",테스트하기 쉬운 구조로 가는 문은 단순 변환을 길게 푼 반복문 관련 리팩터링이에요! 🎈 오늘의 마무리로 짧고 명확한 경우에는 리스트 컴프리헨션으로 의도를 한눈에 보여 주세요. ✨
"[빈도수, 반복문, 경로명 리스트 추출 시 collections, itertools, glob 사용] : 90.2 점 👍,
[비어 있는 문자열 여부 판단 간소화] : 35.5 점 🚨,
[Python 예약어를 변수명으로 사용하지 않아야 함] : 61.7 점,
[유사한 변수명 통일] : 38.3 점 🚨,
[README.md, pyproject.toml 필요] : 86.2 점",리팩터링 퍼즐에서 남은 조각은 빈 문자열을 빙 돌아 확인하는 조건 관련 손질입니다. 작은 단계로 파이썬다운 truthy 검사로 바꾸면 조건식이 가볍게 읽혀요!
"[주석 처리된 코드 제거] : 96.5 점 👍,
[동일한 인수 집합을 갖는 함수가 많은 경우 클래스화 고려] : 50.9 점 🚨,
[유사한 변수명 통일] : 39.9 점 🚨,
[함수 docstring, 함수명 의미 일치] : 97.6 점 👍,
[경로를 path/to/file 이 아닌, pathlib 또는 os.path.join 사용] : 95.5 점 👍",프로젝트 체력을 키울 제안은 서로 닮았지만 제각각인 변수 이름 관련 검토입니다. 다음 변경 전에 같은 개념에는 같은 이름 규칙을 쓰면 읽는 속도가 훨씬 빨라져요! 🙌
"[유사한 이름의 함수끼리 가까이 위치하도록 수정 권장] : 99.4 점 👍,
[제너레이터 표현식 사용이 가능한 경우 사용] : 72.4 점,
[a = my_list[0], b = my_list[1] ... 대신 unpacking 사용 필요] : 98.9 점 👍,
[의미 있는 함수명, 변수명 사용] : 94.9 점 👍,
[prefix, suffix 검사 시 startswith(), endswith() 사용] : 6.5 점 🚨",문자열 앞뒤를 잘라 비교하는 검사 관련 검토 쪽에서 잠깐 발이 걸릴 수 있어요! 살펴본 김에 접두사와 접미사는 startswith()와 endswith()로 확인하면 실수가 줄어요! 🔍
"[a = my_list[0], b = my_list[1] ... 대신 unpacking 사용 필요] : 95.0 점 👍,
[상태 값 조건이 있는 if-elif-elif-else 있는 경우 클래스화 고려] : 57.4 점 🚨,
[동일한 인수 집합을 갖는 함수가 많은 경우 클래스화 고려] : 83.3 점,
[f = lambda x: ... 보다는 def f(x): return ... 를 사용] : 60.6 점,
[매우 간결한 변환은 map 사용] : 88.7 점",상태에 따라 길게 갈라지는 분기 관련 검토는 작은 손질로 분위기가 크게 바뀌는 곳이에요! 🙌 흐름을 따라 상태별 동작을 클래스로 나누면 새 상태를 더할 때 기존 조건문을 덜 건드려도 돼요! 🎯
"[파일 열기, 닫기 시 with open(...) 사용] : 99.5 점 👍,
[빈 파일 *TODO 표시 필요*] : 65.3 점,
[정규 표현식 문자열은 r""..."" 권장] : 96.8 점 👍,
[zip 사용 가능한 경우 사용] : 74.4 점,
[인덱스 반환에 index 함수 사용] : 95.8 점 👍",나중의 나를 웃게 할 수정은 바로 의도를 알 수 없는 빈 파일 관련 정리예요. 💫 과감하게 아직 해야 할 일을 TODO로 적어 두면 빈 공간도 친절한 안내판이 돼요! 🍀
"[함수의 인자가 유동적인 경우 처리 권장] : 91.1 점 👍,
[지나치게 많은 들여쓰기 수정] : 96.1 점 👍,
[itertools.product 사용 가능한 경우 사용] : 5.5 점 🚨,
[파일 열기, 닫기 시 with open(...) 사용] : 57.8 점 🚨,
[매우 간결한 변환은 map 사용] : 98.4 점 👍",다음 리팩터링에서 짚을 대목은 여러 조합을 손으로 겹쳐 도는 반복 관련 개선을 정돈하는 일이에요. 🎈 보너스처럼 모든 조합이 필요할 때는 itertools.product로 의도를 또렷하게 드러내요!
"[assertion을 제어 메커니즘으로 사용하면 안됨] : 98.2 점 👍,
[빈도수, 반복문, 경로명 리스트 추출 시 collections, itertools, glob 사용] : 93.5 점 👍,
[함수 인수 type hint 필요] : 67.7 점,
[인덱스 반환에 index 함수 사용] : 91.0 점 👍,
[중복되는 사항 common 으로 빼기] : 92.3 점 👍",변경에 강해질 실마리는 형태가 보이지 않는 함수 인수 관련 보완을 정돈하는 일이에요. 지금 바로 인수에 type hint를 달아 두면 들어오는 데이터가 무엇인지 바로 알 수 있어요! 😺
"[제너레이터 표현식 사용이 가능한 경우 사용] : 94.6 점 👍,
[prefix, suffix 검사 시 startswith(), endswith() 사용] : 94.7 점 👍,
[중복되는 사항 common 으로 빼기] : 80.0 점,
[문자열 단순 연결보다는 f-string 사용] : 99.8 점 👍,
[비어 있는 문자열 여부 판단 간소화] : 93.0 점 👍",한 가지 제안은 여러 곳에 흩어진 비슷한 처리 관련 개선을 챙기는 일이에요! 테스트를 떠올리며 공통 동작을 한곳으로 모으면 수정할 때 놓칠 구석이 줄어요!
"[주석 처리된 코드 제거] : 61.1 점,
[zip 사용 가능한 경우 사용] : 90.6 점 👍,
[제너레이터 표현식 사용이 가능한 경우 사용] : 52.4 점 🚨,
[개수 세기에 count 함수 사용] : 86.0 점,
[고정값 상수화 필요] : 96.4 점 👍",한 가지 제안은 모두 만들어 놓고 쓰는 중간 목록 관련 확인을 챙기는 일이에요! 💫 다음 변경 전에 한 번만 순회한다면 제너레이터 표현식으로 메모리를 아껴 볼 만해요.
"[불필요한 변수 생성 대신 defaultdict 권장] : 62.9 점,
[함수의 인자가 유동적인 경우 처리 권장] : 90.4 점 👍,
[클래스 내부에서만 쓰이는 속성, 메서드 (접두사 있음) 호출 비 권장] : 25.7 점 🚨,
[100 line 이상 함수 분리, docstring 필요] : 22.0 점 🚨,
[의미 있는 함수명, 변수명 사용] : 95.3 점 👍",한 번에 너무 많은 일을 하는 긴 함수 관련 검토를 고치면 코드의 인상이 달라져요! 의도를 적어 두듯 책임별로 나누고 docstring을 붙이면 테스트와 수정이 한결 수월해져요! 🪄
"[빈 파일 *TODO 표시 필요*] : 95.4 점 👍,
[언패킹 시 숫자 인덱스 사용하지 말 것 (변수에 바로 할당)] : 18.4 점 🚨,
[상태 값 조건이 있는 if-elif-elif-else 있는 경우 클래스화 고려] : 61.0 점,
[함수명, 반환값 간 일치] : 78.5 점,
[문자열 단순 연결보다는 f-string 사용] : 23.2 점 🚨",코드 산책 중 만난 작은 이슈는 언패킹 뒤에 다시 숫자 인덱스를 찾는 흐름 관련 확인입니다! 😉 우선은 필요한 이름에 바로 받아 두면 중간 인덱스가 사라져 코드가 단순해져요! 🐣
"[언패킹 시 숫자 인덱스 사용하지 말 것 (변수에 바로 할당)] : 69.3 점,
[예외를 삼키는 경우가 없어야 함] : 96.9 점 👍,
[함수의 인수를 변경 가능한 default value로 하지 않아야 함] : 88.6 점,
[if a.get(""b"") ... 형태로 수정 필요] : 98.1 점 👍,
[prefix, suffix 검사 시 startswith(), endswith() 사용] : 68.3 점",문자열 앞뒤를 잘라 비교하는 검사 관련 개선에는 지금 작은 정리가 필요해요. 🛠️ 읽는 사람을 위해 접두사와 접미사는 startswith()와 endswith()로 확인하면 실수가 줄어요. 아울러 언패킹 뒤에 다시 숫자 인덱스를 찾는 흐름 관련 개선도 살짝 필요한 이름에 바로 받아 두면 중간 인덱스가 사라져 코드가 단순해져요! 🎯
"[의미 있는 함수명, 변수명 사용] : 7.7 점 🚨,
[함수의 인수를 변경 가능한 default value로 하지 않아야 함] : 94.7 점 👍,
[예외를 삼키는 경우가 없어야 함] : 16.0 점 🚨,
[함수 인수 type hint 필요] : 75.1 점,
[유사한 이름의 함수끼리 가까이 위치하도록 수정 권장] : 68.7 점",코드에 남은 작은 메시지는 역할을 짐작하기 어려운 이름 관련 점검이에요! 🌿 프로젝트를 아끼는 마음으로 무엇을 하는지 드러나는 이름으로 바꾸면 설명서 없이도 코드가 읽혀요. 🌿
"[지나치게 많은 들여쓰기 수정] : 52.2 점 🚨,
[클래스 내부에서만 쓰이는 속성, 메서드 (접두사 있음) 호출 비 권장] : 86.5 점,
[유사한 이름의 함수끼리 가까이 위치하도록 수정 권장] : 94.8 점 👍,
[미 사용 변수/함수 제거] : 86.9 점,
[예외의 종류 (OOOError 등) 구체적 명시 권장] : 53.6 점 🚨",지금 코드에서 살짝 아쉬운 곳은 깊숙이 내려가는 들여쓰기 관련 정돈입니다. 코드의 맥락을 보며 작은 함수로 쪼개거나 빠른 반환을 쓰면 조건의 미로가 얕아져요! 📌
"[의미 있는 함수명, 변수명 사용] : 91.9 점 👍,
[조건문 중첩 대신 any, all 사용] : 17.7 점 🚨,
[주석 처리된 코드 제거] : 99.3 점 👍,
[파일 단순 읽기/쓰기는 Path 사용] : 97.6 점 👍,
[함수의 인수를 변경 가능한 default value로 하지 않아야 함] : 31.1 점 🚨",지금 코드에서 살짝 아쉬운 곳은 참과 거짓을 여러 번 감싸는 조건문 관련 개편입니다. 🍀 차분하게 여러 조건의 존재 여부는 any나 all에 맡기면 뜻이 훨씬 또렷해져요.
"[함수 docstring, 함수명 의미 일치] : 83.6 점,
[str 단순 += 대신 join 사용] : 60.6 점,
[prefix, suffix 검사 시 startswith(), endswith() 사용] : 62.9 점,
[경로를 path/to/file 이 아닌, pathlib 또는 os.path.join 사용] : 94.0 점 👍,
[if a.get(""b"") ... 형태로 수정 필요] : 72.7 점",오늘의 코드에 남은 숙제는 문자열을 반복해서 더하는 연결 관련 확인에 대한 정리예요! 과감하게 조각을 많이 합칠 때는 join으로 모으면 성능과 의도가 함께 좋아져요. 🙌
"[동일한 인수 집합을 갖는 함수가 많은 경우 클래스화 고려] : 76.5 점,
[README.md, pyproject.toml 필요] : 71.1 점,
[str 단순 += 대신 join 사용] : 35.0 점 🚨,
[itertools.product 사용 가능한 경우 사용] : 91.6 점 👍,
[유사한 변수명 통일] : 88.9 점",문자열을 반복해서 더하는 연결 관련 확인을 놓치지 않으면 한결 편해져요! 🛠️ 리뷰 메모를 따라 조각을 많이 합칠 때는 join으로 모으면 성능과 의도가 함께 좋아져요!
"[클래스 내부에서만 쓰이는 속성, 메서드 (접두사 있음) 호출 비 권장] : 60.7 점,
[중복되는 사항 common 으로 빼기] : 64.9 점,
[제너레이터 표현식 사용이 가능한 경우 사용] : 0.5 점 🚨,
[if-elif-elif-else 구문은 되도록 dict로 수정] : 94.8 점 👍,
[경로를 path/to/file 이 아닌, pathlib 또는 os.path.join 사용] : 72.8 점",조금 더 사랑받는 코드로 가는 길은 모두 만들어 놓고 쓰는 중간 목록 관련 정돈에서 열려요! 🧠 가능하면 한 번만 순회한다면 제너레이터 표현식으로 메모리를 아껴 볼 만해요. 😺
"[함수의 인수를 변경 가능한 default value로 하지 않아야 함] : 96.2 점 👍,
[리스트 컴프리헨션 사용이 가능한 경우 사용] : 44.2 점 🚨,
[기존 배열의 원소 추가 대신 extend 함수 사용] : 37.0 점 🚨,
[빈 파일 *TODO 표시 필요*] : 66.0 점,
[동일한 인수 집합을 갖는 함수가 많은 경우 클래스화 고려] : 98.5 점 👍",작지만 효과가 큰 다듬기는 목록 원소를 하나씩 붙이는 처리 관련 다듬기예요! 🙌 마음 편히 여러 값을 더할 때는 extend를 쓰면 의도가 정확히 전달돼요.
"[enumerate 사용 가능한 경우 사용] : 86.0 점,
[숫자 값은 위쪽에 상수로] : 75.1 점,
[리스트 컴프리헨션 사용이 가능한 경우 사용] : 85.3 점,
[주석 처리된 코드 제거] : 40.6 점 🚨,
[동일 인자 type 통일] : 33.6 점 🚨",변경에 강해질 실마리는 같은 뜻인데 들쭉날쭉한 type 표기 관련 손질이에요! 🚀 꼼꼼하게 인수의 type을 한 방식으로 맞추면 호출하는 쪽도 덜 헷갈려요! 🌈
"[지나치게 많은 들여쓰기 수정] : 94.1 점 👍,
[유사한 변수명 통일] : 59.0 점 🚨,
[언패킹 시 숫자 인덱스 사용하지 말 것 (변수에 바로 할당)] : 92.2 점 👍,
[빈도수, 반복문, 경로명 리스트 추출 시 collections, itertools, glob 사용] : 74.6 점,
[비어 있는 문자열 여부 판단 간소화] : 42.5 점 🚨",빈 문자열을 빙 돌아 확인하는 조건 관련 관리를 한 번 살펴봐 주세요. 🚀 테스트를 떠올리며 파이썬다운 truthy 검사로 바꾸면 조건식이 가볍게 읽혀요!
"[정규 표현식 문자열은 r""..."" 권장] : 3.3 점 🚨,
[itertools.product 사용 가능한 경우 사용] : 99.8 점 👍,
[zip 사용 가능한 경우 사용] : 38.8 점 🚨,
[if-elif-elif-else 구문은 되도록 dict로 수정] : 96.6 점 👍,
[고정값 상수화 필요] : 62.2 점","나중의 나를 웃게 할 수정은 백슬래시가 많은 정규식 문자열 관련 확인입니다. 🎈 꼼꼼하게 정규식은 r""..."" 형태로 적으면 이스케이프를 덜 신경 써도 돼요! 🧼"
"[if-elif-elif-else 구문은 되도록 dict로 수정] : 72.2 점,
[미 사용 변수/함수 제거] : 31.2 점 🚨,
[의미 있는 함수명, 변수명 사용] : 98.9 점 👍,
[prefix, suffix 검사 시 startswith(), endswith() 사용] : 97.2 점 👍,
[동일한 인수 집합을 갖는 함수가 많은 경우 클래스화 고려] : 23.2 점 🚨",같은 설정을 반복해서 받는 함수들 관련 점검 쪽에서 잠깐 발이 걸릴 수 있어요! 😉 살짝 공통 상태를 가진 객체로 묶으면 인자 전달이 가벼워지고 역할도 선명해져요!
"[a = my_list[0], b = my_list[1] ... 대신 unpacking 사용 필요] : 96.8 점 👍,
[불필요한 print, logging 제거] : 97.8 점 👍,
[f = lambda x: ... 보다는 def f(x): return ... 를 사용] : 49.8 점 🚨,
[언패킹 시 숫자 인덱스 사용하지 말 것 (변수에 바로 할당)] : 6.7 점 🚨,
[Python 예약어를 변수명으로 사용하지 않아야 함] : 81.3 점",이번에는 언패킹 뒤에 다시 숫자 인덱스를 찾는 흐름 관련 관리를 먼저 다듬어 보면 어떨까요? 🔍 프로젝트를 아끼는 마음으로 필요한 이름에 바로 받아 두면 중간 인덱스가 사라져 코드가 단순해져요. 💫
"[동일한 인수 집합을 갖는 함수가 많은 경우 클래스화 고려] : 91.3 점 👍,
[의미 있는 함수명, 변수명 사용] : 80.1 점,
[import 순서 준수] : 91.0 점 👍,
[매우 간결한 변환은 map 사용] : 91.2 점 👍,
[함수의 인자가 하나로 묶을 수 있는 경우 처리 권장] : 36.6 점 🚨",읽는 사람을 배려하는 선택은 바로 서로 늘 함께 다니는 여러 인수 관련 리팩터링이에요. 🚀 리뷰 메모를 따라 관련 값을 객체나 dataclass로 묶으면 호출부가 훨씬 덜 복잡해져요! 😺
"[enumerate 사용 가능한 경우 사용] : 96.5 점 👍,
[의미 있는 함수명, 변수명 사용] : 93.4 점 👍,
[zip 사용 가능한 경우 사용] : 93.7 점 👍,
[빈 파일 *TODO 표시 필요*] : 19.9 점 🚨,
[고정값 상수화 필요] : 100.0 점 👍",의도를 알 수 없는 빈 파일 관련 확인은 작은 손질로 분위기가 크게 바뀌는 곳이에요! 프로젝트를 아끼는 마음으로 아직 해야 할 일을 TODO로 적어 두면 빈 공간도 친절한 안내판이 돼요. 💫
"[주석 처리된 코드 제거] : 94.5 점 👍,
[클래스 내부에서만 쓰이는 속성, 메서드 (접두사 있음) 호출 비 권장] : 70.3 점,
[prefix, suffix 검사 시 startswith(), endswith() 사용] : 93.5 점 👍,
[빈 파일 *TODO 표시 필요*] : 95.0 점 👍,
[고정값 상수화 필요] : 89.6 점",코드가 들려주는 두 가지 부탁은 외부에서 건드리는 내부 전용 속성과 메서드 관련 보완과 여러 군데 박혀 있는 고정값 관련 손질이에요! 😉 이번 수정에서는 밑줄로 표시된 내부 구현은 클래스 밖에서 의존하지 않으면 변경에도 견고해져요. 프로젝트를 아끼는 마음으로 의미 있는 상수 이름으로 꺼내 두면 정책을 바꿀 때 한 번에 손볼 수 있어요.
"[의미 있는 함수명, 변수명 사용] : 98.0 점 👍,
[함수의 인수를 변경 가능한 default value로 하지 않아야 함] : 4.2 점 🚨,
[문자열 단순 연결보다는 f-string 사용] : 99.9 점 👍,
[assertion을 제어 메커니즘으로 사용하면 안됨] : 97.9 점 👍,
[지나치게 많은 들여쓰기 수정] : 10.4 점 🚨",기본 인수에 놓인 변경 가능한 객체 관련 개편 때문에 의도가 흐려질 여지가 있어요. 한 호흡 쉬고 리스트나 딕셔너리는 None으로 두고 함수 안에서 만들면 호출 사이에 상태가 섞이지 않아요! 📌
"[조건문 중첩 대신 any, all 사용] : 7.6 점 🚨,
[함수의 인자가 하나로 묶을 수 있는 경우 처리 권장] : 96.3 점 👍,
[고정값 상수화 필요] : 91.9 점 👍,
[한 줄의 길이는 일정 글자 이내로] : 3.1 점 🚨,
[동일한 인수 집합을 갖는 함수가 많은 경우 클래스화 고려] : 54.4 점 🚨",한 가지 제안은 옆으로 너무 길게 뻗은 코드 줄 관련 점검을 챙기는 일이에요! 🔍 다음 커밋에서 줄을 적당히 나누면 작은 화면에서도 흐름을 놓치지 않아요. 🚀
"[불필요한 변수 생성 대신 defaultdict 권장] : 96.9 점 👍,
[str 단순 += 대신 join 사용] : 96.8 점 👍,
[import 순서 준수] : 32.6 점 🚨,
[중복되는 사항 common 으로 빼기] : 81.8 점,
[빈 파일 *TODO 표시 필요*] : 87.0 점",한 번만 만져도 인상이 달라질 곳은 여러 곳에 흩어진 비슷한 처리 관련 검토예요! 한 호흡 쉬고 공통 동작을 한곳으로 모으면 수정할 때 놓칠 구석이 줄어요. 그다음에는 섞여 있는 import 배치 관련 다듬기도 필요한 곳부터 표준 라이브러리와 외부 패키지와 내부 모듈을 차례로 정리하면 시작 화면이 말끔해져요! 💫
"[불필요한 print, logging 제거] : 89.1 점,
[a = my_list[0], b = my_list[1] ... 대신 unpacking 사용 필요] : 43.3 점 🚨,
[기존 배열의 원소 추가 대신 extend 함수 사용] : 29.9 점 🚨,
[비어 있는 문자열 여부 판단 간소화] : 59.0 점 🚨,
[클래스 내부에서만 쓰이는 속성, 메서드 (접두사 있음) 호출 비 권장] : 98.3 점 👍",정리 마법을 한 번 쓸 곳은 목록 원소를 하나씩 붙이는 처리 관련 확인입니다! 미래의 나를 위해 여러 값을 더할 때는 extend를 쓰면 의도가 정확히 전달돼요.
"[assertion을 제어 메커니즘으로 사용하면 안됨] : 67.3 점,
[의미 있는 함수명, 변수명 사용] : 96.0 점 👍,
[예외를 삼키는 경우가 없어야 함] : 80.5 점,
[str 단순 += 대신 join 사용] : 97.3 점 👍,
[기존 배열의 원소 추가 대신 extend 함수 사용] : 100.0 점 👍",실행 흐름을 맡은 assert 관련 검토는 지금 정리해 두면 이득이 큰 부분이에요. 🧩 개발자 마음으로 검증이 필요한 분기는 명시적인 예외 처리로 바꾸어야 배포 환경에서도 안전해요. 😺
"[함수의 인수를 변경 가능한 default value로 하지 않아야 함] : 93.9 점 👍,
[유사한 이름의 함수끼리 가까이 위치하도록 수정 권장] : 93.1 점 👍,
[예외의 종류 (OOOError 등) 구체적 명시 권장] : 97.8 점 👍,
[100 line 이상 함수 분리, docstring 필요] : 1.1 점 🚨,
[함수 docstring, 함수명 의미 일치] : 88.9 점",코드에 남은 작은 메시지는 한 번에 너무 많은 일을 하는 긴 함수 관련 다듬기예요! 🐣 우선은 책임별로 나누고 docstring을 붙이면 테스트와 수정이 한결 수월해져요! 🛠️
"[a = my_list[0], b = my_list[1] ... 대신 unpacking 사용 필요] : 94.4 점 👍,
[예외를 삼키는 경우가 없어야 함] : 98.9 점 👍,
[파일 단순 읽기/쓰기는 Path 사용] : 84.4 점,
[100 line 이상 함수 분리, docstring 필요] : 97.6 점 👍,
[예외의 종류 (OOOError 등) 구체적 명시 권장] : 93.7 점 👍",간단한 파일 작업에 장황한 경로 처리 관련 점검을 정리하면 좋은 이유가 분명해요. 여유가 될 때 Path의 읽기와 쓰기 메서드를 쓰면 파일 작업이 짧고 단단해져요! 🔍
"[비어 있는 문자열 여부 판단 간소화] : 79.7 점,
[불필요한 print, logging 제거] : 76.9 점,
[동일한 인수 집합을 갖는 함수가 많은 경우 클래스화 고려] : 56.0 점 🚨,
[언패킹 시 숫자 인덱스 사용하지 말 것 (변수에 바로 할당)] : 99.5 점 👍,
[주석 처리된 코드 제거] : 72.2 점",지금 코드에서 살짝 아쉬운 곳은 같은 설정을 반복해서 받는 함수들 관련 보완입니다. 미래의 나를 위해 공통 상태를 가진 객체로 묶으면 인자 전달이 가벼워지고 역할도 선명해져요!
"[리스트 컴프리헨션 사용이 가능한 경우 사용] : 93.3 점 👍,
[함수의 인수를 변경 가능한 default value로 하지 않아야 함] : 98.1 점 👍,
[정규 표현식 문자열은 r""..."" 권장] : 15.2 점 🚨,
[유사한 이름의 함수끼리 가까이 위치하도록 수정 권장] : 20.4 점 🚨,
[클래스 내부에서만 쓰이는 속성, 메서드 (접두사 있음) 호출 비 권장] : 89.2 점","리팩터링 퍼즐에서 남은 조각은 백슬래시가 많은 정규식 문자열 관련 검토에 대한 정리예요! 과감하게 정규식은 r""..."" 형태로 적으면 이스케이프를 덜 신경 써도 돼요! 🍀"
"[prefix, suffix 검사 시 startswith(), endswith() 사용] : 95.4 점 👍,
[매우 간결한 변환은 map 사용] : 94.8 점 👍,
[f = lambda x: ... 보다는 def f(x): return ... 를 사용] : 93.3 점 👍,
[예외를 삼키는 경우가 없어야 함] : 40.0 점 🚨,
[주석 처리된 코드 제거] : 73.5 점",주석 속에 잠든 옛 코드 관련 점검 그리고 오류를 조용히 지나치는 예외 처리 관련 손질이 지금의 주인공이에요! 꼼꼼하게 사용하지 않는 흔적은 지우고 필요한 배경만 남기면 파일이 훨씬 가벼워져요. 기분 좋게 예외를 기록하거나 다시 올려 보내야 장애 원인을 놓치지 않아요.
"[클래스 내부에서만 쓰이는 속성, 메서드 (접두사 있음) 호출 비 권장] : 78.1 점,
[고정값 상수화 필요] : 24.6 점 🚨,
[함수명, 반환값 간 일치] : 100.0 점 👍,
[함수의 인자가 유동적인 경우 처리 권장] : 61.2 점,
[매우 간결한 변환은 map 사용] : 42.3 점 🚨",여러 군데 박혀 있는 고정값 관련 관리에 손을 보태면 흐름이 훨씬 편안해져요! 차분하게 의미 있는 상수 이름으로 꺼내 두면 정책을 바꿀 때 한 번에 손볼 수 있어요. 🧩
"[유사한 변수명 통일] : 94.9 점 👍,
[f = lambda x: ... 보다는 def f(x): return ... 를 사용] : 4.0 점 🚨,
[Python 예약어를 변수명으로 사용하지 않아야 함] : 91.3 점 👍,
[조건문 중첩 대신 any, all 사용] : 43.3 점 🚨,
[예외의 종류 (OOOError 등) 구체적 명시 권장] : 61.1 점",이름 붙은 동작을 lambda에 숨긴 코드 관련 정리에 손을 보태면 흐름이 훨씬 편안해져요! 다음 커밋에서 재사용하거나 설명이 필요한 로직은 def로 꺼내면 디버깅과 테스트가 편해져요! 🔍
"[의미 있는 함수명, 변수명 사용] : 98.2 점 👍,
[동일한 인수 집합을 갖는 함수가 많은 경우 클래스화 고려] : 74.8 점,
[예외를 삼키는 경우가 없어야 함] : 12.2 점 🚨,
[함수의 인자가 유동적인 경우 처리 권장] : 95.8 점 👍,
[파일 단순 읽기/쓰기는 Path 사용] : 99.8 점 👍",조금만 손보면 반짝일 자리는 오류를 조용히 지나치는 예외 처리 관련 다듬기예요! 🌈 팀과 맞춰 보며 예외를 기록하거나 다시 올려 보내야 장애 원인을 놓치지 않아요. 🧩
"[동일한 인수 집합을 갖는 함수가 많은 경우 클래스화 고려] : 94.7 점 👍,
[100 line 이상 함수 분리, docstring 필요] : 22.9 점 🚨,
[함수 docstring, 함수명 의미 일치] : 96.7 점 👍,
[미 사용 변수/함수 제거] : 62.1 점,
[지나치게 많은 들여쓰기 수정] : 18.8 점 🚨",깊숙이 내려가는 들여쓰기 관련 리팩터링을 한 번 살펴봐 주세요. 미래의 나를 위해 작은 함수로 쪼개거나 빠른 반환을 쓰면 조건의 미로가 얕아져요! 🎯
"[파일 열기, 닫기 시 with open(...) 사용] : 81.1 점,
[str 단순 += 대신 join 사용] : 22.7 점 🚨,
[정규 표현식 문자열은 r""..."" 권장] : 68.3 점,
[함수의 인수를 변경 가능한 default value로 하지 않아야 함] : 63.6 점,
[한 줄의 길이는 일정 글자 이내로] : 75.9 점",문자열을 반복해서 더하는 연결 관련 점검은 이번에 꼭 챙길 카드예요! 😉 필요한 곳부터 조각을 많이 합칠 때는 join으로 모으면 성능과 의도가 함께 좋아져요. 🚀
"[불필요한 변수 생성 대신 defaultdict 권장] : 96.6 점 👍,
[예외의 종류 (OOOError 등) 구체적 명시 권장] : 93.3 점 👍,
[import 순서 준수] : 93.5 점 👍,
[함수의 인자가 하나로 묶을 수 있는 경우 처리 권장] : 44.4 점 🚨,
[상태 값 조건이 있는 if-elif-elif-else 있는 경우 클래스화 고려] : 98.1 점 👍",서로 늘 함께 다니는 여러 인수 관련 확인 쪽에서 잠깐 발이 걸릴 수 있어요! 다음 변경 전에 관련 값을 객체나 dataclass로 묶으면 호출부가 훨씬 덜 복잡해져요!
"[함수 인수 type hint 필요] : 93.4 점 👍,
[불필요한 변수 생성 대신 defaultdict 권장] : 5.5 점 🚨,
[a = my_list[0], b = my_list[1] ... 대신 unpacking 사용 필요] : 99.4 점 👍,
[클래스 내부에서만 쓰이는 속성, 메서드 (접두사 있음) 호출 비 권장] : 90.8 점 👍,
[함수의 인수를 변경 가능한 default value로 하지 않아야 함] : 34.5 점 🚨",코드의 숨통을 틔울 힌트는 바로 초기화만 반복하는 임시 변수 관련 다듬기예요. 🚀 지금 바로 키별로 값을 모을 때는 defaultdict를 쓰면 분기와 보일러플레이트가 줄어들어요!
"[zip 사용 가능한 경우 사용] : 15.8 점 🚨,
[유사한 이름의 함수끼리 가까이 위치하도록 수정 권장] : 11.5 점 🚨,
[f = lambda x: ... 보다는 def f(x): return ... 를 사용] : 93.4 점 👍,
[파일 단순 읽기/쓰기는 Path 사용] : 90.2 점 👍,
[assertion을 제어 메커니즘으로 사용하면 안됨] : 98.7 점 👍",나중의 나를 웃게 할 수정은 바로 관련 함수가 파일 여기저기에 흩어진 배치 관련 손질이에요. 이왕이면 비슷한 역할의 함수를 가까이 두면 탐색 시간이 줄고 파일 구조가 자연스러워져요! 🛠️
"[100 line 이상 함수 분리, docstring 필요] : 69.0 점,
[if a.get(""b"") ... 형태로 수정 필요] : 51.6 점 🚨,
[주석 처리된 코드 제거] : 60.3 점,
[문자열 단순 연결보다는 f-string 사용] : 13.5 점 🚨,
[예외의 종류 (OOOError 등) 구체적 명시 권장] : 94.2 점 👍",값을 이어 붙여 만드는 문자열 관련 관리는 작은 손질로 분위기가 크게 바뀌는 곳이에요! 리뷰 메모를 따라 표현식이 들어간 문장은 f-string으로 쓰면 눈에 훨씬 잘 들어와요. ✨
"[제너레이터 표현식 사용이 가능한 경우 사용] : 35.6 점 🚨,
[조건문 중첩 대신 any, all 사용] : 67.9 점,
[미 사용 변수/함수 제거] : 86.9 점,
[str 단순 += 대신 join 사용] : 90.9 점 👍,
[빈 파일 *TODO 표시 필요*] : 89.4 점",코드 지도에 표시할 장소는 모두 만들어 놓고 쓰는 중간 목록 관련 개편을 정돈하는 일이에요. 🛠️ 이왕이면 한 번만 순회한다면 제너레이터 표현식으로 메모리를 아껴 볼 만해요!
"[f = lambda x: ... 보다는 def f(x): return ... 를 사용] : 97.0 점 👍,
[enumerate 사용 가능한 경우 사용] : 72.1 점,
[조건문 중첩 대신 any, all 사용] : 73.1 점,
[주석 처리된 코드 제거] : 63.2 점,
[기존 배열의 원소 추가 대신 extend 함수 사용] : 91.7 점 👍",주석 속에 잠든 옛 코드 관련 관리 때문에 읽는 흐름이 끊길 수 있습니다. 🎈 과감하게 사용하지 않는 흔적은 지우고 필요한 배경만 남기면 파일이 훨씬 가벼워져요. 또 하나의 다듬기 포인트는 반복문에서 직접 올리는 번호 관련 개편도 흐름을 따라 순서와 값을 함께 쓸 때는 enumerate가 더 자연스럽고 안전해요.
"[상태 값 조건이 있는 if-elif-elif-else 있는 경우 클래스화 고려] : 98.8 점 👍,
[if a.get(""b"") ... 형태로 수정 필요] : 92.3 점 👍,
[개수 세기에 count 함수 사용] : 17.9 점 🚨,
[itertools.product 사용 가능한 경우 사용] : 91.0 점 👍,
[assertion을 제어 메커니즘으로 사용하면 안됨] : 87.0 점",이번 리뷰는 실행 흐름을 맡은 assert 관련 보완을 먼저 살펴보라고 말해요! 🛠️ 작은 단계로 검증이 필요한 분기는 명시적인 예외 처리로 바꾸어야 배포 환경에서도 안전해요. 이어서 같은 값을 세려고 직접 도는 반복 관련 다듬기에는 미래의 나를 위해 단순한 횟수 확인은 count에 맡기면 코드가 짧고 분명해져요. 🪄
"[파일 단순 읽기/쓰기는 Path 사용] : 23.2 점 🚨,
[예외를 삼키는 경우가 없어야 함] : 96.4 점 👍,
[리스트 컴프리헨션 사용이 가능한 경우 사용] : 97.7 점 👍,
[zip 사용 가능한 경우 사용] : 32.4 점 🚨,
[경로를 path/to/file 이 아닌, pathlib 또는 os.path.join 사용] : 49.3 점 🚨",간단한 파일 작업에 장황한 경로 처리 관련 다듬기를 고치면 코드의 인상이 달라져요! 우선은 Path의 읽기와 쓰기 메서드를 쓰면 파일 작업이 짧고 단단해져요! 🍀
"[한 줄의 길이는 일정 글자 이내로] : 99.0 점 👍,
[클래스 내부에서만 쓰이는 속성, 메서드 (접두사 있음) 호출 비 권장] : 48.9 점 🚨,
[prefix, suffix 검사 시 startswith(), endswith() 사용] : 69.0 점,
[함수의 인자가 유동적인 경우 처리 권장] : 16.8 점 🚨,
[함수의 인자가 하나로 묶을 수 있는 경우 처리 권장] : 35.9 점 🚨",협업할 때 빛을 발할 정리는 개수가 달라질 수 있는 인수를 고정해 둔 호출 관련 손질입니다! 🌈 한 줄씩 가변 인수는 *args나 **kwargs를 알맞게 쓰면 확장에 더 유연해져요! 🔍
"[인덱스 반환에 index 함수 사용] : 97.2 점 👍,
[enumerate 사용 가능한 경우 사용] : 94.3 점 👍,
[리스트 컴프리헨션 사용이 가능한 경우 사용] : 90.7 점 👍,
[예외를 삼키는 경우가 없어야 함] : 71.2 점,
[숫자 값은 위쪽에 상수로] : 93.8 점 👍",오류를 조용히 지나치는 예외 처리 관련 정돈은 지금 정리해 두면 이득이 큰 부분이에요. 🙌 큰 부담 없이 예외를 기록하거나 다시 올려 보내야 장애 원인을 놓치지 않아요.
"[미 사용 변수/함수 제거] : 64.0 점,
[제너레이터 표현식 사용이 가능한 경우 사용] : 94.5 점 👍,
[기존 배열의 원소 추가 대신 extend 함수 사용] : 86.8 점,
[파일 단순 읽기/쓰기는 Path 사용] : 19.6 점 🚨,
[의미 있는 함수명, 변수명 사용] : 39.4 점 🚨",코드에 남은 작은 메시지는 간단한 파일 작업에 장황한 경로 처리 관련 검토예요! 🧼 명확하게 Path의 읽기와 쓰기 메서드를 쓰면 파일 작업이 짧고 단단해져요.
"[함수 docstring, 함수명 의미 일치] : 28.2 점 🚨,
[if a.get(""b"") ... 형태로 수정 필요] : 98.8 점 👍,
[prefix, suffix 검사 시 startswith(), endswith() 사용] : 99.0 점 👍,
[예외의 종류 (OOOError 등) 구체적 명시 권장] : 61.4 점,
[비어 있는 문자열 여부 판단 간소화] : 92.8 점 👍",설명과 행동이 서로 다른 함수 관련 개편을 정리하면 좋은 이유가 분명해요. 🧠 기록을 남기듯 docstring과 함수가 약속한 역할을 맞추면 다음 사람이 안심하고 호출할 수 있어요. 😉
"[개수 세기에 count 함수 사용] : 6.7 점 🚨,
[예외의 종류 (OOOError 등) 구체적 명시 권장] : 14.5 점 🚨,
[빈 파일 *TODO 표시 필요*] : 88.9 점,
[함수의 인자가 유동적인 경우 처리 권장] : 91.4 점 👍,
[문자열 단순 연결보다는 f-string 사용] : 4.8 점 🚨",지금 코드에서 살짝 아쉬운 곳은 값을 이어 붙여 만드는 문자열 관련 개편입니다. 차근차근 표현식이 들어간 문장은 f-string으로 쓰면 눈에 훨씬 잘 들어와요. 🌿
"[import 순서 준수] : 65.0 점,
[클래스 내부에서만 쓰이는 속성, 메서드 (접두사 있음) 호출 비 권장] : 93.5 점 👍,
[한 줄의 길이는 일정 글자 이내로] : 88.2 점,
[빈 파일 *TODO 표시 필요*] : 0.3 점 🚨,
[prefix, suffix 검사 시 startswith(), endswith() 사용] : 93.6 점 👍",유지보수 메모에 적어 둘 대상은 의도를 알 수 없는 빈 파일 관련 확인에 대한 정리예요! 코드의 맥락을 보며 아직 해야 할 일을 TODO로 적어 두면 빈 공간도 친절한 안내판이 돼요.
"[비어 있는 문자열 여부 판단 간소화] : 97.5 점 👍,
[함수명, 반환값 간 일치] : 75.7 점,
[예외의 종류 (OOOError 등) 구체적 명시 권장] : 94.5 점 👍,
[기존 배열의 원소 추가 대신 extend 함수 사용] : 93.0 점 👍,
[주석 처리된 코드 제거] : 28.2 점 🚨",주석 속에 잠든 옛 코드 관련 리팩터링을 살피는 김에 이름과 실제 결과가 어긋나는 함수 관련 정리도 챙겨 주세요! 🙌 문맥을 확인하며 사용하지 않는 흔적은 지우고 필요한 배경만 남기면 파일이 훨씬 가벼워져요. 읽는 사람을 위해 반환하는 값을 이름에 맞추면 호출부에서 예상이 빗나가지 않아요. 🔍
"[Python 예약어를 변수명으로 사용하지 않아야 함] : 53.5 점 🚨,
[함수의 인자가 유동적인 경우 처리 권장] : 92.5 점 👍,
[기존 배열의 원소 추가 대신 extend 함수 사용] : 72.9 점,
[개수 세기에 count 함수 사용] : 69.8 점,
[a = my_list[0], b = my_list[1] ... 대신 unpacking 사용 필요] : 92.5 점 👍",조금 더 사랑받는 코드로 가는 길은 파이썬 예약어와 겹치는 변수 이름 관련 확인에서 열려요! 😉 다음 커밋에서 예약어 대신 역할을 담은 다른 이름을 쓰면 문법 오류를 피할 수 있어요.
"[매우 간결한 변환은 map 사용] : 60.0 점,
[함수명, 반환값 간 일치] : 60.8 점,
[동일한 인수 집합을 갖는 함수가 많은 경우 클래스화 고려] : 92.2 점 👍,
[불필요한 print, logging 제거] : 94.9 점 👍,
[if a.get(""b"") ... 형태로 수정 필요] : 90.1 점 👍",한 가지 변환만 길게 적은 반복 관련 보완에 손을 보태면 흐름이 훨씬 편안해져요! 😺 한 발 먼저 변환 규칙이 단순하면 map으로 핵심 연산을 또렷하게 표현할 수 있어요.
"[유사한 이름의 함수끼리 가까이 위치하도록 수정 권장] : 90.8 점 👍,
[itertools.product 사용 가능한 경우 사용] : 76.0 점,
[문자열 단순 연결보다는 f-string 사용] : 99.1 점 👍,
[100 line 이상 함수 분리, docstring 필요] : 49.9 점 🚨,
[상태 값 조건이 있는 if-elif-elif-else 있는 경우 클래스화 고려] : 64.3 점",프로젝트 체력을 키울 제안은 한 번에 너무 많은 일을 하는 긴 함수 관련 정돈이에요! 🧩 부드럽게 책임별로 나누고 docstring을 붙이면 테스트와 수정이 한결 수월해져요! 🌿
"[동일한 인수 집합을 갖는 함수가 많은 경우 클래스화 고려] : 95.3 점 👍,
[동일 인자 type 통일] : 90.6 점 👍,
[개수 세기에 count 함수 사용] : 18.4 점 🚨,
[if-elif-elif-else 구문은 되도록 dict로 수정] : 35.4 점 🚨,
[함수의 인자가 유동적인 경우 처리 권장] : 64.1 점",같은 값을 세려고 직접 도는 반복 관련 확인을 한 번 살펴봐 주세요! 🛠️ 필요한 곳부터 단순한 횟수 확인은 count에 맡기면 코드가 짧고 분명해져요! 💡
"[prefix, suffix 검사 시 startswith(), endswith() 사용] : 94.5 점 👍,
[지나치게 많은 들여쓰기 수정] : 29.1 점 🚨,
[a = my_list[0], b = my_list[1] ... 대신 unpacking 사용 필요] : 83.8 점,
[f = lambda x: ... 보다는 def f(x): return ... 를 사용] : 94.7 점 👍,
[동일 인자 type 통일] : 10.6 점 🚨",읽는 흐름을 매끈하게 할 선택은 같은 뜻인데 들쭉날쭉한 type 표기 관련 손질입니다. 🔍 한 호흡 쉬고 인수의 type을 한 방식으로 맞추면 호출하는 쪽도 덜 헷갈려요! ✨
"[예외를 삼키는 경우가 없어야 함] : 97.5 점 👍,
[함수의 인자가 유동적인 경우 처리 권장] : 52.0 점 🚨,
[import 순서 준수] : 37.7 점 🚨,
[enumerate 사용 가능한 경우 사용] : 64.4 점,
[str 단순 += 대신 join 사용] : 98.5 점 👍",섞여 있는 import 배치 관련 검토를 먼저 정돈해 보면 어떨까요? 😺 가능한 범위에서 표준 라이브러리와 외부 패키지와 내부 모듈을 차례로 정리하면 시작 화면이 말끔해져요. 개수가 달라질 수 있는 인수를 고정해 둔 호출 관련 관리에는 다음 커밋에서 가변 인수는 *args나 **kwargs를 알맞게 쓰면 확장에 더 유연해져요. 🌿
"[의미 있는 함수명, 변수명 사용] : 94.0 점 👍,
[enumerate 사용 가능한 경우 사용] : 93.9 점 👍,
[동일한 인수 집합을 갖는 함수가 많은 경우 클래스화 고려] : 65.5 점,
[조건문 중첩 대신 any, all 사용] : 93.0 점 👍,
[비어 있는 문자열 여부 판단 간소화] : 25.8 점 🚨",이번에는 빈 문자열을 빙 돌아 확인하는 조건 관련 보완을 먼저 다듬어 보면 어떨까요? 🛠️ 의도를 적어 두듯 파이썬다운 truthy 검사로 바꾸면 조건식이 가볍게 읽혀요.
"[문자열 단순 연결보다는 f-string 사용] : 94.6 점 👍,
[기존 배열의 원소 추가 대신 extend 함수 사용] : 96.3 점 👍,
[Python 예약어를 변수명으로 사용하지 않아야 함] : 96.8 점 👍,
[파일 열기, 닫기 시 with open(...) 사용] : 40.7 점 🚨,
[미 사용 변수/함수 제거] : 94.2 점 👍",파일을 열고 닫는 일을 수동으로 관리하는 코드 관련 점검 쪽은 조금 더 선명해질 수 있어요! 🐣 문맥을 확인하며 with open(...)으로 감싸면 예외가 나도 파일이 안전하게 닫혀요. 쓰임이 없는 변수와 함수 관련 관리도 한 줄씩 참조되지 않는 선언을 걷어 내면 핵심 로직만 또렷하게 남아요! 🎈
"[동일한 인수 집합을 갖는 함수가 많은 경우 클래스화 고려] : 29.7 점 🚨,
[중복되는 사항 common 으로 빼기] : 67.3 점,
[불필요한 변수 생성 대신 defaultdict 권장] : 2.6 점 🚨,
[정규 표현식 문자열은 r""..."" 권장] : 35.2 점 🚨,
[불필요한 print, logging 제거] : 35.6 점 🚨",초기화만 반복하는 임시 변수 관련 점검은 작은 손질로 분위기가 크게 바뀌는 곳이에요! 🌿 다음 배포를 생각하며 키별로 값을 모을 때는 defaultdict를 쓰면 분기와 보일러플레이트가 줄어들어요. 🚀
"[Python 예약어를 변수명으로 사용하지 않아야 함] : 38.1 점 🚨,
[prefix, suffix 검사 시 startswith(), endswith() 사용] : 62.0 점,
[str 단순 += 대신 join 사용] : 60.2 점,
[함수 docstring, 함수명 의미 일치] : 78.8 점,
[고정값 상수화 필요] : 80.2 점",한 번만 만져도 인상이 달라질 곳은 파이썬 예약어와 겹치는 변수 이름 관련 보완을 정돈하는 일이에요. 😉 꼼꼼하게 예약어 대신 역할을 담은 다른 이름을 쓰면 문법 오류를 피할 수 있어요. 💫
"[key=itemgetter(""key"") 사용 권장] : 70.3 점,
[if a.get(""b"") ... 형태로 수정 필요] : 71.6 점,
[개수 세기에 count 함수 사용] : 13.4 점 🚨,
[파일 단순 읽기/쓰기는 Path 사용] : 92.9 점 👍,
[중복되는 사항 common 으로 빼기] : 55.3 점 🚨",같은 값을 세려고 직접 도는 반복 관련 관리 때문에 의도가 흐려질 여지가 있어요. ✨ 다음 배포를 생각하며 단순한 횟수 확인은 count에 맡기면 코드가 짧고 분명해져요.
"[함수의 인자가 유동적인 경우 처리 권장] : 60.5 점,
[조건문 중첩 대신 any, all 사용] : 98.3 점 👍,
[동일한 인수 집합을 갖는 함수가 많은 경우 클래스화 고려] : 68.4 점,
[빈 파일 *TODO 표시 필요*] : 94.4 점 👍,
[유사한 이름의 함수끼리 가까이 위치하도록 수정 권장] : 93.5 점 👍",한 가지 제안은 개수가 달라질 수 있는 인수를 고정해 둔 호출 관련 리팩터링을 챙기는 일이에요! 테스트를 떠올리며 가변 인수는 *args나 **kwargs를 알맞게 쓰면 확장에 더 유연해져요! 🛠️
"[매우 간결한 변환은 map 사용] : 91.4 점 👍,
[README.md, pyproject.toml 필요] : 91.4 점 👍,
[enumerate 사용 가능한 경우 사용] : 90.5 점 👍,
[유사한 변수명 통일] : 93.4 점 👍,
[인덱스 반환에 index 함수 사용] : 71.6 점",코드 산책 중 만난 작은 이슈는 반복문에서 직접 올리는 번호 관련 관리예요! 손이 닿는 자리부터 순서와 값을 함께 쓸 때는 enumerate가 더 자연스럽고 안전해요. 그다음에는 위치를 찾기 위해 손수 추적하는 반복 관련 다듬기도 천천히 첫 위치가 필요할 때는 index를 쓰면 목적이 바로 보입니다. 🧠
"[if-elif-elif-else 구문은 되도록 dict로 수정] : 25.8 점 🚨,
[예외의 종류 (OOOError 등) 구체적 명시 권장] : 89.8 점,
[빈도수, 반복문, 경로명 리스트 추출 시 collections, itertools, glob 사용] : 92.0 점 👍,
[100 line 이상 함수 분리, docstring 필요] : 76.6 점,
[f = lambda x: ... 보다는 def f(x): return ... 를 사용] : 93.1 점 👍",갈래가 길게 이어진 조건 분기 관련 관리는 지금 정리해 두면 이득이 큰 부분이에요. 🐣 차근차근 값에 따른 선택이라면 dict 매핑으로 바꾸어 분기표를 단순하게 만들어 보세요! 🔍
"[if a.get(""b"") ... 형태로 수정 필요] : 58.1 점 🚨,
[주석 처리된 코드 제거] : 89.4 점,
[비어 있는 문자열 여부 판단 간소화] : 16.3 점 🚨,
[상태 값 조건이 있는 if-elif-elif-else 있는 경우 클래스화 고려] : 20.7 점 🚨,
[if-elif-elif-else 구문은 되도록 dict로 수정] : 21.8 점 🚨",코드에 남은 작은 메시지는 빈 문자열을 빙 돌아 확인하는 조건 관련 검토예요! 🎯 프로젝트를 아끼는 마음으로 파이썬다운 truthy 검사로 바꾸면 조건식이 가볍게 읽혀요.
"[유사한 이름의 함수끼리 가까이 위치하도록 수정 권장] : 91.2 점 👍,
[상태 값 조건이 있는 if-elif-elif-else 있는 경우 클래스화 고려] : 59.4 점 🚨,
[함수의 인수를 변경 가능한 default value로 하지 않아야 함] : 91.3 점 👍,
[itertools.product 사용 가능한 경우 사용] : 82.5 점,
[enumerate 사용 가능한 경우 사용] : 81.7 점",코드에 남은 작은 메시지는 상태에 따라 길게 갈라지는 분기 관련 관리예요! 🌿 다음 커밋에서 상태별 동작을 클래스로 나누면 새 상태를 더할 때 기존 조건문을 덜 건드려도 돼요.
"[파일 단순 읽기/쓰기는 Path 사용] : 73.0 점,
[매우 간결한 변환은 map 사용] : 61.9 점,
[유사한 변수명 통일] : 85.9 점,
[함수의 인자가 유동적인 경우 처리 권장] : 98.0 점 👍,
[기존 배열의 원소 추가 대신 extend 함수 사용] : 24.0 점 🚨",지금 코드에서 살짝 아쉬운 곳은 목록 원소를 하나씩 붙이는 처리 관련 리팩터링입니다. 🐣 안전하게 여러 값을 더할 때는 extend를 쓰면 의도가 정확히 전달돼요!
"[enumerate 사용 가능한 경우 사용] : 60.7 점,
[지나치게 많은 들여쓰기 수정] : 95.0 점 👍,
[리스트 컴프리헨션 사용이 가능한 경우 사용] : 92.8 점 👍,
[인덱스 반환에 index 함수 사용] : 30.3 점 🚨,
[한 줄의 길이는 일정 글자 이내로] : 35.7 점 🚨",테스트하기 쉬운 구조로 가는 문은 위치를 찾기 위해 손수 추적하는 반복 관련 검토와 옆으로 너무 길게 뻗은 코드 줄 관련 확인에 있어요! 💫 과감하게 첫 위치가 필요할 때는 index를 쓰면 목적이 바로 보입니다. 다음 배포를 생각하며 줄을 적당히 나누면 작은 화면에서도 흐름을 놓치지 않아요! 🎈
"[경로를 path/to/file 이 아닌, pathlib 또는 os.path.join 사용] : 60.0 점,
[지나치게 많은 들여쓰기 수정] : 35.5 점 🚨,
[if-elif-elif-else 구문은 되도록 dict로 수정] : 97.6 점 👍,
[리스트 컴프리헨션 사용이 가능한 경우 사용] : 51.8 점 🚨,
[제너레이터 표현식 사용이 가능한 경우 사용] : 96.9 점 👍",한 번만 만져도 인상이 달라질 곳은 깊숙이 내려가는 들여쓰기 관련 개편과 단순 변환을 길게 푼 반복문 관련 확인에 있어요! 💡 명확하게 작은 함수로 쪼개거나 빠른 반환을 쓰면 조건의 미로가 얕아져요. 부드럽게 짧고 명확한 경우에는 리스트 컴프리헨션으로 의도를 한눈에 보여 주세요! 🧼
"[if a.get(""b"") ... 형태로 수정 필요] : 69.1 점,
[불필요한 print, logging 제거] : 99.4 점 👍,
[zip 사용 가능한 경우 사용] : 36.3 점 🚨,
[prefix, suffix 검사 시 startswith(), endswith() 사용] : 91.6 점 👍,
[제너레이터 표현식 사용이 가능한 경우 사용] : 44.7 점 🚨",같은 위치의 두 목록을 따로 인덱싱하는 반복 관련 보완을 놓치지 않으면 한결 편해져요! ✨ 리뷰 메모를 따라 나란히 읽는 값들은 zip으로 묶어 주면 인덱스 실수를 막을 수 있어요. 🌈
"[한 줄의 길이는 일정 글자 이내로] : 98.1 점 👍,
[언패킹 시 숫자 인덱스 사용하지 말 것 (변수에 바로 할당)] : 93.8 점 👍,
[함수의 인자가 하나로 묶을 수 있는 경우 처리 권장] : 96.6 점 👍,
[zip 사용 가능한 경우 사용] : 93.3 점 👍,
[불필요한 print, logging 제거] : 78.1 점",조금 더 사랑받는 코드로 가는 길은 실행 경로에 남은 print와 logging 관련 관리에서 열려요! 가능한 범위에서 불필요한 print나 logging을 지우면 출력이 깔끔해지고 디버깅 신호도 선명해져요!
"[if a.get(""b"") ... 형태로 수정 필요] : 24.8 점 🚨,
[함수의 인수를 변경 가능한 default value로 하지 않아야 함] : 79.9 점,
[빈 파일 *TODO 표시 필요*] : 61.3 점,
[함수 인수 type hint 필요] : 98.6 점 👍,
[assertion을 제어 메커니즘으로 사용하면 안됨] : 14.9 점 🚨","실행 흐름을 맡은 assert 관련 다듬기와 딕셔너리 값을 여러 단계로 꺼내는 검사 관련 관리에서 한 번 더 다듬어 볼 수 있어요! 테스트를 떠올리며 검증이 필요한 분기는 명시적인 예외 처리로 바꾸어야 배포 환경에서도 안전해요. 한 호흡 쉬고 a.get(""b"")처럼 안전하게 꺼내면 누락된 키에서도 흐름이 부드러워요. 🌈"
"[함수의 인수를 변경 가능한 default value로 하지 않아야 함] : 64.0 점,
[100 line 이상 함수 분리, docstring 필요] : 5.1 점 🚨,
[지나치게 많은 들여쓰기 수정] : 99.0 점 👍,
[경로를 path/to/file 이 아닌, pathlib 또는 os.path.join 사용] : 96.8 점 👍,
[함수명, 반환값 간 일치] : 98.9 점 👍",정리 마법을 한 번 쓸 곳은 한 번에 너무 많은 일을 하는 긴 함수 관련 보완이에요! 보너스처럼 책임별로 나누고 docstring을 붙이면 테스트와 수정이 한결 수월해져요. 🚀
