,epoch,elapsed_time (s),prompt,llm_answer,trial_cnt,total_tkn_cnt,input_tkn_cnt,new_tkn_cnt,torch_memory_kb
0,1,6.58,"[주석 처리된 코드 제거] : 98.8 점 👍,
[import 순서 준수] : 76.1 점,
[enumerate 사용 가능한 경우 사용] : 75.6 점,
[불필요한 print, logging 제거] : 61.0 점,
[매우 간결한 변환은 map 사용] : 27.3 점 🚨 (답변 시작)", 천천히 살펴보면 아주 단순한 변환을 긴 반복문으로 풀고 있어요. 필요한 곳부터 변환 규칙이 있는 경우 map으로 핵심 연산을 또렷하게 표현할 수 있어요.  (답변 종료),1,119,83,36,6862575
1,1,8.53,"[상태 값 조건이 있는 if-elif-elif-else 있는 경우 클래스화 고려] : 93.4 점 👍,
[파일 열기, 닫기 시 with open(...) 사용] : 92.7 점 👍,
[유사한 변수명 통일] : 90.7 점 👍,
[매우 간결한 변환은 map 사용] : 34.8 점 🚨,
[README.md, pyproject.toml 필요] : 31.6 점 🚨 (답변 시작)", 조금 거리를 두고 읽어 보면 시작 방법을 알려 줄 README.md와 pyproject.toml이 필요해 보여요. 필요한 곳부터 설치 방법과 실행 환경을 적어 두면 처음 온 사람도 바로 출발할 수 있어요!  (답변 종료),1,147,104,43,6862575
2,1,5.96,"[의미 있는 함수명, 변수명 사용] : 98.9 점 👍,
[prefix, suffix 검사 시 startswith(), endswith() 사용] : 97.2 점 👍,
[if-elif-elif-else 구문은 되도록 dict로 수정] : 72.2 점,
[미 사용 변수/함수 제거] : 31.2 점 🚨,
[동일한 인수 집합을 갖는 함수가 많은 경우 클래스화 고려] : 23.2 점 🚨 (답변 시작)", 천천히 살펴보면 같은 설정을 계속받는 함수가 여러 개예요. 필요한 곳부터 객체나 속성으로 묶으면 수정할 때 놓칠 구석이 줄어요.  (답변 종료),1,142,109,33,6862575
3,1,5.76,"[문자열 단순 연결보다는 f-string 사용] : 97.4 점 👍,
[함수의 인자가 유동적인 경우 처리 권장] : 83.8 점,
[유사한 이름의 함수끼리 가까이 위치하도록 수정 권장] : 68.4 점,
[매우 간결한 변환은 map 사용] : 68.1 점,
[enumerate 사용 가능한 경우 사용] : 36.0 점 🚨 (답변 시작)", 천천히 살펴보면 번호를 직접 관리하고 있어요. 필요한 곳부터 순서와 값을 함께 쓸 때는 enumerate가 더 자연스럽고 안전해요. 🧼  (답변 종료),1,126,94,32,6862575
4,1,5.95,"[itertools.product 사용 가능한 경우 사용] : 92.3 점 👍,
[README.md, pyproject.toml 필요] : 90.9 점 👍,
[함수 인수 type hint 필요] : 90.4 점 👍,
[중복되는 사항 common 으로 빼기] : 88.9 점,
[str 단순 += 대신 join 사용] : 87.7 점 (답변 시작)", 천천히 살펴보면 문자열을 반복해서 더하고 있어요! 필요한 곳부터 조각을 많이 합칠 때는 join으로 모으면 성능과 의도가 함께 좋아져요. 🌈  (답변 종료),1,120,87,33,6862575
5,1,6.66,"[함수의 인자가 하나로 묶을 수 있는 경우 처리 권장] : 97.8 점 👍,
[동일한 인수 집합을 갖는 함수가 많은 경우 클래스화 고려] : 93.5 점 👍,
[if a.get(""b"") ... 형태로 수정 필요] : 40.9 점 🚨,
[import 순서 준수] : 12.0 점 🚨,
[함수 docstring, 함수명 의미 일치] : 1.5 점 🚨 (답변 시작)", 작은 개선을 찾다 보니 docstring과 함수 동작이 서로 다르게 읽혀요. 필요한 곳부터 docstring과 함수가 약속한 역할을 맞추면 다음 사람이 안심하고 호출할 수 있어요.  (답변 종료),1,141,104,37,6862575
6,1,6.46,"[개수 세기에 count 함수 사용] : 99.5 점 👍,
[지나치게 많은 들여쓰기 수정] : 96.8 점 👍,
[enumerate 사용 가능한 경우 사용] : 90.8 점 👍,
[파일 단순 읽기/쓰기는 Path 사용] : 89.7 점,
[의미 있는 함수명, 변수명 사용] : 79.9 점 (답변 시작)", 테스트를 떠올리면 역할을 짐작하기 어려운 함수나 변수 이름이 남아 있어요. 조금 시간을 내서 무엇을 하는지 드러나는 이름으로 바꾸면 다음 사람이 안심하고 호출할 수 있어요. 🌿  (답변 종료),1,126,90,36,6862575
7,1,4.89,"[enumerate 사용 가능한 경우 사용] : 92.8 점 👍,
[파일 단순 읽기/쓰기는 Path 사용] : 92.2 점 👍,
[리스트 컴프리헨션 사용이 가능한 경우 사용] : 91.2 점 👍,
[매우 간결한 변환은 map 사용] : 79.5 점,
[if-elif-elif-else 구문은 되도록 dict로 수정] : 66.8 점 (답변 시작)", 천천히 살펴보면 조건 분기가 길게 이어져요. 가능한 범위에서 값에 따른 선택이라면 dict 매핑으로 바꾸어 바꾸어 보세요!  (답변 종료),1,125,98,27,6862575
8,1,6.41,"[조건문 중첩 대신 any, all 사용] : 51.0 점 🚨,
[함수의 인수를 변경 가능한 default value로 하지 않아야 함] : 46.7 점 🚨,
[불필요한 print, logging 제거] : 44.5 점 🚨,
[빈도수, 반복문, 경로명 리스트 추출 시 collections, itertools, glob 사용] : 32.0 점 🚨,
[고정값 상수화 필요] : 17.4 점 🚨 (답변 시작)", 천천히 살펴보면 같은 고정값이 여러 곳에 흩어져 있어요. 필요한 곳부터 의미 있는 상수 이름으로 꺼내 두면 정책을 바꿀 때 한 번에 수정할 수 있어요. 🍀  (답변 종료),1,145,110,35,6862575
9,1,7.84,"[한 줄의 길이는 일정 글자 이내로] : 99.0 점 👍,
[prefix, suffix 검사 시 startswith(), endswith() 사용] : 69.0 점,
[클래스 내부에서만 쓰이는 속성, 메서드 (접두사 있음) 호출 비 권장] : 48.9 점 🚨,
[함수의 인자가 하나로 묶을 수 있는 경우 처리 권장] : 35.9 점 🚨,
[함수의 인자가 유동적인 경우 처리 권장] : 16.8 점 🚨 (답변 시작)", 천천히 살펴보면 개수가 바뀔 수 있는 인수를 고정해 두고 있어요. 필요한 곳부터 가변 인수는 *args나 **kwargs를 알맞게 쓰면 확장에 더 유연해져요. 🔍  (답변 종료),1,157,115,42,6862575
10,1,7.26,"[파일 열기, 닫기 시 with open(...) 사용] : 98.7 점 👍,
[prefix, suffix 검사 시 startswith(), endswith() 사용] : 96.4 점 👍,
[제너레이터 표현식 사용이 가능한 경우 사용] : 93.2 점 👍,
[인덱스 반환에 index 함수 사용] : 92.5 점 👍,
[f = lambda x: ... 보다는 def f(x): return ... 를 사용] : 70.7 점 (답변 시작)", 파일을 다시 훑어보니 이름이 필요한 동작이 lambda에 숨어 있어요. 필요한 곳부터 재사용하거나 설명이 필요한 로직은 def로 꺼내면 디버깅과 테스트가 편해져요.  (답변 종료),1,147,108,39,6862575
11,1,5.45,"[함수 인수 type hint 필요] : 97.5 점 👍,
[동일 인자 type 통일] : 87.6 점,
[f = lambda x: ... 보다는 def f(x): return ... 를 사용] : 81.1 점,
[의미 있는 함수명, 변수명 사용] : 64.7 점,
[한 줄의 길이는 일정 글자 이내로] : 44.4 점 🚨 (답변 시작)", 천천히 살펴보면 한 줄이 너무 길게 이어지는 곳이 있어요. 필요한 곳부터 줄을 적당히 나누면 작은 화면에서도 흐름을 놓치지 않아요.  (답변 종료),1,122,93,29,6862575
12,1,6.73,"[고정값 상수화 필요] : 99.5 점 👍,
[import 순서 준수] : 97.9 점 👍,
[리스트 컴프리헨션 사용이 가능한 경우 사용] : 96.2 점 👍,
[매우 간결한 변환은 map 사용] : 91.8 점 👍,
[예외의 종류 (OOOError 등) 구체적 명시 권장] : 65.6 점 (답변 시작)", 코드를 따라가 보니 너무 넓은 예외를 잡고 있어요. 필요한 곳부터 예상한 OOOError처럼 구체적인 예외만 잡으면 버그가 숨어버리지 않아요. 🧼  (답변 종료),1,127,91,36,6862575
13,1,6.54,"[제너레이터 표현식 사용이 가능한 경우 사용] : 91.9 점 👍,
[함수명, 반환값 간 일치] : 90.7 점 👍,
[enumerate 사용 가능한 경우 사용] : 51.7 점 🚨,
[if a.get(""b"") ... 형태로 수정 필요] : 44.4 점 🚨,
[유사한 변수명 통일] : 24.4 점 🚨 (답변 시작)", 천천히 살펴보면 같은 역할의 변수 이름이 제각각이에요. 필요한 곳부터 같은 개념에는 같은 이름 규칙을 쓰면 다음 사람이 안심하고 호출할 수 있어요. 🚀  (답변 종료),1,132,97,35,6862575
14,1,5.99,"[a = my_list[0], b = my_list[1] ... 대신 unpacking 사용 필요] : 77.1 점,
[함수의 인자가 하나로 묶을 수 있는 경우 처리 권장] : 75.8 점,
[if-elif-elif-else 구문은 되도록 dict로 수정] : 66.8 점,
[zip 사용 가능한 경우 사용] : 66.1 점,
[파일 열기, 닫기 시 with open(...) 사용] : 63.0 점 (답변 시작)", 천천히 살펴보면 파일을 열고 닫는 일을 직접 관리하고 있어요. 흐름을 따라 with open(...)으로 감싸면 예외가 나도 파일이 안전하게 닫혀요.  (답변 종료),1,143,111,32,6862575
15,1,6.13,"[if a.get(""b"") ... 형태로 수정 필요] : 73.1 점,
[함수 인수 type hint 필요] : 53.3 점 🚨,
[중복되는 사항 common 으로 빼기] : 24.8 점 🚨,
[if-elif-elif-else 구문은 되도록 dict로 수정] : 10.5 점 🚨,
[함수명, 반환값 간 일치] : 5.1 점 🚨 (답변 시작)", 천천히 살펴보면 함수 이름과 반환값의 약속이 어긋나는 곳이 있어요! 필요한 곳부터 반환하는 값을 이름에 맞추면 다음 사람이 안심하고 호출할 수 있어요!  (답변 종료),1,135,103,32,6862575
16,1,5.81,"[클래스 내부에서만 쓰이는 속성, 메서드 (접두사 있음) 호출 비 권장] : 88.2 점,
[인덱스 반환에 index 함수 사용] : 80.9 점,
[중복되는 사항 common 으로 빼기] : 19.3 점 🚨,
[불필요한 print, logging 제거] : 7.3 점 🚨,
[함수명, 반환값 간 일치] : 7.1 점 🚨 (답변 시작)", 천천히 살펴보면 함수 이름과 반환값의 약속이 어긋나는 곳이 있어요. 흐름을 따라 반환하는 값을 이름에 맞추면 다음 사람이 안심하고 호출할 수 있어요.  (답변 종료),1,133,102,31,6862575
17,1,7.45,"[함수 인수 type hint 필요] : 98.6 점 👍,
[100 line 이상 함수 분리, docstring 필요] : 96.2 점 👍,
[import 순서 준수] : 40.6 점 🚨,
[a = my_list[0], b = my_list[1] ... 대신 unpacking 사용 필요] : 27.6 점 🚨,
[if a.get(""b"") ... 형태로 수정 필요] : 13.9 점 🚨 (답변 시작)"," 천천히 살펴보면 딕셔너리 키를 꺼내는 과정이 장황해요. 다음 커밋에서 a.get(""b"")처럼 안전하게 꺼내면 누락된 키에서도 흐름이 부드러워요. 🧼  (답변 종료)",1,145,105,40,6862575
18,1,6.73,"[주석 처리된 코드 제거] : 97.6 점 👍,
[예외를 삼키는 경우가 없어야 함] : 97.2 점 👍,
[기존 배열의 원소 추가 대신 extend 함수 사용] : 93.8 점 👍,
[a = my_list[0], b = my_list[1] ... 대신 unpacking 사용 필요] : 77.4 점,
[동일한 인수 집합을 갖는 함수가 많은 경우 클래스화 고려] : 64.4 점 (답변 시작)", 천천히 살펴보면 같은 설정을 여러 군데에서 직접 받고 있어요! 필요한 곳부터 객체나 dataclass로 묶으면 수정할 때 놓칠 구석이 줄어요! 🌿  (답변 종료),1,143,107,36,6862575
19,1,7.11,"[매우 간결한 변환은 map 사용] : 98.4 점 👍,
[지나치게 많은 들여쓰기 수정] : 96.1 점 👍,
[함수의 인자가 유동적인 경우 처리 권장] : 91.1 점 👍,
[파일 열기, 닫기 시 with open(...) 사용] : 57.8 점 🚨,
[itertools.product 사용 가능한 경우 사용] : 5.5 점 🚨 (답변 시작)", 구현을 찬찬히 들여다보니 조합을 만들려고 중첩 반복문을 쓰고 있어요. 흐름을 따라 모든 조합이 필요할 때는 itertools.product로 의도를 또렷하게 드러내요! 📌  (답변 종료),1,136,98,38,6862575
20,1,6.71,"[중복되는 사항 common 으로 빼기] : 95.5 점 👍,
[제너레이터 표현식 사용이 가능한 경우 사용] : 90.8 점 👍,
[인덱스 반환에 index 함수 사용] : 74.5 점,
[매우 간결한 변환은 map 사용] : 48.1 점 🚨,
[itertools.product 사용 가능한 경우 사용] : 34.6 점 🚨 (답변 시작)", 작은 신호를 짚어 보니 조합을 만들려고 중첩 반복문을 쓰고 있어요. 한 걸음씩 모든 조합이 필요할 때는 itertools.product로 의도를 또렷하게 드러내요.  (답변 종료),1,132,96,36,6862575
21,1,6.36,"[인덱스 반환에 index 함수 사용] : 92.8 점 👍,
[비어 있는 문자열 여부 판단 간소화] : 84.5 점,
[문자열 단순 연결보다는 f-string 사용] : 71.7 점,
[기존 배열의 원소 추가 대신 extend 함수 사용] : 43.5 점 🚨,
[의미 있는 함수명, 변수명 사용] : 24.7 점 🚨 (답변 시작)", 천천히 살펴보면 역할을 짐작하기 어려운 함수나 변수 이름이 있어요. 필요한 곳부터 무엇을 하는지 드러나는 이름으로 바꾸면 다음 사람이 안심하고 호출할 수 있어요. 🎯  (답변 종료),1,128,94,34,6862575
22,1,7.09,"[prefix, suffix 검사 시 startswith(), endswith() 사용] : 94.4 점 👍,
[동일 인자 type 통일] : 91.8 점 👍,
[불필요한 print, logging 제거] : 91.2 점 👍,
[key=itemgetter(""key"") 사용 권장] : 91.0 점 👍,
[f = lambda x: ... 보다는 def f(x): return ... 를 사용] : 61.8 점 (답변 시작)", 천천히 살펴보면 이름이 필요한 동작이 lambda에 숨어 있어요. 필요한 곳부터 재사용하거나 설명이 필요한 로직은 def로 꺼내면 디버깅과 테스트가 편해져요. ✨  (답변 종료),1,137,99,38,6862575
23,1,6.17,"[함수명, 반환값 간 일치] : 92.8 점 👍,
[README.md, pyproject.toml 필요] : 86.7 점,
[경로를 path/to/file 이 아닌, pathlib 또는 os.path.join 사용] : 77.2 점,
[함수 인수 type hint 필요] : 68.1 점,
[파일 열기, 닫기 시 with open(...) 사용] : 5.4 점 🚨 (답변 시작)", 파일을 열고 닫는 일을 직접 관리하고 있어요. 필요한 곳부터 with open(...)으로 감싸면 예외가 나도 파일이 안전하게 닫혀요. 🍀  (답변 종료),1,131,98,33,6862575
24,1,7.46,"[assertion을 제어 메커니즘으로 사용하면 안됨] : 98.2 점 👍,
[빈도수, 반복문, 경로명 리스트 추출 시 collections, itertools, glob 사용] : 93.5 점 👍,
[중복되는 사항 common 으로 빼기] : 92.3 점 👍,
[인덱스 반환에 index 함수 사용] : 91.0 점 👍,
[함수 인수 type hint 필요] : 67.7 점 (답변 시작)", 구현을 찬찬히 들여다보니 함수 인수의 type hint가 비어 있어요. 필요한 곳부터 인수의 type hint를 달아 두면 다음 사람이 안심하고 호출할 수 있어요. 💫  (답변 종료),1,141,101,40,6862575
25,1,6.55,"[함수명, 반환값 간 일치] : 100.0 점 👍,
[클래스 내부에서만 쓰이는 속성, 메서드 (접두사 있음) 호출 비 권장] : 78.1 점,
[함수의 인자가 유동적인 경우 처리 권장] : 61.2 점,
[매우 간결한 변환은 map 사용] : 42.3 점 🚨,
[고정값 상수화 필요] : 24.6 점 🚨 (답변 시작)", 천천히 살펴보면 같은 고정값이 여러 곳에 흩어져 있어요. 필요한 곳부터 의미 있는 상수 이름으로 꺼내 두면 정책을 바꿀 때 한 번에 수정할 수 있어요! 🚀  (답변 종료),1,136,101,35,6862575
26,1,6.19,"[예외를 삼키는 경우가 없어야 함] : 73.0 점,
[a = my_list[0], b = my_list[1] ... 대신 unpacking 사용 필요] : 72.6 점,
[if-elif-elif-else 구문은 되도록 dict로 수정] : 67.7 점,
[매우 간결한 변환은 map 사용] : 50.2 점 🚨,
[미 사용 변수/함수 제거] : 49.0 점 🚨 (답변 시작)", 천천히 살펴보면 쓰이지 않는 변수나 함수가 남아 있어요. 살짝 참조되지 않는 선언을 걷어 내면 핵심 로직만 또렷하게 남아요!  (답변 종료),1,141,108,33,6862575
27,1,5.82,"[매우 간결한 변환은 map 사용] : 97.3 점 👍,
[조건문 중첩 대신 any, all 사용] : 92.2 점 👍,
[유사한 변수명 통일] : 91.5 점 👍,
[기존 배열의 원소 추가 대신 extend 함수 사용] : 67.2 점,
[한 줄의 길이는 일정 글자 이내로] : 6.5 점 🚨 (답변 시작)", 작은 신호를 짚어 보니 한 줄이 너무 길게 이어지는 곳이 있어요. 흐름을 따라 줄을 적당히 나누면 작은 화면에서도 흐름을 놓치지 않아요.  (답변 종료),1,123,92,31,6862575
28,1,6.02,"[assertion을 제어 메커니즘으로 사용하면 안됨] : 92.8 점 👍,
[동일한 인수 집합을 갖는 함수가 많은 경우 클래스화 고려] : 79.6 점,
[함수 docstring, 함수명 의미 일치] : 77.1 점,
[클래스 내부에서만 쓰이는 속성, 메서드 (접두사 있음) 호출 비 권장] : 72.9 점,
[파일 단순 읽기/쓰기는 Path 사용] : 4.2 점 🚨 (답변 시작)", 천천히 살펴보면 간단한 파일 작업이 장황하게 처리되고 있어요. 과감하게 Path의 읽기와 쓰기 메서드를 쓰면 파일 작업이 짧고 단단해져요.  (답변 종료),1,138,106,32,6862575
29,1,6.55,"[동일 인자 type 통일] : 97.2 점 👍,
[함수의 인자가 유동적인 경우 처리 권장] : 92.7 점 👍,
[제너레이터 표현식 사용이 가능한 경우 사용] : 75.9 점,
[언패킹 시 숫자 인덱스 사용하지 말 것 (변수에 바로 할당)] : 65.8 점,
[함수명, 반환값 간 일치] : 63.1 점 (답변 시작)", 작은 신호를 짚어 보니 함수 이름과 반환값의 약속이 어긋나는 곳이 있어요. 가능한 범위에서 반환하는 값을 이름에 맞추면 다음 사람이 안심하고 호출할 수 있어요. 📌  (답변 종료),1,132,97,35,6862575
30,1,6.91,"[상태 값 조건이 있는 if-elif-elif-else 있는 경우 클래스화 고려] : 98.1 점 👍,
[불필요한 변수 생성 대신 defaultdict 권장] : 96.6 점 👍,
[import 순서 준수] : 93.5 점 👍,
[예외의 종류 (OOOError 등) 구체적 명시 권장] : 93.3 점 👍,
[함수의 인자가 하나로 묶을 수 있는 경우 처리 권장] : 44.4 점 🚨 (답변 시작)", 천천히 살펴보면 개수가 바뀔 수 있는 인수를 하나씩 받고 있어요. 필요한 곳부터 객체나 dataclass로 묶으면 수정할 때 덜 복잡해져요! 🧼  (답변 종료),1,144,107,37,6862575
31,1,6.39,"[enumerate 사용 가능한 경우 사용] : 95.6 점 👍,
[함수 docstring, 함수명 의미 일치] : 93.4 점 👍,
[f = lambda x: ... 보다는 def f(x): return ... 를 사용] : 85.3 점,
[중복되는 사항 common 으로 빼기] : 54.7 점 🚨,
[고정값 상수화 필요] : 46.6 점 🚨 (답변 시작)", 천천히 살펴보면 같은 고정값이 여러 곳에 흩어져 있어요. 필요한 곳부터 의미 있는 상수 이름으로 꺼내 두면 정책을 바꿀 때 한 번에 손볼 수 있어요.  (답변 종료),1,132,98,34,6862575
32,1,6.19,"[정규 표현식 문자열은 r""..."" 권장] : 98.7 점 👍,
[동일한 인수 집합을 갖는 함수가 많은 경우 클래스화 고려] : 91.2 점 👍,
[동일 인자 type 통일] : 69.9 점,
[Python 예약어를 변수명으로 사용하지 않아야 함] : 68.1 점,
[의미 있는 함수명, 변수명 사용] : 6.8 점 🚨 (답변 시작)", 작은 신호를 짚어 보니 역할을 짐작하기 어려운 함수나 변수 이름이 있어요. 살짝 무엇을 하는지 드러나는 이름으로 바꾸면 다음 사람이 안심하고 호출할 수 있어요.  (답변 종료),1,130,97,33,6862575
33,1,7.12,"[itertools.product 사용 가능한 경우 사용] : 85.4 점,
[파일 단순 읽기/쓰기는 Path 사용] : 82.8 점,
[유사한 변수명 통일] : 80.2 점,
[예외의 종류 (OOOError 등) 구체적 명시 권장] : 69.6 점,
[동일한 인수 집합을 갖는 함수가 많은 경우 클래스화 고려] : 64.8 점 (답변 시작)", 작은 신호를 짚어 보니 같은 설정을 계속 받는 함수가 여러 개예요. 필요한 곳부터 객체나 속성별 설정으로 나누면 수정할 때 덜 건드려도 돼요.  (답변 종료),1,133,95,38,6862575
34,1,5.82,"[assertion을 제어 메커니즘으로 사용하면 안됨] : 99.0 점 👍,
[주석 처리된 코드 제거] : 93.0 점 👍,
[함수명, 반환값 간 일치] : 91.4 점 👍,
[zip 사용 가능한 경우 사용] : 88.2 점,
[제너레이터 표현식 사용이 가능한 경우 사용] : 74.7 점 (답변 시작)", 천천히 살펴보면 한 번만 쓸 중간 목록이 만들어지고 있어요. 필요한 곳부터 제너레이터 표현식으로 메모리를 아껴 볼 만해요!  (답변 종료),1,121,90,31,6862575
35,1,6.01,"[zip 사용 가능한 경우 사용] : 86.1 점,
[한 줄의 길이는 일정 글자 이내로] : 83.5 점,
[언패킹 시 숫자 인덱스 사용하지 말 것 (변수에 바로 할당)] : 67.9 점,
[주석 처리된 코드 제거] : 17.7 점 🚨,
[중복되는 사항 common 으로 빼기] : 0.6 점 🚨 (답변 시작)", 천천히 살펴보면 같은 처리가 여러 곳에서 반복되고 있어요. 필요한 곳부터 공통 동작을 한곳으로 모으면 수정할 때 놓칠 구석이 줄어요!  (답변 종료),1,128,96,32,6862575
36,1,5.46,"[한 줄의 길이는 일정 글자 이내로] : 91.8 점 👍,
[상태 값 조건이 있는 if-elif-elif-else 있는 경우 클래스화 고려] : 91.7 점 👍,
[파일 단순 읽기/쓰기는 Path 사용] : 90.2 점 👍,
[제너레이터 표현식 사용이 가능한 경우 사용] : 7.6 점 🚨,
[key=itemgetter(""key"") 사용 권장] : 4.6 점 🚨 (답변 시작)", 테스트를 떠올리면 정렬 키를 직접 꺼내고 있어요. 필요한 곳부터 정렬 키를 lambda로 쓰면 코드가 짧고 분명해져요!  (답변 종료),1,135,106,29,6862575
37,1,6.03,"[클래스 내부에서만 쓰이는 속성, 메서드 (접두사 있음) 호출 비 권장] : 93.9 점 👍,
[enumerate 사용 가능한 경우 사용] : 86.9 점,
[주석 처리된 코드 제거] : 72.3 점,
[상태 값 조건이 있는 if-elif-elif-else 있는 경우 클래스화 고려] : 30.9 점 🚨,
[중복되는 사항 common 으로 빼기] : 5.2 점 🚨 (답변 시작)", 테스트를 떠올리면 같은 처리가 여러 곳에서 반복되고 있어요. 가능한 범위에서 공통 동작을 한곳으로 모으면 수정할 때 놓칠 구석이 줄어요.  (답변 종료),1,141,109,32,6862575
38,1,6.03,"[상태 값 조건이 있는 if-elif-elif-else 있는 경우 클래스화 고려] : 98.8 점 👍,
[주석 처리된 코드 제거] : 92.3 점 👍,
[빈 파일 TODO 표시 필요] : 91.7 점 👍,
[예외를 삼키는 경우가 없어야 함] : 24.3 점 🚨,
[key=itemgetter(""key"") 사용 권장] : 11.6 점 🚨 (답변 시작)"," 천천히 살펴보면 정렬 키를 직접 반복하고 있어요. 필요한 곳부터 정렬 키를 itemgetter(""key"")로 쓰면 코드가 짧고 분명해져요!  (답변 종료)",1,132,100,32,6862575
39,1,6.38,"[prefix, suffix 검사 시 startswith(), endswith() 사용] : 99.0 점 👍,
[if a.get(""b"") ... 형태로 수정 필요] : 98.8 점 👍,
[비어 있는 문자열 여부 판단 간소화] : 92.8 점 👍,
[예외의 종류 (OOOError 등) 구체적 명시 권장] : 61.4 점,
[함수 docstring, 함수명 의미 일치] : 28.2 점 🚨 (답변 시작)", 천천히 살펴보면 docstring과 함수 동작이 서로 다르게 읽혀요. 필요한 곳부터 docstring과 함수가 약속한 역할을 맞추면 다음 사람이 안심하고 호출할 수 있어요.  (답변 종료),1,138,104,34,6862575
40,1,8.0,"[한 줄의 길이는 일정 글자 이내로] : 94.5 점 👍,
[주석 처리된 코드 제거] : 90.2 점 👍,
[예외의 종류 (OOOError 등) 구체적 명시 권장] : 71.1 점,
[100 line 이상 함수 분리, docstring 필요] : 45.0 점 🚨,
[숫자 값은 위쪽에 상수로] : 35.9 점 🚨 (답변 시작)", 작은 신호를 짚어 보니 로직 사이에 매직 넘버가 숨어 있어요. 필요한 곳부터 매직 넘버를 파일 위쪽의 상수 이름으로 꺼내 두면 정책을 바꿀 때 한 번에 손볼 수 있어요. 🍀  (답변 종료),1,139,96,43,6862575
41,1,6.03,"[README.md, pyproject.toml 필요] : 94.8 점 👍,
[숫자 값은 위쪽에 상수로] : 91.3 점 👍,
[지나치게 많은 들여쓰기 수정] : 91.1 점 👍,
[상태 값 조건이 있는 if-elif-elif-else 있는 경우 클래스화 고려] : 86.2 점,
[itertools.product 사용 가능한 경우 사용] : 4.5 점 🚨 (답변 시작)", 코드를 따라가 보니 조합을 만들려고 중첩문을 쓰고 있어요. 필요한 곳부터 itertools.product로 의도를 또렷하게 드러내요! 🧼  (답변 종료),1,131,99,32,6862575
42,1,5.99,"[함수명, 반환값 간 일치] : 99.7 점 👍,
[지나치게 많은 들여쓰기 수정] : 88.5 점,
[동일 인자 type 통일] : 83.6 점,
[숫자 값은 위쪽에 상수로] : 66.2 점,
[zip 사용 가능한 경우 사용] : 0.1 점 🚨 (답변 시작)", 천천히 살펴보면 목록의 원소를 하나씩 꺼내고 있어요. 필요한 곳부터 인덱스 대신 값을 쓰면 코드가 자연스럽고 안전해져요. 🔍  (답변 종료),1,115,83,32,6862575
43,1,5.85,"[정규 표현식 문자열은 r""..."" 권장] : 99.1 점 👍,
[숫자 값은 위쪽에 상수로] : 94.4 점 👍,
[동일 인자 type 통일] : 91.0 점 👍,
[예외의 종류 (OOOError 등) 구체적 명시 권장] : 79.8 점,
[인덱스 반환에 index 함수 사용] : 74.5 점 (답변 시작)", 천천히 살펴보면 위치를 찾기 위해 직접 반복하고 있어요. 필요한 곳부터 첫 위치가 필요할 때는 index를 쓰면 목적이 바로 보입니다. 💫  (답변 종료),1,123,92,31,6862575
44,1,5.81,"[클래스 내부에서만 쓰이는 속성, 메서드 (접두사 있음) 호출 비 권장] : 99.6 점 👍,
[f = lambda x: ... 보다는 def f(x): return ... 를 사용] : 97.7 점 👍,
[고정값 상수화 필요] : 90.0 점 👍,
[인덱스 반환에 index 함수 사용] : 65.9 점,
[import 순서 준수] : 62.9 점 (답변 시작)", 천천히 살펴보면 import 배치가 섞여 있어요. 흐름을 따라 표준 라이브러리와 외부 패키지와 내부 모듈을 차례로 정리하면 시작 화면이 말끔해져요.  (답변 종료),1,131,100,31,6862575
45,1,8.03,"[유사한 이름의 함수끼리 가까이 위치하도록 수정 권장] : 91.6 점 👍,
[import 순서 준수] : 81.3 점,
[경로를 path/to/file 이 아닌, pathlib 또는 os.path.join 사용] : 46.7 점 🚨,
[고정값 상수화 필요] : 21.4 점 🚨,
[지나치게 많은 들여쓰기 수정] : 1.2 점 🚨 (답변 시작)", 구현을 찬찬히 들여다보니 들여쓰기 단계가 깊어 흐름을 따라가기 어려워요. 필요한 곳부터 작은 함수로 쪼개거나 빠른 반환을 쓰면 조건의 미로가 얕아져요. 🚀  (답변 종료),1,140,97,43,6862575
46,1,5.51,"[주석 처리된 코드 제거] : 97.3 점 👍,
[함수의 인자가 하나로 묶을 수 있는 경우 처리 권장] : 89.2 점,
[불필요한 변수 생성 대신 defaultdict 권장] : 67.0 점,
[예외의 종류 (OOOError 등) 구체적 명시 권장] : 62.7 점,
[한 줄의 길이는 일정 글자 이내로] : 38.6 점 🚨 (답변 시작)", 구현한 흐름을 따라가 보니 한 줄이 너무 길게 이어지는 곳이 있어요. 살짝 줄을 적당히 나누면 작은 화면에서도 흐름을 놓치지 않아요!  (답변 종료),1,127,98,29,6862575
47,1,6.76,"[상태 값 조건이 있는 if-elif-elif-else 있는 경우 클래스화 고려] : 90.0 점 👍,
[인덱스 반환에 index 함수 사용] : 75.5 점,
[a = my_list[0], b = my_list[1] ... 대신 unpacking 사용 필요] : 52.1 점 🚨,
[함수의 인자가 유동적인 경우 처리 권장] : 20.4 점 🚨,
[조건문 중첩 대신 any, all 사용] : 18.8 점 🚨 (답변 시작)", 천천히 살펴보면 조건문이 여러 겹으로 겹쳐 있어요. 필요한 곳부터 여러 조건의 존재 여부는 any나 all에 맡기면 뜻이 훨씬 또렷해져요!  (답변 종료),1,154,118,36,6862575
48,1,7.85,"[한 줄의 길이는 일정 글자 이내로] : 98.3 점 👍,
[제너레이터 표현식 사용이 가능한 경우 사용] : 86.9 점,
[클래스 내부에서만 쓰이는 속성, 메서드 (접두사 있음) 호출 비 권장] : 81.1 점,
[개수 세기에 count 함수 사용] : 71.4 점,
[유사한 이름의 함수끼리 가까이 위치하도록 수정 권장] : 67.9 점 (답변 시작)", 구현을 찬찬히 들여다보니 비슷한 이름의 함수가 파일 곳곳에 흩어져 있어요. 필요한 곳부터 비슷한 역할의 함수를 가까이 두면 탐색 시간이 줄고 파일 구조가 자연스러워져요. 🧼  (답변 종료),1,144,102,42,6862575
49,1,5.83,"[한 줄의 길이는 일정 글자 이내로] : 98.8 점 👍,
[함수의 인자가 유동적인 경우 처리 권장] : 91.6 점 👍,
[제너레이터 표현식 사용이 가능한 경우 사용] : 86.9 점,
[기존 배열의 원소 추가 대신 extend 함수 사용] : 64.9 점,
[중복되는 사항 common 으로 빼기] : 6.7 점 🚨 (답변 시작)", 천천히 살펴보면 같은 처리가 여러 곳에서 반복되고 있어요. 과감하게 공통 동작을 한곳으로 모으면 수정할 때 놓칠 구석이 줄어요! 📌  (답변 종료),1,128,97,31,6862575
50,1,6.27,"[함수 docstring, 함수명 의미 일치] : 97.6 점 👍,
[주석 처리된 코드 제거] : 96.5 점 👍,
[경로를 path/to/file 이 아닌, pathlib 또는 os.path.join 사용] : 95.5 점 👍,
[동일한 인수 집합을 갖는 함수가 많은 경우 클래스화 고려] : 50.9 점 🚨,
[유사한 변수명 통일] : 39.9 점 🚨 (답변 시작)", 천천히 살펴보면 같은 역할을 하는 변수 이름이 제각각이에요. 필요한 곳부터 같은 역할에는 같은 이름 규칙을 쓰면 다음 사람이 안심하고 호출할 수 있어요!  (답변 종료),1,136,103,33,6862575
51,1,6.74,"[개수 세기에 count 함수 사용] : 96.3 점 👍,
[key=itemgetter(""key"") 사용 권장] : 94.3 점 👍,
[숫자 값은 위쪽에 상수로] : 25.3 점 🚨,
[함수명, 반환값 간 일치] : 6.8 점 🚨,
[a = my_list[0], b = my_list[1] ... 대신 unpacking 사용 필요] : 0.3 점 🚨 (답변 시작)", 천천히 살펴보면 목록의 원소를 하나씩 꺼내고 있어요. 필요한 곳부터 정해진 순서의 값은 unpacking으로 풀어 주면 한 번에 읽혀요. 🔍  (답변 종료),1,142,106,36,6862575
52,1,6.18,"[중복되는 사항 common 으로 빼기] : 99.5 점 👍,
[문자열 단순 연결보다는 f-string 사용] : 95.1 점 👍,
[파일 단순 읽기/쓰기는 Path 사용] : 93.8 점 👍,
[prefix, suffix 검사 시 startswith(), endswith() 사용] : 83.6 점,
[유사한 변수명 통일] : 18.2 점 🚨 (답변 시작)", 천천히 살펴보면 비슷한 역할의 변수 이름이 제각각이에요. 가능한 범위에서 같은 개념에는 같은 이름 규칙을 쓰면 읽는 속도가 훨씬 빨라져요. 🔍  (답변 종료),1,130,97,33,6862575
53,1,6.73,"[함수의 인자가 하나로 묶을 수 있는 경우 처리 권장] : 96.3 점 👍,
[고정값 상수화 필요] : 91.9 점 👍,
[동일한 인수 집합을 갖는 함수가 많은 경우 클래스화 고려] : 54.4 점 🚨,
[조건문 중첩 대신 any, all 사용] : 7.6 점 🚨,
[한 줄의 길이는 일정 글자 이내로] : 3.1 점 🚨 (답변 시작)", 구현을 찬찬히 들여다보니 한 줄이 너무 길게 이어지는 곳이 있어요. 조금만 시간을 내서 줄을 적당히 나누면 작은 화면에서도 흐름을 놓치지 않아요. 🌿  (답변 종료),1,140,104,36,6862575
54,1,5.28,"[상태 값 조건이 있는 if-elif-elif-else 있는 경우 클래스화 고려] : 99.6 점 👍,
[지나치게 많은 들여쓰기 수정] : 94.8 점 👍,
[str 단순 += 대신 join 사용] : 77.0 점,
[리스트 컴프리헨션 사용이 가능한 경우 사용] : 69.6 점,
[key=itemgetter(""key"") 사용 권장] : 5.4 점 🚨 (답변 시작)", 천천히 살펴보면 정렬 키를 직접 꺼내고 있어요. 필요한 곳부터 정렬 키를 lambda로 쓰면 목적이 바로 보입니다! 🚀  (답변 종료),1,127,99,28,6862575
55,1,6.95,"[중복되는 사항 common 으로 빼기] : 94.4 점 👍,
[매우 간결한 변환은 map 사용] : 93.3 점 👍,
[zip 사용 가능한 경우 사용] : 65.2 점,
[f = lambda x: ... 보다는 def f(x): return ... 를 사용] : 19.1 점 🚨,
[조건문 중첩 대신 any, all 사용] : 18.8 점 🚨 (답변 시작)", 천천히 살펴보면 조건문이 여러 겹으로 겹쳐 있어요. 흐름을 따라 여러 조건의 존재 여부는 any나 all에 맡기면 뜻이 훨씬 또렷해져요. 💫  (답변 종료),1,137,100,37,6862575
56,1,7.31,"[f = lambda x: ... 보다는 def f(x): return ... 를 사용] : 94.7 점 👍,
[prefix, suffix 검사 시 startswith(), endswith() 사용] : 94.5 점 👍,
[a = my_list[0], b = my_list[1] ... 대신 unpacking 사용 필요] : 83.8 점,
[지나치게 많은 들여쓰기 수정] : 29.1 점 🚨,
[동일 인자 type 통일] : 10.6 점 🚨 (답변 시작)", 작은 신호를 짚어 보니 같은 의미의 인수에서 type 표기가 통일되지 않았어요. 필요한 곳부터 인수의 type을 한 방식으로 맞추면 다음 사람이 안심하고 호출할 수 있어요.  (답변 종료),1,152,113,39,6862575
57,1,5.65,"[중복되는 사항 common 으로 빼기] : 67.3 점,
[불필요한 print, logging 제거] : 35.6 점 🚨,
[정규 표현식 문자열은 r""..."" 권장] : 35.2 점 🚨,
[동일한 인수 집합을 갖는 함수가 많은 경우 클래스화 고려] : 29.7 점 🚨,
[불필요한 변수 생성 대신 defaultdict 권장] : 2.6 점 🚨 (답변 시작)", 천천히 살펴보면 키별로 값을 더해 나가는 변수가 선언되어 있어요. 필요한 곳부터 defaultdict를 쓰면 코드가 짧고 분명해져요! 📌  (답변 종료),1,132,102,30,6862575
58,1,6.23,"[조건문 중첩 대신 any, all 사용] : 95.2 점 👍,
[예외를 삼키는 경우가 없어야 함] : 94.4 점 👍,
[함수의 인수를 변경 가능한 default value로 하지 않아야 함] : 93.7 점 👍,
[key=itemgetter(""key"") 사용 권장] : 64.5 점,
[str 단순 += 대신 join 사용] : 49.4 점 🚨 (답변 시작)", 천천히 살펴보면 문자열을 반복해서 더하고 있어요. 필요한 곳부터 조각을 많이 합칠 때는 join으로 모으면 성능과 의도가 함께 좋아져요! 🎯  (답변 종료),1,129,96,33,6862575
59,1,6.39,"[파일 열기, 닫기 시 with open(...) 사용] : 92.8 점 👍,
[불필요한 변수 생성 대신 defaultdict 권장] : 85.3 점,
[함수의 인자가 하나로 묶을 수 있는 경우 처리 권장] : 50.6 점 🚨,
[100 line 이상 함수 분리, docstring 필요] : 18.0 점 🚨,
[함수 인수 type hint 필요] : 17.4 점 🚨 (답변 시작)", 테스트를 떠올리면 함수 인수의 type hint가 비어 있어요! 필요한 곳부터 인수의 type hint를 달아 두면 다음 사람이 안심하고 호출할 수 있어요!  (답변 종료),1,135,101,34,6862575
60,1,7.55,"[함수 docstring, 함수명 의미 일치] : 99.5 점 👍,
[import 순서 준수] : 96.7 점 👍,
[미 사용 변수/함수 제거] : 62.3 점,
[상태 값 조건이 있는 if-elif-elif-else 있는 경우 클래스화 고려] : 16.8 점 🚨,
[동일한 인수 집합을 갖는 함수가 많은 경우 클래스화 고려] : 2.5 점 🚨 (답변 시작)", 테스트를 떠올리면 같은 설정을 계속 받는 함수가 여러 개예요. 필요한 곳부터 상태별 동작을 클래스로 나누면 새 상태를 더할 때 기존 설정을 계속 받을 필요가 없어요. 💫  (답변 종료),1,142,102,40,6862575
61,1,6.91,"[100 line 이상 함수 분리, docstring 필요] : 98.7 점 👍,
[비어 있는 문자열 여부 판단 간소화] : 91.4 점 👍,
[리스트 컴프리헨션 사용이 가능한 경우 사용] : 79.1 점,
[언패킹 시 숫자 인덱스 사용하지 말 것 (변수에 바로 할당)] : 73.2 점,
[함수의 인수를 변경 가능한 default value로 하지 않아야 함] : 60.0 점 (답변 시작)", 천천히 살펴보면 딕셔너리나 리스트를 넣고 있어요! 필요한 곳부터 리스트나 딕셔너리는 None으로 두고 함수 안에서 만들면 호출 사이에 상태가 섞이지 않아요. 🧼  (답변 종료),1,141,104,37,6862575
62,1,7.28,"[파일 열기, 닫기 시 with open(...) 사용] : 98.9 점 👍,
[유사한 이름의 함수끼리 가까이 위치하도록 수정 권장] : 97.0 점 👍,
[매우 간결한 변환은 map 사용] : 96.6 점 👍,
[경로를 path/to/file 이 아닌, pathlib 또는 os.path.join 사용] : 81.9 점,
[동일한 인수 집합을 갖는 함수가 많은 경우 클래스화 고려] : 66.4 점 (답변 시작)", 천천히 살펴보면 같은 설정을 계속 받는 함수가 여러 개예요. 필요한 곳부터 객체화해서 상태를 가진 객체로 묶으면 수정할 때 덜 건드려도 돼요. 🧼  (답변 종료),1,147,108,39,6862575
63,1,6.56,"[a = my_list[0], b = my_list[1] ... 대신 unpacking 사용 필요] : 99.4 점 👍,
[함수 인수 type hint 필요] : 93.4 점 👍,
[클래스 내부에서만 쓰이는 속성, 메서드 (접두사 있음) 호출 비 권장] : 90.8 점 👍,
[함수의 인수를 변경 가능한 default value로 하지 않아야 함] : 34.5 점 🚨,
[불필요한 변수 생성 대신 defaultdict 권장] : 5.5 점 🚨 (답변 시작)", 천천히 살펴보면 키별 초기화를 직접 반복하고 있어요. 필요한 곳부터 값을 모을 때는 defaultdict를 쓰면 분기와 보일러플레이트가 줄어요.  (답변 종료),1,153,118,35,6862575
64,1,7.47,"[함수명, 반환값 간 일치] : 94.9 점 👍,
[enumerate 사용 가능한 경우 사용] : 87.9 점,
[if a.get(""b"") ... 형태로 수정 필요] : 81.3 점,
[zip 사용 가능한 경우 사용] : 67.0 점,
[상태 값 조건이 있는 if-elif-elif-else 있는 경우 클래스화 고려] : 51.8 점 🚨 (답변 시작)", 천천히 살펴보면 상태에 따라 갈라지는 조건문이 길게 이어져요. 필요한 곳부터 상태별 동작을 클래스로 나누면 새 상태를 더할 때 기존 조건문을 덜 건드려도 돼요.  (답변 종료),1,139,99,40,6862575
65,1,7.46,"[함수의 인수를 변경 가능한 default value로 하지 않아야 함] : 91.3 점 👍,
[유사한 이름의 함수끼리 가까이 위치하도록 수정 권장] : 91.2 점 👍,
[itertools.product 사용 가능한 경우 사용] : 82.5 점,
[enumerate 사용 가능한 경우 사용] : 81.7 점,
[상태 값 조건이 있는 if-elif-elif-else 있는 경우 클래스화 고려] : 59.4 점 🚨 (답변 시작)", 천천히 살펴보면 상태에 따라 갈라지는 조건문이 길게 이어져요. 필요한 곳부터 상태별 동작을 클래스로 나누면 새 상태를 더할 때 기존 조건문을 덜 건드려도 돼요.  (답변 종료),1,147,107,40,6862575
66,1,6.73,"[itertools.product 사용 가능한 경우 사용] : 93.3 점 👍,
[고정값 상수화 필요] : 92.4 점 👍,
[의미 있는 함수명, 변수명 사용] : 80.6 점,
[str 단순 += 대신 join 사용] : 63.3 점,
[a = my_list[0], b = my_list[1] ... 대신 unpacking 사용 필요] : 41.1 점 🚨 (답변 시작)", 천천히 살펴보면 목록의 원소를 하나씩 꺼내고 있어요. 흐름을 따라 정해진 순서의 값은 unpacking으로 풀어 주면 코드가 짧고 분명해져요. 🧼  (답변 종료),1,136,100,36,6862575
67,1,7.33,"[조건문 중첩 대신 any, all 사용] : 95.4 점 👍,
[비어 있는 문자열 여부 판단 간소화] : 91.1 점 👍,
[유사한 변수명 통일] : 79.7 점,
[prefix, suffix 검사 시 startswith(), endswith() 사용] : 74.5 점,
[assertion을 제어 메커니즘으로 사용하면 안됨] : 28.2 점 🚨 (답변 시작)", 천천히 살펴보면 assert가 실행 흐름을 대신하고 있어요! 필요한 곳부터 검증이 필요한 분기는 명시적인 예외 처리로 바꾸어야 배포 환경에서도 안전해요. 🧼  (답변 종료),1,135,96,39,6862575
68,1,6.55,"[a = my_list[0], b = my_list[1] ... 대신 unpacking 사용 필요] : 97.4 점 👍,
[if-elif-elif-else 구문은 되도록 dict로 수정] : 95.3 점 👍,
[리스트 컴프리헨션 사용이 가능한 경우 사용] : 81.2 점,
[지나치게 많은 들여쓰기 수정] : 75.1 점,
[동일한 인수 집합을 갖는 함수가 많은 경우 클래스화 고려] : 7.5 점 🚨 (답변 시작)", 천천히 살펴보면 같은 설정을 계속 받는 함수가 여러 개예요. 필요한 곳부터 객체나 클래스로 묶으면 수정할 때 한 번에 바꿀 수 있어요. 🌿  (답변 종료),1,150,115,35,6862575
69,1,7.47,"[빈도수, 반복문, 경로명 리스트 추출 시 collections, itertools, glob 사용] : 96.2 점 👍,
[제너레이터 표현식 사용이 가능한 경우 사용] : 95.9 점 👍,
[prefix, suffix 검사 시 startswith(), endswith() 사용] : 91.3 점 👍,
[주석 처리된 코드 제거] : 84.1 점,
[상태 값 조건이 있는 if-elif-elif-else 있는 경우 클래스화 고려] : 82.5 점 (답변 시작)", 천천히 살펴보면 상태에 따라 갈라지는 조건문이 길게 이어져요. 필요한 곳부터 상태별 동작을 클래스로 나누면 새 상태를 더할 때 기존 조건문을 덜 건드려도 돼요.  (답변 종료),1,155,115,40,6862575
70,1,7.46,"[함수의 인자가 유동적인 경우 처리 권장] : 91.2 점 👍,
[zip 사용 가능한 경우 사용] : 50.0 점 🚨,
[100 line 이상 함수 분리, docstring 필요] : 47.1 점 🚨,
[상태 값 조건이 있는 if-elif-elif-else 있는 경우 클래스화 고려] : 13.1 점 🚨,
[동일 인자 type 통일] : 12.5 점 🚨 (답변 시작)", 구현을 찬찬히 들여다보니 같은 의미의 인수에서 type 표기가 통일되지 않았어요. 흐름을 따라 인수의 type을 한 방식으로 맞추면 다음 사람이 안심하고 호출할 수 있어요!  (답변 종료),1,143,103,40,6862575
71,1,7.28,"[비어 있는 문자열 여부 판단 간소화] : 98.2 점 👍,
[key=itemgetter(""key"") 사용 권장] : 94.4 점 👍,
[if-elif-elif-else 구문은 되도록 dict로 수정] : 21.6 점 🚨,
[파일 단순 읽기/쓰기는 Path 사용] : 11.5 점 🚨,
[동일 인자 type 통일] : 8.0 점 🚨 (답변 시작)", 테스트를 떠올리면 같은 의미의 인수에서 type 표기가 통일되지 않았어요. 필요한 곳부터 인수의 type을 한 방식으로 맞추면 다음 사람이 안심하고 호출할 수 있어요. 🎯  (답변 종료),1,138,99,39,6862575
72,1,6.77,"[조건문 중첩 대신 any, all 사용] : 97.2 점 👍,
[클래스 내부에서만 쓰이는 속성, 메서드 (접두사 있음) 호출 비 권장] : 83.8 점,
[함수 인수 type hint 필요] : 77.5 점,
[import 순서 준수] : 72.0 점,
[if-elif-elif-else 구문은 되도록 dict로 수정] : 24.8 점 🚨 (답변 시작)", 다음 커밋에서 보면 조건 분기가 길게 늘어진 곳이 있어요. 필요한 곳부터 값에 따른 선택이라면 dict 매핑으로 바꾸어 분기표를 단순하게 만들어 보세요. 📌  (답변 종료),1,136,100,36,6862575
73,1,6.75,"[불필요한 변수 생성 대신 defaultdict 권장] : 99.5 점 👍,
[리스트 컴프리헨션 사용이 가능한 경우 사용] : 97.8 점 👍,
[미 사용 변수/함수 제거] : 96.0 점 👍,
[assertion을 제어 메커니즘으로 사용하면 안됨] : 92.6 점 👍,
[제너레이터 표현식 사용이 가능한 경우 사용] : 74.2 점 (답변 시작)", 다음 커밋을 생각해 보면 한 번만 쓸 중간 목록이 만들어지고 있어요. 과감하게 한 번만 순회한다면 제너레이터 표현식으로 메모리를 아껴 볼 만해요!  (답변 종료),1,131,95,36,6862575
74,1,6.38,"[문자열 단순 연결보다는 f-string 사용] : 93.5 점 👍,
[매우 간결한 변환은 map 사용] : 91.8 점 👍,
[함수의 인수를 변경 가능한 default value로 하지 않아야 함] : 47.6 점 🚨,
[README.md, pyproject.toml 필요] : 36.9 점 🚨,
[파일 단순 읽기/쓰기는 Path 사용] : 13.9 점 🚨 (답변 시작)", 천천히 살펴보면 간단한 파일 작업이 장황하게 처리되고 있어요! 필요한 곳부터 Path의 읽기와 쓰기 메서드를 쓰면 파일 작업이 짧고 단단해져요.  (답변 종료),1,135,101,34,6862575
75,1,6.21,"[문자열 단순 연결보다는 f-string 사용] : 96.4 점 👍,
[zip 사용 가능한 경우 사용] : 93.4 점 👍,
[유사한 변수명 통일] : 90.9 점 👍,
[기존 배열의 원소 추가 대신 extend 함수 사용] : 90.6 점 👍,
[경로를 path/to/file 이 아닌, pathlib 또는 os.path.join 사용] : 43.0 점 🚨 (답변 시작)", 천천히 살펴보면 파일 경로를 문자열로 이어 붙이고 있어요. 테스트를 떠올리며 pathlib이나 os.path.join으로 경로를 조립하면 운영체제가 달라도 안전해요!  (답변 종료),1,130,97,33,6862575
76,1,6.04,"[예외를 삼키는 경우가 없어야 함] : 97.9 점 👍,
[정규 표현식 문자열은 r""..."" 권장] : 96.9 점 👍,
[zip 사용 가능한 경우 사용] : 91.3 점 👍,
[str 단순 += 대신 join 사용] : 81.9 점,
[중복되는 사항 common 으로 빼기] : 60.8 점 (답변 시작)", 천천히 살펴보면 같은 처리가 여러 곳에서 반복되고 있어요. 필요한 곳부터 공통 동작을 한곳으로 모으면 수정할 때 놓칠 구석이 줄어요.  (답변 종료),1,121,89,32,6862575
77,1,7.3,"[지나치게 많은 들여쓰기 수정] : 99.0 점 👍,
[매우 간결한 변환은 map 사용] : 81.8 점,
[불필요한 print, logging 제거] : 70.8 점,
[비어 있는 문자열 여부 판단 간소화] : 51.0 점 🚨,
[동일 인자 type 통일] : 21.9 점 🚨 (답변 시작)", 천천히 살펴보면 같은 의미의 인수에서 type 표기가 통일되지 않았어요. 다음 커밋에서 인수의 type을 한 방식으로 맞추면 다음 사람이 안심하고 호출할 수 있어요. 🧼  (답변 종료),1,126,87,39,6862575
78,1,5.27,"[지나치게 많은 들여쓰기 수정] : 97.4 점 👍,
[Python 예약어를 변수명으로 사용하지 않아야 함] : 90.7 점 👍,
[비어 있는 문자열 여부 판단 간소화] : 48.3 점 🚨,
[if-elif-elif-else 구문은 되도록 dict로 수정] : 24.4 점 🚨,
[기존 배열의 원소 추가 대신 extend 함수 사용] : 24.4 점 🚨 (답변 시작)", 천천히 살펴보면 목록 원소를 하나씩 추가하고 있어요. 흐름을 따라 여러 값을 더할 때는 extend를 쓰면 의도가 정확히 전달돼요!  (답변 종료),1,130,102,28,6862575
79,1,6.38,"[assertion을 제어 메커니즘으로 사용하면 안됨] : 99.3 점 👍,
[함수명, 반환값 간 일치] : 90.6 점 👍,
[제너레이터 표현식 사용이 가능한 경우 사용] : 81.1 점,
[비어 있는 문자열 여부 판단 간소화] : 75.8 점,
[zip 사용 가능한 경우 사용] : 32.3 점 🚨 (답변 시작)", 작은 신호를 짚어 보니 목록의 원소를 하나씩 꺼내고 있어요. 필요한 곳부터 zip으로 묶어 주면 코드가 짧고 분명해져요. 🎯  (답변 종료),1,126,92,34,6862575
80,1,7.09,"[숫자 값은 위쪽에 상수로] : 97.0 점 👍,
[if-elif-elif-else 구문은 되도록 dict로 수정] : 93.0 점 👍,
[고정값 상수화 필요] : 74.9 점,
[문자열 단순 연결보다는 f-string 사용] : 32.0 점 🚨,
[빈도수, 반복문, 경로명 리스트 추출 시 collections, itertools, glob 사용] : 6.0 점 🚨 (답변 시작)", 천천히 살펴보면 표준 라이브러리로 줄일 수 있는 반복이 보여요. 필요한 곳부터 collections나 itertools를 쓰면 표준 도구의 힘을 빌릴 수 있어요. 🧠  (답변 종료),1,144,106,38,6862575
81,1,6.55,"[숫자 값은 위쪽에 상수로] : 98.5 점 👍,
[고정값 상수화 필요] : 82.2 점,
[예외의 종류 (OOOError 등) 구체적 명시 권장] : 68.6 점,
[기존 배열의 원소 추가 대신 extend 함수 사용] : 63.4 점,
[100 line 이상 함수 분리, docstring 필요] : 12.6 점 🚨 (답변 시작)", 작은 신호를 짚어 보니 하나의 함수가 너무 많은 일을 하고 있어요. 흐름을 따라 책임별로 나누고 docstring을 붙이면 테스트와 수정이 한결 수월해져요!  (답변 종료),1,128,93,35,6862575
82,1,6.19,"[동일한 인수 집합을 갖는 함수가 많은 경우 클래스화 고려] : 95.3 점 👍,
[동일 인자 type 통일] : 90.6 점 👍,
[함수의 인자가 유동적인 경우 처리 권장] : 64.1 점,
[if-elif-elif-else 구문은 되도록 dict로 수정] : 35.4 점 🚨,
[개수 세기에 count 함수 사용] : 18.4 점 🚨 (답변 시작)", 천천히 살펴보면 값의 개수를 세려고 직접 순회하고 있어요. 필요한 곳부터 단순한 횟수 확인은 count에 맡기면 코드가 짧고 분명해져요!  (답변 종료),1,136,103,33,6862575
83,1,7.46,"[조건문 중첩 대신 any, all 사용] : 97.2 점 👍,
[불필요한 print, logging 제거] : 95.5 점 👍,
[100 line 이상 함수 분리, docstring 필요] : 90.6 점 👍,
[파일 열기, 닫기 시 with open(...) 사용] : 90.3 점 👍,
[매우 간결한 변환은 map 사용] : 33.5 점 🚨 (답변 시작)", 구현을 찬찬히 들여다보니 아주 단순한 변환을 긴 반복문으로 풀고 있어요. 가능한 범위에서 변환 규칙이 있으면 map으로 변환하면 코드가 짧고 분명해져요. 🚀  (답변 종료),1,137,97,40,6862575
84,1,6.39,"[유사한 이름의 함수끼리 가까이 위치하도록 수정 권장] : 99.3 점 👍,
[enumerate 사용 가능한 경우 사용] : 74.2 점,
[한 줄의 길이는 일정 글자 이내로] : 43.2 점 🚨,
[함수의 인수를 변경 가능한 default value로 하지 않아야 함] : 39.9 점 🚨,
[중복되는 사항 common 으로 빼기] : 35.0 점 🚨 (답변 시작)", 천천히 살펴보면 같은 처리가 여러 곳에서 반복되고 있어요. 필요한 곳부터 공통 동작을 한곳으로 모으면 수정할 때 놓칠 구석이 줄어요! 🎯  (답변 종료),1,136,102,34,6862575
85,1,5.82,"[동일한 인수 집합을 갖는 함수가 많은 경우 클래스화 고려] : 98.5 점 👍,
[함수의 인수를 변경 가능한 default value로 하지 않아야 함] : 96.2 점 👍,
[빈 파일 TODO 표시 필요] : 66.0 점,
[리스트 컴프리헨션 사용이 가능한 경우 사용] : 44.2 점 🚨,
[기존 배열의 원소 추가 대신 extend 함수 사용] : 37.0 점 🚨 (답변 시작)", 천천히 살펴보면 목록 원소를 하나씩 추가하고 있어요! 필요한 곳부터 여러 값을 더할 때는 extend를 쓰면 의도가 정확히 전달돼요. 🎯  (답변 종료),1,135,104,31,6862575
86,1,7.69,"[f = lambda x: ... 보다는 def f(x): return ... 를 사용] : 96.2 점 👍,
[함수의 인자가 하나로 묶을 수 있는 경우 처리 권장] : 96.1 점 👍,
[key=itemgetter(""key"") 사용 권장] : 90.2 점 👍,
[고정값 상수화 필요] : 31.5 점 🚨,
[함수의 인수를 변경 가능한 default value로 하지 않아야 함] : 9.5 점 🚨 (답변 시작)", 천천히 살펴보면 딕셔너리나 리스트를 기본 인수로 쓰고 있어요. 필요한 곳부터 리스트나 딕셔너리는 None으로 두고 함수 안에서 만들면 호출 사이에 상태가 섞이지 않아요. 🧼  (답변 종료),1,150,109,41,6862575
87,1,5.27,"[함수의 인자가 하나로 묶을 수 있는 경우 처리 권장] : 97.7 점 👍,
[상태 값 조건이 있는 if-elif-elif-else 있는 경우 클래스화 고려] : 91.8 점 👍,
[함수 docstring, 함수명 의미 일치] : 90.5 점 👍,
[불필요한 변수 생성 대신 defaultdict 권장] : 69.2 점,
[인덱스 반환에 index 함수 사용] : 68.5 점 (답변 시작)", 천천히 살펴보면 위치를 직접 찾아 헤매고 있어요. 필요한 곳부터 첫 위치가 필요할 때는 index를 쓰면 목적이 바로 보입니다.  (답변 종료),1,132,104,28,6862575
88,1,7.11,"[함수 docstring, 함수명 의미 일치] : 96.7 점 👍,
[동일한 인수 집합을 갖는 함수가 많은 경우 클래스화 고려] : 94.7 점 👍,
[미 사용 변수/함수 제거] : 62.1 점,
[100 line 이상 함수 분리, docstring 필요] : 22.9 점 🚨,
[지나치게 많은 들여쓰기 수정] : 18.8 점 🚨 (답변 시작)", 천천히 살펴보면 조건문 안에 또 다른 조건문이 겹쳐 있어요. 필요한 곳부터 작은 함수로 쪼개거나 빠른 반환을 쓰면 조건의 미로가 얕아져요. 🎈  (답변 종료),1,135,97,38,6862575
89,1,6.54,"[예외를 삼키는 경우가 없어야 함] : 98.9 점 👍,
[100 line 이상 함수 분리, docstring 필요] : 97.6 점 👍,
[a = my_list[0], b = my_list[1] ... 대신 unpacking 사용 필요] : 94.4 점 👍,
[예외의 종류 (OOOError 등) 구체적 명시 권장] : 93.7 점 👍,
[파일 단순 읽기/쓰기는 Path 사용] : 84.4 점 (답변 시작)", 천천히 살펴보면 간단한 파일 작업이 장황하게 처리되고 있어요. 테스트하는 마음으로 Path의 읽기와 쓰기 메서드를 쓰면 파일 작업이 짧고 단단해져요. 💡  (답변 종료),1,144,109,35,6862575
90,1,6.2,"[경로를 path/to/file 이 아닌, pathlib 또는 os.path.join 사용] : 94.0 점 👍,
[함수 docstring, 함수명 의미 일치] : 83.6 점,
[if a.get(""b"") ... 형태로 수정 필요] : 72.7 점,
[prefix, suffix 검사 시 startswith(), endswith() 사용] : 62.9 점,
[str 단순 += 대신 join 사용] : 60.6 점 (답변 시작)", 작은 신호를 짚어 보니 문자열을 반복해서 더하고 있어요. 흐름을 따라 조각을 많이 합칠 때는 join으로 모으면 성능과 의도가 함께 좋아져요.  (답변 종료),1,134,101,33,6862575
91,1,5.81,"[미 사용 변수/함수 제거] : 94.8 점 👍,
[유사한 이름의 함수끼리 가까이 위치하도록 수정 권장] : 86.6 점,
[a = my_list[0], b = my_list[1] ... 대신 unpacking 사용 필요] : 23.8 점 🚨,
[고정값 상수화 필요] : 22.7 점 🚨,
[str 단순 += 대신 join 사용] : 2.4 점 🚨 (답변 시작)", 천천히 살펴보면 문자열을 반복해서 더하고 있어요. 필요한 곳부터 조각을 많이 합칠 때는 join으로 모으면 성능과 의도가 함께 좋아져요.  (답변 종료),1,135,104,31,6862575
92,1,6.57,"[함수의 인자가 유동적인 경우 처리 권장] : 92.8 점 👍,
[enumerate 사용 가능한 경우 사용] : 90.8 점 👍,
[정규 표현식 문자열은 r""..."" 권장] : 90.6 점 👍,
[if a.get(""b"") ... 형태로 수정 필요] : 15.9 점 🚨,
[의미 있는 함수명, 변수명 사용] : 8.7 점 🚨 (답변 시작)", 천천히 살펴보면 역할을 알려주지 않는 함수나 변수 이름이 보여요! 가능하다면 무엇을 하는지 바로 드러나는 이름으로 바꾸면 다음 사람이 안심하고 호출할 수 있어요. 💫  (답변 종료),1,136,101,35,6862575
93,1,6.56,"[함수 docstring, 함수명 의미 일치] : 98.1 점 👍,
[유사한 이름의 함수끼리 가까이 위치하도록 수정 권장] : 90.8 점 👍,
[비어 있는 문자열 여부 판단 간소화] : 83.5 점,
[유사한 변수명 통일] : 64.7 점,
[itertools.product 사용 가능한 경우 사용] : 18.9 점 🚨 (답변 시작)", 작은 신호를 짚어 보니 조합을 만들려고 중첩 반복문을 쓰고 있어요. 필요한 곳부터 itertools.product로 의도를 또렷하게 드러내요! 🧩  (답변 종료),1,127,92,35,6862575
94,1,7.48,"[미 사용 변수/함수 제거] : 95.3 점 👍,
[함수 docstring, 함수명 의미 일치] : 74.4 점,
[유사한 이름의 함수끼리 가까이 위치하도록 수정 권장] : 67.6 점,
[중복되는 사항 common 으로 빼기] : 50.3 점 🚨,
[숫자 값은 위쪽에 상수로] : 13.4 점 🚨 (답변 시작)", 파일을 다시 훑어보니 로직 사이에 매직 넘버가 숨어 있어요. 필요한 곳부터 매직 넘버를 파일 위쪽의 상수로 꺼내 두면 정책을 바꿀 때 한 번에 수정할 수 있어요!  (답변 종료),1,134,94,40,6862575
95,1,6.76,"[함수의 인자가 유동적인 경우 처리 권장] : 67.5 점,
[인덱스 반환에 index 함수 사용] : 39.2 점 🚨,
[지나치게 많은 들여쓰기 수정] : 38.7 점 🚨,
[zip 사용 가능한 경우 사용] : 32.3 점 🚨,
[숫자 값은 위쪽에 상수로] : 25.5 점 🚨 (답변 시작)", 작은 신호를 짚어 보니 로직 사이에 숫자값이 흩어져 있어요. 필요한 곳부터 의미 있는 상수 이름으로 꺼내 두면 정책을 바꿀 때 한 번에 손볼 수 있어요!  (답변 종료),1,129,93,36,6862575
96,1,6.74,"[지나치게 많은 들여쓰기 수정] : 94.1 점 👍,
[언패킹 시 숫자 인덱스 사용하지 말 것 (변수에 바로 할당)] : 92.2 점 👍,
[빈도수, 반복문, 경로명 리스트 추출 시 collections, itertools, glob 사용] : 74.6 점,
[유사한 변수명 통일] : 59.0 점 🚨,
[비어 있는 문자열 여부 판단 간소화] : 42.5 점 🚨 (답변 시작)", 다시 확인해 보니 파이썬다운 조건 검증이 장황해요. 한 발 먼저 파이썬다운 조건 검사로 바꾸어 보면 조건식이 짧고 분명해져요. 🔍  (답변 종료),1,143,107,36,6862575
97,1,7.45,"[key=itemgetter(""key"") 사용 권장] : 90.0 점 👍,
[주석 처리된 코드 제거] : 68.5 점,
[if-elif-elif-else 구문은 되도록 dict로 수정] : 68.4 점,
[조건문 중첩 대신 any, all 사용] : 2.9 점 🚨,
[상태 값 조건이 있는 if-elif-elif-else 있는 경우 클래스화 고려] : 1.8 점 🚨 (답변 시작)", 천천히 살펴보면 상태에 따라 갈라지는 조건문이 길게 이어져요. 필요한 곳부터 상태별 동작을 클래스로 나누면 새 상태를 더할 때 기존 조건문을 덜 건드려도 돼요.  (답변 종료),1,147,107,40,6862575
98,1,6.36,"[Python 예약어를 변수명으로 사용하지 않아야 함] : 92.3 점 👍,
[예외의 종류 (OOOError 등) 구체적 명시 권장] : 91.5 점 👍,
[매우 간결한 변환은 map 사용] : 87.2 점,
[언패킹 시 숫자 인덱스 사용하지 말 것 (변수에 바로 할당)] : 59.4 점 🚨,
[함수명, 반환값 간 일치] : 55.7 점 🚨 (답변 시작)", 천천히 살펴보면 함수 이름과 반환값의 약속이 어긋나는 곳이 있어요. 필요한 곳부터 반환하는 값을 이름에 맞추면 다음 사람이 안심하고 호출할 수 있어요. 💫  (답변 종료),1,139,105,34,6862575
99,1,7.3,"[if a.get(""b"") ... 형태로 수정 필요] : 98.2 점 👍,
[유사한 변수명 통일] : 96.2 점 👍,
[언패킹 시 숫자 인덱스 사용하지 말 것 (변수에 바로 할당)] : 95.5 점 👍,
[상태 값 조건이 있는 if-elif-elif-else 있는 경우 클래스화 고려] : 68.8 점,
[함수 docstring, 함수명 의미 일치] : 22.8 점 🚨 (답변 시작)", 구현을 찬찬히 들여다보니 docstring과 함수 동작이 서로 다르게 읽혀요. 필요한 곳부터 docstring과 함수가 약속한 역할을 맞추면 다음 사람이 안심하고 호출할 수 있어요!  (답변 종료),1,148,109,39,6862575
100,2,7.17,"[주석 처리된 코드 제거] : 98.8 점 👍,
[import 순서 준수] : 76.1 점,
[enumerate 사용 가능한 경우 사용] : 75.6 점,
[불필요한 print, logging 제거] : 61.0 점,
[매우 간결한 변환은 map 사용] : 27.3 점 🚨 (답변 시작)", 작은 신호를 짚어 보니 아주 단순한 변환을 긴 반복문으로 풀고 있어요. 조금만 시간을 내서 변환 규칙이 단순하면 map으로 핵심 연산을 또렷하게 표현할 수 있어요! 📌  (답변 종료),1,123,83,40,6862575
101,2,8.0,"[상태 값 조건이 있는 if-elif-elif-else 있는 경우 클래스화 고려] : 93.4 점 👍,
[파일 열기, 닫기 시 with open(...) 사용] : 92.7 점 👍,
[유사한 변수명 통일] : 90.7 점 👍,
[매우 간결한 변환은 map 사용] : 34.8 점 🚨,
[README.md, pyproject.toml 필요] : 31.6 점 🚨 (답변 시작)", 작은 신호를 짚어 보니 시작 방법을 알려 줄 README.md와 pyproject.toml이 필요해 보여요. 한 발 먼저 설치 방법과 실행 환경을 적어 두면 처음 온 사람도 바로 출발할 수 있어요. 🎯  (답변 종료),1,149,104,45,6862575
102,2,7.31,"[의미 있는 함수명, 변수명 사용] : 98.9 점 👍,
[prefix, suffix 검사 시 startswith(), endswith() 사용] : 97.2 점 👍,
[if-elif-elif-else 구문은 되도록 dict로 수정] : 72.2 점,
[미 사용 변수/함수 제거] : 31.2 점 🚨,
[동일한 인수 집합을 갖는 함수가 많은 경우 클래스화 고려] : 23.2 점 🚨 (답변 시작)", 한 번 더 확인해 보니 같은 설정을 계속 받는 함수가 여러 개예요. 작은 단계로 공통 상태를 가진 객체로 묶으면 인자 전달이 가벼워지고 역할도 선명해져요. 🧼  (답변 종료),1,150,109,41,6862575
103,2,6.22,"[문자열 단순 연결보다는 f-string 사용] : 97.4 점 👍,
[함수의 인자가 유동적인 경우 처리 권장] : 83.8 점,
[유사한 이름의 함수끼리 가까이 위치하도록 수정 권장] : 68.4 점,
[매우 간결한 변환은 map 사용] : 68.1 점,
[enumerate 사용 가능한 경우 사용] : 36.0 점 🚨 (답변 시작)", 차분히 검토해 보니 반복문에서 번호를 직접 관리하고 있어요. 한 번에 순서와 값을 함께 쓸 때는 enumerate가 더 자연스럽고 안전해요. 🙌  (답변 종료),1,129,94,35,6862575
104,2,6.05,"[itertools.product 사용 가능한 경우 사용] : 92.3 점 👍,
[README.md, pyproject.toml 필요] : 90.9 점 👍,
[함수 인수 type hint 필요] : 90.4 점 👍,
[중복되는 사항 common 으로 빼기] : 88.9 점,
[str 단순 += 대신 join 사용] : 87.7 점 (답변 시작)", 작은 신호를 짚어 보니 문자열을 반복해서 더하고 있어요. 프로젝트를 아끼는 마음으로 조각을 많이 합칠 때는 join으로 모으면 성능과 의도가 함께 좋아져요!  (답변 종료),1,121,87,34,6862575
105,2,6.92,"[함수의 인자가 하나로 묶을 수 있는 경우 처리 권장] : 97.8 점 👍,
[동일한 인수 집합을 갖는 함수가 많은 경우 클래스화 고려] : 93.5 점 👍,
[if a.get(""b"") ... 형태로 수정 필요] : 40.9 점 🚨,
[import 순서 준수] : 12.0 점 🚨,
[함수 docstring, 함수명 의미 일치] : 1.5 점 🚨 (답변 시작)", 이 파일을 읽다 보면 docstring과 함수 동작이 서로 다르게 읽혀요. 조금만 시간을 내서 docstring과 함수가 약속한 역할을 맞추면 다음 사람이 안심하고 호출할 수 있어요. 🙌  (답변 종료),1,143,104,39,6862575
106,2,6.94,"[개수 세기에 count 함수 사용] : 99.5 점 👍,
[지나치게 많은 들여쓰기 수정] : 96.8 점 👍,
[enumerate 사용 가능한 경우 사용] : 90.8 점 👍,
[파일 단순 읽기/쓰기는 Path 사용] : 89.7 점,
[의미 있는 함수명, 변수명 사용] : 79.9 점 (답변 시작)", 파일을 다시 훑어보니 역할을 짐작하기 어려운 함수나 변수 이름이 보여요. 기록을 남기듯 무엇을 하는지 드러나는 이름으로 바꾸면 설명서 없이도 코드가 읽혀요. 🌿  (답변 종료),1,129,90,39,6862575
107,2,6.57,"[enumerate 사용 가능한 경우 사용] : 92.8 점 👍,
[파일 단순 읽기/쓰기는 Path 사용] : 92.2 점 👍,
[리스트 컴프리헨션 사용이 가능한 경우 사용] : 91.2 점 👍,
[매우 간결한 변환은 map 사용] : 79.5 점,
[if-elif-elif-else 구문은 되도록 dict로 수정] : 66.8 점 (답변 시작)", 이 파일을 읽다 보면 조건 분기가 길게 늘어진 곳이 있어요. 조금만 시간을 내서 값에 따른 선택이라면 dict 매핑으로 바꾸어 분기표를 단순하게 만들어 보세요. 📌  (답변 종료),1,135,98,37,6862575
108,2,6.56,"[조건문 중첩 대신 any, all 사용] : 51.0 점 🚨,
[함수의 인수를 변경 가능한 default value로 하지 않아야 함] : 46.7 점 🚨,
[불필요한 print, logging 제거] : 44.5 점 🚨,
[빈도수, 반복문, 경로명 리스트 추출 시 collections, itertools, glob 사용] : 32.0 점 🚨,
[고정값 상수화 필요] : 17.4 점 🚨 (답변 시작)", 한 번 더 확인해 보니 같은 고정값이 여러 곳에 흩어져 있어요. 작은 단계로 의미 있는 상수 이름으로 꺼내 두면 정책을 바꿀 때 한 번에 손볼 수 있어요! 📌  (답변 종료),1,147,110,37,6862575
109,2,7.77,"[한 줄의 길이는 일정 글자 이내로] : 99.0 점 👍,
[prefix, suffix 검사 시 startswith(), endswith() 사용] : 69.0 점,
[클래스 내부에서만 쓰이는 속성, 메서드 (접두사 있음) 호출 비 권장] : 48.9 점 🚨,
[함수의 인자가 하나로 묶을 수 있는 경우 처리 권장] : 35.9 점 🚨,
[함수의 인자가 유동적인 경우 처리 권장] : 16.8 점 🚨 (답변 시작)", 한 번 더 확인해 보니 개수가 바뀔 수 있는 인수를 고정해 두고 있어요. 작은 단계로 가변 인수는 *args나 **kwargs를 알맞게 쓰면 확장에 더 유연해져요! 🍀  (답변 종료),1,159,115,44,6862575
110,2,7.07,"[파일 열기, 닫기 시 with open(...) 사용] : 98.7 점 👍,
[prefix, suffix 검사 시 startswith(), endswith() 사용] : 96.4 점 👍,
[제너레이터 표현식 사용이 가능한 경우 사용] : 93.2 점 👍,
[인덱스 반환에 index 함수 사용] : 92.5 점 👍,
[f = lambda x: ... 보다는 def f(x): return ... 를 사용] : 70.7 점 (답변 시작)", 작은 신호를 짚어 보니 이름이 필요한 동작이 lambda에 숨어 있어요. 가능한 범위에서 재사용하거나 설명이 필요한 로직은 def로 꺼내면 디버깅과 테스트가 편해져요. 💫  (답변 종료),1,148,108,40,6862575
111,2,5.88,"[함수 인수 type hint 필요] : 97.5 점 👍,
[동일 인자 type 통일] : 87.6 점,
[f = lambda x: ... 보다는 def f(x): return ... 를 사용] : 81.1 점,
[의미 있는 함수명, 변수명 사용] : 64.7 점,
[한 줄의 길이는 일정 글자 이내로] : 44.4 점 🚨 (답변 시작)", 이 파일을 읽다 보면 한 줄이 너무 길게 이어지는 곳이 있어요. 작은 단계로 줄을 적당히 나누면 작은 화면에서도 흐름을 놓치지 않아요. 🌿  (답변 종료),1,126,93,33,6862575
112,2,6.6,"[고정값 상수화 필요] : 99.5 점 👍,
[import 순서 준수] : 97.9 점 👍,
[리스트 컴프리헨션 사용이 가능한 경우 사용] : 96.2 점 👍,
[매우 간결한 변환은 map 사용] : 91.8 점 👍,
[예외의 종류 (OOOError 등) 구체적 명시 권장] : 65.6 점 (답변 시작)", 작은 신호를 짚어 보니 너무 넓은 예외를 잡고 있어요. 기록을 남기듯 예상한 OOOError처럼 구체적인 예외만 잡으면 버그가 숨어버리지 않아요. 🙌  (답변 종료),1,128,91,37,6862575
113,2,6.39,"[제너레이터 표현식 사용이 가능한 경우 사용] : 91.9 점 👍,
[함수명, 반환값 간 일치] : 90.7 점 👍,
[enumerate 사용 가능한 경우 사용] : 51.7 점 🚨,
[if a.get(""b"") ... 형태로 수정 필요] : 44.4 점 🚨,
[유사한 변수명 통일] : 24.4 점 🚨 (답변 시작)", 차분히 검토해 보니 비슷한 역할의 변수 이름이 제각각이에요. 한 번에 같은 개념에는 같은 이름 규칙을 쓰면 읽는 속도가 훨씬 빨라져요. 🌿  (답변 종료),1,133,97,36,6862575
114,2,6.38,"[a = my_list[0], b = my_list[1] ... 대신 unpacking 사용 필요] : 77.1 점,
[함수의 인자가 하나로 묶을 수 있는 경우 처리 권장] : 75.8 점,
[if-elif-elif-else 구문은 되도록 dict로 수정] : 66.8 점,
[zip 사용 가능한 경우 사용] : 66.1 점,
[파일 열기, 닫기 시 with open(...) 사용] : 63.0 점 (답변 시작)", 작은 신호를 짚어 보니 파일을 열고 닫는 일을 직접 관리하고 있어요. 기록을 남기듯 with open(...)으로 감싸면 예외가 나도 파일이 안전하게 닫혀요.  (답변 종료),1,147,111,36,6862575
115,2,6.41,"[if a.get(""b"") ... 형태로 수정 필요] : 73.1 점,
[함수 인수 type hint 필요] : 53.3 점 🚨,
[중복되는 사항 common 으로 빼기] : 24.8 점 🚨,
[if-elif-elif-else 구문은 되도록 dict로 수정] : 10.5 점 🚨,
[함수명, 반환값 간 일치] : 5.1 점 🚨 (답변 시작)", 파일을 다시 훑어보니 함수 이름과 반환값의 약속이 어긋나는 곳이 있어요. 작은 단계로 반환하는 값을 이름에 맞추면 호출부에서 예상이 빗나가지 않아요.  (답변 종료),1,139,103,36,6862575
116,2,6.58,"[클래스 내부에서만 쓰이는 속성, 메서드 (접두사 있음) 호출 비 권장] : 88.2 점,
[인덱스 반환에 index 함수 사용] : 80.9 점,
[중복되는 사항 common 으로 빼기] : 19.3 점 🚨,
[불필요한 print, logging 제거] : 7.3 점 🚨,
[함수명, 반환값 간 일치] : 7.1 점 🚨 (답변 시작)", 작은 신호를 짚어 보니 함수 이름과 반환값의 약속이 어긋나는 곳이 있어요. 살짝 반환하는 값을 이름에 맞추면 호출부에서 예상이 빗나가지 않아요! 💫  (답변 종료),1,139,102,37,6862575
117,2,7.08,"[함수 인수 type hint 필요] : 98.6 점 👍,
[100 line 이상 함수 분리, docstring 필요] : 96.2 점 👍,
[import 순서 준수] : 40.6 점 🚨,
[a = my_list[0], b = my_list[1] ... 대신 unpacking 사용 필요] : 27.6 점 🚨,
[if a.get(""b"") ... 형태로 수정 필요] : 13.9 점 🚨 (답변 시작)"," 한 번 더 확인해 보니 딕셔너리 키를 꺼내는 과정이 장황해요. 살짝 a.get(""b"")처럼 안전하게 꺼내면 누락된 키에서도 흐름이 부드러워요. ✨  (답변 종료)",1,145,105,40,6862575
118,2,6.74,"[주석 처리된 코드 제거] : 97.6 점 👍,
[예외를 삼키는 경우가 없어야 함] : 97.2 점 👍,
[기존 배열의 원소 추가 대신 extend 함수 사용] : 93.8 점 👍,
[a = my_list[0], b = my_list[1] ... 대신 unpacking 사용 필요] : 77.4 점,
[동일한 인수 집합을 갖는 함수가 많은 경우 클래스화 고려] : 64.4 점 (답변 시작)", 한 번 더 확인해 보니 같은 설정을 계속 받는 함수가 여러 개예요. 작은 단계로 공통 상태를 가진 객체로 묶으면 인자 전달이 가벼워지고 역할도 선명해져요.  (답변 종료),1,145,107,38,6862575
119,2,6.39,"[매우 간결한 변환은 map 사용] : 98.4 점 👍,
[지나치게 많은 들여쓰기 수정] : 96.1 점 👍,
[함수의 인자가 유동적인 경우 처리 권장] : 91.1 점 👍,
[파일 열기, 닫기 시 with open(...) 사용] : 57.8 점 🚨,
[itertools.product 사용 가능한 경우 사용] : 5.5 점 🚨 (답변 시작)", 작은 신호를 짚어 보니 조합을 만들려고 중첩 반복문을 쓰고 있어요. 과감하게 모든 조합이 필요할 때는 itertools.product로 의도를 또렷하게 드러내요. 🚀  (답변 종료),1,134,98,36,6862575
120,2,6.39,"[중복되는 사항 common 으로 빼기] : 95.5 점 👍,
[제너레이터 표현식 사용이 가능한 경우 사용] : 90.8 점 👍,
[인덱스 반환에 index 함수 사용] : 74.5 점,
[매우 간결한 변환은 map 사용] : 48.1 점 🚨,
[itertools.product 사용 가능한 경우 사용] : 34.6 점 🚨 (답변 시작)", 전체 흐름을 놓고 보면 조합을 만들려고 중첩 반복문을 쓰고 있어요. 이 기회에 모든 조합이 필요할 때는 itertools.product로 의도를 또렷하게 드러내요. 🍀  (답변 종료),1,132,96,36,6862575
121,2,6.6,"[인덱스 반환에 index 함수 사용] : 92.8 점 👍,
[비어 있는 문자열 여부 판단 간소화] : 84.5 점,
[문자열 단순 연결보다는 f-string 사용] : 71.7 점,
[기존 배열의 원소 추가 대신 extend 함수 사용] : 43.5 점 🚨,
[의미 있는 함수명, 변수명 사용] : 24.7 점 🚨 (답변 시작)", 작은 신호를 짚어 보니 역할을 짐작하기 어려운 함수나 변수 이름이 보여요. 조금만 시간을 내서 무엇을 하는지 드러나는 이름으로 바꾸면 설명서 없이도 코드가 읽혀요!  (답변 종료),1,131,94,37,6862575
122,2,6.58,"[prefix, suffix 검사 시 startswith(), endswith() 사용] : 94.4 점 👍,
[동일 인자 type 통일] : 91.8 점 👍,
[불필요한 print, logging 제거] : 91.2 점 👍,
[key=itemgetter(""key"") 사용 권장] : 91.0 점 👍,
[f = lambda x: ... 보다는 def f(x): return ... 를 사용] : 61.8 점 (답변 시작)", 전체 흐름을 놓고 보면 이름이 필요한 동작이 lambda에 숨어 있어요. 작은 단계로 재사용하거나 설명이 필요한 로직은 def로 꺼내면 디버깅과 테스트가 편해져요!  (답변 종료),1,136,99,37,6862575
123,2,6.05,"[함수명, 반환값 간 일치] : 92.8 점 👍,
[README.md, pyproject.toml 필요] : 86.7 점,
[경로를 path/to/file 이 아닌, pathlib 또는 os.path.join 사용] : 77.2 점,
[함수 인수 type hint 필요] : 68.1 점,
[파일 열기, 닫기 시 with open(...) 사용] : 5.4 점 🚨 (답변 시작)", 한 번 더 확인해 보니 파일을 열고 닫는 일을 직접 관리하고 있어요. 과감하게 with open(...)으로 감싸면 예외가 나도 파일이 안전하게 닫혀요!  (답변 종료),1,132,98,34,6862575
124,2,6.77,"[assertion을 제어 메커니즘으로 사용하면 안됨] : 98.2 점 👍,
[빈도수, 반복문, 경로명 리스트 추출 시 collections, itertools, glob 사용] : 93.5 점 👍,
[중복되는 사항 common 으로 빼기] : 92.3 점 👍,
[인덱스 반환에 index 함수 사용] : 91.0 점 👍,
[함수 인수 type hint 필요] : 67.7 점 (답변 시작)", 차분히 검토해 보니 함수 인수의 type hint가 비어 있어요. 가능한 범위에서 인수에 type hint를 달아 두면 들어오는 데이터가 무엇인지 바로 알 수 있어요! 🎯  (답변 종료),1,139,101,38,6862575
125,2,7.44,"[함수명, 반환값 간 일치] : 100.0 점 👍,
[클래스 내부에서만 쓰이는 속성, 메서드 (접두사 있음) 호출 비 권장] : 78.1 점,
[함수의 인자가 유동적인 경우 처리 권장] : 61.2 점,
[매우 간결한 변환은 map 사용] : 42.3 점 🚨,
[고정값 상수화 필요] : 24.6 점 🚨 (답변 시작)", 한 번 더 확인해 보니 같은 고정값이 여러 곳에 흩어져 있어요. 💫 조금만 시간을 내서 의미 있는 상수 이름으로 꺼내 두면 정책을 바꿀 때 한 번에 손볼 수 있어요. 🧩  (답변 종료),1,143,101,42,6862575
126,2,6.56,"[예외를 삼키는 경우가 없어야 함] : 73.0 점,
[a = my_list[0], b = my_list[1] ... 대신 unpacking 사용 필요] : 72.6 점,
[if-elif-elif-else 구문은 되도록 dict로 수정] : 67.7 점,
[매우 간결한 변환은 map 사용] : 50.2 점 🚨,
[미 사용 변수/함수 제거] : 49.0 점 🚨 (답변 시작)", 전체 흐름을 놓고 보면 쓰이지 않는 변수나 함수가 남아 있네요. 과감하게 참조되지 않는 선언을 걷어 내면 핵심 로직만 또렷하게 남아요. 🙌  (답변 종료),1,145,108,37,6862575
127,2,5.37,"[매우 간결한 변환은 map 사용] : 97.3 점 👍,
[조건문 중첩 대신 any, all 사용] : 92.2 점 👍,
[유사한 변수명 통일] : 91.5 점 👍,
[기존 배열의 원소 추가 대신 extend 함수 사용] : 67.2 점,
[한 줄의 길이는 일정 글자 이내로] : 6.5 점 🚨 (답변 시작)", 작은 신호를 짚어 보니 한 줄이 너무 길게 이어지는 곳이 있어요. 살짝 줄을 적당히 나누면 작은 화면에서도 흐름을 놓치지 않아요!  (답변 종료),1,122,92,30,6862575
128,2,6.39,"[assertion을 제어 메커니즘으로 사용하면 안됨] : 92.8 점 👍,
[동일한 인수 집합을 갖는 함수가 많은 경우 클래스화 고려] : 79.6 점,
[함수 docstring, 함수명 의미 일치] : 77.1 점,
[클래스 내부에서만 쓰이는 속성, 메서드 (접두사 있음) 호출 비 권장] : 72.9 점,
[파일 단순 읽기/쓰기는 Path 사용] : 4.2 점 🚨 (답변 시작)", 이 파일을 읽다 보면 간단한 파일 작업이 장황하게 처리되고 있어요. 이 기회에 Path의 읽기와 쓰기 메서드를 쓰면 파일 작업이 짧고 단단해져요.  (답변 종료),1,142,106,36,6862575
129,2,6.58,"[동일 인자 type 통일] : 97.2 점 👍,
[함수의 인자가 유동적인 경우 처리 권장] : 92.7 점 👍,
[제너레이터 표현식 사용이 가능한 경우 사용] : 75.9 점,
[언패킹 시 숫자 인덱스 사용하지 말 것 (변수에 바로 할당)] : 65.8 점,
[함수명, 반환값 간 일치] : 63.1 점 (답변 시작)", 차분히 검토해 보니 함수 이름과 반환값의 약속이 어긋나는 곳이 있어요. 천천히 반환하는 값을 이름에 맞추면 호출부에서 예상이 빗나가지 않아요. 🎯  (답변 종료),1,134,97,37,6862575
130,2,7.3,"[상태 값 조건이 있는 if-elif-elif-else 있는 경우 클래스화 고려] : 98.1 점 👍,
[불필요한 변수 생성 대신 defaultdict 권장] : 96.6 점 👍,
[import 순서 준수] : 93.5 점 👍,
[예외의 종류 (OOOError 등) 구체적 명시 권장] : 93.3 점 👍,
[함수의 인자가 하나로 묶을 수 있는 경우 처리 권장] : 44.4 점 🚨 (답변 시작)", 한 발 물러서서 보면 함께 움직이는 인수가 따로따로 전달되고 있어요. 작은 단계로 함께 쓰는 값을 객체나 dataclass로 묶으면 호출부가 훨씬 덜 복잡해져요. 😉  (답변 종료),1,148,107,41,6862575
131,2,6.79,"[enumerate 사용 가능한 경우 사용] : 95.6 점 👍,
[함수 docstring, 함수명 의미 일치] : 93.4 점 👍,
[f = lambda x: ... 보다는 def f(x): return ... 를 사용] : 85.3 점,
[중복되는 사항 common 으로 빼기] : 54.7 점 🚨,
[고정값 상수화 필요] : 46.6 점 🚨 (답변 시작)", 이 파일을 읽다 보면 같은 고정값이 여러 곳에 흩어져 있어요. 한 번에 의미 있는 상수 이름으로 꺼내 두면 정책을 바꿀 때 한 번에 손볼 수 있어요. 🙌  (답변 종료),1,136,98,38,6862575
132,2,6.74,"[정규 표현식 문자열은 r""..."" 권장] : 98.7 점 👍,
[동일한 인수 집합을 갖는 함수가 많은 경우 클래스화 고려] : 91.2 점 👍,
[동일 인자 type 통일] : 69.9 점,
[Python 예약어를 변수명으로 사용하지 않아야 함] : 68.1 점,
[의미 있는 함수명, 변수명 사용] : 6.8 점 🚨 (답변 시작)", 전체 흐름을 놓고 보면 역할을 짐작하기 어려운 함수나 변수 이름이 보여요. 이 기회에 무엇을 하는지 드러나는 이름으로 바꾸면 설명서 없이도 코드가 읽혀요. 🧩  (답변 종료),1,135,97,38,6862575
133,2,6.61,"[itertools.product 사용 가능한 경우 사용] : 85.4 점,
[파일 단순 읽기/쓰기는 Path 사용] : 82.8 점,
[유사한 변수명 통일] : 80.2 점,
[예외의 종류 (OOOError 등) 구체적 명시 권장] : 69.6 점,
[동일한 인수 집합을 갖는 함수가 많은 경우 클래스화 고려] : 64.8 점 (답변 시작)", 작은 신호를 짚어 보니 같은 설정을 계속 받는 함수가 여러 개예요. 살짝 공통 상태를 가진 객체로 묶으면 인자 전달이 가벼워지고 역할도 선명해져요.  (답변 종료),1,132,95,37,6862575
134,2,6.75,"[assertion을 제어 메커니즘으로 사용하면 안됨] : 99.0 점 👍,
[주석 처리된 코드 제거] : 93.0 점 👍,
[함수명, 반환값 간 일치] : 91.4 점 👍,
[zip 사용 가능한 경우 사용] : 88.2 점,
[제너레이터 표현식 사용이 가능한 경우 사용] : 74.7 점 (답변 시작)", 전체 흐름을 놓고 보면 한 번만 쓸 중간 목록이 만들어지고 있어요. 작은 단계로 한 번만 순회한다면 제너레이터 표현식으로 메모리를 아껴 볼 만해요. ✨  (답변 종료),1,128,90,38,6862575
135,2,6.41,"[zip 사용 가능한 경우 사용] : 86.1 점,
[한 줄의 길이는 일정 글자 이내로] : 83.5 점,
[언패킹 시 숫자 인덱스 사용하지 말 것 (변수에 바로 할당)] : 67.9 점,
[주석 처리된 코드 제거] : 17.7 점 🚨,
[중복되는 사항 common 으로 빼기] : 0.6 점 🚨 (답변 시작)", 전체 흐름을 놓고 보면 같은 처리가 여러 곳에서 반복되고 있어요. 기록을 남기듯 공통 동작을 한곳으로 모으면 수정할 때 놓칠 구석이 줄어요. 🎯  (답변 종료),1,132,96,36,6862575
136,2,7.09,"[한 줄의 길이는 일정 글자 이내로] : 91.8 점 👍,
[상태 값 조건이 있는 if-elif-elif-else 있는 경우 클래스화 고려] : 91.7 점 👍,
[파일 단순 읽기/쓰기는 Path 사용] : 90.2 점 👍,
[제너레이터 표현식 사용이 가능한 경우 사용] : 7.6 점 🚨,
[key=itemgetter(""key"") 사용 권장] : 4.6 점 🚨 (답변 시작)"," 작은 신호를 짚어 보니 정렬 키를 lambda로 길게 꺼내고 있어요. 살짝 딕셔너리 키로 정렬할 때는 itemgetter(""key"")가 더 간결하게 뜻을 전해요.  (답변 종료)",1,146,106,40,6862575
137,2,6.06,"[클래스 내부에서만 쓰이는 속성, 메서드 (접두사 있음) 호출 비 권장] : 93.9 점 👍,
[enumerate 사용 가능한 경우 사용] : 86.9 점,
[주석 처리된 코드 제거] : 72.3 점,
[상태 값 조건이 있는 if-elif-elif-else 있는 경우 클래스화 고려] : 30.9 점 🚨,
[중복되는 사항 common 으로 빼기] : 5.2 점 🚨 (답변 시작)", 작은 신호를 짚어 보니 같은 처리가 여러 곳에서 반복되고 있어요. 과감하게 공통 동작을 한곳으로 모으면 수정할 때 놓칠 구석이 줄어요! 😉  (답변 종료),1,143,109,34,6862575
138,2,7.44,"[상태 값 조건이 있는 if-elif-elif-else 있는 경우 클래스화 고려] : 98.8 점 👍,
[주석 처리된 코드 제거] : 92.3 점 👍,
[빈 파일 TODO 표시 필요] : 91.7 점 👍,
[예외를 삼키는 경우가 없어야 함] : 24.3 점 🚨,
[key=itemgetter(""key"") 사용 권장] : 11.6 점 🚨 (답변 시작)"," 한 번 더 확인해 보니 정렬 키를 lambda로 길게 꺼내고 있어요. 프로젝트를 아끼는 마음으로 딕셔너리 키로 정렬할 때는 itemgetter(""key"")가 더 간결하게 뜻을 전해요.  (답변 종료)",1,142,100,42,6862575
139,2,6.59,"[prefix, suffix 검사 시 startswith(), endswith() 사용] : 99.0 점 👍,
[if a.get(""b"") ... 형태로 수정 필요] : 98.8 점 👍,
[비어 있는 문자열 여부 판단 간소화] : 92.8 점 👍,
[예외의 종류 (OOOError 등) 구체적 명시 권장] : 61.4 점,
[함수 docstring, 함수명 의미 일치] : 28.2 점 🚨 (답변 시작)", 전체 흐름을 놓고 보면 docstring과 함수 동작이 서로 다르게 읽혀요. 한 번에 docstring과 함수가 약속한 역할을 맞추면 다음 사람이 안심하고 호출할 수 있어요. 🌿  (답변 종료),1,141,104,37,6862575
140,2,7.47,"[한 줄의 길이는 일정 글자 이내로] : 94.5 점 👍,
[주석 처리된 코드 제거] : 90.2 점 👍,
[예외의 종류 (OOOError 등) 구체적 명시 권장] : 71.1 점,
[100 line 이상 함수 분리, docstring 필요] : 45.0 점 🚨,
[숫자 값은 위쪽에 상수로] : 35.9 점 🚨 (답변 시작)", 차분히 검토해 보니 로직의 결을 살펴보면 로직의 맥락이 숫자로 숨겨져 있어요. 한 번에 숫자를 파일 위쪽의 상수로 올리면 숫자가 왜 필요한지 바로 보여요.  (답변 종료),1,138,96,42,6862575
141,2,6.07,"[README.md, pyproject.toml 필요] : 94.8 점 👍,
[숫자 값은 위쪽에 상수로] : 91.3 점 👍,
[지나치게 많은 들여쓰기 수정] : 91.1 점 👍,
[상태 값 조건이 있는 if-elif-elif-else 있는 경우 클래스화 고려] : 86.2 점,
[itertools.product 사용 가능한 경우 사용] : 4.5 점 🚨 (답변 시작)", 이 파일을 읽다 보면 조합을 만들려고 중첩 반복문을 쓰고 있어요. 과감하게 모든 조합이 필요할 때는 itertools.product로 의도를 또렷하게 드러내요!  (답변 종료),1,133,99,34,6862575
142,2,5.73,"[함수명, 반환값 간 일치] : 99.7 점 👍,
[지나치게 많은 들여쓰기 수정] : 88.5 점,
[동일 인자 type 통일] : 83.6 점,
[숫자 값은 위쪽에 상수로] : 66.2 점,
[zip 사용 가능한 경우 사용] : 0.1 점 🚨 (답변 시작)", 한 번 더 확인해 보니 두 목록을 따로 읽고 있어요. 작은 단계로 나란히 읽는 값들은 zip으로 묶어 주면 인덱스 실수를 막을 수 있어요.  (답변 종료),1,115,83,32,6862575
143,2,5.9,"[정규 표현식 문자열은 r""..."" 권장] : 99.1 점 👍,
[숫자 값은 위쪽에 상수로] : 94.4 점 👍,
[동일 인자 type 통일] : 91.0 점 👍,
[예외의 종류 (OOOError 등) 구체적 명시 권장] : 79.8 점,
[인덱스 반환에 index 함수 사용] : 74.5 점 (답변 시작)", 작은 신호를 짚어 보니 위치를 찾기 위해 직접 반복하고 있어요. 가능한 범위에서 첫 위치가 필요할 때는 index를 쓰면 목적이 바로 보입니다. 🔍  (답변 종료),1,125,92,33,6862575
144,2,6.13,"[클래스 내부에서만 쓰이는 속성, 메서드 (접두사 있음) 호출 비 권장] : 99.6 점 👍,
[f = lambda x: ... 보다는 def f(x): return ... 를 사용] : 97.7 점 👍,
[고정값 상수화 필요] : 90.0 점 👍,
[인덱스 반환에 index 함수 사용] : 65.9 점,
[import 순서 준수] : 62.9 점 (답변 시작)", 차분히 검토해 보니 import 배치가 섞여 있어요. 작은 단계로 표준 라이브러리와 외부 패키지와 내부 모듈을 차례로 정리하면 시작 화면이 말끔해져요.  (답변 종료),1,134,100,34,6862575
145,2,6.43,"[유사한 이름의 함수끼리 가까이 위치하도록 수정 권장] : 91.6 점 👍,
[import 순서 준수] : 81.3 점,
[경로를 path/to/file 이 아닌, pathlib 또는 os.path.join 사용] : 46.7 점 🚨,
[고정값 상수화 필요] : 21.4 점 🚨,
[지나치게 많은 들여쓰기 수정] : 1.2 점 🚨 (답변 시작)", 바꿀 지점을 골라 보니 들여쓰기 단계가 깊어 흐름을 따라가기 어려워요. 살짝 작은 함수로 쪼개거나 빠른 반환을 쓰면 조건의 미로가 얕아져요.  (답변 종료),1,133,97,36,6862575
146,2,5.71,"[주석 처리된 코드 제거] : 97.3 점 👍,
[함수의 인자가 하나로 묶을 수 있는 경우 처리 권장] : 89.2 점,
[불필요한 변수 생성 대신 defaultdict 권장] : 67.0 점,
[예외의 종류 (OOOError 등) 구체적 명시 권장] : 62.7 점,
[한 줄의 길이는 일정 글자 이내로] : 38.6 점 🚨 (답변 시작)", 작은 신호를 짚어 보니 한 줄이 너무 길게 이어지는 곳이 있어요. 살짝 줄을 적당히 나누면 작은 화면에서도 흐름을 놓치지 않아요! 🚀  (답변 종료),1,130,98,32,6862575
147,2,6.93,"[상태 값 조건이 있는 if-elif-elif-else 있는 경우 클래스화 고려] : 90.0 점 👍,
[인덱스 반환에 index 함수 사용] : 75.5 점,
[a = my_list[0], b = my_list[1] ... 대신 unpacking 사용 필요] : 52.1 점 🚨,
[함수의 인자가 유동적인 경우 처리 권장] : 20.4 점 🚨,
[조건문 중첩 대신 any, all 사용] : 18.8 점 🚨 (답변 시작)", 차분히 검토해 보니 조건문이 여러 겹으로 겹쳐 있어요. 기록을 남기듯 여러 조건의 존재 여부는 any나 all에 맡기면 뜻이 훨씬 또렷해져요.  (답변 종료),1,157,118,39,6862575
148,2,6.93,"[한 줄의 길이는 일정 글자 이내로] : 98.3 점 👍,
[제너레이터 표현식 사용이 가능한 경우 사용] : 86.9 점,
[클래스 내부에서만 쓰이는 속성, 메서드 (접두사 있음) 호출 비 권장] : 81.1 점,
[개수 세기에 count 함수 사용] : 71.4 점,
[유사한 이름의 함수끼리 가까이 위치하도록 수정 권장] : 67.9 점 (답변 시작)", 차분히 검토해 보니 비슷한 이름의 함수가 파일 곳곳에 흩어져 있어요. 작은 단계로 비슷한 역할의 함수를 가까이 두면 탐색 시간이 줄고 파일 구조가 자연스러워져요. 🧼  (답변 종료),1,141,102,39,6862575
149,2,6.76,"[한 줄의 길이는 일정 글자 이내로] : 98.8 점 👍,
[함수의 인자가 유동적인 경우 처리 권장] : 91.6 점 👍,
[제너레이터 표현식 사용이 가능한 경우 사용] : 86.9 점,
[기존 배열의 원소 추가 대신 extend 함수 사용] : 64.9 점,
[중복되는 사항 common 으로 빼기] : 6.7 점 🚨 (답변 시작)", 한 번 더 확인해 보니 같은 처리가 여러 곳에서 반복되고 있어요. 조금만 시간을 내서 공통 동작을 한곳으로 모으면 수정할 때 놓칠 구석이 줄어요. 🧩  (답변 종료),1,135,97,38,6862575
150,2,6.09,"[함수 docstring, 함수명 의미 일치] : 97.6 점 👍,
[주석 처리된 코드 제거] : 96.5 점 👍,
[경로를 path/to/file 이 아닌, pathlib 또는 os.path.join 사용] : 95.5 점 👍,
[동일한 인수 집합을 갖는 함수가 많은 경우 클래스화 고려] : 50.9 점 🚨,
[유사한 변수명 통일] : 39.9 점 🚨 (답변 시작)", 이 파일을 읽다 보면 비슷한 역할의 변수 이름이 제각각이에요. 한 번에 같은 개념에는 같은 이름 규칙을 쓰면 읽는 속도가 훨씬 빨라져요!  (답변 종료),1,137,103,34,6862575
151,2,6.58,"[개수 세기에 count 함수 사용] : 96.3 점 👍,
[key=itemgetter(""key"") 사용 권장] : 94.3 점 👍,
[숫자 값은 위쪽에 상수로] : 25.3 점 🚨,
[함수명, 반환값 간 일치] : 6.8 점 🚨,
[a = my_list[0], b = my_list[1] ... 대신 unpacking 사용 필요] : 0.3 점 🚨 (답변 시작)", 작은 신호를 짚어 보니 목록의 원소를 하나씩 꺼내고 있어요. 꼼꼼하게 정해진 순서의 값은 unpacking으로 풀어 주면 한 번에 읽혀요! 🚀  (답변 종료),1,143,106,37,6862575
152,2,6.07,"[중복되는 사항 common 으로 빼기] : 99.5 점 👍,
[문자열 단순 연결보다는 f-string 사용] : 95.1 점 👍,
[파일 단순 읽기/쓰기는 Path 사용] : 93.8 점 👍,
[prefix, suffix 검사 시 startswith(), endswith() 사용] : 83.6 점,
[유사한 변수명 통일] : 18.2 점 🚨 (답변 시작)", 차분히 검토해 보니 비슷한 역할의 변수 이름이 제각각이에요. 작은 단계로 같은 개념에는 같은 이름 규칙을 쓰면 읽는 속도가 훨씬 빨라져요.  (답변 종료),1,131,97,34,6862575
153,2,5.9,"[함수의 인자가 하나로 묶을 수 있는 경우 처리 권장] : 96.3 점 👍,
[고정값 상수화 필요] : 91.9 점 👍,
[동일한 인수 집합을 갖는 함수가 많은 경우 클래스화 고려] : 54.4 점 🚨,
[조건문 중첩 대신 any, all 사용] : 7.6 점 🚨,
[한 줄의 길이는 일정 글자 이내로] : 3.1 점 🚨 (답변 시작)", 작은 신호를 짚어 보니 한 줄이 너무 길게 이어지는 곳이 있어요. 살짝 줄을 적당히 나누면 작은 화면에서도 흐름을 놓치지 않아요! 🧼  (답변 종료),1,137,104,33,6862575
154,2,7.44,"[상태 값 조건이 있는 if-elif-elif-else 있는 경우 클래스화 고려] : 99.6 점 👍,
[지나치게 많은 들여쓰기 수정] : 94.8 점 👍,
[str 단순 += 대신 join 사용] : 77.0 점,
[리스트 컴프리헨션 사용이 가능한 경우 사용] : 69.6 점,
[key=itemgetter(""key"") 사용 권장] : 5.4 점 🚨 (답변 시작)"," 한 번 더 확인해 보니 정렬 키를 lambda로 길게 꺼내고 있어요. 작은 단계로 딕셔너리 키로 정렬할 때는 itemgetter(""key"")가 더 간결하게 뜻을 전해요. 😉  (답변 종료)",1,141,99,42,6862575
155,2,7.15,"[중복되는 사항 common 으로 빼기] : 94.4 점 👍,
[매우 간결한 변환은 map 사용] : 93.3 점 👍,
[zip 사용 가능한 경우 사용] : 65.2 점,
[f = lambda x: ... 보다는 def f(x): return ... 를 사용] : 19.1 점 🚨,
[조건문 중첩 대신 any, all 사용] : 18.8 점 🚨 (답변 시작)", 차분히 검토해 보니 조건문이 여러 겹으로 겹쳐 있어요. 한 번에 여러 조건의 존재 여부는 any나 all에 맡기면 뜻이 훨씬 또렷해져요! 💫  (답변 종료),1,140,100,40,6862575
156,2,7.49,"[f = lambda x: ... 보다는 def f(x): return ... 를 사용] : 94.7 점 👍,
[prefix, suffix 검사 시 startswith(), endswith() 사용] : 94.5 점 👍,
[a = my_list[0], b = my_list[1] ... 대신 unpacking 사용 필요] : 83.8 점,
[지나치게 많은 들여쓰기 수정] : 29.1 점 🚨,
[동일 인자 type 통일] : 10.6 점 🚨 (답변 시작)", 이 파일을 읽다 보면 같은 의미의 인수에서 type 표기가 통일되지 않았어요. 한 번에 인수의 type을 한 방식으로 맞추면 호출하는 쪽도 덜 헷갈려요. 🍀  (답변 종료),1,154,113,41,6862575
157,2,7.77,"[중복되는 사항 common 으로 빼기] : 67.3 점,
[불필요한 print, logging 제거] : 35.6 점 🚨,
[정규 표현식 문자열은 r""..."" 권장] : 35.2 점 🚨,
[동일한 인수 집합을 갖는 함수가 많은 경우 클래스화 고려] : 29.7 점 🚨,
[불필요한 변수 생성 대신 defaultdict 권장] : 2.6 점 🚨 (답변 시작)", 작은 신호를 짚어 보니 키별 역할이 뚜렷하지 않은 변수가 여러 개예요! 살짝 키별 역할을 또렷하게 드러내려면 defaultdict를 쓰면 분기와 변수 관리가 함께 좋아져요. 🚀  (답변 종료),1,145,102,43,6862575
158,2,6.23,"[조건문 중첩 대신 any, all 사용] : 95.2 점 👍,
[예외를 삼키는 경우가 없어야 함] : 94.4 점 👍,
[함수의 인수를 변경 가능한 default value로 하지 않아야 함] : 93.7 점 👍,
[key=itemgetter(""key"") 사용 권장] : 64.5 점,
[str 단순 += 대신 join 사용] : 49.4 점 🚨 (답변 시작)", 한 번 더 확인해 보니 문자열을 반복해서 더하고 있어요. 작은 단계로 조각을 많이 합칠 때는 join으로 모으면 성능과 의도가 함께 좋아져요. ✨  (답변 종료),1,131,96,35,6862575
159,2,6.24,"[파일 열기, 닫기 시 with open(...) 사용] : 92.8 점 👍,
[불필요한 변수 생성 대신 defaultdict 권장] : 85.3 점,
[함수의 인자가 하나로 묶을 수 있는 경우 처리 권장] : 50.6 점 🚨,
[100 line 이상 함수 분리, docstring 필요] : 18.0 점 🚨,
[함수 인수 type hint 필요] : 17.4 점 🚨 (답변 시작)", 이 파일을 읽다 보면 함수 인수의 type hint가 비어 있어요. 살짝 인수에 type hint를 달아 두면 들어오는 데이터가 무엇인지 바로 알 수 있어요.  (답변 종료),1,136,101,35,6862575
160,2,6.81,"[함수 docstring, 함수명 의미 일치] : 99.5 점 👍,
[import 순서 준수] : 96.7 점 👍,
[미 사용 변수/함수 제거] : 62.3 점,
[상태 값 조건이 있는 if-elif-elif-else 있는 경우 클래스화 고려] : 16.8 점 🚨,
[동일한 인수 집합을 갖는 함수가 많은 경우 클래스화 고려] : 2.5 점 🚨 (답변 시작)", 이 파일을 읽다 보면 같은 설정을 계속 받는 함수가 여러 개예요. 한 번에 공통 상태를 가진 객체로 묶으면 인자 전달이 가벼워지고 역할도 선명해져요!  (답변 종료),1,140,102,38,6862575
161,2,6.94,"[100 line 이상 함수 분리, docstring 필요] : 98.7 점 👍,
[비어 있는 문자열 여부 판단 간소화] : 91.4 점 👍,
[리스트 컴프리헨션 사용이 가능한 경우 사용] : 79.1 점,
[언패킹 시 숫자 인덱스 사용하지 말 것 (변수에 바로 할당)] : 73.2 점,
[함수의 인수를 변경 가능한 default value로 하지 않아야 함] : 60.0 점 (답변 시작)", 한 번 더 확인해 보니 기본 인수에 리스트나 딕셔너리를 넣고 있어요. 한 번에 리스트나 딕셔너리는 None으로 두고 함수 안에서 만들면 호출 사이에 상태가 섞이지 않아요!  (답변 종료),1,143,104,39,6862575
162,2,6.93,"[파일 열기, 닫기 시 with open(...) 사용] : 98.9 점 👍,
[유사한 이름의 함수끼리 가까이 위치하도록 수정 권장] : 97.0 점 👍,
[매우 간결한 변환은 map 사용] : 96.6 점 👍,
[경로를 path/to/file 이 아닌, pathlib 또는 os.path.join 사용] : 81.9 점,
[동일한 인수 집합을 갖는 함수가 많은 경우 클래스화 고려] : 66.4 점 (답변 시작)", 전체 흐름을 놓고 보면 같은 설정을 계속 받는 함수가 여러 개예요. 살짝 공통 상태를 가진 객체로 묶으면 인자 전달이 가벼워지고 역할도 선명해져요. 🧼  (답변 종료),1,147,108,39,6862575
163,2,7.79,"[a = my_list[0], b = my_list[1] ... 대신 unpacking 사용 필요] : 99.4 점 👍,
[함수 인수 type hint 필요] : 93.4 점 👍,
[클래스 내부에서만 쓰이는 속성, 메서드 (접두사 있음) 호출 비 권장] : 90.8 점 👍,
[함수의 인수를 변경 가능한 default value로 하지 않아야 함] : 34.5 점 🚨,
[불필요한 변수 생성 대신 defaultdict 권장] : 5.5 점 🚨 (답변 시작)", 작은 신호를 짚어 보니 키별 역할이 뚜렷하지 않은 변수가 만들어지고 있어요. 살짝 키별 역할을 또렷하게 드러내려면 defaultdict를 쓰면 분기와 보일러플레이트가 줄어들어요. 🌿  (답변 종료),1,162,118,44,6862575
164,2,7.8,"[함수명, 반환값 간 일치] : 94.9 점 👍,
[enumerate 사용 가능한 경우 사용] : 87.9 점,
[if a.get(""b"") ... 형태로 수정 필요] : 81.3 점,
[zip 사용 가능한 경우 사용] : 67.0 점,
[상태 값 조건이 있는 if-elif-elif-else 있는 경우 클래스화 고려] : 51.8 점 🚨 (답변 시작)", 이 파일을 읽다 보면 상태에 따라 갈라지는 조건문이 길게 이어져요. 작은 단계로 상태별 동작을 클래스로 나누면 새 상태를 더할 때 기존 조건문을 덜 건드려도 돼요. 🎯  (답변 종료),1,143,99,44,6862575
165,2,7.98,"[함수의 인수를 변경 가능한 default value로 하지 않아야 함] : 91.3 점 👍,
[유사한 이름의 함수끼리 가까이 위치하도록 수정 권장] : 91.2 점 👍,
[itertools.product 사용 가능한 경우 사용] : 82.5 점,
[enumerate 사용 가능한 경우 사용] : 81.7 점,
[상태 값 조건이 있는 if-elif-elif-else 있는 경우 클래스화 고려] : 59.4 점 🚨 (답변 시작)", 한 번 더 확인해 보니 상태에 따라 갈라지는 조건문이 길게 이어져요. 조금 시간을 내서 상태별 동작을 클래스로 나누면 새 상태를 더할 때 기존 조건문을 덜 건드려도 돼요. 🙌  (답변 종료),1,152,107,45,6862575
166,2,6.91,"[itertools.product 사용 가능한 경우 사용] : 93.3 점 👍,
[고정값 상수화 필요] : 92.4 점 👍,
[의미 있는 함수명, 변수명 사용] : 80.6 점,
[str 단순 += 대신 join 사용] : 63.3 점,
[a = my_list[0], b = my_list[1] ... 대신 unpacking 사용 필요] : 41.1 점 🚨 (답변 시작)", 작은 신호를 짚어 보니 목록의 원소를 하나씩 꺼내고 있어요. 한 번에 정해진 순서의 값은 unpacking으로 풀어 주면 한 번에 읽혀요. 🧩  (답변 종료),1,139,100,39,6862575
167,2,7.11,"[조건문 중첩 대신 any, all 사용] : 95.4 점 👍,
[비어 있는 문자열 여부 판단 간소화] : 91.1 점 👍,
[유사한 변수명 통일] : 79.7 점,
[prefix, suffix 검사 시 startswith(), endswith() 사용] : 74.5 점,
[assertion을 제어 메커니즘으로 사용하면 안됨] : 28.2 점 🚨 (답변 시작)", 이 파일을 읽다 보면 assert가 실행 흐름을 대신하고 있어요. 작은 단계로 검증이 필요한 분기는 명시적인 예외 처리로 바꾸어야 배포 환경에서도 안전해요. 💫  (답변 종료),1,136,96,40,6862575
168,2,7.29,"[a = my_list[0], b = my_list[1] ... 대신 unpacking 사용 필요] : 97.4 점 👍,
[if-elif-elif-else 구문은 되도록 dict로 수정] : 95.3 점 👍,
[리스트 컴프리헨션 사용이 가능한 경우 사용] : 81.2 점,
[지나치게 많은 들여쓰기 수정] : 75.1 점,
[동일한 인수 집합을 갖는 함수가 많은 경우 클래스화 고려] : 7.5 점 🚨 (답변 시작)", 작은 신호를 짚어 보니 같은 설정을 계속 받는 함수가 여러 개예요. 테스트를 떠올리며 공통 상태를 가진 객체로 묶으면 인자 전달이 가벼워지고 역할도 선명해져요. 😺  (답변 종료),1,156,115,41,6862575
169,2,7.82,"[빈도수, 반복문, 경로명 리스트 추출 시 collections, itertools, glob 사용] : 96.2 점 👍,
[제너레이터 표현식 사용이 가능한 경우 사용] : 95.9 점 👍,
[prefix, suffix 검사 시 startswith(), endswith() 사용] : 91.3 점 👍,
[주석 처리된 코드 제거] : 84.1 점,
[상태 값 조건이 있는 if-elif-elif-else 있는 경우 클래스화 고려] : 82.5 점 (답변 시작)", 작은 신호를 짚어 보니 상태에 따라 갈라지는 조건문이 길게 이어져요. 한 번에 상태별 동작을 클래스로 나누면 새 상태를 더할 때 기존 조건문을 덜 건드려도 돼요! 💫  (답변 종료),1,159,115,44,6862575
170,2,6.58,"[함수의 인자가 유동적인 경우 처리 권장] : 91.2 점 👍,
[zip 사용 가능한 경우 사용] : 50.0 점 🚨,
[100 line 이상 함수 분리, docstring 필요] : 47.1 점 🚨,
[상태 값 조건이 있는 if-elif-elif-else 있는 경우 클래스화 고려] : 13.1 점 🚨,
[동일 인자 type 통일] : 12.5 점 🚨 (답변 시작)", 전체 흐름을 놓고 보면 같은 의미의 인수에서 type 표기가 통일되지 않았어요. 살짝 인수의 type을 한 방식으로 맞추면 호출하는 쪽도 덜 헷갈려요!  (답변 종료),1,140,103,37,6862575
171,2,6.91,"[비어 있는 문자열 여부 판단 간소화] : 98.2 점 👍,
[key=itemgetter(""key"") 사용 권장] : 94.4 점 👍,
[if-elif-elif-else 구문은 되도록 dict로 수정] : 21.6 점 🚨,
[파일 단순 읽기/쓰기는 Path 사용] : 11.5 점 🚨,
[동일 인자 type 통일] : 8.0 점 🚨 (답변 시작)", 작은 신호를 짚어 보니 같은 의미의 인수에서 type 표기가 통일되지 않았어요. 한 번에 인수의 type을 한 방식으로 맞추면 호출하는 쪽도 덜 헷갈려요.  (답변 종료),1,138,99,39,6862575
172,2,6.43,"[조건문 중첩 대신 any, all 사용] : 97.2 점 👍,
[클래스 내부에서만 쓰이는 속성, 메서드 (접두사 있음) 호출 비 권장] : 83.8 점,
[함수 인수 type hint 필요] : 77.5 점,
[import 순서 준수] : 72.0 점,
[if-elif-elif-else 구문은 되도록 dict로 수정] : 24.8 점 🚨 (답변 시작)", 전체 흐름을 놓고 보면 조건 분기가 길게 늘어진 곳이 있어요. 과감하게 값에 따른 선택이라면 dict 매핑으로 바꾸어 분기표를 단순하게 만들어 보세요! 🧩  (답변 종료),1,136,100,36,6862575
173,2,6.75,"[불필요한 변수 생성 대신 defaultdict 권장] : 99.5 점 👍,
[리스트 컴프리헨션 사용이 가능한 경우 사용] : 97.8 점 👍,
[미 사용 변수/함수 제거] : 96.0 점 👍,
[assertion을 제어 메커니즘으로 사용하면 안됨] : 92.6 점 👍,
[제너레이터 표현식 사용이 가능한 경우 사용] : 74.2 점 (답변 시작)", 전체 흐름을 놓고 보면 한 번만 쓸 중간 목록이 만들어지고 있어요. 한 번에 한 번만 순회한다면 제너레이터 표현식으로 메모리를 아껴 볼 만해요. 🎯  (답변 종료),1,133,95,38,6862575
174,2,5.91,"[문자열 단순 연결보다는 f-string 사용] : 93.5 점 👍,
[매우 간결한 변환은 map 사용] : 91.8 점 👍,
[함수의 인수를 변경 가능한 default value로 하지 않아야 함] : 47.6 점 🚨,
[README.md, pyproject.toml 필요] : 36.9 점 🚨,
[파일 단순 읽기/쓰기는 Path 사용] : 13.9 점 🚨 (답변 시작)", 한 번 더 확인해 보니 같은 고정값이 여러 곳에 흩어져 있어요. 과감하게 Path의 읽기와 쓰기 메서드를 쓰면 파일 작업이 더 간결해져요!  (답변 종료),1,134,101,33,6862575
175,2,6.23,"[문자열 단순 연결보다는 f-string 사용] : 96.4 점 👍,
[zip 사용 가능한 경우 사용] : 93.4 점 👍,
[유사한 변수명 통일] : 90.9 점 👍,
[기존 배열의 원소 추가 대신 extend 함수 사용] : 90.6 점 👍,
[경로를 path/to/file 이 아닌, pathlib 또는 os.path.join 사용] : 43.0 점 🚨 (답변 시작)", 현재 흐름에서는 파일 경로를 문자열로 이어 붙이고 있어요. 작은 단계로 pathlib이나 os.path.join으로 경로를 조립하면 운영체제가 달라도 안전해요! ✨  (답변 종료),1,132,97,35,6862575
176,2,6.07,"[예외를 삼키는 경우가 없어야 함] : 97.9 점 👍,
[정규 표현식 문자열은 r""..."" 권장] : 96.9 점 👍,
[zip 사용 가능한 경우 사용] : 91.3 점 👍,
[str 단순 += 대신 join 사용] : 81.9 점,
[중복되는 사항 common 으로 빼기] : 60.8 점 (답변 시작)", 한 번 더 확인해 보니 같은 처리가 여러 곳에서 반복되고 있어요. 한 번에 공통 동작을 한곳으로 모으면 수정할 때 놓칠 구석이 줄어요.  (답변 종료),1,123,89,34,6862575
177,2,7.25,"[지나치게 많은 들여쓰기 수정] : 99.0 점 👍,
[매우 간결한 변환은 map 사용] : 81.8 점,
[불필요한 print, logging 제거] : 70.8 점,
[비어 있는 문자열 여부 판단 간소화] : 51.0 점 🚨,
[동일 인자 type 통일] : 21.9 점 🚨 (답변 시작)", 작은 신호를 짚어 보니 같은 의미의 인수에서 type 표기가 통일되지 않았어요. 한 번에 인수의 type을 한 방식으로 맞추면 호출하는 쪽도 덜 헷갈려요. 🍀  (답변 종료),1,128,87,41,6862575
178,2,5.95,"[지나치게 많은 들여쓰기 수정] : 97.4 점 👍,
[Python 예약어를 변수명으로 사용하지 않아야 함] : 90.7 점 👍,
[비어 있는 문자열 여부 판단 간소화] : 48.3 점 🚨,
[if-elif-elif-else 구문은 되도록 dict로 수정] : 24.4 점 🚨,
[기존 배열의 원소 추가 대신 extend 함수 사용] : 24.4 점 🚨 (답변 시작)", 작은 신호를 짚어 보니 목록 원소를 하나씩 추가하고 있어요. 한 번에 여러 값을 더할 때는 extend를 쓰면 의도가 정확히 전달돼요. 💫  (답변 종료),1,135,102,33,6862575
179,2,5.89,"[assertion을 제어 메커니즘으로 사용하면 안됨] : 99.3 점 👍,
[함수명, 반환값 간 일치] : 90.6 점 👍,
[제너레이터 표현식 사용이 가능한 경우 사용] : 81.1 점,
[비어 있는 문자열 여부 판단 간소화] : 75.8 점,
[zip 사용 가능한 경우 사용] : 32.3 점 🚨 (답변 시작)", 작은 신호를 짚어 보니 두 목록을 따로 읽고 있어요. 한 번에 나란히 읽는 값들은 zip으로 묶어 주면 인덱스 실수를 막을 수 있어요! 📌  (답변 종료),1,125,92,33,6862575
180,2,9.19,"[숫자 값은 위쪽에 상수로] : 97.0 점 👍,
[if-elif-elif-else 구문은 되도록 dict로 수정] : 93.0 점 👍,
[고정값 상수화 필요] : 74.9 점,
[문자열 단순 연결보다는 f-string 사용] : 32.0 점 🚨,
[빈도수, 반복문, 경로명 리스트 추출 시 collections, itertools, glob 사용] : 6.0 점 🚨 (답변 시작)", 차분히 검토해 보니 표준 라이브러리로 줄일 수 있는 반복이 보여요! 기록을 남기듯 빈도에는 collections를 반복 조합에는 itertools를 경로 모으기에는 glob을 쓰면 표준 도구의 힘을 빌릴 수 있어요. 🧩  (답변 종료),1,158,106,52,6862575
181,2,6.06,"[숫자 값은 위쪽에 상수로] : 98.5 점 👍,
[고정값 상수화 필요] : 82.2 점,
[예외의 종류 (OOOError 등) 구체적 명시 권장] : 68.6 점,
[기존 배열의 원소 추가 대신 extend 함수 사용] : 63.4 점,
[100 line 이상 함수 분리, docstring 필요] : 12.6 점 🚨 (답변 시작)", 전체 흐름을 놓고 보면 하나의 함수가 너무 많은 일을 하고 있어요. 작은 단계로 책임별로 나누고 docstring을 붙이면 테스트와 수정이 한결 수월해져요.  (답변 종료),1,127,93,34,6862575
182,2,6.26,"[동일한 인수 집합을 갖는 함수가 많은 경우 클래스화 고려] : 95.3 점 👍,
[동일 인자 type 통일] : 90.6 점 👍,
[함수의 인자가 유동적인 경우 처리 권장] : 64.1 점,
[if-elif-elif-else 구문은 되도록 dict로 수정] : 35.4 점 🚨,
[개수 세기에 count 함수 사용] : 18.4 점 🚨 (답변 시작)", 이 파일을 읽다 보면 값의 개수를 세려고 직접 순회하고 있어요. 한 번에 단순한 횟수 확인은 count에 맡기면 코드가 짧고 분명해져요.  (답변 종료),1,138,103,35,6862575
183,2,6.76,"[조건문 중첩 대신 any, all 사용] : 97.2 점 👍,
[불필요한 print, logging 제거] : 95.5 점 👍,
[100 line 이상 함수 분리, docstring 필요] : 90.6 점 👍,
[파일 열기, 닫기 시 with open(...) 사용] : 90.3 점 👍,
[매우 간결한 변환은 map 사용] : 33.5 점 🚨 (답변 시작)", 작은 신호를 짚어 보니 아주 단순한 변환을 긴 반복문으로 풀고 있어요. 과감하게 변환 규칙이 단순하면 map으로 핵심 연산을 또렷하게 표현할 수 있어요. 📌  (답변 종료),1,135,97,38,6862575
184,2,6.41,"[유사한 이름의 함수끼리 가까이 위치하도록 수정 권장] : 99.3 점 👍,
[enumerate 사용 가능한 경우 사용] : 74.2 점,
[한 줄의 길이는 일정 글자 이내로] : 43.2 점 🚨,
[함수의 인수를 변경 가능한 default value로 하지 않아야 함] : 39.9 점 🚨,
[중복되는 사항 common 으로 빼기] : 35.0 점 🚨 (답변 시작)", 이 파일을 읽다 보면 같은 처리가 여러 곳에서 반복되고 있어요. 한 번에 공통 동작을 한곳으로 모으면 수정할 때 놓칠 구석이 줄어요. 🌿  (답변 종료),1,138,102,36,6862575
185,2,5.36,"[동일한 인수 집합을 갖는 함수가 많은 경우 클래스화 고려] : 98.5 점 👍,
[함수의 인수를 변경 가능한 default value로 하지 않아야 함] : 96.2 점 👍,
[빈 파일 TODO 표시 필요] : 66.0 점,
[리스트 컴프리헨션 사용이 가능한 경우 사용] : 44.2 점 🚨,
[기존 배열의 원소 추가 대신 extend 함수 사용] : 37.0 점 🚨 (답변 시작)", 전체 흐름을 놓고 보면 원소를 하나씩 추가하고 있어요. 한 번에 여러 값을 더할 때는 extend를 쓰면 의도가 정확히 전달돼요. 😉  (답변 종료),1,134,104,30,6862575
186,2,7.29,"[f = lambda x: ... 보다는 def f(x): return ... 를 사용] : 96.2 점 👍,
[함수의 인자가 하나로 묶을 수 있는 경우 처리 권장] : 96.1 점 👍,
[key=itemgetter(""key"") 사용 권장] : 90.2 점 👍,
[고정값 상수화 필요] : 31.5 점 🚨,
[함수의 인수를 변경 가능한 default value로 하지 않아야 함] : 9.5 점 🚨 (답변 시작)", 이 파일을 읽다 보면 기본 인수에 리스트나 딕셔너리를 넣고 있어요. 프로젝트를 아끼는 마음으로 리스트나 딕셔너리는 None으로 두고 함수 안에서 만들면 호출 사이에 상태가 섞이지 않아요! 😉  (답변 종료),1,150,109,41,6862575
187,2,5.75,"[함수의 인자가 하나로 묶을 수 있는 경우 처리 권장] : 97.7 점 👍,
[상태 값 조건이 있는 if-elif-elif-else 있는 경우 클래스화 고려] : 91.8 점 👍,
[함수 docstring, 함수명 의미 일치] : 90.5 점 👍,
[불필요한 변수 생성 대신 defaultdict 권장] : 69.2 점,
[인덱스 반환에 index 함수 사용] : 68.5 점 (답변 시작)", 이 파일을 읽다 보면 위치를 찾기 위해 직접 반복하고 있어요. 테스트를 떠올리며 첫 위치가 필요할 때는 index를 쓰면 목적이 바로 보입니다.  (답변 종료),1,136,104,32,6862575
188,2,7.1,"[함수 docstring, 함수명 의미 일치] : 96.7 점 👍,
[동일한 인수 집합을 갖는 함수가 많은 경우 클래스화 고려] : 94.7 점 👍,
[미 사용 변수/함수 제거] : 62.1 점,
[100 line 이상 함수 분리, docstring 필요] : 22.9 점 🚨,
[지나치게 많은 들여쓰기 수정] : 18.8 점 🚨 (답변 시작)", 한 번 더 확인해 보니 들여쓰기 단계가 깊어 흐름을 따라가기 어려워요. 작은 단계로 작은 함수로 쪼개거나 빠른 반환을 쓰면 조건의 미로가 얕아져요. 🔍  (답변 종료),1,137,97,40,6862575
189,2,6.58,"[예외를 삼키는 경우가 없어야 함] : 98.9 점 👍,
[100 line 이상 함수 분리, docstring 필요] : 97.6 점 👍,
[a = my_list[0], b = my_list[1] ... 대신 unpacking 사용 필요] : 94.4 점 👍,
[예외의 종류 (OOOError 등) 구체적 명시 권장] : 93.7 점 👍,
[파일 단순 읽기/쓰기는 Path 사용] : 84.4 점 (답변 시작)", 작은 신호를 짚어 보니 간단한 파일 작업이 장황하게 처리되고 있어요. 살짝 Path의 읽기와 쓰기 메서드를 쓰면 파일 작업이 짧고 단단해져요. 🚀  (답변 종료),1,146,109,37,6862575
190,2,6.4,"[경로를 path/to/file 이 아닌, pathlib 또는 os.path.join 사용] : 94.0 점 👍,
[함수 docstring, 함수명 의미 일치] : 83.6 점,
[if a.get(""b"") ... 형태로 수정 필요] : 72.7 점,
[prefix, suffix 검사 시 startswith(), endswith() 사용] : 62.9 점,
[str 단순 += 대신 join 사용] : 60.6 점 (답변 시작)", 지금 바로 보면 문자열을 반복해서 더하고 있어요. 🎯 기록을 남기듯 조각을 많이 합칠 때는 join으로 모으면 성능과 의도가 함께 좋아져요. 💫  (답변 종료),1,137,101,36,6862575
191,2,6.07,"[미 사용 변수/함수 제거] : 94.8 점 👍,
[유사한 이름의 함수끼리 가까이 위치하도록 수정 권장] : 86.6 점,
[a = my_list[0], b = my_list[1] ... 대신 unpacking 사용 필요] : 23.8 점 🚨,
[고정값 상수화 필요] : 22.7 점 🚨,
[str 단순 += 대신 join 사용] : 2.4 점 🚨 (답변 시작)", 전체 흐름을 놓고 보면 문자열을 반복해서 더하고 있어요. 가능한 범위에서 조각을 많이 합칠 때는 join으로 모으면 성능과 의도가 함께 좋아져요. 💫  (답변 종료),1,138,104,34,6862575
192,2,6.75,"[함수의 인자가 유동적인 경우 처리 권장] : 92.8 점 👍,
[enumerate 사용 가능한 경우 사용] : 90.8 점 👍,
[정규 표현식 문자열은 r""..."" 권장] : 90.6 점 👍,
[if a.get(""b"") ... 형태로 수정 필요] : 15.9 점 🚨,
[의미 있는 함수명, 변수명 사용] : 8.7 점 🚨 (답변 시작)", 전체 흐름을 놓고 보면 역할을 짐작하기 어려운 함수나 변수 이름이 보여요. 조금만 시간을 내서 무엇을 하는지 드러나는 이름으로 바꾸면 설명서 없이도 코드가 읽혀요. 🚀  (답변 종료),1,139,101,38,6862575
193,2,6.43,"[함수 docstring, 함수명 의미 일치] : 98.1 점 👍,
[유사한 이름의 함수끼리 가까이 위치하도록 수정 권장] : 90.8 점 👍,
[비어 있는 문자열 여부 판단 간소화] : 83.5 점,
[유사한 변수명 통일] : 64.7 점,
[itertools.product 사용 가능한 경우 사용] : 18.9 점 🚨 (답변 시작)", 차분히 검토해 보니 조합을 만들려고 중첩 반복문을 쓰고 있어요! 과감하게 모든 조합이 필요할 때는 itertools.product로 의도를 또렷하게 드러내요. 🌿  (답변 종료),1,128,92,36,6862575
194,2,6.76,"[미 사용 변수/함수 제거] : 95.3 점 👍,
[함수 docstring, 함수명 의미 일치] : 74.4 점,
[유사한 이름의 함수끼리 가까이 위치하도록 수정 권장] : 67.6 점,
[중복되는 사항 common 으로 빼기] : 50.3 점 🚨,
[숫자 값은 위쪽에 상수로] : 13.4 점 🚨 (답변 시작)", 한 번 더 확인해 보니 로직 사이에 매직 넘버가 숨어 있어요. 조금만 시간을 내서 매직 넘버를 파일 위쪽의 상수로 올리면 숫자가 왜 필요한지 바로 보여요.  (답변 종료),1,132,94,38,6862575
195,2,7.3,"[함수의 인자가 유동적인 경우 처리 권장] : 67.5 점,
[인덱스 반환에 index 함수 사용] : 39.2 점 🚨,
[지나치게 많은 들여쓰기 수정] : 38.7 점 🚨,
[zip 사용 가능한 경우 사용] : 32.3 점 🚨,
[숫자 값은 위쪽에 상수로] : 25.5 점 🚨 (답변 시작)", 이 파일을 읽다 보면 로직의 맥락을 짐작하기 어려운 숫자가 밑에 깔려 있어요. 이 기회에 숫자를 파일 위쪽의 상수로 올리면 숫자가 왜 필요한지 바로 보여요.  (답변 종료),1,134,93,41,6862575
196,2,6.93,"[지나치게 많은 들여쓰기 수정] : 94.1 점 👍,
[언패킹 시 숫자 인덱스 사용하지 말 것 (변수에 바로 할당)] : 92.2 점 👍,
[빈도수, 반복문, 경로명 리스트 추출 시 collections, itertools, glob 사용] : 74.6 점,
[유사한 변수명 통일] : 59.0 점 🚨,
[비어 있는 문자열 여부 판단 간소화] : 42.5 점 🚨 (답변 시작)", 한 번 더 확인해 보니 빈 문자열 검사가 불필요하게 길어요. 살짝 파이썬다운 조건 검사로 바꾸면 조건 검사로 식을 또 따로 검사할 필요가 줄어요.  (답변 종료),1,146,107,39,6862575
197,2,7.3,"[key=itemgetter(""key"") 사용 권장] : 90.0 점 👍,
[주석 처리된 코드 제거] : 68.5 점,
[if-elif-elif-else 구문은 되도록 dict로 수정] : 68.4 점,
[조건문 중첩 대신 any, all 사용] : 2.9 점 🚨,
[상태 값 조건이 있는 if-elif-elif-else 있는 경우 클래스화 고려] : 1.8 점 🚨 (답변 시작)", 전체 흐름을 놓고 보면 상태에 따라 갈라지는 조건문이 길게 이어져요. 한 번에 상태별 동작을 클래스로 나누면 새 상태를 더할 때 기존 조건문을 덜 건드려도 돼요.  (답변 종료),1,148,107,41,6862575
198,2,6.91,"[Python 예약어를 변수명으로 사용하지 않아야 함] : 92.3 점 👍,
[예외의 종류 (OOOError 등) 구체적 명시 권장] : 91.5 점 👍,
[매우 간결한 변환은 map 사용] : 87.2 점,
[언패킹 시 숫자 인덱스 사용하지 말 것 (변수에 바로 할당)] : 59.4 점 🚨,
[함수명, 반환값 간 일치] : 55.7 점 🚨 (답변 시작)", 작은 신호를 짚어 보니 함수 이름과 반환값의 약속이 어긋나는 곳이 있어요. 프로젝트를 아끼는 마음으로 반환하는 값을 이름에 맞추면 호출부에서 예상이 빗나가지 않아요. 💫  (답변 종료),1,144,105,39,6862575
199,2,6.24,"[if a.get(""b"") ... 형태로 수정 필요] : 98.2 점 👍,
[유사한 변수명 통일] : 96.2 점 👍,
[언패킹 시 숫자 인덱스 사용하지 말 것 (변수에 바로 할당)] : 95.5 점 👍,
[상태 값 조건이 있는 if-elif-elif-else 있는 경우 클래스화 고려] : 68.8 점,
[함수 docstring, 함수명 의미 일치] : 22.8 점 🚨 (답변 시작)", 전체 흐름을 놓고 보면 docstring과 함수 동작이 서로 다르게 읽혀요. 작은 단계로 docstring과 함수가 약속한 역할을 맞추면 다음 사람이 안심하고 호출할 수 있어요.  (답변 종료),1,144,109,35,6862575
200,3,6.8,"[주석 처리된 코드 제거] : 98.8 점 👍,
[import 순서 준수] : 76.1 점,
[enumerate 사용 가능한 경우 사용] : 75.6 점,
[불필요한 print, logging 제거] : 61.0 점,
[매우 간결한 변환은 map 사용] : 27.3 점 🚨 (답변 시작)", 천천히 살펴보면 아주 단순한 변환을 긴 반복문으로 풀고 있어요. 테스트를 떠올리며 변환 규칙이 단순하면 map으로 핵심 연산을 또렷하게 표현할 수 있어요.  (답변 종료),1,119,83,36,6862575
201,3,7.88,"[상태 값 조건이 있는 if-elif-elif-else 있는 경우 클래스화 고려] : 93.4 점 👍,
[파일 열기, 닫기 시 with open(...) 사용] : 92.7 점 👍,
[유사한 변수명 통일] : 90.7 점 👍,
[매우 간결한 변환은 map 사용] : 34.8 점 🚨,
[README.md, pyproject.toml 필요] : 31.6 점 🚨 (답변 시작)", 조금 거리를 두고 읽어 보면 시작 방법을 알려 줄 README.md와 pyproject.toml이 필요해 보여요. 가능한 범위에서 설치 방법과 실행 환경을 적어면 처음 온 사람도 바로 출발할 수 있어요.  (답변 종료),1,146,104,42,6862575
202,3,7.49,"[의미 있는 함수명, 변수명 사용] : 98.9 점 👍,
[prefix, suffix 검사 시 startswith(), endswith() 사용] : 97.2 점 👍,
[if-elif-elif-else 구문은 되도록 dict로 수정] : 72.2 점,
[미 사용 변수/함수 제거] : 31.2 점 🚨,
[동일한 인수 집합을 갖는 함수가 많은 경우 클래스화 고려] : 23.2 점 🚨 (답변 시작)", 차분히 검토해 보니 같은 설정을 계속 받는 함수가 여러 개예요. 팀과 맞춰 보며 공통 상태를 가진 객체로 묶으면 인자 전달이 가벼워지고 역할도 선명해져요!  (답변 종료),1,149,109,40,6862575
203,3,5.64,"[문자열 단순 연결보다는 f-string 사용] : 97.4 점 👍,
[함수의 인자가 유동적인 경우 처리 권장] : 83.8 점,
[유사한 이름의 함수끼리 가까이 위치하도록 수정 권장] : 68.4 점,
[매우 간결한 변환은 map 사용] : 68.1 점,
[enumerate 사용 가능한 경우 사용] : 36.0 점 🚨 (답변 시작)", 테스트를 떠올리면 반복문에서 번호를 직접 관리하고 있어요. 살짝 순서와 값을 함께 쓸 때는 enumerate가 더 자연스럽고 안전해요.  (답변 종료),1,124,94,30,6862575
204,3,6.56,"[itertools.product 사용 가능한 경우 사용] : 92.3 점 👍,
[README.md, pyproject.toml 필요] : 90.9 점 👍,
[함수 인수 type hint 필요] : 90.4 점 👍,
[중복되는 사항 common 으로 빼기] : 88.9 점,
[str 단순 += 대신 join 사용] : 87.7 점 (답변 시작)", 코드의 표정을 읽어 보니 문자열을 반복해서 더하고 있어요! 테스트를 떠올리며 조각을 많이 합칠 때는 join으로 모으면 성능과 의도가 함께 좋아져요. 🌈  (답변 종료),1,122,87,35,6862575
205,3,6.72,"[함수의 인자가 하나로 묶을 수 있는 경우 처리 권장] : 97.8 점 👍,
[동일한 인수 집합을 갖는 함수가 많은 경우 클래스화 고려] : 93.5 점 👍,
[if a.get(""b"") ... 형태로 수정 필요] : 40.9 점 🚨,
[import 순서 준수] : 12.0 점 🚨,
[함수 docstring, 함수명 의미 일치] : 1.5 점 🚨 (답변 시작)", 코드의 표정을 읽어 보니 docstring과 함수 동작이 서로 다르게 읽혀요. 필요한 곳부터 docstring과 함수가 약속한 역할을 맞추면 다음 사람이 안심하고 호출할 수 있어요.  (답변 종료),1,140,104,36,6862575
206,3,7.46,"[개수 세기에 count 함수 사용] : 99.5 점 👍,
[지나치게 많은 들여쓰기 수정] : 96.8 점 👍,
[enumerate 사용 가능한 경우 사용] : 90.8 점 👍,
[파일 단순 읽기/쓰기는 Path 사용] : 89.7 점,
[의미 있는 함수명, 변수명 사용] : 79.9 점 (답변 시작)", 조금 거리를 두고 읽어 보면 역할을 짐작하기 어려운 함수나 변수 이름이 보여요. 💫 팀과 맞춰며 무엇을 하는지 드러나는 이름으로 바꾸면 설명서 없이도 코드가 읽혀요.  (답변 종료),1,130,90,40,6862575
207,3,6.54,"[enumerate 사용 가능한 경우 사용] : 92.8 점 👍,
[파일 단순 읽기/쓰기는 Path 사용] : 92.2 점 👍,
[리스트 컴프리헨션 사용이 가능한 경우 사용] : 91.2 점 👍,
[매우 간결한 변환은 map 사용] : 79.5 점,
[if-elif-elif-else 구문은 되도록 dict로 수정] : 66.8 점 (답변 시작)", 코드의 표정을 읽어 보니 조건 분기가 길게 늘어진 곳이 있어요. 테스트를 떠올리며 값에 따른 선택이라면 dict 매핑으로 바꾸어 분기표를 단순하게 만들어 보세요.  (답변 종료),1,133,98,35,6862575
208,3,7.09,"[조건문 중첩 대신 any, all 사용] : 51.0 점 🚨,
[함수의 인수를 변경 가능한 default value로 하지 않아야 함] : 46.7 점 🚨,
[불필요한 print, logging 제거] : 44.5 점 🚨,
[빈도수, 반복문, 경로명 리스트 추출 시 collections, itertools, glob 사용] : 32.0 점 🚨,
[고정값 상수화 필요] : 17.4 점 🚨 (답변 시작)", 작은 개선을 찾다 보니 같은 고정값이 여러 곳에 흩어져 있어요. 📌 한 호흡 쉬고 의미 있는 상수 이름으로 꺼내면 정책을 바꿀 때 한 번에 손볼 수 있어요.  (답변 종료),1,148,110,38,6862575
209,3,7.65,"[한 줄의 길이는 일정 글자 이내로] : 99.0 점 👍,
[prefix, suffix 검사 시 startswith(), endswith() 사용] : 69.0 점,
[클래스 내부에서만 쓰이는 속성, 메서드 (접두사 있음) 호출 비 권장] : 48.9 점 🚨,
[함수의 인자가 하나로 묶을 수 있는 경우 처리 권장] : 35.9 점 🚨,
[함수의 인자가 유동적인 경우 처리 권장] : 16.8 점 🚨 (답변 시작)", 테스트를 떠올리면 개수가 바뀔 수 있는 인수를 고정해 두고 있어요. 필요한 곳부터 가변 인수는 *args나 **kwargs를 알맞게 쓰면 확장에 더 유연해져요!  (답변 종료),1,156,115,41,6862575
210,3,7.44,"[파일 열기, 닫기 시 with open(...) 사용] : 98.7 점 👍,
[prefix, suffix 검사 시 startswith(), endswith() 사용] : 96.4 점 👍,
[제너레이터 표현식 사용이 가능한 경우 사용] : 93.2 점 👍,
[인덱스 반환에 index 함수 사용] : 92.5 점 👍,
[f = lambda x: ... 보다는 def f(x): return ... 를 사용] : 70.7 점 (답변 시작)", 테스트를 떠올리면 이름이 필요한 동작이 lambda에 숨어 있어요. 다음 변경 전에 재사용하거나 설명이 필요한 로직은 def로 꺼내면 디버깅과 테스트가 편해져요. 🧩  (답변 종료),1,148,108,40,6862575
211,3,5.87,"[함수 인수 type hint 필요] : 97.5 점 👍,
[동일 인자 type 통일] : 87.6 점,
[f = lambda x: ... 보다는 def f(x): return ... 를 사용] : 81.1 점,
[의미 있는 함수명, 변수명 사용] : 64.7 점,
[한 줄의 길이는 일정 글자 이내로] : 44.4 점 🚨 (답변 시작)", 테스트를 떠올리면 한 줄이 너무 길게 이어지는 곳이 보여요. 조금 시간을 내서 줄을 적당히 나누면 작은 화면에서도 흐름을 놓치지 않아요.  (답변 종료),1,124,93,31,6862575
212,3,6.18,"[고정값 상수화 필요] : 99.5 점 👍,
[import 순서 준수] : 97.9 점 👍,
[리스트 컴프리헨션 사용이 가능한 경우 사용] : 96.2 점 👍,
[매우 간결한 변환은 map 사용] : 91.8 점 👍,
[예외의 종류 (OOOError 등) 구체적 명시 권장] : 65.6 점 (답변 시작)", 테스트를 떠올리면 너무 넓은 예외를 잡고 있어요. 한 호흡 쉬고 예상한 OOOError처럼 구체적인 예외만 잡으면 버그가 숨어버리지 않아요.  (답변 종료),1,124,91,33,6862575
213,3,6.57,"[제너레이터 표현식 사용이 가능한 경우 사용] : 91.9 점 👍,
[함수명, 반환값 간 일치] : 90.7 점 👍,
[enumerate 사용 가능한 경우 사용] : 51.7 점 🚨,
[if a.get(""b"") ... 형태로 수정 필요] : 44.4 점 🚨,
[유사한 변수명 통일] : 24.4 점 🚨 (답변 시작)", 테스트를 떠올리면 비슷한 역할의 변수 이름이 제각각이에요. 🧩 차분하게 같은 개념에는 같은 이름 규칙을 쓰면 읽는 속도가 훨씬 빨라져요!  (답변 종료),1,132,97,35,6862575
214,3,6.54,"[a = my_list[0], b = my_list[1] ... 대신 unpacking 사용 필요] : 77.1 점,
[함수의 인자가 하나로 묶을 수 있는 경우 처리 권장] : 75.8 점,
[if-elif-elif-else 구문은 되도록 dict로 수정] : 66.8 점,
[zip 사용 가능한 경우 사용] : 66.1 점,
[파일 열기, 닫기 시 with open(...) 사용] : 63.0 점 (답변 시작)", 코드의 맥락을 보면 파일을 열고 닫는 일을 직접 관리하고 있어요. 다음 변경 전에 with open(...)으로 감싸면 예외가 나도 파일이 안전하게 닫혀요.  (답변 종료),1,146,111,35,6862575
215,3,7.26,"[if a.get(""b"") ... 형태로 수정 필요] : 73.1 점,
[함수 인수 type hint 필요] : 53.3 점 🚨,
[중복되는 사항 common 으로 빼기] : 24.8 점 🚨,
[if-elif-elif-else 구문은 되도록 dict로 수정] : 10.5 점 🚨,
[함수명, 반환값 간 일치] : 5.1 점 🚨 (답변 시작)", 테스트를 떠올리면 함수 이름과 반환값의 약속이 어긋나는 곳이 보여요. 미래의 나를 위해 반환하는 값을 이름에 맞추면 호출부에서 예상이 빗나가지 않아요. 🧩  (답변 종료),1,142,103,39,6862575
216,3,6.91,"[클래스 내부에서만 쓰이는 속성, 메서드 (접두사 있음) 호출 비 권장] : 88.2 점,
[인덱스 반환에 index 함수 사용] : 80.9 점,
[중복되는 사항 common 으로 빼기] : 19.3 점 🚨,
[불필요한 print, logging 제거] : 7.3 점 🚨,
[함수명, 반환값 간 일치] : 7.1 점 🚨 (답변 시작)", 바꿀 지점을 골라 보니 함수 이름과 반환값의 약속이 어긋나는 곳이 보여요. 테스트를 떠올리며 반환하는 값을 이름에 맞추면 호출부에서 예상이 빗나가지 않아요!  (답변 종료),1,139,102,37,6862575
217,3,7.63,"[함수 인수 type hint 필요] : 98.6 점 👍,
[100 line 이상 함수 분리, docstring 필요] : 96.2 점 👍,
[import 순서 준수] : 40.6 점 🚨,
[a = my_list[0], b = my_list[1] ... 대신 unpacking 사용 필요] : 27.6 점 🚨,
[if a.get(""b"") ... 형태로 수정 필요] : 13.9 점 🚨 (답변 시작)"," 테스트를 떠올리면 딕셔너리 키를 꺼는 과정이 장황해요. 다음 변경 전에 a.get(""b"")처럼 안전하게 꺼내면 누락된 키에서도 흐름이 부드러워요! 🐣  (답변 종료)",1,146,105,41,6862575
218,3,7.09,"[주석 처리된 코드 제거] : 97.6 점 👍,
[예외를 삼키는 경우가 없어야 함] : 97.2 점 👍,
[기존 배열의 원소 추가 대신 extend 함수 사용] : 93.8 점 👍,
[a = my_list[0], b = my_list[1] ... 대신 unpacking 사용 필요] : 77.4 점,
[동일한 인수 집합을 갖는 함수가 많은 경우 클래스화 고려] : 64.4 점 (답변 시작)", 테스트를 떠올리면 같은 설정을 계속 받는 함수가 여러 개예요. 리뷰 메모를 따라 공통 상태를 가진 객체로 묶으면 인자 전달이 가벼워지고 역할도 선명해져요.  (답변 종료),1,145,107,38,6862575
219,3,6.54,"[매우 간결한 변환은 map 사용] : 98.4 점 👍,
[지나치게 많은 들여쓰기 수정] : 96.1 점 👍,
[함수의 인자가 유동적인 경우 처리 권장] : 91.1 점 👍,
[파일 열기, 닫기 시 with open(...) 사용] : 57.8 점 🚨,
[itertools.product 사용 가능한 경우 사용] : 5.5 점 🚨 (답변 시작)", 테스트를 떠올리면 조합을 만들려고 중첩 반복문을 쓰고 있어요. 팀과 맞춰며 모든 조합이 필요할 때는 itertools.product로 의도를 또렷하게 드러내요!  (답변 종료),1,133,98,35,6862575
220,3,6.74,"[중복되는 사항 common 으로 빼기] : 95.5 점 👍,
[제너레이터 표현식 사용이 가능한 경우 사용] : 90.8 점 👍,
[인덱스 반환에 index 함수 사용] : 74.5 점,
[매우 간결한 변환은 map 사용] : 48.1 점 🚨,
[itertools.product 사용 가능한 경우 사용] : 34.6 점 🚨 (답변 시작)", 한 발 물러서서 보면 조합을 만들려고 중첩 반복문을 쓰고 있어요. 테스트를 떠올리며 모든 조합이 필요할 때는 itertools.product로 의도를 또렷하게 드러내요!  (답변 종료),1,132,96,36,6862575
221,3,6.36,"[인덱스 반환에 index 함수 사용] : 92.8 점 👍,
[비어 있는 문자열 여부 판단 간소화] : 84.5 점,
[문자열 단순 연결보다는 f-string 사용] : 71.7 점,
[기존 배열의 원소 추가 대신 extend 함수 사용] : 43.5 점 🚨,
[의미 있는 함수명, 변수명 사용] : 24.7 점 🚨 (답변 시작)", 천천히 살펴보면 역할을 짐작하기 어려운 함수나 변수 이름이 보여요. 테스트를 떠올리며 무엇을 하는지 드러나는 이름으로 바꾸면 설명서 없이도 코드가 읽혀요.  (답변 종료),1,128,94,34,6862575
222,3,7.07,"[prefix, suffix 검사 시 startswith(), endswith() 사용] : 94.4 점 👍,
[동일 인자 type 통일] : 91.8 점 👍,
[불필요한 print, logging 제거] : 91.2 점 👍,
[key=itemgetter(""key"") 사용 권장] : 91.0 점 👍,
[f = lambda x: ... 보다는 def f(x): return ... 를 사용] : 61.8 점 (답변 시작)", 코드의 표정을 읽어 보니 이름이 필요한 동작이 lambda에 숨어 있어요. 다음 변경 전에 재사용하거나 설명이 필요한 로직은 def로 꺼내면 디버깅과 테스트가 편해져요.  (답변 종료),1,137,99,38,6862575
223,3,6.19,"[함수명, 반환값 간 일치] : 92.8 점 👍,
[README.md, pyproject.toml 필요] : 86.7 점,
[경로를 path/to/file 이 아닌, pathlib 또는 os.path.join 사용] : 77.2 점,
[함수 인수 type hint 필요] : 68.1 점,
[파일 열기, 닫기 시 with open(...) 사용] : 5.4 점 🚨 (답변 시작)", 테스트를 떠올리면 파일을 열고 닫는 일을 직접 관리하고 있어요. 흐름을 따라 with open(...)으로 감싸면 예외가 나도 파일이 안전하게 닫혀요.  (답변 종료),1,131,98,33,6862575
224,3,6.37,"[assertion을 제어 메커니즘으로 사용하면 안됨] : 98.2 점 👍,
[빈도수, 반복문, 경로명 리스트 추출 시 collections, itertools, glob 사용] : 93.5 점 👍,
[중복되는 사항 common 으로 빼기] : 92.3 점 👍,
[인덱스 반환에 index 함수 사용] : 91.0 점 👍,
[함수 인수 type hint 필요] : 67.7 점 (답변 시작)", 다음 변경을 생각하면 함수 인수의 type hint가 비어 있어요. 지금 바로 인수에 type hint를 달아면 들어오는 데이터가 무엇인지 바로 알 수 있어요.  (답변 종료),1,135,101,34,6862575
225,3,7.65,"[함수명, 반환값 간 일치] : 100.0 점 👍,
[클래스 내부에서만 쓰이는 속성, 메서드 (접두사 있음) 호출 비 권장] : 78.1 점,
[함수의 인자가 유동적인 경우 처리 권장] : 61.2 점,
[매우 간결한 변환은 map 사용] : 42.3 점 🚨,
[고정값 상수화 필요] : 24.6 점 🚨 (답변 시작)", 작은 신호를 짚어 보니 같은 고정값이 여러 곳에 흩어져 있어요. 코드의 맥락을 보며 의미 있는 상수 이름으로 꺼내면 정책을 바꿀 때 한 번에 손볼 수 있어요! 🧼  (답변 종료),1,142,101,41,6862575
226,3,7.65,"[예외를 삼키는 경우가 없어야 함] : 73.0 점,
[a = my_list[0], b = my_list[1] ... 대신 unpacking 사용 필요] : 72.6 점,
[if-elif-elif-else 구문은 되도록 dict로 수정] : 67.7 점,
[매우 간결한 변환은 map 사용] : 50.2 점 🚨,
[미 사용 변수/함수 제거] : 49.0 점 🚨 (답변 시작)", 조금 거리를 두고 읽어 보면 쓰이지 않는 변수나 함수가 남아 있네요. 한 호흡 쉬고 참조되지 않는 선언을 걷어 내면 핵심 로직만 또렷하게 남아요! 🧩  (답변 종료),1,149,108,41,6862575
227,3,6.0,"[매우 간결한 변환은 map 사용] : 97.3 점 👍,
[조건문 중첩 대신 any, all 사용] : 92.2 점 👍,
[유사한 변수명 통일] : 91.5 점 👍,
[기존 배열의 원소 추가 대신 extend 함수 사용] : 67.2 점,
[한 줄의 길이는 일정 글자 이내로] : 6.5 점 🚨 (답변 시작)", 작은 신호를 짚어 보니 한 줄이 너무 길게 이어지는 곳이 있어요. 테스트를 떠올리며 줄을 적당히 나누면 작은 화면에서도 흐름을 놓치지 않아요.  (답변 종료),1,124,92,32,6862575
228,3,6.73,"[assertion을 제어 메커니즘으로 사용하면 안됨] : 92.8 점 👍,
[동일한 인수 집합을 갖는 함수가 많은 경우 클래스화 고려] : 79.6 점,
[함수 docstring, 함수명 의미 일치] : 77.1 점,
[클래스 내부에서만 쓰이는 속성, 메서드 (접두사 있음) 호출 비 권장] : 72.9 점,
[파일 단순 읽기/쓰기는 Path 사용] : 4.2 점 🚨 (답변 시작)", 조금 거리를 두고 읽어 보면 파일을 읽거나 쓰는 일을 직접 관리하고 있어요! 필요한 곳부터 Path의 읽기와 쓰기 메서드를 쓰면 파일 작업이 짧고 단단해져요.  (답변 종료),1,142,106,36,6862575
229,3,7.64,"[동일 인자 type 통일] : 97.2 점 👍,
[함수의 인자가 유동적인 경우 처리 권장] : 92.7 점 👍,
[제너레이터 표현식 사용이 가능한 경우 사용] : 75.9 점,
[언패킹 시 숫자 인덱스 사용하지 말 것 (변수에 바로 할당)] : 65.8 점,
[함수명, 반환값 간 일치] : 63.1 점 (답변 시작)", 코드의 표정을 읽어 보니 함수 이름과 반환값의 약속이 어긋나는 곳이 보여요. 🌈 기록을 남기듯 반환하는 값을 이름에 맞추면 호출부에서 예상이 빗나가지 않아요. 🌿  (답변 종료),1,138,97,41,6862575
230,3,8.56,"[상태 값 조건이 있는 if-elif-elif-else 있는 경우 클래스화 고려] : 98.1 점 👍,
[불필요한 변수 생성 대신 defaultdict 권장] : 96.6 점 👍,
[import 순서 준수] : 93.5 점 👍,
[예외의 종류 (OOOError 등) 구체적 명시 권장] : 93.3 점 👍,
[함수의 인자가 하나로 묶을 수 있는 경우 처리 권장] : 44.4 점 🚨 (답변 시작)", 구현을 찬찬히 들여다보니 함께 움직이는 인수가 따로따로 전달되고 있어요. 한 호흡 쉬고 함께 쓰는 값을 객체나 dataclass로 묶으면 호출부가 훨씬 덜 복잡해져요! 🐣  (답변 종료),1,153,107,46,6862575
231,3,7.66,"[enumerate 사용 가능한 경우 사용] : 95.6 점 👍,
[함수 docstring, 함수명 의미 일치] : 93.4 점 👍,
[f = lambda x: ... 보다는 def f(x): return ... 를 사용] : 85.3 점,
[중복되는 사항 common 으로 빼기] : 54.7 점 🚨,
[고정값 상수화 필요] : 46.6 점 🚨 (답변 시작)", 리뷰 돋보기를 대 보니 같은 고정값이 여러 곳에 흩어져 있어요. 테스트를 떠올리며 의미 있는 상수 이름으로 꺼내 파일 구석으로 몰아면 정책을 바꿀 때 한 번에 손볼 수 있어요!  (답변 종료),1,139,98,41,6862575
232,3,7.28,"[정규 표현식 문자열은 r""..."" 권장] : 98.7 점 👍,
[동일한 인수 집합을 갖는 함수가 많은 경우 클래스화 고려] : 91.2 점 👍,
[동일 인자 type 통일] : 69.9 점,
[Python 예약어를 변수명으로 사용하지 않아야 함] : 68.1 점,
[의미 있는 함수명, 변수명 사용] : 6.8 점 🚨 (답변 시작)", 구현을 찬찬히 들여다보니 역할을 짐작하기 어려운 함수나 변수 이름이 보여요. 테스트를 떠올리며 무엇을 하는지 드러나는 이름으로 바꾸면 설명서 없이도 코드가 읽혀요.  (답변 종료),1,136,97,39,6862575
233,3,7.29,"[itertools.product 사용 가능한 경우 사용] : 85.4 점,
[파일 단순 읽기/쓰기는 Path 사용] : 82.8 점,
[유사한 변수명 통일] : 80.2 점,
[예외의 종류 (OOOError 등) 구체적 명시 권장] : 69.6 점,
[동일한 인수 집합을 갖는 함수가 많은 경우 클래스화 고려] : 64.8 점 (답변 시작)", 조금 거리를 두고 보면 같은 설정을 계속 받는 함수가 여러 개예요. 리뷰 메모를 따라 공통 상태를 가진 객체로 묶으면 인자 전달이 가벼워지고 역할도 선명해져요!  (답변 종료),1,134,95,39,6862575
234,3,6.58,"[assertion을 제어 메커니즘으로 사용하면 안됨] : 99.0 점 👍,
[주석 처리된 코드 제거] : 93.0 점 👍,
[함수명, 반환값 간 일치] : 91.4 점 👍,
[zip 사용 가능한 경우 사용] : 88.2 점,
[제너레이터 표현식 사용이 가능한 경우 사용] : 74.7 점 (답변 시작)", 테스트를 떠올리면 한 번만 쓸 중간 목록이 만들어지고 있어요. 흐름을 따라 한 번만 순회한다면 제너레이터 표현식으로 메모리를 아껴 볼 만해요.  (답변 종료),1,125,90,35,6862575
235,3,6.75,"[zip 사용 가능한 경우 사용] : 86.1 점,
[한 줄의 길이는 일정 글자 이내로] : 83.5 점,
[언패킹 시 숫자 인덱스 사용하지 말 것 (변수에 바로 할당)] : 67.9 점,
[주석 처리된 코드 제거] : 17.7 점 🚨,
[중복되는 사항 common 으로 빼기] : 0.6 점 🚨 (답변 시작)", 동작을 쭉 따라가 보니 같은 처리가 여러 곳에서 반복되고 있어요. 이 기회에 공통 동작을 한곳으로 모으면 수정할 때 놓칠 구석이 줄어요. 🧩  (답변 종료),1,132,96,36,6862575
236,3,7.45,"[한 줄의 길이는 일정 글자 이내로] : 91.8 점 👍,
[상태 값 조건이 있는 if-elif-elif-else 있는 경우 클래스화 고려] : 91.7 점 👍,
[파일 단순 읽기/쓰기는 Path 사용] : 90.2 점 👍,
[제너레이터 표현식 사용이 가능한 경우 사용] : 7.6 점 🚨,
[key=itemgetter(""key"") 사용 권장] : 4.6 점 🚨 (답변 시작)"," 코드의 맥락을 보면 정렬 키를 lambda로 길게 꺼내고 있어요. 흐름을 따라 딕셔너리 키로 정렬할 때는 itemgetter(""key"")가 더 간결하게 뜻을 전해요.  (답변 종료)",1,146,106,40,6862575
237,3,6.03,"[클래스 내부에서만 쓰이는 속성, 메서드 (접두사 있음) 호출 비 권장] : 93.9 점 👍,
[enumerate 사용 가능한 경우 사용] : 86.9 점,
[주석 처리된 코드 제거] : 72.3 점,
[상태 값 조건이 있는 if-elif-elif-else 있는 경우 클래스화 고려] : 30.9 점 🚨,
[중복되는 사항 common 으로 빼기] : 5.2 점 🚨 (답변 시작)", 테스트를 떠올리면 같은 처리가 여러 곳에서 반복되고 있어요! 이 기회에 공통 동작을 한곳으로 모으면 수정할 때 놓칠 구석이 줄어요.  (답변 종료),1,141,109,32,6862575
238,3,6.92,"[상태 값 조건이 있는 if-elif-elif-else 있는 경우 클래스화 고려] : 98.8 점 👍,
[주석 처리된 코드 제거] : 92.3 점 👍,
[빈 파일 TODO 표시 필요] : 91.7 점 👍,
[예외를 삼키는 경우가 없어야 함] : 24.3 점 🚨,
[key=itemgetter(""key"") 사용 권장] : 11.6 점 🚨 (답변 시작)"," 다시 살펴보니 정렬 키를 lambda로 길게 꺼내고 있어요. 살짝 딕셔너리 키로 정렬할 때는 itemgetter(""key"")가 더 간결하게 뜻을 전해요.  (답변 종료)",1,137,100,37,6862575
239,3,7.3,"[prefix, suffix 검사 시 startswith(), endswith() 사용] : 99.0 점 👍,
[if a.get(""b"") ... 형태로 수정 필요] : 98.8 점 👍,
[비어 있는 문자열 여부 판단 간소화] : 92.8 점 👍,
[예외의 종류 (OOOError 등) 구체적 명시 권장] : 61.4 점,
[함수 docstring, 함수명 의미 일치] : 28.2 점 🚨 (답변 시작)", 테스트를 떠올리면 docstring과 함수 동작이 서로 다르게 읽혀요. 🧩 의도를 적어 두듯 docstring과 함수가 약속한 역할을 맞추면 다음 사람이 안심하고 호출할 수 있어요.  (답변 종료),1,143,104,39,6862575
240,3,7.14,"[한 줄의 길이는 일정 글자 이내로] : 94.5 점 👍,
[주석 처리된 코드 제거] : 90.2 점 👍,
[예외의 종류 (OOOError 등) 구체적 명시 권장] : 71.1 점,
[100 line 이상 함수 분리, docstring 필요] : 45.0 점 🚨,
[숫자 값은 위쪽에 상수로] : 35.9 점 🚨 (답변 시작)", 코드의 표정을 읽어 보니 로직 사이에 매직 넘버가 숨어 있어요! 의도를 적어듯 매직 넘버를 파일 위쪽의 상수로 올리면 숫자가 왜 필요한지 바로 알 수 있어요!  (답변 종료),1,134,96,38,6862575
241,3,7.29,"[README.md, pyproject.toml 필요] : 94.8 점 👍,
[숫자 값은 위쪽에 상수로] : 91.3 점 👍,
[지나치게 많은 들여쓰기 수정] : 91.1 점 👍,
[상태 값 조건이 있는 if-elif-elif-else 있는 경우 클래스화 고려] : 86.2 점,
[itertools.product 사용 가능한 경우 사용] : 4.5 점 🚨 (답변 시작)", 한 발 물러서서 보면 조합을 만들려고 중첩 반복문을 쓰고 있어요. 다음 변경 전에 모든 조합이 필요할 때는 itertools.product로 의도를 또렷하게 드러내요. 🧩  (답변 종료),1,138,99,39,6862575
242,3,5.67,"[함수명, 반환값 간 일치] : 99.7 점 👍,
[지나치게 많은 들여쓰기 수정] : 88.5 점,
[동일 인자 type 통일] : 83.6 점,
[숫자 값은 위쪽에 상수로] : 66.2 점,
[zip 사용 가능한 경우 사용] : 0.1 점 🚨 (답변 시작)", 다시 살펴보니 두 목록을 인덱스로 따로 읽고 있어요. 살짝 나란히 읽는 값들은 zip으로 묶어 주면 인덱스 실수를 막을 수 있어요.  (답변 종료),1,113,83,30,6862575
243,3,6.02,"[정규 표현식 문자열은 r""..."" 권장] : 99.1 점 👍,
[숫자 값은 위쪽에 상수로] : 94.4 점 👍,
[동일 인자 type 통일] : 91.0 점 👍,
[예외의 종류 (OOOError 등) 구체적 명시 권장] : 79.8 점,
[인덱스 반환에 index 함수 사용] : 74.5 점 (답변 시작)", 다음 변경을 생각하면 위치를 찾기 위해 직접 반복하고 있어요. 🌿 의도를 적어며 첫 위치가 필요할 때는 index를 쓰면 목적이 바로 보입니다.  (답변 종료),1,124,92,32,6862575
244,3,6.38,"[클래스 내부에서만 쓰이는 속성, 메서드 (접두사 있음) 호출 비 권장] : 99.6 점 👍,
[f = lambda x: ... 보다는 def f(x): return ... 를 사용] : 97.7 점 👍,
[고정값 상수화 필요] : 90.0 점 👍,
[인덱스 반환에 index 함수 사용] : 65.9 점,
[import 순서 준수] : 62.9 점 (답변 시작)", 테스트를 떠올리면 import 배치가 섞여 있어요. 의도를 적어 두듯 표준 라이브러리와 외부 패키지와 내부 모듈을 차례로 정리하면 시작 화면이 말끔해져요.  (답변 종료),1,134,100,34,6862575
245,3,7.11,"[유사한 이름의 함수끼리 가까이 위치하도록 수정 권장] : 91.6 점 👍,
[import 순서 준수] : 81.3 점,
[경로를 path/to/file 이 아닌, pathlib 또는 os.path.join 사용] : 46.7 점 🚨,
[고정값 상수화 필요] : 21.4 점 🚨,
[지나치게 많은 들여쓰기 수정] : 1.2 점 🚨 (답변 시작)", 읽는 사람의 눈으로 보면 들여쓰기 단계가 깊어 흐름을 따라가기 어려워요. 테스트를 떠올리며 작은 함수로 쪼개거나 빠른 반환을 쓰면 조건의 미로가 얕아져요.  (답변 종료),1,135,97,38,6862575
246,3,6.04,"[주석 처리된 코드 제거] : 97.3 점 👍,
[함수의 인자가 하나로 묶을 수 있는 경우 처리 권장] : 89.2 점,
[불필요한 변수 생성 대신 defaultdict 권장] : 67.0 점,
[예외의 종류 (OOOError 등) 구체적 명시 권장] : 62.7 점,
[한 줄의 길이는 일정 글자 이내로] : 38.6 점 🚨 (답변 시작)", 리뷰 돋보기를 대 보니 한 줄이 너무 길게 이어지는 곳이 있어요. 다음 변경 전에 줄을 적당히 나누면 작은 화면에서도 흐름을 놓치지 않아요!  (답변 종료),1,130,98,32,6862575
247,3,7.46,"[상태 값 조건이 있는 if-elif-elif-else 있는 경우 클래스화 고려] : 90.0 점 👍,
[인덱스 반환에 index 함수 사용] : 75.5 점,
[a = my_list[0], b = my_list[1] ... 대신 unpacking 사용 필요] : 52.1 점 🚨,
[함수의 인자가 유동적인 경우 처리 권장] : 20.4 점 🚨,
[조건문 중첩 대신 any, all 사용] : 18.8 점 🚨 (답변 시작)", 테스트를 떠올리면 조건문이 여러 겹으로 겹쳐 있어요. 💫 의도를 적어 두듯 여러 조건의 존재 여부는 any나 all에 맡기면 뜻이 훨씬 또렷해져요.  (답변 종료),1,158,118,40,6862575
248,3,6.57,"[한 줄의 길이는 일정 글자 이내로] : 98.3 점 👍,
[제너레이터 표현식 사용이 가능한 경우 사용] : 86.9 점,
[클래스 내부에서만 쓰이는 속성, 메서드 (접두사 있음) 호출 비 권장] : 81.1 점,
[개수 세기에 count 함수 사용] : 71.4 점,
[유사한 이름의 함수끼리 가까이 위치하도록 수정 권장] : 67.9 점 (답변 시작)", 다음 변경을 생각하면 비슷한 이름의 함수가 파일 곳곳에 흩어져 있어요. 테스트를 떠올리며 비슷한 역할의 함수를 가까이 두면 탐색 시간이 줄고 파일 구조가 자연스러워져요!  (답변 종료),1,137,102,35,6862575
249,3,6.22,"[한 줄의 길이는 일정 글자 이내로] : 98.8 점 👍,
[함수의 인자가 유동적인 경우 처리 권장] : 91.6 점 👍,
[제너레이터 표현식 사용이 가능한 경우 사용] : 86.9 점,
[기존 배열의 원소 추가 대신 extend 함수 사용] : 64.9 점,
[중복되는 사항 common 으로 빼기] : 6.7 점 🚨 (답변 시작)", 테스트를 떠올리면 같은 처리가 여러 곳에서 반복되고 있어요. 의도를 적어며 공통 동작을 한곳으로 모으면 수정할 때 놓칠 구석이 줄어요.  (답변 종료),1,130,97,33,6862575
250,3,6.42,"[함수 docstring, 함수명 의미 일치] : 97.6 점 👍,
[주석 처리된 코드 제거] : 96.5 점 👍,
[경로를 path/to/file 이 아닌, pathlib 또는 os.path.join 사용] : 95.5 점 👍,
[동일한 인수 집합을 갖는 함수가 많은 경우 클래스화 고려] : 50.9 점 🚨,
[유사한 변수명 통일] : 39.9 점 🚨 (답변 시작)", 테스트를 떠올리면 비슷한 역할의 변수 이름이 제각각이에요. 팀과 맞춰며 같은 개념에는 같은 이름 규칙을 쓰면 읽는 속도가 훨씬 빨라져요!  (답변 종료),1,137,103,34,6862575
251,3,6.55,"[개수 세기에 count 함수 사용] : 96.3 점 👍,
[key=itemgetter(""key"") 사용 권장] : 94.3 점 👍,
[숫자 값은 위쪽에 상수로] : 25.3 점 🚨,
[함수명, 반환값 간 일치] : 6.8 점 🚨,
[a = my_list[0], b = my_list[1] ... 대신 unpacking 사용 필요] : 0.3 점 🚨 (답변 시작)", 다음 변경을 생각하면 목록의 원소를 하나씩 꺼내고 있어요. 의도를 적어며 정해진 순서의 값은 unpacking으로 풀어 주면 한 번에 읽혀요.  (답변 종료),1,141,106,35,6862575
252,3,6.55,"[중복되는 사항 common 으로 빼기] : 99.5 점 👍,
[문자열 단순 연결보다는 f-string 사용] : 95.1 점 👍,
[파일 단순 읽기/쓰기는 Path 사용] : 93.8 점 👍,
[prefix, suffix 검사 시 startswith(), endswith() 사용] : 83.6 점,
[유사한 변수명 통일] : 18.2 점 🚨 (답변 시작)", 작은 신호를 짚어 보니 비슷한 역할의 변수 이름이 제각각이에요. 필요한 곳부터 같은 개념에는 같은 이름 규칙을 쓰면 읽는 속도가 훨씬 빨라져요.  (답변 종료),1,132,97,35,6862575
253,3,5.85,"[함수의 인자가 하나로 묶을 수 있는 경우 처리 권장] : 96.3 점 👍,
[고정값 상수화 필요] : 91.9 점 👍,
[동일한 인수 집합을 갖는 함수가 많은 경우 클래스화 고려] : 54.4 점 🚨,
[조건문 중첩 대신 any, all 사용] : 7.6 점 🚨,
[한 줄의 길이는 일정 글자 이내로] : 3.1 점 🚨 (답변 시작)", 조금 거리를 두고 읽어 보면 한 줄이 너무 길게 이어지는 곳이 있어요. 가능한 범위에서 줄을 적당히 나누면 작은 화면에서도 흐름을 놓치지 않아요!  (답변 종료),1,135,104,31,6862575
254,3,7.84,"[상태 값 조건이 있는 if-elif-elif-else 있는 경우 클래스화 고려] : 99.6 점 👍,
[지나치게 많은 들여쓰기 수정] : 94.8 점 👍,
[str 단순 += 대신 join 사용] : 77.0 점,
[리스트 컴프리헨션 사용이 가능한 경우 사용] : 69.6 점,
[key=itemgetter(""key"") 사용 권장] : 5.4 점 🚨 (답변 시작)"," 코드의 표정을 읽어 보니 정렬 키를 lambda로 길게 꺼내고 있어요. 의도를 적어 두듯 딕셔너리 키로 정렬할 때는 itemgetter(""key"")가 더 간결하게 뜻을 전해요.  (답변 종료)",1,141,99,42,6862575
255,3,6.75,"[중복되는 사항 common 으로 빼기] : 94.4 점 👍,
[매우 간결한 변환은 map 사용] : 93.3 점 👍,
[zip 사용 가능한 경우 사용] : 65.2 점,
[f = lambda x: ... 보다는 def f(x): return ... 를 사용] : 19.1 점 🚨,
[조건문 중첩 대신 any, all 사용] : 18.8 점 🚨 (답변 시작)", 테스트를 떠올리면 조건문이 여러 겹으로 겹쳐 있어요. 흐름을 따라 여러 조건의 존재 여부는 any나 all에 맡기면 뜻이 훨씬 또렷해져요.  (답변 종료),1,136,100,36,6862575
256,3,7.12,"[f = lambda x: ... 보다는 def f(x): return ... 를 사용] : 94.7 점 👍,
[prefix, suffix 검사 시 startswith(), endswith() 사용] : 94.5 점 👍,
[a = my_list[0], b = my_list[1] ... 대신 unpacking 사용 필요] : 83.8 점,
[지나치게 많은 들여쓰기 수정] : 29.1 점 🚨,
[동일 인자 type 통일] : 10.6 점 🚨 (답변 시작)", 다음 변경을 생각하면 같은 의미의 인수에서 type 표기가 통일되지 않았어요. 테스트를 떠올리며 인수의 type을 한 방식으로 맞추면 호출하는 쪽도 덜 헷갈려요!  (답변 종료),1,151,113,38,6862575
257,3,7.12,"[중복되는 사항 common 으로 빼기] : 67.3 점,
[불필요한 print, logging 제거] : 35.6 점 🚨,
[정규 표현식 문자열은 r""..."" 권장] : 35.2 점 🚨,
[동일한 인수 집합을 갖는 함수가 많은 경우 클래스화 고려] : 29.7 점 🚨,
[불필요한 변수 생성 대신 defaultdict 권장] : 2.6 점 🚨 (답변 시작)", 다음 변경을 생각하면 키별 초기화를 직접 반복하고 있어요. 테스트를 떠올리며 키별로 값을 모을 때는 defaultdict를 쓰면 분기와 보일러플레이트가 줄어들어요.  (답변 종료),1,140,102,38,6862575
258,3,6.22,"[조건문 중첩 대신 any, all 사용] : 95.2 점 👍,
[예외를 삼키는 경우가 없어야 함] : 94.4 점 👍,
[함수의 인수를 변경 가능한 default value로 하지 않아야 함] : 93.7 점 👍,
[key=itemgetter(""key"") 사용 권장] : 64.5 점,
[str 단순 += 대신 join 사용] : 49.4 점 🚨 (답변 시작)", 테스트를 떠올리면 문자열을 반복해서 더하고 있어요. 의도를 적어 두듯 조각을 많이 합칠 때는 join으로 모으면 성능과 의도가 함께 좋아져요!  (답변 종료),1,129,96,33,6862575
259,3,7.16,"[파일 열기, 닫기 시 with open(...) 사용] : 92.8 점 👍,
[불필요한 변수 생성 대신 defaultdict 권장] : 85.3 점,
[함수의 인자가 하나로 묶을 수 있는 경우 처리 권장] : 50.6 점 🚨,
[100 line 이상 함수 분리, docstring 필요] : 18.0 점 🚨,
[함수 인수 type hint 필요] : 17.4 점 🚨 (답변 시작)", 테스트하는 마음으로 보면 함수 인수의 type hint가 비어 있어요! 🔍 다음 변경 전에 인수에 type hint를 달아면 들어오는 데이터가 무엇인지 바로 알 수 있어요.  (답변 종료),1,139,101,38,6862575
260,3,6.92,"[함수 docstring, 함수명 의미 일치] : 99.5 점 👍,
[import 순서 준수] : 96.7 점 👍,
[미 사용 변수/함수 제거] : 62.3 점,
[상태 값 조건이 있는 if-elif-elif-else 있는 경우 클래스화 고려] : 16.8 점 🚨,
[동일한 인수 집합을 갖는 함수가 많은 경우 클래스화 고려] : 2.5 점 🚨 (답변 시작)", 테스트를 떠올리면 같은 설정을 계속 받는 함수가 여러 개예요. 다음 변경 전에 공통 상태를 가진 객체로 묶으면 인자 전달이 가벼워지고 역할도 선명해져요!  (답변 종료),1,139,102,37,6862575
261,3,7.11,"[100 line 이상 함수 분리, docstring 필요] : 98.7 점 👍,
[비어 있는 문자열 여부 판단 간소화] : 91.4 점 👍,
[리스트 컴프리헨션 사용이 가능한 경우 사용] : 79.1 점,
[언패킹 시 숫자 인덱스 사용하지 말 것 (변수에 바로 할당)] : 73.2 점,
[함수의 인수를 변경 가능한 default value로 하지 않아야 함] : 60.0 점 (답변 시작)", 테스트를 떠올리면 기본 인수에 리스트나 딕셔너리를 넣고 있어요. 한 호흡 쉬고 리스트나 딕셔너리는 None으로 두고 함수 안에서 만들면 호출 사이에 상태가 섞이지 않아요.  (답변 종료),1,142,104,38,6862575
262,3,7.64,"[파일 열기, 닫기 시 with open(...) 사용] : 98.9 점 👍,
[유사한 이름의 함수끼리 가까이 위치하도록 수정 권장] : 97.0 점 👍,
[매우 간결한 변환은 map 사용] : 96.6 점 👍,
[경로를 path/to/file 이 아닌, pathlib 또는 os.path.join 사용] : 81.9 점,
[동일한 인수 집합을 갖는 함수가 많은 경우 클래스화 고려] : 66.4 점 (답변 시작)", 리뷰 돋보기를 대 보니 같은 설정을 계속 받는 함수가 여러 개예요. 흐름을 따라 공통 상태를 가진 객체로 묶으면 인자 전달이 가벼워지고 역할도 선명해져요! 🧼  (답변 종료),1,149,108,41,6862575
263,3,7.11,"[a = my_list[0], b = my_list[1] ... 대신 unpacking 사용 필요] : 99.4 점 👍,
[함수 인수 type hint 필요] : 93.4 점 👍,
[클래스 내부에서만 쓰이는 속성, 메서드 (접두사 있음) 호출 비 권장] : 90.8 점 👍,
[함수의 인수를 변경 가능한 default value로 하지 않아야 함] : 34.5 점 🚨,
[불필요한 변수 생성 대신 defaultdict 권장] : 5.5 점 🚨 (답변 시작)", 테스트를 떠올리면 키별 초기화를 직접 반복하고 있어요. 테스트를 떠올리며 키별로 값을 모을 때는 defaultdict를 쓰면 분기와 보일러플레이트가 줄어들어요.  (답변 종료),1,156,118,38,6862575
264,3,7.28,"[함수명, 반환값 간 일치] : 94.9 점 👍,
[enumerate 사용 가능한 경우 사용] : 87.9 점,
[if a.get(""b"") ... 형태로 수정 필요] : 81.3 점,
[zip 사용 가능한 경우 사용] : 67.0 점,
[상태 값 조건이 있는 if-elif-elif-else 있는 경우 클래스화 고려] : 51.8 점 🚨 (답변 시작)", 천천히 살펴보면 상태에 따라 갈라지는 조건문이 길게 이어져요. 호기심을 갖고 상태별 동작을 클래스로 나누면 새 상태를 더할 때 기존 조건문을 덜 건드려도 돼요.  (답변 종료),1,138,99,39,6862575
265,3,7.47,"[함수의 인수를 변경 가능한 default value로 하지 않아야 함] : 91.3 점 👍,
[유사한 이름의 함수끼리 가까이 위치하도록 수정 권장] : 91.2 점 👍,
[itertools.product 사용 가능한 경우 사용] : 82.5 점,
[enumerate 사용 가능한 경우 사용] : 81.7 점,
[상태 값 조건이 있는 if-elif-elif-else 있는 경우 클래스화 고려] : 59.4 점 🚨 (답변 시작)", 테스트하는 마음으로 보면 상태에 따라 갈라지는 조건문이 길게 이어져요. 가볍게 상태별 동작을 클래스로 나누면 새 상태를 더할 때 기존 조건문을 덜 건드려도 돼요.  (답변 종료),1,147,107,40,6862575
266,3,6.38,"[itertools.product 사용 가능한 경우 사용] : 93.3 점 👍,
[고정값 상수화 필요] : 92.4 점 👍,
[의미 있는 함수명, 변수명 사용] : 80.6 점,
[str 단순 += 대신 join 사용] : 63.3 점,
[a = my_list[0], b = my_list[1] ... 대신 unpacking 사용 필요] : 41.1 점 🚨 (답변 시작)", 코드의 맥락을 보면 목록의 원소를 하나씩 꺼내고 있어요. 살짝 정해진 순서의 값은 unpacking으로 풀어 주면 한 번에 읽혀요!  (답변 종료),1,134,100,34,6862575
267,3,7.31,"[조건문 중첩 대신 any, all 사용] : 95.4 점 👍,
[비어 있는 문자열 여부 판단 간소화] : 91.1 점 👍,
[유사한 변수명 통일] : 79.7 점,
[prefix, suffix 검사 시 startswith(), endswith() 사용] : 74.5 점,
[assertion을 제어 메커니즘으로 사용하면 안됨] : 28.2 점 🚨 (답변 시작)", 테스트를 떠올리면 assert가 실행 흐름을 대신하고 있어요. 흐름을 따라 검증이 필요한 분기는 명시적인 예외 처리로 바꾸어야 배포 환경에서도 안전해요. 🧩  (답변 종료),1,135,96,39,6862575
268,3,7.32,"[a = my_list[0], b = my_list[1] ... 대신 unpacking 사용 필요] : 97.4 점 👍,
[if-elif-elif-else 구문은 되도록 dict로 수정] : 95.3 점 👍,
[리스트 컴프리헨션 사용이 가능한 경우 사용] : 81.2 점,
[지나치게 많은 들여쓰기 수정] : 75.1 점,
[동일한 인수 집합을 갖는 함수가 많은 경우 클래스화 고려] : 7.5 점 🚨 (답변 시작)", 작은 신호를 짚어 보니 같은 설정을 계속 받는 함수가 여러 개예요. 테스트를 떠올리며 공통 상태를 가진 객체로 묶으면 인자 전달이 가벼워지고 역할도 선명해져요.  (답변 종료),1,154,115,39,6862575
269,3,8.21,"[빈도수, 반복문, 경로명 리스트 추출 시 collections, itertools, glob 사용] : 96.2 점 👍,
[제너레이터 표현식 사용이 가능한 경우 사용] : 95.9 점 👍,
[prefix, suffix 검사 시 startswith(), endswith() 사용] : 91.3 점 👍,
[주석 처리된 코드 제거] : 84.1 점,
[상태 값 조건이 있는 if-elif-elif-else 있는 경우 클래스화 고려] : 82.5 점 (답변 시작)", 팀원이 처음 본다고 생각하면 상태에 따라 갈라지는 조건문이 길게 이어져요. 다음 변경 전에 상태별 동작을 클래스로 나누면 새 상태를 더할 때 기존 조건문을 덜 건드려도 돼요.  (답변 종료),1,159,115,44,6862575
270,3,7.13,"[함수의 인자가 유동적인 경우 처리 권장] : 91.2 점 👍,
[zip 사용 가능한 경우 사용] : 50.0 점 🚨,
[100 line 이상 함수 분리, docstring 필요] : 47.1 점 🚨,
[상태 값 조건이 있는 if-elif-elif-else 있는 경우 클래스화 고려] : 13.1 점 🚨,
[동일 인자 type 통일] : 12.5 점 🚨 (답변 시작)", 이번 리뷰에서는 같은 의미의 인수에서 type 표기가 통일되지 않았어요. 다음 변경 전에 인수의 type을 한 방식으로 맞추면 호출하는 쪽도 덜 헷갈려요.  (답변 종료),1,141,103,38,6862575
271,3,7.1,"[비어 있는 문자열 여부 판단 간소화] : 98.2 점 👍,
[key=itemgetter(""key"") 사용 권장] : 94.4 점 👍,
[if-elif-elif-else 구문은 되도록 dict로 수정] : 21.6 점 🚨,
[파일 단순 읽기/쓰기는 Path 사용] : 11.5 점 🚨,
[동일 인자 type 통일] : 8.0 점 🚨 (답변 시작)", 동작을 쭉 따라가 보니 같은 의미의 인수에서 type 표기가 통일되지 않았어요. 흐름을 따라 인수의 type을 한 방식으로 맞추면 호출하는 쪽도 덜 헷갈려요!  (답변 종료),1,137,99,38,6862575
272,3,6.21,"[조건문 중첩 대신 any, all 사용] : 97.2 점 👍,
[클래스 내부에서만 쓰이는 속성, 메서드 (접두사 있음) 호출 비 권장] : 83.8 점,
[함수 인수 type hint 필요] : 77.5 점,
[import 순서 준수] : 72.0 점,
[if-elif-elif-else 구문은 되도록 dict로 수정] : 24.8 점 🚨 (답변 시작)", 테스트를 떠올리면 조건 분기가 길게 늘어진 곳이 있어요. 가능하다면 값에 따른 선택이라면 dict 매핑으로 바꾸어 분기표를 단순하게 만들어 보세요.  (답변 종료),1,133,100,33,6862575
273,3,6.56,"[불필요한 변수 생성 대신 defaultdict 권장] : 99.5 점 👍,
[리스트 컴프리헨션 사용이 가능한 경우 사용] : 97.8 점 👍,
[미 사용 변수/함수 제거] : 96.0 점 👍,
[assertion을 제어 메커니즘으로 사용하면 안됨] : 92.6 점 👍,
[제너레이터 표현식 사용이 가능한 경우 사용] : 74.2 점 (답변 시작)", 천천히 살펴보면 한 번만 쓸 중간 목록이 만들어지고 있어요. 테스트를 떠올리며 한 번만 순회한다면 제너레이터 표현식으로 메모리를 아껴 볼 만해요.  (답변 종료),1,130,95,35,6862575
274,3,6.03,"[문자열 단순 연결보다는 f-string 사용] : 93.5 점 👍,
[매우 간결한 변환은 map 사용] : 91.8 점 👍,
[함수의 인수를 변경 가능한 default value로 하지 않아야 함] : 47.6 점 🚨,
[README.md, pyproject.toml 필요] : 36.9 점 🚨,
[파일 단순 읽기/쓰기는 Path 사용] : 13.9 점 🚨 (답변 시작)", 천천히 살펴보면 파일을 단순 읽거나 쓰고 있어요. 팀과 맞춰며 Path의 읽기와 쓰기 메서드를 쓰면 파일 작업이 더 안전해져요.  (답변 종료),1,133,101,32,6862575
275,3,6.56,"[문자열 단순 연결보다는 f-string 사용] : 96.4 점 👍,
[zip 사용 가능한 경우 사용] : 93.4 점 👍,
[유사한 변수명 통일] : 90.9 점 👍,
[기존 배열의 원소 추가 대신 extend 함수 사용] : 90.6 점 👍,
[경로를 path/to/file 이 아닌, pathlib 또는 os.path.join 사용] : 43.0 점 🚨 (답변 시작)", 다음 변경을 생각하면 파일 경로를 문자열로 이어 붙이고 있어요. 리뷰 메모를 따라 pathlib이나 os.path.join으로 경로를 조립하면 운영체제가 달라도 안전해요!  (답변 종료),1,132,97,35,6862575
276,3,6.94,"[예외를 삼키는 경우가 없어야 함] : 97.9 점 👍,
[정규 표현식 문자열은 r""..."" 권장] : 96.9 점 👍,
[zip 사용 가능한 경우 사용] : 91.3 점 👍,
[str 단순 += 대신 join 사용] : 81.9 점,
[중복되는 사항 common 으로 빼기] : 60.8 점 (답변 시작)", 한 발 물러서서 보면 같은 처리가 여러 곳에서 반복되고 있어요. 🔍 테스트를 떠올리며 공통 동작을 한곳으로 모으면 수정할 때 놓칠 구석이 줄어요.  (답변 종료),1,126,89,37,6862575
277,3,7.13,"[지나치게 많은 들여쓰기 수정] : 99.0 점 👍,
[매우 간결한 변환은 map 사용] : 81.8 점,
[불필요한 print, logging 제거] : 70.8 점,
[비어 있는 문자열 여부 판단 간소화] : 51.0 점 🚨,
[동일 인자 type 통일] : 21.9 점 🚨 (답변 시작)", 테스트를 떠올리면 같은 의미의 인수에서 type 표기가 통일되지 않았어요. 의도를 적어듯 인수의 type을 한 방식으로 맞추면 호출하는 쪽도 덜 헷갈려요!  (답변 종료),1,125,87,38,6862575
278,3,5.31,"[지나치게 많은 들여쓰기 수정] : 97.4 점 👍,
[Python 예약어를 변수명으로 사용하지 않아야 함] : 90.7 점 👍,
[비어 있는 문자열 여부 판단 간소화] : 48.3 점 🚨,
[if-elif-elif-else 구문은 되도록 dict로 수정] : 24.4 점 🚨,
[기존 배열의 원소 추가 대신 extend 함수 사용] : 24.4 점 🚨 (답변 시작)", 천천히 살펴보면 목록 원소를 하나씩 추가하고 있어요! 기분 좋게 여러 값을 더할 때는 extend를 쓰면 의도가 정확히 전달돼요.  (답변 종료),1,130,102,28,6862575
279,3,6.01,"[assertion을 제어 메커니즘으로 사용하면 안됨] : 99.3 점 👍,
[함수명, 반환값 간 일치] : 90.6 점 👍,
[제너레이터 표현식 사용이 가능한 경우 사용] : 81.1 점,
[비어 있는 문자열 여부 판단 간소화] : 75.8 점,
[zip 사용 가능한 경우 사용] : 32.3 점 🚨 (답변 시작)", 테스트를 떠올리면 두 목록을 인덱스로 따로 읽고 있어요. 가능한 범위에서 나란히 읽는 값들은 zip으로 묶어 주면 인덱스 실수를 막을 수 있어요.  (답변 종료),1,124,92,32,6862575
280,3,8.57,"[숫자 값은 위쪽에 상수로] : 97.0 점 👍,
[if-elif-elif-else 구문은 되도록 dict로 수정] : 93.0 점 👍,
[고정값 상수화 필요] : 74.9 점,
[문자열 단순 연결보다는 f-string 사용] : 32.0 점 🚨,
[빈도수, 반복문, 경로명 리스트 추출 시 collections, itertools, glob 사용] : 6.0 점 🚨 (답변 시작)", 테스트하는 마음으로 보면 표준 라이브러리로 줄일 수 보이는 반복이 보여요. 흐름을 따라 빈도에는 collections를 반복 조합에는 itertools를 경로 모으기에는 glob을 쓰면 표준 도구의 힘을 빌 수 있어요.  (답변 종료),1,152,106,46,6862575
281,3,6.74,"[숫자 값은 위쪽에 상수로] : 98.5 점 👍,
[고정값 상수화 필요] : 82.2 점,
[예외의 종류 (OOOError 등) 구체적 명시 권장] : 68.6 점,
[기존 배열의 원소 추가 대신 extend 함수 사용] : 63.4 점,
[100 line 이상 함수 분리, docstring 필요] : 12.6 점 🚨 (답변 시작)", 조금 거리를 두고 읽어 보면 하나의 함수가 너무 많은 일을 하고 있어요. 테스트를 떠올리며 책임별로 나누고 docstring을 붙이면 테스트와 수정이 한결 수월해져요.  (답변 종료),1,129,93,36,6862575
282,3,6.75,"[동일한 인수 집합을 갖는 함수가 많은 경우 클래스화 고려] : 95.3 점 👍,
[동일 인자 type 통일] : 90.6 점 👍,
[함수의 인자가 유동적인 경우 처리 권장] : 64.1 점,
[if-elif-elif-else 구문은 되도록 dict로 수정] : 35.4 점 🚨,
[개수 세기에 count 함수 사용] : 18.4 점 🚨 (답변 시작)", 다음 커밋을 생각해 보면 값의 개수를 세려고 직접 순회하고 있어요. 한 호흡 쉬고 단순한 횟수 확인은 count에 맡기면 코드가 짧고 분명해져요.  (답변 종료),1,139,103,36,6862575
283,3,7.31,"[조건문 중첩 대신 any, all 사용] : 97.2 점 👍,
[불필요한 print, logging 제거] : 95.5 점 👍,
[100 line 이상 함수 분리, docstring 필요] : 90.6 점 👍,
[파일 열기, 닫기 시 with open(...) 사용] : 90.3 점 👍,
[매우 간결한 변환은 map 사용] : 33.5 점 🚨 (답변 시작)", 다음 커밋을 생각해 보면 아주 단순한 변환을 긴 반복문으로 풀고 있어요. 의도를 적어며 변환 규칙이 단순하면 map으로 핵심 연산을 또렷하게 표현할 수 있어요.  (답변 종료),1,136,97,39,6862575
284,3,6.01,"[유사한 이름의 함수끼리 가까이 위치하도록 수정 권장] : 99.3 점 👍,
[enumerate 사용 가능한 경우 사용] : 74.2 점,
[한 줄의 길이는 일정 글자 이내로] : 43.2 점 🚨,
[함수의 인수를 변경 가능한 default value로 하지 않아야 함] : 39.9 점 🚨,
[중복되는 사항 common 으로 빼기] : 35.0 점 🚨 (답변 시작)", 테스트를 떠올리면 같은 처리가 여러 곳에서 반복되고 있어요. 가능한 범위에서 공통 동작을 한곳으로 모으면 수정할 때 놓칠 구석이 줄어요!  (답변 종료),1,134,102,32,6862575
285,3,5.65,"[동일한 인수 집합을 갖는 함수가 많은 경우 클래스화 고려] : 98.5 점 👍,
[함수의 인수를 변경 가능한 default value로 하지 않아야 함] : 96.2 점 👍,
[빈 파일 TODO 표시 필요] : 66.0 점,
[리스트 컴프리헨션 사용이 가능한 경우 사용] : 44.2 점 🚨,
[기존 배열의 원소 추가 대신 extend 함수 사용] : 37.0 점 🚨 (답변 시작)", 다음 커밋을 생각해 보면 목록 원소를 하나씩 추가하고 있어요. 천천히 여러 값을 더할 때는 extend를 쓰면 의도가 정확히 전달돼요.  (답변 종료),1,134,104,30,6862575
286,3,7.13,"[f = lambda x: ... 보다는 def f(x): return ... 를 사용] : 96.2 점 👍,
[함수의 인자가 하나로 묶을 수 있는 경우 처리 권장] : 96.1 점 👍,
[key=itemgetter(""key"") 사용 권장] : 90.2 점 👍,
[고정값 상수화 필요] : 31.5 점 🚨,
[함수의 인수를 변경 가능한 default value로 하지 않아야 함] : 9.5 점 🚨 (답변 시작)", 한 발 물러서서 보면 기본 인수에 리스트나 딕셔너리를 넣고 있어요. 부드럽게 리스트나 딕셔너리는 None으로 두고 함수 안에서 만들면 호출 사이에 상태가 섞이지 않아요.  (답변 종료),1,147,109,38,6862575
287,3,5.65,"[함수의 인자가 하나로 묶을 수 있는 경우 처리 권장] : 97.7 점 👍,
[상태 값 조건이 있는 if-elif-elif-else 있는 경우 클래스화 고려] : 91.8 점 👍,
[함수 docstring, 함수명 의미 일치] : 90.5 점 👍,
[불필요한 변수 생성 대신 defaultdict 권장] : 69.2 점,
[인덱스 반환에 index 함수 사용] : 68.5 점 (답변 시작)", 테스트를 떠올리면 위치를 찾기 위해 직접 반복하고 있어요. 테스트를 떠올리며 첫 위치가 필요할 때는 index를 쓰면 목적이 바로 보입니다.  (답변 종료),1,134,104,30,6862575
288,3,7.31,"[함수 docstring, 함수명 의미 일치] : 96.7 점 👍,
[동일한 인수 집합을 갖는 함수가 많은 경우 클래스화 고려] : 94.7 점 👍,
[미 사용 변수/함수 제거] : 62.1 점,
[100 line 이상 함수 분리, docstring 필요] : 22.9 점 🚨,
[지나치게 많은 들여쓰기 수정] : 18.8 점 🚨 (답변 시작)", 리뷰 돋보기를 대 보니 들여쓰기 단계가 깊어 흐름을 따라가기 어려워요. 테스트를 떠올리며 작은 함수로 쪼개거나 빠른 반환을 쓰면 조건의 미로가 얕아져요.  (답변 종료),1,136,97,39,6862575
289,3,6.19,"[예외를 삼키는 경우가 없어야 함] : 98.9 점 👍,
[100 line 이상 함수 분리, docstring 필요] : 97.6 점 👍,
[a = my_list[0], b = my_list[1] ... 대신 unpacking 사용 필요] : 94.4 점 👍,
[예외의 종류 (OOOError 등) 구체적 명시 권장] : 93.7 점 👍,
[파일 단순 읽기/쓰기는 Path 사용] : 84.4 점 (답변 시작)", 한 발 물러서서 보면 같은 고정관념이 보여요. 다음 변경 전에 Path의 읽기와 쓰기 메서드를 쓰면 파일 작업이 유연해져요.  (답변 종료),1,142,109,33,6862575
290,3,6.02,"[경로를 path/to/file 이 아닌, pathlib 또는 os.path.join 사용] : 94.0 점 👍,
[함수 docstring, 함수명 의미 일치] : 83.6 점,
[if a.get(""b"") ... 형태로 수정 필요] : 72.7 점,
[prefix, suffix 검사 시 startswith(), endswith() 사용] : 62.9 점,
[str 단순 += 대신 join 사용] : 60.6 점 (답변 시작)", 전체 흐름을 놓고 보면 문자열을 반복해서 더하고 있어요. 흐름을 따라 조각을 많이 합칠 때는 join으로 모으면 성능과 의도가 함께 좋아져요.  (답변 종료),1,133,101,32,6862575
291,3,5.64,"[미 사용 변수/함수 제거] : 94.8 점 👍,
[유사한 이름의 함수끼리 가까이 위치하도록 수정 권장] : 86.6 점,
[a = my_list[0], b = my_list[1] ... 대신 unpacking 사용 필요] : 23.8 점 🚨,
[고정값 상수화 필요] : 22.7 점 🚨,
[str 단순 += 대신 join 사용] : 2.4 점 🚨 (답변 시작)", 다음 변경을 생각하면 값을 반복해서 더하고 있어요. 테스트를 떠올리며 의미를 더할 때는 join으로 모으면 성능과 의도가 함께 좋아져요.  (답변 종료),1,134,104,30,6862575
292,3,6.93,"[함수의 인자가 유동적인 경우 처리 권장] : 92.8 점 👍,
[enumerate 사용 가능한 경우 사용] : 90.8 점 👍,
[정규 표현식 문자열은 r""..."" 권장] : 90.6 점 👍,
[if a.get(""b"") ... 형태로 수정 필요] : 15.9 점 🚨,
[의미 있는 함수명, 변수명 사용] : 8.7 점 🚨 (답변 시작)", 작은 개선을 찾다 보니 역할을 짐작하기 어려운 함수나 변수 이름이 보여요. 테스트를 떠올리며 무엇을 하는지 드러나는 이름으로 바꾸면 설명서 없이도 코드가 읽혀요.  (답변 종료),1,138,101,37,6862575
293,3,6.55,"[함수 docstring, 함수명 의미 일치] : 98.1 점 👍,
[유사한 이름의 함수끼리 가까이 위치하도록 수정 권장] : 90.8 점 👍,
[비어 있는 문자열 여부 판단 간소화] : 83.5 점,
[유사한 변수명 통일] : 64.7 점,
[itertools.product 사용 가능한 경우 사용] : 18.9 점 🚨 (답변 시작)", 코드의 표정을 읽어 보니 조합을 만들려고 중첩 반복문을 쓰고 있어요. 다음 변경 전에 모든 조합이 필요할 때는 itertools.product로 의도를 또렷하게 드러내요!  (답변 종료),1,127,92,35,6862575
294,3,6.75,"[미 사용 변수/함수 제거] : 95.3 점 👍,
[함수 docstring, 함수명 의미 일치] : 74.4 점,
[유사한 이름의 함수끼리 가까이 위치하도록 수정 권장] : 67.6 점,
[중복되는 사항 common 으로 빼기] : 50.3 점 🚨,
[숫자 값은 위쪽에 상수로] : 13.4 점 🚨 (답변 시작)", 다시 살펴보니 로직 사이에 매직 넘버가 숨어 있어요. 테스트를 떠올리며 매직 넘버를 파일 위쪽의 상수로 올리면 숫자가 왜 필요한지 바로 알 수 있어요.  (답변 종료),1,130,94,36,6862575
295,3,6.74,"[함수의 인자가 유동적인 경우 처리 권장] : 67.5 점,
[인덱스 반환에 index 함수 사용] : 39.2 점 🚨,
[지나치게 많은 들여쓰기 수정] : 38.7 점 🚨,
[zip 사용 가능한 경우 사용] : 32.3 점 🚨,
[숫자 값은 위쪽에 상수로] : 25.5 점 🚨 (답변 시작)", 테스트를 떠올리면 로직 사이에 매직 넘버가 숨어 있어요. 가능한 범위에서 매직 넘버를 파일 위쪽의 상수로 올리면 숫자가 왜 필요한지 바로 알 수 있어요.  (답변 종료),1,129,93,36,6862575
296,3,5.87,"[지나치게 많은 들여쓰기 수정] : 94.1 점 👍,
[언패킹 시 숫자 인덱스 사용하지 말 것 (변수에 바로 할당)] : 92.2 점 👍,
[빈도수, 반복문, 경로명 리스트 추출 시 collections, itertools, glob 사용] : 74.6 점,
[유사한 변수명 통일] : 59.0 점 🚨,
[비어 있는 문자열 여부 판단 간소화] : 42.5 점 🚨 (답변 시작)", 천천히 살펴보면 빈 문자열 검사식이 불필요하게 길어요. 가능한 범위에서 파이썬다운 조건 검사로 바꾸면 조건식이 가볍게 읽혀요!  (답변 종료),1,138,107,31,6862575
297,3,8.03,"[key=itemgetter(""key"") 사용 권장] : 90.0 점 👍,
[주석 처리된 코드 제거] : 68.5 점,
[if-elif-elif-else 구문은 되도록 dict로 수정] : 68.4 점,
[조건문 중첩 대신 any, all 사용] : 2.9 점 🚨,
[상태 값 조건이 있는 if-elif-elif-else 있는 경우 클래스화 고려] : 1.8 점 🚨 (답변 시작)", 테스트를 떠올리면 상태에 따라 갈라지는 조건문이 길게 이어져요. 오늘의 마무리로 상태별 동작을 클래스로 나누면 새 상태를 더할 때 기존 조건문을 덜 건드려도 돼요. 🔍  (답변 종료),1,150,107,43,6862575
298,3,6.92,"[Python 예약어를 변수명으로 사용하지 않아야 함] : 92.3 점 👍,
[예외의 종류 (OOOError 등) 구체적 명시 권장] : 91.5 점 👍,
[매우 간결한 변환은 map 사용] : 87.2 점,
[언패킹 시 숫자 인덱스 사용하지 말 것 (변수에 바로 할당)] : 59.4 점 🚨,
[함수명, 반환값 간 일치] : 55.7 점 🚨 (답변 시작)", 코드의 표정을 읽어 보니 함수 이름과 반환값의 약속이 어긋나는 곳이 보여요. 의도를 적어듯 반환하는 값을 이름에 맞추면 호출부에서 예상이 빗나가지 않아요.  (답변 종료),1,142,105,37,6862575
299,3,6.91,"[if a.get(""b"") ... 형태로 수정 필요] : 98.2 점 👍,
[유사한 변수명 통일] : 96.2 점 👍,
[언패킹 시 숫자 인덱스 사용하지 말 것 (변수에 바로 할당)] : 95.5 점 👍,
[상태 값 조건이 있는 if-elif-elif-else 있는 경우 클래스화 고려] : 68.8 점,
[함수 docstring, 함수명 의미 일치] : 22.8 점 🚨 (답변 시작)", 다음 커밋을 생각해 보면 docstring과 함수 동작이 서로 다르게 읽혀요. 테스트하는 마음으로 docstring과 함수가 약속한 역할을 맞추면 다음 사람이 안심하고 호출할 수 있어요!  (답변 종료),1,146,109,37,6862575
300,4,6.9,"[주석 처리된 코드 제거] : 98.8 점 👍,
[import 순서 준수] : 76.1 점,
[enumerate 사용 가능한 경우 사용] : 75.6 점,
[불필요한 print, logging 제거] : 61.0 점,
[매우 간결한 변환은 map 사용] : 27.3 점 🚨 (답변 시작)", 실행 경로를 훑어보니 아주 단순한 변환을 긴 반복문으로 풀고 있어요. 이왕이면 변환 규칙이 단순하면 map으로 핵심 연산을 또렷하게 표현할 수 있어요!  (답변 종료),1,121,83,38,6862575
301,4,7.39,"[상태 값 조건이 있는 if-elif-elif-else 있는 경우 클래스화 고려] : 93.4 점 👍,
[파일 열기, 닫기 시 with open(...) 사용] : 92.7 점 👍,
[유사한 변수명 통일] : 90.7 점 👍,
[매우 간결한 변환은 map 사용] : 34.8 점 🚨,
[README.md, pyproject.toml 필요] : 31.6 점 🚨 (답변 시작)", 전체 흐름을 놓고 보면 시작 방법을 알려 줄 README.md와 pyproject.toml이 필요해 보여요! 가능한 범위에서 설치 방법과 실행 환경을 적어 두면 처음 온 사람도 바로 출발할 수 있어요.  (답변 종료),1,145,104,41,6862575
302,4,6.82,"[의미 있는 함수명, 변수명 사용] : 98.9 점 👍,
[prefix, suffix 검사 시 startswith(), endswith() 사용] : 97.2 점 👍,
[if-elif-elif-else 구문은 되도록 dict로 수정] : 72.2 점,
[미 사용 변수/함수 제거] : 31.2 점 🚨,
[동일한 인수 집합을 갖는 함수가 많은 경우 클래스화 고려] : 23.2 점 🚨 (답변 시작)", 한 발 물러서서 보면 같은 설정을 계속 받는 함수가 여러 개예요! 이왕이면 공통 상태를 가진 객체로 묶으면 인자 전달이 가벼워지고 역할도 선명해져요.  (답변 종료),1,147,109,38,6862575
303,4,5.94,"[문자열 단순 연결보다는 f-string 사용] : 97.4 점 👍,
[함수의 인자가 유동적인 경우 처리 권장] : 83.8 점,
[유사한 이름의 함수끼리 가까이 위치하도록 수정 권장] : 68.4 점,
[매우 간결한 변환은 map 사용] : 68.1 점,
[enumerate 사용 가능한 경우 사용] : 36.0 점 🚨 (답변 시작)", 협업 관점에서 보면 반복문에서 번호를 직접 관리하고 있어요! 보너스처럼 순서와 값을 함께 쓸 때는 enumerate가 더 자연스럽고 안전해요. 🎈  (답변 종료),1,127,94,33,6862575
304,4,6.16,"[itertools.product 사용 가능한 경우 사용] : 92.3 점 👍,
[README.md, pyproject.toml 필요] : 90.9 점 👍,
[함수 인수 type hint 필요] : 90.4 점 👍,
[중복되는 사항 common 으로 빼기] : 88.9 점,
[str 단순 += 대신 join 사용] : 87.7 점 (답변 시작)", 한 발 물러서서 보면 문자열을 반복해서 더하고 있어요. 과감하게 조각을 많이 합칠 때는 join으로 모으면 성능과 의도가 함께 좋아져요. 🍀  (답변 종료),1,121,87,34,6862575
305,4,7.19,"[함수의 인자가 하나로 묶을 수 있는 경우 처리 권장] : 97.8 점 👍,
[동일한 인수 집합을 갖는 함수가 많은 경우 클래스화 고려] : 93.5 점 👍,
[if a.get(""b"") ... 형태로 수정 필요] : 40.9 점 🚨,
[import 순서 준수] : 12.0 점 🚨,
[함수 docstring, 함수명 의미 일치] : 1.5 점 🚨 (답변 시작)", 테스트하는 마음으로 보면 docstring과 함수 동작이 서로 다르게 읽혀요! 문맥을 확인하며 docstring과 함수가 약속한 역할을 맞추면 다음 사람이 안심하고 호출할 수 있어요! 🍀  (답변 종료),1,143,104,39,6862575
306,4,6.55,"[개수 세기에 count 함수 사용] : 99.5 점 👍,
[지나치게 많은 들여쓰기 수정] : 96.8 점 👍,
[enumerate 사용 가능한 경우 사용] : 90.8 점 👍,
[파일 단순 읽기/쓰기는 Path 사용] : 89.7 점,
[의미 있는 함수명, 변수명 사용] : 79.9 점 (답변 시작)", 코드의 표정을 읽어 보니 역할을 짐작하기 어려운 함수나 변수 이름이 보여요. 기분 좋게 무엇을 하는지 드러나는 이름으로 바꾸면 설명서 없이도 코드가 읽혀요.  (답변 종료),1,125,90,35,6862575
307,4,6.55,"[enumerate 사용 가능한 경우 사용] : 92.8 점 👍,
[파일 단순 읽기/쓰기는 Path 사용] : 92.2 점 👍,
[리스트 컴프리헨션 사용이 가능한 경우 사용] : 91.2 점 👍,
[매우 간결한 변환은 map 사용] : 79.5 점,
[if-elif-elif-else 구문은 되도록 dict로 수정] : 66.8 점 (답변 시작)", 작은 신호를 짚어 보니 조건 분기가 길게 늘어진 곳이 있어요. 이왕이면 값에 따른 선택이라면 dict 매핑으로 바꾸어 분기표를 단순하게 만들어 보세요!  (답변 종료),1,133,98,35,6862575
308,4,7.11,"[조건문 중첩 대신 any, all 사용] : 51.0 점 🚨,
[함수의 인수를 변경 가능한 default value로 하지 않아야 함] : 46.7 점 🚨,
[불필요한 print, logging 제거] : 44.5 점 🚨,
[빈도수, 반복문, 경로명 리스트 추출 시 collections, itertools, glob 사용] : 32.0 점 🚨,
[고정값 상수화 필요] : 17.4 점 🚨 (답변 시작)", 한 발 물러서서 보면 같은 고정값이 여러 곳에 흩어져 있어요! ✨ 이왕이면 의미 있는 상수 이름으로 꺼내 두면 정책을 바꿀 때 한 번에 손볼 수 있어요!  (답변 종료),1,148,110,38,6862575
309,4,8.38,"[한 줄의 길이는 일정 글자 이내로] : 99.0 점 👍,
[prefix, suffix 검사 시 startswith(), endswith() 사용] : 69.0 점,
[클래스 내부에서만 쓰이는 속성, 메서드 (접두사 있음) 호출 비 권장] : 48.9 점 🚨,
[함수의 인자가 하나로 묶을 수 있는 경우 처리 권장] : 35.9 점 🚨,
[함수의 인자가 유동적인 경우 처리 권장] : 16.8 점 🚨 (답변 시작)", 구현을 찬찬히 들여다보니 개수가 바뀔 수 있는 인수를 고정해 두고 있어요. 한 발 먼저 가변 인수는 *args나 **kwargs를 알맞게 쓰면 확장에 더 유연해져요!  (답변 종료),1,160,115,45,6862575
310,4,7.84,"[파일 열기, 닫기 시 with open(...) 사용] : 98.7 점 👍,
[prefix, suffix 검사 시 startswith(), endswith() 사용] : 96.4 점 👍,
[제너레이터 표현식 사용이 가능한 경우 사용] : 93.2 점 👍,
[인덱스 반환에 index 함수 사용] : 92.5 점 👍,
[f = lambda x: ... 보다는 def f(x): return ... 를 사용] : 70.7 점 (답변 시작)", 조금 거리를 두고 읽어 보면 이름이 필요한 동작이 lambda에 숨어 있어요! 손이 닿는 자리부터 재사용하거나 설명이 필요한 로직은 def로 꺼내면 디버깅과 테스트가 편해져요. 🍀  (답변 종료),1,150,108,42,6862575
311,4,5.82,"[함수 인수 type hint 필요] : 97.5 점 👍,
[동일 인자 type 통일] : 87.6 점,
[f = lambda x: ... 보다는 def f(x): return ... 를 사용] : 81.1 점,
[의미 있는 함수명, 변수명 사용] : 64.7 점,
[한 줄의 길이는 일정 글자 이내로] : 44.4 점 🚨 (답변 시작)", 가독성에 집중해 보면 한 줄이 너무 길게 이어지는 곳이 있어요. 가능한 범위에서 줄을 적당히 나누면 작은 화면에서도 흐름을 놓치지 않아요.  (답변 종료),1,124,93,31,6862575
312,4,6.73,"[고정값 상수화 필요] : 99.5 점 👍,
[import 순서 준수] : 97.9 점 👍,
[리스트 컴프리헨션 사용이 가능한 경우 사용] : 96.2 점 👍,
[매우 간결한 변환은 map 사용] : 91.8 점 👍,
[예외의 종류 (OOOError 등) 구체적 명시 권장] : 65.6 점 (답변 시작)", 작은 신호를 짚어 보니 너무 넓은 예외를 잡고 있어요. 🔍 가능한 범위에서 예상한 OOOError처럼 구체적인 예외만 잡으면 버그가 숨어버리지 않아요.  (답변 종료),1,127,91,36,6862575
313,4,6.59,"[제너레이터 표현식 사용이 가능한 경우 사용] : 91.9 점 👍,
[함수명, 반환값 간 일치] : 90.7 점 👍,
[enumerate 사용 가능한 경우 사용] : 51.7 점 🚨,
[if a.get(""b"") ... 형태로 수정 필요] : 44.4 점 🚨,
[유사한 변수명 통일] : 24.4 점 🚨 (답변 시작)", 코드의 표정을 읽어 보니 비슷한 역할의 변수 이름이 제각각이에요. 손이 닿는 자리부터 같은 개념에는 같은 이름 규칙을 쓰면 읽는 속도가 훨씬 빨라져요.  (답변 종료),1,132,97,35,6862575
314,4,6.6,"[a = my_list[0], b = my_list[1] ... 대신 unpacking 사용 필요] : 77.1 점,
[함수의 인자가 하나로 묶을 수 있는 경우 처리 권장] : 75.8 점,
[if-elif-elif-else 구문은 되도록 dict로 수정] : 66.8 점,
[zip 사용 가능한 경우 사용] : 66.1 점,
[파일 열기, 닫기 시 with open(...) 사용] : 63.0 점 (답변 시작)", 코드의 표정을 읽어 보니 파일을 열고 닫는 일을 직접 관리하고 있어요. 이번 수정에서는 with open(...)으로 감싸면 예외가 나도 파일이 안전하게 닫혀요.  (답변 종료),1,146,111,35,6862575
315,4,6.91,"[if a.get(""b"") ... 형태로 수정 필요] : 73.1 점,
[함수 인수 type hint 필요] : 53.3 점 🚨,
[중복되는 사항 common 으로 빼기] : 24.8 점 🚨,
[if-elif-elif-else 구문은 되도록 dict로 수정] : 10.5 점 🚨,
[함수명, 반환값 간 일치] : 5.1 점 🚨 (답변 시작)", 개발자 입장에서 보면 함수 이름과 반환값의 약속이 어긋나는 곳이 있어요. 이 기회에 반환하는 값을 이름에 맞추면 호출부에서 예상이 빗나가지 않아요! 🐣  (답변 종료),1,140,103,37,6862575
316,4,7.65,"[클래스 내부에서만 쓰이는 속성, 메서드 (접두사 있음) 호출 비 권장] : 88.2 점,
[인덱스 반환에 index 함수 사용] : 80.9 점,
[중복되는 사항 common 으로 빼기] : 19.3 점 🚨,
[불필요한 print, logging 제거] : 7.3 점 🚨,
[함수명, 반환값 간 일치] : 7.1 점 🚨 (답변 시작)", 구현을 찬찬히 들여다보니 함수 이름과 반환값의 약속이 어긋나는 곳이 있어요. 다음 변경 전에 반환하는 값을 이름에 맞추면 호출부에서 예상이 빗나가지 않아요. 🙌  (답변 종료),1,143,102,41,6862575
317,4,6.91,"[함수 인수 type hint 필요] : 98.6 점 👍,
[100 line 이상 함수 분리, docstring 필요] : 96.2 점 👍,
[import 순서 준수] : 40.6 점 🚨,
[a = my_list[0], b = my_list[1] ... 대신 unpacking 사용 필요] : 27.6 점 🚨,
[if a.get(""b"") ... 형태로 수정 필요] : 13.9 점 🚨 (답변 시작)"," 전체 흐름을 놓고 보면 딕셔너리 키를 꺼내는 과정이 장황해요. 차례대로 a.get(""b"")처럼 안전하게 꺼내면 누락된 키에서도 흐름이 부드러워요.  (답변 종료)",1,142,105,37,6862575
318,4,7.29,"[주석 처리된 코드 제거] : 97.6 점 👍,
[예외를 삼키는 경우가 없어야 함] : 97.2 점 👍,
[기존 배열의 원소 추가 대신 extend 함수 사용] : 93.8 점 👍,
[a = my_list[0], b = my_list[1] ... 대신 unpacking 사용 필요] : 77.4 점,
[동일한 인수 집합을 갖는 함수가 많은 경우 클래스화 고려] : 64.4 점 (답변 시작)", 전체 흐름을 놓고 보면 같은 설정을 계속 받는 함수가 여러 개예요! 이왕이면 공통 상태를 가진 객체로 묶으면 인자 전달이 가벼워지고 역할도 선명해져요. 🌈  (답변 종료),1,146,107,39,6862575
319,4,6.01,"[매우 간결한 변환은 map 사용] : 98.4 점 👍,
[지나치게 많은 들여쓰기 수정] : 96.1 점 👍,
[함수의 인자가 유동적인 경우 처리 권장] : 91.1 점 👍,
[파일 열기, 닫기 시 with open(...) 사용] : 57.8 점 🚨,
[itertools.product 사용 가능한 경우 사용] : 5.5 점 🚨 (답변 시작)", 협업 관점에서 보면 조합을 만들려고 중첩 반복문을 쓰고 있어요. 과감하게 모든 조합이 필요할 때는 itertools.product로 의도를 또렷하게 드러내요!  (답변 종료),1,130,98,32,6862575
320,4,5.99,"[중복되는 사항 common 으로 빼기] : 95.5 점 👍,
[제너레이터 표현식 사용이 가능한 경우 사용] : 90.8 점 👍,
[인덱스 반환에 index 함수 사용] : 74.5 점,
[매우 간결한 변환은 map 사용] : 48.1 점 🚨,
[itertools.product 사용 가능한 경우 사용] : 34.6 점 🚨 (답변 시작)", 천천히 살펴보면 조합을 만들려고 중첩 반복문을 쓰고 있어요. 한 번에 모든 조합이 필요할 때는 itertools.product로 의도를 또렷하게 드러내요.  (답변 종료),1,128,96,32,6862575
321,4,6.72,"[인덱스 반환에 index 함수 사용] : 92.8 점 👍,
[비어 있는 문자열 여부 판단 간소화] : 84.5 점,
[문자열 단순 연결보다는 f-string 사용] : 71.7 점,
[기존 배열의 원소 추가 대신 extend 함수 사용] : 43.5 점 🚨,
[의미 있는 함수명, 변수명 사용] : 24.7 점 🚨 (답변 시작)", 한 발 물러서서 보면 역할을 짐작하기 어려운 함수나 변수 이름이 보여요. 가능한 범위에서 무엇을 하는지 드러나는 이름으로 바꾸면 설명서 없이도 코드가 읽혀요.  (답변 종료),1,130,94,36,6862575
322,4,7.15,"[prefix, suffix 검사 시 startswith(), endswith() 사용] : 94.4 점 👍,
[동일 인자 type 통일] : 91.8 점 👍,
[불필요한 print, logging 제거] : 91.2 점 👍,
[key=itemgetter(""key"") 사용 권장] : 91.0 점 👍,
[f = lambda x: ... 보다는 def f(x): return ... 를 사용] : 61.8 점 (답변 시작)", 다시 살펴보니 이름이 필요한 동작이 lambda에 숨어 있어요. 🔍 한 발 먼저 재사용하거나 설명이 필요한 로직은 def로 꺼내면 디버깅과 테스트가 편해져요.  (답변 종료),1,137,99,38,6862575
323,4,6.92,"[함수명, 반환값 간 일치] : 92.8 점 👍,
[README.md, pyproject.toml 필요] : 86.7 점,
[경로를 path/to/file 이 아닌, pathlib 또는 os.path.join 사용] : 77.2 점,
[함수 인수 type hint 필요] : 68.1 점,
[파일 열기, 닫기 시 with open(...) 사용] : 5.4 점 🚨 (답변 시작)", 한 발 물러서서 보면 파일을 열고 닫는 일을 직접 관리하고 있어요. 가능하다면 with open(...)으로 감싸면 예외가 나도 파일이 안전하게 닫혀요. 🎈  (답변 종료),1,135,98,37,6862575
324,4,7.1,"[assertion을 제어 메커니즘으로 사용하면 안됨] : 98.2 점 👍,
[빈도수, 반복문, 경로명 리스트 추출 시 collections, itertools, glob 사용] : 93.5 점 👍,
[중복되는 사항 common 으로 빼기] : 92.3 점 👍,
[인덱스 반환에 index 함수 사용] : 91.0 점 👍,
[함수 인수 type hint 필요] : 67.7 점 (답변 시작)", 한 발 물러서서 보면 함수 인수의 type hint가 비어 있어요! 문맥을 확인하며 인수에 type hint를 달아 두면 들어오는 데이터가 무엇인지 바로 알 수 있어요.  (답변 종료),1,139,101,38,6862575
325,4,6.56,"[함수명, 반환값 간 일치] : 100.0 점 👍,
[클래스 내부에서만 쓰이는 속성, 메서드 (접두사 있음) 호출 비 권장] : 78.1 점,
[함수의 인자가 유동적인 경우 처리 권장] : 61.2 점,
[매우 간결한 변환은 map 사용] : 42.3 점 🚨,
[고정값 상수화 필요] : 24.6 점 🚨 (답변 시작)", 전체 흐름을 놓고 보면 같은 고정값이 여러 곳에 흩어져 있어요. 이왕이면 의미 있는 상수 이름으로 꺼내 두면 정책을 바꿀 때 한 번에 손볼 수 있어요.  (답변 종료),1,136,101,35,6862575
326,4,7.28,"[예외를 삼키는 경우가 없어야 함] : 73.0 점,
[a = my_list[0], b = my_list[1] ... 대신 unpacking 사용 필요] : 72.6 점,
[if-elif-elif-else 구문은 되도록 dict로 수정] : 67.7 점,
[매우 간결한 변환은 map 사용] : 50.2 점 🚨,
[미 사용 변수/함수 제거] : 49.0 점 🚨 (답변 시작)", 한 발 물러서서 보면 쓰이지 않는 변수나 함수가 남아 있네요. 의도를 적어 두듯 참조되지 않는 선언을 걷어 내면 핵심 로직만 또렷하게 남아요.  (답변 종료),1,147,108,39,6862575
327,4,5.46,"[매우 간결한 변환은 map 사용] : 97.3 점 👍,
[조건문 중첩 대신 any, all 사용] : 92.2 점 👍,
[유사한 변수명 통일] : 91.5 점 👍,
[기존 배열의 원소 추가 대신 extend 함수 사용] : 67.2 점,
[한 줄의 길이는 일정 글자 이내로] : 6.5 점 🚨 (답변 시작)", 파일의 흐름을 따라가 보니 한 줄이 너무 길게 이어지는 곳이 있어요. 안전하게 줄을 적당히 나누면 작은 화면에서도 흐름을 놓치지 않아요!  (답변 종료),1,121,92,29,6862575
328,4,6.55,"[assertion을 제어 메커니즘으로 사용하면 안됨] : 92.8 점 👍,
[동일한 인수 집합을 갖는 함수가 많은 경우 클래스화 고려] : 79.6 점,
[함수 docstring, 함수명 의미 일치] : 77.1 점,
[클래스 내부에서만 쓰이는 속성, 메서드 (접두사 있음) 호출 비 권장] : 72.9 점,
[파일 단순 읽기/쓰기는 Path 사용] : 4.2 점 🚨 (답변 시작)", 이번 리뷰에서는 간단한 파일 작업이 장황하게 처리되고 있어요! 과감하게 Path의 읽기와 쓰기 메서드를 쓰면 파일 작업이 짧고 단단해져요. 🍀  (답변 종료),1,141,106,35,6862575
329,4,7.11,"[동일 인자 type 통일] : 97.2 점 👍,
[함수의 인자가 유동적인 경우 처리 권장] : 92.7 점 👍,
[제너레이터 표현식 사용이 가능한 경우 사용] : 75.9 점,
[언패킹 시 숫자 인덱스 사용하지 말 것 (변수에 바로 할당)] : 65.8 점,
[함수명, 반환값 간 일치] : 63.1 점 (답변 시작)", 코드의 표정을 읽어 보니 함수 이름과 반환값의 약속이 어긋나는 곳이 있어요. 다음 커밋에서 반환하는 값을 이름에 맞추면 호출부에서 예상이 빗나가지 않아요! 🔍  (답변 종료),1,135,97,38,6862575
330,4,8.0,"[상태 값 조건이 있는 if-elif-elif-else 있는 경우 클래스화 고려] : 98.1 점 👍,
[불필요한 변수 생성 대신 defaultdict 권장] : 96.6 점 👍,
[import 순서 준수] : 93.5 점 👍,
[예외의 종류 (OOOError 등) 구체적 명시 권장] : 93.3 점 👍,
[함수의 인자가 하나로 묶을 수 있는 경우 처리 권장] : 44.4 점 🚨 (답변 시작)", 한 발 물러서서 보면 함께 움직이는 인수가 따로따로 전달되고 있어요! 필요한 곳부터 함께 쓰는 값을 객체나 dataclass로 묶으면 호출부가 훨씬 덜 복잡해져요! 💫  (답변 종료),1,150,107,43,6862575
331,4,7.27,"[enumerate 사용 가능한 경우 사용] : 95.6 점 👍,
[함수 docstring, 함수명 의미 일치] : 93.4 점 👍,
[f = lambda x: ... 보다는 def f(x): return ... 를 사용] : 85.3 점,
[중복되는 사항 common 으로 빼기] : 54.7 점 🚨,
[고정값 상수화 필요] : 46.6 점 🚨 (답변 시작)", 한 발 물러서서 보면 같은 고정값이 여러 곳에 흩어져 있어요. 조금만 시간을 내서 의미 있는 상수 이름으로 꺼내 두면 정책을 바꿀 때 한 번에 손볼 수 있어요. 🌈  (답변 종료),1,137,98,39,6862575
332,4,6.47,"[정규 표현식 문자열은 r""..."" 권장] : 98.7 점 👍,
[동일한 인수 집합을 갖는 함수가 많은 경우 클래스화 고려] : 91.2 점 👍,
[동일 인자 type 통일] : 69.9 점,
[Python 예약어를 변수명으로 사용하지 않아야 함] : 68.1 점,
[의미 있는 함수명, 변수명 사용] : 6.8 점 🚨 (답변 시작)", 다음 커밋을 생각해 보면 역할을 짐작하기 어려운 함수나 변수 이름이 보여요. 이왕이면 무엇을 하는지 드러나는 이름으로 바꾸면 설명서 없이도 코드가 읽혀요.  (답변 종료),1,133,97,36,6862575
333,4,6.47,"[itertools.product 사용 가능한 경우 사용] : 85.4 점,
[파일 단순 읽기/쓰기는 Path 사용] : 82.8 점,
[유사한 변수명 통일] : 80.2 점,
[예외의 종류 (OOOError 등) 구체적 명시 권장] : 69.6 점,
[동일한 인수 집합을 갖는 함수가 많은 경우 클래스화 고려] : 64.8 점 (답변 시작)", 작은 신호를 짚어 보니 같은 설정을 계속 받는 함수가 여러 개예요. 과감하게 공통 상태를 클래스로 나누면 인자 전달이 가벼워지고 역할도 선명해져요.  (답변 종료),1,131,95,36,6862575
334,4,7.36,"[assertion을 제어 메커니즘으로 사용하면 안됨] : 99.0 점 👍,
[주석 처리된 코드 제거] : 93.0 점 👍,
[함수명, 반환값 간 일치] : 91.4 점 👍,
[zip 사용 가능한 경우 사용] : 88.2 점,
[제너레이터 표현식 사용이 가능한 경우 사용] : 74.7 점 (답변 시작)", 실행 경로를 훑어보니 한 번만 쓸 중간 목록이 만들어지고 있어요. 🎈 가볍게 한 번만 순회한다면 제너레이터 표현식으로 메모리를 아껴 볼 만해요! 🐣  (답변 종료),1,131,90,41,6862575
335,4,5.97,"[zip 사용 가능한 경우 사용] : 86.1 점,
[한 줄의 길이는 일정 글자 이내로] : 83.5 점,
[언패킹 시 숫자 인덱스 사용하지 말 것 (변수에 바로 할당)] : 67.9 점,
[주석 처리된 코드 제거] : 17.7 점 🚨,
[중복되는 사항 common 으로 빼기] : 0.6 점 🚨 (답변 시작)", 유지보수 시선으로 보면 같은 처리가 여러 곳에서 반복되고 있어요. 다음 변경 전에 공통 동작을 한곳으로 모으면 수정할 때 놓칠 구석이 줄어요.  (답변 종료),1,129,96,33,6862575
336,4,7.01,"[한 줄의 길이는 일정 글자 이내로] : 91.8 점 👍,
[상태 값 조건이 있는 if-elif-elif-else 있는 경우 클래스화 고려] : 91.7 점 👍,
[파일 단순 읽기/쓰기는 Path 사용] : 90.2 점 👍,
[제너레이터 표현식 사용이 가능한 경우 사용] : 7.6 점 🚨,
[key=itemgetter(""key"") 사용 권장] : 4.6 점 🚨 (답변 시작)"," 천천히 살펴보면 정렬 키를 lambda로 길게 꺼내고 있어요. 안전하게 딕셔너리 키로 정렬할 때는 itemgetter(""key"")가 더 간결하게 뜻을 전해요. ✨  (답변 종료)",1,145,106,39,6862575
337,4,6.48,"[클래스 내부에서만 쓰이는 속성, 메서드 (접두사 있음) 호출 비 권장] : 93.9 점 👍,
[enumerate 사용 가능한 경우 사용] : 86.9 점,
[주석 처리된 코드 제거] : 72.3 점,
[상태 값 조건이 있는 if-elif-elif-else 있는 경우 클래스화 고려] : 30.9 점 🚨,
[중복되는 사항 common 으로 빼기] : 5.2 점 🚨 (답변 시작)", 한 발 물러서서 보면 같은 처리가 여러 곳에서 반복되고 있어요! ✨ 한 번에 공통 동작을 클래스로 나누면 수정할 때 놓칠 구석이 줄어요.  (답변 종료),1,145,109,36,6862575
338,4,7.36,"[상태 값 조건이 있는 if-elif-elif-else 있는 경우 클래스화 고려] : 98.8 점 👍,
[주석 처리된 코드 제거] : 92.3 점 👍,
[빈 파일 TODO 표시 필요] : 91.7 점 👍,
[예외를 삼키는 경우가 없어야 함] : 24.3 점 🚨,
[key=itemgetter(""key"") 사용 권장] : 11.6 점 🚨 (답변 시작)"," 전체 흐름을 놓고 보면 정렬 키를 lambda로 길게 꺼내고 있어요! 한 발 먼저 딕셔너리 키로 정렬할 때는 itemgetter(""key"")가 더 간결하게 뜻을 전해요.  (답변 종료)",1,141,100,41,6862575
339,4,6.48,"[prefix, suffix 검사 시 startswith(), endswith() 사용] : 99.0 점 👍,
[if a.get(""b"") ... 형태로 수정 필요] : 98.8 점 👍,
[비어 있는 문자열 여부 판단 간소화] : 92.8 점 👍,
[예외의 종류 (OOOError 등) 구체적 명시 권장] : 61.4 점,
[함수 docstring, 함수명 의미 일치] : 28.2 점 🚨 (답변 시작)", 이 파일을 읽다 보면 docstring과 함수 동작이 서로 다르게 읽혀요. 가능하다면 docstring과 함수가 약속한 역할을 맞추면 다음 사람이 안심하고 호출할 수 있어요!  (답변 종료),1,140,104,36,6862575
340,4,7.0,"[한 줄의 길이는 일정 글자 이내로] : 94.5 점 👍,
[주석 처리된 코드 제거] : 90.2 점 👍,
[예외의 종류 (OOOError 등) 구체적 명시 권장] : 71.1 점,
[100 line 이상 함수 분리, docstring 필요] : 45.0 점 🚨,
[숫자 값은 위쪽에 상수로] : 35.9 점 🚨 (답변 시작)", 한 발 물러서서 보면 로직 사이에 매직 넘버가 숨어 있어요! 가능한 범위에서 매직 넘버를 파일 위쪽의 상수로 올리면 숫자가 왜 필요한지 바로 보여요! ✨  (답변 종료),1,135,96,39,6862575
341,4,6.15,"[README.md, pyproject.toml 필요] : 94.8 점 👍,
[숫자 값은 위쪽에 상수로] : 91.3 점 👍,
[지나치게 많은 들여쓰기 수정] : 91.1 점 👍,
[상태 값 조건이 있는 if-elif-elif-else 있는 경우 클래스화 고려] : 86.2 점,
[itertools.product 사용 가능한 경우 사용] : 4.5 점 🚨 (답변 시작)", 코드의 표정을 읽어 보니 조합을 만들려고 중첩 반복문을 쓰고 있어요. 이왕이면 모든 조합이 필요할 때는 itertools.product로 의도를 또렷하게 드러내요!  (답변 종료),1,133,99,34,6862575
342,4,6.33,"[함수명, 반환값 간 일치] : 99.7 점 👍,
[지나치게 많은 들여쓰기 수정] : 88.5 점,
[동일 인자 type 통일] : 83.6 점,
[숫자 값은 위쪽에 상수로] : 66.2 점,
[zip 사용 가능한 경우 사용] : 0.1 점 🚨 (답변 시작)", 코드의 표정을 읽어 보니 두 목록을 인덱스로 따로 읽고 있어요. 리뷰 메모를 따라 나란히 읽는 값들은 zip으로 묶어 주면 인덱스 실수를 막을 수 있어요.  (답변 종료),1,118,83,35,6862575
343,4,5.97,"[정규 표현식 문자열은 r""..."" 권장] : 99.1 점 👍,
[숫자 값은 위쪽에 상수로] : 94.4 점 👍,
[동일 인자 type 통일] : 91.0 점 👍,
[예외의 종류 (OOOError 등) 구체적 명시 권장] : 79.8 점,
[인덱스 반환에 index 함수 사용] : 74.5 점 (답변 시작)", 테스트하는 마음으로 보면 위치를 찾기 위해 직접 반복하고 있어요! 필요한 곳부터 첫 위치가 필요할 때는 index를 쓰면 목적이 바로 보입니다. 🚀  (답변 종료),1,125,92,33,6862575
344,4,6.5,"[클래스 내부에서만 쓰이는 속성, 메서드 (접두사 있음) 호출 비 권장] : 99.6 점 👍,
[f = lambda x: ... 보다는 def f(x): return ... 를 사용] : 97.7 점 👍,
[고정값 상수화 필요] : 90.0 점 👍,
[인덱스 반환에 index 함수 사용] : 65.9 점,
[import 순서 준수] : 62.9 점 (답변 시작)", 코드 산책을 하다 보니 import 배치가 섞여 있어요. 🎈 가볍게 표준 라이브러리와 외부 패키지와 내부 모듈을 차례로 정리하면 시작 화면이 말끔해져요! 💫  (답변 종료),1,136,100,36,6862575
345,4,6.49,"[유사한 이름의 함수끼리 가까이 위치하도록 수정 권장] : 91.6 점 👍,
[import 순서 준수] : 81.3 점,
[경로를 path/to/file 이 아닌, pathlib 또는 os.path.join 사용] : 46.7 점 🚨,
[고정값 상수화 필요] : 21.4 점 🚨,
[지나치게 많은 들여쓰기 수정] : 1.2 점 🚨 (답변 시작)", 이번 리뷰에서는 들여쓰기 단계가 깊어 흐름을 따라가기 어려워요. 가능하다면 작은 함수로 쪼개거나 빠른 반환을 쓰면 조건의 미로가 얕아져요.  (답변 종료),1,133,97,36,6862575
346,4,5.6,"[주석 처리된 코드 제거] : 97.3 점 👍,
[함수의 인자가 하나로 묶을 수 있는 경우 처리 권장] : 89.2 점,
[불필요한 변수 생성 대신 defaultdict 권장] : 67.0 점,
[예외의 종류 (OOOError 등) 구체적 명시 권장] : 62.7 점,
[한 줄의 길이는 일정 글자 이내로] : 38.6 점 🚨 (답변 시작)", 가독성에 집중해 보면 한 줄이 너무 길게 이어지는 곳이 있어요. 가능한 범위에서 줄을 적당히 나누면 작은 화면에서도 흐름을 놓치지 않아요.  (답변 종료),1,129,98,31,6862575
347,4,7.37,"[상태 값 조건이 있는 if-elif-elif-else 있는 경우 클래스화 고려] : 90.0 점 👍,
[인덱스 반환에 index 함수 사용] : 75.5 점,
[a = my_list[0], b = my_list[1] ... 대신 unpacking 사용 필요] : 52.1 점 🚨,
[함수의 인자가 유동적인 경우 처리 권장] : 20.4 점 🚨,
[조건문 중첩 대신 any, all 사용] : 18.8 점 🚨 (답변 시작)", 이 파일을 읽다 보면 조건문이 여러 겹으로 겹쳐 있어요! 한 발 먼저 여러 조건의 존재 여부는 any나 all에 맡기면 뜻이 훨씬 또렷해져요. ✨  (답변 종료),1,159,118,41,6862575
348,4,6.63,"[한 줄의 길이는 일정 글자 이내로] : 98.3 점 👍,
[제너레이터 표현식 사용이 가능한 경우 사용] : 86.9 점,
[클래스 내부에서만 쓰이는 속성, 메서드 (접두사 있음) 호출 비 권장] : 81.1 점,
[개수 세기에 count 함수 사용] : 71.4 점,
[유사한 이름의 함수끼리 가까이 위치하도록 수정 권장] : 67.9 점 (답변 시작)", 코드의 표정을 읽어 보니 비슷한 이름의 함수가 파일 곳곳에 흩어져 있어요! 손이 닿는 자리부터 비슷한 역할의 함수를 가까이 두면 탐색 시간이 줄고 파일 구조가 자연스러워져요.  (답변 종료),1,139,102,37,6862575
349,4,6.32,"[한 줄의 길이는 일정 글자 이내로] : 98.8 점 👍,
[함수의 인자가 유동적인 경우 처리 권장] : 91.6 점 👍,
[제너레이터 표현식 사용이 가능한 경우 사용] : 86.9 점,
[기존 배열의 원소 추가 대신 extend 함수 사용] : 64.9 점,
[중복되는 사항 common 으로 빼기] : 6.7 점 🚨 (답변 시작)", 코드의 표정을 읽어 보니 같은 처리가 여러 곳에서 반복되고 있어요. 손이 닿는 자리부터 공통 동작을 한곳으로 모으면 수정할 때 놓칠 구석이 줄어요.  (답변 종료),1,132,97,35,6862575
350,4,6.12,"[함수 docstring, 함수명 의미 일치] : 97.6 점 👍,
[주석 처리된 코드 제거] : 96.5 점 👍,
[경로를 path/to/file 이 아닌, pathlib 또는 os.path.join 사용] : 95.5 점 👍,
[동일한 인수 집합을 갖는 함수가 많은 경우 클래스화 고려] : 50.9 점 🚨,
[유사한 변수명 통일] : 39.9 점 🚨 (답변 시작)", 다시 살펴보니 유사한 역할의 변수 이름이 제각각이에요. 한 발 먼저 같은 개념에는 같은 이름 규칙을 쓰면 읽는 속도가 훨씬 빨라져요. 🎈  (답변 종료),1,137,103,34,6862575
351,4,6.53,"[개수 세기에 count 함수 사용] : 96.3 점 👍,
[key=itemgetter(""key"") 사용 권장] : 94.3 점 👍,
[숫자 값은 위쪽에 상수로] : 25.3 점 🚨,
[함수명, 반환값 간 일치] : 6.8 점 🚨,
[a = my_list[0], b = my_list[1] ... 대신 unpacking 사용 필요] : 0.3 점 🚨 (답변 시작)", 유지보수 시선으로 보면 목록의 원소를 하나씩 꺼내고 있어요. 살펴본 김에 정해진 순서의 값은 unpacking으로 풀어 주면 한 번에 읽혀요. 🍀  (답변 종료),1,142,106,36,6862575
352,4,5.96,"[중복되는 사항 common 으로 빼기] : 99.5 점 👍,
[문자열 단순 연결보다는 f-string 사용] : 95.1 점 👍,
[파일 단순 읽기/쓰기는 Path 사용] : 93.8 점 👍,
[prefix, suffix 검사 시 startswith(), endswith() 사용] : 83.6 점,
[유사한 변수명 통일] : 18.2 점 🚨 (답변 시작)", 한 발 물러서서 보면 비슷한 역할의 변수 이름이 제각각이에요. 천천히 같은 개념에는 같은 이름 규칙을 쓰면 읽는 속도가 훨씬 빨라져요!  (답변 종료),1,130,97,33,6862575
353,4,5.45,"[함수의 인자가 하나로 묶을 수 있는 경우 처리 권장] : 96.3 점 👍,
[고정값 상수화 필요] : 91.9 점 👍,
[동일한 인수 집합을 갖는 함수가 많은 경우 클래스화 고려] : 54.4 점 🚨,
[조건문 중첩 대신 any, all 사용] : 7.6 점 🚨,
[한 줄의 길이는 일정 글자 이내로] : 3.1 점 🚨 (답변 시작)", 실행 경로를 훑어보니 한 줄이 너무 길게 이어지는 곳이 있어요. 과감하게 줄을 적당히 나누면 작은 화면에서도 흐름을 놓치지 않아요.  (답변 종료),1,134,104,30,6862575
354,4,7.52,"[상태 값 조건이 있는 if-elif-elif-else 있는 경우 클래스화 고려] : 99.6 점 👍,
[지나치게 많은 들여쓰기 수정] : 94.8 점 👍,
[str 단순 += 대신 join 사용] : 77.0 점,
[리스트 컴프리헨션 사용이 가능한 경우 사용] : 69.6 점,
[key=itemgetter(""key"") 사용 권장] : 5.4 점 🚨 (답변 시작)"," 개발자 입장에서 보면 정렬 키를 lambda로 길게 꺼내고 있어요. 🔍 한 발 먼저 딕셔너리 키로 정렬할 때는 itemgetter(""key"")가 더 간결하게 뜻을 전해요.  (답변 종료)",1,141,99,42,6862575
355,4,6.84,"[중복되는 사항 common 으로 빼기] : 94.4 점 👍,
[매우 간결한 변환은 map 사용] : 93.3 점 👍,
[zip 사용 가능한 경우 사용] : 65.2 점,
[f = lambda x: ... 보다는 def f(x): return ... 를 사용] : 19.1 점 🚨,
[조건문 중첩 대신 any, all 사용] : 18.8 점 🚨 (답변 시작)", 유지보수 시선으로 보면 조건문이 여러 겹으로 겹쳐 있어요! 손이 닿는 자리부터 여러 조건의 존재 여부는 any나 all에 맡기면 뜻이 훨씬 또렷해져요.  (답변 종료),1,138,100,38,6862575
356,4,7.52,"[f = lambda x: ... 보다는 def f(x): return ... 를 사용] : 94.7 점 👍,
[prefix, suffix 검사 시 startswith(), endswith() 사용] : 94.5 점 👍,
[a = my_list[0], b = my_list[1] ... 대신 unpacking 사용 필요] : 83.8 점,
[지나치게 많은 들여쓰기 수정] : 29.1 점 🚨,
[동일 인자 type 통일] : 10.6 점 🚨 (답변 시작)", 리뷰 돋보기를 대 보니 같은 의미의 인수에서 type 표기가 통일되지 않았어요. 한 호흡 쉬고 인수의 type을 한 방식으로 맞추면 호출하는 쪽도 덜 헷갈려요. 🌈  (답변 종료),1,155,113,42,6862575
357,4,7.44,"[중복되는 사항 common 으로 빼기] : 67.3 점,
[불필요한 print, logging 제거] : 35.6 점 🚨,
[정규 표현식 문자열은 r""..."" 권장] : 35.2 점 🚨,
[동일한 인수 집합을 갖는 함수가 많은 경우 클래스화 고려] : 29.7 점 🚨,
[불필요한 변수 생성 대신 defaultdict 권장] : 2.6 점 🚨 (답변 시작)", 한 발 물러서서 보면 키별 초기화를 직접 반복하고 있어요. 이왕이면 키별로 값을 모을 때는 defaultdict를 쓰면 분기와 보일러플레이트가 줄어들어요. 📌  (답변 종료),1,142,102,40,6862575
358,4,6.02,"[조건문 중첩 대신 any, all 사용] : 95.2 점 👍,
[예외를 삼키는 경우가 없어야 함] : 94.4 점 👍,
[함수의 인수를 변경 가능한 default value로 하지 않아야 함] : 93.7 점 👍,
[key=itemgetter(""key"") 사용 권장] : 64.5 점,
[str 단순 += 대신 join 사용] : 49.4 점 🚨 (답변 시작)", 다시 살펴보니 문자열 반복을 더하고 있어요! 손이 닿는 자리부터 조각을 많이 합칠 때는 join으로 모으면 성능과 의도가 함께 좋아져요.  (답변 종료),1,129,96,33,6862575
359,4,6.93,"[파일 열기, 닫기 시 with open(...) 사용] : 92.8 점 👍,
[불필요한 변수 생성 대신 defaultdict 권장] : 85.3 점,
[함수의 인자가 하나로 묶을 수 있는 경우 처리 권장] : 50.6 점 🚨,
[100 line 이상 함수 분리, docstring 필요] : 18.0 점 🚨,
[함수 인수 type hint 필요] : 17.4 점 🚨 (답변 시작)", 파일의 흐름을 따라가 보니 함수의 인수가 type hint 없이 전달되고 있어요. 한 발 먼저 인수에 type hint를 달아 두면 들어오는 데이터가 무엇인지 바로 알 수 있어요!  (답변 종료),1,138,101,37,6862575
360,4,7.16,"[함수 docstring, 함수명 의미 일치] : 99.5 점 👍,
[import 순서 준수] : 96.7 점 👍,
[미 사용 변수/함수 제거] : 62.3 점,
[상태 값 조건이 있는 if-elif-elif-else 있는 경우 클래스화 고려] : 16.8 점 🚨,
[동일한 인수 집합을 갖는 함수가 많은 경우 클래스화 고려] : 2.5 점 🚨 (답변 시작)", 한 발 물러서서 보면 같은 설정을 계속 받는 함수가 여러 개예요. 지금 바로 공통 상태를 가진 객체로 묶으면 인자 전달이 가벼워지고 역할도 선명해져요.  (답변 종료),1,140,102,38,6862575
361,4,7.47,"[100 line 이상 함수 분리, docstring 필요] : 98.7 점 👍,
[비어 있는 문자열 여부 판단 간소화] : 91.4 점 👍,
[리스트 컴프리헨션 사용이 가능한 경우 사용] : 79.1 점,
[언패킹 시 숫자 인덱스 사용하지 말 것 (변수에 바로 할당)] : 73.2 점,
[함수의 인수를 변경 가능한 default value로 하지 않아야 함] : 60.0 점 (답변 시작)", 코드의 표정을 읽어 보니 기본 인수에 리스트나 딕셔너리를 넣고 있어요. 문맥을 확인하며 리스트나 딕셔너리는 None으로 두고 함수 안에서 만들면 호출 사이에 상태가 섞이지 않아요!  (답변 종료),1,144,104,40,6862575
362,4,6.75,"[파일 열기, 닫기 시 with open(...) 사용] : 98.9 점 👍,
[유사한 이름의 함수끼리 가까이 위치하도록 수정 권장] : 97.0 점 👍,
[매우 간결한 변환은 map 사용] : 96.6 점 👍,
[경로를 path/to/file 이 아닌, pathlib 또는 os.path.join 사용] : 81.9 점,
[동일한 인수 집합을 갖는 함수가 많은 경우 클래스화 고려] : 66.4 점 (답변 시작)", 다시 살펴보니 동일한 설정을 계속 받는 함수가 여러 개예요. 다음 커밋에서 공통 상태를 가진 객체로 묶으면 인자 전달이 가벼워지고 역할도 선명해져요!  (답변 종료),1,144,108,36,6862575
363,4,7.48,"[a = my_list[0], b = my_list[1] ... 대신 unpacking 사용 필요] : 99.4 점 👍,
[함수 인수 type hint 필요] : 93.4 점 👍,
[클래스 내부에서만 쓰이는 속성, 메서드 (접두사 있음) 호출 비 권장] : 90.8 점 👍,
[함수의 인수를 변경 가능한 default value로 하지 않아야 함] : 34.5 점 🚨,
[불필요한 변수 생성 대신 defaultdict 권장] : 5.5 점 🚨 (답변 시작)", 개발자 입장에서 보면 키별 초기화를 직접 반복하고 있어요. 🚀 가볍게 키별로 값을 모을 때는 defaultdict를 쓰면 분기와 보일러플레이트가 줄어들어요. 🙌  (답변 종료),1,158,118,40,6862575
364,4,8.05,"[함수명, 반환값 간 일치] : 94.9 점 👍,
[enumerate 사용 가능한 경우 사용] : 87.9 점,
[if a.get(""b"") ... 형태로 수정 필요] : 81.3 점,
[zip 사용 가능한 경우 사용] : 67.0 점,
[상태 값 조건이 있는 if-elif-elif-else 있는 경우 클래스화 고려] : 51.8 점 🚨 (답변 시작)", 차분히 검토해 보니 상태에 따라 갈라지는 조건문이 길게 이어져요. 한 발 먼저 상태별 동작을 클래스로 나누면 새 상태를 더할 때 기존 조건문을 덜 건드려도 돼요!  (답변 종료),1,142,99,43,6862575
365,4,8.0,"[함수의 인수를 변경 가능한 default value로 하지 않아야 함] : 91.3 점 👍,
[유사한 이름의 함수끼리 가까이 위치하도록 수정 권장] : 91.2 점 👍,
[itertools.product 사용 가능한 경우 사용] : 82.5 점,
[enumerate 사용 가능한 경우 사용] : 81.7 점,
[상태 값 조건이 있는 if-elif-elif-else 있는 경우 클래스화 고려] : 59.4 점 🚨 (답변 시작)", 다음 커밋을 생각해 보면 상태에 따라 갈라지는 조건문이 길게 이어져요. 한 발 먼저 상태별 동작을 클래스로 나누면 새 상태를 더할 때 기존 조건문을 덜 건드려도 돼요!  (답변 종료),1,150,107,43,6862575
366,4,7.13,"[itertools.product 사용 가능한 경우 사용] : 93.3 점 👍,
[고정값 상수화 필요] : 92.4 점 👍,
[의미 있는 함수명, 변수명 사용] : 80.6 점,
[str 단순 += 대신 join 사용] : 63.3 점,
[a = my_list[0], b = my_list[1] ... 대신 unpacking 사용 필요] : 41.1 점 🚨 (답변 시작)", 전체 흐름을 놓고 보면 목록의 원소를 하나씩 꺼내고 있어요. 이왕이면 정해진 순서의 값은 unpacking으로 풀어 주면 한 번에 읽혀요. 🐣  (답변 종료),1,138,100,38,6862575
367,4,6.93,"[조건문 중첩 대신 any, all 사용] : 95.4 점 👍,
[비어 있는 문자열 여부 판단 간소화] : 91.1 점 👍,
[유사한 변수명 통일] : 79.7 점,
[prefix, suffix 검사 시 startswith(), endswith() 사용] : 74.5 점,
[assertion을 제어 메커니즘으로 사용하면 안됨] : 28.2 점 🚨 (답변 시작)", 한 발 물러서서 보면 assert가 실행 흐름을 대신하고 있어요. 가볍게 검증이 필요한 분기는 명시적인 예외 처리로 바꾸어야 배포 환경에서도 안전해요!  (답변 종료),1,133,96,37,6862575
368,4,6.76,"[a = my_list[0], b = my_list[1] ... 대신 unpacking 사용 필요] : 97.4 점 👍,
[if-elif-elif-else 구문은 되도록 dict로 수정] : 95.3 점 👍,
[리스트 컴프리헨션 사용이 가능한 경우 사용] : 81.2 점,
[지나치게 많은 들여쓰기 수정] : 75.1 점,
[동일한 인수 집합을 갖는 함수가 많은 경우 클래스화 고려] : 7.5 점 🚨 (답변 시작)", 이번 리뷰에서는 같은 설정을 계속 받는 함수가 여러 개예요. 다음 변경 전에 공통 상태를 클래스로 나누면 인자 전달이 가벼워지고 역할도 선명해져요.  (답변 종료),1,151,115,36,6862575
369,4,8.59,"[빈도수, 반복문, 경로명 리스트 추출 시 collections, itertools, glob 사용] : 96.2 점 👍,
[제너레이터 표현식 사용이 가능한 경우 사용] : 95.9 점 👍,
[prefix, suffix 검사 시 startswith(), endswith() 사용] : 91.3 점 👍,
[주석 처리된 코드 제거] : 84.1 점,
[상태 값 조건이 있는 if-elif-elif-else 있는 경우 클래스화 고려] : 82.5 점 (답변 시작)", 작은 리팩터링 관점에서는 상태에 따라 갈라지는 조건문이 길게 이어져요. 팀과 맞춰 보며 상태별 동작을 클래스로 나누면 새 상태를 더할 때 기존 조건문을 덜 건드려도 돼요.  (답변 종료),1,161,115,46,6862575
370,4,7.13,"[함수의 인자가 유동적인 경우 처리 권장] : 91.2 점 👍,
[zip 사용 가능한 경우 사용] : 50.0 점 🚨,
[100 line 이상 함수 분리, docstring 필요] : 47.1 점 🚨,
[상태 값 조건이 있는 if-elif-elif-else 있는 경우 클래스화 고려] : 13.1 점 🚨,
[동일 인자 type 통일] : 12.5 점 🚨 (답변 시작)", 코드의 표정을 읽어 보니 같은 의미의 인수에서 type 표기가 통일되지 않았어요! 가볍게 인수의 type을 한 방식으로 맞추면 호출하는 쪽도 덜 헷갈려요. 😉  (답변 종료),1,141,103,38,6862575
371,4,7.47,"[비어 있는 문자열 여부 판단 간소화] : 98.2 점 👍,
[key=itemgetter(""key"") 사용 권장] : 94.4 점 👍,
[if-elif-elif-else 구문은 되도록 dict로 수정] : 21.6 점 🚨,
[파일 단순 읽기/쓰기는 Path 사용] : 11.5 점 🚨,
[동일 인자 type 통일] : 8.0 점 🚨 (답변 시작)", 차분히 검토해 보니 같은 의미의 인수에서 type 표기가 통일되지 않았어요. 여유가 될 때 인수의 type을 한 방식으로 맞추면 호출하는 쪽도 덜 헷갈려요!  (답변 종료),1,139,99,40,6862575
372,4,6.38,"[조건문 중첩 대신 any, all 사용] : 97.2 점 👍,
[클래스 내부에서만 쓰이는 속성, 메서드 (접두사 있음) 호출 비 권장] : 83.8 점,
[함수 인수 type hint 필요] : 77.5 점,
[import 순서 준수] : 72.0 점,
[if-elif-elif-else 구문은 되도록 dict로 수정] : 24.8 점 🚨 (답변 시작)", 유지보수 시선으로 보면 조건 분기가 길게 늘어진 곳이 있어요. 한 번에 값에 따른 선택이라면 dict 매핑으로 바꾸어 분기표를 단순하게 만들어 보세요. 💡  (답변 종료),1,134,100,34,6862575
373,4,6.93,"[불필요한 변수 생성 대신 defaultdict 권장] : 99.5 점 👍,
[리스트 컴프리헨션 사용이 가능한 경우 사용] : 97.8 점 👍,
[미 사용 변수/함수 제거] : 96.0 점 👍,
[assertion을 제어 메커니즘으로 사용하면 안됨] : 92.6 점 👍,
[제너레이터 표현식 사용이 가능한 경우 사용] : 74.2 점 (답변 시작)", 작은 신호를 짚어 보니 한 번만 쓸 중간 목록이 만들어지고 있어요. 기분 좋게 한 번만 순회한다면 제너레이터 표현식으로 메모리를 아껴 볼 만해요!  (답변 종료),1,132,95,37,6862575
374,4,6.36,"[문자열 단순 연결보다는 f-string 사용] : 93.5 점 👍,
[매우 간결한 변환은 map 사용] : 91.8 점 👍,
[함수의 인수를 변경 가능한 default value로 하지 않아야 함] : 47.6 점 🚨,
[README.md, pyproject.toml 필요] : 36.9 점 🚨,
[파일 단순 읽기/쓰기는 Path 사용] : 13.9 점 🚨 (답변 시작)", 코드의 표정을 읽어 보니 간단한 파일 작업이 장황하게 처리되고 있어요! 가볍게 Path의 읽기와 쓰기 메서드를 쓰면 파일 작업이 짧고 단단해져요.  (답변 종료),1,135,101,34,6862575
375,4,6.58,"[문자열 단순 연결보다는 f-string 사용] : 96.4 점 👍,
[zip 사용 가능한 경우 사용] : 93.4 점 👍,
[유사한 변수명 통일] : 90.9 점 👍,
[기존 배열의 원소 추가 대신 extend 함수 사용] : 90.6 점 👍,
[경로를 path/to/file 이 아닌, pathlib 또는 os.path.join 사용] : 43.0 점 🚨 (답변 시작)", 조금 거리를 두고 읽어 보면 파일 경로를 문자열로 이어 붙이고 있어요! 가능한 범위에서 pathlib이나 os.path.join으로 경로를 조립하면 운영체제가 달라도 안전해요.  (답변 종료),1,132,97,35,6862575
376,4,6.38,"[예외를 삼키는 경우가 없어야 함] : 97.9 점 👍,
[정규 표현식 문자열은 r""..."" 권장] : 96.9 점 👍,
[zip 사용 가능한 경우 사용] : 91.3 점 👍,
[str 단순 += 대신 join 사용] : 81.9 점,
[중복되는 사항 common 으로 빼기] : 60.8 점 (답변 시작)", 전체 흐름을 놓고 보면 같은 처리가 여러 곳에서 반복되고 있어요. 다음 커밋에서 공통 동작을 한곳으로 모으면 수정할 때 놓칠 구석이 줄어요!  (답변 종료),1,123,89,34,6862575
377,4,7.67,"[지나치게 많은 들여쓰기 수정] : 99.0 점 👍,
[매우 간결한 변환은 map 사용] : 81.8 점,
[불필요한 print, logging 제거] : 70.8 점,
[비어 있는 문자열 여부 판단 간소화] : 51.0 점 🚨,
[동일 인자 type 통일] : 21.9 점 🚨 (답변 시작)", 작은 신호를 짚어 보니 같은 의미의 인수에서 type 표기가 통일되지 않았어요! 보너스처럼 인수의 type을 한 방식으로 맞추면 호출하는 쪽도 덜 헷갈려요. 🌈  (답변 종료),1,128,87,41,6862575
378,4,6.62,"[지나치게 많은 들여쓰기 수정] : 97.4 점 👍,
[Python 예약어를 변수명으로 사용하지 않아야 함] : 90.7 점 👍,
[비어 있는 문자열 여부 판단 간소화] : 48.3 점 🚨,
[if-elif-elif-else 구문은 되도록 dict로 수정] : 24.4 점 🚨,
[기존 배열의 원소 추가 대신 extend 함수 사용] : 24.4 점 🚨 (답변 시작)", 한 발 물러서서 보면 목록 원소를 하나씩 추가하고 있어요. 🔍 가능한 범위에서 여러 값을 더할 때는 extend를 쓰면 의도가 정확히 전달돼요. 🎈  (답변 종료),1,137,102,35,6862575
379,4,6.2,"[assertion을 제어 메커니즘으로 사용하면 안됨] : 99.3 점 👍,
[함수명, 반환값 간 일치] : 90.6 점 👍,
[제너레이터 표현식 사용이 가능한 경우 사용] : 81.1 점,
[비어 있는 문자열 여부 판단 간소화] : 75.8 점,
[zip 사용 가능한 경우 사용] : 32.3 점 🚨 (답변 시작)", 현재 흐름에서는 두 목록을 인덱스로 따로 읽고 있어요. 다음 변경 전에 나란히 읽는 값들은 zip으로 묶어 주면 인덱스 실수를 막을 수 있어요!  (답변 종료),1,125,92,33,6862575
380,4,9.3,"[숫자 값은 위쪽에 상수로] : 97.0 점 👍,
[if-elif-elif-else 구문은 되도록 dict로 수정] : 93.0 점 👍,
[고정값 상수화 필요] : 74.9 점,
[문자열 단순 연결보다는 f-string 사용] : 32.0 점 🚨,
[빈도수, 반복문, 경로명 리스트 추출 시 collections, itertools, glob 사용] : 6.0 점 🚨 (답변 시작)", 한 발 물러서서 보면 표준 라이브러리로 줄일 수 있는 반복이 보여요. 기록을 남기듯 빈도에는 collections를 반복 조합에는 itertools를 경로 모으기에는 glob을 쓰면 표준 도구의 힘을 빌릴 수 있어요. 💡  (답변 종료),1,156,106,50,6862575
381,4,6.39,"[숫자 값은 위쪽에 상수로] : 98.5 점 👍,
[고정값 상수화 필요] : 82.2 점,
[예외의 종류 (OOOError 등) 구체적 명시 권장] : 68.6 점,
[기존 배열의 원소 추가 대신 extend 함수 사용] : 63.4 점,
[100 line 이상 함수 분리, docstring 필요] : 12.6 점 🚨 (답변 시작)", 가독성에 집중해 보면 하나의 함수가 너무 많은 일을 하고 있어요. 천천히 책임별로 나누고 docstring을 붙이면 테스트와 수정이 한결 수월해져요!  (답변 종료),1,127,93,34,6862575
382,4,6.92,"[동일한 인수 집합을 갖는 함수가 많은 경우 클래스화 고려] : 95.3 점 👍,
[동일 인자 type 통일] : 90.6 점 👍,
[함수의 인자가 유동적인 경우 처리 권장] : 64.1 점,
[if-elif-elif-else 구문은 되도록 dict로 수정] : 35.4 점 🚨,
[개수 세기에 count 함수 사용] : 18.4 점 🚨 (답변 시작)", 코드의 맥락을 보면 값의 개수를 세려고 직접 순회하고 있어요. 💫 한 발 먼저 단순한 횟수 확인은 count에 맡기면 코드가 짧고 분명해져요!  (답변 종료),1,140,103,37,6862575
383,4,7.11,"[조건문 중첩 대신 any, all 사용] : 97.2 점 👍,
[불필요한 print, logging 제거] : 95.5 점 👍,
[100 line 이상 함수 분리, docstring 필요] : 90.6 점 👍,
[파일 열기, 닫기 시 with open(...) 사용] : 90.3 점 👍,
[매우 간결한 변환은 map 사용] : 33.5 점 🚨 (답변 시작)", 천천히 살펴보면 아주 단순한 변환을 긴 반복문으로 풀고 있어요. 개발자 마음으로 변환 규칙이 단순하면 map으로 핵심 연산을 또렷하게 표현할 수 있어요! 🐣  (답변 종료),1,135,97,38,6862575
384,4,6.26,"[유사한 이름의 함수끼리 가까이 위치하도록 수정 권장] : 99.3 점 👍,
[enumerate 사용 가능한 경우 사용] : 74.2 점,
[한 줄의 길이는 일정 글자 이내로] : 43.2 점 🚨,
[함수의 인수를 변경 가능한 default value로 하지 않아야 함] : 39.9 점 🚨,
[중복되는 사항 common 으로 빼기] : 35.0 점 🚨 (답변 시작)", 코드의 결을 살펴보면 같은 처리가 여러 곳에서 반복되고 있어요. 한 번에 공통 동작을 한곳으로 모으면 수정할 때 놓칠 구석이 줄어요.  (답변 종료),1,135,102,33,6862575
385,4,5.89,"[동일한 인수 집합을 갖는 함수가 많은 경우 클래스화 고려] : 98.5 점 👍,
[함수의 인수를 변경 가능한 default value로 하지 않아야 함] : 96.2 점 👍,
[빈 파일 TODO 표시 필요] : 66.0 점,
[리스트 컴프리헨션 사용이 가능한 경우 사용] : 44.2 점 🚨,
[기존 배열의 원소 추가 대신 extend 함수 사용] : 37.0 점 🚨 (답변 시작)", 차분히 검토해 보니 목록 원소를 하나씩 추가하고 있어요. 한 번에 여러 값을 더할 때는 extend를 쓰면 의도가 정확히 전달돼요!  (답변 종료),1,135,104,31,6862575
386,4,7.82,"[f = lambda x: ... 보다는 def f(x): return ... 를 사용] : 96.2 점 👍,
[함수의 인자가 하나로 묶을 수 있는 경우 처리 권장] : 96.1 점 👍,
[key=itemgetter(""key"") 사용 권장] : 90.2 점 👍,
[고정값 상수화 필요] : 31.5 점 🚨,
[함수의 인수를 변경 가능한 default value로 하지 않아야 함] : 9.5 점 🚨 (답변 시작)", 한 발 물러서서 보면 기본 인수에 리스트나 딕셔너리를 넣고 있어요. 💫 다음 변경 전에 리스트나 딕셔너리는 None으로 두고 함수 안에서 만들면 호출 사이에 상태가 섞이지 않아요!  (답변 종료),1,151,109,42,6862575
387,4,5.68,"[함수의 인자가 하나로 묶을 수 있는 경우 처리 권장] : 97.7 점 👍,
[상태 값 조건이 있는 if-elif-elif-else 있는 경우 클래스화 고려] : 91.8 점 👍,
[함수 docstring, 함수명 의미 일치] : 90.5 점 👍,
[불필요한 변수 생성 대신 defaultdict 권장] : 69.2 점,
[인덱스 반환에 index 함수 사용] : 68.5 점 (답변 시작)", 코드의 표정을 읽어 보니 위치를 찾기 위해 직접 반복하고 있어요. 이왕이면 첫 위치가 필요할 때는 index를 쓰면 목적이 바로 보입니다.  (답변 종료),1,134,104,30,6862575
388,4,6.91,"[함수 docstring, 함수명 의미 일치] : 96.7 점 👍,
[동일한 인수 집합을 갖는 함수가 많은 경우 클래스화 고려] : 94.7 점 👍,
[미 사용 변수/함수 제거] : 62.1 점,
[100 line 이상 함수 분리, docstring 필요] : 22.9 점 🚨,
[지나치게 많은 들여쓰기 수정] : 18.8 점 🚨 (답변 시작)", 코드의 표정을 읽어 보니 들여쓰기 단계가 깊어 흐름을 따라가기 어려워요! 보너스처럼 작은 함수로 쪼개거나 빠른 반환을 쓰면 조건의 미로가 얕아져요!  (답변 종료),1,134,97,37,6862575
389,4,6.59,"[예외를 삼키는 경우가 없어야 함] : 98.9 점 👍,
[100 line 이상 함수 분리, docstring 필요] : 97.6 점 👍,
[a = my_list[0], b = my_list[1] ... 대신 unpacking 사용 필요] : 94.4 점 👍,
[예외의 종류 (OOOError 등) 구체적 명시 권장] : 93.7 점 👍,
[파일 단순 읽기/쓰기는 Path 사용] : 84.4 점 (답변 시작)", 개발자 입장에서 보면 간단한 파일 작업이 장황하게 처리되고 있어요. 다음 커밋에서 Path의 읽기와 쓰기 메서드를 쓰면 파일 작업이 짧고 단단해져요!  (답변 종료),1,144,109,35,6862575
390,4,6.75,"[경로를 path/to/file 이 아닌, pathlib 또는 os.path.join 사용] : 94.0 점 👍,
[함수 docstring, 함수명 의미 일치] : 83.6 점,
[if a.get(""b"") ... 형태로 수정 필요] : 72.7 점,
[prefix, suffix 검사 시 startswith(), endswith() 사용] : 62.9 점,
[str 단순 += 대신 join 사용] : 60.6 점 (답변 시작)", 차분히 검토해 보니 문자열을 반복해서 더하고 있어요. 가능한 범위에서 조각을 많이 합칠 때는 join으로 모으면 성능과 의도가 함께 좋아져요. 🐣  (답변 종료),1,137,101,36,6862575
391,4,6.57,"[미 사용 변수/함수 제거] : 94.8 점 👍,
[유사한 이름의 함수끼리 가까이 위치하도록 수정 권장] : 86.6 점,
[a = my_list[0], b = my_list[1] ... 대신 unpacking 사용 필요] : 23.8 점 🚨,
[고정값 상수화 필요] : 22.7 점 🚨,
[str 단순 += 대신 join 사용] : 2.4 점 🚨 (답변 시작)", 전체 흐름을 놓고 보면 문자열을 반복해서 더하고 있어요. 한 줄씩 조각을 많이 합칠 때는 join으로 모으면 성능과 의도가 함께 좋아져요. 🍀  (답변 종료),1,139,104,35,6862575
392,4,7.11,"[함수의 인자가 유동적인 경우 처리 권장] : 92.8 점 👍,
[enumerate 사용 가능한 경우 사용] : 90.8 점 👍,
[정규 표현식 문자열은 r""..."" 권장] : 90.6 점 👍,
[if a.get(""b"") ... 형태로 수정 필요] : 15.9 점 🚨,
[의미 있는 함수명, 변수명 사용] : 8.7 점 🚨 (답변 시작)", 차분히 검토해 보니 역할을 짐작하기 어려운 함수나 변수 이름이 보여요. 다음 변경 전에 무엇을 하는지 드러나는 이름으로 바꾸면 설명서 없이도 코드가 읽혀요. 📌  (답변 종료),1,139,101,38,6862575
393,4,6.39,"[함수 docstring, 함수명 의미 일치] : 98.1 점 👍,
[유사한 이름의 함수끼리 가까이 위치하도록 수정 권장] : 90.8 점 👍,
[비어 있는 문자열 여부 판단 간소화] : 83.5 점,
[유사한 변수명 통일] : 64.7 점,
[itertools.product 사용 가능한 경우 사용] : 18.9 점 🚨 (답변 시작)", 한 발 물러서서 보면 조합을 만들려고 중첩 반복문을 쓰고 있어요. 과감하게 모든 조합이 필요할 때는 itertools.product로 의도를 또렷하게 드러내요.  (답변 종료),1,126,92,34,6862575
394,4,6.93,"[미 사용 변수/함수 제거] : 95.3 점 👍,
[함수 docstring, 함수명 의미 일치] : 74.4 점,
[유사한 이름의 함수끼리 가까이 위치하도록 수정 권장] : 67.6 점,
[중복되는 사항 common 으로 빼기] : 50.3 점 🚨,
[숫자 값은 위쪽에 상수로] : 13.4 점 🚨 (답변 시작)", 변경 가능성을 살펴보니 로직 사이에 매직 넘버가 숨어 있어요. 🔍 가능한 범위에서 매직 넘버를 파일 위쪽의 상수로 올리면 숫자가 왜 필요한지 바로 보여요!  (답변 종료),1,131,94,37,6862575
395,4,6.94,"[함수의 인자가 유동적인 경우 처리 권장] : 67.5 점,
[인덱스 반환에 index 함수 사용] : 39.2 점 🚨,
[지나치게 많은 들여쓰기 수정] : 38.7 점 🚨,
[zip 사용 가능한 경우 사용] : 32.3 점 🚨,
[숫자 값은 위쪽에 상수로] : 25.5 점 🚨 (답변 시작)", 코드의 표정을 읽어 보니 로직 사이에 매직 넘버가 숨어 있어요. 살짝 매직 넘버를 파일 위쪽의 상수로 올리면 숫자가 왜 필요한지 바로 보여요! 💫  (답변 종료),1,130,93,37,6862575
396,4,6.59,"[지나치게 많은 들여쓰기 수정] : 94.1 점 👍,
[언패킹 시 숫자 인덱스 사용하지 말 것 (변수에 바로 할당)] : 92.2 점 👍,
[빈도수, 반복문, 경로명 리스트 추출 시 collections, itertools, glob 사용] : 74.6 점,
[유사한 변수명 통일] : 59.0 점 🚨,
[비어 있는 문자열 여부 판단 간소화] : 42.5 점 🚨 (답변 시작)", 실행 경로를 훑어보니 빈 문자열 검사식이 불필요하게 길어요. 한 발 먼저 파이썬다운 조건 검사로 바꾸면 조건식이 가볍게 읽혀요.  (답변 종료),1,142,107,35,6862575
397,4,8.05,"[key=itemgetter(""key"") 사용 권장] : 90.0 점 👍,
[주석 처리된 코드 제거] : 68.5 점,
[if-elif-elif-else 구문은 되도록 dict로 수정] : 68.4 점,
[조건문 중첩 대신 any, all 사용] : 2.9 점 🚨,
[상태 값 조건이 있는 if-elif-elif-else 있는 경우 클래스화 고려] : 1.8 점 🚨 (답변 시작)", 실행 경로를 훑어보니 상태에 따라 갈라지는 조건문이 길게 이어져요. 한 발 먼저 상태별 동작을 클래스로 나누면 새 상태를 더할 때 기존 조건문을 덜 건드려도 돼요.  (답변 종료),1,150,107,43,6862575
398,4,6.93,"[Python 예약어를 변수명으로 사용하지 않아야 함] : 92.3 점 👍,
[예외의 종류 (OOOError 등) 구체적 명시 권장] : 91.5 점 👍,
[매우 간결한 변환은 map 사용] : 87.2 점,
[언패킹 시 숫자 인덱스 사용하지 말 것 (변수에 바로 할당)] : 59.4 점 🚨,
[함수명, 반환값 간 일치] : 55.7 점 🚨 (답변 시작)", 개발자 입장에서 보면 함수 이름과 반환값의 약속이 어긋나는 곳이 있어요! 테스트를 떠올리며 반환하는 값을 이름에 맞추면 호출부에서 예상이 빗나가지 않아요. 💫  (답변 종료),1,142,105,37,6862575
399,4,7.11,"[if a.get(""b"") ... 형태로 수정 필요] : 98.2 점 👍,
[유사한 변수명 통일] : 96.2 점 👍,
[언패킹 시 숫자 인덱스 사용하지 말 것 (변수에 바로 할당)] : 95.5 점 👍,
[상태 값 조건이 있는 if-elif-elif-else 있는 경우 클래스화 고려] : 68.8 점,
[함수 docstring, 함수명 의미 일치] : 22.8 점 🚨 (답변 시작)", 한 발 물러서서 보면 docstring과 함수 동작이 서로 다르게 읽혀요! 문맥을 확인하며 docstring과 함수가 약속한 역할을 맞추면 다음 사람이 안심하고 호출할 수 있어요.  (답변 종료),1,147,109,38,6862575
400,5,8.1,"[주석 처리된 코드 제거] : 98.8 점 👍,
[import 순서 준수] : 76.1 점,
[enumerate 사용 가능한 경우 사용] : 75.6 점,
[불필요한 print, logging 제거] : 61.0 점,
[매우 간결한 변환은 map 사용] : 27.3 점 🚨 (답변 시작)", 작은 개선을 찾다 보니 아주 단순한 변환을 긴 반복문으로 풀고 있어요. 과감하게 변환 규칙이 단순하면 map으로 핵심 연산을 또렷하게 표현할 수 있어요. 🐣  (답변 종료),1,123,83,40,6862575
401,5,7.56,"[상태 값 조건이 있는 if-elif-elif-else 있는 경우 클래스화 고려] : 93.4 점 👍,
[파일 열기, 닫기 시 with open(...) 사용] : 92.7 점 👍,
[유사한 변수명 통일] : 90.7 점 👍,
[매우 간결한 변환은 map 사용] : 34.8 점 🚨,
[README.md, pyproject.toml 필요] : 31.6 점 🚨 (답변 시작)", 실행 경로를 훑어보니 시작 방법을 알려 줄 README.md와 pyproject.toml이 필요해 보여요! 작은 단계로 설치 방법과 실행 환경을 적어 두면 처음 온 사람도 바로 출발할 수 있어요.  (답변 종료),1,146,104,42,6862575
402,5,7.2,"[의미 있는 함수명, 변수명 사용] : 98.9 점 👍,
[prefix, suffix 검사 시 startswith(), endswith() 사용] : 97.2 점 👍,
[if-elif-elif-else 구문은 되도록 dict로 수정] : 72.2 점,
[미 사용 변수/함수 제거] : 31.2 점 🚨,
[동일한 인수 집합을 갖는 함수가 많은 경우 클래스화 고려] : 23.2 점 🚨 (답변 시작)", 작은 신호를 짚어 보니 같은 설정을 계속 받는 함수가 여러 개예요. 팀과 맞춰 보며 공통 상태를 가진 객체로 묶으면 인자 전달이 가벼워지고 역할도 선명해져요!  (답변 종료),1,149,109,40,6862575
403,5,5.76,"[문자열 단순 연결보다는 f-string 사용] : 97.4 점 👍,
[함수의 인자가 유동적인 경우 처리 권장] : 83.8 점,
[유사한 이름의 함수끼리 가까이 위치하도록 수정 권장] : 68.4 점,
[매우 간결한 변환은 map 사용] : 68.1 점,
[enumerate 사용 가능한 경우 사용] : 36.0 점 🚨 (답변 시작)", 작은 개선을 찾다 보니 반복문에서 번호를 직접 관리하고 있어요. 과감하게 순서와 값을 함께 쓸 때는 enumerate가 더 자연스럽고 안전해요!  (답변 종료),1,126,94,32,6862575
404,5,5.76,"[itertools.product 사용 가능한 경우 사용] : 92.3 점 👍,
[README.md, pyproject.toml 필요] : 90.9 점 👍,
[함수 인수 type hint 필요] : 90.4 점 👍,
[중복되는 사항 common 으로 빼기] : 88.9 점,
[str 단순 += 대신 join 사용] : 87.7 점 (답변 시작)", 작은 개선을 찾다 보니 문자열을 반복해서 더하고 있어요. 과감하게 조각을 많이 합칠 때는 join으로 모으면 성능과 의도가 함께 좋아져요.  (답변 종료),1,119,87,32,6862575
405,5,7.15,"[함수의 인자가 하나로 묶을 수 있는 경우 처리 권장] : 97.8 점 👍,
[동일한 인수 집합을 갖는 함수가 많은 경우 클래스화 고려] : 93.5 점 👍,
[if a.get(""b"") ... 형태로 수정 필요] : 40.9 점 🚨,
[import 순서 준수] : 12.0 점 🚨,
[함수 docstring, 함수명 의미 일치] : 1.5 점 🚨 (답변 시작)", 가독성에 집중해 보면 docstring과 함수 동작이 서로 다르게 읽혀요. 문맥을 확인하며 docstring과 함수가 약속한 역할을 맞추면 다음 사람이 안심하고 호출할 수 있어요. 🔍  (답변 종료),1,144,104,40,6862575
406,5,6.46,"[개수 세기에 count 함수 사용] : 99.5 점 👍,
[지나치게 많은 들여쓰기 수정] : 96.8 점 👍,
[enumerate 사용 가능한 경우 사용] : 90.8 점 👍,
[파일 단순 읽기/쓰기는 Path 사용] : 89.7 점,
[의미 있는 함수명, 변수명 사용] : 79.9 점 (답변 시작)", 가독성에 집중해 보면 역할을 짐작하기 어려운 함수나 변수 이름이 보여요. 호기심을 갖고 무엇을 하는지 드러나는 이름으로 바꾸면 설명서 없이도 코드가 읽혀요!  (답변 종료),1,126,90,36,6862575
407,5,6.12,"[enumerate 사용 가능한 경우 사용] : 92.8 점 👍,
[파일 단순 읽기/쓰기는 Path 사용] : 92.2 점 👍,
[리스트 컴프리헨션 사용이 가능한 경우 사용] : 91.2 점 👍,
[매우 간결한 변환은 map 사용] : 79.5 점,
[if-elif-elif-else 구문은 되도록 dict로 수정] : 66.8 점 (답변 시작)", 가독성에 집중해 보면 조건 분기가 길게 늘어진 곳이 있어요. 과감하게 값에 따른 선택이라면 dict 매핑으로 바꾸어 분기표를 단순하게 만들어 보세요!  (답변 종료),1,132,98,34,6862575
408,5,6.99,"[조건문 중첩 대신 any, all 사용] : 51.0 점 🚨,
[함수의 인수를 변경 가능한 default value로 하지 않아야 함] : 46.7 점 🚨,
[불필요한 print, logging 제거] : 44.5 점 🚨,
[빈도수, 반복문, 경로명 리스트 추출 시 collections, itertools, glob 사용] : 32.0 점 🚨,
[고정값 상수화 필요] : 17.4 점 🚨 (답변 시작)", 가독성에 집중해 보면 같은 고정값이 여러 곳에 흩어져 있어요. 🌈 조금만 시간을 내서 의미 있는 상수 이름으로 꺼내 두면 정책을 바꿀 때 한 번에 손볼 수 있어요!  (답변 종료),1,149,110,39,6862575
409,5,7.92,"[한 줄의 길이는 일정 글자 이내로] : 99.0 점 👍,
[prefix, suffix 검사 시 startswith(), endswith() 사용] : 69.0 점,
[클래스 내부에서만 쓰이는 속성, 메서드 (접두사 있음) 호출 비 권장] : 48.9 점 🚨,
[함수의 인자가 하나로 묶을 수 있는 경우 처리 권장] : 35.9 점 🚨,
[함수의 인자가 유동적인 경우 처리 권장] : 16.8 점 🚨 (답변 시작)", 가독성에 집중해 보면 개수가 바뀔 수 있는 인수를 고정해 두고 있어요. 팀과 맞춰 보며 가변 인수는 *args나 **kwargs를 알맞게 쓰면 확장에 더 유연해져요!  (답변 종료),1,159,115,44,6862575
410,5,7.14,"[파일 열기, 닫기 시 with open(...) 사용] : 98.7 점 👍,
[prefix, suffix 검사 시 startswith(), endswith() 사용] : 96.4 점 👍,
[제너레이터 표현식 사용이 가능한 경우 사용] : 93.2 점 👍,
[인덱스 반환에 index 함수 사용] : 92.5 점 👍,
[f = lambda x: ... 보다는 def f(x): return ... 를 사용] : 70.7 점 (답변 시작)", 작은 개선을 찾다 보니 이름이 필요한 동작이 lambda에 숨어 있어요. 손이 닿는 자리부터 재사용하거나 설명이 필요한 로직은 def로 꺼내면 디버깅과 테스트가 편해져요.  (답변 종료),1,148,108,40,6862575
411,5,5.77,"[함수 인수 type hint 필요] : 97.5 점 👍,
[동일 인자 type 통일] : 87.6 점,
[f = lambda x: ... 보다는 def f(x): return ... 를 사용] : 81.1 점,
[의미 있는 함수명, 변수명 사용] : 64.7 점,
[한 줄의 길이는 일정 글자 이내로] : 44.4 점 🚨 (답변 시작)", 가독성에 집중해 보면 한 줄이 너무 길게 이어지는 곳이 있어요. 큰 부담 없이 줄을 적당히 나누면 작은 화면에서도 흐름을 놓치지 않아요.  (답변 종료),1,125,93,32,6862575
412,5,6.48,"[고정값 상수화 필요] : 99.5 점 👍,
[import 순서 준수] : 97.9 점 👍,
[리스트 컴프리헨션 사용이 가능한 경우 사용] : 96.2 점 👍,
[매우 간결한 변환은 map 사용] : 91.8 점 👍,
[예외의 종류 (OOOError 등) 구체적 명시 권장] : 65.6 점 (답변 시작)", 작은 개선을 찾다 보니 너무 넓은 예외를 잡고 있어요! 이왕이면 예상한 OOOError처럼 구체적인 예외만 잡으면 버그가 숨어버리지 않아요. 🚀  (답변 종료),1,127,91,36,6862575
413,5,6.52,"[제너레이터 표현식 사용이 가능한 경우 사용] : 91.9 점 👍,
[함수명, 반환값 간 일치] : 90.7 점 👍,
[enumerate 사용 가능한 경우 사용] : 51.7 점 🚨,
[if a.get(""b"") ... 형태로 수정 필요] : 44.4 점 🚨,
[유사한 변수명 통일] : 24.4 점 🚨 (답변 시작)", 코드의 표정을 읽어 보니 비슷한 역할의 변수 이름이 제각각이에요! 다음 커밋에서 같은 개념에는 같은 이름 규칙을 쓰면 읽는 속도가 훨씬 빨라져요. 🔍  (답변 종료),1,133,97,36,6862575
414,5,7.09,"[a = my_list[0], b = my_list[1] ... 대신 unpacking 사용 필요] : 77.1 점,
[함수의 인자가 하나로 묶을 수 있는 경우 처리 권장] : 75.8 점,
[if-elif-elif-else 구문은 되도록 dict로 수정] : 66.8 점,
[zip 사용 가능한 경우 사용] : 66.1 점,
[파일 열기, 닫기 시 with open(...) 사용] : 63.0 점 (답변 시작)", 한 번 더 확인해 보니 파일을 열고 닫는 일을 직접 관리하고 있어요. 한 줄씩 with open(...)으로 감싸면 예외가 나도 파일이 안전하게 닫혀요. 🌈  (답변 종료),1,149,111,38,6862575
415,5,7.27,"[if a.get(""b"") ... 형태로 수정 필요] : 73.1 점,
[함수 인수 type hint 필요] : 53.3 점 🚨,
[중복되는 사항 common 으로 빼기] : 24.8 점 🚨,
[if-elif-elif-else 구문은 되도록 dict로 수정] : 10.5 점 🚨,
[함수명, 반환값 간 일치] : 5.1 점 🚨 (답변 시작)", 이 파일을 읽다 보면 함수 이름과 반환값의 약속이 어긋나는 곳이 있어요. 다음 커밋에서 반환하는 값을 이름에 맞추면 호출부에서 예상이 빗나가지 않아요. 🌈  (답변 종료),1,142,103,39,6862575
416,5,7.08,"[클래스 내부에서만 쓰이는 속성, 메서드 (접두사 있음) 호출 비 권장] : 88.2 점,
[인덱스 반환에 index 함수 사용] : 80.9 점,
[중복되는 사항 common 으로 빼기] : 19.3 점 🚨,
[불필요한 print, logging 제거] : 7.3 점 🚨,
[함수명, 반환값 간 일치] : 7.1 점 🚨 (답변 시작)", 가독성에 집중해 보면 함수 이름과 반환값의 약속이 어긋나는 곳이 있어요. 작은 단계로 반환하는 값을 이름에 맞추면 호출부에서 예상이 빗나가지 않아요. 😺  (답변 종료),1,140,102,38,6862575
417,5,7.98,"[함수 인수 type hint 필요] : 98.6 점 👍,
[100 line 이상 함수 분리, docstring 필요] : 96.2 점 👍,
[import 순서 준수] : 40.6 점 🚨,
[a = my_list[0], b = my_list[1] ... 대신 unpacking 사용 필요] : 27.6 점 🚨,
[if a.get(""b"") ... 형태로 수정 필요] : 13.9 점 🚨 (답변 시작)"," 한 발 물러서서 보면 딕셔너리 키를 꺼내는 과정이 장황해요. 다음 배포를 생각하며 a.get(""b"")처럼 안전하게 꺼내면 누락된 키에서도 흐름이 부드러워요. 🌿  (답변 종료)",1,148,105,43,6862575
418,5,7.44,"[주석 처리된 코드 제거] : 97.6 점 👍,
[예외를 삼키는 경우가 없어야 함] : 97.2 점 👍,
[기존 배열의 원소 추가 대신 extend 함수 사용] : 93.8 점 👍,
[a = my_list[0], b = my_list[1] ... 대신 unpacking 사용 필요] : 77.4 점,
[동일한 인수 집합을 갖는 함수가 많은 경우 클래스화 고려] : 64.4 점 (답변 시작)", 한 번 더 확인해 보니 같은 설정을 계속 받는 함수가 여러 개예요. 우선 공통 상태를 가진 객체로 묶으면 인자 전달이 가벼워지고 역할도 선명해져요! 🐣  (답변 종료),1,147,107,40,6862575
419,5,6.36,"[매우 간결한 변환은 map 사용] : 98.4 점 👍,
[지나치게 많은 들여쓰기 수정] : 96.1 점 👍,
[함수의 인자가 유동적인 경우 처리 권장] : 91.1 점 👍,
[파일 열기, 닫기 시 with open(...) 사용] : 57.8 점 🚨,
[itertools.product 사용 가능한 경우 사용] : 5.5 점 🚨 (답변 시작)", 작은 개선을 찾다 보니 조합을 만들려고 중첩 반복문을 쓰고 있어요. 과감하게 모든 조합이 필요할 때는 itertools.product로 의도를 또렷하게 드러내요!  (답변 종료),1,132,98,34,6862575
420,5,6.72,"[중복되는 사항 common 으로 빼기] : 95.5 점 👍,
[제너레이터 표현식 사용이 가능한 경우 사용] : 90.8 점 👍,
[인덱스 반환에 index 함수 사용] : 74.5 점,
[매우 간결한 변환은 map 사용] : 48.1 점 🚨,
[itertools.product 사용 가능한 경우 사용] : 34.6 점 🚨 (답변 시작)", 작은 개선을 찾다 보니 조합을 만들려고 중첩 반복문을 쓰고 있어요. 과감하게 모든 조합이 필요할 때는 itertools.product로 의도를 또렷하게 드러내요! 🔍  (답변 종료),1,132,96,36,6862575
421,5,6.93,"[인덱스 반환에 index 함수 사용] : 92.8 점 👍,
[비어 있는 문자열 여부 판단 간소화] : 84.5 점,
[문자열 단순 연결보다는 f-string 사용] : 71.7 점,
[기존 배열의 원소 추가 대신 extend 함수 사용] : 43.5 점 🚨,
[의미 있는 함수명, 변수명 사용] : 24.7 점 🚨 (답변 시작)", 가독성에 집중해 보면 역할을 짐작하기 어려운 함수나 변수 이름이 보여요. 다음 변경 전에 무엇을 하는지 드러나는 이름으로 바꾸면 설명서 없이도 코드가 읽혀요!  (답변 종료),1,131,94,37,6862575
422,5,7.45,"[prefix, suffix 검사 시 startswith(), endswith() 사용] : 94.4 점 👍,
[동일 인자 type 통일] : 91.8 점 👍,
[불필요한 print, logging 제거] : 91.2 점 👍,
[key=itemgetter(""key"") 사용 권장] : 91.0 점 👍,
[f = lambda x: ... 보다는 def f(x): return ... 를 사용] : 61.8 점 (답변 시작)", 전체 흐름을 놓고 보면 이름이 필요한 동작이 lambda에 숨어 있어요. 조금만 시간을 내서 재사용하거나 설명이 필요한 로직은 def로 꺼내면 디버깅과 테스트가 편해져요. 🛠️  (답변 종료),1,140,99,41,6862575
423,5,6.91,"[함수명, 반환값 간 일치] : 92.8 점 👍,
[README.md, pyproject.toml 필요] : 86.7 점,
[경로를 path/to/file 이 아닌, pathlib 또는 os.path.join 사용] : 77.2 점,
[함수 인수 type hint 필요] : 68.1 점,
[파일 열기, 닫기 시 with open(...) 사용] : 5.4 점 🚨 (답변 시작)", 작은 개선을 찾다 보니 파일을 열고 닫는 일을 직접 관리하고 있어요. 큰 부담 없이 with open(...)으로 감싸면 예외가 나도 파일이 안전하게 닫혀요. 😉  (답변 종료),1,135,98,37,6862575
424,5,6.95,"[assertion을 제어 메커니즘으로 사용하면 안됨] : 98.2 점 👍,
[빈도수, 반복문, 경로명 리스트 추출 시 collections, itertools, glob 사용] : 93.5 점 👍,
[중복되는 사항 common 으로 빼기] : 92.3 점 👍,
[인덱스 반환에 index 함수 사용] : 91.0 점 👍,
[함수 인수 type hint 필요] : 67.7 점 (답변 시작)", 한 번 더 확인해 보니 함수 인수의 type hint가 비어 있어요. 오늘의 마무리로 인수에 type hint를 달아 두면 들어오는 데이터가 무엇인지 바로 알 수 있어요.  (답변 종료),1,138,101,37,6862575
425,5,6.92,"[함수명, 반환값 간 일치] : 100.0 점 👍,
[클래스 내부에서만 쓰이는 속성, 메서드 (접두사 있음) 호출 비 권장] : 78.1 점,
[함수의 인자가 유동적인 경우 처리 권장] : 61.2 점,
[매우 간결한 변환은 map 사용] : 42.3 점 🚨,
[고정값 상수화 필요] : 24.6 점 🚨 (답변 시작)", 가독성에 집중해 보면 같은 고정값이 여러 곳에 흩어져 있어요. 📌 호기심을 갖고 의미 있는 상수 이름으로 꺼내 두면 정책을 바꿀 때 한 번에 손볼 수 있어요!  (답변 종료),1,138,101,37,6862575
426,5,6.9,"[예외를 삼키는 경우가 없어야 함] : 73.0 점,
[a = my_list[0], b = my_list[1] ... 대신 unpacking 사용 필요] : 72.6 점,
[if-elif-elif-else 구문은 되도록 dict로 수정] : 67.7 점,
[매우 간결한 변환은 map 사용] : 50.2 점 🚨,
[미 사용 변수/함수 제거] : 49.0 점 🚨 (답변 시작)", 가독성에 집중해 보면 쓰이지 않는 변수나 함수가 남아 있네요. 기분 좋게 참조되지 않는 선언을 걷어 내면 핵심 로직만 또렷하게 남아요.  (답변 종료),1,145,108,37,6862575
427,5,6.0,"[매우 간결한 변환은 map 사용] : 97.3 점 👍,
[조건문 중첩 대신 any, all 사용] : 92.2 점 👍,
[유사한 변수명 통일] : 91.5 점 👍,
[기존 배열의 원소 추가 대신 extend 함수 사용] : 67.2 점,
[한 줄의 길이는 일정 글자 이내로] : 6.5 점 🚨 (답변 시작)", 작은 개선을 찾다 보니 한 줄이 너무 길게 이어지는 곳이 있어요. 큰 부담 없이 줄을 적당히 나누면 작은 화면에서도 흐름을 놓치지 않아요!  (답변 종료),1,124,92,32,6862575
428,5,6.9,"[assertion을 제어 메커니즘으로 사용하면 안됨] : 92.8 점 👍,
[동일한 인수 집합을 갖는 함수가 많은 경우 클래스화 고려] : 79.6 점,
[함수 docstring, 함수명 의미 일치] : 77.1 점,
[클래스 내부에서만 쓰이는 속성, 메서드 (접두사 있음) 호출 비 권장] : 72.9 점,
[파일 단순 읽기/쓰기는 Path 사용] : 4.2 점 🚨 (답변 시작)", 가독성에 집중해 보면 간단한 파일 작업이 장황하게 처리되고 있어요! 테스트를 떠올리며 Path의 읽기와 쓰기 메서드를 쓰면 파일 작업이 짧고 단단해져요!  (답변 종료),1,143,106,37,6862575
429,5,6.58,"[동일 인자 type 통일] : 97.2 점 👍,
[함수의 인자가 유동적인 경우 처리 권장] : 92.7 점 👍,
[제너레이터 표현식 사용이 가능한 경우 사용] : 75.9 점,
[언패킹 시 숫자 인덱스 사용하지 말 것 (변수에 바로 할당)] : 65.8 점,
[함수명, 반환값 간 일치] : 63.1 점 (답변 시작)", 개발자 입장에서 보면 함수 이름과 반환값의 약속이 어긋나는 곳이 있어요! 미래의 나를 위해 반환하는 값을 이름에 맞추면 호출부에서 예상이 빗나가지 않아요!  (답변 종료),1,132,97,35,6862575
430,5,7.47,"[상태 값 조건이 있는 if-elif-elif-else 있는 경우 클래스화 고려] : 98.1 점 👍,
[불필요한 변수 생성 대신 defaultdict 권장] : 96.6 점 👍,
[import 순서 준수] : 93.5 점 👍,
[예외의 종류 (OOOError 등) 구체적 명시 권장] : 93.3 점 👍,
[함수의 인자가 하나로 묶을 수 있는 경우 처리 권장] : 44.4 점 🚨 (답변 시작)", 한 번 더 확인해 보니 함께 움직이는 인수가 따로따로 전달되고 있어요. 가능하다면 함께 쓰는 값을 객체나 dataclass로 묶으면 호출부가 훨씬 덜 복잡해져요!  (답변 종료),1,147,107,40,6862575
431,5,7.83,"[enumerate 사용 가능한 경우 사용] : 95.6 점 👍,
[함수 docstring, 함수명 의미 일치] : 93.4 점 👍,
[f = lambda x: ... 보다는 def f(x): return ... 를 사용] : 85.3 점,
[중복되는 사항 common 으로 빼기] : 54.7 점 🚨,
[고정값 상수화 필요] : 46.6 점 🚨 (답변 시작)", 가독성에 집중해 보면 같은 고정값이 여러 곳에 흩어져 있어요. 🌈 조금만 시간을 내서 의미 있는 상수 이름으로 꺼내 두면 정책을 바꿀 때 한 번에 손볼 수 있어요! 🐣  (답변 종료),1,140,98,42,6862575
432,5,6.73,"[정규 표현식 문자열은 r""..."" 권장] : 98.7 점 👍,
[동일한 인수 집합을 갖는 함수가 많은 경우 클래스화 고려] : 91.2 점 👍,
[동일 인자 type 통일] : 69.9 점,
[Python 예약어를 변수명으로 사용하지 않아야 함] : 68.1 점,
[의미 있는 함수명, 변수명 사용] : 6.8 점 🚨 (답변 시작)", 가독성에 집중해 보면 역할을 짐작하기 어려운 함수나 변수 이름이 보여요. 이왕이면 무엇을 하는지 드러나는 이름으로 바꾸면 설명서 없이도 코드가 읽혀요!  (답변 종료),1,133,97,36,6862575
433,5,7.08,"[itertools.product 사용 가능한 경우 사용] : 85.4 점,
[파일 단순 읽기/쓰기는 Path 사용] : 82.8 점,
[유사한 변수명 통일] : 80.2 점,
[예외의 종류 (OOOError 등) 구체적 명시 권장] : 69.6 점,
[동일한 인수 집합을 갖는 함수가 많은 경우 클래스화 고려] : 64.8 점 (답변 시작)", 작은 신호를 짚어 보니 같은 설정을 계속 받는 함수가 여러 개예요. 이왕이면 공통 상태를 가진 객체로 묶으면 인자 전달이 가벼워지고 역할도 선명해져요.  (답변 종료),1,133,95,38,6862575
434,5,7.12,"[assertion을 제어 메커니즘으로 사용하면 안됨] : 99.0 점 👍,
[주석 처리된 코드 제거] : 93.0 점 👍,
[함수명, 반환값 간 일치] : 91.4 점 👍,
[zip 사용 가능한 경우 사용] : 88.2 점,
[제너레이터 표현식 사용이 가능한 경우 사용] : 74.7 점 (답변 시작)", 코드의 맥락을 보면 한 번만 쓸 중간 목록이 만들어지고 있어요. 문맥을 확인하며 한 번만 순회한다면 제너레이터 표현식으로 메모리를 아껴 볼 만해요.  (답변 종료),1,128,90,38,6862575
435,5,6.92,"[zip 사용 가능한 경우 사용] : 86.1 점,
[한 줄의 길이는 일정 글자 이내로] : 83.5 점,
[언패킹 시 숫자 인덱스 사용하지 말 것 (변수에 바로 할당)] : 67.9 점,
[주석 처리된 코드 제거] : 17.7 점 🚨,
[중복되는 사항 common 으로 빼기] : 0.6 점 🚨 (답변 시작)", 개발자 입장에서 보면 같은 처리가 여러 곳에서 반복되고 있어요. 🌈 한 발 먼저 공통 동작을 한곳으로 모으면 수정할 때 놓칠 구석이 줄어요. 🔍  (답변 종료),1,133,96,37,6862575
436,5,7.63,"[한 줄의 길이는 일정 글자 이내로] : 91.8 점 👍,
[상태 값 조건이 있는 if-elif-elif-else 있는 경우 클래스화 고려] : 91.7 점 👍,
[파일 단순 읽기/쓰기는 Path 사용] : 90.2 점 👍,
[제너레이터 표현식 사용이 가능한 경우 사용] : 7.6 점 🚨,
[key=itemgetter(""key"") 사용 권장] : 4.6 점 🚨 (답변 시작)"," 작은 신호를 짚어 보니 정렬 키를 lambda로 길게 꺼내고 있어요. 이왕이면 딕셔너리 키로 정렬할 때는 itemgetter(""key"")가 더 간결하게 뜻을 전해요.  (답변 종료)",1,147,106,41,6862575
437,5,6.72,"[클래스 내부에서만 쓰이는 속성, 메서드 (접두사 있음) 호출 비 권장] : 93.9 점 👍,
[enumerate 사용 가능한 경우 사용] : 86.9 점,
[주석 처리된 코드 제거] : 72.3 점,
[상태 값 조건이 있는 if-elif-elif-else 있는 경우 클래스화 고려] : 30.9 점 🚨,
[중복되는 사항 common 으로 빼기] : 5.2 점 🚨 (답변 시작)", 가독성에 집중해 보면 같은 처리가 여러 곳에서 반복되고 있어요. 한 번에 공통 동작을 한곳으로 모으면 수정할 때 놓칠 구석이 줄어요. 🌈  (답변 종료),1,145,109,36,6862575
438,5,8.22,"[상태 값 조건이 있는 if-elif-elif-else 있는 경우 클래스화 고려] : 98.8 점 👍,
[주석 처리된 코드 제거] : 92.3 점 👍,
[빈 파일 TODO 표시 필요] : 91.7 점 👍,
[예외를 삼키는 경우가 없어야 함] : 24.3 점 🚨,
[key=itemgetter(""key"") 사용 권장] : 11.6 점 🚨 (답변 시작)"," 실행 경로를 훑어보니 정렬 키를 lambda로 길게 꺼내고 있어요! 다음 커밋에서 딕셔너리 키로 정렬할 때는 itemgetter(""key"")가 더 간결하게 뜻을 전해요. 🌈  (답변 종료)",1,144,100,44,6862575
439,5,6.94,"[prefix, suffix 검사 시 startswith(), endswith() 사용] : 99.0 점 👍,
[if a.get(""b"") ... 형태로 수정 필요] : 98.8 점 👍,
[비어 있는 문자열 여부 판단 간소화] : 92.8 점 👍,
[예외의 종류 (OOOError 등) 구체적 명시 권장] : 61.4 점,
[함수 docstring, 함수명 의미 일치] : 28.2 점 🚨 (답변 시작)", 한 번 더 확인해 보니 docstring과 함수 동작이 서로 다르게 읽혀요! 명확하게 docstring과 함수가 약속한 역할을 맞추면 다음 사람이 안심하고 호출할 수 있어요. 🌈  (답변 종료),1,141,104,37,6862575
440,5,7.27,"[한 줄의 길이는 일정 글자 이내로] : 94.5 점 👍,
[주석 처리된 코드 제거] : 90.2 점 👍,
[예외의 종류 (OOOError 등) 구체적 명시 권장] : 71.1 점,
[100 line 이상 함수 분리, docstring 필요] : 45.0 점 🚨,
[숫자 값은 위쪽에 상수로] : 35.9 점 🚨 (답변 시작)", 가독성에 집중해 보면 로직 사이에 매직 넘버가 숨어 있어요. 🔍 가능한 범위에서 매직 넘버를 파일 위쪽의 상수로 올리면 숫자가 왜 필요한지 바로 보여요!  (답변 종료),1,135,96,39,6862575
441,5,7.11,"[README.md, pyproject.toml 필요] : 94.8 점 👍,
[숫자 값은 위쪽에 상수로] : 91.3 점 👍,
[지나치게 많은 들여쓰기 수정] : 91.1 점 👍,
[상태 값 조건이 있는 if-elif-elif-else 있는 경우 클래스화 고려] : 86.2 점,
[itertools.product 사용 가능한 경우 사용] : 4.5 점 🚨 (답변 시작)", 실행 경로를 훑어보니 조합을 만들려고 중첩 반복문을 쓰고 있어요. 이왕이면 모든 조합이 필요할 때는 itertools.product로 의도를 또렷하게 드러내요. 🐣  (답변 종료),1,137,99,38,6862575
442,5,6.36,"[함수명, 반환값 간 일치] : 99.7 점 👍,
[지나치게 많은 들여쓰기 수정] : 88.5 점,
[동일 인자 type 통일] : 83.6 점,
[숫자 값은 위쪽에 상수로] : 66.2 점,
[zip 사용 가능한 경우 사용] : 0.1 점 🚨 (답변 시작)", 한 발 물러서서 보면 두 목록을 인덱스로 따로 읽고 있어요. 한 번에 나란히 읽는 값들은 zip으로 묶어 주면 인덱스 실수를 막을 수 있어요.  (답변 종료),1,117,83,34,6862575
443,5,6.01,"[정규 표현식 문자열은 r""..."" 권장] : 99.1 점 👍,
[숫자 값은 위쪽에 상수로] : 94.4 점 👍,
[동일 인자 type 통일] : 91.0 점 👍,
[예외의 종류 (OOOError 등) 구체적 명시 권장] : 79.8 점,
[인덱스 반환에 index 함수 사용] : 74.5 점 (답변 시작)", 작은 개선을 찾다 보니 위치를 찾기 위해 직접 반복하고 있어요! 큰 부담 없이 첫 위치가 필요할 때는 index를 쓰면 목적이 바로 보입니다.  (답변 종료),1,124,92,32,6862575
444,5,6.55,"[클래스 내부에서만 쓰이는 속성, 메서드 (접두사 있음) 호출 비 권장] : 99.6 점 👍,
[f = lambda x: ... 보다는 def f(x): return ... 를 사용] : 97.7 점 👍,
[고정값 상수화 필요] : 90.0 점 👍,
[인덱스 반환에 index 함수 사용] : 65.9 점,
[import 순서 준수] : 62.9 점 (답변 시작)", 가독성에 집중해 보면 import 배치가 섞여 있어요! 다음 커밋에서 표준 라이브러리와 외부 패키지와 내부 모듈을 차례로 정리하면 시작 화면이 말끔해져요.  (답변 종료),1,135,100,35,6862575
445,5,7.29,"[유사한 이름의 함수끼리 가까이 위치하도록 수정 권장] : 91.6 점 👍,
[import 순서 준수] : 81.3 점,
[경로를 path/to/file 이 아닌, pathlib 또는 os.path.join 사용] : 46.7 점 🚨,
[고정값 상수화 필요] : 21.4 점 🚨,
[지나치게 많은 들여쓰기 수정] : 1.2 점 🚨 (답변 시작)", 가독성에 집중해 보면 들여쓰기 단계가 깊어 흐름을 따라가기 어려워요. 📌 작은 단계로 작은 함수로 쪼개거나 빠른 반환을 쓰면 조건의 미로가 얕아져요!  (답변 종료),1,136,97,39,6862575
446,5,5.64,"[주석 처리된 코드 제거] : 97.3 점 👍,
[함수의 인자가 하나로 묶을 수 있는 경우 처리 권장] : 89.2 점,
[불필요한 변수 생성 대신 defaultdict 권장] : 67.0 점,
[예외의 종류 (OOOError 등) 구체적 명시 권장] : 62.7 점,
[한 줄의 길이는 일정 글자 이내로] : 38.6 점 🚨 (답변 시작)", 작은 개선을 찾다 보니 한 줄이 너무 길게 이어지는 곳이 있어요. 과감하게 줄을 적당히 나누면 작은 화면에서도 흐름을 놓치지 않아요!  (답변 종료),1,128,98,30,6862575
447,5,7.28,"[상태 값 조건이 있는 if-elif-elif-else 있는 경우 클래스화 고려] : 90.0 점 👍,
[인덱스 반환에 index 함수 사용] : 75.5 점,
[a = my_list[0], b = my_list[1] ... 대신 unpacking 사용 필요] : 52.1 점 🚨,
[함수의 인자가 유동적인 경우 처리 권장] : 20.4 점 🚨,
[조건문 중첩 대신 any, all 사용] : 18.8 점 🚨 (답변 시작)", 가독성에 집중해 보면 조건문이 여러 겹으로 겹쳐 있어요. 다음 커밋에서 여러 조건의 존재 여부는 any나 all에 맡기면 뜻이 훨씬 또렷해져요.  (답변 종료),1,157,118,39,6862575
448,5,7.14,"[한 줄의 길이는 일정 글자 이내로] : 98.3 점 👍,
[제너레이터 표현식 사용이 가능한 경우 사용] : 86.9 점,
[클래스 내부에서만 쓰이는 속성, 메서드 (접두사 있음) 호출 비 권장] : 81.1 점,
[개수 세기에 count 함수 사용] : 71.4 점,
[유사한 이름의 함수끼리 가까이 위치하도록 수정 권장] : 67.9 점 (답변 시작)", 팀원이 처음 본다고 생각하면 비슷한 이름의 함수가 파일 곳곳에 흩어져 있어요. 다음 변경 전에 비슷한 역할의 함수를 가까이 두면 탐색 시간이 줄고 파일 구조가 자연스러워져요!  (답변 종료),1,140,102,38,6862575
449,5,5.83,"[한 줄의 길이는 일정 글자 이내로] : 98.8 점 👍,
[함수의 인자가 유동적인 경우 처리 권장] : 91.6 점 👍,
[제너레이터 표현식 사용이 가능한 경우 사용] : 86.9 점,
[기존 배열의 원소 추가 대신 extend 함수 사용] : 64.9 점,
[중복되는 사항 common 으로 빼기] : 6.7 점 🚨 (답변 시작)", 현재 흐름에서는 같은 처리가 여러 곳에서 반복되고 있어요! 과감하게 공통 동작을 한곳으로 모으면 수정할 때 놓칠 구석이 줄어요.  (답변 종료),1,128,97,31,6862575
450,5,6.72,"[함수 docstring, 함수명 의미 일치] : 97.6 점 👍,
[주석 처리된 코드 제거] : 96.5 점 👍,
[경로를 path/to/file 이 아닌, pathlib 또는 os.path.join 사용] : 95.5 점 👍,
[동일한 인수 집합을 갖는 함수가 많은 경우 클래스화 고려] : 50.9 점 🚨,
[유사한 변수명 통일] : 39.9 점 🚨 (답변 시작)", 가독성에 집중해 보면 비슷한 역할의 변수 이름이 제각각이에요! 가능한 범위에서 같은 개념에는 같은 이름 규칙을 쓰면 읽는 속도가 훨씬 빨라져요. ✨  (답변 종료),1,139,103,36,6862575
451,5,6.92,"[개수 세기에 count 함수 사용] : 96.3 점 👍,
[key=itemgetter(""key"") 사용 권장] : 94.3 점 👍,
[숫자 값은 위쪽에 상수로] : 25.3 점 🚨,
[함수명, 반환값 간 일치] : 6.8 점 🚨,
[a = my_list[0], b = my_list[1] ... 대신 unpacking 사용 필요] : 0.3 점 🚨 (답변 시작)", 이 파일을 읽다 보면 목록의 원소를 하나씩 꺼내고 있어요! 한 호흡 쉬고 정해진 순서의 값은 unpacking으로 풀어 주면 한 번에 읽혀요.  (답변 종료),1,143,106,37,6862575
452,5,7.09,"[중복되는 사항 common 으로 빼기] : 99.5 점 👍,
[문자열 단순 연결보다는 f-string 사용] : 95.1 점 👍,
[파일 단순 읽기/쓰기는 Path 사용] : 93.8 점 👍,
[prefix, suffix 검사 시 startswith(), endswith() 사용] : 83.6 점,
[유사한 변수명 통일] : 18.2 점 🚨 (답변 시작)", 리팩터링 관점에서는 비슷한 역할의 변수 이름이 제각각이에요! 다음 변경 전에 같은 개념에는 같은 이름 규칙을 쓰면 읽는 속도가 훨씬 빨라져요. 🌈  (답변 종료),1,135,97,38,6862575
453,5,5.83,"[함수의 인자가 하나로 묶을 수 있는 경우 처리 권장] : 96.3 점 👍,
[고정값 상수화 필요] : 91.9 점 👍,
[동일한 인수 집합을 갖는 함수가 많은 경우 클래스화 고려] : 54.4 점 🚨,
[조건문 중첩 대신 any, all 사용] : 7.6 점 🚨,
[한 줄의 길이는 일정 글자 이내로] : 3.1 점 🚨 (답변 시작)", 가독성에 집중해 보면 한 줄이 너무 길게 이어지는 곳이 있어요. 가능한 범위에서 줄을 적당히 나누면 작은 화면에서도 흐름을 놓치지 않아요!  (답변 종료),1,135,104,31,6862575
454,5,7.8,"[상태 값 조건이 있는 if-elif-elif-else 있는 경우 클래스화 고려] : 99.6 점 👍,
[지나치게 많은 들여쓰기 수정] : 94.8 점 👍,
[str 단순 += 대신 join 사용] : 77.0 점,
[리스트 컴프리헨션 사용이 가능한 경우 사용] : 69.6 점,
[key=itemgetter(""key"") 사용 권장] : 5.4 점 🚨 (답변 시작)"," 리팩터링 관점에서는 정렬 키를 lambda로 길게 꺼내고 있어요. 이왕이면 딕셔너리 키로 정렬할 때는 itemgetter(""key"")가 더 간결하게 뜻을 전해요.  (답변 종료)",1,141,99,42,6862575
455,5,6.92,"[중복되는 사항 common 으로 빼기] : 94.4 점 👍,
[매우 간결한 변환은 map 사용] : 93.3 점 👍,
[zip 사용 가능한 경우 사용] : 65.2 점,
[f = lambda x: ... 보다는 def f(x): return ... 를 사용] : 19.1 점 🚨,
[조건문 중첩 대신 any, all 사용] : 18.8 점 🚨 (답변 시작)", 조금 거리를 두고 읽어 보면 조건문이 여러 겹으로 겹쳐 있어요. 우선 여러 조건의 존재 여부는 any나 all에 맡기면 뜻이 훨씬 또렷해져요!  (답변 종료),1,137,100,37,6862575
456,5,7.28,"[f = lambda x: ... 보다는 def f(x): return ... 를 사용] : 94.7 점 👍,
[prefix, suffix 검사 시 startswith(), endswith() 사용] : 94.5 점 👍,
[a = my_list[0], b = my_list[1] ... 대신 unpacking 사용 필요] : 83.8 점,
[지나치게 많은 들여쓰기 수정] : 29.1 점 🚨,
[동일 인자 type 통일] : 10.6 점 🚨 (답변 시작)", 한 발 물러서서 보면 같은 의미의 인수에서 type 표기가 통일되지 않았어요. 이 기회에 인수의 type을 한 방식으로 맞추면 호출하는 쪽도 덜 헷갈려요.  (답변 종료),1,152,113,39,6862575
457,5,7.34,"[중복되는 사항 common 으로 빼기] : 67.3 점,
[불필요한 print, logging 제거] : 35.6 점 🚨,
[정규 표현식 문자열은 r""..."" 권장] : 35.2 점 🚨,
[동일한 인수 집합을 갖는 함수가 많은 경우 클래스화 고려] : 29.7 점 🚨,
[불필요한 변수 생성 대신 defaultdict 권장] : 2.6 점 🚨 (답변 시작)", 작은 개선을 찾다 보니 키별 초기화를 직접 반복하고 있어요. 이왕이면 키별로 값을 모을 때는 defaultdict를 쓰면 분기와 보일러플레이트가 줄어들어요!  (답변 종료),1,141,102,39,6862575
458,5,5.45,"[조건문 중첩 대신 any, all 사용] : 95.2 점 👍,
[예외를 삼키는 경우가 없어야 함] : 94.4 점 👍,
[함수의 인수를 변경 가능한 default value로 하지 않아야 함] : 93.7 점 👍,
[key=itemgetter(""key"") 사용 권장] : 64.5 점,
[str 단순 += 대신 join 사용] : 49.4 점 🚨 (답변 시작)", 천천히 살펴보면 문자열을 반복해서 더하고 있어요! 명확하게 조각을 많이 합칠 때는 join으로 모으면 성능과 의도가 함께 좋아져요!  (답변 종료),1,125,96,29,6862575
459,5,7.28,"[파일 열기, 닫기 시 with open(...) 사용] : 92.8 점 👍,
[불필요한 변수 생성 대신 defaultdict 권장] : 85.3 점,
[함수의 인자가 하나로 묶을 수 있는 경우 처리 권장] : 50.6 점 🚨,
[100 line 이상 함수 분리, docstring 필요] : 18.0 점 🚨,
[함수 인수 type hint 필요] : 17.4 점 🚨 (답변 시작)", 가독성에 집중해 보면 함수 인수의 type hint가 비어 있어요. 오늘의 마무리로 인수에 type hint를 달아 두면 들어오는 데이터가 무엇인지 바로 알 수 있어요. 🌿  (답변 종료),1,140,101,39,6862575
460,5,7.09,"[함수 docstring, 함수명 의미 일치] : 99.5 점 👍,
[import 순서 준수] : 96.7 점 👍,
[미 사용 변수/함수 제거] : 62.3 점,
[상태 값 조건이 있는 if-elif-elif-else 있는 경우 클래스화 고려] : 16.8 점 🚨,
[동일한 인수 집합을 갖는 함수가 많은 경우 클래스화 고려] : 2.5 점 🚨 (답변 시작)", 작은 신호를 짚어 보니 같은 설정을 계속 받는 함수가 여러 개예요. 이왕이면 공통 상태를 가진 객체로 묶으면 인자 전달이 가벼워지고 역할도 선명해져요!  (답변 종료),1,140,102,38,6862575
461,5,7.28,"[100 line 이상 함수 분리, docstring 필요] : 98.7 점 👍,
[비어 있는 문자열 여부 판단 간소화] : 91.4 점 👍,
[리스트 컴프리헨션 사용이 가능한 경우 사용] : 79.1 점,
[언패킹 시 숫자 인덱스 사용하지 말 것 (변수에 바로 할당)] : 73.2 점,
[함수의 인수를 변경 가능한 default value로 하지 않아야 함] : 60.0 점 (답변 시작)", 한 번 더 확인해 보니 기본 인수에 리스트나 딕셔너리를 넣고 있어요. 차분하게 리스트나 딕셔너리는 None으로 두고 함수 안에서 만들면 호출 사이에 상태가 섞이지 않아요!  (답변 종료),1,143,104,39,6862575
462,5,6.9,"[파일 열기, 닫기 시 with open(...) 사용] : 98.9 점 👍,
[유사한 이름의 함수끼리 가까이 위치하도록 수정 권장] : 97.0 점 👍,
[매우 간결한 변환은 map 사용] : 96.6 점 👍,
[경로를 path/to/file 이 아닌, pathlib 또는 os.path.join 사용] : 81.9 점,
[동일한 인수 집합을 갖는 함수가 많은 경우 클래스화 고려] : 66.4 점 (답변 시작)", 작은 신호를 짚어 보니 같은 설정을 계속 받는 함수가 여러 개예요. 과감하게 공통 상태를 가진 객체로 묶으면 인자 전달이 가벼워지고 역할도 선명해져요!  (답변 종료),1,145,108,37,6862575
463,5,7.46,"[a = my_list[0], b = my_list[1] ... 대신 unpacking 사용 필요] : 99.4 점 👍,
[함수 인수 type hint 필요] : 93.4 점 👍,
[클래스 내부에서만 쓰이는 속성, 메서드 (접두사 있음) 호출 비 권장] : 90.8 점 👍,
[함수의 인수를 변경 가능한 default value로 하지 않아야 함] : 34.5 점 🚨,
[불필요한 변수 생성 대신 defaultdict 권장] : 5.5 점 🚨 (답변 시작)", 가독성에 집중해 보면 키별 초기화를 직접 반복하고 있어요. 여유가 될 때 키별로 값을 모을 때는 defaultdict를 쓰면 분기와 보일러플레이트가 줄어들어요!  (답변 종료),1,158,118,40,6862575
464,5,7.64,"[함수명, 반환값 간 일치] : 94.9 점 👍,
[enumerate 사용 가능한 경우 사용] : 87.9 점,
[if a.get(""b"") ... 형태로 수정 필요] : 81.3 점,
[zip 사용 가능한 경우 사용] : 67.0 점,
[상태 값 조건이 있는 if-elif-elif-else 있는 경우 클래스화 고려] : 51.8 점 🚨 (답변 시작)", 작은 개선을 찾다 보니 상태에 따라 갈라지는 조건문이 길게 이어져요. 우선 상태별 동작을 클래스로 나누면 새 상태를 더할 때 기존 조건문을 덜 건드려도 돼요.  (답변 종료),1,140,99,41,6862575
465,5,8.0,"[함수의 인수를 변경 가능한 default value로 하지 않아야 함] : 91.3 점 👍,
[유사한 이름의 함수끼리 가까이 위치하도록 수정 권장] : 91.2 점 👍,
[itertools.product 사용 가능한 경우 사용] : 82.5 점,
[enumerate 사용 가능한 경우 사용] : 81.7 점,
[상태 값 조건이 있는 if-elif-elif-else 있는 경우 클래스화 고려] : 59.4 점 🚨 (답변 시작)", 다음 커밋을 생각해 보면 상태에 따라 갈라지는 조건문이 길게 이어져요. 한 줄씩 상태별 동작을 클래스로 나누면 새 상태를 더할 때 기존 조건문을 덜 건드려도 돼요.  (답변 종료),1,150,107,43,6862575
466,5,7.31,"[itertools.product 사용 가능한 경우 사용] : 93.3 점 👍,
[고정값 상수화 필요] : 92.4 점 👍,
[의미 있는 함수명, 변수명 사용] : 80.6 점,
[str 단순 += 대신 join 사용] : 63.3 점,
[a = my_list[0], b = my_list[1] ... 대신 unpacking 사용 필요] : 41.1 점 🚨 (답변 시작)", 실행 경로를 훑어보니 목록의 원소를 하나씩 꺼내고 있어요. 한 호흡 쉬고 정해진 순서의 값은 unpacking으로 풀어 주면 한 번에 읽혀요. 🌈  (답변 종료),1,139,100,39,6862575
467,5,7.27,"[조건문 중첩 대신 any, all 사용] : 95.4 점 👍,
[비어 있는 문자열 여부 판단 간소화] : 91.1 점 👍,
[유사한 변수명 통일] : 79.7 점,
[prefix, suffix 검사 시 startswith(), endswith() 사용] : 74.5 점,
[assertion을 제어 메커니즘으로 사용하면 안됨] : 28.2 점 🚨 (답변 시작)", 리팩터링 관점에서는 assert가 실행 흐름을 대신하고 있어요! 작은 단계로 검증이 필요한 분기는 명시적인 예외 처리로 바꾸어야 배포 환경에서도 안전해요!  (답변 종료),1,135,96,39,6862575
468,5,7.48,"[a = my_list[0], b = my_list[1] ... 대신 unpacking 사용 필요] : 97.4 점 👍,
[if-elif-elif-else 구문은 되도록 dict로 수정] : 95.3 점 👍,
[리스트 컴프리헨션 사용이 가능한 경우 사용] : 81.2 점,
[지나치게 많은 들여쓰기 수정] : 75.1 점,
[동일한 인수 집합을 갖는 함수가 많은 경우 클래스화 고려] : 7.5 점 🚨 (답변 시작)", 한 번 더 확인해 보니 같은 설정을 계속 받는 함수가 여러 개예요. 이왕이면 공통 상태를 가진 객체로 묶으면 인자 전달이 가벼워지고 역할도 선명해져요! 😺  (답변 종료),1,155,115,40,6862575
469,5,8.2,"[빈도수, 반복문, 경로명 리스트 추출 시 collections, itertools, glob 사용] : 96.2 점 👍,
[제너레이터 표현식 사용이 가능한 경우 사용] : 95.9 점 👍,
[prefix, suffix 검사 시 startswith(), endswith() 사용] : 91.3 점 👍,
[주석 처리된 코드 제거] : 84.1 점,
[상태 값 조건이 있는 if-elif-elif-else 있는 경우 클래스화 고려] : 82.5 점 (답변 시작)", 가독성에 집중해 보면 상태에 따라 갈라지는 조건문이 길게 이어져요. 팀과 맞춰 보며 상태별 동작을 클래스로 나누면 새 상태를 더할 때 기존 조건문을 덜 건드려도 돼요.  (답변 종료),1,159,115,44,6862575
470,5,7.65,"[함수의 인자가 유동적인 경우 처리 권장] : 91.2 점 👍,
[zip 사용 가능한 경우 사용] : 50.0 점 🚨,
[100 line 이상 함수 분리, docstring 필요] : 47.1 점 🚨,
[상태 값 조건이 있는 if-elif-elif-else 있는 경우 클래스화 고려] : 13.1 점 🚨,
[동일 인자 type 통일] : 12.5 점 🚨 (답변 시작)", 가독성에 집중해 보면 같은 의미의 인수에서 type 표기가 통일되지 않았어요. 기분 좋게 인수의 type을 한 방식으로 맞추면 호출하는 쪽도 덜 헷갈려요! 🔍  (답변 종료),1,144,103,41,6862575
471,5,7.09,"[비어 있는 문자열 여부 판단 간소화] : 98.2 점 👍,
[key=itemgetter(""key"") 사용 권장] : 94.4 점 👍,
[if-elif-elif-else 구문은 되도록 dict로 수정] : 21.6 점 🚨,
[파일 단순 읽기/쓰기는 Path 사용] : 11.5 점 🚨,
[동일 인자 type 통일] : 8.0 점 🚨 (답변 시작)", 작은 개선을 찾다 보니 같은 의미의 인수에서 type 표기가 통일되지 않았어요. 과감하게 인수의 type을 한 방식으로 맞추면 호출하는 쪽도 덜 헷갈려요!  (답변 종료),1,137,99,38,6862575
472,5,6.56,"[조건문 중첩 대신 any, all 사용] : 97.2 점 👍,
[클래스 내부에서만 쓰이는 속성, 메서드 (접두사 있음) 호출 비 권장] : 83.8 점,
[함수 인수 type hint 필요] : 77.5 점,
[import 순서 준수] : 72.0 점,
[if-elif-elif-else 구문은 되도록 dict로 수정] : 24.8 점 🚨 (답변 시작)", 가독성에 집중해 보면 조건 분기가 길게 늘어진 곳이 있어요. 기분 좋게 값에 따른 선택이라면 dict 매핑으로 바꾸어 분기표를 단순하게 만들어 보세요.  (답변 종료),1,135,100,35,6862575
473,5,7.28,"[불필요한 변수 생성 대신 defaultdict 권장] : 99.5 점 👍,
[리스트 컴프리헨션 사용이 가능한 경우 사용] : 97.8 점 👍,
[미 사용 변수/함수 제거] : 96.0 점 👍,
[assertion을 제어 메커니즘으로 사용하면 안됨] : 92.6 점 👍,
[제너레이터 표현식 사용이 가능한 경우 사용] : 74.2 점 (답변 시작)", 다음 커밋을 생각해 보면 한 번만 쓸 중간 목록이 만들어지고 있어요. 다음 배포를 생각하며 한 번만 순회한다면 제너레이터 표현식으로 메모리를 아껴 볼 만해요.  (답변 종료),1,134,95,39,6862575
474,5,6.93,"[문자열 단순 연결보다는 f-string 사용] : 93.5 점 👍,
[매우 간결한 변환은 map 사용] : 91.8 점 👍,
[함수의 인수를 변경 가능한 default value로 하지 않아야 함] : 47.6 점 🚨,
[README.md, pyproject.toml 필요] : 36.9 점 🚨,
[파일 단순 읽기/쓰기는 Path 사용] : 13.9 점 🚨 (답변 시작)", 작은 개선을 찾다 보니 간단한 파일 작업이 장황하게 처리되고 있어요. 테스트를 떠올리며 Path의 읽기와 쓰기 메서드를 쓰면 파일 작업이 짧고 단단해져요!  (답변 종료),1,138,101,37,6862575
475,5,6.76,"[문자열 단순 연결보다는 f-string 사용] : 96.4 점 👍,
[zip 사용 가능한 경우 사용] : 93.4 점 👍,
[유사한 변수명 통일] : 90.9 점 👍,
[기존 배열의 원소 추가 대신 extend 함수 사용] : 90.6 점 👍,
[경로를 path/to/file 이 아닌, pathlib 또는 os.path.join 사용] : 43.0 점 🚨 (답변 시작)", 가독성에 집중해 보면 파일 경로를 문자열로 이어 붙이고 있어요! 한 줄씩 pathlib이나 os.path.join으로 경로를 조립하면 운영체제가 달라도 안전해요!  (답변 종료),1,133,97,36,6862575
476,5,6.79,"[예외를 삼키는 경우가 없어야 함] : 97.9 점 👍,
[정규 표현식 문자열은 r""..."" 권장] : 96.9 점 👍,
[zip 사용 가능한 경우 사용] : 91.3 점 👍,
[str 단순 += 대신 join 사용] : 81.9 점,
[중복되는 사항 common 으로 빼기] : 60.8 점 (답변 시작)", 파일을 다시 훑어보니 같은 처리가 여러 곳에서 반복되고 있어요. 차분하게 공통 동작을 한곳으로 모으면 수정할 때 놓칠 구석이 줄어요. 🔍  (답변 종료),1,125,89,36,6862575
477,5,7.27,"[지나치게 많은 들여쓰기 수정] : 99.0 점 👍,
[매우 간결한 변환은 map 사용] : 81.8 점,
[불필요한 print, logging 제거] : 70.8 점,
[비어 있는 문자열 여부 판단 간소화] : 51.0 점 🚨,
[동일 인자 type 통일] : 21.9 점 🚨 (답변 시작)", 코드의 표정을 읽어 보니 같은 의미의 인수에서 type 표기가 통일되지 않았어요. 💡 기분 좋게 인수의 type을 한 방식으로 맞추면 호출하는 쪽도 덜 헷갈려요!  (답변 종료),1,126,87,39,6862575
478,5,6.21,"[지나치게 많은 들여쓰기 수정] : 97.4 점 👍,
[Python 예약어를 변수명으로 사용하지 않아야 함] : 90.7 점 👍,
[비어 있는 문자열 여부 판단 간소화] : 48.3 점 🚨,
[if-elif-elif-else 구문은 되도록 dict로 수정] : 24.4 점 🚨,
[기존 배열의 원소 추가 대신 extend 함수 사용] : 24.4 점 🚨 (답변 시작)", 가독성에 집중해 보면 목록 원소를 하나씩 추가하고 있어요. 팀과 맞춰 보며 여러 값을 더할 때는 extend를 쓰면 의도가 정확히 전달돼요!  (답변 종료),1,135,102,33,6862575
479,5,7.1,"[assertion을 제어 메커니즘으로 사용하면 안됨] : 99.3 점 👍,
[함수명, 반환값 간 일치] : 90.6 점 👍,
[제너레이터 표현식 사용이 가능한 경우 사용] : 81.1 점,
[비어 있는 문자열 여부 판단 간소화] : 75.8 점,
[zip 사용 가능한 경우 사용] : 32.3 점 🚨 (답변 시작)", 가독성에 집중해 보면 두 목록을 인덱스로 따로 읽고 있어요. 다음 커밋에서 나란히 읽는 값들은 zip으로 묶어 주면 인덱스 실수를 막을 수 있어요! 🐣  (답변 종료),1,130,92,38,6862575
480,5,9.12,"[숫자 값은 위쪽에 상수로] : 97.0 점 👍,
[if-elif-elif-else 구문은 되도록 dict로 수정] : 93.0 점 👍,
[고정값 상수화 필요] : 74.9 점,
[문자열 단순 연결보다는 f-string 사용] : 32.0 점 🚨,
[빈도수, 반복문, 경로명 리스트 추출 시 collections, itertools, glob 사용] : 6.0 점 🚨 (답변 시작)", 작은 개선을 찾다 보니 표준 라이브러리로 줄일 수 있는 반복이 보여요! 다음 커밋에서 빈도에는 collections를 반복 조합에는 itertools를 경로 모으기에는 glob을 쓰면 표준 도구의 힘을 빌릴 수 있어요!  (답변 종료),1,155,106,49,6862575
481,5,6.43,"[숫자 값은 위쪽에 상수로] : 98.5 점 👍,
[고정값 상수화 필요] : 82.2 점,
[예외의 종류 (OOOError 등) 구체적 명시 권장] : 68.6 점,
[기존 배열의 원소 추가 대신 extend 함수 사용] : 63.4 점,
[100 line 이상 함수 분리, docstring 필요] : 12.6 점 🚨 (답변 시작)", 한 번 더 확인해 보니 하나의 함수가 너무 많은 일을 하고 있어요. 우선 책임별로 나누고 docstring을 붙이면 테스트와 수정이 한결 수월해져요.  (답변 종료),1,127,93,34,6862575
482,5,6.74,"[동일한 인수 집합을 갖는 함수가 많은 경우 클래스화 고려] : 95.3 점 👍,
[동일 인자 type 통일] : 90.6 점 👍,
[함수의 인자가 유동적인 경우 처리 권장] : 64.1 점,
[if-elif-elif-else 구문은 되도록 dict로 수정] : 35.4 점 🚨,
[개수 세기에 count 함수 사용] : 18.4 점 🚨 (답변 시작)", 가독성에 집중해 보면 값의 개수를 세려고 직접 순회하고 있어요. 오늘의 마무리로 단순한 횟수 확인은 count에 맡기면 코드가 짧고 분명해져요!  (답변 종료),1,139,103,36,6862575
483,5,7.1,"[조건문 중첩 대신 any, all 사용] : 97.2 점 👍,
[불필요한 print, logging 제거] : 95.5 점 👍,
[100 line 이상 함수 분리, docstring 필요] : 90.6 점 👍,
[파일 열기, 닫기 시 with open(...) 사용] : 90.3 점 👍,
[매우 간결한 변환은 map 사용] : 33.5 점 🚨 (답변 시작)", 가독성에 집중해 보면 아주 단순한 변환을 긴 반복문으로 풀고 있어요. 기분 좋게 변환 규칙이 단순하면 map으로 핵심 연산을 또렷하게 표현할 수 있어요.  (답변 종료),1,135,97,38,6862575
484,5,6.6,"[유사한 이름의 함수끼리 가까이 위치하도록 수정 권장] : 99.3 점 👍,
[enumerate 사용 가능한 경우 사용] : 74.2 점,
[한 줄의 길이는 일정 글자 이내로] : 43.2 점 🚨,
[함수의 인수를 변경 가능한 default value로 하지 않아야 함] : 39.9 점 🚨,
[중복되는 사항 common 으로 빼기] : 35.0 점 🚨 (답변 시작)", 가독성에 집중해 보면 같은 처리가 여러 곳에서 반복되고 있어요. 가볍게 공통 동작을 한곳으로 모으면 수정할 때 놓칠 구석이 줄어요! 🔍  (답변 종료),1,137,102,35,6862575
485,5,6.01,"[동일한 인수 집합을 갖는 함수가 많은 경우 클래스화 고려] : 98.5 점 👍,
[함수의 인수를 변경 가능한 default value로 하지 않아야 함] : 96.2 점 👍,
[빈 파일 TODO 표시 필요] : 66.0 점,
[리스트 컴프리헨션 사용이 가능한 경우 사용] : 44.2 점 🚨,
[기존 배열의 원소 추가 대신 extend 함수 사용] : 37.0 점 🚨 (답변 시작)", 조금 거리를 두고 읽어 보면 목록 원소를 하나씩 추가하고 있어요. 오늘의 마무리로 여러 값을 더할 때는 extend를 쓰면 의도가 정확히 전달돼요.  (답변 종료),1,136,104,32,6862575
486,5,7.28,"[f = lambda x: ... 보다는 def f(x): return ... 를 사용] : 96.2 점 👍,
[함수의 인자가 하나로 묶을 수 있는 경우 처리 권장] : 96.1 점 👍,
[key=itemgetter(""key"") 사용 권장] : 90.2 점 👍,
[고정값 상수화 필요] : 31.5 점 🚨,
[함수의 인수를 변경 가능한 default value로 하지 않아야 함] : 9.5 점 🚨 (답변 시작)", 코드의 표정을 읽어 보니 기본 인수에 리스트나 딕셔너리를 넣고 있어요! 다음 커밋에서 리스트나 딕셔너리는 None으로 두고 함수 안에서 만들면 호출 사이에 상태가 섞이지 않아요!  (답변 종료),1,148,109,39,6862575
487,5,6.18,"[함수의 인자가 하나로 묶을 수 있는 경우 처리 권장] : 97.7 점 👍,
[상태 값 조건이 있는 if-elif-elif-else 있는 경우 클래스화 고려] : 91.8 점 👍,
[함수 docstring, 함수명 의미 일치] : 90.5 점 👍,
[불필요한 변수 생성 대신 defaultdict 권장] : 69.2 점,
[인덱스 반환에 index 함수 사용] : 68.5 점 (답변 시작)", 작은 개선을 찾다 보니 위치를 찾기 위해 직접 반복하고 있어요. 과감하게 첫 위치가 필요할 때는 index를 쓰면 목적이 바로 보입니다! 🐣  (답변 종료),1,137,104,33,6862575
488,5,7.11,"[함수 docstring, 함수명 의미 일치] : 96.7 점 👍,
[동일한 인수 집합을 갖는 함수가 많은 경우 클래스화 고려] : 94.7 점 👍,
[미 사용 변수/함수 제거] : 62.1 점,
[100 line 이상 함수 분리, docstring 필요] : 22.9 점 🚨,
[지나치게 많은 들여쓰기 수정] : 18.8 점 🚨 (답변 시작)", 가독성에 집중해 보면 들여쓰기 단계가 깊어 흐름을 따라가기 어려워요. 가능한 범위에서 작은 함수로 쪼개거나 빠른 반환을 쓰면 조건의 미로가 얕아져요.  (답변 종료),1,135,97,38,6862575
489,5,7.09,"[예외를 삼키는 경우가 없어야 함] : 98.9 점 👍,
[100 line 이상 함수 분리, docstring 필요] : 97.6 점 👍,
[a = my_list[0], b = my_list[1] ... 대신 unpacking 사용 필요] : 94.4 점 👍,
[예외의 종류 (OOOError 등) 구체적 명시 권장] : 93.7 점 👍,
[파일 단순 읽기/쓰기는 Path 사용] : 84.4 점 (답변 시작)", 실행 경로를 훑어보니 간단한 파일 작업이 장황하게 처리되고 있어요. 작은 단계로 Path의 읽기와 쓰기 메서드를 쓰면 파일 작업이 짧고 단단해져요. 🔍  (답변 종료),1,147,109,38,6862575
490,5,7.11,"[경로를 path/to/file 이 아닌, pathlib 또는 os.path.join 사용] : 94.0 점 👍,
[함수 docstring, 함수명 의미 일치] : 83.6 점,
[if a.get(""b"") ... 형태로 수정 필요] : 72.7 점,
[prefix, suffix 검사 시 startswith(), endswith() 사용] : 62.9 점,
[str 단순 += 대신 join 사용] : 60.6 점 (답변 시작)", 가독성에 집중해 보면 문자열을 반복해서 더하고 있어요. 팀과 맞춰 보며 조각을 많이 합칠 때는 join으로 모으면 성능과 의도가 함께 좋아져요! 🐣  (답변 종료),1,139,101,38,6862575
491,5,6.18,"[미 사용 변수/함수 제거] : 94.8 점 👍,
[유사한 이름의 함수끼리 가까이 위치하도록 수정 권장] : 86.6 점,
[a = my_list[0], b = my_list[1] ... 대신 unpacking 사용 필요] : 23.8 점 🚨,
[고정값 상수화 필요] : 22.7 점 🚨,
[str 단순 += 대신 join 사용] : 2.4 점 🚨 (답변 시작)", 가독성에 집중해 보면 문자열을 반복해서 더하고 있어요. 가능하다면 조각을 많이 합칠 때는 join으로 모으면 성능과 의도가 함께 좋아져요.  (답변 종료),1,137,104,33,6862575
492,5,6.74,"[함수의 인자가 유동적인 경우 처리 권장] : 92.8 점 👍,
[enumerate 사용 가능한 경우 사용] : 90.8 점 👍,
[정규 표현식 문자열은 r""..."" 권장] : 90.6 점 👍,
[if a.get(""b"") ... 형태로 수정 필요] : 15.9 점 🚨,
[의미 있는 함수명, 변수명 사용] : 8.7 점 🚨 (답변 시작)", 실행 경로를 훑어보니 역할을 짐작하기 어려운 함수나 변수 이름이 보여요! 작은 단계로 무엇을 하는지 드러나는 이름으로 바꾸면 설명서 없이도 코드가 읽혀요!  (답변 종료),1,137,101,36,6862575
493,5,6.39,"[함수 docstring, 함수명 의미 일치] : 98.1 점 👍,
[유사한 이름의 함수끼리 가까이 위치하도록 수정 권장] : 90.8 점 👍,
[비어 있는 문자열 여부 판단 간소화] : 83.5 점,
[유사한 변수명 통일] : 64.7 점,
[itertools.product 사용 가능한 경우 사용] : 18.9 점 🚨 (답변 시작)", 작은 개선을 찾다 보니 조합을 만들려고 중첩 반복문을 쓰고 있어요. 과감하게 모든 조합이 필요할 때는 itertools.product로 의도를 또렷하게 드러내요!  (답변 종료),1,126,92,34,6862575
494,5,6.94,"[미 사용 변수/함수 제거] : 95.3 점 👍,
[함수 docstring, 함수명 의미 일치] : 74.4 점,
[유사한 이름의 함수끼리 가까이 위치하도록 수정 권장] : 67.6 점,
[중복되는 사항 common 으로 빼기] : 50.3 점 🚨,
[숫자 값은 위쪽에 상수로] : 13.4 점 🚨 (답변 시작)", 실행 경로를 훑어보니 로직 사이에 매직 넘버가 숨어 있어요. 한 번에 매직 넘버를 파일 위쪽의 상수로 올리면 숫자가 왜 필요한지 바로 보여요!  (답변 종료),1,131,94,37,6862575
495,5,7.27,"[함수의 인자가 유동적인 경우 처리 권장] : 67.5 점,
[인덱스 반환에 index 함수 사용] : 39.2 점 🚨,
[지나치게 많은 들여쓰기 수정] : 38.7 점 🚨,
[zip 사용 가능한 경우 사용] : 32.3 점 🚨,
[숫자 값은 위쪽에 상수로] : 25.5 점 🚨 (답변 시작)", 작은 개선을 찾다 보니 로직 사이에 매직 넘버가 숨어 있어요. 🔍 가능한 범위에서 매직 넘버를 파일 위쪽의 상수로 올리면 숫자가 왜 필요한지 바로 보여요.  (답변 종료),1,132,93,39,6862575
496,5,6.38,"[지나치게 많은 들여쓰기 수정] : 94.1 점 👍,
[언패킹 시 숫자 인덱스 사용하지 말 것 (변수에 바로 할당)] : 92.2 점 👍,
[빈도수, 반복문, 경로명 리스트 추출 시 collections, itertools, glob 사용] : 74.6 점,
[유사한 변수명 통일] : 59.0 점 🚨,
[비어 있는 문자열 여부 판단 간소화] : 42.5 점 🚨 (답변 시작)", 가독성에 집중해 보면 빈 문자열 검사식이 불필요하게 길어요. 가능한 범위에서 파이썬다운 조건 검사로 바꾸면 조건식이 가볍게 읽혀요.  (답변 종료),1,141,107,34,6862575
497,5,7.45,"[key=itemgetter(""key"") 사용 권장] : 90.0 점 👍,
[주석 처리된 코드 제거] : 68.5 점,
[if-elif-elif-else 구문은 되도록 dict로 수정] : 68.4 점,
[조건문 중첩 대신 any, all 사용] : 2.9 점 🚨,
[상태 값 조건이 있는 if-elif-elif-else 있는 경우 클래스화 고려] : 1.8 점 🚨 (답변 시작)", 개발자 입장에서 보면 상태에 따라 갈라지는 조건문이 길게 이어져요. 작은 단계로 상태별 동작을 클래스로 나누면 새 상태를 더할 때 기존 조건문을 덜 건드려도 돼요.  (답변 종료),1,147,107,40,6862575
498,5,6.92,"[Python 예약어를 변수명으로 사용하지 않아야 함] : 92.3 점 👍,
[예외의 종류 (OOOError 등) 구체적 명시 권장] : 91.5 점 👍,
[매우 간결한 변환은 map 사용] : 87.2 점,
[언패킹 시 숫자 인덱스 사용하지 말 것 (변수에 바로 할당)] : 59.4 점 🚨,
[함수명, 반환값 간 일치] : 55.7 점 🚨 (답변 시작)", 개발자 입장에서 보면 함수 이름과 반환값의 약속이 어긋나는 곳이 있어요! 기록을 남기듯 반환하는 값을 이름에 맞추면 호출부에서 예상이 빗나가지 않아요! 🍀  (답변 종료),1,142,105,37,6862575
499,5,6.91,"[if a.get(""b"") ... 형태로 수정 필요] : 98.2 점 👍,
[유사한 변수명 통일] : 96.2 점 👍,
[언패킹 시 숫자 인덱스 사용하지 말 것 (변수에 바로 할당)] : 95.5 점 👍,
[상태 값 조건이 있는 if-elif-elif-else 있는 경우 클래스화 고려] : 68.8 점,
[함수 docstring, 함수명 의미 일치] : 22.8 점 🚨 (답변 시작)", 가독성에 집중해 보면 docstring과 함수 동작이 서로 다르게 읽혀요! 미래의 나를 위해 docstring과 함수가 약속한 역할을 맞추면 다음 사람이 안심하고 호출할 수 있어요!  (답변 종료),1,146,109,37,6862575
500,6,7.27,"[주석 처리된 코드 제거] : 98.8 점 👍,
[import 순서 준수] : 76.1 점,
[enumerate 사용 가능한 경우 사용] : 75.6 점,
[불필요한 print, logging 제거] : 61.0 점,
[매우 간결한 변환은 map 사용] : 27.3 점 🚨 (답변 시작)", 파일의 흐름을 따라가 보니 아주 단순한 변환을 긴 반복문으로 풀고 있어요. 한 호흡 쉬고 변환 규칙이 단순하면 map으로 핵심 연산을 또렷하게 표현할 수 있어요. 🌈  (답변 종료),1,123,83,40,6862575
501,6,8.8,"[상태 값 조건이 있는 if-elif-elif-else 있는 경우 클래스화 고려] : 93.4 점 👍,
[파일 열기, 닫기 시 with open(...) 사용] : 92.7 점 👍,
[유사한 변수명 통일] : 90.7 점 👍,
[매우 간결한 변환은 map 사용] : 34.8 점 🚨,
[README.md, pyproject.toml 필요] : 31.6 점 🚨 (답변 시작)", 작은 신호를 짚어 보니 시작 방법을 알려 줄 README.md와 pyproject.toml이 필요해 보여요. 기록을 남기듯 설치 방법과 실행 환경을 적어 두면 처음 온 사람도 바로 출발할 수 있어요. 🌿  (답변 종료),1,149,104,45,6862575
502,6,6.75,"[의미 있는 함수명, 변수명 사용] : 98.9 점 👍,
[prefix, suffix 검사 시 startswith(), endswith() 사용] : 97.2 점 👍,
[if-elif-elif-else 구문은 되도록 dict로 수정] : 72.2 점,
[미 사용 변수/함수 제거] : 31.2 점 🚨,
[동일한 인수 집합을 갖는 함수가 많은 경우 클래스화 고려] : 23.2 점 🚨 (답변 시작)", 천천히 살펴보면 같은 설정을 계속 받는 함수가 여러 개예요. 이번 수정에서는 공통 상태를 가진 객체로 묶으면 인자 전달이 가벼워지고 역할도 선명해져요!  (답변 종료),1,145,109,36,6862575
503,6,6.21,"[문자열 단순 연결보다는 f-string 사용] : 97.4 점 👍,
[함수의 인자가 유동적인 경우 처리 권장] : 83.8 점,
[유사한 이름의 함수끼리 가까이 위치하도록 수정 권장] : 68.4 점,
[매우 간결한 변환은 map 사용] : 68.1 점,
[enumerate 사용 가능한 경우 사용] : 36.0 점 🚨 (답변 시작)", 작은 신호를 짚어 보니 반복문에서 번호를 직접 관리하고 있어요. 이 기회에 순서와 값을 함께 쓸 때는 enumerate가 더 자연스럽고 안전해요.  (답변 종료),1,127,94,33,6862575
504,6,5.83,"[itertools.product 사용 가능한 경우 사용] : 92.3 점 👍,
[README.md, pyproject.toml 필요] : 90.9 점 👍,
[함수 인수 type hint 필요] : 90.4 점 👍,
[중복되는 사항 common 으로 빼기] : 88.9 점,
[str 단순 += 대신 join 사용] : 87.7 점 (답변 시작)", 다시 살펴보니 문자열을 반복해서 더하고 있어요. 과감하게 조각을 많이 합칠 때는 join으로 모으면 성능과 의도가 함께 좋아져요. 🍀  (답변 종료),1,118,87,31,6862575
505,6,7.1,"[함수의 인자가 하나로 묶을 수 있는 경우 처리 권장] : 97.8 점 👍,
[동일한 인수 집합을 갖는 함수가 많은 경우 클래스화 고려] : 93.5 점 👍,
[if a.get(""b"") ... 형태로 수정 필요] : 40.9 점 🚨,
[import 순서 준수] : 12.0 점 🚨,
[함수 docstring, 함수명 의미 일치] : 1.5 점 🚨 (답변 시작)", 다음 커밋을 생각해 보면 docstring과 함수 동작이 서로 다르게 읽혀요. 문맥을 확인하며 docstring과 함수가 약속한 역할을 맞추면 다음 사람이 안심하고 호출할 수 있어요!  (답변 종료),1,142,104,38,6862575
506,6,6.75,"[개수 세기에 count 함수 사용] : 99.5 점 👍,
[지나치게 많은 들여쓰기 수정] : 96.8 점 👍,
[enumerate 사용 가능한 경우 사용] : 90.8 점 👍,
[파일 단순 읽기/쓰기는 Path 사용] : 89.7 점,
[의미 있는 함수명, 변수명 사용] : 79.9 점 (답변 시작)", 개발자 입장에서 보면 역할을 짐작하기 어려운 함수나 변수 이름이 보여요. 🛠️ 과감하게 무엇을 하는지 드러나는 이름으로 바꾸면 설명서 없이도 코드가 읽혀요.  (답변 종료),1,126,90,36,6862575
507,6,6.02,"[enumerate 사용 가능한 경우 사용] : 92.8 점 👍,
[파일 단순 읽기/쓰기는 Path 사용] : 92.2 점 👍,
[리스트 컴프리헨션 사용이 가능한 경우 사용] : 91.2 점 👍,
[매우 간결한 변환은 map 사용] : 79.5 점,
[if-elif-elif-else 구문은 되도록 dict로 수정] : 66.8 점 (답변 시작)", 천천히 살펴보면 조건 분기가 길게 늘어진 곳이 있어요. 안전하게 값에 따른 선택이라면 dict 매핑으로 바꾸어 분기표를 단순하게 만들어 보세요. 💡  (답변 종료),1,130,98,32,6862575
508,6,7.6,"[조건문 중첩 대신 any, all 사용] : 51.0 점 🚨,
[함수의 인수를 변경 가능한 default value로 하지 않아야 함] : 46.7 점 🚨,
[불필요한 print, logging 제거] : 44.5 점 🚨,
[빈도수, 반복문, 경로명 리스트 추출 시 collections, itertools, glob 사용] : 32.0 점 🚨,
[고정값 상수화 필요] : 17.4 점 🚨 (답변 시작)", 리뷰 메모를 보면 같은 고정값이 여러 곳에 흩어져 있어요. 🌈 다음 커밋에서 의미 있는 상수 이름으로 꺼내 두면 정책을 바꿀 때 한 번에 손볼 수 있어요! 🎯  (답변 종료),1,150,110,40,6862575
509,6,8.69,"[한 줄의 길이는 일정 글자 이내로] : 99.0 점 👍,
[prefix, suffix 검사 시 startswith(), endswith() 사용] : 69.0 점,
[클래스 내부에서만 쓰이는 속성, 메서드 (접두사 있음) 호출 비 권장] : 48.9 점 🚨,
[함수의 인자가 하나로 묶을 수 있는 경우 처리 권장] : 35.9 점 🚨,
[함수의 인자가 유동적인 경우 처리 권장] : 16.8 점 🚨 (답변 시작)", 다음 변경을 생각하면 개수가 바뀔 수 있는 인수를 고정해 두고 있어요. 🌿 한 호흡 쉬고 가변 인수는 *args나 **kwargs를 알맞게 쓰면 확장에 더 유연해져요! 💫  (답변 종료),1,160,115,45,6862575
510,6,8.04,"[파일 열기, 닫기 시 with open(...) 사용] : 98.7 점 👍,
[prefix, suffix 검사 시 startswith(), endswith() 사용] : 96.4 점 👍,
[제너레이터 표현식 사용이 가능한 경우 사용] : 93.2 점 👍,
[인덱스 반환에 index 함수 사용] : 92.5 점 👍,
[f = lambda x: ... 보다는 def f(x): return ... 를 사용] : 70.7 점 (답변 시작)", 리팩터링 관점에서는 이름이 필요한 동작이 lambda에 숨어 있어요. 다음 배포를 생각하며 재사용하거나 설명이 필요한 로직은 def로 꺼내면 디버깅과 테스트가 편해져요. 🍀  (답변 종료),1,151,108,43,6862575
511,6,6.02,"[함수 인수 type hint 필요] : 97.5 점 👍,
[동일 인자 type 통일] : 87.6 점,
[f = lambda x: ... 보다는 def f(x): return ... 를 사용] : 81.1 점,
[의미 있는 함수명, 변수명 사용] : 64.7 점,
[한 줄의 길이는 일정 글자 이내로] : 44.4 점 🚨 (답변 시작)", 테스트하는 마음으로 보면 한 줄이 너무 길게 이어지는 곳이 있어요. 📌 한 줄씩 줄을 적당히 나누면 작은 화면에서도 흐름을 놓치지 않아요.  (답변 종료),1,125,93,32,6862575
512,6,6.75,"[고정값 상수화 필요] : 99.5 점 👍,
[import 순서 준수] : 97.9 점 👍,
[리스트 컴프리헨션 사용이 가능한 경우 사용] : 96.2 점 👍,
[매우 간결한 변환은 map 사용] : 91.8 점 👍,
[예외의 종류 (OOOError 등) 구체적 명시 권장] : 65.6 점 (답변 시작)", 작은 신호를 짚어 보니 너무 넓은 예외를 잡고 있어요. 이왕이면 예상한 OOOError처럼 구체적인 예외만 잡으면 버그가 숨어버리지 않아요. 🌿  (답변 종료),1,127,91,36,6862575
513,6,6.39,"[제너레이터 표현식 사용이 가능한 경우 사용] : 91.9 점 👍,
[함수명, 반환값 간 일치] : 90.7 점 👍,
[enumerate 사용 가능한 경우 사용] : 51.7 점 🚨,
[if a.get(""b"") ... 형태로 수정 필요] : 44.4 점 🚨,
[유사한 변수명 통일] : 24.4 점 🚨 (답변 시작)", 한 발 물러서서 보면 비슷한 역할의 변수 이름이 제각각이에요. 이 기회에 같은 개념에는 같은 이름 규칙을 쓰면 읽는 속도가 훨씬 빨라져요!  (답변 종료),1,131,97,34,6862575
514,6,7.1,"[a = my_list[0], b = my_list[1] ... 대신 unpacking 사용 필요] : 77.1 점,
[함수의 인자가 하나로 묶을 수 있는 경우 처리 권장] : 75.8 점,
[if-elif-elif-else 구문은 되도록 dict로 수정] : 66.8 점,
[zip 사용 가능한 경우 사용] : 66.1 점,
[파일 열기, 닫기 시 with open(...) 사용] : 63.0 점 (답변 시작)", 한 발 물러서서 보면 파일을 열고 닫는 일을 직접 관리하고 있어요. 필요한 곳부터 with open(...)으로 감싸면 예외가 나도 파일이 안전하게 닫혀요. 🎈  (답변 종료),1,149,111,38,6862575
515,6,7.1,"[if a.get(""b"") ... 형태로 수정 필요] : 73.1 점,
[함수 인수 type hint 필요] : 53.3 점 🚨,
[중복되는 사항 common 으로 빼기] : 24.8 점 🚨,
[if-elif-elif-else 구문은 되도록 dict로 수정] : 10.5 점 🚨,
[함수명, 반환값 간 일치] : 5.1 점 🚨 (답변 시작)", 개발자 입장에서 보면 함수 이름과 반환값의 약속이 어긋나는 곳이 있어요. 기록을 남기듯 반환하는 값을 이름에 맞추면 호출부에서 예상이 빗나가지 않아요! 🧼  (답변 종료),1,141,103,38,6862575
516,6,6.92,"[클래스 내부에서만 쓰이는 속성, 메서드 (접두사 있음) 호출 비 권장] : 88.2 점,
[인덱스 반환에 index 함수 사용] : 80.9 점,
[중복되는 사항 common 으로 빼기] : 19.3 점 🚨,
[불필요한 print, logging 제거] : 7.3 점 🚨,
[함수명, 반환값 간 일치] : 7.1 점 🚨 (답변 시작)", 읽는 사람의 눈으로 보면 함수 이름과 반환값의 약속이 어긋나는 곳이 있어요. 한 발 먼저 반환하는 값을 이름에 맞추면 호출부에서 예상이 빗나가지 않아요. 💡  (답변 종료),1,139,102,37,6862575
517,6,7.82,"[함수 인수 type hint 필요] : 98.6 점 👍,
[100 line 이상 함수 분리, docstring 필요] : 96.2 점 👍,
[import 순서 준수] : 40.6 점 🚨,
[a = my_list[0], b = my_list[1] ... 대신 unpacking 사용 필요] : 27.6 점 🚨,
[if a.get(""b"") ... 형태로 수정 필요] : 13.9 점 🚨 (답변 시작)"," 한 발 물러서서 보면 딕셔너리 키를 꺼내는 과정이 장황해요! 다음 커밋에서 a.get(""b"")처럼 안전하게 꺼내면 누락된 키에서도 흐름이 부드러워요. 🌿  (답변 종료)",1,147,105,42,6862575
518,6,7.13,"[주석 처리된 코드 제거] : 97.6 점 👍,
[예외를 삼키는 경우가 없어야 함] : 97.2 점 👍,
[기존 배열의 원소 추가 대신 extend 함수 사용] : 93.8 점 👍,
[a = my_list[0], b = my_list[1] ... 대신 unpacking 사용 필요] : 77.4 점,
[동일한 인수 집합을 갖는 함수가 많은 경우 클래스화 고려] : 64.4 점 (답변 시작)", 이번 리뷰에서는 같은 설정을 계속 받는 함수가 여러 개예요. 💫 기분 좋게 공통 상태를 가진 객체로 묶으면 인자 전달이 가벼워지고 역할도 선명해져요.  (답변 종료),1,145,107,38,6862575
519,6,6.74,"[매우 간결한 변환은 map 사용] : 98.4 점 👍,
[지나치게 많은 들여쓰기 수정] : 96.1 점 👍,
[함수의 인자가 유동적인 경우 처리 권장] : 91.1 점 👍,
[파일 열기, 닫기 시 with open(...) 사용] : 57.8 점 🚨,
[itertools.product 사용 가능한 경우 사용] : 5.5 점 🚨 (답변 시작)", 작은 개선을 찾다 보니 조합을 만들려고 중첩 반복문을 쓰고 있어요. 과감하게 모든 조합이 필요할 때는 itertools.product로 의도를 또렷하게 드러내요! 🚀  (답변 종료),1,134,98,36,6862575
520,6,6.75,"[중복되는 사항 common 으로 빼기] : 95.5 점 👍,
[제너레이터 표현식 사용이 가능한 경우 사용] : 90.8 점 👍,
[인덱스 반환에 index 함수 사용] : 74.5 점,
[매우 간결한 변환은 map 사용] : 48.1 점 🚨,
[itertools.product 사용 가능한 경우 사용] : 34.6 점 🚨 (답변 시작)", 작은 개선을 찾다 보니 조합을 만들려고 중첩 반복문을 쓰고 있어요. 테스트를 떠올리며 모든 조합이 필요할 때는 itertools.product로 의도를 또렷하게 드러내요.  (답변 종료),1,132,96,36,6862575
521,6,7.29,"[인덱스 반환에 index 함수 사용] : 92.8 점 👍,
[비어 있는 문자열 여부 판단 간소화] : 84.5 점,
[문자열 단순 연결보다는 f-string 사용] : 71.7 점,
[기존 배열의 원소 추가 대신 extend 함수 사용] : 43.5 점 🚨,
[의미 있는 함수명, 변수명 사용] : 24.7 점 🚨 (답변 시작)", 가독성에 집중해 보면 역할을 짐작하기 어려운 함수나 변수 이름이 보여요. 🍀 조금만 시간을 내서 무엇을 하는지 드러나는 이름으로 바꾸면 설명서 없이도 코드가 읽혀요.  (답변 종료),1,133,94,39,6862575
522,6,7.11,"[prefix, suffix 검사 시 startswith(), endswith() 사용] : 94.4 점 👍,
[동일 인자 type 통일] : 91.8 점 👍,
[불필요한 print, logging 제거] : 91.2 점 👍,
[key=itemgetter(""key"") 사용 권장] : 91.0 점 👍,
[f = lambda x: ... 보다는 def f(x): return ... 를 사용] : 61.8 점 (답변 시작)", 다음 변경을 생각하면 이름이 필요한 동작이 lambda에 숨어 있어요. 손이 닿는 자리부터 재사용하거나 설명이 필요한 로직은 def로 꺼내면 디버깅과 테스트가 편해져요.  (답변 종료),1,137,99,38,6862575
523,6,6.75,"[함수명, 반환값 간 일치] : 92.8 점 👍,
[README.md, pyproject.toml 필요] : 86.7 점,
[경로를 path/to/file 이 아닌, pathlib 또는 os.path.join 사용] : 77.2 점,
[함수 인수 type hint 필요] : 68.1 점,
[파일 열기, 닫기 시 with open(...) 사용] : 5.4 점 🚨 (답변 시작)", 이번 리뷰에서는 파일을 열고 닫는 일을 직접 관리하고 있어요. 필요한 곳부터 with open(...)으로 감싸면 예외가 나도 파일이 안전하게 닫혀요. 💫  (답변 종료),1,134,98,36,6862575
524,6,6.92,"[assertion을 제어 메커니즘으로 사용하면 안됨] : 98.2 점 👍,
[빈도수, 반복문, 경로명 리스트 추출 시 collections, itertools, glob 사용] : 93.5 점 👍,
[중복되는 사항 common 으로 빼기] : 92.3 점 👍,
[인덱스 반환에 index 함수 사용] : 91.0 점 👍,
[함수 인수 type hint 필요] : 67.7 점 (답변 시작)", 코드의 표정을 읽어 보니 함수 인수의 type hint가 비어 있어요. 🧠 과감하게 인수에 type hint를 달아 두면 들어오는 데이터가 무엇인지 바로 알 수 있어요!  (답변 종료),1,138,101,37,6862575
525,6,7.12,"[함수명, 반환값 간 일치] : 100.0 점 👍,
[클래스 내부에서만 쓰이는 속성, 메서드 (접두사 있음) 호출 비 권장] : 78.1 점,
[함수의 인자가 유동적인 경우 처리 권장] : 61.2 점,
[매우 간결한 변환은 map 사용] : 42.3 점 🚨,
[고정값 상수화 필요] : 24.6 점 🚨 (답변 시작)", 작은 신호를 짚어 보니 같은 고정값이 여러 곳에 흩어져 있어요. 기분 좋게 의미 있는 상수 이름으로 꺼내 두면 정책을 바꿀 때 한 번에 손볼 수 있어요. 🌈  (답변 종료),1,139,101,38,6862575
526,6,6.92,"[예외를 삼키는 경우가 없어야 함] : 73.0 점,
[a = my_list[0], b = my_list[1] ... 대신 unpacking 사용 필요] : 72.6 점,
[if-elif-elif-else 구문은 되도록 dict로 수정] : 67.7 점,
[매우 간결한 변환은 map 사용] : 50.2 점 🚨,
[미 사용 변수/함수 제거] : 49.0 점 🚨 (답변 시작)", 이번 리뷰에서는 쓰이지 않는 변수나 함수가 남아 있네요. 기분 좋게 참조되지 않는 선언을 걷어 내면 핵심 로직만 또렷하게 남아요. 🌿  (답변 종료),1,145,108,37,6862575
527,6,5.49,"[매우 간결한 변환은 map 사용] : 97.3 점 👍,
[조건문 중첩 대신 any, all 사용] : 92.2 점 👍,
[유사한 변수명 통일] : 91.5 점 👍,
[기존 배열의 원소 추가 대신 extend 함수 사용] : 67.2 점,
[한 줄의 길이는 일정 글자 이내로] : 6.5 점 🚨 (답변 시작)", 파일의 흐름을 따라가 보니 한 줄이 너무 길게 이어지는 곳이 있어요. 안전하게 줄을 적당히 나누면 작은 화면에서도 흐름을 놓치지 않아요.  (답변 종료),1,121,92,29,6862575
528,6,6.57,"[assertion을 제어 메커니즘으로 사용하면 안됨] : 92.8 점 👍,
[동일한 인수 집합을 갖는 함수가 많은 경우 클래스화 고려] : 79.6 점,
[함수 docstring, 함수명 의미 일치] : 77.1 점,
[클래스 내부에서만 쓰이는 속성, 메서드 (접두사 있음) 호출 비 권장] : 72.9 점,
[파일 단순 읽기/쓰기는 Path 사용] : 4.2 점 🚨 (답변 시작)", 이번 리뷰에서는 간단한 파일 작업이 장황하게 처리되고 있어요. 읽는 사람을 위해 Path의 읽기와 쓰기 메서드를 쓰면 파일 작업이 짧고 단단해져요.  (답변 종료),1,141,106,35,6862575
529,6,7.12,"[동일 인자 type 통일] : 97.2 점 👍,
[함수의 인자가 유동적인 경우 처리 권장] : 92.7 점 👍,
[제너레이터 표현식 사용이 가능한 경우 사용] : 75.9 점,
[언패킹 시 숫자 인덱스 사용하지 말 것 (변수에 바로 할당)] : 65.8 점,
[함수명, 반환값 간 일치] : 63.1 점 (답변 시작)", 한 번 더 확인해 보니 함수 이름과 반환값의 약속이 어긋나는 곳이 있어요. 가볍게 반환하는 값을 이름에 맞추면 호출부에서 예상이 빗나가지 않아요. 🧠  (답변 종료),1,135,97,38,6862575
530,6,7.66,"[상태 값 조건이 있는 if-elif-elif-else 있는 경우 클래스화 고려] : 98.1 점 👍,
[불필요한 변수 생성 대신 defaultdict 권장] : 96.6 점 👍,
[import 순서 준수] : 93.5 점 👍,
[예외의 종류 (OOOError 등) 구체적 명시 권장] : 93.3 점 👍,
[함수의 인자가 하나로 묶을 수 있는 경우 처리 권장] : 44.4 점 🚨 (답변 시작)", 바꿀 지점을 골라 보니 함께 움직이는 인수가 따로따로 전달되고 있어요. 가능하다면 함께 쓰는 값을 객체나 dataclass로 묶으면 호출부가 훨씬 덜 복잡해져요! 💫  (답변 종료),1,148,107,41,6862575
531,6,7.32,"[enumerate 사용 가능한 경우 사용] : 95.6 점 👍,
[함수 docstring, 함수명 의미 일치] : 93.4 점 👍,
[f = lambda x: ... 보다는 def f(x): return ... 를 사용] : 85.3 점,
[중복되는 사항 common 으로 빼기] : 54.7 점 🚨,
[고정값 상수화 필요] : 46.6 점 🚨 (답변 시작)", 이 파일을 읽다 보면 같은 고정값이 여러 곳에 흩어져 있어요. 한 호흡 쉬고 의미 있는 상수 이름으로 꺼내 두면 정책을 바꿀 때 한 번에 손볼 수 있어요! 🌈  (답변 종료),1,137,98,39,6862575
532,6,7.49,"[정규 표현식 문자열은 r""..."" 권장] : 98.7 점 👍,
[동일한 인수 집합을 갖는 함수가 많은 경우 클래스화 고려] : 91.2 점 👍,
[동일 인자 type 통일] : 69.9 점,
[Python 예약어를 변수명으로 사용하지 않아야 함] : 68.1 점,
[의미 있는 함수명, 변수명 사용] : 6.8 점 🚨 (답변 시작)", 실행 경로를 훑어보니 역할을 짐작하기 어려운 함수나 변수 이름이 보여요. 📌 다음 커밋에서 무엇을 하는지 드러나는 이름으로 바꾸면 설명서 없이도 코드가 읽혀요. 🍀  (답변 종료),1,137,97,40,6862575
533,6,7.69,"[itertools.product 사용 가능한 경우 사용] : 85.4 점,
[파일 단순 읽기/쓰기는 Path 사용] : 82.8 점,
[유사한 변수명 통일] : 80.2 점,
[예외의 종류 (OOOError 등) 구체적 명시 권장] : 69.6 점,
[동일한 인수 집합을 갖는 함수가 많은 경우 클래스화 고려] : 64.8 점 (답변 시작)", 작은 신호를 짚어 보니 같은 설정을 계속 받는 함수가 여러 개예요. 🌿 이번 수정에서는 공통 상태를 가진 객체로 묶으면 인자 전달이 가벼워지고 역할도 선명해져요!  (답변 종료),1,136,95,41,6862575
534,6,6.82,"[assertion을 제어 메커니즘으로 사용하면 안됨] : 99.0 점 👍,
[주석 처리된 코드 제거] : 93.0 점 👍,
[함수명, 반환값 간 일치] : 91.4 점 👍,
[zip 사용 가능한 경우 사용] : 88.2 점,
[제너레이터 표현식 사용이 가능한 경우 사용] : 74.7 점 (답변 시작)", 이번 리뷰에서는 한 번만 쓸 중간 목록이 만들어지고 있어요. 🌿 천천히 한 번만 순회한다면 제너레이터 표현식으로 메모리를 아껴 볼 만해요.  (답변 종료),1,126,90,36,6862575
535,6,6.57,"[zip 사용 가능한 경우 사용] : 86.1 점,
[한 줄의 길이는 일정 글자 이내로] : 83.5 점,
[언패킹 시 숫자 인덱스 사용하지 말 것 (변수에 바로 할당)] : 67.9 점,
[주석 처리된 코드 제거] : 17.7 점 🚨,
[중복되는 사항 common 으로 빼기] : 0.6 점 🚨 (답변 시작)", 개발자 입장에서 보면 같은 처리가 여러 곳에서 반복되고 있어요. 📌 호기심을 갖고 공통 동작을 한곳으로 모으면 수정할 때 놓칠 구석이 줄어요. 🔍  (답변 종료),1,131,96,35,6862575
536,6,8.24,"[한 줄의 길이는 일정 글자 이내로] : 91.8 점 👍,
[상태 값 조건이 있는 if-elif-elif-else 있는 경우 클래스화 고려] : 91.7 점 👍,
[파일 단순 읽기/쓰기는 Path 사용] : 90.2 점 👍,
[제너레이터 표현식 사용이 가능한 경우 사용] : 7.6 점 🚨,
[key=itemgetter(""key"") 사용 권장] : 4.6 점 🚨 (답변 시작)"," 파일을 다시 훑어보니 정렬 키를 lambda로 길게 꺼내고 있어요. 다음 변경 전에 딕셔너리 키로 정렬할 때는 itemgetter(""key"")가 더 간결하게 뜻을 전해요. 🌈  (답변 종료)",1,150,106,44,6862575
537,6,6.57,"[클래스 내부에서만 쓰이는 속성, 메서드 (접두사 있음) 호출 비 권장] : 93.9 점 👍,
[enumerate 사용 가능한 경우 사용] : 86.9 점,
[주석 처리된 코드 제거] : 72.3 점,
[상태 값 조건이 있는 if-elif-elif-else 있는 경우 클래스화 고려] : 30.9 점 🚨,
[중복되는 사항 common 으로 빼기] : 5.2 점 🚨 (답변 시작)", 파일의 흐름을 따라가 보니 같은 처리가 여러 곳에서 반복되고 있어요. 💫 기분 좋게 공통 동작을 한곳으로 모으면 수정할 때 놓칠 구석이 줄어요.  (답변 종료),1,144,109,35,6862575
538,6,7.86,"[상태 값 조건이 있는 if-elif-elif-else 있는 경우 클래스화 고려] : 98.8 점 👍,
[주석 처리된 코드 제거] : 92.3 점 👍,
[빈 파일 TODO 표시 필요] : 91.7 점 👍,
[예외를 삼키는 경우가 없어야 함] : 24.3 점 🚨,
[key=itemgetter(""key"") 사용 권장] : 11.6 점 🚨 (답변 시작)"," 파일의 흐름을 따라가 보니 정렬 키를 lambda로 길게 꺼내고 있어요. 이번 수정에서는 딕셔너리 키로 정렬할 때는 itemgetter(""key"")가 더 간결하게 뜻을 전해요. 📌  (답변 종료)",1,142,100,42,6862575
539,6,7.12,"[prefix, suffix 검사 시 startswith(), endswith() 사용] : 99.0 점 👍,
[if a.get(""b"") ... 형태로 수정 필요] : 98.8 점 👍,
[비어 있는 문자열 여부 판단 간소화] : 92.8 점 👍,
[예외의 종류 (OOOError 등) 구체적 명시 권장] : 61.4 점,
[함수 docstring, 함수명 의미 일치] : 28.2 점 🚨 (답변 시작)", 파일의 흐름을 따라가 보니 docstring과 함수 동작이 서로 다르게 읽혀요! 다음 커밋에서 docstring과 함수가 약속한 역할을 맞추면 다음 사람이 안심하고 호출할 수 있어요. 🌿  (답변 종료),1,142,104,38,6862575
540,6,7.12,"[한 줄의 길이는 일정 글자 이내로] : 94.5 점 👍,
[주석 처리된 코드 제거] : 90.2 점 👍,
[예외의 종류 (OOOError 등) 구체적 명시 권장] : 71.1 점,
[100 line 이상 함수 분리, docstring 필요] : 45.0 점 🚨,
[숫자 값은 위쪽에 상수로] : 35.9 점 🚨 (답변 시작)", 동작을 쭉 따라가 보니 로직 사이에 매직 넘버가 숨어 있어요. 🔍 가능한 범위에서 매직 넘버를 파일 위쪽의 상수로 올리면 숫자가 왜 필요한지 바로 보여요.  (답변 종료),1,134,96,38,6862575
541,6,6.93,"[README.md, pyproject.toml 필요] : 94.8 점 👍,
[숫자 값은 위쪽에 상수로] : 91.3 점 👍,
[지나치게 많은 들여쓰기 수정] : 91.1 점 👍,
[상태 값 조건이 있는 if-elif-elif-else 있는 경우 클래스화 고려] : 86.2 점,
[itertools.product 사용 가능한 경우 사용] : 4.5 점 🚨 (답변 시작)", 팀원이 처음 본다고 생각하면 조합을 만들려고 중첩 반복문을 쓰고 있어요. 한 줄씩 모든 조합이 필요할 때는 itertools.product로 의도를 또렷하게 드러내요.  (답변 종료),1,136,99,37,6862575
542,6,6.76,"[함수명, 반환값 간 일치] : 99.7 점 👍,
[지나치게 많은 들여쓰기 수정] : 88.5 점,
[동일 인자 type 통일] : 83.6 점,
[숫자 값은 위쪽에 상수로] : 66.2 점,
[zip 사용 가능한 경우 사용] : 0.1 점 🚨 (답변 시작)", 이 파일을 읽다 보면 두 목록을 인덱스로 따로 읽고 있어요. 한 호흡 쉬고 나란히 읽는 값들은 zip으로 묶어 주면 인덱스 실수를 막을 수 있어요. 📌  (답변 종료),1,119,83,36,6862575
543,6,6.2,"[정규 표현식 문자열은 r""..."" 권장] : 99.1 점 👍,
[숫자 값은 위쪽에 상수로] : 94.4 점 👍,
[동일 인자 type 통일] : 91.0 점 👍,
[예외의 종류 (OOOError 등) 구체적 명시 권장] : 79.8 점,
[인덱스 반환에 index 함수 사용] : 74.5 점 (답변 시작)", 파일의 흐름을 따라가 보니 위치를 찾기 위해 직접 반복하고 있어요! 이왕이면 첫 위치가 필요할 때는 index를 쓰면 목적이 바로 보입니다. 🧩  (답변 종료),1,125,92,33,6862575
544,6,6.77,"[클래스 내부에서만 쓰이는 속성, 메서드 (접두사 있음) 호출 비 권장] : 99.6 점 👍,
[f = lambda x: ... 보다는 def f(x): return ... 를 사용] : 97.7 점 👍,
[고정값 상수화 필요] : 90.0 점 👍,
[인덱스 반환에 index 함수 사용] : 65.9 점,
[import 순서 준수] : 62.9 점 (답변 시작)", 리팩터링 관점에서는 import 배치가 섞여 있어요. 여유가 될 때 표준 라이브러리와 외부 패키지와 내부 모듈을 차례로 정리하면 시작 화면이 말끔해져요.  (답변 종료),1,136,100,36,6862575
545,6,6.97,"[유사한 이름의 함수끼리 가까이 위치하도록 수정 권장] : 91.6 점 👍,
[import 순서 준수] : 81.3 점,
[경로를 path/to/file 이 아닌, pathlib 또는 os.path.join 사용] : 46.7 점 🚨,
[고정값 상수화 필요] : 21.4 점 🚨,
[지나치게 많은 들여쓰기 수정] : 1.2 점 🚨 (답변 시작)", 테스트를 떠올리면 들여쓰기 단계가 깊어 흐름을 따라가기 어려워요. 프로젝트를 아끼는 마음으로 작은 함수로 쪼개거나 빠른 반환을 쓰면 조건의 미로가 얕아져요.  (답변 종료),1,134,97,37,6862575
546,6,5.69,"[주석 처리된 코드 제거] : 97.3 점 👍,
[함수의 인자가 하나로 묶을 수 있는 경우 처리 권장] : 89.2 점,
[불필요한 변수 생성 대신 defaultdict 권장] : 67.0 점,
[예외의 종류 (OOOError 등) 구체적 명시 권장] : 62.7 점,
[한 줄의 길이는 일정 글자 이내로] : 38.6 점 🚨 (답변 시작)", 다음 변경을 생각하면 한 줄이 너무 길게 이어지는 곳이 있어요. 💡 개발자 마음으로 줄을 적당히 나누면 작은 화면에서도 흐름을 놓치지 않아요!  (답변 종료),1,128,98,30,6862575
547,6,7.49,"[상태 값 조건이 있는 if-elif-elif-else 있는 경우 클래스화 고려] : 90.0 점 👍,
[인덱스 반환에 index 함수 사용] : 75.5 점,
[a = my_list[0], b = my_list[1] ... 대신 unpacking 사용 필요] : 52.1 점 🚨,
[함수의 인자가 유동적인 경우 처리 권장] : 20.4 점 🚨,
[조건문 중첩 대신 any, all 사용] : 18.8 점 🚨 (답변 시작)", 팀원이 처음 본다고 생각하면 조건문이 여러 겹으로 겹쳐 있어요. 다음 커밋에서 여러 조건의 존재 여부는 any나 all에 맡기면 뜻이 훨씬 또렷해져요!  (답변 종료),1,158,118,40,6862575
548,6,6.96,"[한 줄의 길이는 일정 글자 이내로] : 98.3 점 👍,
[제너레이터 표현식 사용이 가능한 경우 사용] : 86.9 점,
[클래스 내부에서만 쓰이는 속성, 메서드 (접두사 있음) 호출 비 권장] : 81.1 점,
[개수 세기에 count 함수 사용] : 71.4 점,
[유사한 이름의 함수끼리 가까이 위치하도록 수정 권장] : 67.9 점 (답변 시작)", 코드의 표정을 읽어 보니 비슷한 이름의 함수가 파일 곳곳에 흩어져 있어요. 한 줄씩 비슷한 역할의 함수를 가까이 두면 탐색 시간이 줄고 파일 구조가 자연스러워져요. 😉  (답변 종료),1,139,102,37,6862575
549,6,6.39,"[한 줄의 길이는 일정 글자 이내로] : 98.8 점 👍,
[함수의 인자가 유동적인 경우 처리 권장] : 91.6 점 👍,
[제너레이터 표현식 사용이 가능한 경우 사용] : 86.9 점,
[기존 배열의 원소 추가 대신 extend 함수 사용] : 64.9 점,
[중복되는 사항 common 으로 빼기] : 6.7 점 🚨 (답변 시작)", 다시 살펴보니 같은 처리가 여러 곳에서 반복되고 있어요. 🌿 한 호흡 쉬고 공통 동작을 한곳으로 모으면 수정할 때 놓칠 구석이 줄어요.  (답변 종료),1,131,97,34,6862575
550,6,6.77,"[함수 docstring, 함수명 의미 일치] : 97.6 점 👍,
[주석 처리된 코드 제거] : 96.5 점 👍,
[경로를 path/to/file 이 아닌, pathlib 또는 os.path.join 사용] : 95.5 점 👍,
[동일한 인수 집합을 갖는 함수가 많은 경우 클래스화 고려] : 50.9 점 🚨,
[유사한 변수명 통일] : 39.9 점 🚨 (답변 시작)", 이 파일을 읽다 보면 비슷한 역할의 변수 이름이 제각각이에요. 가능한 범위에서 같은 개념에는 같은 이름 규칙을 쓰면 읽는 속도가 훨씬 빨라져요! 🌿  (답변 종료),1,139,103,36,6862575
551,6,7.29,"[개수 세기에 count 함수 사용] : 96.3 점 👍,
[key=itemgetter(""key"") 사용 권장] : 94.3 점 👍,
[숫자 값은 위쪽에 상수로] : 25.3 점 🚨,
[함수명, 반환값 간 일치] : 6.8 점 🚨,
[a = my_list[0], b = my_list[1] ... 대신 unpacking 사용 필요] : 0.3 점 🚨 (답변 시작)", 파일의 흐름을 따라가 보니 목록의 원소를 하나씩 꺼내고 있어요. 다음 변경 전에 정해진 순서의 값은 unpacking으로 풀어 주면 한 번에 읽혀요. 🐣  (답변 종료),1,145,106,39,6862575
552,6,6.78,"[중복되는 사항 common 으로 빼기] : 99.5 점 👍,
[문자열 단순 연결보다는 f-string 사용] : 95.1 점 👍,
[파일 단순 읽기/쓰기는 Path 사용] : 93.8 점 👍,
[prefix, suffix 검사 시 startswith(), endswith() 사용] : 83.6 점,
[유사한 변수명 통일] : 18.2 점 🚨 (답변 시작)", 읽는 사람의 눈으로 보면 비슷한 역할의 변수 이름이 제각각이에요. 🐣 살펴본 김에 같은 개념에는 같은 이름 규칙을 쓰면 읽는 속도가 훨씬 빨라져요.  (답변 종료),1,133,97,36,6862575
553,6,5.83,"[함수의 인자가 하나로 묶을 수 있는 경우 처리 권장] : 96.3 점 👍,
[고정값 상수화 필요] : 91.9 점 👍,
[동일한 인수 집합을 갖는 함수가 많은 경우 클래스화 고려] : 54.4 점 🚨,
[조건문 중첩 대신 any, all 사용] : 7.6 점 🚨,
[한 줄의 길이는 일정 글자 이내로] : 3.1 점 🚨 (답변 시작)", 이 파일을 읽다 보면 한 줄이 너무 길게 이어지는 곳이 있어요. 가능한 범위에서 줄을 적당히 나누면 작은 화면에서도 흐름을 놓치지 않아요.  (답변 종료),1,135,104,31,6862575
554,6,8.24,"[상태 값 조건이 있는 if-elif-elif-else 있는 경우 클래스화 고려] : 99.6 점 👍,
[지나치게 많은 들여쓰기 수정] : 94.8 점 👍,
[str 단순 += 대신 join 사용] : 77.0 점,
[리스트 컴프리헨션 사용이 가능한 경우 사용] : 69.6 점,
[key=itemgetter(""key"") 사용 권장] : 5.4 점 🚨 (답변 시작)"," 리뷰 돋보기를 대 보니 정렬 키를 lambda로 길게 꺼내고 있어요. 🎯 다음 커밋에서 딕셔너리 키로 정렬할 때는 itemgetter(""key"")가 더 간결하게 뜻을 전해요.  (답변 종료)",1,143,99,44,6862575
555,6,6.77,"[중복되는 사항 common 으로 빼기] : 94.4 점 👍,
[매우 간결한 변환은 map 사용] : 93.3 점 👍,
[zip 사용 가능한 경우 사용] : 65.2 점,
[f = lambda x: ... 보다는 def f(x): return ... 를 사용] : 19.1 점 🚨,
[조건문 중첩 대신 any, all 사용] : 18.8 점 🚨 (답변 시작)", 미래의 나를 위해 보면 조건문이 여러 겹으로 겹쳐 있어요. 부드럽게 여러 조건의 존재 여부는 any나 all에 맡기면 뜻이 훨씬 또렷해져요.  (답변 종료),1,136,100,36,6862575
556,6,7.48,"[f = lambda x: ... 보다는 def f(x): return ... 를 사용] : 94.7 점 👍,
[prefix, suffix 검사 시 startswith(), endswith() 사용] : 94.5 점 👍,
[a = my_list[0], b = my_list[1] ... 대신 unpacking 사용 필요] : 83.8 점,
[지나치게 많은 들여쓰기 수정] : 29.1 점 🚨,
[동일 인자 type 통일] : 10.6 점 🚨 (답변 시작)", 파일을 다시 훑어보니 같은 의미의 인수에서 type 표기가 통일되지 않았어요. 프로젝트를 아끼는 마음으로 인수의 type을 한 방식으로 맞추면 호출하는 쪽도 덜 헷갈려요.  (답변 종료),1,153,113,40,6862575
557,6,7.88,"[중복되는 사항 common 으로 빼기] : 67.3 점,
[불필요한 print, logging 제거] : 35.6 점 🚨,
[정규 표현식 문자열은 r""..."" 권장] : 35.2 점 🚨,
[동일한 인수 집합을 갖는 함수가 많은 경우 클래스화 고려] : 29.7 점 🚨,
[불필요한 변수 생성 대신 defaultdict 권장] : 2.6 점 🚨 (답변 시작)", 현재 흐름에서는 키별 초기화를 직접 반복하고 있어요. 팀과 맞춰 보며 키별로 값을 모을 때는 defaultdict를 쓰면 분기와 보일러플레이트가 줄어들어요! 🛠️  (답변 종료),1,144,102,42,6862575
558,6,6.03,"[조건문 중첩 대신 any, all 사용] : 95.2 점 👍,
[예외를 삼키는 경우가 없어야 함] : 94.4 점 👍,
[함수의 인수를 변경 가능한 default value로 하지 않아야 함] : 93.7 점 👍,
[key=itemgetter(""key"") 사용 권장] : 64.5 점,
[str 단순 += 대신 join 사용] : 49.4 점 🚨 (답변 시작)", 다시 살펴보니 문자열을 반복해서 더하고 있어요. 팀과 맞춰 보며 조각을 많이 합칠 때는 join으로 모으면 성능과 의도가 함께 좋아져요.  (답변 종료),1,128,96,32,6862575
559,6,7.32,"[파일 열기, 닫기 시 with open(...) 사용] : 92.8 점 👍,
[불필요한 변수 생성 대신 defaultdict 권장] : 85.3 점,
[함수의 인자가 하나로 묶을 수 있는 경우 처리 권장] : 50.6 점 🚨,
[100 line 이상 함수 분리, docstring 필요] : 18.0 점 🚨,
[함수 인수 type hint 필요] : 17.4 점 🚨 (답변 시작)", 실행 경로를 훑어보니 함수 인수의 type hint가 비어 있어요. 📌 이 기회에 인수에 type hint를 달아 두면 들어오는 데이터가 무엇인지 바로 알 수 있어요. 🍀  (답변 종료),1,140,101,39,6862575
560,6,6.94,"[함수 docstring, 함수명 의미 일치] : 99.5 점 👍,
[import 순서 준수] : 96.7 점 👍,
[미 사용 변수/함수 제거] : 62.3 점,
[상태 값 조건이 있는 if-elif-elif-else 있는 경우 클래스화 고려] : 16.8 점 🚨,
[동일한 인수 집합을 갖는 함수가 많은 경우 클래스화 고려] : 2.5 점 🚨 (답변 시작)", 한 번 더 확인해 보니 같은 설정을 계속 받는 함수가 여러 개예요. 우선 공통 상태를 가진 객체로 묶으면 인자 전달이 가벼워지고 역할도 선명해져요!  (답변 종료),1,139,102,37,6862575
561,6,8.4,"[100 line 이상 함수 분리, docstring 필요] : 98.7 점 👍,
[비어 있는 문자열 여부 판단 간소화] : 91.4 점 👍,
[리스트 컴프리헨션 사용이 가능한 경우 사용] : 79.1 점,
[언패킹 시 숫자 인덱스 사용하지 말 것 (변수에 바로 할당)] : 73.2 점,
[함수의 인수를 변경 가능한 default value로 하지 않아야 함] : 60.0 점 (답변 시작)", 한 번 더 확인해 보니 기본 인수에 리스트나 딕셔너리를 넣고 있어요. 🐣 언패킹하거나 리스트나 딕셔너리를 빈 상태로 두고 함수 안에서 만들면 호출 사이에 상태가 섞이지 않아요. 😉  (답변 종료),1,149,104,45,6862575
562,6,7.5,"[파일 열기, 닫기 시 with open(...) 사용] : 98.9 점 👍,
[유사한 이름의 함수끼리 가까이 위치하도록 수정 권장] : 97.0 점 👍,
[매우 간결한 변환은 map 사용] : 96.6 점 👍,
[경로를 path/to/file 이 아닌, pathlib 또는 os.path.join 사용] : 81.9 점,
[동일한 인수 집합을 갖는 함수가 많은 경우 클래스화 고려] : 66.4 점 (답변 시작)", 작은 신호를 짚어 보니 같은 설정을 계속 받는 함수가 여러 개예요. 😺 기분 좋게 공통 상태를 가진 객체로 묶으면 인자 전달이 가벼워지고 역할도 선명해져요!  (답변 종료),1,148,108,40,6862575
563,6,7.52,"[a = my_list[0], b = my_list[1] ... 대신 unpacking 사용 필요] : 99.4 점 👍,
[함수 인수 type hint 필요] : 93.4 점 👍,
[클래스 내부에서만 쓰이는 속성, 메서드 (접두사 있음) 호출 비 권장] : 90.8 점 👍,
[함수의 인수를 변경 가능한 default value로 하지 않아야 함] : 34.5 점 🚨,
[불필요한 변수 생성 대신 defaultdict 권장] : 5.5 점 🚨 (답변 시작)", 한 번 더 확인해 보니 키별 초기화를 직접 반복하고 있어요. 다음 커밋에서 키별로 값을 모을 때는 defaultdict를 쓰면 분기와 보일러플레이트가 줄어들어요.  (답변 종료),1,158,118,40,6862575
564,6,8.03,"[함수명, 반환값 간 일치] : 94.9 점 👍,
[enumerate 사용 가능한 경우 사용] : 87.9 점,
[if a.get(""b"") ... 형태로 수정 필요] : 81.3 점,
[zip 사용 가능한 경우 사용] : 67.0 점,
[상태 값 조건이 있는 if-elif-elif-else 있는 경우 클래스화 고려] : 51.8 점 🚨 (답변 시작)", 코드의 결을 살펴보면 상태에 따라 갈라지는 조건문이 길게 이어져요. 💫 기분 좋게 상태별 동작을 클래스로 나누면 새 상태를 더할 때 기존 조건문을 덜 건드려도 돼요.  (답변 종료),1,142,99,43,6862575
565,6,7.87,"[함수의 인수를 변경 가능한 default value로 하지 않아야 함] : 91.3 점 👍,
[유사한 이름의 함수끼리 가까이 위치하도록 수정 권장] : 91.2 점 👍,
[itertools.product 사용 가능한 경우 사용] : 82.5 점,
[enumerate 사용 가능한 경우 사용] : 81.7 점,
[상태 값 조건이 있는 if-elif-elif-else 있는 경우 클래스화 고려] : 59.4 점 🚨 (답변 시작)", 다음 변경을 생각하면 상태에 따라 갈라지는 조건문이 길게 이어져요. 팀과 맞춰 보며 상태별 동작을 클래스로 나누면 새 상태를 더할 때 기존 조건문을 덜 건드려도 돼요.  (답변 종료),1,149,107,42,6862575
566,6,6.75,"[itertools.product 사용 가능한 경우 사용] : 93.3 점 👍,
[고정값 상수화 필요] : 92.4 점 👍,
[의미 있는 함수명, 변수명 사용] : 80.6 점,
[str 단순 += 대신 join 사용] : 63.3 점,
[a = my_list[0], b = my_list[1] ... 대신 unpacking 사용 필요] : 41.1 점 🚨 (답변 시작)", 천천히 살펴보면 목록의 원소를 하나씩 꺼내고 있어요. 💡 한 호흡 쉬고 정해진 순서의 값은 unpacking으로 풀어 주면 한 번에 읽혀요. 📌  (답변 종료),1,136,100,36,6862575
567,6,7.51,"[조건문 중첩 대신 any, all 사용] : 95.4 점 👍,
[비어 있는 문자열 여부 판단 간소화] : 91.1 점 👍,
[유사한 변수명 통일] : 79.7 점,
[prefix, suffix 검사 시 startswith(), endswith() 사용] : 74.5 점,
[assertion을 제어 메커니즘으로 사용하면 안됨] : 28.2 점 🚨 (답변 시작)", 이번 리뷰에서는 assert가 실행 흐름을 대신하고 있어요. 🌿 천천히 검증이 필요한 분기는 명시적인 예외 처리로 바꾸어야 배포 환경에서도 안전해요. 🐣  (답변 종료),1,136,96,40,6862575
568,6,7.5,"[a = my_list[0], b = my_list[1] ... 대신 unpacking 사용 필요] : 97.4 점 👍,
[if-elif-elif-else 구문은 되도록 dict로 수정] : 95.3 점 👍,
[리스트 컴프리헨션 사용이 가능한 경우 사용] : 81.2 점,
[지나치게 많은 들여쓰기 수정] : 75.1 점,
[동일한 인수 집합을 갖는 함수가 많은 경우 클래스화 고려] : 7.5 점 🚨 (답변 시작)", 리뷰 메모를 보면 같은 설정을 계속 받는 함수가 여러 개예요. 😺 한 줄씩 공통 상태를 가진 객체로 묶으면 인자 전달이 가벼워지고 역할도 선명해져요!  (답변 종료),1,155,115,40,6862575
569,6,7.86,"[빈도수, 반복문, 경로명 리스트 추출 시 collections, itertools, glob 사용] : 96.2 점 👍,
[제너레이터 표현식 사용이 가능한 경우 사용] : 95.9 점 👍,
[prefix, suffix 검사 시 startswith(), endswith() 사용] : 91.3 점 👍,
[주석 처리된 코드 제거] : 84.1 점,
[상태 값 조건이 있는 if-elif-elif-else 있는 경우 클래스화 고려] : 82.5 점 (답변 시작)", 변경 가능성을 살펴보니 상태에 따라 갈라지는 조건문이 길게 이어져요. 💫 기분 좋게 상태별 동작을 클래스로 나누면 새 상태를 더할 때 기존 조건문을 덜 건드려도 돼요.  (답변 종료),1,157,115,42,6862575
570,6,7.48,"[함수의 인자가 유동적인 경우 처리 권장] : 91.2 점 👍,
[zip 사용 가능한 경우 사용] : 50.0 점 🚨,
[100 line 이상 함수 분리, docstring 필요] : 47.1 점 🚨,
[상태 값 조건이 있는 if-elif-elif-else 있는 경우 클래스화 고려] : 13.1 점 🚨,
[동일 인자 type 통일] : 12.5 점 🚨 (답변 시작)", 코드의 표정을 읽어 보니 같은 의미의 인수에서 type 표기가 통일되지 않았어요. 💫 기분 좋게 인수의 type을 한 방식으로 맞추면 호출하는 쪽도 덜 헷갈려요.  (답변 종료),1,143,103,40,6862575
571,6,7.14,"[비어 있는 문자열 여부 판단 간소화] : 98.2 점 👍,
[key=itemgetter(""key"") 사용 권장] : 94.4 점 👍,
[if-elif-elif-else 구문은 되도록 dict로 수정] : 21.6 점 🚨,
[파일 단순 읽기/쓰기는 Path 사용] : 11.5 점 🚨,
[동일 인자 type 통일] : 8.0 점 🚨 (답변 시작)", 개발자 입장에서 보면 같은 의미의 인수에서 type 표기가 통일되지 않았어요. 여유가 될 때 인수의 type을 한 방식으로 맞추면 호출하는 쪽도 덜 헷갈려요.  (답변 종료),1,137,99,38,6862575
572,6,6.6,"[조건문 중첩 대신 any, all 사용] : 97.2 점 👍,
[클래스 내부에서만 쓰이는 속성, 메서드 (접두사 있음) 호출 비 권장] : 83.8 점,
[함수 인수 type hint 필요] : 77.5 점,
[import 순서 준수] : 72.0 점,
[if-elif-elif-else 구문은 되도록 dict로 수정] : 24.8 점 🚨 (답변 시작)", 코드 산책을 하다 보니 조건 분기가 길게 늘어진 곳이 있어요. 미래의 나를 위해 값에 따른 선택이라면 dict 매핑으로 바꾸어 분기표를 단순하게 만들어 보세요.  (답변 종료),1,135,100,35,6862575
573,6,6.96,"[불필요한 변수 생성 대신 defaultdict 권장] : 99.5 점 👍,
[리스트 컴프리헨션 사용이 가능한 경우 사용] : 97.8 점 👍,
[미 사용 변수/함수 제거] : 96.0 점 👍,
[assertion을 제어 메커니즘으로 사용하면 안됨] : 92.6 점 👍,
[제너레이터 표현식 사용이 가능한 경우 사용] : 74.2 점 (답변 시작)", 천천히 살펴보면 한 번만 쓸 중간 목록이 만들어지고 있어요. 💡 다음 배포를 생각하며 한 번만 순회한다면 제너레이터 표현식으로 메모리를 아껴 볼 만해요.  (답변 종료),1,132,95,37,6862575
574,6,6.03,"[문자열 단순 연결보다는 f-string 사용] : 93.5 점 👍,
[매우 간결한 변환은 map 사용] : 91.8 점 👍,
[함수의 인수를 변경 가능한 default value로 하지 않아야 함] : 47.6 점 🚨,
[README.md, pyproject.toml 필요] : 36.9 점 🚨,
[파일 단순 읽기/쓰기는 Path 사용] : 13.9 점 🚨 (답변 시작)", 다시 살펴보니 간단한 파일 작업이 장황하게 처리되고 있어요! 안전하게 Path의 읽기와 쓰기 메서드를 쓰면 파일 작업이 짧고 단단해져요.  (답변 종료),1,133,101,32,6862575
575,6,6.98,"[문자열 단순 연결보다는 f-string 사용] : 96.4 점 👍,
[zip 사용 가능한 경우 사용] : 93.4 점 👍,
[유사한 변수명 통일] : 90.9 점 👍,
[기존 배열의 원소 추가 대신 extend 함수 사용] : 90.6 점 👍,
[경로를 path/to/file 이 아닌, pathlib 또는 os.path.join 사용] : 43.0 점 🚨 (답변 시작)", 리뷰 메모를 보면 파일 경로를 문자열로 이어 붙이고 있어요. 🌿 이번 수정에서는 pathlib이나 os.path.join으로 경로를 조립하면 운영체제가 달라도 안전해요.  (답변 종료),1,134,97,37,6862575
576,6,6.95,"[예외를 삼키는 경우가 없어야 함] : 97.9 점 👍,
[정규 표현식 문자열은 r""..."" 권장] : 96.9 점 👍,
[zip 사용 가능한 경우 사용] : 91.3 점 👍,
[str 단순 += 대신 join 사용] : 81.9 점,
[중복되는 사항 common 으로 빼기] : 60.8 점 (답변 시작)", 파일의 흐름을 따라가 보니 같은 처리가 여러 곳에서 반복되고 있어요. 💫 한 호흡 쉬고 공통 동작을 한곳으로 모으면 수정할 때 놓칠 구석이 줄어요. 📌  (답변 종료),1,126,89,37,6862575
577,6,7.68,"[지나치게 많은 들여쓰기 수정] : 99.0 점 👍,
[매우 간결한 변환은 map 사용] : 81.8 점,
[불필요한 print, logging 제거] : 70.8 점,
[비어 있는 문자열 여부 판단 간소화] : 51.0 점 🚨,
[동일 인자 type 통일] : 21.9 점 🚨 (답변 시작)", 작은 신호를 짚어 보니 같은 의미의 인수에서 type 표기가 통일되지 않았어요. 📌 프로젝트를 아끼는 마음으로 인수의 type을 한 방식으로 맞추면 호출하는 쪽도 덜 헷갈려요.  (답변 종료),1,128,87,41,6862575
578,6,5.66,"[지나치게 많은 들여쓰기 수정] : 97.4 점 👍,
[Python 예약어를 변수명으로 사용하지 않아야 함] : 90.7 점 👍,
[비어 있는 문자열 여부 판단 간소화] : 48.3 점 🚨,
[if-elif-elif-else 구문은 되도록 dict로 수정] : 24.4 점 🚨,
[기존 배열의 원소 추가 대신 extend 함수 사용] : 24.4 점 🚨 (답변 시작)", 변경 가능성을 살펴보니 목록 원소를 하나씩 추가하고 있어요. 🍀 천천히 여러 값을 더할 때는 extend를 쓰면 의도가 정확히 전달돼요!  (답변 종료),1,132,102,30,6862575
579,6,6.6,"[assertion을 제어 메커니즘으로 사용하면 안됨] : 99.3 점 👍,
[함수명, 반환값 간 일치] : 90.6 점 👍,
[제너레이터 표현식 사용이 가능한 경우 사용] : 81.1 점,
[비어 있는 문자열 여부 판단 간소화] : 75.8 점,
[zip 사용 가능한 경우 사용] : 32.3 점 🚨 (답변 시작)", 미래의 나를 위해 보면 두 목록을 인덱스로 따로 읽고 있어요. 한 번에 나란히 읽는 값들은 zip으로 묶어 주면 인덱스 실수를 막을 수 있어요. 🎈  (답변 종료),1,127,92,35,6862575
580,6,9.3,"[숫자 값은 위쪽에 상수로] : 97.0 점 👍,
[if-elif-elif-else 구문은 되도록 dict로 수정] : 93.0 점 👍,
[고정값 상수화 필요] : 74.9 점,
[문자열 단순 연결보다는 f-string 사용] : 32.0 점 🚨,
[빈도수, 반복문, 경로명 리스트 추출 시 collections, itertools, glob 사용] : 6.0 점 🚨 (답변 시작)", 리뷰 돋보기를 대 보니 표준 라이브러리로 줄일 수 있는 반복이 보여요. 🎯 가능한 범위에서 빈도에는 collections를 반복 조합에는 itertools를 경로 모으기에는 glob을 쓰면 표준 도구의 힘을 빌릴 수 있어요.  (답변 종료),1,156,106,50,6862575
581,6,7.18,"[숫자 값은 위쪽에 상수로] : 98.5 점 👍,
[고정값 상수화 필요] : 82.2 점,
[예외의 종류 (OOOError 등) 구체적 명시 권장] : 68.6 점,
[기존 배열의 원소 추가 대신 extend 함수 사용] : 63.4 점,
[100 line 이상 함수 분리, docstring 필요] : 12.6 점 🚨 (답변 시작)", 한 발 물러서서 보면 하나의 함수가 너무 많은 일을 하고 있어요. 테스트를 떠올리며 책임별로 나누고 docstring을 붙이면 테스트와 수정이 한결 수월해져요. 🌈  (답변 종료),1,131,93,38,6862575
582,6,7.31,"[동일한 인수 집합을 갖는 함수가 많은 경우 클래스화 고려] : 95.3 점 👍,
[동일 인자 type 통일] : 90.6 점 👍,
[함수의 인자가 유동적인 경우 처리 권장] : 64.1 점,
[if-elif-elif-else 구문은 되도록 dict로 수정] : 35.4 점 🚨,
[개수 세기에 count 함수 사용] : 18.4 점 🚨 (답변 시작)", 작은 신호를 짚어 보니 값의 개수를 세려고 직접 순회하고 있어요. 😺 한 줄씩 단순한 횟수 확인은 count에 맡기면 코드가 짧고 분명해져요. 📌  (답변 종료),1,142,103,39,6862575
583,6,7.13,"[조건문 중첩 대신 any, all 사용] : 97.2 점 👍,
[불필요한 print, logging 제거] : 95.5 점 👍,
[100 line 이상 함수 분리, docstring 필요] : 90.6 점 👍,
[파일 열기, 닫기 시 with open(...) 사용] : 90.3 점 👍,
[매우 간결한 변환은 map 사용] : 33.5 점 🚨 (답변 시작)", 이번 리뷰에서는 아주 단순한 변환을 긴 반복문으로 풀고 있어요. 다음 변경 전에 변환 규칙이 단순하면 map으로 핵심 연산을 또렷하게 표현할 수 있어요. 📌  (답변 종료),1,135,97,38,6862575
584,6,6.75,"[유사한 이름의 함수끼리 가까이 위치하도록 수정 권장] : 99.3 점 👍,
[enumerate 사용 가능한 경우 사용] : 74.2 점,
[한 줄의 길이는 일정 글자 이내로] : 43.2 점 🚨,
[함수의 인수를 변경 가능한 default value로 하지 않아야 함] : 39.9 점 🚨,
[중복되는 사항 common 으로 빼기] : 35.0 점 🚨 (답변 시작)", 파일의 흐름을 따라가 보니 같은 처리가 여러 곳에서 반복되고 있어요. 프로젝트를 아끼는 마음으로 공통 동작을 한곳으로 모으면 수정할 때 놓칠 구석이 줄어요. ✨  (답변 종료),1,138,102,36,6862575
585,6,6.22,"[동일한 인수 집합을 갖는 함수가 많은 경우 클래스화 고려] : 98.5 점 👍,
[함수의 인수를 변경 가능한 default value로 하지 않아야 함] : 96.2 점 👍,
[빈 파일 TODO 표시 필요] : 66.0 점,
[리스트 컴프리헨션 사용이 가능한 경우 사용] : 44.2 점 🚨,
[기존 배열의 원소 추가 대신 extend 함수 사용] : 37.0 점 🚨 (답변 시작)", 작은 신호를 짚어 보니 목록 원소를 하나씩 추가하고 있어요. 💡 한 줄씩 여러 값을 더할 때는 extend를 쓰면 의도가 정확히 전달돼요!  (답변 종료),1,137,104,33,6862575
586,6,7.67,"[f = lambda x: ... 보다는 def f(x): return ... 를 사용] : 96.2 점 👍,
[함수의 인자가 하나로 묶을 수 있는 경우 처리 권장] : 96.1 점 👍,
[key=itemgetter(""key"") 사용 권장] : 90.2 점 👍,
[고정값 상수화 필요] : 31.5 점 🚨,
[함수의 인수를 변경 가능한 default value로 하지 않아야 함] : 9.5 점 🚨 (답변 시작)", 바꿀 지점을 골라 보니 기본 인수에 리스트나 딕셔너리를 넣고 있어요. 🌈 다음 변경 전에 리스트나 딕셔너리는 None으로 두고 함수 안에서 만들면 호출 사이에 상태가 섞이지 않아요.  (답변 종료),1,150,109,41,6862575
587,6,6.22,"[함수의 인자가 하나로 묶을 수 있는 경우 처리 권장] : 97.7 점 👍,
[상태 값 조건이 있는 if-elif-elif-else 있는 경우 클래스화 고려] : 91.8 점 👍,
[함수 docstring, 함수명 의미 일치] : 90.5 점 👍,
[불필요한 변수 생성 대신 defaultdict 권장] : 69.2 점,
[인덱스 반환에 index 함수 사용] : 68.5 점 (답변 시작)", 미래의 나를 위해 보면 위치를 찾기 위해 직접 반복하고 있어요. 🌿 한 발 먼저 첫 위치가 필요할 때는 index를 쓰면 목적이 바로 보입니다!  (답변 종료),1,137,104,33,6862575
588,6,7.12,"[함수 docstring, 함수명 의미 일치] : 96.7 점 👍,
[동일한 인수 집합을 갖는 함수가 많은 경우 클래스화 고려] : 94.7 점 👍,
[미 사용 변수/함수 제거] : 62.1 점,
[100 line 이상 함수 분리, docstring 필요] : 22.9 점 🚨,
[지나치게 많은 들여쓰기 수정] : 18.8 점 🚨 (답변 시작)", 파일을 다시 훑어보니 들여쓰기 단계가 깊어 흐름을 따라가기 어려워요. 📌 천천히 작은 함수로 쪼개거나 빠른 반환을 쓰면 조건의 미로가 얕아져요!  (답변 종료),1,135,97,38,6862575
589,6,6.59,"[예외를 삼키는 경우가 없어야 함] : 98.9 점 👍,
[100 line 이상 함수 분리, docstring 필요] : 97.6 점 👍,
[a = my_list[0], b = my_list[1] ... 대신 unpacking 사용 필요] : 94.4 점 👍,
[예외의 종류 (OOOError 등) 구체적 명시 권장] : 93.7 점 👍,
[파일 단순 읽기/쓰기는 Path 사용] : 84.4 점 (답변 시작)", 이번 리뷰에서는 간단한 파일 작업이 장황하게 처리되고 있어요. 다음 커밋에서 Path의 읽기와 쓰기 메서드를 쓰면 파일 작업이 짧고 단단해져요.  (답변 종료),1,144,109,35,6862575
590,6,6.42,"[경로를 path/to/file 이 아닌, pathlib 또는 os.path.join 사용] : 94.0 점 👍,
[함수 docstring, 함수명 의미 일치] : 83.6 점,
[if a.get(""b"") ... 형태로 수정 필요] : 72.7 점,
[prefix, suffix 검사 시 startswith(), endswith() 사용] : 62.9 점,
[str 단순 += 대신 join 사용] : 60.6 점 (답변 시작)", 다시 살펴보니 문자열을 반복해서 더하고 있어요. 팀과 맞춰 보며 조각을 많이 합칠 때는 join으로 모으면 성능과 의도가 함께 좋아져요. 🍀  (답변 종료),1,135,101,34,6862575
591,6,6.59,"[미 사용 변수/함수 제거] : 94.8 점 👍,
[유사한 이름의 함수끼리 가까이 위치하도록 수정 권장] : 86.6 점,
[a = my_list[0], b = my_list[1] ... 대신 unpacking 사용 필요] : 23.8 점 🚨,
[고정값 상수화 필요] : 22.7 점 🚨,
[str 단순 += 대신 join 사용] : 2.4 점 🚨 (답변 시작)", 유지보수 시선으로 보면 문자열을 반복해서 더하고 있어요. 🌈 명확하게 조각을 많이 합칠 때는 join으로 모으면 성능과 의도가 함께 좋아져요. 🐣  (답변 종료),1,139,104,35,6862575
592,6,7.13,"[함수의 인자가 유동적인 경우 처리 권장] : 92.8 점 👍,
[enumerate 사용 가능한 경우 사용] : 90.8 점 👍,
[정규 표현식 문자열은 r""..."" 권장] : 90.6 점 👍,
[if a.get(""b"") ... 형태로 수정 필요] : 15.9 점 🚨,
[의미 있는 함수명, 변수명 사용] : 8.7 점 🚨 (답변 시작)", 파일의 흐름을 따라가 보니 역할을 짐작하기 어려운 함수나 변수 이름이 보여요. 다음 커밋에서 무엇을 하는지 드러나는 이름으로 바꾸면 설명서 없이도 코드가 읽혀요. 🍀  (답변 종료),1,139,101,38,6862575
593,6,6.76,"[함수 docstring, 함수명 의미 일치] : 98.1 점 👍,
[유사한 이름의 함수끼리 가까이 위치하도록 수정 권장] : 90.8 점 👍,
[비어 있는 문자열 여부 판단 간소화] : 83.5 점,
[유사한 변수명 통일] : 64.7 점,
[itertools.product 사용 가능한 경우 사용] : 18.9 점 🚨 (답변 시작)", 코드의 표정을 읽어 보니 조합을 만들려고 중첩 반복문을 쓰고 있어요. 한 줄씩 모든 조합이 필요할 때는 itertools.product로 의도를 또렷하게 드러내요. 📌  (답변 종료),1,128,92,36,6862575
594,6,6.76,"[미 사용 변수/함수 제거] : 95.3 점 👍,
[함수 docstring, 함수명 의미 일치] : 74.4 점,
[유사한 이름의 함수끼리 가까이 위치하도록 수정 권장] : 67.6 점,
[중복되는 사항 common 으로 빼기] : 50.3 점 🚨,
[숫자 값은 위쪽에 상수로] : 13.4 점 🚨 (답변 시작)", 다음 변경을 생각하면 로직 사이에 매직 넘버가 숨어 있어요. 한 호흡 쉬고 매직 넘버를 파일 위쪽의 상수로 올리면 숫자가 왜 필요한지 바로 보여요.  (답변 종료),1,130,94,36,6862575
595,6,6.97,"[함수의 인자가 유동적인 경우 처리 권장] : 67.5 점,
[인덱스 반환에 index 함수 사용] : 39.2 점 🚨,
[지나치게 많은 들여쓰기 수정] : 38.7 점 🚨,
[zip 사용 가능한 경우 사용] : 32.3 점 🚨,
[숫자 값은 위쪽에 상수로] : 25.5 점 🚨 (답변 시작)", 테스트를 떠올리면 로직 사이에 매직 넘버가 숨어 있어요. 📌 프로젝트를 아끼는 마음으로 매직 넘버를 파일 위쪽의 상수로 올리면 숫자가 왜 필요한지 바로 보여요!  (답변 종료),1,130,93,37,6862575
596,6,6.41,"[지나치게 많은 들여쓰기 수정] : 94.1 점 👍,
[언패킹 시 숫자 인덱스 사용하지 말 것 (변수에 바로 할당)] : 92.2 점 👍,
[빈도수, 반복문, 경로명 리스트 추출 시 collections, itertools, glob 사용] : 74.6 점,
[유사한 변수명 통일] : 59.0 점 🚨,
[비어 있는 문자열 여부 판단 간소화] : 42.5 점 🚨 (답변 시작)", 천천히 살펴보면 빈 문자열 검사식이 불필요하게 길어요. 오늘의 마무리로 파이썬다운 조건 검사로 바꾸면 조건식이 가볍게 읽혀요. 🌈  (답변 종료),1,141,107,34,6862575
597,6,7.86,"[key=itemgetter(""key"") 사용 권장] : 90.0 점 👍,
[주석 처리된 코드 제거] : 68.5 점,
[if-elif-elif-else 구문은 되도록 dict로 수정] : 68.4 점,
[조건문 중첩 대신 any, all 사용] : 2.9 점 🚨,
[상태 값 조건이 있는 if-elif-elif-else 있는 경우 클래스화 고려] : 1.8 점 🚨 (답변 시작)", 개발자 입장에서 보면 상태에 따라 갈라지는 조건문이 길게 이어져요. 팀과 맞춰 보며 상태별 동작을 클래스로 나누면 새 상태를 더할 때 기존 조건문을 덜 건드려도 돼요.  (답변 종료),1,149,107,42,6862575
598,6,7.1,"[Python 예약어를 변수명으로 사용하지 않아야 함] : 92.3 점 👍,
[예외의 종류 (OOOError 등) 구체적 명시 권장] : 91.5 점 👍,
[매우 간결한 변환은 map 사용] : 87.2 점,
[언패킹 시 숫자 인덱스 사용하지 말 것 (변수에 바로 할당)] : 59.4 점 🚨,
[함수명, 반환값 간 일치] : 55.7 점 🚨 (답변 시작)", 리뷰 메모를 보면 함수 이름과 반환값의 약속이 어긋나는 곳이 있어요! 한 발 먼저 반환하는 값을 이름에 맞추면 호출부에서 예상이 빗나가지 않아요. 🌈  (답변 종료),1,143,105,38,6862575
599,6,6.8,"[if a.get(""b"") ... 형태로 수정 필요] : 98.2 점 👍,
[유사한 변수명 통일] : 96.2 점 👍,
[언패킹 시 숫자 인덱스 사용하지 말 것 (변수에 바로 할당)] : 95.5 점 👍,
[상태 값 조건이 있는 if-elif-elif-else 있는 경우 클래스화 고려] : 68.8 점,
[함수 docstring, 함수명 의미 일치] : 22.8 점 🚨 (답변 시작)", 개발자 입장에서 보면 docstring과 함수 동작이 서로 다르게 읽혀요. 차분하게 docstring과 함수가 약속한 역할을 맞추면 다음 사람이 안심하고 호출할 수 있어요! 🌈  (답변 종료),1,145,109,36,6862575
600,7,7.99,"[주석 처리된 코드 제거] : 98.8 점 👍,
[import 순서 준수] : 76.1 점,
[enumerate 사용 가능한 경우 사용] : 75.6 점,
[불필요한 print, logging 제거] : 61.0 점,
[매우 간결한 변환은 map 사용] : 27.3 점 🚨 (답변 시작)", 작은 신호를 짚어 보니 아주 단순한 변환을 긴 반복문으로 풀고 있어요! 이왕이면 변환 규칙이 단순하면 map으로 핵심 연산을 또렷하게 표현할 수 있어요. 🌈  (답변 종료),1,123,83,40,6862575
601,7,8.03,"[상태 값 조건이 있는 if-elif-elif-else 있는 경우 클래스화 고려] : 93.4 점 👍,
[파일 열기, 닫기 시 with open(...) 사용] : 92.7 점 👍,
[유사한 변수명 통일] : 90.7 점 👍,
[매우 간결한 변환은 map 사용] : 34.8 점 🚨,
[README.md, pyproject.toml 필요] : 31.6 점 🚨 (답변 시작)", 작은 신호를 짚어 보니 시작 방법을 알려 줄 README.md와 pyproject.toml이 필요해 보여요! 기록을 남기듯 설치 방법과 실행 환경을 적어 두면 처음 온 사람도 바로 출발할 수 있어요. 🌈  (답변 종료),1,149,104,45,6862575
602,7,6.43,"[의미 있는 함수명, 변수명 사용] : 98.9 점 👍,
[prefix, suffix 검사 시 startswith(), endswith() 사용] : 97.2 점 👍,
[if-elif-elif-else 구문은 되도록 dict로 수정] : 72.2 점,
[미 사용 변수/함수 제거] : 31.2 점 🚨,
[동일한 인수 집합을 갖는 함수가 많은 경우 클래스화 고려] : 23.2 점 🚨 (답변 시작)", 천천히 살펴보면 같은 설정을 계속 받는 함수가 여러 개예요. 이번 수정에서는 공통 상태를 가진 객체로 묶으면 인자 전달이 가벼워지고 역할도 선명해져요.  (답변 종료),1,145,109,36,6862575
603,7,6.17,"[문자열 단순 연결보다는 f-string 사용] : 97.4 점 👍,
[함수의 인자가 유동적인 경우 처리 권장] : 83.8 점,
[유사한 이름의 함수끼리 가까이 위치하도록 수정 권장] : 68.4 점,
[매우 간결한 변환은 map 사용] : 68.1 점,
[enumerate 사용 가능한 경우 사용] : 36.0 점 🚨 (답변 시작)", 작은 개선을 찾다 보니 반복문에서 번호를 직접 관리하고 있어요! 테스트를 떠올리며 순서와 값을 함께 쓸 때는 enumerate가 더 자연스럽고 안전해요.  (답변 종료),1,128,94,34,6862575
604,7,5.72,"[itertools.product 사용 가능한 경우 사용] : 92.3 점 👍,
[README.md, pyproject.toml 필요] : 90.9 점 👍,
[함수 인수 type hint 필요] : 90.4 점 👍,
[중복되는 사항 common 으로 빼기] : 88.9 점,
[str 단순 += 대신 join 사용] : 87.7 점 (답변 시작)", 다시 살펴보니 문자열을 반복해서 더하고 있어요. 팀과 맞춰 보며 조각을 많이 합칠 때는 join으로 모으면 성능과 의도가 함께 좋아져요.  (답변 종료),1,119,87,32,6862575
605,7,6.77,"[함수의 인자가 하나로 묶을 수 있는 경우 처리 권장] : 97.8 점 👍,
[동일한 인수 집합을 갖는 함수가 많은 경우 클래스화 고려] : 93.5 점 👍,
[if a.get(""b"") ... 형태로 수정 필요] : 40.9 점 🚨,
[import 순서 준수] : 12.0 점 🚨,
[함수 docstring, 함수명 의미 일치] : 1.5 점 🚨 (답변 시작)", 다음 커밋을 생각해 보면 docstring과 함수 동작이 서로 다르게 읽혀요. 문맥을 확인하며 docstring과 함수가 약속한 역할을 맞추면 다음 사람이 안심하고 호출할 수 있어요!  (답변 종료),1,142,104,38,6862575
606,7,6.62,"[개수 세기에 count 함수 사용] : 99.5 점 👍,
[지나치게 많은 들여쓰기 수정] : 96.8 점 👍,
[enumerate 사용 가능한 경우 사용] : 90.8 점 👍,
[파일 단순 읽기/쓰기는 Path 사용] : 89.7 점,
[의미 있는 함수명, 변수명 사용] : 79.9 점 (답변 시작)", 작은 개선을 찾다 보니 역할을 짐작하기 어려운 함수나 변수 이름이 보여요. 큰 부담 없이 무엇을 하는지 드러나는 이름으로 바꾸면 설명서 없이도 코드가 읽혀요!  (답변 종료),1,127,90,37,6862575
607,7,5.9,"[enumerate 사용 가능한 경우 사용] : 92.8 점 👍,
[파일 단순 읽기/쓰기는 Path 사용] : 92.2 점 👍,
[리스트 컴프리헨션 사용이 가능한 경우 사용] : 91.2 점 👍,
[매우 간결한 변환은 map 사용] : 79.5 점,
[if-elif-elif-else 구문은 되도록 dict로 수정] : 66.8 점 (답변 시작)", 천천히 살펴보면 조건 분기가 길게 늘어진 곳이 있어요. 필요한 곳부터 값에 따른 선택이라면 dict 매핑으로 바꾸어 분기표를 단순하게 만들어 보세요!  (답변 종료),1,131,98,33,6862575
608,7,6.75,"[조건문 중첩 대신 any, all 사용] : 51.0 점 🚨,
[함수의 인수를 변경 가능한 default value로 하지 않아야 함] : 46.7 점 🚨,
[불필요한 print, logging 제거] : 44.5 점 🚨,
[빈도수, 반복문, 경로명 리스트 추출 시 collections, itertools, glob 사용] : 32.0 점 🚨,
[고정값 상수화 필요] : 17.4 점 🚨 (답변 시작)", 리뷰 메모를 보면 같은 고정값이 여러 곳에 흩어져 있어요. 🍀 한 줄씩 의미 있는 상수 이름으로 꺼내 두면 정책을 바꿀 때 한 번에 손볼 수 있어요!  (답변 종료),1,148,110,38,6862575
609,7,7.8,"[한 줄의 길이는 일정 글자 이내로] : 99.0 점 👍,
[prefix, suffix 검사 시 startswith(), endswith() 사용] : 69.0 점,
[클래스 내부에서만 쓰이는 속성, 메서드 (접두사 있음) 호출 비 권장] : 48.9 점 🚨,
[함수의 인자가 하나로 묶을 수 있는 경우 처리 권장] : 35.9 점 🚨,
[함수의 인자가 유동적인 경우 처리 권장] : 16.8 점 🚨 (답변 시작)", 전체 흐름을 놓고 보면 개수가 바뀔 수 있는 인수를 고정해 두고 있어요. 조금만 시간을 내서 가변 인수는 *args나 **kwargs를 알맞게 쓰면 확장에 더 유연해져요! 🔍  (답변 종료),1,159,115,44,6862575
610,7,7.1,"[파일 열기, 닫기 시 with open(...) 사용] : 98.7 점 👍,
[prefix, suffix 검사 시 startswith(), endswith() 사용] : 96.4 점 👍,
[제너레이터 표현식 사용이 가능한 경우 사용] : 93.2 점 👍,
[인덱스 반환에 index 함수 사용] : 92.5 점 👍,
[f = lambda x: ... 보다는 def f(x): return ... 를 사용] : 70.7 점 (답변 시작)", 코드의 표정을 읽어 보니 이름이 필요한 동작이 lambda에 숨어 있어요. 리뷰 메모를 따라 재사용하거나 설명이 필요한 로직은 def로 꺼내면 디버깅과 테스트가 편해져요. 💡  (답변 종료),1,148,108,40,6862575
611,7,5.72,"[함수 인수 type hint 필요] : 97.5 점 👍,
[동일 인자 type 통일] : 87.6 점,
[f = lambda x: ... 보다는 def f(x): return ... 를 사용] : 81.1 점,
[의미 있는 함수명, 변수명 사용] : 64.7 점,
[한 줄의 길이는 일정 글자 이내로] : 44.4 점 🚨 (답변 시작)", 한 발 물러서서 보면 한 줄이 너무 길게 이어지는 곳이 있어요. 안전하게 줄을 적당히 나누면 작은 화면에서도 흐름을 놓치지 않아요! 🎈  (답변 종료),1,125,93,32,6862575
612,7,6.44,"[고정값 상수화 필요] : 99.5 점 👍,
[import 순서 준수] : 97.9 점 👍,
[리스트 컴프리헨션 사용이 가능한 경우 사용] : 96.2 점 👍,
[매우 간결한 변환은 map 사용] : 91.8 점 👍,
[예외의 종류 (OOOError 등) 구체적 명시 권장] : 65.6 점 (답변 시작)", 작은 신호를 짚어 보니 너무 넓은 예외를 잡고 있어요! 이왕이면 예상한 OOOError처럼 구체적인 예외만 잡으면 버그가 숨어버리지 않아요. 🌿  (답변 종료),1,127,91,36,6862575
613,7,6.07,"[제너레이터 표현식 사용이 가능한 경우 사용] : 91.9 점 👍,
[함수명, 반환값 간 일치] : 90.7 점 👍,
[enumerate 사용 가능한 경우 사용] : 51.7 점 🚨,
[if a.get(""b"") ... 형태로 수정 필요] : 44.4 점 🚨,
[유사한 변수명 통일] : 24.4 점 🚨 (답변 시작)", 코드의 표정을 읽어 보니 비슷한 역할의 변수 이름이 제각각이에요. 이번 수정에서는 같은 개념에는 같은 이름 규칙을 쓰면 읽는 속도가 훨씬 빨라져요.  (답변 종료),1,131,97,34,6862575
614,7,5.89,"[a = my_list[0], b = my_list[1] ... 대신 unpacking 사용 필요] : 77.1 점,
[함수의 인자가 하나로 묶을 수 있는 경우 처리 권장] : 75.8 점,
[if-elif-elif-else 구문은 되도록 dict로 수정] : 66.8 점,
[zip 사용 가능한 경우 사용] : 66.1 점,
[파일 열기, 닫기 시 with open(...) 사용] : 63.0 점 (답변 시작)", 천천히 살펴보면 파일을 열고 닫는 일을 직접 관리하고 있어요. 이번 수정에서는 with open(...)으로 감싸면 예외가 나도 파일이 안전하게 닫혀요.  (답변 종료),1,144,111,33,6862575
615,7,6.63,"[if a.get(""b"") ... 형태로 수정 필요] : 73.1 점,
[함수 인수 type hint 필요] : 53.3 점 🚨,
[중복되는 사항 common 으로 빼기] : 24.8 점 🚨,
[if-elif-elif-else 구문은 되도록 dict로 수정] : 10.5 점 🚨,
[함수명, 반환값 간 일치] : 5.1 점 🚨 (답변 시작)", 개발자 입장에서 보면 함수 이름과 반환값의 약속이 어긋나는 곳이 있어요. 기록을 남기듯 반환하는 값을 이름에 맞추면 호출부에서 예상이 빗나가지 않아요! 🎈  (답변 종료),1,140,103,37,6862575
616,7,6.42,"[클래스 내부에서만 쓰이는 속성, 메서드 (접두사 있음) 호출 비 권장] : 88.2 점,
[인덱스 반환에 index 함수 사용] : 80.9 점,
[중복되는 사항 common 으로 빼기] : 19.3 점 🚨,
[불필요한 print, logging 제거] : 7.3 점 🚨,
[함수명, 반환값 간 일치] : 7.1 점 🚨 (답변 시작)", 실행 경로를 훑어보니 함수 이름과 반환값의 약속이 어긋나는 곳이 있어요. 작은 단계로 반환하는 값을 이름에 맞추면 호출부에서 예상이 빗나가지 않아요!  (답변 종료),1,138,102,36,6862575
617,7,7.64,"[함수 인수 type hint 필요] : 98.6 점 👍,
[100 line 이상 함수 분리, docstring 필요] : 96.2 점 👍,
[import 순서 준수] : 40.6 점 🚨,
[a = my_list[0], b = my_list[1] ... 대신 unpacking 사용 필요] : 27.6 점 🚨,
[if a.get(""b"") ... 형태로 수정 필요] : 13.9 점 🚨 (답변 시작)"," 한 발 물러서서 보면 딕셔너리 키를 꺼내는 과정이 장황해요. 다음 커밋에서 a.get(""b"")처럼 안전하게 꺼내면 누락된 키에서도 흐름이 부드러워요. 🐣  (답변 종료)",1,148,105,43,6862575
618,7,6.84,"[주석 처리된 코드 제거] : 97.6 점 👍,
[예외를 삼키는 경우가 없어야 함] : 97.2 점 👍,
[기존 배열의 원소 추가 대신 extend 함수 사용] : 93.8 점 👍,
[a = my_list[0], b = my_list[1] ... 대신 unpacking 사용 필요] : 77.4 점,
[동일한 인수 집합을 갖는 함수가 많은 경우 클래스화 고려] : 64.4 점 (답변 시작)", 한 번 더 확인해 보니 같은 설정을 계속 받는 함수가 여러 개예요. 이왕이면 공통 상태를 가진 객체로 묶으면 인자 전달이 가벼워지고 역할도 선명해져요!  (답변 종료),1,145,107,38,6862575
619,7,6.42,"[매우 간결한 변환은 map 사용] : 98.4 점 👍,
[지나치게 많은 들여쓰기 수정] : 96.1 점 👍,
[함수의 인자가 유동적인 경우 처리 권장] : 91.1 점 👍,
[파일 열기, 닫기 시 with open(...) 사용] : 57.8 점 🚨,
[itertools.product 사용 가능한 경우 사용] : 5.5 점 🚨 (답변 시작)", 작은 개선을 찾다 보니 조합을 만들려고 중첩 반복문을 쓰고 있어요. 과감하게 모든 조합이 필요할 때는 itertools.product로 의도를 또렷하게 드러내요. 🚀  (답변 종료),1,134,98,36,6862575
620,7,6.41,"[중복되는 사항 common 으로 빼기] : 95.5 점 👍,
[제너레이터 표현식 사용이 가능한 경우 사용] : 90.8 점 👍,
[인덱스 반환에 index 함수 사용] : 74.5 점,
[매우 간결한 변환은 map 사용] : 48.1 점 🚨,
[itertools.product 사용 가능한 경우 사용] : 34.6 점 🚨 (답변 시작)", 작은 개선을 찾다 보니 조합을 만들려고 중첩 반복문을 쓰고 있어요. 테스트를 떠올리며 모든 조합이 필요할 때는 itertools.product로 의도를 또렷하게 드러내요!  (답변 종료),1,132,96,36,6862575
621,7,6.62,"[인덱스 반환에 index 함수 사용] : 92.8 점 👍,
[비어 있는 문자열 여부 판단 간소화] : 84.5 점,
[문자열 단순 연결보다는 f-string 사용] : 71.7 점,
[기존 배열의 원소 추가 대신 extend 함수 사용] : 43.5 점 🚨,
[의미 있는 함수명, 변수명 사용] : 24.7 점 🚨 (답변 시작)", 코드를 따라가 보니 역할을 짐작하기 어려운 함수나 변수 이름이 보여요. 기록을 남기듯 무엇을 하는지 드러나는 이름으로 바꾸면 설명서 없이도 코드가 읽혀요. 🍀  (답변 종료),1,131,94,37,6862575
622,7,6.6,"[prefix, suffix 검사 시 startswith(), endswith() 사용] : 94.4 점 👍,
[동일 인자 type 통일] : 91.8 점 👍,
[불필요한 print, logging 제거] : 91.2 점 👍,
[key=itemgetter(""key"") 사용 권장] : 91.0 점 👍,
[f = lambda x: ... 보다는 def f(x): return ... 를 사용] : 61.8 점 (답변 시작)", 변경 가능성을 살펴보니 이름이 필요한 동작이 lambda에 숨어 있어요! 꼼꼼하게 재사용하거나 설명이 필요한 로직은 def로 꺼내면 디버깅과 테스트가 편해져요. 🍀  (답변 종료),1,136,99,37,6862575
623,7,6.07,"[함수명, 반환값 간 일치] : 92.8 점 👍,
[README.md, pyproject.toml 필요] : 86.7 점,
[경로를 path/to/file 이 아닌, pathlib 또는 os.path.join 사용] : 77.2 점,
[함수 인수 type hint 필요] : 68.1 점,
[파일 열기, 닫기 시 with open(...) 사용] : 5.4 점 🚨 (답변 시작)", 이번 리뷰에서는 파일을 열고 닫는 일을 직접 관리하고 있어요. 필요한 곳부터 with open(...)으로 감싸면 예외가 나도 파일이 안전하게 닫혀요.  (답변 종료),1,132,98,34,6862575
624,7,6.24,"[assertion을 제어 메커니즘으로 사용하면 안됨] : 98.2 점 👍,
[빈도수, 반복문, 경로명 리스트 추출 시 collections, itertools, glob 사용] : 93.5 점 👍,
[중복되는 사항 common 으로 빼기] : 92.3 점 👍,
[인덱스 반환에 index 함수 사용] : 91.0 점 👍,
[함수 인수 type hint 필요] : 67.7 점 (답변 시작)", 코드를 따라가 보니 함수 인수의 type hint가 비어 있어요! 오늘의 마무리로 인수에 type hint를 달아 두면 들어오는 데이터가 무엇인지 바로 알 수 있어요!  (답변 종료),1,136,101,35,6862575
625,7,6.26,"[함수명, 반환값 간 일치] : 100.0 점 👍,
[클래스 내부에서만 쓰이는 속성, 메서드 (접두사 있음) 호출 비 권장] : 78.1 점,
[함수의 인자가 유동적인 경우 처리 권장] : 61.2 점,
[매우 간결한 변환은 map 사용] : 42.3 점 🚨,
[고정값 상수화 필요] : 24.6 점 🚨 (답변 시작)", 리뷰 메모를 보면 같은 고정값이 여러 곳에 흩어져 있어요. 호기심을 갖고 의미 있는 상수 이름으로 꺼내 두면 정책을 바꿀 때 한 번에 손볼 수 있어요.  (답변 종료),1,136,101,35,6862575
626,7,6.76,"[예외를 삼키는 경우가 없어야 함] : 73.0 점,
[a = my_list[0], b = my_list[1] ... 대신 unpacking 사용 필요] : 72.6 점,
[if-elif-elif-else 구문은 되도록 dict로 수정] : 67.7 점,
[매우 간결한 변환은 map 사용] : 50.2 점 🚨,
[미 사용 변수/함수 제거] : 49.0 점 🚨 (답변 시작)", 리뷰 돋보기를 대 보니 쓰이지 않는 변수나 함수가 남아 있네요. 한 호흡 쉬고 참조되지 않는 선언을 걷어 내면 핵심 로직만 또렷하게 남아요!  (답변 종료),1,146,108,38,6862575
627,7,5.21,"[매우 간결한 변환은 map 사용] : 97.3 점 👍,
[조건문 중첩 대신 any, all 사용] : 92.2 점 👍,
[유사한 변수명 통일] : 91.5 점 👍,
[기존 배열의 원소 추가 대신 extend 함수 사용] : 67.2 점,
[한 줄의 길이는 일정 글자 이내로] : 6.5 점 🚨 (답변 시작)", 파일의 흐름을 따라가 보니 한 줄이 너무 길게 이어지는 곳이 있어요. 안전하게 줄을 적당히 나누면 작은 화면에서도 흐름을 놓치지 않아요.  (답변 종료),1,121,92,29,6862575
628,7,6.6,"[assertion을 제어 메커니즘으로 사용하면 안됨] : 92.8 점 👍,
[동일한 인수 집합을 갖는 함수가 많은 경우 클래스화 고려] : 79.6 점,
[함수 docstring, 함수명 의미 일치] : 77.1 점,
[클래스 내부에서만 쓰이는 속성, 메서드 (접두사 있음) 호출 비 권장] : 72.9 점,
[파일 단순 읽기/쓰기는 Path 사용] : 4.2 점 🚨 (답변 시작)", 리팩터링 관점에서는 간단한 파일 작업이 장황하게 처리되고 있어요. 작은 단계로 Path의 읽기와 쓰기 메서드를 쓰면 파일 작업이 짧고 단단해져요.  (답변 종료),1,143,106,37,6862575
629,7,6.76,"[동일 인자 type 통일] : 97.2 점 👍,
[함수의 인자가 유동적인 경우 처리 권장] : 92.7 점 👍,
[제너레이터 표현식 사용이 가능한 경우 사용] : 75.9 점,
[언패킹 시 숫자 인덱스 사용하지 말 것 (변수에 바로 할당)] : 65.8 점,
[함수명, 반환값 간 일치] : 63.1 점 (답변 시작)", 한 번 더 확인해 보니 함수 이름과 반환값의 약속이 어긋나는 곳이 있어요! 우선 반환하는 값을 이름에 맞추면 호출부에서 예상이 빗나가지 않아요. 🧼  (답변 종료),1,135,97,38,6862575
630,7,5.56,"[상태 값 조건이 있는 if-elif-elif-else 있는 경우 클래스화 고려] : 98.1 점 👍,
[불필요한 변수 생성 대신 defaultdict 권장] : 96.6 점 👍,
[import 순서 준수] : 93.5 점 👍,
[예외의 종류 (OOOError 등) 구체적 명시 권장] : 93.3 점 👍,
[함수의 인자가 하나로 묶을 수 있는 경우 처리 권장] : 44.4 점 🚨 (답변 시작)", 예산이 한정되어 있어요. 살짝 함께 움직이는 인수를 객체나 dataclass로 묶으면 호출부가 훨씬 덜 복잡해져요.  (답변 종료),1,138,107,31,6862575
631,7,6.96,"[enumerate 사용 가능한 경우 사용] : 95.6 점 👍,
[함수 docstring, 함수명 의미 일치] : 93.4 점 👍,
[f = lambda x: ... 보다는 def f(x): return ... 를 사용] : 85.3 점,
[중복되는 사항 common 으로 빼기] : 54.7 점 🚨,
[고정값 상수화 필요] : 46.6 점 🚨 (답변 시작)", 한 발 물러서서 보면 같은 고정값이 여러 곳에 흩어져 있어요. 한 줄씩 의미 있는 상수 이름으로 꺼내 두면 정책을 바꿀 때 한 번에 손볼 수 있어요. 🌈  (답변 종료),1,137,98,39,6862575
632,7,7.15,"[정규 표현식 문자열은 r""..."" 권장] : 98.7 점 👍,
[동일한 인수 집합을 갖는 함수가 많은 경우 클래스화 고려] : 91.2 점 👍,
[동일 인자 type 통일] : 69.9 점,
[Python 예약어를 변수명으로 사용하지 않아야 함] : 68.1 점,
[의미 있는 함수명, 변수명 사용] : 6.8 점 🚨 (답변 시작)", 다음 커밋을 생각해 보면 역할을 짐작하기 어려운 함수나 변수 이름이 보여요. 🧼 한 호흡 쉬고 무엇을 하는지 드러나는 이름으로 바꾸면 설명서 없이도 코드가 읽혀요.  (답변 종료),1,137,97,40,6862575
633,7,7.12,"[itertools.product 사용 가능한 경우 사용] : 85.4 점,
[파일 단순 읽기/쓰기는 Path 사용] : 82.8 점,
[유사한 변수명 통일] : 80.2 점,
[예외의 종류 (OOOError 등) 구체적 명시 권장] : 69.6 점,
[동일한 인수 집합을 갖는 함수가 많은 경우 클래스화 고려] : 64.8 점 (답변 시작)", 예배당 입장권을 보면 같은 설정을 계속 받는 함수가 여러 개예요. 🌈 기분 좋게 공통 상태를 가진 객체로 묶으면 인자 전달이 가벼워지고 역할도 선명해져요!  (답변 종료),1,135,95,40,6862575
634,7,6.24,"[assertion을 제어 메커니즘으로 사용하면 안됨] : 99.0 점 👍,
[주석 처리된 코드 제거] : 93.0 점 👍,
[함수명, 반환값 간 일치] : 91.4 점 👍,
[zip 사용 가능한 경우 사용] : 88.2 점,
[제너레이터 표현식 사용이 가능한 경우 사용] : 74.7 점 (답변 시작)", 파일의 흐름을 따라가 보니 한 번만 쓸 중간 목록이 만들어지고 있어요. 안전하게 한 번만 순회한다면 제너레이터 표현식으로 메모리를 아껴 볼 만해요!  (답변 종료),1,125,90,35,6862575
635,7,5.61,"[zip 사용 가능한 경우 사용] : 86.1 점,
[한 줄의 길이는 일정 글자 이내로] : 83.5 점,
[언패킹 시 숫자 인덱스 사용하지 말 것 (변수에 바로 할당)] : 67.9 점,
[주석 처리된 코드 제거] : 17.7 점 🚨,
[중복되는 사항 common 으로 빼기] : 0.6 점 🚨 (답변 시작)", 개발자 입장에서 보면 같은 처리가 여러 곳에서 반복되고 있어요. 안전하게 공통 동작을 한곳으로 모으면 수정할 때 놓칠 구석이 줄어요.  (답변 종료),1,127,96,31,6862575
636,7,7.55,"[한 줄의 길이는 일정 글자 이내로] : 91.8 점 👍,
[상태 값 조건이 있는 if-elif-elif-else 있는 경우 클래스화 고려] : 91.7 점 👍,
[파일 단순 읽기/쓰기는 Path 사용] : 90.2 점 👍,
[제너레이터 표현식 사용이 가능한 경우 사용] : 7.6 점 🚨,
[key=itemgetter(""key"") 사용 권장] : 4.6 점 🚨 (답변 시작)"," 개발자 입장에서 보면 정렬 키를 lambda로 길게 꺼내고 있어요. 오늘의 마무리로 딕셔너리 키로 정렬할 때는 itemgetter(""key"")가 더 간결하게 뜻을 전해요. 🎯  (답변 종료)",1,148,106,42,6862575
637,7,6.82,"[클래스 내부에서만 쓰이는 속성, 메서드 (접두사 있음) 호출 비 권장] : 93.9 점 👍,
[enumerate 사용 가능한 경우 사용] : 86.9 점,
[주석 처리된 코드 제거] : 72.3 점,
[상태 값 조건이 있는 if-elif-elif-else 있는 경우 클래스화 고려] : 30.9 점 🚨,
[중복되는 사항 common 으로 빼기] : 5.2 점 🚨 (답변 시작)", 읽는 사람의 눈으로 보면 같은 처리가 여러 곳에서 반복되고 있어요. ✨ 개발자 마음으로 공통 동작을 한곳으로 모으면 수정할 때 놓칠 구석이 줄어요. 🧠  (답변 종료),1,147,109,38,6862575
638,7,7.46,"[상태 값 조건이 있는 if-elif-elif-else 있는 경우 클래스화 고려] : 98.8 점 👍,
[주석 처리된 코드 제거] : 92.3 점 👍,
[빈 파일 TODO 표시 필요] : 91.7 점 👍,
[예외를 삼키는 경우가 없어야 함] : 24.3 점 🚨,
[key=itemgetter(""key"") 사용 권장] : 11.6 점 🚨 (답변 시작)"," 파일을 다시 훑어보니 정렬 키를 lambda로 길게 꺼내고 있어요. 한 호흡 쉬고 딕셔너리 키로 정렬할 때는 itemgetter(""key"")가 더 간결하게 뜻을 전해요.  (답변 종료)",1,142,100,42,6862575
639,7,6.29,"[prefix, suffix 검사 시 startswith(), endswith() 사용] : 99.0 점 👍,
[if a.get(""b"") ... 형태로 수정 필요] : 98.8 점 👍,
[비어 있는 문자열 여부 판단 간소화] : 92.8 점 👍,
[예외의 종류 (OOOError 등) 구체적 명시 권장] : 61.4 점,
[함수 docstring, 함수명 의미 일치] : 28.2 점 🚨 (답변 시작)", 다시 살펴보니 docstring과 함수 동작이 서로 다르게 읽혀요. 문맥을 확인하며 docstring과 함수가 약속한 역할을 맞추면 다음 사람이 안심하고 호출할 수 있어요!  (답변 종료),1,139,104,35,6862575
640,7,7.29,"[한 줄의 길이는 일정 글자 이내로] : 94.5 점 👍,
[주석 처리된 코드 제거] : 90.2 점 👍,
[예외의 종류 (OOOError 등) 구체적 명시 권장] : 71.1 점,
[100 line 이상 함수 분리, docstring 필요] : 45.0 점 🚨,
[숫자 값은 위쪽에 상수로] : 35.9 점 🚨 (답변 시작)", 예산이 부족한 곳이 있어요. 코드를 걷어내면 로직 사이에 매직 넘버가 숨어 있어요. 가능한 범위에서 매직 넘버를 파일 위쪽의 상수로 올리면 숫자가 왜 필요한지 바로 보여요!  (답변 종료),1,137,96,41,6862575
641,7,6.29,"[README.md, pyproject.toml 필요] : 94.8 점 👍,
[숫자 값은 위쪽에 상수로] : 91.3 점 👍,
[지나치게 많은 들여쓰기 수정] : 91.1 점 👍,
[상태 값 조건이 있는 if-elif-elif-else 있는 경우 클래스화 고려] : 86.2 점,
[itertools.product 사용 가능한 경우 사용] : 4.5 점 🚨 (답변 시작)", 작은 신호를 짚어 보니 조합을 만들려고 중첩 반복문을 쓰고 있어요. 이왕이면 모든 조합이 필요할 때는 itertools.product로 의도를 또렷하게 드러내요!  (답변 종료),1,134,99,35,6862575
642,7,5.74,"[함수명, 반환값 간 일치] : 99.7 점 👍,
[지나치게 많은 들여쓰기 수정] : 88.5 점,
[동일 인자 type 통일] : 83.6 점,
[숫자 값은 위쪽에 상수로] : 66.2 점,
[zip 사용 가능한 경우 사용] : 0.1 점 🚨 (답변 시작)", 코드의 표정을 읽어 보니 두 목록을 인덱스로 따로 읽고 있어요. 살짝 나란히 읽는 값들은 zip으로 묶어 주면 인덱스 실수를 막을 수 있어요.  (답변 종료),1,115,83,32,6862575
643,7,6.09,"[정규 표현식 문자열은 r""..."" 권장] : 99.1 점 👍,
[숫자 값은 위쪽에 상수로] : 94.4 점 👍,
[동일 인자 type 통일] : 91.0 점 👍,
[예외의 종류 (OOOError 등) 구체적 명시 권장] : 79.8 점,
[인덱스 반환에 index 함수 사용] : 74.5 점 (답변 시작)", 다음 커밋을 생각해 보면 위치를 찾기 위해 직접 반복하고 있어요. 이 기회에 첫 위치가 필요할 때는 index를 쓰면 목적이 바로 보입니다. 🧼  (답변 종료),1,126,92,34,6862575
644,7,6.45,"[클래스 내부에서만 쓰이는 속성, 메서드 (접두사 있음) 호출 비 권장] : 99.6 점 👍,
[f = lambda x: ... 보다는 def f(x): return ... 를 사용] : 97.7 점 👍,
[고정값 상수화 필요] : 90.0 점 👍,
[인덱스 반환에 index 함수 사용] : 65.9 점,
[import 순서 준수] : 62.9 점 (답변 시작)", 이 파일을 읽다 보면 import 배치가 섞여 있어요. 🎈 가능한 범위에서 표준 라이브러리와 외부 패키지와 내부 모듈을 차례로 정리하면 시작 화면이 말끔해져요!  (답변 종료),1,136,100,36,6862575
645,7,6.81,"[유사한 이름의 함수끼리 가까이 위치하도록 수정 권장] : 91.6 점 👍,
[import 순서 준수] : 81.3 점,
[경로를 path/to/file 이 아닌, pathlib 또는 os.path.join 사용] : 46.7 점 🚨,
[고정값 상수화 필요] : 21.4 점 🚨,
[지나치게 많은 들여쓰기 수정] : 1.2 점 🚨 (답변 시작)", 파일을 다시 훑어보니 들여쓰기 단계가 깊어 흐름을 따라가기 어려워요. 📌 천천히 작은 함수로 쪼개거나 빠른 반환을 쓰면 조건의 미로가 얕아져요.  (답변 종료),1,135,97,38,6862575
646,7,5.56,"[주석 처리된 코드 제거] : 97.3 점 👍,
[함수의 인자가 하나로 묶을 수 있는 경우 처리 권장] : 89.2 점,
[불필요한 변수 생성 대신 defaultdict 권장] : 67.0 점,
[예외의 종류 (OOOError 등) 구체적 명시 권장] : 62.7 점,
[한 줄의 길이는 일정 글자 이내로] : 38.6 점 🚨 (답변 시작)", 이 파일을 읽다 보면 한 줄이 너무 길게 이어지는 곳이 있어요. 가능한 범위에서 줄을 적당히 나누면 작은 화면에서도 흐름을 놓치지 않아요!  (답변 종료),1,129,98,31,6862575
647,7,6.44,"[상태 값 조건이 있는 if-elif-elif-else 있는 경우 클래스화 고려] : 90.0 점 👍,
[인덱스 반환에 index 함수 사용] : 75.5 점,
[a = my_list[0], b = my_list[1] ... 대신 unpacking 사용 필요] : 52.1 점 🚨,
[함수의 인자가 유동적인 경우 처리 권장] : 20.4 점 🚨,
[조건문 중첩 대신 any, all 사용] : 18.8 점 🚨 (답변 시작)", 전체 흐름을 놓고 보면 조건문이 여러 겹으로 겹쳐 있어요. 부드럽게 여러 조건의 존재 여부는 any나 all에 맡기면 뜻이 훨씬 또렷해져요!  (답변 종료),1,154,118,36,6862575
648,7,6.6,"[한 줄의 길이는 일정 글자 이내로] : 98.3 점 👍,
[제너레이터 표현식 사용이 가능한 경우 사용] : 86.9 점,
[클래스 내부에서만 쓰이는 속성, 메서드 (접두사 있음) 호출 비 권장] : 81.1 점,
[개수 세기에 count 함수 사용] : 71.4 점,
[유사한 이름의 함수끼리 가까이 위치하도록 수정 권장] : 67.9 점 (답변 시작)", 코드의 표정을 읽어 보니 비슷한 이름의 함수가 파일 곳곳에 흩어져 있어요. 한 줄씩 비슷한 역할의 함수를 가까이 두면 탐색 시간이 줄고 파일 구조가 자연스러워져요. 😉  (답변 종료),1,139,102,37,6862575
649,7,5.75,"[한 줄의 길이는 일정 글자 이내로] : 98.8 점 👍,
[함수의 인자가 유동적인 경우 처리 권장] : 91.6 점 👍,
[제너레이터 표현식 사용이 가능한 경우 사용] : 86.9 점,
[기존 배열의 원소 추가 대신 extend 함수 사용] : 64.9 점,
[중복되는 사항 common 으로 빼기] : 6.7 점 🚨 (답변 시작)", 파일의 흐름을 따라가 보니 같은 처리가 여러 곳에서 반복되고 있어요. 안전하게 공통 동작을 한곳으로 모으면 수정할 때 놓칠 구석이 줄어요.  (답변 종료),1,129,97,32,6862575
650,7,6.1,"[함수 docstring, 함수명 의미 일치] : 97.6 점 👍,
[주석 처리된 코드 제거] : 96.5 점 👍,
[경로를 path/to/file 이 아닌, pathlib 또는 os.path.join 사용] : 95.5 점 👍,
[동일한 인수 집합을 갖는 함수가 많은 경우 클래스화 고려] : 50.9 점 🚨,
[유사한 변수명 통일] : 39.9 점 🚨 (답변 시작)", 코드의 표정을 읽어 보니 비슷한 역할의 변수 이름이 제각각이에요! 이번 수정에서는 같은 개념에는 같은 이름 규칙을 쓰면 읽는 속도가 훨씬 빨라져요.  (답변 종료),1,137,103,34,6862575
651,7,7.13,"[개수 세기에 count 함수 사용] : 96.3 점 👍,
[key=itemgetter(""key"") 사용 권장] : 94.3 점 👍,
[숫자 값은 위쪽에 상수로] : 25.3 점 🚨,
[함수명, 반환값 간 일치] : 6.8 점 🚨,
[a = my_list[0], b = my_list[1] ... 대신 unpacking 사용 필요] : 0.3 점 🚨 (답변 시작)", 한 발 물러서서 보면 목록의 원소를 하나씩 꺼내고 있어요! 다음 변경 전에 정해진 순서의 값은 unpacking으로 풀어 주면 한 번에 읽혀요. 🐣  (답변 종료),1,146,106,40,6862575
652,7,6.46,"[중복되는 사항 common 으로 빼기] : 99.5 점 👍,
[문자열 단순 연결보다는 f-string 사용] : 95.1 점 👍,
[파일 단순 읽기/쓰기는 Path 사용] : 93.8 점 👍,
[prefix, suffix 검사 시 startswith(), endswith() 사용] : 83.6 점,
[유사한 변수명 통일] : 18.2 점 🚨 (답변 시작)", 리팩터링 관점에서는 비슷한 역할의 변수 이름이 제각각이에요. 작은 정성으로 같은 개념에는 같은 이름 규칙을 쓰면 읽는 속도가 훨씬 빨라져요!  (답변 종료),1,133,97,36,6862575
653,7,5.4,"[함수의 인자가 하나로 묶을 수 있는 경우 처리 권장] : 96.3 점 👍,
[고정값 상수화 필요] : 91.9 점 👍,
[동일한 인수 집합을 갖는 함수가 많은 경우 클래스화 고려] : 54.4 점 🚨,
[조건문 중첩 대신 any, all 사용] : 7.6 점 🚨,
[한 줄의 길이는 일정 글자 이내로] : 3.1 점 🚨 (답변 시작)", 파일을 다시 훑어보니 한 줄이 너무 길게 이어지는 곳이 있어요. 안전하게 줄을 적당히 나누면 작은 화면에서도 흐름을 놓치지 않아요!  (답변 종료),1,134,104,30,6862575
654,7,7.53,"[상태 값 조건이 있는 if-elif-elif-else 있는 경우 클래스화 고려] : 99.6 점 👍,
[지나치게 많은 들여쓰기 수정] : 94.8 점 👍,
[str 단순 += 대신 join 사용] : 77.0 점,
[리스트 컴프리헨션 사용이 가능한 경우 사용] : 69.6 점,
[key=itemgetter(""key"") 사용 권장] : 5.4 점 🚨 (답변 시작)"," 리뷰 돋보기를 대 보니 정렬 키를 lambda로 길게 꺼내고 있어요. 살짝 딕셔너리 키로 정렬할 때는 itemgetter(""key"")가 더 간결하게 뜻을 전해요. 🎯  (답변 종료)",1,141,99,42,6862575
655,7,7.02,"[중복되는 사항 common 으로 빼기] : 94.4 점 👍,
[매우 간결한 변환은 map 사용] : 93.3 점 👍,
[zip 사용 가능한 경우 사용] : 65.2 점,
[f = lambda x: ... 보다는 def f(x): return ... 를 사용] : 19.1 점 🚨,
[조건문 중첩 대신 any, all 사용] : 18.8 점 🚨 (답변 시작)", 작은 개선을 찾다 보니 조건문이 여러 겹으로 겹쳐 있어요. 다음 커밋에서 여러 조건의 존재 여부는 any나 all에 맡기면 뜻이 훨씬 또렷해져요!  (답변 종료),1,139,100,39,6862575
656,7,7.13,"[f = lambda x: ... 보다는 def f(x): return ... 를 사용] : 94.7 점 👍,
[prefix, suffix 검사 시 startswith(), endswith() 사용] : 94.5 점 👍,
[a = my_list[0], b = my_list[1] ... 대신 unpacking 사용 필요] : 83.8 점,
[지나치게 많은 들여쓰기 수정] : 29.1 점 🚨,
[동일 인자 type 통일] : 10.6 점 🚨 (답변 시작)", 한 발 물러서서 보면 같은 의미의 인수에서 type 표기가 통일되지 않았어요. 기분이 좋을 때 인수의 type을 한 방식으로 맞추면 호출하는 쪽도 덜 헷갈려요!  (답변 종료),1,153,113,40,6862575
657,7,6.95,"[중복되는 사항 common 으로 빼기] : 67.3 점,
[불필요한 print, logging 제거] : 35.6 점 🚨,
[정규 표현식 문자열은 r""..."" 권장] : 35.2 점 🚨,
[동일한 인수 집합을 갖는 함수가 많은 경우 클래스화 고려] : 29.7 점 🚨,
[불필요한 변수 생성 대신 defaultdict 권장] : 2.6 점 🚨 (답변 시작)", 다음 변경을 생각하면 키별 초기화를 직접 반복하고 있어요. 팀과 맞춰 보며 키별로 값을 모을 때는 defaultdict를 쓰면 분기와 보일러플레이트가 줄어들어요!  (답변 종료),1,141,102,39,6862575
658,7,5.77,"[조건문 중첩 대신 any, all 사용] : 95.2 점 👍,
[예외를 삼키는 경우가 없어야 함] : 94.4 점 👍,
[함수의 인수를 변경 가능한 default value로 하지 않아야 함] : 93.7 점 👍,
[key=itemgetter(""key"") 사용 권장] : 64.5 점,
[str 단순 += 대신 join 사용] : 49.4 점 🚨 (답변 시작)", 다시 살펴보니 문자열을 반복해서 더하고 있어요. 팀과 맞춰 보며 조각을 많이 합칠 때는 join으로 모으면 성능과 의도가 함께 좋아져요.  (답변 종료),1,128,96,32,6862575
659,7,6.96,"[파일 열기, 닫기 시 with open(...) 사용] : 92.8 점 👍,
[불필요한 변수 생성 대신 defaultdict 권장] : 85.3 점,
[함수의 인자가 하나로 묶을 수 있는 경우 처리 권장] : 50.6 점 🚨,
[100 line 이상 함수 분리, docstring 필요] : 18.0 점 🚨,
[함수 인수 type hint 필요] : 17.4 점 🚨 (답변 시작)", 실행 경로를 훑어보니 함수 인수의 type hint가 비어 있어요. 🌈 다음 커밋에서 인수에 type hint를 달아 두면 들어오는 데이터가 무엇인지 바로 알 수 있어요!  (답변 종료),1,140,101,39,6862575
660,7,6.81,"[함수 docstring, 함수명 의미 일치] : 99.5 점 👍,
[import 순서 준수] : 96.7 점 👍,
[미 사용 변수/함수 제거] : 62.3 점,
[상태 값 조건이 있는 if-elif-elif-else 있는 경우 클래스화 고려] : 16.8 점 🚨,
[동일한 인수 집합을 갖는 함수가 많은 경우 클래스화 고려] : 2.5 점 🚨 (답변 시작)", 한 번 더 확인해 보니 같은 설정을 계속 받는 함수가 여러 개예요. 이왕이면 공통 상태를 가진 객체로 묶으면 인자 전달이 가벼워지고 역할도 선명해져요!  (답변 종료),1,140,102,38,6862575
661,7,6.78,"[100 line 이상 함수 분리, docstring 필요] : 98.7 점 👍,
[비어 있는 문자열 여부 판단 간소화] : 91.4 점 👍,
[리스트 컴프리헨션 사용이 가능한 경우 사용] : 79.1 점,
[언패킹 시 숫자 인덱스 사용하지 말 것 (변수에 바로 할당)] : 73.2 점,
[함수의 인수를 변경 가능한 default value로 하지 않아야 함] : 60.0 점 (답변 시작)", 코드의 표정을 읽어 보니 기본 인수에 리스트나 딕셔너리를 넣고 있어요. 천천히 리스트나 딕셔너리는 None으로 두고 함수 안에서 만들면 호출 사이에 상태가 섞이지 않아요. 😉  (답변 종료),1,142,104,38,6862575
662,7,7.47,"[파일 열기, 닫기 시 with open(...) 사용] : 98.9 점 👍,
[유사한 이름의 함수끼리 가까이 위치하도록 수정 권장] : 97.0 점 👍,
[매우 간결한 변환은 map 사용] : 96.6 점 👍,
[경로를 path/to/file 이 아닌, pathlib 또는 os.path.join 사용] : 81.9 점,
[동일한 인수 집합을 갖는 함수가 많은 경우 클래스화 고려] : 66.4 점 (답변 시작)", 이 파일을 읽다 보면 같은 설정을 계속 받는 함수가 여러 개예요. 이번 수정에서는 공통 상태를 가진 객체로 묶으면 인자 전달이 가벼워지고 역할도 선명해져요! 🛠️  (답변 종료),1,150,108,42,6862575
663,7,6.97,"[a = my_list[0], b = my_list[1] ... 대신 unpacking 사용 필요] : 99.4 점 👍,
[함수 인수 type hint 필요] : 93.4 점 👍,
[클래스 내부에서만 쓰이는 속성, 메서드 (접두사 있음) 호출 비 권장] : 90.8 점 👍,
[함수의 인수를 변경 가능한 default value로 하지 않아야 함] : 34.5 점 🚨,
[불필요한 변수 생성 대신 defaultdict 권장] : 5.5 점 🚨 (답변 시작)", 한 번 더 확인해 보니 키별 초기화를 직접 반복하고 있어요. 이왕이면 키별로 값을 모을 때는 defaultdict를 쓰면 분기와 보일러플레이트가 줄어들어요.  (답변 종료),1,157,118,39,6862575
664,7,7.76,"[함수명, 반환값 간 일치] : 94.9 점 👍,
[enumerate 사용 가능한 경우 사용] : 87.9 점,
[if a.get(""b"") ... 형태로 수정 필요] : 81.3 점,
[zip 사용 가능한 경우 사용] : 67.0 점,
[상태 값 조건이 있는 if-elif-elif-else 있는 경우 클래스화 고려] : 51.8 점 🚨 (답변 시작)", 코드 산책을 하다 보니 상태에 따라 갈라지는 조건문이 길게 이어져요. 💫 기분 좋게 상태별 동작을 클래스로 나누면 새 상태를 더할 때 기존 조건문을 덜 건드려도 돼요.  (답변 종료),1,142,99,43,6862575
665,7,7.71,"[함수의 인수를 변경 가능한 default value로 하지 않아야 함] : 91.3 점 👍,
[유사한 이름의 함수끼리 가까이 위치하도록 수정 권장] : 91.2 점 👍,
[itertools.product 사용 가능한 경우 사용] : 82.5 점,
[enumerate 사용 가능한 경우 사용] : 81.7 점,
[상태 값 조건이 있는 if-elif-elif-else 있는 경우 클래스화 고려] : 59.4 점 🚨 (답변 시작)", 코드의 결을 살펴보면 상태에 따라 갈라지는 조건문이 길게 이어져요. 💫 기분 좋게 상태별 동작을 클래스로 나누면 새 상태를 더할 때 기존 조건문을 덜 건드려도 돼요.  (답변 종료),1,150,107,43,6862575
666,7,6.87,"[itertools.product 사용 가능한 경우 사용] : 93.3 점 👍,
[고정값 상수화 필요] : 92.4 점 👍,
[의미 있는 함수명, 변수명 사용] : 80.6 점,
[str 단순 += 대신 join 사용] : 63.3 점,
[a = my_list[0], b = my_list[1] ... 대신 unpacking 사용 필요] : 41.1 점 🚨 (답변 시작)", 테스트하는 마음으로 보면 목록의 원소를 하나씩 꺼내고 있어요. 🌈 다음 변경 전에 정해진 순서의 값은 unpacking으로 풀어 주면 한 번에 읽혀요!  (답변 종료),1,138,100,38,6862575
667,7,6.84,"[조건문 중첩 대신 any, all 사용] : 95.4 점 👍,
[비어 있는 문자열 여부 판단 간소화] : 91.1 점 👍,
[유사한 변수명 통일] : 79.7 점,
[prefix, suffix 검사 시 startswith(), endswith() 사용] : 74.5 점,
[assertion을 제어 메커니즘으로 사용하면 안됨] : 28.2 점 🚨 (답변 시작)", 현재 흐름에서는 assert가 실행 흐름을 대신하고 있어요! 🍀 작은 단계로 검증이 필요한 분기는 명시적인 예외 처리로 바꾸어야 배포 환경에서도 안전해요.  (답변 종료),1,134,96,38,6862575
668,7,6.85,"[a = my_list[0], b = my_list[1] ... 대신 unpacking 사용 필요] : 97.4 점 👍,
[if-elif-elif-else 구문은 되도록 dict로 수정] : 95.3 점 👍,
[리스트 컴프리헨션 사용이 가능한 경우 사용] : 81.2 점,
[지나치게 많은 들여쓰기 수정] : 75.1 점,
[동일한 인수 집합을 갖는 함수가 많은 경우 클래스화 고려] : 7.5 점 🚨 (답변 시작)", 한 번 더 확인해 보니 같은 설정을 계속 받는 함수가 여러 개예요. 이왕이면 공통 상태를 가진 객체로 묶으면 인자 전달이 가벼워지고 역할도 선명해져요.  (답변 종료),1,153,115,38,6862575
669,7,7.53,"[빈도수, 반복문, 경로명 리스트 추출 시 collections, itertools, glob 사용] : 96.2 점 👍,
[제너레이터 표현식 사용이 가능한 경우 사용] : 95.9 점 👍,
[prefix, suffix 검사 시 startswith(), endswith() 사용] : 91.3 점 👍,
[주석 처리된 코드 제거] : 84.1 점,
[상태 값 조건이 있는 if-elif-elif-else 있는 경우 클래스화 고려] : 82.5 점 (답변 시작)", 전체 흐름을 놓고 보면 상태에 따라 갈라지는 조건문이 길게 이어져요. 작은 정성으로 상태별 동작을 클래스로 나누면 새 상태를 더할 때 기존 조건문을 덜 건드려도 돼요.  (답변 종료),1,157,115,42,6862575
670,7,6.87,"[함수의 인자가 유동적인 경우 처리 권장] : 91.2 점 👍,
[zip 사용 가능한 경우 사용] : 50.0 점 🚨,
[100 line 이상 함수 분리, docstring 필요] : 47.1 점 🚨,
[상태 값 조건이 있는 if-elif-elif-else 있는 경우 클래스화 고려] : 13.1 점 🚨,
[동일 인자 type 통일] : 12.5 점 🚨 (답변 시작)", 코드 산책을 하다 보니 같은 의미의 인수에서 type 표기가 통일되지 않았어요. 기분 좋게 인수의 type을 한 방식으로 맞추면 호출하는 쪽도 덜 헷갈려요.  (답변 종료),1,141,103,38,6862575
671,7,7.03,"[비어 있는 문자열 여부 판단 간소화] : 98.2 점 👍,
[key=itemgetter(""key"") 사용 권장] : 94.4 점 👍,
[if-elif-elif-else 구문은 되도록 dict로 수정] : 21.6 점 🚨,
[파일 단순 읽기/쓰기는 Path 사용] : 11.5 점 🚨,
[동일 인자 type 통일] : 8.0 점 🚨 (답변 시작)", 코드의 맥락을 보면 같은 의미의 인수에서 type 표기가 통일되지 않았어요. 천천히 인수의 type을 한 방식으로 맞추면 호출하는 쪽도 덜 헷갈려요. 😺  (답변 종료),1,138,99,39,6862575
672,7,6.35,"[조건문 중첩 대신 any, all 사용] : 97.2 점 👍,
[클래스 내부에서만 쓰이는 속성, 메서드 (접두사 있음) 호출 비 권장] : 83.8 점,
[함수 인수 type hint 필요] : 77.5 점,
[import 순서 준수] : 72.0 점,
[if-elif-elif-else 구문은 되도록 dict로 수정] : 24.8 점 🚨 (답변 시작)", 코드 산책을 하다 보니 조건 분기가 길게 늘어진 곳이 있어요. 미래의 나를 위해 값에 따른 선택이라면 dict 매핑으로 바꾸어 분기표를 단순하게 만들어 보세요.  (답변 종료),1,135,100,35,6862575
673,7,7.22,"[불필요한 변수 생성 대신 defaultdict 권장] : 99.5 점 👍,
[리스트 컴프리헨션 사용이 가능한 경우 사용] : 97.8 점 👍,
[미 사용 변수/함수 제거] : 96.0 점 👍,
[assertion을 제어 메커니즘으로 사용하면 안됨] : 92.6 점 👍,
[제너레이터 표현식 사용이 가능한 경우 사용] : 74.2 점 (답변 시작)", 차분히 검토해 보니 한 번만 쓸 중간 목록이 만들어지고 있어요. 개발자 마음으로 한 번만 순회한다면 제너레이터 표현식으로 메모리를 아껴 볼 만해요. 🛠️  (답변 종료),1,135,95,40,6862575
674,7,6.33,"[문자열 단순 연결보다는 f-string 사용] : 93.5 점 👍,
[매우 간결한 변환은 map 사용] : 91.8 점 👍,
[함수의 인수를 변경 가능한 default value로 하지 않아야 함] : 47.6 점 🚨,
[README.md, pyproject.toml 필요] : 36.9 점 🚨,
[파일 단순 읽기/쓰기는 Path 사용] : 13.9 점 🚨 (답변 시작)", 천천히 살펴보면 간단한 파일 작업이 장황하게 처리되고 있어요. 안전하게 Path의 읽기와 쓰기 메서드를 쓰면 파일 작업이 짧고 단단해져요. 🧩  (답변 종료),1,136,101,35,6862575
675,7,6.52,"[문자열 단순 연결보다는 f-string 사용] : 96.4 점 👍,
[zip 사용 가능한 경우 사용] : 93.4 점 👍,
[유사한 변수명 통일] : 90.9 점 👍,
[기존 배열의 원소 추가 대신 extend 함수 사용] : 90.6 점 👍,
[경로를 path/to/file 이 아닌, pathlib 또는 os.path.join 사용] : 43.0 점 🚨 (답변 시작)", 한 번 더 확인해 보니 파일 경로를 문자열로 이어 붙이고 있어요. 조금 시간을 내서 pathlib이나 os.path.join으로 경로를 조립하면 운영체제가 달라도 안전해요!  (답변 종료),1,133,97,36,6862575
676,7,6.49,"[예외를 삼키는 경우가 없어야 함] : 97.9 점 👍,
[정규 표현식 문자열은 r""..."" 권장] : 96.9 점 👍,
[zip 사용 가능한 경우 사용] : 91.3 점 👍,
[str 단순 += 대신 join 사용] : 81.9 점,
[중복되는 사항 common 으로 빼기] : 60.8 점 (답변 시작)", 리뷰 메모를 보면 같은 처리가 여러 곳에서 반복되고 있어요. 🌿 한 발 먼저 공통 동작을 한곳으로 모으면 수정할 때 놓칠 구석이 줄어요.  (답변 종료),1,125,89,36,6862575
677,7,7.02,"[지나치게 많은 들여쓰기 수정] : 99.0 점 👍,
[매우 간결한 변환은 map 사용] : 81.8 점,
[불필요한 print, logging 제거] : 70.8 점,
[비어 있는 문자열 여부 판단 간소화] : 51.0 점 🚨,
[동일 인자 type 통일] : 21.9 점 🚨 (답변 시작)", 작은 개선을 찾다 보니 같은 의미의 인수에서 type 표기가 통일되지 않았어요. 😺 인수의 type을 한 방식으로 맞추면 호출하는 쪽도 덜 헷갈려요.  (답변 종료),1,126,87,39,6862575
678,7,6.3,"[지나치게 많은 들여쓰기 수정] : 97.4 점 👍,
[Python 예약어를 변수명으로 사용하지 않아야 함] : 90.7 점 👍,
[비어 있는 문자열 여부 판단 간소화] : 48.3 점 🚨,
[if-elif-elif-else 구문은 되도록 dict로 수정] : 24.4 점 🚨,
[기존 배열의 원소 추가 대신 extend 함수 사용] : 24.4 점 🚨 (답변 시작)", 작은 신호를 짚어 보니 목록 원소를 하나씩 추가하고 있어요. 코드의 맥락을 보며 여러 값을 더할 때는 extend를 쓰면 의도가 정확히 전달돼요! 💫  (답변 종료),1,137,102,35,6862575
679,7,6.33,"[assertion을 제어 메커니즘으로 사용하면 안됨] : 99.3 점 👍,
[함수명, 반환값 간 일치] : 90.6 점 👍,
[제너레이터 표현식 사용이 가능한 경우 사용] : 81.1 점,
[비어 있는 문자열 여부 판단 간소화] : 75.8 점,
[zip 사용 가능한 경우 사용] : 32.3 점 🚨 (답변 시작)", 미래의 나를 위해 보면 두 목록을 인덱스로 따로 읽고 있어요. 한 번에 나란히 읽는 값들은 zip으로 묶어 주면 인덱스 실수를 막을 수 있어요! 😺  (답변 종료),1,127,92,35,6862575
680,7,8.94,"[숫자 값은 위쪽에 상수로] : 97.0 점 👍,
[if-elif-elif-else 구문은 되도록 dict로 수정] : 93.0 점 👍,
[고정값 상수화 필요] : 74.9 점,
[문자열 단순 연결보다는 f-string 사용] : 32.0 점 🚨,
[빈도수, 반복문, 경로명 리스트 추출 시 collections, itertools, glob 사용] : 6.0 점 🚨 (답변 시작)", 리뷰 돋보기를 대 보니 표준 라이브러리로 줄일 수 있는 반복이 보여요. 🎈 가능한 범위에서 빈도에는 collections를 반복 조합에는 itertools를 경로 모으기에는 glob을 쓰면 표준 도구의 힘을 빌릴 수 있어요.  (답변 종료),1,156,106,50,6862575
681,7,6.58,"[숫자 값은 위쪽에 상수로] : 98.5 점 👍,
[고정값 상수화 필요] : 82.2 점,
[예외의 종류 (OOOError 등) 구체적 명시 권장] : 68.6 점,
[기존 배열의 원소 추가 대신 extend 함수 사용] : 63.4 점,
[100 line 이상 함수 분리, docstring 필요] : 12.6 점 🚨 (답변 시작)", 한 발 물러서서 보면 하나의 함수가 너무 많은 일을 하고 있어요. 테스트를 떠올리며 책임별로 나누고 docstring을 붙이면 테스트와 수정이 한결 수월해져요!  (답변 종료),1,129,93,36,6862575
682,7,7.38,"[동일한 인수 집합을 갖는 함수가 많은 경우 클래스화 고려] : 95.3 점 👍,
[동일 인자 type 통일] : 90.6 점 👍,
[함수의 인자가 유동적인 경우 처리 권장] : 64.1 점,
[if-elif-elif-else 구문은 되도록 dict로 수정] : 35.4 점 🚨,
[개수 세기에 count 함수 사용] : 18.4 점 🚨 (답변 시작)", 작은 신호를 짚어 보니 값의 개수를 세려고 직접 순회하고 있어요. 😺 한 줄씩 단순한 횟수 확인은 count에 맡기면 코드가 짧고 분명해져요. 📌  (답변 종료),1,142,103,39,6862575
683,7,6.75,"[조건문 중첩 대신 any, all 사용] : 97.2 점 👍,
[불필요한 print, logging 제거] : 95.5 점 👍,
[100 line 이상 함수 분리, docstring 필요] : 90.6 점 👍,
[파일 열기, 닫기 시 with open(...) 사용] : 90.3 점 👍,
[매우 간결한 변환은 map 사용] : 33.5 점 🚨 (답변 시작)", 천천히 살펴보면 아주 단순한 변환을 긴 반복문으로 풀고 있어요. 이번 수정에서는 변환 규칙이 단순하면 map으로 핵심 연산을 또렷하게 표현할 수 있어요!  (답변 종료),1,133,97,36,6862575
684,7,6.58,"[유사한 이름의 함수끼리 가까이 위치하도록 수정 권장] : 99.3 점 👍,
[enumerate 사용 가능한 경우 사용] : 74.2 점,
[한 줄의 길이는 일정 글자 이내로] : 43.2 점 🚨,
[함수의 인수를 변경 가능한 default value로 하지 않아야 함] : 39.9 점 🚨,
[중복되는 사항 common 으로 빼기] : 35.0 점 🚨 (답변 시작)", 코드의 표정을 읽어 보니 같은 처리가 여러 곳에서 반복되고 있어요. 한 줄씩 공통 동작을 한곳으로 모으면 수정할 때 놓칠 구석이 줄어요. 💡  (답변 종료),1,137,102,35,6862575
685,7,6.77,"[동일한 인수 집합을 갖는 함수가 많은 경우 클래스화 고려] : 98.5 점 👍,
[함수의 인수를 변경 가능한 default value로 하지 않아야 함] : 96.2 점 👍,
[빈 파일 TODO 표시 필요] : 66.0 점,
[리스트 컴프리헨션 사용이 가능한 경우 사용] : 44.2 점 🚨,
[기존 배열의 원소 추가 대신 extend 함수 사용] : 37.0 점 🚨 (답변 시작)", 차분히 검토해 보니 목록 원소를 하나씩 추가하고 있어요. 의도를 적어 두듯 여러 값을 더할 때는 extend를 쓰면 의도가 정확히 전달돼요. 🧼  (답변 종료),1,140,104,36,6862575
686,7,7.33,"[f = lambda x: ... 보다는 def f(x): return ... 를 사용] : 96.2 점 👍,
[함수의 인자가 하나로 묶을 수 있는 경우 처리 권장] : 96.1 점 👍,
[key=itemgetter(""key"") 사용 권장] : 90.2 점 👍,
[고정값 상수화 필요] : 31.5 점 🚨,
[함수의 인수를 변경 가능한 default value로 하지 않아야 함] : 9.5 점 🚨 (답변 시작)", 다음 커밋을 생각해 보면 기본 인수에 리스트나 딕셔너리를 넣고 있어요. 마음을 편히 리스트나 딕셔너리는 None으로 두고 함수 안에서 만들면 호출 사이에 상태가 섞이지 않아요.  (답변 종료),1,148,109,39,6862575
687,7,6.04,"[함수의 인자가 하나로 묶을 수 있는 경우 처리 권장] : 97.7 점 👍,
[상태 값 조건이 있는 if-elif-elif-else 있는 경우 클래스화 고려] : 91.8 점 👍,
[함수 docstring, 함수명 의미 일치] : 90.5 점 👍,
[불필요한 변수 생성 대신 defaultdict 권장] : 69.2 점,
[인덱스 반환에 index 함수 사용] : 68.5 점 (답변 시작)", 다음 변경을 생각하면 위치를 찾기 위해 직접 반복하고 있어요. 🌈 한 발 먼저 첫 위치가 필요할 때는 index를 쓰면 목적이 바로 보입니다!  (답변 종료),1,136,104,32,6862575
688,7,7.14,"[함수 docstring, 함수명 의미 일치] : 96.7 점 👍,
[동일한 인수 집합을 갖는 함수가 많은 경우 클래스화 고려] : 94.7 점 👍,
[미 사용 변수/함수 제거] : 62.1 점,
[100 line 이상 함수 분리, docstring 필요] : 22.9 점 🚨,
[지나치게 많은 들여쓰기 수정] : 18.8 점 🚨 (답변 시작)", 가독성에 집중해 보면 들여쓰기 단계가 깊어 흐름을 따라가기 어려워요. 가능한 범위에서 작은 함수로 쪼개거나 빠른 반환을 쓰면 조건의 미로가 얕아져요.  (답변 종료),1,135,97,38,6862575
689,7,6.03,"[예외를 삼키는 경우가 없어야 함] : 98.9 점 👍,
[100 line 이상 함수 분리, docstring 필요] : 97.6 점 👍,
[a = my_list[0], b = my_list[1] ... 대신 unpacking 사용 필요] : 94.4 점 👍,
[예외의 종류 (OOOError 등) 구체적 명시 권장] : 93.7 점 👍,
[파일 단순 읽기/쓰기는 Path 사용] : 84.4 점 (답변 시작)", 천천히 살펴보면 간단한 파일 작업이 장황하게 처리되고 있어요! 안전하게 Path의 읽기와 쓰기 메서드를 쓰면 파일 작업이 짧고 단단해져요.  (답변 종료),1,141,109,32,6862575
690,7,5.67,"[경로를 path/to/file 이 아닌, pathlib 또는 os.path.join 사용] : 94.0 점 👍,
[함수 docstring, 함수명 의미 일치] : 83.6 점,
[if a.get(""b"") ... 형태로 수정 필요] : 72.7 점,
[prefix, suffix 검사 시 startswith(), endswith() 사용] : 62.9 점,
[str 단순 += 대신 join 사용] : 60.6 점 (답변 시작)", 현재 흐름에서는 문자열을 반복해서 더하고 있어요! 명확하게 조각을 많이 합칠 때는 join으로 모으면 성능과 의도가 함께 좋아져요.  (답변 종료),1,131,101,30,6862575
691,7,6.09,"[미 사용 변수/함수 제거] : 94.8 점 👍,
[유사한 이름의 함수끼리 가까이 위치하도록 수정 권장] : 86.6 점,
[a = my_list[0], b = my_list[1] ... 대신 unpacking 사용 필요] : 23.8 점 🚨,
[고정값 상수화 필요] : 22.7 점 🚨,
[str 단순 += 대신 join 사용] : 2.4 점 🚨 (답변 시작)", 전체 흐름을 놓고 보면 문자열을 반복해서 더하고 있어요. 차분하게 조각을 많이 합칠 때는 join으로 모으면 성능과 의도가 함께 좋아져요.  (답변 종료),1,136,104,32,6862575
692,7,6.96,"[함수의 인자가 유동적인 경우 처리 권장] : 92.8 점 👍,
[enumerate 사용 가능한 경우 사용] : 90.8 점 👍,
[정규 표현식 문자열은 r""..."" 권장] : 90.6 점 👍,
[if a.get(""b"") ... 형태로 수정 필요] : 15.9 점 🚨,
[의미 있는 함수명, 변수명 사용] : 8.7 점 🚨 (답변 시작)", 이 파일을 읽다 보면 역할을 짐작하기 어려운 함수나 변수 이름이 보여요. 작은 정성으로 무엇을 하는지 드러나는 이름으로 바꾸면 설명서 없이도 코드가 읽혀요!  (답변 종료),1,138,101,37,6862575
693,7,6.41,"[함수 docstring, 함수명 의미 일치] : 98.1 점 👍,
[유사한 이름의 함수끼리 가까이 위치하도록 수정 권장] : 90.8 점 👍,
[비어 있는 문자열 여부 판단 간소화] : 83.5 점,
[유사한 변수명 통일] : 64.7 점,
[itertools.product 사용 가능한 경우 사용] : 18.9 점 🚨 (답변 시작)", 코드의 표정을 읽어 보니 조합을 만들려고 중첩 반복문을 쓰고 있어요. 이왕이면 모든 조합이 필요할 때는 itertools.product로 의도를 또렷하게 드러내요.  (답변 종료),1,126,92,34,6862575
694,7,6.94,"[미 사용 변수/함수 제거] : 95.3 점 👍,
[함수 docstring, 함수명 의미 일치] : 74.4 점,
[유사한 이름의 함수끼리 가까이 위치하도록 수정 권장] : 67.6 점,
[중복되는 사항 common 으로 빼기] : 50.3 점 🚨,
[숫자 값은 위쪽에 상수로] : 13.4 점 🚨 (답변 시작)", 한 발 물러서서 보면 로직 사이에 매직 넘버가 숨어 있어요. 한 번에 매직 넘버를 파일 위쪽의 상수로 올리면 숫자가 왜 필요한지 바로 보여요.  (답변 종료),1,131,94,37,6862575
695,7,6.6,"[함수의 인자가 유동적인 경우 처리 권장] : 67.5 점,
[인덱스 반환에 index 함수 사용] : 39.2 점 🚨,
[지나치게 많은 들여쓰기 수정] : 38.7 점 🚨,
[zip 사용 가능한 경우 사용] : 32.3 점 🚨,
[숫자 값은 위쪽에 상수로] : 25.5 점 🚨 (답변 시작)", 코드의 표정을 읽어 보니 로직 사이에 매직 넘버가 숨어 있어요. 살짝 매직 넘버를 파일 위쪽의 상수로 올리면 숫자가 왜 필요한지 바로 보여요.  (답변 종료),1,128,93,35,6862575
696,7,5.66,"[지나치게 많은 들여쓰기 수정] : 94.1 점 👍,
[언패킹 시 숫자 인덱스 사용하지 말 것 (변수에 바로 할당)] : 92.2 점 👍,
[빈도수, 반복문, 경로명 리스트 추출 시 collections, itertools, glob 사용] : 74.6 점,
[유사한 변수명 통일] : 59.0 점 🚨,
[비어 있는 문자열 여부 판단 간소화] : 42.5 점 🚨 (답변 시작)", 천천히 살펴보면 빈 문자열 검사식이 불필요하게 길어요! 꼼꼼하게 파이썬다운 조건 검사로 바꾸면 조건식이 가볍게 읽혀요.  (답변 종료),1,137,107,30,6862575
697,7,8.05,"[key=itemgetter(""key"") 사용 권장] : 90.0 점 👍,
[주석 처리된 코드 제거] : 68.5 점,
[if-elif-elif-else 구문은 되도록 dict로 수정] : 68.4 점,
[조건문 중첩 대신 any, all 사용] : 2.9 점 🚨,
[상태 값 조건이 있는 if-elif-elif-else 있는 경우 클래스화 고려] : 1.8 점 🚨 (답변 시작)", 코드의 결을 살펴보면 상태에 따라 갈라지는 조건문이 길게 이어져요. 팀과 맞춰 보며 상태별 동작을 클래스로 나누면 새 상태를 더할 때 기존 조건문을 덜 건드려도 돼요.  (답변 종료),1,150,107,43,6862575
698,7,7.3,"[Python 예약어를 변수명으로 사용하지 않아야 함] : 92.3 점 👍,
[예외의 종류 (OOOError 등) 구체적 명시 권장] : 91.5 점 👍,
[매우 간결한 변환은 map 사용] : 87.2 점,
[언패킹 시 숫자 인덱스 사용하지 말 것 (변수에 바로 할당)] : 59.4 점 🚨,
[함수명, 반환값 간 일치] : 55.7 점 🚨 (답변 시작)", 리뷰 메모를 보면 함수 이름과 반환값의 약속이 어긋나는 곳이 있어요! 한 발 먼저 반환하는 값을 이름에 맞추면 호출부에서 예상이 빗나가지 않아요. 🧼  (답변 종료),1,144,105,39,6862575
699,7,7.14,"[if a.get(""b"") ... 형태로 수정 필요] : 98.2 점 👍,
[유사한 변수명 통일] : 96.2 점 👍,
[언패킹 시 숫자 인덱스 사용하지 말 것 (변수에 바로 할당)] : 95.5 점 👍,
[상태 값 조건이 있는 if-elif-elif-else 있는 경우 클래스화 고려] : 68.8 점,
[함수 docstring, 함수명 의미 일치] : 22.8 점 🚨 (답변 시작)", 한 번 더 확인해 보니 docstring과 함수 동작이 서로 다르게 읽혀요! 문맥을 확인하며 docstring과 함수가 약속한 역할을 맞추면 다음 사람이 안심하고 호출할 수 있어요.  (답변 종료),1,147,109,38,6862575
700,final_inference,22.44,"[주석 처리된 코드 제거] : 98.8 점 👍,
[import 순서 준수] : 76.1 점,
[enumerate 사용 가능한 경우 사용] : 75.6 점,
[불필요한 print, logging 제거] : 61.0 점,
[매우 간결한 변환은 map 사용] : 27.3 점 🚨 (답변 시작)", 작은 신호를 짚어 보니 아주 단순한 변환을 긴 반복문으로 풀고 있어요. 이왕이면 변환 규칙이 단순하면 map으로 핵심 연산을 또렷하게 표현할 수 있어요.  (답변 종료),1,121,83,38,13074764
701,final_inference,26.3,"[상태 값 조건이 있는 if-elif-elif-else 있는 경우 클래스화 고려] : 93.4 점 👍,
[파일 열기, 닫기 시 with open(...) 사용] : 92.7 점 👍,
[유사한 변수명 통일] : 90.7 점 👍,
[매우 간결한 변환은 map 사용] : 34.8 점 🚨,
[README.md, pyproject.toml 필요] : 31.6 점 🚨 (답변 시작)", 작은 신호를 짚어 보니 시작 방법을 알려 줄 README.md와 pyproject.toml이 필요해 보여요! 기록을 남기듯 설치 방법과 실행 환경을 적어 두면 처음 온 사람도 바로 출발할 수 있어요. 🌿  (답변 종료),1,149,104,45,13074764
702,final_inference,21.43,"[의미 있는 함수명, 변수명 사용] : 98.9 점 👍,
[prefix, suffix 검사 시 startswith(), endswith() 사용] : 97.2 점 👍,
[if-elif-elif-else 구문은 되도록 dict로 수정] : 72.2 점,
[미 사용 변수/함수 제거] : 31.2 점 🚨,
[동일한 인수 집합을 갖는 함수가 많은 경우 클래스화 고려] : 23.2 점 🚨 (답변 시작)", 천천히 살펴보면 같은 설정을 계속 받는 함수가 여러 개예요. 이번 수정에서는 공통 상태를 가진 객체로 묶으면 인자 전달이 가벼워지고 역할도 선명해져요!  (답변 종료),1,145,109,36,13074764
703,final_inference,19.34,"[문자열 단순 연결보다는 f-string 사용] : 97.4 점 👍,
[함수의 인자가 유동적인 경우 처리 권장] : 83.8 점,
[유사한 이름의 함수끼리 가까이 위치하도록 수정 권장] : 68.4 점,
[매우 간결한 변환은 map 사용] : 68.1 점,
[enumerate 사용 가능한 경우 사용] : 36.0 점 🚨 (답변 시작)", 코드의 표정을 읽어 보니 반복문에서 번호를 직접 관리하고 있어요! 이왕이면 순서와 값을 함께 쓸 때는 enumerate가 더 자연스럽고 안전해요.  (답변 종료),1,126,94,32,13074764
704,final_inference,18.73,"[itertools.product 사용 가능한 경우 사용] : 92.3 점 👍,
[README.md, pyproject.toml 필요] : 90.9 점 👍,
[함수 인수 type hint 필요] : 90.4 점 👍,
[중복되는 사항 common 으로 빼기] : 88.9 점,
[str 단순 += 대신 join 사용] : 87.7 점 (답변 시작)", 다시 살펴보니 문자열을 반복해서 더하고 있어요. 과감하게 조각을 많이 합칠 때는 join으로 모으면 성능과 의도가 함께 좋아져요. 🍀  (답변 종료),1,118,87,31,13074764
705,final_inference,22.5,"[함수의 인자가 하나로 묶을 수 있는 경우 처리 권장] : 97.8 점 👍,
[동일한 인수 집합을 갖는 함수가 많은 경우 클래스화 고려] : 93.5 점 👍,
[if a.get(""b"") ... 형태로 수정 필요] : 40.9 점 🚨,
[import 순서 준수] : 12.0 점 🚨,
[함수 docstring, 함수명 의미 일치] : 1.5 점 🚨 (답변 시작)", 다음 커밋을 생각해 보면 docstring과 함수 동작이 서로 다르게 읽혀요! 문맥을 확인하며 docstring과 함수가 약속한 역할을 맞추면 다음 사람이 안심하고 호출할 수 있어요.  (답변 종료),1,142,104,38,13074764
706,final_inference,21.93,"[개수 세기에 count 함수 사용] : 99.5 점 👍,
[지나치게 많은 들여쓰기 수정] : 96.8 점 👍,
[enumerate 사용 가능한 경우 사용] : 90.8 점 👍,
[파일 단순 읽기/쓰기는 Path 사용] : 89.7 점,
[의미 있는 함수명, 변수명 사용] : 79.9 점 (답변 시작)", 작은 개선을 찾다 보니 역할을 짐작하기 어려운 함수나 변수 이름이 보여요. 테스트를 떠올리며 무엇을 하는지 드러나는 이름으로 바꾸면 설명서 없이도 코드가 읽혀요.  (답변 종료),1,127,90,37,13074764
707,final_inference,19.83,"[enumerate 사용 가능한 경우 사용] : 92.8 점 👍,
[파일 단순 읽기/쓰기는 Path 사용] : 92.2 점 👍,
[리스트 컴프리헨션 사용이 가능한 경우 사용] : 91.2 점 👍,
[매우 간결한 변환은 map 사용] : 79.5 점,
[if-elif-elif-else 구문은 되도록 dict로 수정] : 66.8 점 (답변 시작)", 천천히 살펴보면 조건 분기가 길게 늘어진 곳이 있어요. 필요한 곳부터 값에 따른 선택이라면 dict 매핑으로 바꾸어 분기표를 단순하게 만들어 보세요!  (답변 종료),1,131,98,33,13074764
708,final_inference,22.53,"[조건문 중첩 대신 any, all 사용] : 51.0 점 🚨,
[함수의 인수를 변경 가능한 default value로 하지 않아야 함] : 46.7 점 🚨,
[불필요한 print, logging 제거] : 44.5 점 🚨,
[빈도수, 반복문, 경로명 리스트 추출 시 collections, itertools, glob 사용] : 32.0 점 🚨,
[고정값 상수화 필요] : 17.4 점 🚨 (답변 시작)", 리뷰 메모를 보면 같은 고정값이 여러 곳에 흩어져 있어요. 🎈 한 줄씩 의미 있는 상수 이름으로 꺼내 두면 정책을 바꿀 때 한 번에 손볼 수 있어요!  (답변 종료),1,148,110,38,13074764
709,final_inference,24.77,"[한 줄의 길이는 일정 글자 이내로] : 99.0 점 👍,
[prefix, suffix 검사 시 startswith(), endswith() 사용] : 69.0 점,
[클래스 내부에서만 쓰이는 속성, 메서드 (접두사 있음) 호출 비 권장] : 48.9 점 🚨,
[함수의 인자가 하나로 묶을 수 있는 경우 처리 권장] : 35.9 점 🚨,
[함수의 인자가 유동적인 경우 처리 권장] : 16.8 점 🚨 (답변 시작)", 전체 흐름을 놓고 보면 개수가 바뀔 수 있는 인수를 고정해 두고 있어요. 필요한 곳부터 가변 인수는 *args나 **kwargs를 알맞게 쓰면 확장에 더 유연해져요!  (답변 종료),1,157,115,42,13074764
710,final_inference,24.1,"[파일 열기, 닫기 시 with open(...) 사용] : 98.7 점 👍,
[prefix, suffix 검사 시 startswith(), endswith() 사용] : 96.4 점 👍,
[제너레이터 표현식 사용이 가능한 경우 사용] : 93.2 점 👍,
[인덱스 반환에 index 함수 사용] : 92.5 점 👍,
[f = lambda x: ... 보다는 def f(x): return ... 를 사용] : 70.7 점 (답변 시작)", 다음 커밋을 생각해 보면 이름이 필요한 동작이 lambda에 숨어 있어요. 이 기회에 재사용하거나 설명이 필요한 로직은 def로 꺼내면 디버깅과 테스트가 편해져요. 🛠️  (답변 종료),1,149,108,41,13074764
711,final_inference,17.69,"[함수 인수 type hint 필요] : 97.5 점 👍,
[동일 인자 type 통일] : 87.6 점,
[f = lambda x: ... 보다는 def f(x): return ... 를 사용] : 81.1 점,
[의미 있는 함수명, 변수명 사용] : 64.7 점,
[한 줄의 길이는 일정 글자 이내로] : 44.4 점 🚨 (답변 시작)", 파일의 흐름을 따라가 보니 한 줄이 너무 길게 이어지는 곳이 있어요. 안전하게 줄을 적당히 나누면 작은 화면에서도 흐름을 놓치지 않아요.  (답변 종료),1,122,93,29,13074764
712,final_inference,20.33,"[고정값 상수화 필요] : 99.5 점 👍,
[import 순서 준수] : 97.9 점 👍,
[리스트 컴프리헨션 사용이 가능한 경우 사용] : 96.2 점 👍,
[매우 간결한 변환은 map 사용] : 91.8 점 👍,
[예외의 종류 (OOOError 등) 구체적 명시 권장] : 65.6 점 (답변 시작)", 작은 개선을 찾다 보니 너무 넓은 예외를 잡고 있어요! 보너스처럼 예상한 OOOError처럼 구체적인 예외만 잡으면 버그가 숨어버리지 않아요.  (답변 종료),1,125,91,34,13074764
713,final_inference,20.87,"[제너레이터 표현식 사용이 가능한 경우 사용] : 91.9 점 👍,
[함수명, 반환값 간 일치] : 90.7 점 👍,
[enumerate 사용 가능한 경우 사용] : 51.7 점 🚨,
[if a.get(""b"") ... 형태로 수정 필요] : 44.4 점 🚨,
[유사한 변수명 통일] : 24.4 점 🚨 (답변 시작)", 파일을 다시 훑어보니 비슷한 역할의 변수 이름이 제각각이에요. 이번 수정에서는 같은 개념에는 같은 이름 규칙을 쓰면 읽는 속도가 훨씬 빨라져요!  (답변 종료),1,132,97,35,13074764
714,final_inference,23.08,"[a = my_list[0], b = my_list[1] ... 대신 unpacking 사용 필요] : 77.1 점,
[함수의 인자가 하나로 묶을 수 있는 경우 처리 권장] : 75.8 점,
[if-elif-elif-else 구문은 되도록 dict로 수정] : 66.8 점,
[zip 사용 가능한 경우 사용] : 66.1 점,
[파일 열기, 닫기 시 with open(...) 사용] : 63.0 점 (답변 시작)", 팀원이 처음 본다고 생각하면 파일을 열고 닫는 일을 직접 관리하고 있어요. 필요한 곳부터 with open(...)으로 감싸면 예외가 나도 파일이 안전하게 닫혀요. 🎈  (답변 종료),1,150,111,39,13074764
715,final_inference,22.49,"[if a.get(""b"") ... 형태로 수정 필요] : 73.1 점,
[함수 인수 type hint 필요] : 53.3 점 🚨,
[중복되는 사항 common 으로 빼기] : 24.8 점 🚨,
[if-elif-elif-else 구문은 되도록 dict로 수정] : 10.5 점 🚨,
[함수명, 반환값 간 일치] : 5.1 점 🚨 (답변 시작)", 개발자 입장에서 보면 함수 이름과 반환값의 약속이 어긋나는 곳이 있어요. 기록을 남기듯 반환하는 값을 이름에 맞추면 호출부에서 예상이 빗나가지 않아요! 🧼  (답변 종료),1,141,103,38,13074764
716,final_inference,21.93,"[클래스 내부에서만 쓰이는 속성, 메서드 (접두사 있음) 호출 비 권장] : 88.2 점,
[인덱스 반환에 index 함수 사용] : 80.9 점,
[중복되는 사항 common 으로 빼기] : 19.3 점 🚨,
[불필요한 print, logging 제거] : 7.3 점 🚨,
[함수명, 반환값 간 일치] : 7.1 점 🚨 (답변 시작)", 한 발 물러서서 보면 함수 이름과 반환값의 약속이 어긋나는 곳이 있어요! 가볍게 반환하는 값을 이름에 맞추면 호출부에서 예상이 빗나가지 않아요. 🌈  (답변 종료),1,139,102,37,13074764
717,final_inference,24.08,"[함수 인수 type hint 필요] : 98.6 점 👍,
[100 line 이상 함수 분리, docstring 필요] : 96.2 점 👍,
[import 순서 준수] : 40.6 점 🚨,
[a = my_list[0], b = my_list[1] ... 대신 unpacking 사용 필요] : 27.6 점 🚨,
[if a.get(""b"") ... 형태로 수정 필요] : 13.9 점 🚨 (답변 시작)"," 테스트를 떠올리면 딕셔너리 키를 꺼내는 과정이 장황해요. 다음 커밋에서 a.get(""b"")처럼 안전하게 꺼내면 누락된 키에서도 흐름이 부드러워요. 🐣  (답변 종료)",1,146,105,41,13074764
718,final_inference,22.5,"[주석 처리된 코드 제거] : 97.6 점 👍,
[예외를 삼키는 경우가 없어야 함] : 97.2 점 👍,
[기존 배열의 원소 추가 대신 extend 함수 사용] : 93.8 점 👍,
[a = my_list[0], b = my_list[1] ... 대신 unpacking 사용 필요] : 77.4 점,
[동일한 인수 집합을 갖는 함수가 많은 경우 클래스화 고려] : 64.4 점 (답변 시작)", 한 번 더 확인해 보니 같은 설정을 계속 받는 함수가 여러 개예요. 이왕이면 공통 상태를 가진 객체로 묶으면 인자 전달이 가벼워지고 역할도 선명해져요!  (답변 종료),1,145,107,38,13074764
719,final_inference,21.41,"[매우 간결한 변환은 map 사용] : 98.4 점 👍,
[지나치게 많은 들여쓰기 수정] : 96.1 점 👍,
[함수의 인자가 유동적인 경우 처리 권장] : 91.1 점 👍,
[파일 열기, 닫기 시 with open(...) 사용] : 57.8 점 🚨,
[itertools.product 사용 가능한 경우 사용] : 5.5 점 🚨 (답변 시작)", 작은 개선을 찾다 보니 조합을 만들려고 중첩 반복문을 쓰고 있어요! 과감하게 모든 조합이 필요할 때는 itertools.product로 의도를 또렷하게 드러내요! 🚀  (답변 종료),1,134,98,36,13074764
720,final_inference,21.4,"[중복되는 사항 common 으로 빼기] : 95.5 점 👍,
[제너레이터 표현식 사용이 가능한 경우 사용] : 90.8 점 👍,
[인덱스 반환에 index 함수 사용] : 74.5 점,
[매우 간결한 변환은 map 사용] : 48.1 점 🚨,
[itertools.product 사용 가능한 경우 사용] : 34.6 점 🚨 (답변 시작)", 작은 개선을 찾다 보니 조합을 만들려고 중첩 반복문을 쓰고 있어요. 테스트를 떠올리며 모든 조합이 필요할 때는 itertools.product로 의도를 또렷하게 드러내요.  (답변 종료),1,132,96,36,13074764
721,final_inference,21.97,"[인덱스 반환에 index 함수 사용] : 92.8 점 👍,
[비어 있는 문자열 여부 판단 간소화] : 84.5 점,
[문자열 단순 연결보다는 f-string 사용] : 71.7 점,
[기존 배열의 원소 추가 대신 extend 함수 사용] : 43.5 점 🚨,
[의미 있는 함수명, 변수명 사용] : 24.7 점 🚨 (답변 시작)", 가독성에 집중해 보면 역할을 짐작하기 어려운 함수나 변수 이름이 보여요. 테스트를 떠올리며 무엇을 하는지 드러나는 이름으로 바꾸면 설명서 없이도 코드가 읽혀요!  (답변 종료),1,131,94,37,13074764
722,final_inference,24.05,"[prefix, suffix 검사 시 startswith(), endswith() 사용] : 94.4 점 👍,
[동일 인자 type 통일] : 91.8 점 👍,
[불필요한 print, logging 제거] : 91.2 점 👍,
[key=itemgetter(""key"") 사용 권장] : 91.0 점 👍,
[f = lambda x: ... 보다는 def f(x): return ... 를 사용] : 61.8 점 (답변 시작)", 변경 가능성을 살펴보니 이름이 필요한 동작이 lambda에 숨어 있어요. 🐣 다음 배포를 생각하며 재사용하거나 설명이 필요한 로직은 def로 꺼내면 디버깅과 테스트가 편해져요.  (답변 종료),1,140,99,41,13074764
723,final_inference,20.35,"[함수명, 반환값 간 일치] : 92.8 점 👍,
[README.md, pyproject.toml 필요] : 86.7 점,
[경로를 path/to/file 이 아닌, pathlib 또는 os.path.join 사용] : 77.2 점,
[함수 인수 type hint 필요] : 68.1 점,
[파일 열기, 닫기 시 with open(...) 사용] : 5.4 점 🚨 (답변 시작)", 이번 리뷰에서는 파일을 열고 닫는 일을 직접 관리하고 있어요. 필요한 곳부터 with open(...)으로 감싸면 예외가 나도 파일이 안전하게 닫혀요!  (답변 종료),1,132,98,34,13074764
724,final_inference,21.95,"[assertion을 제어 메커니즘으로 사용하면 안됨] : 98.2 점 👍,
[빈도수, 반복문, 경로명 리스트 추출 시 collections, itertools, glob 사용] : 93.5 점 👍,
[중복되는 사항 common 으로 빼기] : 92.3 점 👍,
[인덱스 반환에 index 함수 사용] : 91.0 점 👍,
[함수 인수 type hint 필요] : 67.7 점 (답변 시작)", 구현을 찬찬히 들여다보니 함수 인수의 type hint가 비어 있어요! 명확하게 인수에 type hint를 달아 두면 들어오는 데이터가 무엇인지 바로 알 수 있어요!  (답변 종료),1,138,101,37,13074764
725,final_inference,21.41,"[함수명, 반환값 간 일치] : 100.0 점 👍,
[클래스 내부에서만 쓰이는 속성, 메서드 (접두사 있음) 호출 비 권장] : 78.1 점,
[함수의 인자가 유동적인 경우 처리 권장] : 61.2 점,
[매우 간결한 변환은 map 사용] : 42.3 점 🚨,
[고정값 상수화 필요] : 24.6 점 🚨 (답변 시작)", 리뷰 메모를 보면 같은 고정값이 여러 곳에 흩어져 있어요! 🎯 부드럽게 의미 있는 상수 이름으로 꺼내 두면 정책을 바꿀 때 한 번에 손볼 수 있어요.  (답변 종료),1,137,101,36,13074764
726,final_inference,21.45,"[예외를 삼키는 경우가 없어야 함] : 73.0 점,
[a = my_list[0], b = my_list[1] ... 대신 unpacking 사용 필요] : 72.6 점,
[if-elif-elif-else 구문은 되도록 dict로 수정] : 67.7 점,
[매우 간결한 변환은 map 사용] : 50.2 점 🚨,
[미 사용 변수/함수 제거] : 49.0 점 🚨 (답변 시작)", 리뷰 메모를 보면 쓰이지 않는 변수나 함수가 남아 있네요. 기분 좋게 참조되지 않는 선언을 걷어 내면 핵심 로직만 또렷하게 남아요!  (답변 종료),1,144,108,36,13074764
727,final_inference,18.75,"[매우 간결한 변환은 map 사용] : 97.3 점 👍,
[조건문 중첩 대신 any, all 사용] : 92.2 점 👍,
[유사한 변수명 통일] : 91.5 점 👍,
[기존 배열의 원소 추가 대신 extend 함수 사용] : 67.2 점,
[한 줄의 길이는 일정 글자 이내로] : 6.5 점 🚨 (답변 시작)", 파일의 흐름을 따라가 보니 한 줄이 너무 길게 이어지는 곳이 있어요. 안전하게 줄을 적당히 나누면 작은 화면에서도 흐름을 놓치지 않아요. 🎈  (답변 종료),1,123,92,31,13074764
728,final_inference,21.97,"[assertion을 제어 메커니즘으로 사용하면 안됨] : 92.8 점 👍,
[동일한 인수 집합을 갖는 함수가 많은 경우 클래스화 고려] : 79.6 점,
[함수 docstring, 함수명 의미 일치] : 77.1 점,
[클래스 내부에서만 쓰이는 속성, 메서드 (접두사 있음) 호출 비 권장] : 72.9 점,
[파일 단순 읽기/쓰기는 Path 사용] : 4.2 점 🚨 (답변 시작)", 리팩터링 관점에서는 간단한 파일 작업이 장황하게 처리되고 있어요. 작은 단계로 Path의 읽기와 쓰기 메서드를 쓰면 파일 작업이 짧고 단단해져요!  (답변 종료),1,143,106,37,13074764
729,final_inference,20.34,"[동일 인자 type 통일] : 97.2 점 👍,
[함수의 인자가 유동적인 경우 처리 권장] : 92.7 점 👍,
[제너레이터 표현식 사용이 가능한 경우 사용] : 75.9 점,
[언패킹 시 숫자 인덱스 사용하지 말 것 (변수에 바로 할당)] : 65.8 점,
[함수명, 반환값 간 일치] : 63.1 점 (답변 시작)", 코드의 표정을 읽어 보니 함수 이름과 반환값의 약속이 어긋나는 곳이 있어요! 차근차근 반환하는 값을 이름에 맞추면 호출부에서 예상이 빗나가지 않아요.  (답변 종료),1,131,97,34,13074764
730,final_inference,25.17,"[상태 값 조건이 있는 if-elif-elif-else 있는 경우 클래스화 고려] : 98.1 점 👍,
[불필요한 변수 생성 대신 defaultdict 권장] : 96.6 점 👍,
[import 순서 준수] : 93.5 점 👍,
[예외의 종류 (OOOError 등) 구체적 명시 권장] : 93.3 점 👍,
[함수의 인자가 하나로 묶을 수 있는 경우 처리 권장] : 44.4 점 🚨 (답변 시작)", 이 파일을 읽다 보면 함께 움직이는 인수가 따로따로 전달되고 있어요. 예시가 될 만한 값으로 함께 쓰는 값을 객체나 dataclass로 묶으면 호출부가 훨씬 덜 복잡해져요!  (답변 종료),1,150,107,43,13074764
731,final_inference,21.93,"[enumerate 사용 가능한 경우 사용] : 95.6 점 👍,
[함수 docstring, 함수명 의미 일치] : 93.4 점 👍,
[f = lambda x: ... 보다는 def f(x): return ... 를 사용] : 85.3 점,
[중복되는 사항 common 으로 빼기] : 54.7 점 🚨,
[고정값 상수화 필요] : 46.6 점 🚨 (답변 시작)", 파일을 다시 훑어보니 같은 고정값이 여러 곳에 흩어져 있어요. 한 줄씩 의미 있는 상수 이름으로 꺼내 두면 정책을 바꿀 때 한 번에 손볼 수 있어요!  (답변 종료),1,135,98,37,13074764
732,final_inference,21.94,"[정규 표현식 문자열은 r""..."" 권장] : 98.7 점 👍,
[동일한 인수 집합을 갖는 함수가 많은 경우 클래스화 고려] : 91.2 점 👍,
[동일 인자 type 통일] : 69.9 점,
[Python 예약어를 변수명으로 사용하지 않아야 함] : 68.1 점,
[의미 있는 함수명, 변수명 사용] : 6.8 점 🚨 (답변 시작)", 이 파일을 읽다 보면 역할을 짐작하기 어려운 함수나 변수 이름이 보여요! 다음 변경 전에 무엇을 하는지 드러나는 이름으로 바꾸면 설명서 없이도 코드가 읽혀요!  (답변 종료),1,134,97,37,13074764
733,final_inference,22.97,"[itertools.product 사용 가능한 경우 사용] : 85.4 점,
[파일 단순 읽기/쓰기는 Path 사용] : 82.8 점,
[유사한 변수명 통일] : 80.2 점,
[예외의 종류 (OOOError 등) 구체적 명시 권장] : 69.6 점,
[동일한 인수 집합을 갖는 함수가 많은 경우 클래스화 고려] : 64.8 점 (답변 시작)", 한 번 더 확인해 보니 같은 설정을 계속 받는 함수가 여러 개예요. 이번 수정에서는 공통 상태를 가진 객체로 묶으면 인자 전달이 가벼워지고 역할도 선명해져요!  (답변 종료),1,134,95,39,13074764
734,final_inference,21.91,"[assertion을 제어 메커니즘으로 사용하면 안됨] : 99.0 점 👍,
[주석 처리된 코드 제거] : 93.0 점 👍,
[함수명, 반환값 간 일치] : 91.4 점 👍,
[zip 사용 가능한 경우 사용] : 88.2 점,
[제너레이터 표현식 사용이 가능한 경우 사용] : 74.7 점 (답변 시작)", 코드의 표정을 읽어 보니 한 번만 쓸 중간 목록이 만들어지고 있어요. 여유가 될 때 한 번만 순회한다면 제너레이터 표현식으로 메모리를 아껴 볼 만해요.  (답변 종료),1,127,90,37,13074764
735,final_inference,22.46,"[zip 사용 가능한 경우 사용] : 86.1 점,
[한 줄의 길이는 일정 글자 이내로] : 83.5 점,
[언패킹 시 숫자 인덱스 사용하지 말 것 (변수에 바로 할당)] : 67.9 점,
[주석 처리된 코드 제거] : 17.7 점 🚨,
[중복되는 사항 common 으로 빼기] : 0.6 점 🚨 (답변 시작)", 읽는 사람의 눈으로 보면 같은 처리가 여러 곳에서 반복되고 있어요. ✨ 개발자 마음으로 공통 동작을 한곳으로 모으면 수정할 때 놓칠 구석이 줄어요. 🧠  (답변 종료),1,134,96,38,13074764
736,final_inference,24.61,"[한 줄의 길이는 일정 글자 이내로] : 91.8 점 👍,
[상태 값 조건이 있는 if-elif-elif-else 있는 경우 클래스화 고려] : 91.7 점 👍,
[파일 단순 읽기/쓰기는 Path 사용] : 90.2 점 👍,
[제너레이터 표현식 사용이 가능한 경우 사용] : 7.6 점 🚨,
[key=itemgetter(""key"") 사용 권장] : 4.6 점 🚨 (답변 시작)"," 파일을 다시 훑어보니 정렬 키를 lambda로 길게 꺼내고 있어요. 다음 변경 전에 딕셔너리 키로 정렬할 때는 itemgetter(""key"")가 더 간결하게 뜻을 전해요!  (답변 종료)",1,148,106,42,13074764
737,final_inference,22.5,"[클래스 내부에서만 쓰이는 속성, 메서드 (접두사 있음) 호출 비 권장] : 93.9 점 👍,
[enumerate 사용 가능한 경우 사용] : 86.9 점,
[주석 처리된 코드 제거] : 72.3 점,
[상태 값 조건이 있는 if-elif-elif-else 있는 경우 클래스화 고려] : 30.9 점 🚨,
[중복되는 사항 common 으로 빼기] : 5.2 점 🚨 (답변 시작)", 읽는 사람의 눈으로 보면 같은 처리가 여러 곳에서 반복되고 있어요. ✨ 개발자 마음으로 공통 동작을 한곳으로 모으면 수정할 때 놓칠 구석이 줄어요. 🧠  (답변 종료),1,147,109,38,13074764
738,final_inference,26.18,"[상태 값 조건이 있는 if-elif-elif-else 있는 경우 클래스화 고려] : 98.8 점 👍,
[주석 처리된 코드 제거] : 92.3 점 👍,
[빈 파일 TODO 표시 필요] : 91.7 점 👍,
[예외를 삼키는 경우가 없어야 함] : 24.3 점 🚨,
[key=itemgetter(""key"") 사용 권장] : 11.6 점 🚨 (답변 시작)"," 실행 경로를 훑어보니 정렬 키를 lambda로 길게 꺼내고 있어요. 다음 커밋에서 딕셔너리 키로 정렬할 때는 itemgetter(""key"")가 더 간결하게 뜻을 전해요. 🛠️  (답변 종료)",1,145,100,45,13074764
739,final_inference,23.02,"[prefix, suffix 검사 시 startswith(), endswith() 사용] : 99.0 점 👍,
[if a.get(""b"") ... 형태로 수정 필요] : 98.8 점 👍,
[비어 있는 문자열 여부 판단 간소화] : 92.8 점 👍,
[예외의 종류 (OOOError 등) 구체적 명시 권장] : 61.4 점,
[함수 docstring, 함수명 의미 일치] : 28.2 점 🚨 (답변 시작)", 예산과 문서를 보면 docstring과 함수 동작이 서로 다르게 읽혀요. 다음 커밋에서 docstring과 함수가 약속한 역할을 맞추면 다음 사람이 안심하고 호출할 수 있어요! 🧼  (답변 종료),1,143,104,39,13074764
740,final_inference,22.47,"[한 줄의 길이는 일정 글자 이내로] : 94.5 점 👍,
[주석 처리된 코드 제거] : 90.2 점 👍,
[예외의 종류 (OOOError 등) 구체적 명시 권장] : 71.1 점,
[100 line 이상 함수 분리, docstring 필요] : 45.0 점 🚨,
[숫자 값은 위쪽에 상수로] : 35.9 점 🚨 (답변 시작)", 코드의 표정을 읽어 보니 로직 사이에 매직 넘버가 숨어 있어요. 😺 가능한 범위에서 매직 넘버를 파일 위쪽의 상수로 올리면 숫자가 왜 필요한지 바로 보여요.  (답변 종료),1,134,96,38,13074764
741,final_inference,20.88,"[README.md, pyproject.toml 필요] : 94.8 점 👍,
[숫자 값은 위쪽에 상수로] : 91.3 점 👍,
[지나치게 많은 들여쓰기 수정] : 91.1 점 👍,
[상태 값 조건이 있는 if-elif-elif-else 있는 경우 클래스화 고려] : 86.2 점,
[itertools.product 사용 가능한 경우 사용] : 4.5 점 🚨 (답변 시작)", 한 발 물러서서 보면 조합을 만들려고 중첩 반복문을 쓰고 있어요. 한 번에 모든 조합이 필요할 때는 itertools.product로 의도를 또렷하게 드러내요.  (답변 종료),1,134,99,35,13074764
742,final_inference,20.84,"[함수명, 반환값 간 일치] : 99.7 점 👍,
[지나치게 많은 들여쓰기 수정] : 88.5 점,
[동일 인자 type 통일] : 83.6 점,
[숫자 값은 위쪽에 상수로] : 66.2 점,
[zip 사용 가능한 경우 사용] : 0.1 점 🚨 (답변 시작)", 코드의 표정을 읽어 보니 두 목록을 인덱스로 따로 읽고 있어요. 한 호흡 쉬고 나란히 읽는 값들은 zip으로 묶어 주면 인덱스 실수를 막을 수 있어요. 📌  (답변 종료),1,118,83,35,13074764
743,final_inference,20.34,"[정규 표현식 문자열은 r""..."" 권장] : 99.1 점 👍,
[숫자 값은 위쪽에 상수로] : 94.4 점 👍,
[동일 인자 type 통일] : 91.0 점 👍,
[예외의 종류 (OOOError 등) 구체적 명시 권장] : 79.8 점,
[인덱스 반환에 index 함수 사용] : 74.5 점 (답변 시작)", 다음 커밋을 생각해 보면 위치를 찾기 위해 직접 반복하고 있어요! 이 기회에 첫 위치가 필요할 때는 index를 쓰면 목적이 바로 보입니다. 🧼  (답변 종료),1,126,92,34,13074764
744,final_inference,21.43,"[클래스 내부에서만 쓰이는 속성, 메서드 (접두사 있음) 호출 비 권장] : 99.6 점 👍,
[f = lambda x: ... 보다는 def f(x): return ... 를 사용] : 97.7 점 👍,
[고정값 상수화 필요] : 90.0 점 👍,
[인덱스 반환에 index 함수 사용] : 65.9 점,
[import 순서 준수] : 62.9 점 (답변 시작)", 리뷰 메모를 보면 import 배치가 섞여 있어요. 🧠 가능한 범위에서 표준 라이브러리와 외부 패키지와 내부 모듈을 차례로 정리하면 시작 화면이 말끔해져요.  (답변 종료),1,136,100,36,13074764
745,final_inference,22.98,"[유사한 이름의 함수끼리 가까이 위치하도록 수정 권장] : 91.6 점 👍,
[import 순서 준수] : 81.3 점,
[경로를 path/to/file 이 아닌, pathlib 또는 os.path.join 사용] : 46.7 점 🚨,
[고정값 상수화 필요] : 21.4 점 🚨,
[지나치게 많은 들여쓰기 수정] : 1.2 점 🚨 (답변 시작)", 파일을 다시 훑어보니 들여쓰기 단계가 깊어 흐름을 따라가기 어려워요. 한 호흡 쉬고 작은 함수로 쪼개거나 빠른 반환을 쓰면 조건의 미로가 얕아져요.  (답변 종료),1,136,97,39,13074764
746,final_inference,18.24,"[주석 처리된 코드 제거] : 97.3 점 👍,
[함수의 인자가 하나로 묶을 수 있는 경우 처리 권장] : 89.2 점,
[불필요한 변수 생성 대신 defaultdict 권장] : 67.0 점,
[예외의 종류 (OOOError 등) 구체적 명시 권장] : 62.7 점,
[한 줄의 길이는 일정 글자 이내로] : 38.6 점 🚨 (답변 시작)", 다음 변경을 생각하면 한 줄이 너무 길게 이어지는 곳이 있어요. 💡 개발자 마음으로 줄을 적당히 나누면 작은 화면에서도 흐름을 놓치지 않아요!  (답변 종료),1,128,98,30,13074764
747,final_inference,21.58,"[상태 값 조건이 있는 if-elif-elif-else 있는 경우 클래스화 고려] : 90.0 점 👍,
[인덱스 반환에 index 함수 사용] : 75.5 점,
[a = my_list[0], b = my_list[1] ... 대신 unpacking 사용 필요] : 52.1 점 🚨,
[함수의 인자가 유동적인 경우 처리 권장] : 20.4 점 🚨,
[조건문 중첩 대신 any, all 사용] : 18.8 점 🚨 (답변 시작)", 전체 흐름을 놓고 보면 조건문이 여러 겹으로 겹쳐 있어요. 부드럽게 여러 조건의 존재 여부는 any나 all에 맡기면 뜻이 훨씬 또렷해져요!  (답변 종료),1,154,118,36,13074764
748,final_inference,21.95,"[한 줄의 길이는 일정 글자 이내로] : 98.3 점 👍,
[제너레이터 표현식 사용이 가능한 경우 사용] : 86.9 점,
[클래스 내부에서만 쓰이는 속성, 메서드 (접두사 있음) 호출 비 권장] : 81.1 점,
[개수 세기에 count 함수 사용] : 71.4 점,
[유사한 이름의 함수끼리 가까이 위치하도록 수정 권장] : 67.9 점 (답변 시작)", 코드의 맥락을 보면 비슷한 이름의 함수가 파일 곳곳에 흩어져 있어요. 한 줄씩 비슷한 역할의 함수를 가까이 두면 탐색 시간이 줄고 파일 구조가 자연스러워져요. 😉  (답변 종료),1,139,102,37,13074764
749,final_inference,20.88,"[한 줄의 길이는 일정 글자 이내로] : 98.8 점 👍,
[함수의 인자가 유동적인 경우 처리 권장] : 91.6 점 👍,
[제너레이터 표현식 사용이 가능한 경우 사용] : 86.9 점,
[기존 배열의 원소 추가 대신 extend 함수 사용] : 64.9 점,
[중복되는 사항 common 으로 빼기] : 6.7 점 🚨 (답변 시작)", 작은 신호를 짚어 보니 같은 처리가 여러 곳에서 반복되고 있어요. 💫 가볍게 공통 동작을 한곳으로 모으면 수정할 때 놓칠 구석이 줄어요!  (답변 종료),1,132,97,35,13074764
750,final_inference,21.96,"[함수 docstring, 함수명 의미 일치] : 97.6 점 👍,
[주석 처리된 코드 제거] : 96.5 점 👍,
[경로를 path/to/file 이 아닌, pathlib 또는 os.path.join 사용] : 95.5 점 👍,
[동일한 인수 집합을 갖는 함수가 많은 경우 클래스화 고려] : 50.9 점 🚨,
[유사한 변수명 통일] : 39.9 점 🚨 (답변 시작)", 코드 산책을 하다 보니 비슷한 역할의 변수 이름이 제각각이에요. 이번 수정에서는 같은 개념에는 같은 이름 규칙을 쓰면 읽는 속도가 훨씬 빨라져요. 🧼  (답변 종료),1,140,103,37,13074764
751,final_inference,22.51,"[개수 세기에 count 함수 사용] : 96.3 점 👍,
[key=itemgetter(""key"") 사용 권장] : 94.3 점 👍,
[숫자 값은 위쪽에 상수로] : 25.3 점 🚨,
[함수명, 반환값 간 일치] : 6.8 점 🚨,
[a = my_list[0], b = my_list[1] ... 대신 unpacking 사용 필요] : 0.3 점 🚨 (답변 시작)", 코드의 표정을 읽어 보니 목록의 원소를 하나씩 꺼내고 있어요. 다음 변경 전에 정해진 순서의 값은 unpacking으로 풀어 주면 한 번에 읽혀요. 🙌  (답변 종료),1,144,106,38,13074764
752,final_inference,20.38,"[중복되는 사항 common 으로 빼기] : 99.5 점 👍,
[문자열 단순 연결보다는 f-string 사용] : 95.1 점 👍,
[파일 단순 읽기/쓰기는 Path 사용] : 93.8 점 👍,
[prefix, suffix 검사 시 startswith(), endswith() 사용] : 83.6 점,
[유사한 변수명 통일] : 18.2 점 🚨 (답변 시작)", 현재 흐름에서는 비슷한 역할의 변수 이름이 제각각이에요. 📌 작은 정성으로 같은 개념에는 같은 이름 규칙을 쓰면 읽는 속도가 훨씬 빨라져요!  (답변 종료),1,131,97,34,13074764
753,final_inference,18.8,"[함수의 인자가 하나로 묶을 수 있는 경우 처리 권장] : 96.3 점 👍,
[고정값 상수화 필요] : 91.9 점 👍,
[동일한 인수 집합을 갖는 함수가 많은 경우 클래스화 고려] : 54.4 점 🚨,
[조건문 중첩 대신 any, all 사용] : 7.6 점 🚨,
[한 줄의 길이는 일정 글자 이내로] : 3.1 점 🚨 (답변 시작)", 이 파일을 읽다 보면 한 줄이 너무 길게 이어지는 곳이 있어요. 가능한 범위에서 줄을 적당히 나누면 작은 화면에서도 흐름을 놓치지 않아요!  (답변 종료),1,135,104,31,13074764
754,final_inference,24.57,"[상태 값 조건이 있는 if-elif-elif-else 있는 경우 클래스화 고려] : 99.6 점 👍,
[지나치게 많은 들여쓰기 수정] : 94.8 점 👍,
[str 단순 += 대신 join 사용] : 77.0 점,
[리스트 컴프리헨션 사용이 가능한 경우 사용] : 69.6 점,
[key=itemgetter(""key"") 사용 권장] : 5.4 점 🚨 (답변 시작)"," 리뷰 돋보기를 대 보니 정렬 키를 lambda로 길게 꺼내고 있어요. 살짝 딕셔너리 키로 정렬할 때는 itemgetter(""key"")가 더 간결하게 뜻을 전해요. 🎯  (답변 종료)",1,141,99,42,13074764
755,final_inference,24.6,"[중복되는 사항 common 으로 빼기] : 94.4 점 👍,
[매우 간결한 변환은 map 사용] : 93.3 점 👍,
[zip 사용 가능한 경우 사용] : 65.2 점,
[f = lambda x: ... 보다는 def f(x): return ... 를 사용] : 19.1 점 🚨,
[조건문 중첩 대신 any, all 사용] : 18.8 점 🚨 (답변 시작)", 작은 개선을 찾다 보니 조건문이 여러 겹으로 겹쳐 있어요! 손이 닿는 자리부터 여러 조건의 존재 여부는 any나 all에 맡기면 뜻이 훨씬 또렷해져요! 💫  (답변 종료),1,142,100,42,13074764
756,final_inference,23.14,"[f = lambda x: ... 보다는 def f(x): return ... 를 사용] : 94.7 점 👍,
[prefix, suffix 검사 시 startswith(), endswith() 사용] : 94.5 점 👍,
[a = my_list[0], b = my_list[1] ... 대신 unpacking 사용 필요] : 83.8 점,
[지나치게 많은 들여쓰기 수정] : 29.1 점 🚨,
[동일 인자 type 통일] : 10.6 점 🚨 (답변 시작)", 한 발 물러서서 보면 같은 의미의 인수에서 type 표기가 통일되지 않았어요. 기분 좋게 인수의 type을 한 방식으로 맞추면 호출하는 쪽도 덜 헷갈려요.  (답변 종료),1,152,113,39,13074764
757,final_inference,21.42,"[중복되는 사항 common 으로 빼기] : 67.3 점,
[불필요한 print, logging 제거] : 35.6 점 🚨,
[정규 표현식 문자열은 r""..."" 권장] : 35.2 점 🚨,
[동일한 인수 집합을 갖는 함수가 많은 경우 클래스화 고려] : 29.7 점 🚨,
[불필요한 변수 생성 대신 defaultdict 권장] : 2.6 점 🚨 (답변 시작)", 다시 살펴보니 키별 초기화를 직접 반복하고 있어요. 이왕이면 키별로 값을 모을 때는 defaultdict를 쓰면 분기와 보일러플레이트가 줄어들어요.  (답변 종료),1,138,102,36,13074764
758,final_inference,20.88,"[조건문 중첩 대신 any, all 사용] : 95.2 점 👍,
[예외를 삼키는 경우가 없어야 함] : 94.4 점 👍,
[함수의 인수를 변경 가능한 default value로 하지 않아야 함] : 93.7 점 👍,
[key=itemgetter(""key"") 사용 권장] : 64.5 점,
[str 단순 += 대신 join 사용] : 49.4 점 🚨 (답변 시작)", 실행 경로를 훑어보니 문자열을 반복해서 더하고 있어요! 부드럽게 조각을 많이 합칠 때는 join으로 모으면 성능과 의도가 함께 좋아져요! 🐣  (답변 종료),1,131,96,35,13074764
759,final_inference,20.88,"[파일 열기, 닫기 시 with open(...) 사용] : 92.8 점 👍,
[불필요한 변수 생성 대신 defaultdict 권장] : 85.3 점,
[함수의 인자가 하나로 묶을 수 있는 경우 처리 권장] : 50.6 점 🚨,
[100 line 이상 함수 분리, docstring 필요] : 18.0 점 🚨,
[함수 인수 type hint 필요] : 17.4 점 🚨 (답변 시작)", 실행 경로를 훑어보니 함수 인수의 type hint가 비어 있어요! 가볍게 인수에 type hint를 달아 두면 들어오는 데이터가 무엇인지 바로 알 수 있어요.  (답변 종료),1,136,101,35,13074764
760,final_inference,22.47,"[함수 docstring, 함수명 의미 일치] : 99.5 점 👍,
[import 순서 준수] : 96.7 점 👍,
[미 사용 변수/함수 제거] : 62.3 점,
[상태 값 조건이 있는 if-elif-elif-else 있는 경우 클래스화 고려] : 16.8 점 🚨,
[동일한 인수 집합을 갖는 함수가 많은 경우 클래스화 고려] : 2.5 점 🚨 (답변 시작)", 한 번 더 확인해 보니 같은 설정을 계속 받는 함수가 여러 개예요. 이왕이면 공통 상태를 가진 객체로 묶으면 인자 전달이 가벼워지고 역할도 선명해져요!  (답변 종료),1,140,102,38,13074764
761,final_inference,23.04,"[100 line 이상 함수 분리, docstring 필요] : 98.7 점 👍,
[비어 있는 문자열 여부 판단 간소화] : 91.4 점 👍,
[리스트 컴프리헨션 사용이 가능한 경우 사용] : 79.1 점,
[언패킹 시 숫자 인덱스 사용하지 말 것 (변수에 바로 할당)] : 73.2 점,
[함수의 인수를 변경 가능한 default value로 하지 않아야 함] : 60.0 점 (답변 시작)", 코드의 표정을 읽어 보니 기본 인수에 리스트나 딕셔너리를 넣고 있어요. 천천히 리스트나 딕셔너리는 None으로 두고 함수 안에서 만들면 호출 사이에 상태가 섞이지 않아요! 💫  (답변 종료),1,143,104,39,13074764
762,final_inference,24.63,"[파일 열기, 닫기 시 with open(...) 사용] : 98.9 점 👍,
[유사한 이름의 함수끼리 가까이 위치하도록 수정 권장] : 97.0 점 👍,
[매우 간결한 변환은 map 사용] : 96.6 점 👍,
[경로를 path/to/file 이 아닌, pathlib 또는 os.path.join 사용] : 81.9 점,
[동일한 인수 집합을 갖는 함수가 많은 경우 클래스화 고려] : 66.4 점 (답변 시작)", 파일을 다시 훑어보니 같은 설정을 계속 받는 함수가 여러 개예요. 이번 수정에서는 공통 상태를 가진 객체로 묶으면 인자 전달이 가벼워지고 역할도 선명해져요. 🛠️  (답변 종료),1,150,108,42,13074764
763,final_inference,23.71,"[a = my_list[0], b = my_list[1] ... 대신 unpacking 사용 필요] : 99.4 점 👍,
[함수 인수 type hint 필요] : 93.4 점 👍,
[클래스 내부에서만 쓰이는 속성, 메서드 (접두사 있음) 호출 비 권장] : 90.8 점 👍,
[함수의 인수를 변경 가능한 default value로 하지 않아야 함] : 34.5 점 🚨,
[불필요한 변수 생성 대신 defaultdict 권장] : 5.5 점 🚨 (답변 시작)", 실행 경로를 훑어보니 키별 초기화를 직접 반복하고 있어요. 다음 커밋에서 키별로 값을 모을 때는 defaultdict를 쓰면 분기와 보일러플레이트가 줄어들어요!  (답변 종료),1,158,118,40,13074764
764,final_inference,25.11,"[함수명, 반환값 간 일치] : 94.9 점 👍,
[enumerate 사용 가능한 경우 사용] : 87.9 점,
[if a.get(""b"") ... 형태로 수정 필요] : 81.3 점,
[zip 사용 가능한 경우 사용] : 67.0 점,
[상태 값 조건이 있는 if-elif-elif-else 있는 경우 클래스화 고려] : 51.8 점 🚨 (답변 시작)", 코드의 결을 살펴보면 상태에 따라 갈라지는 조건문이 길게 이어져요! 팀과 맞춰 보며 상태별 동작을 클래스로 나누면 새 상태를 더할 때 기존 조건문을 덜 건드려도 돼요.  (답변 종료),1,142,99,43,13074764
765,final_inference,25.16,"[함수의 인수를 변경 가능한 default value로 하지 않아야 함] : 91.3 점 👍,
[유사한 이름의 함수끼리 가까이 위치하도록 수정 권장] : 91.2 점 👍,
[itertools.product 사용 가능한 경우 사용] : 82.5 점,
[enumerate 사용 가능한 경우 사용] : 81.7 점,
[상태 값 조건이 있는 if-elif-elif-else 있는 경우 클래스화 고려] : 59.4 점 🚨 (답변 시작)", 코드의 결을 살펴보면 상태에 따라 갈라지는 조건문이 길게 이어져요. 💫 기분 좋게 상태별 동작을 클래스로 나누면 새 상태를 더할 때 기존 조건문을 덜 건드려도 돼요.  (답변 종료),1,150,107,43,13074764
766,final_inference,21.97,"[itertools.product 사용 가능한 경우 사용] : 93.3 점 👍,
[고정값 상수화 필요] : 92.4 점 👍,
[의미 있는 함수명, 변수명 사용] : 80.6 점,
[str 단순 += 대신 join 사용] : 63.3 점,
[a = my_list[0], b = my_list[1] ... 대신 unpacking 사용 필요] : 41.1 점 🚨 (답변 시작)", 리뷰 돋보기를 대 보니 목록의 원소를 하나씩 꺼내고 있어요. 미래의 나를 위해 정해진 순서의 값은 unpacking으로 풀어 주면 한 번에 읽혀요.  (답변 종료),1,137,100,37,13074764
767,final_inference,22.44,"[조건문 중첩 대신 any, all 사용] : 95.4 점 👍,
[비어 있는 문자열 여부 판단 간소화] : 91.1 점 👍,
[유사한 변수명 통일] : 79.7 점,
[prefix, suffix 검사 시 startswith(), endswith() 사용] : 74.5 점,
[assertion을 제어 메커니즘으로 사용하면 안됨] : 28.2 점 🚨 (답변 시작)", 이번 리뷰에서는 assert가 실행 흐름을 대신하고 있어요! 작은 단계로 검증이 필요한 분기는 명시적인 예외 처리로 바꾸어야 배포 환경에서도 안전해요. 🌿  (답변 종료),1,134,96,38,13074764
768,final_inference,22.62,"[a = my_list[0], b = my_list[1] ... 대신 unpacking 사용 필요] : 97.4 점 👍,
[if-elif-elif-else 구문은 되도록 dict로 수정] : 95.3 점 👍,
[리스트 컴프리헨션 사용이 가능한 경우 사용] : 81.2 점,
[지나치게 많은 들여쓰기 수정] : 75.1 점,
[동일한 인수 집합을 갖는 함수가 많은 경우 클래스화 고려] : 7.5 점 🚨 (답변 시작)", 파일을 다시 훑어보니 같은 설정을 계속 받는 함수가 여러 개예요. 이왕이면 공통 상태를 가진 객체로 묶으면 인자 전달이 가벼워지고 역할도 선명해져요.  (답변 종료),1,153,115,38,13074764
769,final_inference,24.23,"[빈도수, 반복문, 경로명 리스트 추출 시 collections, itertools, glob 사용] : 96.2 점 👍,
[제너레이터 표현식 사용이 가능한 경우 사용] : 95.9 점 👍,
[prefix, suffix 검사 시 startswith(), endswith() 사용] : 91.3 점 👍,
[주석 처리된 코드 제거] : 84.1 점,
[상태 값 조건이 있는 if-elif-elif-else 있는 경우 클래스화 고려] : 82.5 점 (답변 시작)", 현재 흐름에서는 상태에 따라 갈라지는 조건문이 길게 이어져요. 읽는 사람을 위해 상태별 동작을 클래스로 나누면 새 상태를 더할 때 기존 조건문을 덜 건드려도 돼요.  (답변 종료),1,156,115,41,13074764
770,final_inference,21.44,"[함수의 인자가 유동적인 경우 처리 권장] : 91.2 점 👍,
[zip 사용 가능한 경우 사용] : 50.0 점 🚨,
[100 line 이상 함수 분리, docstring 필요] : 47.1 점 🚨,
[상태 값 조건이 있는 if-elif-elif-else 있는 경우 클래스화 고려] : 13.1 점 🚨,
[동일 인자 type 통일] : 12.5 점 🚨 (답변 시작)", 같은 의미의 인수에서 type 표기가 통일되지 않았어요! 미래의 나를 위해 인수의 type을 한 방식으로 맞추면 호출하는 쪽도 덜 헷갈려요. 😉  (답변 종료),1,139,103,36,13074764
771,final_inference,22.46,"[비어 있는 문자열 여부 판단 간소화] : 98.2 점 👍,
[key=itemgetter(""key"") 사용 권장] : 94.4 점 👍,
[if-elif-elif-else 구문은 되도록 dict로 수정] : 21.6 점 🚨,
[파일 단순 읽기/쓰기는 Path 사용] : 11.5 점 🚨,
[동일 인자 type 통일] : 8.0 점 🚨 (답변 시작)", 개발자 입장에서 보면 같은 의미의 인수에서 type 표기가 통일되지 않았어요. 여유가 될 때 인수의 type을 한 방식으로 맞추면 호출하는 쪽도 덜 헷갈려요!  (답변 종료),1,137,99,38,13074764
772,final_inference,20.9,"[조건문 중첩 대신 any, all 사용] : 97.2 점 👍,
[클래스 내부에서만 쓰이는 속성, 메서드 (접두사 있음) 호출 비 권장] : 83.8 점,
[함수 인수 type hint 필요] : 77.5 점,
[import 순서 준수] : 72.0 점,
[if-elif-elif-else 구문은 되도록 dict로 수정] : 24.8 점 🚨 (답변 시작)", 코드 산책을 하다 보니 조건 분기가 길게 늘어진 곳이 있어요. 미래의 나를 위해 값에 따른 선택이라면 dict 매핑으로 바꾸어 분기표를 단순하게 만들어 보세요.  (답변 종료),1,135,100,35,13074764
773,final_inference,22.98,"[불필요한 변수 생성 대신 defaultdict 권장] : 99.5 점 👍,
[리스트 컴프리헨션 사용이 가능한 경우 사용] : 97.8 점 👍,
[미 사용 변수/함수 제거] : 96.0 점 👍,
[assertion을 제어 메커니즘으로 사용하면 안됨] : 92.6 점 👍,
[제너레이터 표현식 사용이 가능한 경우 사용] : 74.2 점 (답변 시작)", 테스트하는 마음으로 보면 한 번만 쓸 중간 목록이 만들어지고 있어요. 🌿 한 호흡 쉬고 한 번만 순회한다면 제너레이터 표현식으로 메모리를 아껴 볼 만해요.  (답변 종료),1,134,95,39,13074764
774,final_inference,21.95,"[문자열 단순 연결보다는 f-string 사용] : 93.5 점 👍,
[매우 간결한 변환은 map 사용] : 91.8 점 👍,
[함수의 인수를 변경 가능한 default value로 하지 않아야 함] : 47.6 점 🚨,
[README.md, pyproject.toml 필요] : 36.9 점 🚨,
[파일 단순 읽기/쓰기는 Path 사용] : 13.9 점 🚨 (답변 시작)", 이번 리뷰에서는 간단한 파일 작업이 장황하게 처리되고 있어요! 🎈 필요한 곳부터 Path의 읽기와 쓰기 메서드를 쓰면 파일 작업이 짧고 단단해져요.  (답변 종료),1,138,101,37,13074764
775,final_inference,21.41,"[문자열 단순 연결보다는 f-string 사용] : 96.4 점 👍,
[zip 사용 가능한 경우 사용] : 93.4 점 👍,
[유사한 변수명 통일] : 90.9 점 👍,
[기존 배열의 원소 추가 대신 extend 함수 사용] : 90.6 점 👍,
[경로를 path/to/file 이 아닌, pathlib 또는 os.path.join 사용] : 43.0 점 🚨 (답변 시작)", 한 번 더 확인해 보니 파일 경로를 문자열로 이어 붙이고 있어요. 필요한 곳부터 pathlib이나 os.path.join으로 경로를 조립하면 운영체제가 달라도 안전해요!  (답변 종료),1,133,97,36,13074764
776,final_inference,22.96,"[예외를 삼키는 경우가 없어야 함] : 97.9 점 👍,
[정규 표현식 문자열은 r""..."" 권장] : 96.9 점 👍,
[zip 사용 가능한 경우 사용] : 91.3 점 👍,
[str 단순 += 대신 join 사용] : 81.9 점,
[중복되는 사항 common 으로 빼기] : 60.8 점 (답변 시작)", 코드의 표정을 읽어 보니 같은 처리가 여러 곳에서 반복되고 있어요! 💫 한 호흡 쉬고 공통 동작을 한곳으로 모으면 수정할 때 놓칠 구석이 줄어요. 🧠  (답변 종료),1,128,89,39,13074764
777,final_inference,23.5,"[지나치게 많은 들여쓰기 수정] : 99.0 점 👍,
[매우 간결한 변환은 map 사용] : 81.8 점,
[불필요한 print, logging 제거] : 70.8 점,
[비어 있는 문자열 여부 판단 간소화] : 51.0 점 🚨,
[동일 인자 type 통일] : 21.9 점 🚨 (답변 시작)", 작은 개선을 찾다 보니 같은 의미의 인수에서 type 표기가 통일되지 않았어요. 큰 부담 없이 인수의 type을 한 방식으로 맞추면 호출하는 쪽도 덜 헷갈려요.  (답변 종료),1,127,87,40,13074764
778,final_inference,20.88,"[지나치게 많은 들여쓰기 수정] : 97.4 점 👍,
[Python 예약어를 변수명으로 사용하지 않아야 함] : 90.7 점 👍,
[비어 있는 문자열 여부 판단 간소화] : 48.3 점 🚨,
[if-elif-elif-else 구문은 되도록 dict로 수정] : 24.4 점 🚨,
[기존 배열의 원소 추가 대신 extend 함수 사용] : 24.4 점 🚨 (답변 시작)", 작은 신호를 짚어 보니 목록 원소를 하나씩 추가하고 있어요. 코드의 맥락을 보며 여러 값을 더할 때는 extend를 쓰면 의도가 정확히 전달돼요! 💫  (답변 종료),1,137,102,35,13074764
779,final_inference,21.92,"[assertion을 제어 메커니즘으로 사용하면 안됨] : 99.3 점 👍,
[함수명, 반환값 간 일치] : 90.6 점 👍,
[제너레이터 표현식 사용이 가능한 경우 사용] : 81.1 점,
[비어 있는 문자열 여부 판단 간소화] : 75.8 점,
[zip 사용 가능한 경우 사용] : 32.3 점 🚨 (답변 시작)", 코드의 표정을 읽어 보니 두 목록을 인덱스로 따로 읽고 있어요. 😺 한 줄씩 나란히 읽는 값들은 zip으로 묶어 주면 인덱스 실수를 막을 수 있어요. 😉  (답변 종료),1,129,92,37,13074764
780,final_inference,28.93,"[숫자 값은 위쪽에 상수로] : 97.0 점 👍,
[if-elif-elif-else 구문은 되도록 dict로 수정] : 93.0 점 👍,
[고정값 상수화 필요] : 74.9 점,
[문자열 단순 연결보다는 f-string 사용] : 32.0 점 🚨,
[빈도수, 반복문, 경로명 리스트 추출 시 collections, itertools, glob 사용] : 6.0 점 🚨 (답변 시작)", 리뷰 돋보기를 대 보니 표준 라이브러리로 줄일 수 있는 반복이 보여요! 🎯 가능한 범위에서 빈도에는 collections를 반복 조합에는 itertools를 경로 모으기에는 glob을 쓰면 표준 도구의 힘을 빌릴 수 있어요.  (답변 종료),1,156,106,50,13074764
781,final_inference,21.38,"[숫자 값은 위쪽에 상수로] : 98.5 점 👍,
[고정값 상수화 필요] : 82.2 점,
[예외의 종류 (OOOError 등) 구체적 명시 권장] : 68.6 점,
[기존 배열의 원소 추가 대신 extend 함수 사용] : 63.4 점,
[100 line 이상 함수 분리, docstring 필요] : 12.6 점 🚨 (답변 시작)", 한 발 물러서서 보면 하나의 함수가 너무 많은 일을 하고 있어요. 테스트를 떠올리며 책임별로 나누고 docstring을 붙이면 테스트와 수정이 한결 수월해져요!  (답변 종료),1,129,93,36,13074764
782,final_inference,21.43,"[동일한 인수 집합을 갖는 함수가 많은 경우 클래스화 고려] : 95.3 점 👍,
[동일 인자 type 통일] : 90.6 점 👍,
[함수의 인자가 유동적인 경우 처리 권장] : 64.1 점,
[if-elif-elif-else 구문은 되도록 dict로 수정] : 35.4 점 🚨,
[개수 세기에 count 함수 사용] : 18.4 점 🚨 (답변 시작)", 다음 변경을 생각하면 값의 개수를 세려고 직접 순회하고 있어요. 🌿 한 발 먼저 단순한 횟수 확인은 count에 맡기면 코드가 짧고 분명해져요!  (답변 종료),1,139,103,36,13074764
783,final_inference,23.09,"[조건문 중첩 대신 any, all 사용] : 97.2 점 👍,
[불필요한 print, logging 제거] : 95.5 점 👍,
[100 line 이상 함수 분리, docstring 필요] : 90.6 점 👍,
[파일 열기, 닫기 시 with open(...) 사용] : 90.3 점 👍,
[매우 간결한 변환은 map 사용] : 33.5 점 🚨 (답변 시작)", 천천히 살펴보면 아주 단순한 변환을 긴 반복문으로 풀고 있어요. 한 호흡 쉬고 변환 규칙이 단순하면 map으로 핵심 연산을 또렷하게 표현할 수 있어요. 🧼  (답변 종료),1,136,97,39,13074764
784,final_inference,20.99,"[유사한 이름의 함수끼리 가까이 위치하도록 수정 권장] : 99.3 점 👍,
[enumerate 사용 가능한 경우 사용] : 74.2 점,
[한 줄의 길이는 일정 글자 이내로] : 43.2 점 🚨,
[함수의 인수를 변경 가능한 default value로 하지 않아야 함] : 39.9 점 🚨,
[중복되는 사항 common 으로 빼기] : 35.0 점 🚨 (답변 시작)", 다시 살펴보니 같은 처리가 여러 곳에서 반복되고 있어요. 한 줄씩 공통 동작을 한곳으로 모으면 수정할 때 놓칠 구석이 줄어요. 🧠  (답변 종료),1,137,102,35,13074764
785,final_inference,21.02,"[동일한 인수 집합을 갖는 함수가 많은 경우 클래스화 고려] : 98.5 점 👍,
[함수의 인수를 변경 가능한 default value로 하지 않아야 함] : 96.2 점 👍,
[빈 파일 TODO 표시 필요] : 66.0 점,
[리스트 컴프리헨션 사용이 가능한 경우 사용] : 44.2 점 🚨,
[기존 배열의 원소 추가 대신 extend 함수 사용] : 37.0 점 🚨 (답변 시작)", 차분히 검토해 보니 목록 원소를 하나씩 추가하고 있어요. 의도를 적어 두듯 여러 값을 더할 때는 extend를 쓰면 의도가 정확히 전달돼요! 🎈  (답변 종료),1,139,104,35,13074764
786,final_inference,23.54,"[f = lambda x: ... 보다는 def f(x): return ... 를 사용] : 96.2 점 👍,
[함수의 인자가 하나로 묶을 수 있는 경우 처리 권장] : 96.1 점 👍,
[key=itemgetter(""key"") 사용 권장] : 90.2 점 👍,
[고정값 상수화 필요] : 31.5 점 🚨,
[함수의 인수를 변경 가능한 default value로 하지 않아야 함] : 9.5 점 🚨 (답변 시작)", 다음 커밋을 생각해 보면 기본 인수에 리스트나 딕셔너리를 넣고 있어요. 마음 편히 리스트나 딕셔너리는 None으로 두고 함수 안에서 만들면 호출 사이에 상태가 섞이지 않아요!  (답변 종료),1,148,109,39,13074764
787,final_inference,18.87,"[함수의 인자가 하나로 묶을 수 있는 경우 처리 권장] : 97.7 점 👍,
[상태 값 조건이 있는 if-elif-elif-else 있는 경우 클래스화 고려] : 91.8 점 👍,
[함수 docstring, 함수명 의미 일치] : 90.5 점 👍,
[불필요한 변수 생성 대신 defaultdict 권장] : 69.2 점,
[인덱스 반환에 index 함수 사용] : 68.5 점 (답변 시작)", 미래의 나를 위해 보면 위치를 찾기 위해 직접 반복하고 있어요. 여유가 될 때 첫 위치가 필요할 때는 index를 쓰면 목적이 바로 보입니다!  (답변 종료),1,135,104,31,13074764
788,final_inference,21.93,"[함수 docstring, 함수명 의미 일치] : 96.7 점 👍,
[동일한 인수 집합을 갖는 함수가 많은 경우 클래스화 고려] : 94.7 점 👍,
[미 사용 변수/함수 제거] : 62.1 점,
[100 line 이상 함수 분리, docstring 필요] : 22.9 점 🚨,
[지나치게 많은 들여쓰기 수정] : 18.8 점 🚨 (답변 시작)", 한 발 물러서서 보면 들여쓰기 단계가 깊어 흐름을 따라가기 어려워요. 우선 작은 함수로 쪼개거나 빠른 반환을 쓰면 조건의 미로가 얕아져요!  (답변 종료),1,134,97,37,13074764
789,final_inference,21.46,"[예외를 삼키는 경우가 없어야 함] : 98.9 점 👍,
[100 line 이상 함수 분리, docstring 필요] : 97.6 점 👍,
[a = my_list[0], b = my_list[1] ... 대신 unpacking 사용 필요] : 94.4 점 👍,
[예외의 종류 (OOOError 등) 구체적 명시 권장] : 93.7 점 👍,
[파일 단순 읽기/쓰기는 Path 사용] : 84.4 점 (답변 시작)", 이번 리뷰에서는 간단한 파일 작업이 장황하게 처리되고 있어요. 작은 단계로 Path의 읽기와 쓰기 메서드를 쓰면 파일 작업이 짧고 단단해져요. 😺  (답변 종료),1,145,109,36,13074764
790,final_inference,18.24,"[경로를 path/to/file 이 아닌, pathlib 또는 os.path.join 사용] : 94.0 점 👍,
[함수 docstring, 함수명 의미 일치] : 83.6 점,
[if a.get(""b"") ... 형태로 수정 필요] : 72.7 점,
[prefix, suffix 검사 시 startswith(), endswith() 사용] : 62.9 점,
[str 단순 += 대신 join 사용] : 60.6 점 (답변 시작)", 현재 흐름에서는 문자열을 반복해서 더하고 있어요. 명확하게 조각을 많이 합칠 때는 join으로 모으면 성능과 의도가 함께 좋아져요.  (답변 종료),1,131,101,30,13074764
791,final_inference,18.27,"[미 사용 변수/함수 제거] : 94.8 점 👍,
[유사한 이름의 함수끼리 가까이 위치하도록 수정 권장] : 86.6 점,
[a = my_list[0], b = my_list[1] ... 대신 unpacking 사용 필요] : 23.8 점 🚨,
[고정값 상수화 필요] : 22.7 점 🚨,
[str 단순 += 대신 join 사용] : 2.4 점 🚨 (답변 시작)", 현재 흐름에서는 문자열을 반복해서 더하고 있어요. 과감하게 조각을 많이 합칠 때는 join으로 모으면 성능과 의도가 함께 좋아져요.  (답변 종료),1,134,104,30,13074764
792,final_inference,20.37,"[함수의 인자가 유동적인 경우 처리 권장] : 92.8 점 👍,
[enumerate 사용 가능한 경우 사용] : 90.8 점 👍,
[정규 표현식 문자열은 r""..."" 권장] : 90.6 점 👍,
[if a.get(""b"") ... 형태로 수정 필요] : 15.9 점 🚨,
[의미 있는 함수명, 변수명 사용] : 8.7 점 🚨 (답변 시작)", 테스트를 떠올리면 역할을 짐작하기 어려운 함수나 변수 이름이 보여요. 마음 편히 무엇을 하는지 드러나는 이름으로 바꾸면 설명서 없이도 코드가 읽혀요.  (답변 종료),1,135,101,34,13074764
793,final_inference,20.33,"[함수 docstring, 함수명 의미 일치] : 98.1 점 👍,
[유사한 이름의 함수끼리 가까이 위치하도록 수정 권장] : 90.8 점 👍,
[비어 있는 문자열 여부 판단 간소화] : 83.5 점,
[유사한 변수명 통일] : 64.7 점,
[itertools.product 사용 가능한 경우 사용] : 18.9 점 🚨 (답변 시작)", 코드의 표정을 읽어 보니 조합을 만들려고 중첩 반복문을 쓰고 있어요. 이왕이면 모든 조합이 필요할 때는 itertools.product로 의도를 또렷하게 드러내요.  (답변 종료),1,126,92,34,13074764
794,final_inference,22.44,"[미 사용 변수/함수 제거] : 95.3 점 👍,
[함수 docstring, 함수명 의미 일치] : 74.4 점,
[유사한 이름의 함수끼리 가까이 위치하도록 수정 권장] : 67.6 점,
[중복되는 사항 common 으로 빼기] : 50.3 점 🚨,
[숫자 값은 위쪽에 상수로] : 13.4 점 🚨 (답변 시작)", 한 발 물러서서 보면 로직 사이에 매직 넘버가 숨어 있어요. 한 호흡 쉬고 매직 넘버를 파일 위쪽의 상수로 올리면 숫자가 왜 필요한지 바로 보여요.  (답변 종료),1,132,94,38,13074764
795,final_inference,22.45,"[함수의 인자가 유동적인 경우 처리 권장] : 67.5 점,
[인덱스 반환에 index 함수 사용] : 39.2 점 🚨,
[지나치게 많은 들여쓰기 수정] : 38.7 점 🚨,
[zip 사용 가능한 경우 사용] : 32.3 점 🚨,
[숫자 값은 위쪽에 상수로] : 25.5 점 🚨 (답변 시작)", 코드의 맥락을 보면 로직 사이에 매직 넘버가 숨어 있어요. 팀과 맞춰 보며 매직 넘버를 파일 위쪽의 상수로 올리면 숫자가 왜 필요한지 바로 보여요!  (답변 종료),1,131,93,38,13074764
796,final_inference,18.28,"[지나치게 많은 들여쓰기 수정] : 94.1 점 👍,
[언패킹 시 숫자 인덱스 사용하지 말 것 (변수에 바로 할당)] : 92.2 점 👍,
[빈도수, 반복문, 경로명 리스트 추출 시 collections, itertools, glob 사용] : 74.6 점,
[유사한 변수명 통일] : 59.0 점 🚨,
[비어 있는 문자열 여부 판단 간소화] : 42.5 점 🚨 (답변 시작)", 천천히 살펴보면 빈 문자열 검사식이 불필요하게 길어요. 꼼꼼하게 파이썬다운 조건 검사로 바꾸면 조건식이 가볍게 읽혀요!  (답변 종료),1,137,107,30,13074764
797,final_inference,24.08,"[key=itemgetter(""key"") 사용 권장] : 90.0 점 👍,
[주석 처리된 코드 제거] : 68.5 점,
[if-elif-elif-else 구문은 되도록 dict로 수정] : 68.4 점,
[조건문 중첩 대신 any, all 사용] : 2.9 점 🚨,
[상태 값 조건이 있는 if-elif-elif-else 있는 경우 클래스화 고려] : 1.8 점 🚨 (답변 시작)", 개발자 입장에서 보면 상태에 따라 갈라지는 조건문이 길게 이어져요. 작은 정성으로 상태별 동작을 클래스로 나누면 새 상태를 더할 때 기존 조건문을 덜 건드려도 돼요.  (답변 종료),1,148,107,41,13074764
798,final_inference,23.57,"[Python 예약어를 변수명으로 사용하지 않아야 함] : 92.3 점 👍,
[예외의 종류 (OOOError 등) 구체적 명시 권장] : 91.5 점 👍,
[매우 간결한 변환은 map 사용] : 87.2 점,
[언패킹 시 숫자 인덱스 사용하지 말 것 (변수에 바로 할당)] : 59.4 점 🚨,
[함수명, 반환값 간 일치] : 55.7 점 🚨 (답변 시작)", 리뷰 돋보기를 대 보니 함수 이름과 반환값의 약속이 어긋나는 곳이 있어요. 한 발 먼저 반환하는 값을 이름에 맞추면 호출부에서 예상이 빗나가지 않아요. 🧠  (답변 종료),1,145,105,40,13074764
799,final_inference,23.58,"[if a.get(""b"") ... 형태로 수정 필요] : 98.2 점 👍,
[유사한 변수명 통일] : 96.2 점 👍,
[언패킹 시 숫자 인덱스 사용하지 말 것 (변수에 바로 할당)] : 95.5 점 👍,
[상태 값 조건이 있는 if-elif-elif-else 있는 경우 클래스화 고려] : 68.8 점,
[함수 docstring, 함수명 의미 일치] : 22.8 점 🚨 (답변 시작)", 한 번 더 확인해 보니 docstring과 함수 동작이 서로 다르게 읽혀요. 다음 커밋에서 docstring과 함수가 약속한 역할을 맞추면 다음 사람이 안심하고 호출할 수 있어요! 🧼  (답변 종료),1,149,109,40,13074764
