,epoch,elapsed_time (s),prompt,llm_answer,trial_cnt,total_tkn_cnt,input_tkn_cnt,new_tkn_cnt,torch_memory_kb
0,1,14.98,"[주석 처리된 코드 제거] : 98.8 점 👍,
[import 순서 준수] : 76.1 점,
[enumerate 사용 가능한 경우 사용] : 75.6 점,
[불필요한 print, logging 제거] : 61.0 점,
[매우 간결한 변환은 map 사용] : 27.3 점 🚨 (답변 시작)", 천천히 살펴보면 아주 단순한 변환을 긴 반복문으로 풀고 있어요. 한 발 먼저 변환이 필요한 경우 map을 쓰면 목적이 바로 보입니다. 🎈  1️⃣ 테스트를 떠올리면 아주 단순한 변환을 긴 반복문으로 풀고 있어요. 안전하게 변환이 필요한 경우 map을 쓰면 목적이 바로 보입니다.  2️⃣ 테스트를 떠올리면 아주 단순한 변환을 긴 반복문으로 풀고 있어요. 안전하게 변환이 필,1,164,84,80,6862383
1,1,14.8,"[상태 값 조건이 있는 if-elif-elif-else 있는 경우 클래스화 고려] : 93.4 점 👍
[파일 열기, 닫기 시 with open(...) 사용] : 92.7 점 👍,
[유사한 변수명 통일] : 90.7 점 👍,
[매우 간결한 변환은 map 사용] : 34.8 점 🚨,
[README.md, pyproject.toml 필요] : 31.6 점 🚨, (답변 시작)", 테스트하는 마음으로 보면 시작 방법을 알려 줄 README.md와 pyproject.toml이 필요해 보여요. 살펴본 김에 설치 방법과 실행 환경을 적어 두면 시작 방법을 놓치지 않아요. 1️⃣ 천천히 살펴보면 실행 환경을 알려 줄 README.md와 pyproject.toml이 필요해 보여요. 살펴본 김에 설치 방법과 실행 환경을 적어 두면 시작 방법을 놓치지 않아요. 1️⃣ 천천히 살펴보면 실행 환경을 알려 줄 README.md와 pypro,1,186,106,80,6862383
2,1,14.8,"[의미 있는 함수명, 변수명 사용] : 98.9 점 👍,
[prefix, suffix 검사 시 startswith(), endswith() 사용] : 97.2 점 👍,
[if-elif-elif-else 구문은 되도록 dict로 수정] : 72.2 점,
[미 사용 변수/함수 제거] : 31.2 점 🚨,
[동일한 인수 집합을 갖는 함수가 많은 경우 클래스화 고려] : 23.2 점 🚨 (답변 시작)", 천천히 살펴보면 같은 설정을 계속 받는 함수가 여러 개예요. 천천히 공통 동작을 한곳으로 모으면 수정할 때 놓칠 구석이 줄어요. 1️⃣ 다음 커밋을 생각해 보면 인자 전달 방식이 섞여 있어요. 과감하게 공통 동작을 클래스로 묶으면 인자 전달 방식이 덜 섞여요. 2️⃣ 테스트를 떠올리면 상태에 따라 동작이 갈라져요. 가능하다면 상태별 동작을 클래스로 묶으면 새 상태,1,190,110,80,6862383
3,1,14.8,"[문자열 단순 연결보다는 f-string 사용] : 97.4 점 👍,
[함수의 인자가 유동적인 경우 처리 권장] : 83.8 점
[유사한 이름의 함수끼리 가까이 위치하도록 수정 권장] : 68.4 점,
[매우 간결한 변환은 map 사용] : 68.1 점,
[enumerate 사용 가능한 경우 사용] : 36.0 점 🚨, (답변 시작)", 동작을 쭉 따라가 보니 반복문에서 번호를 직접 관리하고 있어요. 테스트를 떠올리며 순서와 값을 함께 쓸 때는 enumerate가 더 자연스럽고 안전해요.  1. 작은 신호를 짚어 보니 수정할 곳을 찾기 어려워요. 테스트를 떠올리면 작은 신호를 짚어 볼 수 있어요.  2. 다음 커밋을 생각해 보면 수정할 곳을 찾기 어려워요. 테스트를 떠올리면 작은 신호를 짚어,1,176,96,80,6862383
4,1,14.78,"[itertools.product 사용 가능한 경우 사용] : 92.3 점 👍,
[README.md, pyproject.toml 필요] : 90.9 점 👍,
[함수 인수 type hint 필요] : 90.4 점 👍
[중복되는 사항 common 으로 빼기] : 88.9 점,
[str 단순 += 대신 join 사용] : 87.7 점, (답변 시작)", 천천히 살펴보면 문자열을 반복해서 더하고 있어요. 테스트를 떠올리며 조각을 많이 합칠 때는 join으로 모으면 성능이 좋아져요. 7.  테스트하는 마음으로 보면 같은 처리가 여러 곳에서 반복되고 있어요. 손이 닿는 자리부터 공통 동작을 한곳으로 모으면 수정할 때 놓칠 구석이 줄어요. 8. 천천히 살펴보면 수정할 곳을 골라 잡고 있어요! 손이 닿는 자리부터 공통 동작을 한곳으,1,169,89,80,6862383
5,1,14.79,"[함수의 인자가 하나로 묶을 수 있는 경우 처리 권장] : 97.8 점 👍
[동일한 인수 집합을 갖는 함수가 많은 경우 클래스화 고려] : 93.5 점 👍,
[if a.get(""b"") ... 형태로 수정 필요] : 40.9 점 🚨,
[import 순서 준수] : 12.0 점 🚨,
[함수 docstring, 함수명 의미 일치] : 1.5 점 🚨, (답변 시작)", 작은 신호를 짚어 보니 docstring과 함수 동작이 서로 다르게 읽혀요. 테스트를 떠올리며 docstring과 함수가 약속한 역할을 맞추면 다음 사람이 안심하고 호출할 수 있어요. 1️⃣ 작은 개선을 찾다 보니 docstring과 함수가 약속한 역할을 맞추지 않았어요. 테스트를 떠올리며 docstring과 함수가 약속한 역할을 맞추면 다음 사람이 안심하고 호출할 수 있어요. 1️⃣ 천천히 살펴보면 인자 전달 방식이 섞여 있어,1,186,106,80,6862383
6,1,14.8,"[개수 세기에 count 함수 사용] : 99.5 점 👍,
[지나치게 많은 들여쓰기 수정] : 96.8 점 👍
[enumerate 사용 가능한 경우 사용] : 90.8 점 👍,
[파일 단순 읽기/쓰기는 Path 사용] : 89.7 점,
[의미 있는 함수명, 변수명 사용] : 79.9 점, (답변 시작)", 수정할 곳을 찾다 보니 역할을 짐작하기 어려운 함수나 변수 이름이 보여요. 테스트를 떠올리며 무엇을 하는지 드러나는 이름으로 바꾸면 설명서 없이도 코드가 읽혀요. 4️⃣ 천천히 살펴보면 수정할 곳을 골라 내기 어려워요. 테스트를 떠올리며 수정할 곳을 정하면 수정할 곳을 골라 낼 수 있어요. 5️⃣ 작은 신호를 짚어 보니 수정할 곳을 골라 내기 어려워요. 테스트를 떠올리면 수정,1,172,92,80,6862383
7,1,14.79,"[enumerate 사용 가능한 경우 사용] : 92.8 점 👍,
[파일 단순 읽기/쓰기는 Path 사용] : 92.2 점 👍
[리스트 컴프리헨션 사용이 가능한 경우 사용] : 91.2 점 👍,
[매우 간결한 변환은 map 사용] : 79.5 점,
[if-elif-elif-else 구문은 되도록 dict로 수정] : 66.8 점, (답변 시작)", 동작을 쭉 따라가 보니 조건 분기가 길게 늘어진 곳이 있어요. 가능한 범위에서 값에 따른 선택이라면 dict를 쓰면 조건 분기가 짧고 분명해져요. 1. 작은 정성으로 누락된 키를 골라 보면 누락된 키 때문에 조건 분기가 길게 늘어진 곳이 있어요. 가능한 범위에서 값에 따른 선택이라면 dict을 쓰면 조건 분기가 짧고 분명해져요. 3. 한 발 물러,1,180,100,80,6862383
8,1,14.76,"[조건문 중첩 대신 any, all 사용] : 51.0 점 🚨,
[함수의 인수를 변경 가능한 default value로 하지 않아야 함] : 46.7 점 🚨,
[불필요한 print, logging 제거] : 44.5 점 🚨
[빈도수, 반복문, 경로명 리스트 추출 시 collections, itertools, glob 사용] : 32.0 점 🚨,
[고정값 상수화 필요] : 17.4 점 🚨, (답변 시작)", 테스트를 떠올리면 같은 고정값이 여러 곳에 흩어져 있어요. 가능하다면 의미 있는 상수 이름으로 꺼내 두면 정책을 바꿀 때 수정할 구석이 줄어요. 1️⃣ 수정할 곳을 찾아 보니 같은 고정값이 여러 곳에 흩어져 있어요. 과감하게 의미 있는 상수 이름으로 꺼내 두면 정책을 바꿀 때 수정할 구석이 줄어요! 1️⃣ 수정할 곳을 찾다 보니 같은 고정값이 여러 곳에 흩어져 있어요. 테스트를 떠,1,192,112,80,6862383
9,1,14.81,"[한 줄의 길이는 일정 글자 이내로] : 99.0 점 👍,
[prefix, suffix 검사 시 startswith(), endswith() 사용] : 69.0 점,
[클래스 내부에서만 쓰이는 속성, 메서드 (접두사 있음) 호출 비 권장] : 48.9 점 🚨,
[함수의 인자가 하나로 묶을 수 있는 경우 처리 권장] : 35.9 점 🚨
[함수의 인자가 유동적인 경우 처리 권장] : 16.8 점 🚨, (답변 시작)", 동작을 쭉 따라가 보니 개수가 바뀔 수 있는 인수를 고정해 두고 있어요. 수정할 지점을 골라 가변 인수는 *args나 **kwargs를 알맞게 쓰면 확장에 더 유연해져요. 1. 테스트를 떠올리면 가변 인수가 고정돼 있어요. 필요한 곳부터 가변 인수는 *args나 **kwargs를 알맞게 쓰면 확장에 더 유연해져요. 1. 테스트를 ,1,197,117,80,6862383
10,1,14.8,"[파일 열기, 닫기 시 with open(...) 사용] : 98.7 점 👍,
[prefix, suffix 검사 시 startswith(), endswith() 사용] : 96.4 점 👍,
[제너레이터 표현식 사용이 가능한 경우 사용] : 93.2 점 👍,
[인덱스 반환에 index 함수 사용] : 92.5 점 👍
[f = lambda x: ... 보다는 def f(x): return ... 를 사용] : 70.7 점, (답변 시작)", 수정할 곳을 찾다 보니 이름이 필요한 동작이 lambda에 숨어 있어요. 테스트를 떠올리며 재사용하거나 설명이 필요한 로직은 def로 꺼내면 디버깅과 테스트가 편해져요. 1. 작은 신호를 짚어 보니 수정할 곳을 찾기 어려워요. 다음 커밋에서 필요한 동작을 lambda에 숨기면 수정할 곳을 찾기 편해져요. 2. 천천히 살펴보면 수정할 곳을 찾기 어려워요. 다음 커밋에,1,190,110,80,6862383
11,1,14.8,"[함수 인수 type hint 필요] : 97.5 점 👍
[동일 인자 type 통일] : 87.6 점,
[f = lambda x: ... 보다는 def f(x): return ... 를 사용] : 81.1 점,
[의미 있는 함수명, 변수명 사용] : 64.7 점,
[한 줄의 길이는 일정 글자 이내로] : 44.4 점 🚨, (답변 시작)", 다음 변경을 생각하면 한 줄이 너무 길게 이어지는 곳이 있어요. 살짝 줄을 적당히 나누면 작은 화면에서도 흐름을 놓치지 않아요. 1️⃣ 코드의 결을 살펴보면 한 함수가 너무 많은 일을 하고 있어요. 작은 함수를 여러 개로 쪼개면 테스트와 수정이 한결 수월해져요. 1️⃣ 테스트를 떠올리면 조건 분기가 길게 이어져요. 작은 조건 분기를 여러 개로 쪼개면 ,1,175,95,80,6862383
12,1,14.79,"[고정값 상수화 필요] : 99.5 점 👍,
[import 순서 준수] : 97.9 점 👍,
[리스트 컴프리헨션 사용이 가능한 경우 사용] : 96.2 점 👍
[매우 간결한 변환은 map 사용] : 91.8 점 👍,
[예외의 종류 (OOOError 등) 구체적 명시 권장] : 65.6 점, (답변 시작)", 테스트를 떠올리면 너무 넓은 예외를 잡고 있어요. 필요한 OOOError처럼 구체적인 예외만 잡으면 버그가 숨어버리지 않아요.  📌  1️⃣ 구현을 찬찬히 들여다보니 너무 넓은 예외를 잡고 있어요. 필요한 OOOError처럼 구체적인 예외만 잡으면 버그가 숨어버리지 않아요. 🧼  2️⃣ 천천히 살펴보면 너무 넓은 예외를 잡고 있어요. 필요한 OOOError처,1,173,93,80,6862383
13,1,14.79,"[제너레이터 표현식 사용이 가능한 경우 사용] : 91.9 점 👍,
[함수명, 반환값 간 일치] : 90.7 점 👍,
[enumerate 사용 가능한 경우 사용] : 51.7 점 🚨,
[if a.get(""b"") ... 형태로 수정 필요] : 44.4 점 🚨
[유사한 변수명 통일] : 24.4 점 🚨, (답변 시작)", 테스트를 떠올리면 비슷한 역할의 변수 이름이 제각각이에요! 한 발 먼저 같은 개념에는 같은 이름 규칙을 쓰면 읽는 속도가 훨씬 빨라져요. 1️⃣ 한 발 물러서서 보면 같은 역할의 변수 이름이 제각각이에요. 한 발 먼저 같은 개념에는 같은 이름 규칙을 쓰면 읽는 속도가 훨씬 빨라져요. 2️⃣ 파일 구조를 따라 역할별 변수 이름을 붙이면 수정할 때 놓,1,179,99,80,6862383
14,1,14.79,"[a = my_list[0], b = my_list[1] ... 대신 unpacking 사용 필요] : 77.1 점,
[함수의 인자가 하나로 묶을 수 있는 경우 처리 권장] : 75.8 점,
[if-elif-elif-else 구문은 되도록 dict로 수정] : 66.8 점,
[zip 사용 가능한 경우 사용] : 66.1 점,
[파일 열기, 닫기 시 with open(...) 사용] : 63.0 점 (답변 시작)", 테스트를 떠올리면 파일을 열고 닫는 일을 직접 관리하고 있어요. 가능하다면 with open(...)으로 감싸면 예외가 나도 파일이 안전하게 닫혀요. 1️⃣ 천천히 살펴보면 표준 라이브러리와 외부 패키지와 내부 모듈을 섞어 쓰고 있어요. 필요한 곳부터 표준 라이브러리와 외부 패키지와 내부 모듈을 차례로 분리하면 표준 도구의 힘을 빌릴 수 있어요. 2️⃣ 천천히 살펴보면 같은 이름의 함수가 여러 곳,1,192,112,80,6862383
15,1,14.83,"[if a.get(""b"") ... 형태로 수정 필요] : 73.1 점,
[함수 인수 type hint 필요] : 53.3 점 🚨
[중복되는 사항 common 으로 빼기] : 24.8 점 🚨,
[if-elif-elif-else 구문은 되도록 dict로 수정] : 10.5 점 🚨,
[함수명, 반환값 간 일치] : 5.1 점 🚨, (답변 시작)", 테스트를 떠올리면 함수 이름과 반환값의 약속이 어긋나는 동작이 있어요. 필요한 곳부터 반환하는 값을 이름에 맞추면 호출하는 쪽에서 예상이 빗나가지 않아요.  1️⃣ 테스트를 떠올리면 함수 이름과 반환값의 약속이 어긋나는 동작이 있어요. 필요한 곳부터 반환하는 값을 이름에 맞추면 호출하는 쪽에서 예상이 빗나가지 않아요.  1️⃣ 테스트를 떠올리면 함수 이름과 반환,1,185,105,80,6862383
16,1,14.79,"[클래스 내부에서만 쓰이는 속성, 메서드 (접두사 있음) 호출 비 권장] : 88.2 점,
[인덱스 반환에 index 함수 사용] : 80.9 점,
[중복되는 사항 common 으로 빼기] : 19.3 점 🚨,
[불필요한 print, logging 제거] : 7.3 점 🚨
[함수명, 반환값 간 일치] : 7.1 점 🚨, (답변 시작)", 천천히 살펴보면 함수 이름과 반환값의 약속이 어긋나는 곳이 있어요. 테스트를 떠올리며 반환하는 값을 이름에 맞추면 호출 결과가 바로 보입니다. 1️⃣ 테스트하는 마음으로 보면 함수 이름과 반환값의 약속이 어긋나는 곳이 있어요. 필요한 곳부터 반환하는 값을 이름에 맞추면 호출 결과가 바로 보입니다. 1️⃣ 테스트하는 마음으로 보면 함수 이름과 반환값의 약속이 어긋나는 곳이 있어요. 필요한 곳부터 반환하는 값,1,184,104,80,6862383
17,1,14.8,"[함수 인수 type hint 필요] : 98.6 점 👍,
[100 line 이상 함수 분리, docstring 필요] : 96.2 점 👍
[import 순서 준수] : 40.6 점 🚨,
[a = my_list[0], b = my_list[1] ... 대신 unpacking 사용 필요] : 27.6 점 🚨,
[if a.get(""b"") ... 형태로 수정 필요] : 13.9 점 🚨, (답변 시작)"," 천천히 살펴보면 딕셔너리 키를 꺼내는 과정이 장황해요! 테스트를 떠올리며 a.get(""b"")처럼 꺼내면 누락된 키도 없어요!  1. 팀원이 처음 본다고 생각하면 누락된 키 없이 꺼낼 수 있어요.  2. 테스트를 떠올리면 누락된 키 없이 꺼낼 수 있어요.  3. 다음 커밋을 생각해 보면 누락된 ",1,187,107,80,6862383
18,1,14.8,"[주석 처리된 코드 제거] : 97.6 점 👍,
[예외를 삼키는 경우가 없어야 함] : 97.2 점 👍
[기존 배열의 원소 추가 대신 extend 함수 사용] : 93.8 점 👍,
[a = my_list[0], b = my_list[1] ... 대신 unpacking 사용 필요] : 77.4 점,
[동일한 인수 집합을 갖는 함수가 많은 경우 클래스화 고려] : 64.4 점, (답변 시작)", 천천히 살펴보면 같은 설정을 계속 받는 함수가 여러 개예요. 테스트를 떠올리며 공통 동작을 한곳으로 모으면 수정할 때 놓칠 구석이 줄어요! 1. 천천히 공통 동작을 한곳으로 모으면 수정할 때 놓칠 구석이 줄어요. 2. 테스트를 떠올리면 수정할 곳을 찾기 어려워요. 필요한 곳부터 공통 동작을 한곳으로 모으면 수정할 때 놓칠 구석이 줄어요. 3,1,189,109,80,6862383
19,1,14.83,"[매우 간결한 변환은 map 사용] : 98.4 점 👍
[지나치게 많은 들여쓰기 수정] : 96.1 점 👍,
[함수의 인자가 유동적인 경우 처리 권장] : 91.1 점 👍,
[파일 열기, 닫기 시 with open(...) 사용] : 57.8 점 🚨,
[itertools.product 사용 가능한 경우 사용] : 5.5 점 🚨, (답변 시작)", 수정할 곳을 찾다 보니 조합을 만들려고 중첩 반복문을 쓰고 있어요. 테스트하는 마음으로 모든 조합이 필요할 때는 itertools.product를 쓰면 의도가 정확히 전달돼요. 2. 작은 개선을 찾다 보니 수정할 곳을 찾기 어려워요. 필요한 곳부터 아직 변경되지 않은 흔적은 작은 정성으로 가려 볼 만해요. 6. 테스트하는 마음으로 보면 수정할 곳을 찾기 어려워요. 필요한 곳부,1,180,100,80,6862383
20,1,14.78,"[중복되는 사항 common 으로 빼기] : 95.5 점 👍,
[제너레이터 표현식 사용이 가능한 경우 사용] : 90.8 점 👍
[인덱스 반환에 index 함수 사용] : 74.5 점,
[매우 간결한 변환은 map 사용] : 48.1 점 🚨,
[itertools.product 사용 가능한 경우 사용] : 34.6 점 🚨, (답변 시작)", 테스트를 떠올리면 조합을 만들려고 중첩 반복문을 쓰고 있어요. 살펴본 김에 모든 조합이 필요할 때는 itertools.product를 쓰면 목적이 바로 보입니다. 1️⃣ 작은 신호를 짚어 보니 수정할 곳을 찾기 어려워요. 💫 필요한 곳부터 변경 가능성을 적어 두면 수정할 곳을 바로 찾을 수 있어요. 2️⃣ 천천히 살펴보면 수정할 곳을 찾기 어려워요. 필요한 곳부터 변경 가능성을 적어 두면 수정할 곳을 바로,1,178,98,80,6862383
21,1,14.82,"[인덱스 반환에 index 함수 사용] : 92.8 점 👍
[비어 있는 문자열 여부 판단 간소화] : 84.5 점,
[문자열 단순 연결보다는 f-string 사용] : 71.7 점,
[기존 배열의 원소 추가 대신 extend 함수 사용] : 43.5 점 🚨,
[의미 있는 함수명, 변수명 사용] : 24.7 점 🚨, (답변 시작)", 수정할 곳을 찾다 보니 역할을 짐작하기 어려운 함수나 변수 이름이 보여요. 테스트를 떠올리며 무엇을 하는지 드러나는 이름으로 바꾸면 설명서 없이도 코드가 읽혀요. 🎈  1️⃣ 천천히 살펴보면 docstring이 빈 곳도 있어요. 필요한 곳부터 docstring을 꼼꼼하게 붙이면 다음 사람이 안심하고 호출할 수 있어요. 🧼  2️⃣ 테스트를 떠올리면 설정 값이 빈 곳도 ,1,176,96,80,6862383
22,1,14.8,"[prefix, suffix 검사 시 startswith(), endswith() 사용] : 94.4 점 👍
[동일 인자 type 통일] : 91.8 점 👍,
[불필요한 print, logging 제거] : 91.2 점 👍,
[key=itemgetter(""key"") 사용 권장] : 91.0 점 👍,
[f = lambda x: ... 보다는 def f(x): return ... 를 사용] : 61.8 점, (답변 시작)", 테스트를 떠올리면 이름이 필요한 동작이 lambda에 숨어 있어요. 필요한 이름부터 꺼내면 재사용하거나 수정할 때 놓칠 구석이 줄어요. 1. 필요한 이름에 lambda을 덜 건드려도 돼요. 2. 한 번 더 확인해 보니 동작을 lambda에 너무 많이 숨겨져 있어요. 1. 재사용하거나 수정할 곳을 lambda 밖으로 꺼내면 수정이 한결 수월해져요. 3. 다,1,181,101,80,6862383
23,1,14.82,"[함수명, 반환값 간 일치] : 92.8 점 👍,
[README.md, pyproject.toml 필요] : 86.7 점,
[경로를 path/to/file 이 아닌, pathlib 또는 os.path.join 사용] : 77.2 점,
[함수 인수 type hint 필요] : 68.1 점
[파일 열기, 닫기 시 with open(...) 사용] : 5.4 점 🚨, (답변 시작)", 천천히 살펴보면 파일을 열고 닫는 일을 직접 관리하고 있어요. 테스트를 떠올리며 with open(...)으로 감싸면 예외가 나도 파일이 안전하게 닫혀요. 1. 천천히 예외를 기록하거나 다시 올려 보내야 장애 원인을 놓치지 않아요. 2. 동작을 쭉 따라가 보니 수정할 곳을 찾기 어려워요. 테스트를 떠올리며 수정할 곳을 파일로 쪼개거나 책임별로 나누면 수정할 곳을 바로 알 수,1,180,100,80,6862383
24,1,14.8,"[assertion을 제어 메커니즘으로 사용하면 안됨] : 98.2 점 👍,
[빈도수, 반복문, 경로명 리스트 추출 시 collections, itertools, glob 사용] : 93.5 점 👍,
[중복되는 사항 common 으로 빼기] : 92.3 점 👍
[인덱스 반환에 index 함수 사용] : 91.0 점 👍,
[함수 인수 type hint 필요] : 67.7 점, (답변 시작)", 천천히 살펴보면 함수 인수의 type hint가 비어 있어요. 테스트를 떠올리며 인수에 type hint를 달아 두면 다음 사람이 안심하고 호출할 수 있어요. 1️⃣ 테스트를 떠올리면 함수 인수에 type hint를 달아 두면 다음 사람이 안심하고 호출할 수 있어요. 1️⃣ 테스트를 떠올리면 함수 인수에type hint를 달아 두면 다음 사람이 안심하고 호출할 수 있어요. 1️⃣ 천천히 살펴보면 함수 인수에,1,183,103,80,6862383
25,1,14.81,"[함수명, 반환값 간 일치] : 100.0 점 👍,
[클래스 내부에서만 쓰이는 속성, 메서드 (접두사 있음) 호출 비 권장] : 78.1 점,
[함수의 인자가 유동적인 경우 처리 권장] : 61.2 점,
[매우 간결한 변환은 map 사용] : 42.3 점 🚨
[고정값 상수화 필요] : 24.6 점 🚨, (답변 시작)", 수정할 곳을 찾다 보니 같은 고정값이 여러 곳에 흩어져 있어요! 테스트를 떠올리며 의미 있는 상수 이름으로 꺼내 두면 정책을 바꿀 때 한 번에 손볼 수 있어요. 1️⃣ 작은 신호를 짚어 보니 누락된 동작이 있어요! 살펴본 김에 필수 동작을 적어 두면 수정할 때 놓칠 구석이 줄어요. 🌈 4️⃣ 동작을 쭉 따라가 보니 수정할 곳을 알려 줄 작은 신호가 없어요. 테스트,1,183,103,80,6862383
26,1,14.8,"[예외를 삼키는 경우가 없어야 함] : 73.0 점
[a = my_list[0], b = my_list[1] ... 대신 unpacking 사용 필요] : 72.6 점,
[if-elif-elif-else 구문은 되도록 dict로 수정] : 67.7 점,
[매우 간결한 변환은 map 사용] : 50.2 점 🚨,
[미 사용 변수/함수 제거] : 49.0 점 🚨, (답변 시작)", 테스트를 떠올리면 쓰이지 않는 변수나 함수가 남아 있어요. 한 발 먼저 참조되지 않는 선언을 걷어 내면 핵심 로직만 또렷하게 남아요! 1️⃣ 테스트를 떠올리면 쓰이지 않는 변수나 함수가 남아 있어요. 한 발 먼저 참조되지 않는 선언을 걷어 내면 핵심 로직만 또렷하게 남아요. 2️⃣ 천천히 살펴보면 수정 전 코드가 너무 오래 걸리거나 수,1,190,110,80,6862383
27,1,14.88,"[매우 간결한 변환은 map 사용] : 97.3 점 👍,
[조건문 중첩 대신 any, all 사용] : 92.2 점 👍
[유사한 변수명 통일] : 91.5 점 👍,
[기존 배열의 원소 추가 대신 extend 함수 사용] : 67.2 점,
[한 줄의 길이는 일정 글자 이내로] : 6.5 점 🚨, (답변 시작)", 테스트를 떠올리면 한 줄이 너무 길게 이어지는 곳이 있어요. 테스트를 떠올리며 줄을 적당히 나누면 작은 화면에서도 흐름을 놓치지 않아요!  1️⃣ 한 발 물러서서 보면 수정할 곳을 골라 볼 만해요. 2️⃣ 천천히 한 발 물러서서 보면 수정할 곳을 골라 볼 만해요.  1️⃣ 천천히 한 발 물러서서 보면 수정할 곳을 골라 볼 만해요.  ,1,174,94,80,6862383
28,1,14.81,"[assertion을 제어 메커니즘으로 사용하면 안됨] : 92.8 점 👍,
[동일한 인수 집합을 갖는 함수가 많은 경우 클래스화 고려] : 79.6 점,
[함수 docstring, 함수명 의미 일치] : 77.1 점
[클래스 내부에서만 쓰이는 속성, 메서드 (접두사 있음) 호출 비 권장] : 72.9 점,
[파일 단순 읽기/쓰기는 Path 사용] : 4.2 점 🚨, (답변 시작)", 테스트를 떠올리면 간단한 파일 작업이 장황하게 처리되고 있어요. 살펴본 뒤 Path의 읽기와 쓰기 메서드를 쓰면 파일 작업이 짧고 단단해져요. 1️⃣ 작은 신호를 짚어 보니 같은 설정을 계속 받는 함수가 여러 개예요. 천천히 공통 동작을 클래스로 묶으면 수정할 때 놓칠 구석이 줄어요. 2️⃣ 작은 신호를 짚어 보니 같은 설정을 계속 받는 함수가 여러 개예요,1,188,108,80,6862383
29,1,14.79,"[동일 인자 type 통일] : 97.2 점 👍,
[함수의 인자가 유동적인 경우 처리 권장] : 92.7 점 👍,
[제너레이터 표현식 사용이 가능한 경우 사용] : 75.9 점,
[언패킹 시 숫자 인덱스 사용하지 말 것 (변수에 바로 할당)] : 65.8 점,
[함수명, 반환값 간 일치] : 63.1 점 (답변 시작)", 천천히 살펴보면 함수 이름과 반환값의 약속이 어긋나는 동작이 있어요. 테스트를 떠올리며 반환하는 값을 이름에 맞추면 호출 결과가 바로 나와요. 1️⃣ 테스트를 떠올리면 함수 이름과 반환값의 약속이 어긋나는 동작이 있어요. 테스트를 떠올리며 반환하는 값을 이름에 맞추면 호출 결과가 바로 나와요. 1️⃣ 천천히 살펴보면 함수 이름과 반환값의 약속이 어긋나는 동작이 있어요. 테스트를 떠올리며 반환하는 값을 이름에 맞추면 ,1,178,98,80,6862383
30,1,14.79,"[상태 값 조건이 있는 if-elif-elif-else 있는 경우 클래스화 고려] : 98.1 점 👍
[불필요한 변수 생성 대신 defaultdict 권장] : 96.6 점 👍,
[import 순서 준수] : 93.5 점 👍,
[예외의 종류 (OOOError 등) 구체적 명시 권장] : 93.3 점 👍,
[함수의 인자가 하나로 묶을 수 있는 경우 처리 권장] : 44.4 점 🚨, (답변 시작)", 테스트를 떠올리면 개수가 바뀔 수 있는 인수를 고정해 두고 있어요. 필요한 곳부터 가변 인수는 *args나 **kwargs를 알맞게 쓰면 확장에 더 유연해져요!  1. 한 발 물러서서 읽어 보니 개수가 바뀔 수 있는 인수를 고정해 두고 있어요. 필요한 곳부터 가변 인수는 *args나 **kwargs를 알맞게 쓰면 확장에 ,1,189,109,80,6862383
31,1,14.82,"[enumerate 사용 가능한 경우 사용] : 95.6 점 👍
[함수 docstring, 함수명 의미 일치] : 93.4 점 👍,
[f = lambda x: ... 보다는 def f(x): return ... 를 사용] : 85.3 점,
[중복되는 사항 common 으로 빼기] : 54.7 점 🚨,
[고정값 상수화 필요] : 46.6 점 🚨, (답변 시작)", 동작을 쭉 따라가 보니 같은 고정값이 여러 곳에 흩어져 있어요! 가능한 범위에서 의미 있는 상수 이름으로 꺼내 두면 정책을 바꿀 때 한 번에 손볼 수 있어요. ✨  1️⃣ 가능한 범위에서 의미 있는 상수 이름으로 꺼내 두면 정책을 바꿀 때 한 번에 손볼 수 있어요. 🧼  1️⃣ 천천히 살펴보면 같은 고정값이 여러 곳에 흩어져 있어요! 필요한 곳부터 의미 있는 상수 이,1,180,100,80,6862383
32,1,14.81,"[정규 표현식 문자열은 r""..."" 권장] : 98.7 점 👍,
[동일한 인수 집합을 갖는 함수가 많은 경우 클래스화 고려] : 91.2 점 👍
[동일 인자 type 통일] : 69.9 점,
[Python 예약어를 변수명으로 사용하지 않아야 함] : 68.1 점,
[의미 있는 함수명, 변수명 사용] : 6.8 점 🚨, (답변 시작)", 수정할 곳을 찾다 보니 역할을 짐작하기 어려운 함수나 변수 이름이 보여요. 한 발 먼저 무엇을 하는지 드러나는 이름으로 바꾸면 설명서 없이도 코드가 읽혀요. 1️⃣ 파일을 다시 훑어보니 수정할 곳을 찾기 어려워요. 한 발 먼저 작은 정성으로 파일을 정리하면 테스트하는 마음이 편안해져요. 2️⃣ 작은 신호를 짚어 보니 수정할 곳을 찾기 어려워요. 한 ,1,179,99,80,6862383
33,1,14.81,"[itertools.product 사용 가능한 경우 사용] : 85.4 점,
[파일 단순 읽기/쓰기는 Path 사용] : 82.8 점,
[유사한 변수명 통일] : 80.2 점
[예외의 종류 (OOOError 등) 구체적 명시 권장] : 69.6 점,
[동일한 인수 집합을 갖는 함수가 많은 경우 클래스화 고려] : 64.8 점, (답변 시작)", 수정할 곳을 찾다 보니 같은 설정을 계속 받는 함수가 여러 개예요. 가능하다면 공통 동작을 클래스로 묶으면 인자 전달 방식이 가벼워지고 역할도 선명해져요. 🧼  1️⃣ 테스트를 떠올리면 같은 설정을 계속 받는 함수가 여러 개예요. 가능하다면 공통 동작을 클래스로 묶으면 인자 전달 방식이 가벼워지고 역할도 선명해져요.  2️⃣ 테스트를 떠올리면 같은 ,1,177,97,80,6862383
34,1,14.83,"[assertion을 제어 메커니즘으로 사용하면 안됨] : 99.0 점 👍,
[주석 처리된 코드 제거] : 93.0 점 👍,
[함수명, 반환값 간 일치] : 91.4 점 👍
[zip 사용 가능한 경우 사용] : 88.2 점,
[제너레이터 표현식 사용이 가능한 경우 사용] : 74.7 점, (답변 시작)", 동작을 쭉 따라가 보니 한 번만 쓸 중간 목록이 만들어지고 있어요. 테스트를 떠올리며 한 번만 순회한다면 제너레이터 표현식으로 메모리를 아껴 볼 만해요. 1️⃣ 테스트를 떠올리면 한 번만 쓸 중간 목록이 만들어지고 있어요. 작은 신호를 짚어 한 번만 순회한다면 제너레이터 표현식으로 메모리를 아껴 볼 만해요. 1️⃣ 테스트하는 마음으로 보면 한 번만,1,172,92,80,6862383
35,1,14.78,"[zip 사용 가능한 경우 사용] : 86.1 점,
[한 줄의 길이는 일정 글자 이내로] : 83.5 점,
[언패킹 시 숫자 인덱스 사용하지 말 것 (변수에 바로 할당)] : 67.9 점,
[주석 처리된 코드 제거] : 17.7 점 🚨,
[중복되는 사항 common 으로 빼기] : 0.6 점 🚨 (답변 시작)", 작은 신호를 짚어 보니 같은 처리가 여러 곳에서 반복되고 있어요. 과감하게 공통 동작을 한곳으로 모으면 수정할 때 놓칠 구석이 줄어요.  📌 1️⃣ 수정할 곳을 찾다 보니 같은 수정이 여러 곳에서 반복되고 있어요. 과감하게 공통 동작을 한곳으로 모으면 수정할 때 놓칠 구석이 줄어요.  1️⃣ 수정할 곳을 찾다 보니 같은 수정이 여러 곳에서 반복되고 있어요,1,177,97,80,6862383
36,1,14.84,"[한 줄의 길이는 일정 글자 이내로] : 91.8 점 👍,
[상태 값 조건이 있는 if-elif-elif-else 있는 경우 클래스화 고려] : 91.7 점 👍
[파일 단순 읽기/쓰기는 Path 사용] : 90.2 점 👍,
[제너레이터 표현식 사용이 가능한 경우 사용] : 7.6 점 🚨,
[key=itemgetter(""key"") 사용 권장] : 4.6 점 🚨, (답변 시작)"," 천천히 살펴보면 정렬 키를 lambda로 길게 꺼내고 있어요. 테스트를 떠올리며 딕셔너리 키로 정렬할 때는 itemgetter(""key"")가 더 간결하게 뜻을 전해요. 3️⃣  테스트를 떠올리면 표준 라이브러리와 외부 패키지와 외부 API를 조합해 사용할 곳을 늘리고 있어요. ✨ 가능한 범위에서 표준 라이브러리와 외부 패키지와 외부 API를 잘 조합하면 수정할 때 덜 ",1,188,108,80,6862383
37,1,14.8,"[클래스 내부에서만 쓰이는 속성, 메서드 (접두사 있음) 호출 비 권장] : 93.9 점 👍,
[enumerate 사용 가능한 경우 사용] : 86.9 점,
[주석 처리된 코드 제거] : 72.3 점
[상태 값 조건이 있는 if-elif-elif-else 있는 경우 클래스화 고려] : 30.9 점 🚨,
[중복되는 사항 common 으로 빼기] : 5.2 점 🚨, (답변 시작)", 동작을 쭉 따라가 보니 같은 처리가 여러 곳에서 반복되고 있어요. 테스트를 떠올리며 공통 동작을 한곳으로 모으면 수정할 때 놓칠 구석이 줄어요. 4️⃣ 한 발 물러서서 보면 수정할 곳을 골라 내기 어려워요. 테스트하는 마음으로 공통 동작을 한곳으로 모으면 수정할 때 놓칠 구석이 줄어요. 5️⃣ 천천히 살펴보면 수정할 곳을 골라 내기 어려워요. 테스트를 떠올리면 공통,1,191,111,80,6862383
38,1,14.81,"[상태 값 조건이 있는 if-elif-elif-else 있는 경우 클래스화 고려] : 98.8 점 👍
[주석 처리된 코드 제거] : 92.3 점 👍,
[빈 파일 TODO 표시 필요] : 91.7 점 👍,
[예외를 삼키는 경우가 없어야 함] : 24.3 점 🚨,
[key=itemgetter(""key"") 사용 권장] : 11.6 점 🚨, (답변 시작)", 테스트를 떠올리면 정렬 키를 lambda로 길게 꺼내고 있어요. 가능한 범위에서 딕셔너리 키로 정렬 키를 꺼 내면 목적이 바로 보입니다. 1️⃣ 한 발 물러서서 보면 정렬 키를 lambda로 길게 꺼내고 있어요. 가능한 범위에서 딕셔너리 키로 정렬 키를 꺼 내면 목적이 바로 보입니다. 1️⃣ 한 발 물러서서 보면 정렬 키를 lambda로 길게 꺼내고 있어요. 가능한 범위에,1,182,102,80,6862383
39,1,14.8,"[prefix, suffix 검사 시 startswith(), endswith() 사용] : 99.0 점 👍,
[if a.get(""b"") ... 형태로 수정 필요] : 98.8 점 👍,
[비어 있는 문자열 여부 판단 간소화] : 92.8 점 👍
[예외의 종류 (OOOError 등) 구체적 명시 권장] : 61.4 점,
[함수 docstring, 함수명 의미 일치] : 28.2 점 🚨, (답변 시작)", 동작을 쭉 따라가 보니 docstring과 함수 동작이 서로 다르게 읽혀요. 테스트를 떠올리며 docstring과 함수가 약속한 역할을 맞추면 수정할 때 예상이 빗나가지 않아요. 1️⃣ 천천히 살펴보면 다음 커밋에서 수정할 곳을 골라 볼 수 있어요. 테스트를 떠올리며 바꿀 지점을 정하면 수정할 때 예상이 빗나가지 않아요. 3️⃣ 천천히 살펴보면 다음 커밋에서 수정할 곳을 골라 볼 수 ,1,186,106,80,6862383
40,1,14.83,"[한 줄의 길이는 일정 글자 이내로] : 94.5 점 👍,
[주석 처리된 코드 제거] : 90.2 점 👍,
[예외의 종류 (OOOError 등) 구체적 명시 권장] : 71.1 점,
[100 line 이상 함수 분리, docstring 필요] : 45.0 점 🚨,
[숫자 값은 위쪽에 상수로] : 35.9 점 🚨 (답변 시작)", 코드의 결을 살펴보면 로직 사이에 매직 넘버이 숨어 있어요. 테스트를 떠올리며 매직 넘버를 파일 위쪽의 상수로 올리면 숫자가 왜 필요한지 바로 보여요. 🧼  1️⃣ 수정할 곳을 찾다 보니 같은 숫자가 여러 곳에 흩어져 있어요. 가능한 범위에서 매직 넘버를 한곳으로 모으면 수정할 때 놓칠 구석이 줄어요. 2️⃣ 천천히 살펴보면 같은 숫자가 여러 곳에,1,177,97,80,6862383
41,1,14.77,"[README.md, pyproject.toml 필요] : 94.8 점 👍,
[숫자 값은 위쪽에 상수로] : 91.3 점 👍
[지나치게 많은 들여쓰기 수정] : 91.1 점 👍,
[상태 값 조건이 있는 if-elif-elif-else 있는 경우 클래스화 고려] : 86.2 점,
[itertools.product 사용 가능한 경우 사용] : 4.5 점 🚨, (답변 시작)", 파일을 다시 훑어보니 조합을 만들려고 중첩 반복문을 쓰고 있어요. 테스트를 떠올리며 모든 조합이 필요할 때는 itertools.product를 쓰면 목적이 바로 보입니다. 🧼  1️⃣ 작은 신호를 짚어 보니 수정할 곳을 찾기 어려워요. 필요한 곳부터 동작을 세분화하면 수정할 곳을 바로 알 수 있어요. 2️⃣ 테스트를 떠올리면 수정할 곳을 찾기 어려워요. 필요한 곳부터 ,1,181,101,80,6862383
42,1,14.78,"[함수명, 반환값 간 일치] : 99.7 점 👍,
[지나치게 많은 들여쓰기 수정] : 88.5 점,
[동일 인자 type 통일] : 83.6 점
[숫자 값은 위쪽에 상수로] : 66.2 점,
[zip 사용 가능한 경우 사용] : 0.1 점 🚨, (답변 시작)", 테스트를 떠올리면 두 목록을 인덱스로 읽고 있어요. 살펴본 김에 인덱스로 읽는 값을 고정해 두면 순서에 상관없이 내용을 더할 수 있어요.  💫  1. 작은 개선을 찾다 보니 수정할 곳을 골라 낼 수 없어요. 테스트를 떠올리면 수정할 곳을 고르다 보니 수정할 곳을 골라 낼 수 없어요.  💫  1. 작은 개선을 찾다 보니 수정할 곳을 골라,1,165,85,80,6862383
43,1,14.77,"[정규 표현식 문자열은 r""..."" 권장] : 99.1 점 👍,
[숫자 값은 위쪽에 상수로] : 94.4 점 👍,
[동일 인자 type 통일] : 91.0 점 👍,
[예외의 종류 (OOOError 등) 구체적 명시 권장] : 79.8 점,
[인덱스 반환에 index 함수 사용] : 74.5 점 (답변 시작)", 전체 흐름을 놓고 보면 위치를 찾기 위해 직접 반복하고 있어요. 테스트를 떠올리며 첫 위치가 필요할 때는 Index를 쓰면 목적이 바로 보입니다! 1️⃣ 8.8 점 1️⃣ 테스트를 떠올리면 위치를 찾기 위해 직접 반복하고 있어요. 테스트를 떠올리며 첫 위치가 필요할 때는 Index를 쓰면 목적이 바로 보입니다! 2️⃣ 9.9 점 1️⃣ 작은 신호를 짚어 ,1,173,93,80,6862383
44,1,14.87,"[클래스 내부에서만 쓰이는 속성, 메서드 (접두사 있음) 호출 비 권장] : 99.6 점 👍,
[f = lambda x: ... 보다는 def f(x): return ... 를 사용] : 97.7 점 👍,
[고정값 상수화 필요] : 90.0 점 👍,
[인덱스 반환에 index 함수 사용] : 65.9 점
[import 순서 준수] : 62.9 점, (답변 시작)", 천천히 살펴보면 import 배치가 기능을 섞고 있어요. 테스트를 떠올리며 표준 라이브러리와 외부 패키지와 내부 모듈을 차례로 정리하면 시작 화면이 말끔해져요. 1️⃣ 필요한 곳부터 표준 라이브러리와 외부 패키지와 내부 모듈을 차례로 정리하면 시작 화면이 말끔해져요.  2️⃣ 천천히 살펴보면 표준 라이브러리와 외부 패키지와 내부 모듈을 차례로 섞고 있어요. 테스트를 떠올리며 표준 라이브러리와 외,1,182,102,80,6862383
45,1,14.82,"[유사한 이름의 함수끼리 가까이 위치하도록 수정 권장] : 91.6 점 👍,
[import 순서 준수] : 81.3 점,
[경로를 path/to/file 이 아닌, pathlib 또는 os.path.join 사용] : 46.7 점 🚨,
[고정값 상수화 필요] : 21.4 점 🚨
[지나치게 많은 들여쓰기 수정] : 1.2 점 🚨, (답변 시작)", 천천히 살펴보면 들여쓰기 단계가 깊어 흐름을 따라가기 어려워요. 필요한 곳부터 상수 이름으로 꺼내 두면 수정할 때 한 발 물러서서 바라볼 수 있어요. 1. 다음 커밋에서 상태를 더 간결하게 표현하면 조건의 미로가 얕아져요. 2. 천천히 살펴보면 같은 처리가 여러 곳에서 반복되고 있어요. 테스트를 떠올리며 공통 동작을 한곳으로 모으면 수정할 때 놓칠 ,1,179,99,80,6862383
46,1,14.89,"[주석 처리된 코드 제거] : 97.3 점 👍,
[함수의 인자가 하나로 묶을 수 있는 경우 처리 권장] : 89.2 점,
[불필요한 변수 생성 대신 defaultdict 권장] : 67.0 점,
[예외의 종류 (OOOError 등) 구체적 명시 권장] : 62.7 점
[한 줄의 길이는 일정 글자 이내로] : 38.6 점 🚨, (답변 시작)", 테스트를 떠올리면 한 줄이 너무 길게 이어지는 곳이 있어요. 다음 커밋에서 줄을 적당히 나누면 작은 화면에서도 흐름을 놓치지 않아요. 1. 작은 함수로 쪼개면 테스트하는 데 집중력이 향상돼요. 2. 수정할 곳을 찾다 보니 같은 처리가 여러 곳에 흩어져 있어요. 테스트를 떠올리며 함께 쓰는 동작을 한곳으로 모으면 수정할 때 집중력이 높아져요. 3. 작은 ,1,180,100,80,6862383
47,1,14.82,"[상태 값 조건이 있는 if-elif-elif-else 있는 경우 클래스화 고려] : 90.0 점 👍,
[인덱스 반환에 index 함수 사용] : 75.5 점,
[a = my_list[0], b = my_list[1] ... 대신 unpacking 사용 필요] : 52.1 점 🚨,
[함수의 인자가 유동적인 경우 처리 권장] : 20.4 점 🚨
[조건문 중첩 대신 any, all 사용] : 18.8 점 🚨, (답변 시작)", 천천히 살펴보면 조건문이 여러 겹으로 겹쳐 있어요. 테스트를 떠올리며 여러 조건의 존재 여부는 any나 all에 맡기면 뜻이 훨씬 또렷해져요. 1️⃣ 작은 신호를 따라 조건문을 덜 겹치게 쓰면 조건식이 가볍게 읽혀요. 9.5 점 🧼  1️⃣ 작은 신호를 따라 조건문을 덜 겹치게 쓰면 조건식이 가,1,200,120,80,6862383
48,1,14.8,"[한 줄의 길이는 일정 글자 이내로] : 98.3 점 👍,
[제너레이터 표현식 사용이 가능한 경우 사용] : 86.9 점,
[클래스 내부에서만 쓰이는 속성, 메서드 (접두사 있음) 호출 비 권장] : 81.1 점
[개수 세기에 count 함수 사용] : 71.4 점,
[유사한 이름의 함수끼리 가까이 위치하도록 수정 권장] : 67.9 점, (답변 시작)", 테스트를 떠올리면 비슷한 이름의 함수가 파일 곳곳에 흩어져 있어요. 한 발 먼저 비슷한 역할의 함수를 가까이 두면 수정할 때 놓칠 구석이 줄어요. 1️⃣ 테스트를 떠올리면 비슷한 이름의 함수가 파일 곳곳에 흩어져 있어요. 필요한 곳부터 비슷한 역할의 함수를 가까이 두면 수정할 때 놓칠 구석이 줄어요. 1️⃣ 테스트를 떠올리면 비슷한 이름의 함수가 파일 곳곳에 흩어져 있어요. 필요한 곳부터 비슷,1,184,104,80,6862383
49,1,14.81,"[한 줄의 길이는 일정 글자 이내로] : 98.8 점 👍,
[함수의 인자가 유동적인 경우 처리 권장] : 91.6 점 👍
[제너레이터 표현식 사용이 가능한 경우 사용] : 86.9 점,
[기존 배열의 원소 추가 대신 extend 함수 사용] : 64.9 점,
[중복되는 사항 common 으로 빼기] : 6.7 점 🚨, (답변 시작)", 천천히 살펴보면 같은 처리가 여러 곳에서 반복되고 있어요. 테스트를 떠올리며 공통 동작을 한곳으로 모으면 수정할 때 놓칠 구석이 줄어요. 1️⃣ 작은 정성으로 공통 동작을 한곳으로 모으면 수정할 때 놓칠 구석이 줄어요! 2️⃣ 천천히 살펴보면 같은 처리가 여러 곳에서 반복되고 있어요. 테스트를 떠올리며 공통 동작을 한곳으로 모으면 수정할 때 놓칠 구,1,179,99,80,6862383
50,1,14.77,"[함수 docstring, 함수명 의미 일치] : 97.6 점 👍,
[주석 처리된 코드 제거] : 96.5 점 👍,
[경로를 path/to/file 이 아닌, pathlib 또는 os.path.join 사용] : 95.5 점 👍
[동일한 인수 집합을 갖는 함수가 많은 경우 클래스화 고려] : 50.9 점 🚨,
[유사한 변수명 통일] : 39.9 점 🚨, (답변 시작)", 테스트를 떠올리면 비슷한 역할의 변수 이름이 제각각이에요. 다음 커밋에서 같은 개념에는 같은 이름을 쓰면 읽는 속도가 훨씬 빨라져요! 1️⃣ 테스트를 떠올리면 비슷한 역할의 변수 이름이 제각각이에요! 다음 커밋에서 같은 개념에는 같은 이름을 쓰면 읽는 속도가 훨씬 빨라져요! 1️⃣ 테스트를 떠올리면 비슷한 역할의 변수 이름이 제각각이에요! 다음 커밋에서 같은 개념,1,185,105,80,6862383
51,1,14.8,"[개수 세기에 count 함수 사용] : 96.3 점 👍,
[key=itemgetter(""key"") 사용 권장] : 94.3 점 👍,
[숫자 값은 위쪽에 상수로] : 25.3 점 🚨
[함수명, 반환값 간 일치] : 6.8 점 🚨,
[a = my_list[0], b = my_list[1] ... 대신 unpacking 사용 필요] : 0.3 점 🚨, (답변 시작)", 동작을 쭉 따라가 보니 목록의 원소를 하나씩 꺼내고 있어요. 테스트를 떠올리며 정해진 순서의 값은 unpacking으로 풀어 주면 한 번에 읽혀요. 1️⃣ 한 발 물러서서 보면 수정할 곳을 찾기 어려워요. 테스트를 떠올리면 수정할 곳을 골라 낼 수 있어요. 2️⃣ 천천히 살펴보면 수정할 곳을 찾기 어려워요. 테스트를 떠올리면 수정할 곳을 골라 낼 수 있어요,1,188,108,80,6862383
52,1,14.86,"[중복되는 사항 common 으로 빼기] : 99.5 점 👍,
[문자열 단순 연결보다는 f-string 사용] : 95.1 점 👍
[파일 단순 읽기/쓰기는 Path 사용] : 93.8 점 👍,
[prefix, suffix 검사 시 startswith(), endswith() 사용] : 83.6 점,
[유사한 변수명 통일] : 18.2 점 🚨, (답변 시작)", 천천히 살펴보면 비슷한 역할의 변수 이름이 제각각이에요. 다음 커밋에서 같은 개념에는 같은 이름 규칙을 쓰면 읽는 속도가 훨씬 빨라져요. 1️⃣ 필요한 곳부터 같은 이름 규칙을 쓰면 읽는 속도가 훨씬 빨라져요. 2️⃣ 팀원이 처음 본다고 생각하면 같은 역할의 변수 이름이 제각각이에요. 다음 커밋에서 같은 개념에는 같은 이름 규칙을 쓰면 읽는 속도가 훨씬 ,1,179,99,80,6862383
53,1,14.83,"[함수의 인자가 하나로 묶을 수 있는 경우 처리 권장] : 96.3 점 👍,
[고정값 상수화 필요] : 91.9 점 👍,
[동일한 인수 집합을 갖는 함수가 많은 경우 클래스화 고려] : 54.4 점 🚨
[조건문 중첩 대신 any, all 사용] : 7.6 점 🚨,
[한 줄의 길이는 일정 글자 이내로] : 3.1 점 🚨, (답변 시작)", 테스트를 떠올리면 한 줄이 너무 길게 이어지는 곳이 있어요! 과감하게 줄을 적당히 나누면 작은 화면에서도 흐름을 놓치지 않아요. 1. 한 발 물러서서 보면 조건문이 길게 이어져요! 테스트를 떠올리며 조건문을 짧게 쪼개면 조건의 미로가 얕아져요. 2. 수정할 곳을 찾다 보니 조건문이 길게 이어져요! 테스트를 떠올리며 조건문을 짧게 쪼개면 ,1,186,106,80,6862383
54,1,14.79,"[상태 값 조건이 있는 if-elif-elif-else 있는 경우 클래스화 고려] : 99.6 점 👍,
[지나치게 많은 들여쓰기 수정] : 94.8 점 👍
[str 단순 += 대신 join 사용] : 77.0 점,
[리스트 컴프리헨션 사용이 가능한 경우 사용] : 69.6 점,
[key=itemgetter(""key"") 사용 권장] : 5.4 점 🚨, (답변 시작)"," 천천히 살펴보면 정렬 키를 lambda로 길게 꺼내고 있어요. 테스트를 떠올리며 딕셔너리 키로 정렬할 때는 itemgetter(""key"")가 더 간결하게 뜻을 전해요. 8. 한 발 물러서서 읽어 보면 수정할 곳을 골라 내기 어려워요. 테스트를 떠올리면 수정할 곳을 골라 보니 작은 신호를 놓칠 수 있어요. 수정할 곳을 골라 볼 때는 한 발 물러서서 보면 수정할 곳을 골",1,181,101,80,6862383
55,1,14.8,"[중복되는 사항 common 으로 빼기] : 94.4 점 👍,
[매우 간결한 변환은 map 사용] : 93.3 점 👍,
[zip 사용 가능한 경우 사용] : 65.2 점,
[f = lambda x: ... 보다는 def f(x): return ... 를 사용] : 19.1 점 🚨
[조건문 중첩 대신 any, all 사용] : 18.8 점 🚨, (답변 시작)", 필요한 동작을 여러 겹으로 겹쳐 쓰고 있어요. 테스트를 떠올리며 여러 조건의 존재 여부는 any나 all에 맡기면 뜻이 정확히 전달돼요. 6️⃣ 천천히 살펴보면 수정할 곳을 찾기 어려워요. 흐름을 따라 수정할 곳을 찾으면 테스트하는 마음으로 수정할 곳을 골라 볼 수 있어요. 7️⃣ 테스트를 떠올리면 수정할 곳을 찾기 어려워요. 흐름을 따라 수정할 곳을 찾으면 테스트하는 마음으로 수정할 곳을 골,1,182,102,80,6862383
56,1,14.77,"[f = lambda x: ... 보다는 def f(x): return ... 를 사용] : 94.7 점 👍,
[prefix, suffix 검사 시 startswith(), endswith() 사용] : 94.5 점 👍,
[a = my_list[0], b = my_list[1] ... 대신 unpacking 사용 필요] : 83.8 점,
[지나치게 많은 들여쓰기 수정] : 29.1 점 🚨,
[동일 인자 type 통일] : 10.6 점 🚨 (답변 시작)", 작은 신호를 짚어 보니 같은 의미의 인수에서 type 표기가 통일되지 않았어요. 살펴본 김에 인수의 type을 한 방식으로 맞추면 호출하는 쪽도 덜 헷갈려요. 🧠  1️⃣ 코드 산책을 하다 보니 조건문이 길게 이어져요. 필요한 곳부터 조건의 미로가 얕아지면 테스트하는 쪽도 덜 헷갈려요. 🧠  2️⃣ ,1,194,114,80,6862383
57,1,14.84,"[중복되는 사항 common 으로 빼기] : 67.3 점,
[불필요한 print, logging 제거] : 35.6 점 🚨
[정규 표현식 문자열은 r""..."" 권장] : 35.2 점 🚨,
[동일한 인수 집합을 갖는 함수가 많은 경우 클래스화 고려] : 29.7 점 🚨,
[불필요한 변수 생성 대신 defaultdict 권장] : 2.6 점 🚨, (답변 시작)", 테스트를 떠올리면 키별로 값을 모을 때 중복을 만들고 있어요. 다음 커밋에서 키별로 값을 모을 때는 defaultdict를 쓰면 분기와 보일러플레이트이 줄어들어요. 2. 테스트를 떠올리면 표준 라이브러리와 외부 패키지와 내부 모듈을 섞어 쓰고 있어요. 다음 커밋에서 표준 라이브러리와 외부 패키지와 내부 모듈을 차례로 쓰면 표준 도구의 힘을 빌릴 수 있어요.,1,184,104,80,6862383
58,1,14.78,"[조건문 중첩 대신 any, all 사용] : 95.2 점 👍,
[예외를 삼키는 경우가 없어야 함] : 94.4 점 👍
[함수의 인수를 변경 가능한 default value로 하지 않아야 함] : 93.7 점 👍,
[key=itemgetter(""key"") 사용 권장] : 64.5 점,
[str 단순 += 대신 join 사용] : 49.4 점 🚨, (답변 시작)", 테스트를 떠올리면 문자열을 반복해서 더하고 있어요. 필요한 곳부터 조각을 많이 합칠 때는 join으로 모으면 성능이 좋아져요. 😺  2️⃣ 테스트를 떠올리면 표준 라이브러리와 외부 패키지와 의존성이 섞여 있어요. 필요한 곳부터 표준 라이브러리와 외부 패키지와 의존성을 구분해 보세요.  3️⃣ 천천히 살펴보면 입력값이 섞이고 있어요. 테스트를 떠올리며 표준 라이브,1,178,98,80,6862383
59,1,14.81,"[파일 열기, 닫기 시 with open(...) 사용] : 92.8 점 👍,
[불필요한 변수 생성 대신 defaultdict 권장] : 85.3 점,
[함수의 인자가 하나로 묶을 수 있는 경우 처리 권장] : 50.6 점 🚨,
[100 line 이상 함수 분리, docstring 필요] : 18.0 점 🚨
[함수 인수 type hint 필요] : 17.4 점 🚨, (답변 시작)", 테스트를 떠올리면 함수 인수의 type hint가 비어 있어요. 필요한 곳부터 인수에 type hint를 달아 두면 호출하는 쪽이 덜 헷갈려요. 1. 작은 신호를 짚어 보니 개수가 바뀔 수 있는 인수를 고정해 두고 있어요. 테스트를 떠올리며 가변 인수는 *args나 **kwargs를 알맞게 쓰면 확장에 더 유연해져요. 5. 한 번 더 ,1,183,103,80,6862383
60,1,14.81,"[함수 docstring, 함수명 의미 일치] : 99.5 점 👍,
[import 순서 준수] : 96.7 점 👍,
[미 사용 변수/함수 제거] : 62.3 점,
[상태 값 조건이 있는 if-elif-elif-else 있는 경우 클래스화 고려] : 16.8 점 🚨
[동일한 인수 집합을 갖는 함수가 많은 경우 클래스화 고려] : 2.5 점 🚨, (답변 시작)", 수정할 곳을 찾다 보니 같은 설정을 계속 받는 함수가 여러 개예요. 테스트를 떠올리며 공통 동작을 한 곳으로 모으면 수정할 때 놓칠 구석이 줄어요. 2️⃣ 다음 커밋을 생각해 보면 같은 설정을 계속 받는 함수가 여러 개예요. 테스트를 떠올리며 공통 동작을 한 곳으로 모으면 수정할 때 놓칠 구석이 줄어요. 1️⃣ 다음 커밋을 생각해 보면 같은 설정을 계속 받는,1,184,104,80,6862383
61,1,14.78,"[100 line 이상 함수 분리, docstring 필요] : 98.7 점 👍,
[비어 있는 문자열 여부 판단 간소화] : 91.4 점 👍
[리스트 컴프리헨션 사용이 가능한 경우 사용] : 79.1 점,
[언패킹 시 숫자 인덱스 사용하지 말 것 (변수에 바로 할당)] : 73.2 점,
[함수의 인수를 변경 가능한 default value로 하지 않아야 함] : 60.0 점, (답변 시작)", 수정할 곳을 찾다 보니 기본 인수에 리스트나 딕셔너리를 고정해 두고 있어요. 테스트를 떠올리며 리스트나 딕셔너리는 *args나 **kwargs를 알맞게 쓰면 확장에 더 유연해져요. 1️⃣ 테스트를 떠올리면 가변 인수를 고정해 두고 있어요! 과감하게 *args나 **kwargs를 알맞게 쓰면 확장에 더 유연해져요. 1️⃣ 테스트를 떠올,1,186,106,80,6862383
62,1,14.84,"[파일 열기, 닫기 시 with open(...) 사용] : 98.9 점 👍,
[유사한 이름의 함수끼리 가까이 위치하도록 수정 권장] : 97.0 점 👍,
[매우 간결한 변환은 map 사용] : 96.6 점 👍,
[경로를 path/to/file 이 아닌, pathlib 또는 os.path.join 사용] : 81.9 점
[동일한 인수 집합을 갖는 함수가 많은 경우 클래스화 고려] : 66.4 점, (답변 시작)", 천천히 살펴보면 같은 설정을 계속 받는 함수가 여러 개예요. 동작을 따라 공통 동작을 가진 객체로 묶으면 수정할 때 수정할 곳이 줄어요. 🧼  1. 테스트를 떠올리면 같은 설정을 계속 받는 함수가 여러 개예요. 흐름을 따라 공통 동작을 가진 객체로 묶으면 수정할 때 수정할 곳이 줄어요.  2. 천천히 살펴보면 같은 설정을 계속 받는 함수가 여러 개예요. ,1,190,110,80,6862383
63,1,14.78,"[a = my_list[0], b = my_list[1] ... 대신 unpacking 사용 필요] : 99.4 점 👍,
[함수 인수 type hint 필요] : 93.4 점 👍,
[클래스 내부에서만 쓰이는 속성, 메서드 (접두사 있음) 호출 비 권장] : 90.8 점 👍,
[함수의 인수를 변경 가능한 default value로 하지 않아야 함] : 34.5 점 🚨
[불필요한 변수 생성 대신 defaultdict 권장] : 5.5 점 🚨, (답변 시작)", 테스트를 떠올리면 키별로 값을 모을 때 키를 반복해서 추가하고 있어요. 살펴본 김에 키별로 값을 모을 때는 defaultdict를 쓰면 분기와 보일러플레이트이 줄어들어요.  1. 작은 신호를 짚어 보니 수정할 곳을 골라 내기 어려워요. 필요한 곳부터 작은 신호를 짚어 보면 수정할 곳을 골라 낼 수 있어요.  2. 테스트를 떠올리면 수정할 곳을 골라 내기 ,1,200,120,80,6862383
64,1,14.82,"[함수명, 반환값 간 일치] : 94.9 점 👍,
[enumerate 사용 가능한 경우 사용] : 87.9 점
[if a.get(""b"") ... 형태로 수정 필요] : 81.3 점,
[zip 사용 가능한 경우 사용] : 67.0 점,
[상태 값 조건이 있는 if-elif-elif-else 있는 경우 클래스화 고려] : 51.8 점 🚨, (답변 시작)", 코드의 결을 살펴보면 상태에 따라 갈라지는 조건문이 길게 이어져요. 살펴본 김에 상태별 동작을 클래스로 나누면 새 상태를 더할 때 기존 조건문을 덜 건드려도 돼요. 1️⃣ 한 발 물러서서 보면 조건문이 길게 이어져요. 살펴본 김에 상태별 동작을 클래스로 나누면 새 상태를 더할 때 기존 조건문을 덜 건드려도 돼요. 1️⃣ 동작 테스트,1,181,101,80,6862383
65,1,14.79,"[함수의 인수를 변경 가능한 default value로 하지 않아야 함] : 91.3 점 👍,
[유사한 이름의 함수끼리 가까이 위치하도록 수정 권장] : 91.2 점 👍,
[itertools.product 사용 가능한 경우 사용] : 82.5 점,
[enumerate 사용 가능한 경우 사용] : 81.7 점
[상태 값 조건이 있는 if-elif-elif-else 있는 경우 클래스화 고려] : 59.4 점 🚨, (답변 시작)", 테스트를 떠올리면 상태에 따라 갈라지는 조건문이 길게 이어져요. 필요한 곳부터 상태별 동작을 클래스로 나누면 새 상태를 더할 때 기존 조건문을 덜 건드려도 돼요. 1️⃣ 테스트를 떠올리면 상태에 따라 갈라지는 조건문이 길게 이어져요. 필요한 곳부터 상태별 동작을 클래스로 나누면 새 상태를 더할 때 기존 조건문을 덜 건드려도 돼요. 1️,1,189,109,80,6862383
66,1,14.8,"[itertools.product 사용 가능한 경우 사용] : 93.3 점 👍
[고정값 상수화 필요] : 92.4 점 👍,
[의미 있는 함수명, 변수명 사용] : 80.6 점,
[str 단순 += 대신 join 사용] : 63.3 점,
[a = my_list[0], b = my_list[1] ... 대신 unpacking 사용 필요] : 41.1 점 🚨, (답변 시작)", 테스트를 떠올리면 목록의 원소를 하나씩 꺼내고 있어요. 필요한 곳부터 정해진 순서의 값은 unpacking으로 풀어 주면 한 번에 읽혀요. 📌  4. 동작을 쭉 따라가 보니 같은 처리가 여러 곳에 흩어져 있어요. 테스트를 떠올리면 수정할 곳을 찾아 한곳으로 모으면 수정할 때 놓칠 구석이 줄어요.  5. 천천히 살펴보면 같은 함수가 여러 곳에서 반복되고 있어요,1,182,102,80,6862383
67,1,14.82,"[조건문 중첩 대신 any, all 사용] : 95.4 점 👍
[비어 있는 문자열 여부 판단 간소화] : 91.1 점 👍,
[유사한 변수명 통일] : 79.7 점,
[prefix, suffix 검사 시 startswith(), endswith() 사용] : 74.5 점,
[assertion을 제어 메커니즘으로 사용하면 안됨] : 28.2 점 🚨, (답변 시작)", 테스트를 떠올리면 assert가 실행 흐름을 대신하고 있어요. 기록을 남기듯 검증이 필요한 분기는 명시적인 제어론으로 바꾸어야 배포 환경에서도 안전해요. 1️⃣ 작은 신호를 짚어 보니 수정 가능성을 알려 줄 작은 신호를 놓치지 않고 있어요. 테스트를 떠올리면 동작을 설명하는 신호는 적을수록 배포 환경에서도 안전해요. 1️⃣ 파일을 다시 훑어보니 수정할 곳을 알려 줄 작은 신,1,178,98,80,6862383
68,1,14.77,"[a = my_list[0], b = my_list[1] ... 대신 unpacking 사용 필요] : 97.4 점 👍,
[if-elif-elif-else 구문은 되도록 dict로 수정] : 95.3 점 👍,
[리스트 컴프리헨션 사용이 가능한 경우 사용] : 81.2 점
[지나치게 많은 들여쓰기 수정] : 75.1 점,
[동일한 인수 집합을 갖는 함수가 많은 경우 클래스화 고려] : 7.5 점 🚨, (답변 시작)", 동작을 쭉 따라가 보니 같은 설정을 계속 받는 함수가 여러 개예요. 개발자 마음으로 공통 동작을 클래스로 묶으면 인자 전달도 가벼워지고 역할도 선명해져요. 1. 천천히 살펴보면 다음 커밋에서 수정할 곳을 골라 볼 수 있어요. 2. 테스트하는 마음으로 보면 수정할 곳을 골라 볼 수 있어요. 3. 다음 커밋에서 수정할 곳을 골라 볼 수 있어요. 4. 테스트를,1,197,117,80,6862383
69,1,14.79,"[빈도수, 반복문, 경로명 리스트 추출 시 collections, itertools, glob 사용] : 96.2 점 👍,
[제너레이터 표현식 사용이 가능한 경우 사용] : 95.9 점 👍,
[prefix, suffix 검사 시 startswith(), endswith() 사용] : 91.3 점 👍,
[주석 처리된 코드 제거] : 84.1 점,
[상태 값 조건이 있는 if-elif-elif-else 있는 경우 클래스화 고려] : 82.5 점 (답변 시작)", 천천히 살펴보면 상태에 따라 갈라지는 조건문이 길게 이어져요. 다음 커밋에서 상태별 동작을 클래스로 나누면 새 상태를 더할 때 기존 조건문을 덜 건드려도 돼요. 2️⃣ 전체 흐름을 놓고 보면 조건문이 길게 이어져요. 다음 커밋에서 상태별 동작을 클래스로 나누면 새 상태를 더할 때 기존 조건문을 덜 건드려도 돼요. 3️⃣ 천천히 살펴보면 조건,1,196,116,80,6862383
70,1,14.83,"[함수의 인자가 유동적인 경우 처리 권장] : 91.2 점 👍,
[zip 사용 가능한 경우 사용] : 50.0 점 🚨,
[100 line 이상 함수 분리, docstring 필요] : 47.1 점 🚨,
[상태 값 조건이 있는 if-elif-elif-else 있는 경우 클래스화 고려] : 13.1 점 🚨
[동일 인자 type 통일] : 12.5 점 🚨, (답변 시작)", 수정할 곳을 찾다 보니 같은 의미의 인수에서 type 표기가 통일되지 않았어요! 살펴본 김에 인수의 type을 한 방식으로 맞추면 호출하는 쪽도 덜 헷갈려요. 1️⃣ 테스트를 떠올리면 같은 의미의 인수에서 type 표기가 통일되지 않았어요! 살펴본 김에 인수의 type을 한 방식으로 맞추면 호출하는 쪽도 덜 헷갈려요. 1️⃣ 테스트를 떠올리면 같은 의미의 ,1,185,105,80,6862383
71,1,14.83,"[비어 있는 문자열 여부 판단 간소화] : 98.2 점 👍,
[key=itemgetter(""key"") 사용 권장] : 94.4 점 👍,
[if-elif-elif-else 구문은 되도록 dict로 수정] : 21.6 점 🚨
[파일 단순 읽기/쓰기는 Path 사용] : 11.5 점 🚨,
[동일 인자 type 통일] : 8.0 점 🚨, (답변 시작)", 수정할 곳을 찾다 보니 같은 의미의 인수에서 type 표기가 통일되지 않았어요. 테스트를 떠올리며 인수의 type을 한 방식으로 맞추면 호출하는 쪽이 덜 헷갈려요. 🎈  1️⃣ 수정할 곳을 찾다 보니 같은 의미의 인수에서 type 표기가 통일되지 않았어요. 테스트를 떠올리며 인수의 type을 한 방식으로 맞추면 호출하는 쪽이 덜 ,1,181,101,80,6862383
72,1,14.78,"[조건문 중첩 대신 any, all 사용] : 97.2 점 👍,
[클래스 내부에서만 쓰이는 속성, 메서드 (접두사 있음) 호출 비 권장] : 83.8 점,
[함수 인수 type hint 필요] : 77.5 점
[import 순서 준수] : 72.0 점,
[if-elif-elif-else 구문은 되도록 dict로 수정] : 24.8 점 🚨, (답변 시작)", 천천히 살펴보면 조건 분기가 길게 늘어진 곳이 있어요. 필요한 곳부터 값에 따른 선택이라면 dict 매핑으로 바꾸어 분기표를 단순하게 만들어 볼 만해요. 1️⃣ 10.2 점 테스트를 떠올리면 조건 분기가 길게 늘어진 곳이 있어요. 필요한 곳부터 값에 따른 선택이라면 dict 매핑으로 바꾸어 분기표를 단순하게 만들어 볼 만해요. 1️⃣ 10.2 점 천천,1,182,102,80,6862383
73,1,14.79,"[불필요한 변수 생성 대신 defaultdict 권장] : 99.5 점 👍,
[리스트 컴프리헨션 사용이 가능한 경우 사용] : 97.8 점 👍
[미 사용 변수/함수 제거] : 96.0 점 👍,
[assertion을 제어 메커니즘으로 사용하면 안됨] : 92.6 점 👍,
[제너레이터 표현식 사용이 가능한 경우 사용] : 74.2 점, (답변 시작)", 한 발 물러서서 읽어 보면 한 번만 쓸 중간 목록이 만들어지고 있어요. 테스트하는 마음으로 한 번만 순회한다면 제너레이터 표현식을 쓰면 메모리를 절약할 수 있어요. 🚀  1. 테스트를 떠올리면 한 번만 쓸 중간 목록이 만들어지고 있어요. 필요한 곳부터 한 번만 순회한다면 제너레이터 표현식을 쓰면 메모리를 절약할 수 있어요.  2. 한 ,1,177,97,80,6862383
74,1,14.74,"[문자열 단순 연결보다는 f-string 사용] : 93.5 점 👍,
[매우 간결한 변환은 map 사용] : 91.8 점 👍,
[함수의 인수를 변경 가능한 default value로 하지 않아야 함] : 47.6 점 🚨,
[README.md, pyproject.toml 필요] : 36.9 점 🚨
[파일 단순 읽기/쓰기는 Path 사용] : 13.9 점 🚨, (답변 시작)", 작은 신호를 짚어 보니 같은 데이터를 여러 곳에 저장하고 있어요. 가능한 범위에서 Path의 읽기와 쓰기 메서드를 쓰면 파일이 한곳으로 모아요! 🧼  1️⃣ 테스트를 떠올리면 같은 정보를 여러 곳에 저장하고 있어요. 가능한 범위에서 Path의 읽기와 쓰기 메서드를 쓰면 파일이 한곳으로 모아요! 🧼  2️⃣ 작은 신호를 짚어 보니 같은 동작을 여러 곳에서 반복하고 ,1,183,103,80,6862383
75,1,14.19,"[문자열 단순 연결보다는 f-string 사용] : 96.4 점 👍,
[zip 사용 가능한 경우 사용] : 93.4 점 👍,
[유사한 변수명 통일] : 90.9 점 👍
[기존 배열의 원소 추가 대신 extend 함수 사용] : 90.6 점 👍,
[경로를 path/to/file 이 아닌, pathlib 또는 os.path.join 사용] : 43.0 점 🚨, (답변 시작)", 테스트를 떠올리면 파일 경로를 문자열로 이어 붙이고 있어요. 한 발 먼저 pathlib이나 os.path.join으로 경로를 조립하면 운영체제가 달라도 안전해요! 1️⃣ 테스트하는 마음으로 보면 파일 경로를 문자열로 이어 붙이고 있어요. 가능하다면 pathlib이나 os.path.join으로 경로를 조립하면 운영체제가 달라도 안전해요! 3️⃣ 천천히 살펴보면 파일 경로를 문자열로 이어 붙이고 있어요. 필요한 곳부터 pathlib이,1,179,99,80,6862383
76,1,14.19,"[예외를 삼키는 경우가 없어야 함] : 97.9 점 👍,
[정규 표현식 문자열은 r""..."" 권장] : 96.9 점 👍,
[zip 사용 가능한 경우 사용] : 91.3 점 👍
[str 단순 += 대신 join 사용] : 81.9 점,
[중복되는 사항 common 으로 빼기] : 60.8 점, (답변 시작)", 수정할 곳을 찾다 보니 같은 처리가 여러 곳에서 반복되고 있어요! 테스트를 떠올리며 공통 동작을 한곳으로 모으면 수정할 때 놓칠 구석이 줄어요. 2️⃣ 테스트를 떠올리면 수정할 곳을 찾기 위해 한 발 물러서서 바라보면 수정할 구석이 줄어요. 3️⃣ 테스트를 떠올리면 수정할 곳을 찾기 위해 한 발 물러 서서 바라보면 수정할 구석이 줄어요. 4️⃣ 테스트를 떠올,1,171,91,80,6862383
77,1,14.21,"[지나치게 많은 들여쓰기 수정] : 99.0 점 👍
[매우 간결한 변환은 map 사용] : 81.8 점,
[불필요한 print, logging 제거] : 70.8 점,
[비어 있는 문자열 여부 판단 간소화] : 51.0 점 🚨,
[동일 인자 type 통일] : 21.9 점 🚨, (답변 시작)", 수정할 곳을 찾다 보니 같은 의미의 인수에서 type 표기가 통일되지 않았어요. 한 발 물러서서 인수의 type을 한 방식으로 맞추면 호출하는 쪽도 덜 헷갈려요. 1️⃣ 변경 가능성을 살펴보니 같은 의미의 인수에서 type 표기가 통일되지 않았어요. 테스트를 떠올리며 인수의 type을 한 방식으로 맞추면 호출하는 쪽도 덜 헷갈려요. 1️⃣ 천천히 살펴보면 ,1,169,89,80,6862383
78,1,14.18,"[지나치게 많은 들여쓰기 수정] : 97.4 점 👍
[Python 예약어를 변수명으로 사용하지 않아야 함] : 90.7 점 👍,
[비어 있는 문자열 여부 판단 간소화] : 48.3 점 🚨,
[if-elif-elif-else 구문은 되도록 dict로 수정] : 24.4 점 🚨,
[기존 배열의 원소 추가 대신 extend 함수 사용] : 24.4 점 🚨, (답변 시작)", 작은 신호를 짚어 보니 목록 원소를 하나씩 추가하고 있어요. 테스트를 떠올리며 여러 값을 더할 때는 extend를 쓰면 의도가 정확히 전달돼요. 1️⃣ 천천히 살펴보면 표준 라이브러리와 겹치는 동작이 있어요. 과감하게 표준 라이브러리와 다르게 쓰면 수정할 때 표준 도구의 힘을 빌릴 수 있어요. 2️⃣ 코드 산책을 하다 보니 표준 라이브러리와 겹치는 동작이 있어요. 과감하게 표준 라이브러리와 다르게,1,184,104,80,6862383
79,1,14.24,"[assertion을 제어 메커니즘으로 사용하면 안됨] : 99.3 점 👍,
[함수명, 반환값 간 일치] : 90.6 점 👍,
[제너레이터 표현식 사용이 가능한 경우 사용] : 81.1 점,
[비어 있는 문자열 여부 판단 간소화] : 75.8 점,
[zip 사용 가능한 경우 사용] : 32.3 점 🚨 (답변 시작)", 천천히 살펴보면 두 목록을 인덱스로 읽고 있어요. 한 발 먼저 공통 동작을 찾으면 성능이 좋아져요. 🧼  1️⃣ 작은 신호를 짚어 보니 수정할 곳을 찾기 어려워요. 테스트를 떠올리면 변경 가능성을 알려 줄 작은 신호를 짚어 볼 만해요!  1️⃣ 작은 신호를 짚어 보니 수정할 곳을 찾기 어려워요. 테스트를 떠올리면 변경 가능성을 알려 줄 작은 신,1,173,93,80,6862383
80,1,14.2,"[숫자 값은 위쪽에 상수로] : 97.0 점 👍,
[if-elif-elif-else 구문은 되도록 dict로 수정] : 93.0 점 👍,
[고정값 상수화 필요] : 74.9 점
[문자열 단순 연결보다는 f-string 사용] : 32.0 점 🚨,
[빈도수, 반복문, 경로명 리스트 추출 시 collections, itertools, glob 사용] : 6.0 점 🚨, (답변 시작)", 테스트를 떠올리면 표준 라이브러리로 줄일 수 있는 반복이 보여요. 필요한 곳부터 빈도에는 collections를 반복 조합에는 itertools를 경로 모으기에는 glob을 쓰면 표준 도구의 힘을 빌릴 수 있어요!  1️⃣ 테스트를 떠올리면 표준 도구의 힘을 빌릴 수 있어요!  1️⃣ 천천히 표준 라이브러리로 줄일 수 있는 반복이 보여요.  1️,1,188,108,80,6862383
81,1,14.21,"[숫자 값은 위쪽에 상수로] : 98.5 점 👍,
[고정값 상수화 필요] : 82.2 점,
[예외의 종류 (OOOError 등) 구체적 명시 권장] : 68.6 점,
[기존 배열의 원소 추가 대신 extend 함수 사용] : 63.4 점,
[100 line 이상 함수 분리, docstring 필요] : 12.6 점 🚨 (답변 시작)", 수정할 곳을 찾다 보니 하나의 함수가 너무 많은 일을 하고 있어요. 테스트를 떠올리며 책임별로 나누고 docstring을 붙이면 수정할 때 놓칠 구석이 줄어요. 1️⃣ 테스트를 떠올리면 수정할 곳을 찾기 어려워요. 필요한 곳부터 책임별로 나누고 docstring을 붙이면 수정할 때 놓칠 구석이 줄어요! 2️⃣ 테스트를 떠올리면 수정할 곳을 찾기 어려워요. 필요한 곳부터 책임별로 나누고 ,1,174,94,80,6862383
82,1,14.2,"[동일한 인수 집합을 갖는 함수가 많은 경우 클래스화 고려] : 95.3 점 👍,
[동일 인자 type 통일] : 90.6 점 👍,
[함수의 인자가 유동적인 경우 처리 권장] : 64.1 점
[if-elif-elif-else 구문은 되도록 dict로 수정] : 35.4 점 🚨,
[개수 세기에 count 함수 사용] : 18.4 점 🚨, (답변 시작)", 테스트하는 마음으로 보면 값의 개수를 세려고 직접 순회하고 있어요. 살펴본 김에 단순한 횟수 확인은 count에 맡기면 코드가 짧고 분명해져요. 4. 테스트를 떠올리면 조건 분기가 길게 늘어진 곳이 있어요. 작은 정성으로 값에 따른 선택이라면 dict 매핑으로 바꾸면 조건 분기가 짧고 분명해져요. 6. 작은 신호를 짚어 보니 조건 분기가 길게 늘어,1,185,105,80,6862383
83,1,14.22,"[조건문 중첩 대신 any, all 사용] : 97.2 점 👍,
[불필요한 print, logging 제거] : 95.5 점 👍
[100 line 이상 함수 분리, docstring 필요] : 90.6 점 👍,
[파일 열기, 닫기 시 with open(...) 사용] : 90.3 점 👍,
[매우 간결한 변환은 map 사용] : 33.5 점 🚨, (답변 시작)", 천천히 살펴보면 아주 단순한 변환을 긴 반복문으로 풀고 있어요. 테스트를 떠올리며 변환이 쉬우면 map으로 핵심 연산을 또렷하게 표현할 수 있어요!  1️⃣ 수정할 곳을 찾다 보니 아주 단순한 변환을 긴 반복문으로 풀고 있어요. 테스트를 떠올리면 변환이 쉬우면 map으로 핵심 연산을 또렷하게 표현할 수 있어요.  1️⃣ 작은 개선을 찾다 보니 아,1,179,99,80,6862383
84,1,14.22,"[유사한 이름의 함수끼리 가까이 위치하도록 수정 권장] : 99.3 점 👍,
[enumerate 사용 가능한 경우 사용] : 74.2 점,
[한 줄의 길이는 일정 글자 이내로] : 43.2 점 🚨
[함수의 인수를 변경 가능한 default value로 하지 않아야 함] : 39.9 점 🚨,
[중복되는 사항 common 으로 빼기] : 35.0 점 🚨, (답변 시작)", 천천히 살펴보면 같은 처리가 여러 곳에 반복되고 있어요! 필요한 곳부터 공통 동작을 한곳으로 모으면 수정할 때 놓칠 구석이 줄어요. 1️⃣ 천천히 테스트하는 마음으로 살펴보면 수정할 곳을 찾기 어려워요. 살펴본 김에 공통 동작을 한곳으로 모으면 수정할 때 놓칠 구석이 줄어요! 2️⃣ 천천히 살펴보면 같은 처리가 여러 곳에 반복되고 있어요. 필요한 곳부터 공통 동작을 한곳으,1,184,104,80,6862383
85,1,14.17,"[동일한 인수 집합을 갖는 함수가 많은 경우 클래스화 고려] : 98.5 점 👍
[함수의 인수를 변경 가능한 default value로 하지 않아야 함] : 96.2 점 👍,
[빈 파일 TODO 표시 필요] : 66.0 점,
[리스트 컴프리헨션 사용이 가능한 경우 사용] : 44.2 점 🚨,
[기존 배열의 원소 추가 대신 extend 함수 사용] : 37.0 점 🚨, (답변 시작)", 구조를 따라가면 목록 원소를 하나씩 추가하고 있어요. 테스트를 떠올리며 여러 값을 더할 때는 extend를 쓰면 의도가 정확히 전달돼요. 😺  9. 테스트를 떠올리면 수정할 곳을 찾기 위해 천천히 살펴보고 있어요. 수정할 곳을 찾다 보니 살짝 틀린 곳이 있어요. 가능한 범위에서 올바르게 고쳐 주면 다음 커밋에서 사라질 결함을 막을 수 있어요.  1️⃣ 작은 수정을 생각할 때는 천천히 살펴보면 ,1,186,106,80,6862383
86,1,14.19,"[f = lambda x: ... 보다는 def f(x): return ... 를 사용] : 96.2 점 👍
[함수의 인자가 하나로 묶을 수 있는 경우 처리 권장] : 96.1 점 👍,
[key=itemgetter(""key"") 사용 권장] : 90.2 점 👍,
[고정값 상수화 필요] : 31.5 점 🚨,
[함수의 인수를 변경 가능한 default value로 하지 않아야 함] : 9.5 점 🚨, (답변 시작)", 수정할 곳을 찾다 보니 기본 인수에 리스트나 딕셔너리를 넣고 있어요. 테스트를 떠올리며 리스트나 딕셔너리는 None으로 두고 함수가 맡은 일을 집중해서 하면 수정할 때 놓칠 구석이 줄어요. 🧼  1️⃣ 인자 전달 방식을 한 번 더 확인해 보니 리스트나 딕셔너리를 고정해 두고 있어요. 테스트를 떠올리며 리스트나 딕셔너리는 None으로 두고 함수가 맡은 일을 집중해서 하면,1,191,111,80,6862383
87,1,14.21,"[함수의 인자가 하나로 묶을 수 있는 경우 처리 권장] : 97.7 점 👍
[상태 값 조건이 있는 if-elif-elif-else 있는 경우 클래스화 고려] : 91.8 점 👍,
[함수 docstring, 함수명 의미 일치] : 90.5 점 👍,
[불필요한 변수 생성 대신 defaultdict 권장] : 69.2 점,
[인덱스 반환에 index 함수 사용] : 68.5 점, (답변 시작)", 천천히 살펴보면 위치를 찾기 위해 직접 반복하고 있어요. 테스트하는 마음으로 첫 위치가 필요할 때는 Index를 쓰면 목적이 바로 보입니다. 2. 작은 신호를 크게 읽다 보니 변경 가능성을 알려 줄 작은 신호를 놓치고 있어요. 💡 한 발 물러서서 보면 수정할 곳을 알려 줄 작은 신호를 놓치지 않고 있어요. 3. 천천히 살펴보면 수정할 곳을 알려 줄 작은 신호를 놓치고 있어요. 😉 한 발 물러서서 ,1,186,106,80,6862383
88,1,14.25,"[함수 docstring, 함수명 의미 일치] : 96.7 점 👍,
[동일한 인수 집합을 갖는 함수가 많은 경우 클래스화 고려] : 94.7 점 👍,
[미 사용 변수/함수 제거] : 62.1 점,
[100 line 이상 함수 분리, docstring 필요] : 22.9 점 🚨,
[지나치게 많은 들여쓰기 수정] : 18.8 점 🚨 (답변 시작)", 파일을 다시 훑어보니 조건의 미로가 깊어 흐름을 따라가기 어려워요. 필요한 곳부터 조건 미로를 얕게 줄이면 조건의 미로가 가벼워지고 조건의 미로가 얕아져요! 1. 작은 신호를 짚어 보니 조건의 미로가 깊어 흐름을 따라가기 어려워요. 필요한 곳부터 조건 미로를 얕게 줄이면 조건의 미로가 가벼워지고 ,1,178,98,80,6862383
89,1,14.18,"[예외를 삼키는 경우가 없어야 함] : 98.9 점 👍,
[100 line 이상 함수 분리, docstring 필요] : 97.6 점 👍,
[a = my_list[0], b = my_list[1] ... 대신 unpacking 사용 필요] : 94.4 점 👍,
[예외의 종류 (OOOError 등) 구체적 명시 권장] : 93.7 점 👍
[파일 단순 읽기/쓰기는 Path 사용] : 84.4 점, (답변 시작)", 변경 가능성을 살펴보니 같은 파일의 내용을 여러 곳에서 읽고 있어요. 다음 커밋에서 Path의 읽기와 쓰기 메서드를 쓰면 파일이 여러 곳에 흩어져 있어도 한 번에 읽혀요. 1️⃣ 동작을 쭉 따라가 보니 같은 동작을 여러 곳에서 반복하고 있어요. 작은 정성으로 재사용하거나 수정할 지점을 골라 보면 수정할 범위가 줄어들어요. 1️⃣ 한 발 물러서서 보면 수정할 곳을 찾기 어려워요. 🔍 ,1,191,111,80,6862383
90,1,14.17,"[경로를 path/to/file 이 아닌, pathlib 또는 os.path.join 사용] : 94.0 점 👍,
[함수 docstring, 함수명 의미 일치] : 83.6 점,
[if a.get(""b"") ... 형태로 수정 필요] : 72.7 점
[prefix, suffix 검사 시 startswith(), endswith() 사용] : 62.9 점,
[str 단순 += 대신 join 사용] : 60.6 점, (답변 시작)", 테스트를 떠올리면 문자열을 반복해서 더하고 있어요. 테스트하는 마음으로 조각을 많이 합칠 때는 join으로 모으면 성능과 의도가 함께 좋아져요! 1️⃣ 변경 가능성을 살펴보니 값을 더해 문자열을 만들고 있어요. 테스트를 떠올리면 조각을 많이 합칠 때는 join으로 모으면 성능과 의도가 함께 좋아져요. 1️⃣ 테스트하는 마음으로 보면 키를 더해 문자열을 만들고 있어요. 테스트를 떠올리면 조각을 많이 합칠 ,1,183,103,80,6862383
91,1,14.56,"[미 사용 변수/함수 제거] : 94.8 점 👍,
[유사한 이름의 함수끼리 가까이 위치하도록 수정 권장] : 86.6 점,
[a = my_list[0], b = my_list[1] ... 대신 unpacking 사용 필요] : 23.8 점 🚨
[고정값 상수화 필요] : 22.7 점 🚨,
[str 단순 += 대신 join 사용] : 2.4 점 🚨, (답변 시작)", 작은 신호를 짚어 보니 문자열을 반복해서 더하고 있어요. 테스트를 떠올리며 조각을 많이 합칠 때는 join을 쓰면 의도가 정확히 전달돼요. 1. 천천히 살펴보면 같은 값을 여러 곳에 적고 있어요. 테스트를 떠올리며 의미 있는 상수 이름으로 꺼내 두면 수정할 때 한 번에 손볼 수 있어요. 🧠  1. 테스트를 떠올리면 수정할 곳을 찾다 보니 같은 동작을 여러 곳에서 ,1,186,106,80,6862383
92,1,14.82,"[함수의 인자가 유동적인 경우 처리 권장] : 92.8 점 👍,
[enumerate 사용 가능한 경우 사용] : 90.8 점 👍,
[정규 표현식 문자열은 r""..."" 권장] : 90.6 점 👍,
[if a.get(""b"") ... 형태로 수정 필요] : 15.9 점 🚨
[의미 있는 함수명, 변수명 사용] : 8.7 점 🚨, (답변 시작)", 수정할 곳을 찾다 보니 역할을 알려 줄 함수나 변수 이름이 없어요. 테스트를 떠올리며 무엇을 하는지 드러나는 이름으로 바꾸면 설명서 없이도 코드가 읽혀요. 1️⃣ 테스트하는 마음으로 작은 개선을 찾다 보니 수정할 곳을 알려 줄 테스트가 없어요. 테스트를 떠올리며 변경 가능성을 확인하는 테스트를 만들면 배포 전 확인이 수월해져요. 2️⃣ 천천히 살펴보면 수정할 곳을 알려 줄 테스트가 없어요. ,1,183,103,80,6862383
93,1,14.81,"[함수 docstring, 함수명 의미 일치] : 98.1 점 👍,
[유사한 이름의 함수끼리 가까이 위치하도록 수정 권장] : 90.8 점 👍,
[비어 있는 문자열 여부 판단 간소화] : 83.5 점,
[유사한 변수명 통일] : 64.7 점
[itertools.product 사용 가능한 경우 사용] : 18.9 점 🚨, (답변 시작)", 수정할 곳을 찾다 보니 조합을 만들려고 중첩 반복문을 쓰고 있어요. 테스트를 떠올리며 모든 조합이 필요할 때는 itertools.product를 쓰면 목적이 바로 보입니다!  1️⃣ 천천히 중첩 반복문을 쓰지 않으면 표준 도구의 힘을 빌릴 수 있어요.  2️⃣ 작은 신호를 짚어 보니 같은 이름의 변수가 여러 곳에 흩어져 있어요. 살펴본 김에 같은 역할의 변수를 한곳으로 모으면 수정할,1,174,94,80,6862383
94,1,14.81,"[미 사용 변수/함수 제거] : 95.3 점 👍,
[함수 docstring, 함수명 의미 일치] : 74.4 점,
[유사한 이름의 함수끼리 가까이 위치하도록 수정 권장] : 67.6 점,
[중복되는 사항 common 으로 빼기] : 50.3 점 🚨
[숫자 값은 위쪽에 상수로] : 13.4 점 🚨, (답변 시작)", 작은 신호를 짚어 보니 로직 사이에 매직 넘버이 숨어 있어요. 한 발 먼저 매직 넘버을 파일 위쪽으로 올리면 숫자가 왜 필요한지 바로 보여요. 1️⃣ 테스트를 떠올리면 매직 넘버이 왜 필요한지 바로 보여요. 한 발 먼저 매직 넘버을 파일 위쪽으로 올리면 숫자가 왜 필요한지 바로 보여요. 1️⃣ 테스트를 떠올리면 매직 넘버이 왜 필요,1,176,96,80,6862383
95,1,14.8,"[함수의 인자가 유동적인 경우 처리 권장] : 67.5 점,
[인덱스 반환에 index 함수 사용] : 39.2 점 🚨,
[지나치게 많은 들여쓰기 수정] : 38.7 점 🚨,
[zip 사용 가능한 경우 사용] : 32.3 점 🚨,
[숫자 값은 위쪽에 상수로] : 25.5 점 🚨 (답변 시작)", 테스트를 떠올리면 로직 사이에 매직 넘버이 숨어 있어요. 가능한 범위에서 매직 넘버을 파일 위쪽의 상수로 올리면 핵심 로직만 또렷하게 남아요. 1️⃣ 작은 신호를 짚어 보니 수정할 곳을 골라 내기 어려워요. 테스트를 떠올리며 작은 신호를 따라 수정하면 수정할 곳을 바로 알 수 있어요. 2️⃣ 테스트를 떠올리면 수정할 곳을 골라 내기 어려워요. 테스트를 떠올리며 ,1,174,94,80,6862383
96,1,14.84,"[지나치게 많은 들여쓰기 수정] : 94.1 점 👍,
[언패킹 시 숫자 인덱스 사용하지 말 것 (변수에 바로 할당)] : 92.2 점 👍,
[빈도수, 반복문, 경로명 리스트 추출 시 collections, itertools, glob 사용] : 74.6 점,
[유사한 변수명 통일] : 59.0 점 🚨,
[비어 있는 문자열 여부 판단 간소화] : 42.5 점 🚨 (답변 시작)", 수정할 곳을 찾다 보니 빈 문자열인지 확인하는 반복이 길어요. 테스트를 떠올리면 파이썬다운 조건 검사로 바꾸면 파이썬다운 조건이에요. 1. 다음 커밋에서 파이썬다운 조건 검사로 바꾸면 조건식이 짧고 분명해져요. 2. 테스트를 떠올리면 빈 문자열인지 확인하는 반복이 길어요. 테스트를 떠올리면 파이썬다운 조건 검사로 바꾸면 조건식이 짧고,1,188,108,80,6862383
97,1,14.79,"[key=itemgetter(""key"") 사용 권장] : 90.0 점 👍,
[주석 처리된 코드 제거] : 68.5 점,
[if-elif-elif-else 구문은 되도록 dict로 수정] : 68.4 점
[조건문 중첩 대신 any, all 사용] : 2.9 점 🚨,
[상태 값 조건이 있는 if-elif-elif-else 있는 경우 클래스화 고려] : 1.8 점 🚨, (답변 시작)", 수정할 곳을 찾다 보니 상태에 따라 갈라지는 조건문이 길게 이어져요. 테스트를 떠올리며 상태별 동작을 클래스로 나누면 새 상태를 더할 때 기존 조건문을 덜 건드려도 돼요. 1.9️⃣  테스트를 떠올리면 조건문이 길게 이어져요! 가능한 범위에서 상태를 클래스로 나누면 새 상태를 더할 때 기존 조건문을 덜 건드려도 돼요. 1.9️,1,189,109,80,6862383
98,1,14.79,"[Python 예약어를 변수명으로 사용하지 않아야 함] : 92.3 점 👍,
[예외의 종류 (OOOError 등) 구체적 명시 권장] : 91.5 점 👍,
[매우 간결한 변환은 map 사용] : 87.2 점,
[언패킹 시 숫자 인덱스 사용하지 말 것 (변수에 바로 할당)] : 59.4 점 🚨
[함수명, 반환값 간 일치] : 55.7 점 🚨, (답변 시작)", 동작을 쭉 따라가 보니 함수 이름과 반환값의 약속이 어긋나는 곳이 있어요. 테스트를 떠올리며 반환하는 값을 이름에 맞추면 호출부가 훨씬 간결해져요! 😉  1. 다음 커밋을 생각해 보면 다음 커밋을 생각하면 다음 커밋을 생각해 보면 수정할 곳을 찾고 있어요. 작은 정성으로 변경 가능성을 낮추면 테스트하는 마음이 편해져요.  2. 천천히 살펴보면 수정할 곳을 찾고,1,187,107,80,6862383
99,1,14.81,"[if a.get(""b"") ... 형태로 수정 필요] : 98.2 점 👍
[유사한 변수명 통일] : 96.2 점 👍,
[언패킹 시 숫자 인덱스 사용하지 말 것 (변수에 바로 할당)] : 95.5 점 👍,
[상태 값 조건이 있는 if-elif-elif-else 있는 경우 클래스화 고려] : 68.8 점,
[함수 docstring, 함수명 의미 일치] : 22.8 점 🚨, (답변 시작)", 한 발 물러서서 보면 docstring과 함수 동작이 서로 다르게 읽혀요. 테스트를 떠올리며 docstring과 함수가 약속한 역할을 맞추면 다음 사람이 안심하고 호출할 수 있어요. 1️⃣ 테스트하는 마음으로 보면 docstring과 함수가 약속한 역할을 어긋나는 곳이 있어요. 살짝 docstring과 함수가 약속한 역할을 맞추면 다음 사람이 안심하고 호출할 수 있어요. 3️⃣ 한 발 물러서서 보면 docstring과 함수가 약속한 역할,1,191,111,80,6862383
100,2,14.31,"[주석 처리된 코드 제거] : 98.8 점 👍,
[import 순서 준수] : 76.1 점,
[enumerate 사용 가능한 경우 사용] : 75.6 점,
[불필요한 print, logging 제거] : 61.0 점,
[매우 간결한 변환은 map 사용] : 27.3 점 🚨 (답변 시작)", 천천히 살펴보면 아주 단순한 변환을 긴 반복문으로 풀고 있어요. 작은 단계로 변환 규칙이 단순하면 map으로 핵심 연산을 또렷하게 표현할 수 있어요.  1. 천천히 살펴보면 아주 단순한 변환을 긴 반복문으로 풀고 있어요. 작은 단계로 변환 규칙이 단순하면 map으로 핵심 연산을 또렷하게 표현할 수 있어요.  1. 천천히 살펴보면 아주 단순한 변환을 긴 반복문으,1,164,84,80,6862383
101,2,14.21,"[상태 값 조건이 있는 if-elif-elif-else 있는 경우 클래스화 고려] : 93.4 점 👍
[파일 열기, 닫기 시 with open(...) 사용] : 92.7 점 👍,
[유사한 변수명 통일] : 90.7 점 👍,
[매우 간결한 변환은 map 사용] : 34.8 점 🚨,
[README.md, pyproject.toml 필요] : 31.6 점 🚨, (답변 시작)", 천천히 살펴보면 시작 방법을 알려 줄 README.md와 pyproject.toml이 필요해 보여요. 작은 단계로 설치 방법과 실행 환경을 적어 두면 처음 온 사람도 바로 출발할 수 있어요.  🎯  1. 차분히 검토해 보니 파일을 다시 꺼내는 과정이 장황해요. 조금만 시간을 내서 설치 방법과 실행 환경을 적어 두면 처음 온 사람도 바로 출발할 수 있어요.  2.,1,186,106,80,6862383
102,2,14.76,"[의미 있는 함수명, 변수명 사용] : 98.9 점 👍,
[prefix, suffix 검사 시 startswith(), endswith() 사용] : 97.2 점 👍,
[if-elif-elif-else 구문은 되도록 dict로 수정] : 72.2 점,
[미 사용 변수/함수 제거] : 31.2 점 🚨,
[동일한 인수 집합을 갖는 함수가 많은 경우 클래스화 고려] : 23.2 점 🚨 (답변 시작)", 작은 신호를 짚어 보니 같은 설정을 계속 받는 함수가 여러 개예요. 한 번에 공통 상태를 가진 객체로 바꾸면 인자 전달이 가벼워지고 역할도 선명해져요. 🚀  1. 🌿  천천히 살펴보면 같은 설정을 계속 받는 함수가 여러 개예요. 작은 단계로 공통 상태를 가진 객체로 바꾸면 인자 전달이 가벼워지고 역할도 선명해져요. ,1,190,110,80,6862383
103,2,14.78,"[문자열 단순 연결보다는 f-string 사용] : 97.4 점 👍,
[함수의 인자가 유동적인 경우 처리 권장] : 83.8 점
[유사한 이름의 함수끼리 가까이 위치하도록 수정 권장] : 68.4 점,
[매우 간결한 변환은 map 사용] : 68.1 점,
[enumerate 사용 가능한 경우 사용] : 36.0 점 🚨, (답변 시작)", 천천히 살펴보면 반복문에서 번호를 직접 관리하고 있어요. 조금만 시간을 내서 순서와 값을 함께 쓸 때는 enumerate가 더 자연스럽고 안전해요. 🧼  1️⃣ 작은 신호를 짚어 보니 파일 경로를 다시 확인하고 있어요. 가능한 범위에서 표준 라이브러리로 경로를 읽혀 두면 설치 환경에서도 안전해요.  🧼  2️⃣ 작은 신호를 짚어 보니 파일 경로를 다시 확인하고 있,1,176,96,80,6862383
104,2,14.79,"[itertools.product 사용 가능한 경우 사용] : 92.3 점 👍,
[README.md, pyproject.toml 필요] : 90.9 점 👍,
[함수 인수 type hint 필요] : 90.4 점 👍
[중복되는 사항 common 으로 빼기] : 88.9 점,
[str 단순 += 대신 join 사용] : 87.7 점, (답변 시작)", 작은 신호를 짚어 보니 문자열을 반복해서 더하고 있어요. 필요한 곳부터 조각을 많이 합칠 때는 join으로 모으면 성능과 의도가 함께 좋아져요. 1️⃣ 1️⃣ 작은 신호를 짚어 보니 파일을 다시 읽어 보세요. 천천히 보면 파일을 다시 올려 보내야 할 곳이 있어요. 차분하게 공통된 키로 모으면 전송 속도가 빨라져요. 2️⃣ 1️⃣ 천천히 살펴보면 파일을 ,1,169,89,80,6862383
105,2,14.8,"[함수의 인자가 하나로 묶을 수 있는 경우 처리 권장] : 97.8 점 👍
[동일한 인수 집합을 갖는 함수가 많은 경우 클래스화 고려] : 93.5 점 👍,
[if a.get(""b"") ... 형태로 수정 필요] : 40.9 점 🚨,
[import 순서 준수] : 12.0 점 🚨,
[함수 docstring, 함수명 의미 일치] : 1.5 점 🚨, (답변 시작)", 바꿀 지점을 골라 보니 docstring과 함수가 약속한 역할을 맞추려고 하면 예상이 빗나갑니다. 💫 부드럽게 docstring이 약속한 역할을 적어 두면 다음 사람이 안심하고 호출할 수 있어요. 😉  1. 🧼 1. 작은 신호를 짚어 보니 docstring과 함수가 약속한 역할이 서로 다르게 읽혀요. 살짝 docstring이 약속한 역할을 적어 두면 다음 사람이 안심하고 호출할 수,1,186,106,80,6862383
106,2,14.79,"[개수 세기에 count 함수 사용] : 99.5 점 👍,
[지나치게 많은 들여쓰기 수정] : 96.8 점 👍
[enumerate 사용 가능한 경우 사용] : 90.8 점 👍,
[파일 단순 읽기/쓰기는 Path 사용] : 89.7 점,
[의미 있는 함수명, 변수명 사용] : 79.9 점, (답변 시작)", 파일을 다시 훑어보니 역할을 짐작하기 어려운 함수나 변수 이름이 보여요. 살짝 무엇을 하는지 드러나는 이름으로 바꾸면 설명서 없이도 코드가 읽혀요.  3️⃣ 1️⃣ 파일을 다시 훑어보니 역할을 짐작하기 어려운 함수나 변수 이름이 보여요. 살짝 무엇을 하는지 드러나는 이름으로 바꾸면 설명서 없이도 코드가 읽혀요.  3️⃣ 1️⃣ 한 번 더 확,1,172,92,80,6862383
107,2,14.77,"[enumerate 사용 가능한 경우 사용] : 92.8 점 👍,
[파일 단순 읽기/쓰기는 Path 사용] : 92.2 점 👍
[리스트 컴프리헨션 사용이 가능한 경우 사용] : 91.2 점 👍,
[매우 간결한 변환은 map 사용] : 79.5 점,
[if-elif-elif-else 구문은 되도록 dict로 수정] : 66.8 점, (답변 시작)", 한 번 더 확인해 보니 조건 분기가 길게 늘어진 것 같아요. 살짝 값에 따른 선택이라면 dict 매핑으로 바꾸어 분기표를 단순하게 만들어 보세요.  📌  14. 작은 신호를 짚어 보니 조건 분기가 길게 늘어진 곳이에요. 살짝 값에 따른 선택이라면 dict 매핑으로 바꾸어 분기표를 단순하게 만들어 보세요!  🧼  1. 한 번 더 확인해 ,1,180,100,80,6862383
108,2,14.76,"[조건문 중첩 대신 any, all 사용] : 51.0 점 🚨,
[함수의 인수를 변경 가능한 default value로 하지 않아야 함] : 46.7 점 🚨,
[불필요한 print, logging 제거] : 44.5 점 🚨
[빈도수, 반복문, 경로명 리스트 추출 시 collections, itertools, glob 사용] : 32.0 점 🚨,
[고정값 상수화 필요] : 17.4 점 🚨, (답변 시작)", 천천히 살펴보면 같은 고정값이 여러 곳에 흩어져 있어요. 작은 단계로 의미 있는 상수 이름으로 꺼내 두면 정책을 바꿀 때 한 번에 손볼 수 있어요. 🌿  5. 천천히 살펴보면 같은 고정값이 여러 곳에 흩어져 있어요. 작은 단계로 의미 있는 상수 이름으로 꺼내 두면 정책을 바꿀 때 한 번에 손볼 수 있어요. 🌿  1. 작은 신호를 짚어 보니 같은 고정값이 여러 곳,1,192,112,80,6862383
109,2,15.7,"[한 줄의 길이는 일정 글자 이내로] : 99.0 점 👍,
[prefix, suffix 검사 시 startswith(), endswith() 사용] : 69.0 점,
[클래스 내부에서만 쓰이는 속성, 메서드 (접두사 있음) 호출 비 권장] : 48.9 점 🚨,
[함수의 인자가 하나로 묶을 수 있는 경우 처리 권장] : 35.9 점 🚨
[함수의 인자가 유동적인 경우 처리 권장] : 16.8 점 🚨, (답변 시작)", 한 번 더 확인해 보니 개수가 바뀔 수 있는 인수를 고정해 두고 있어요. 조금만 시간을 내서 가변 인수는 *args나 **kwargs를 알맞게 쓰면 확장에 더 유연해져요. 1. 🧼 1. 천천히 살펴보면 개수가 바뀔 수 있는 인수를 고정해 두고 있어요. 조금만 시간을 내서 가변 인수는 *args나 **kwargs를 알맞게 쓰면 확,1,197,117,80,6862383
110,2,14.78,"[파일 열기, 닫기 시 with open(...) 사용] : 98.7 점 👍,
[prefix, suffix 검사 시 startswith(), endswith() 사용] : 96.4 점 👍,
[제너레이터 표현식 사용이 가능한 경우 사용] : 93.2 점 👍,
[인덱스 반환에 index 함수 사용] : 92.5 점 👍
[f = lambda x: ... 보다는 def f(x): return ... 를 사용] : 70.7 점, (답변 시작)", 차분히 검토해 보니 이름이 필요한 동작이 lambda에 숨어 있어요. 이왕이면 재사용하거나 설명이 필요한 로직은 def로 꺼내면 디버깅과 테스트가 편해져요. 😉  1️⃣ 천천히 살펴보면 이름이 필요한 동작이 lambda에 숨어 있어요. 프로젝트를 아끼는 마음으로 재사용하거나 설명이 필요한 로직은 def로 꺼내면 디버깅과 테스트이 편해져요.  🎯  1️⃣ ,1,190,110,80,6862383
111,2,14.77,"[함수 인수 type hint 필요] : 97.5 점 👍
[동일 인자 type 통일] : 87.6 점,
[f = lambda x: ... 보다는 def f(x): return ... 를 사용] : 81.1 점,
[의미 있는 함수명, 변수명 사용] : 64.7 점,
[한 줄의 길이는 일정 글자 이내로] : 44.4 점 🚨, (답변 시작)", 작은 신호를 짚어 보니 한 줄이 너무 길게 이어지는 곳이 있어요. 조금만 시간을 내서 줄을 적당히 나누면 작은 화면에서도 흐름을 놓치지 않아요!  1. 💡  🌿  1. 작은 신호를 짚어 보니 한 줄이 너무 길게 이어지는 곳이 있어요. 조금만 시간을 내서 줄을 적당히 나누면 작은 화면에서도 흐름을 놓치지 않아요.  1. 💡   2. 코드를 ,1,175,95,80,6862383
112,2,14.77,"[고정값 상수화 필요] : 99.5 점 👍,
[import 순서 준수] : 97.9 점 👍,
[리스트 컴프리헨션 사용이 가능한 경우 사용] : 96.2 점 👍
[매우 간결한 변환은 map 사용] : 91.8 점 👍,
[예외의 종류 (OOOError 등) 구체적 명시 권장] : 65.6 점, (답변 시작)", 팀원이 처음 본다고 생각하면 너무 넓은 예외를 잡고 있어요. 조금만 시간을 내서 예상한 OOOError처럼 구체적인 예외만 잡으면 버그가 숨어버리지 않아요.  1️⃣ 1️⃣ ✨ 작은 신호를 짚어 보니 너무 넓은 예외를 잡고 있어요. 조금만 시간을 내서 예상한 OOOError처럼 구체적인 예외만 잡으면 버그가 숨어버리지 않아요. ,1,173,93,80,6862383
113,2,14.81,"[제너레이터 표현식 사용이 가능한 경우 사용] : 91.9 점 👍,
[함수명, 반환값 간 일치] : 90.7 점 👍,
[enumerate 사용 가능한 경우 사용] : 51.7 점 🚨,
[if a.get(""b"") ... 형태로 수정 필요] : 44.4 점 🚨
[유사한 변수명 통일] : 24.4 점 🚨, (답변 시작)", 파일을 다시 훑어보니 비슷한 역할의 변수 이름이 제각각이에요. 조금만 시간을 내서 같은 개념에는 같은 이름 규칙을 쓰면 읽는 속도가 훨씬 빨라져요.  🙌  1️⃣ 작은 신호를 짚어 보니 같은 역할의 변수 이름이 제각각이에요. 이왕이면 같은 개념에는 같은 이름 규칙을 쓰면 읽는 속도가 훨씬 빨라져요!  1️⃣  3️⃣ 천천히 살펴보면 ,1,179,99,80,6862383
114,2,14.77,"[a = my_list[0], b = my_list[1] ... 대신 unpacking 사용 필요] : 77.1 점,
[함수의 인자가 하나로 묶을 수 있는 경우 처리 권장] : 75.8 점,
[if-elif-elif-else 구문은 되도록 dict로 수정] : 66.8 점,
[zip 사용 가능한 경우 사용] : 66.1 점,
[파일 열기, 닫기 시 with open(...) 사용] : 63.0 점 (답변 시작)", 작은 신호를 짚어 보니 파일을 열고 닫는 일을 직접 관리하고 있어요. 조금만 시간을 내서 with open(...)으로 감싸면 예외가 나도 파일이 안전하게 닫혀요! 🚀  2. 작은 신호를 짚어 보니 파일을 열고 닫는 일을 직접 관리하고 있어요. 조금만 시간을 내서 with open(...)으로 감싸면 예외가 나도 파일이 안전하게 닫혀요.  1. 작은 신호를 짚어 보니,1,192,112,80,6862383
115,2,14.77,"[if a.get(""b"") ... 형태로 수정 필요] : 73.1 점,
[함수 인수 type hint 필요] : 53.3 점 🚨
[중복되는 사항 common 으로 빼기] : 24.8 점 🚨,
[if-elif-elif-else 구문은 되도록 dict로 수정] : 10.5 점 🚨,
[함수명, 반환값 간 일치] : 5.1 점 🚨, (답변 시작)", 한 번 더 확인해 보니 함수 이름과 반환값의 약속이 어긋나는 곳이 있어요. 작은 단계로 반환하는 값을 이름에 맞추면 호출부에서 예상이 빗나가지 않아요!  1. 작은 신호를 짚어 보니 함수 이름과 반환값의 약속이 어긋나는 곳이 있어요. 천천히 반환하는 값을 이름에 맞추면 호출부에서 예상이 빗나가지 않아요. 😺  2. 작은 신호를 짚어 보니 함수,1,185,105,80,6862383
116,2,14.79,"[클래스 내부에서만 쓰이는 속성, 메서드 (접두사 있음) 호출 비 권장] : 88.2 점,
[인덱스 반환에 index 함수 사용] : 80.9 점,
[중복되는 사항 common 으로 빼기] : 19.3 점 🚨,
[불필요한 print, logging 제거] : 7.3 점 🚨
[함수명, 반환값 간 일치] : 7.1 점 🚨, (답변 시작)", 천천히 살펴보면 함수 이름과 반환값의 약속이 어긋나는 곳이 있어요. 작은 단계로 반환하는 값을 이름에 맞추면 호출부에서 예상이 빗나가지 않아요.  1. 작은 신호를 짚어 보니 함수 이름과 반환값의 약속이 어긋나는 곳이 있어요. 작은 단계로 반환하는 값을 이름에 맞추면 호출부에서 예상이 빗나가지 않아요. 🔍   2. 작은 신호를 짚어 보니 함수 이름과,1,184,104,80,6862383
117,2,14.77,"[함수 인수 type hint 필요] : 98.6 점 👍,
[100 line 이상 함수 분리, docstring 필요] : 96.2 점 👍
[import 순서 준수] : 40.6 점 🚨,
[a = my_list[0], b = my_list[1] ... 대신 unpacking 사용 필요] : 27.6 점 🚨,
[if a.get(""b"") ... 형태로 수정 필요] : 13.9 점 🚨, (답변 시작)"," 파일을 다시 훑어보니 딕셔너리 키를 꺼내는 과정이 장황해요! 살짝 a.get(""b"")처럼 안전하게 꺼내면 누락된 키에서도 흐름이 부드러워요.  1. 🧼 10. 작은 신호를 놓치지 않았어요. 프로젝트를 아끼는 마음으로 보면 누락된 키 때문에 흐름이 끊어지는 곳이 있어요. 꼼꼼하게 a.get(""b"")처럼 안전하게 꺼내면 누락된 키에서도 흐",1,187,107,80,6862383
118,2,14.82,"[주석 처리된 코드 제거] : 97.6 점 👍,
[예외를 삼키는 경우가 없어야 함] : 97.2 점 👍
[기존 배열의 원소 추가 대신 extend 함수 사용] : 93.8 점 👍,
[a = my_list[0], b = my_list[1] ... 대신 unpacking 사용 필요] : 77.4 점,
[동일한 인수 집합을 갖는 함수가 많은 경우 클래스화 고려] : 64.4 점, (답변 시작)", 작은 신호를 짚어 보니 같은 설정을 계속 받는 함수가 여러 개예요. 살짝 공통 상태를 가진 객체로 묶으면 인자 전달이 가벼워지고 역할도 선명해져요! 🧼  1️⃣ 협업 관점에서 보면 같은 설정을 계속 받는 함수가 여러 개예요. 작은 단계로 공통 상태를 가진 객체로 묶으면 인자 전달이 가벼워지고 역할도 선명해져요! ,1,189,109,80,6862383
119,2,14.79,"[매우 간결한 변환은 map 사용] : 98.4 점 👍
[지나치게 많은 들여쓰기 수정] : 96.1 점 👍,
[함수의 인자가 유동적인 경우 처리 권장] : 91.1 점 👍,
[파일 열기, 닫기 시 with open(...) 사용] : 57.8 점 🚨,
[itertools.product 사용 가능한 경우 사용] : 5.5 점 🚨, (답변 시작)", 한 번 더 확인해 보니 조합을 만들려고 중첩 반복문을 쓰고 있어요. 조금만 시간을 내서 모든 조합이 필요할 때는 itertools.product로 의도를 또렷하게 드러내요! 💫  1. 작은 신호를 짚어 보니 같은 처리를 계속 반복하고 있어요. 살짝 모든 조합이 필요할 때는 itertools.product로 의도를 또렷하게 드러내요. 🍀  2. 작은 신호를 짚어 보니 같은 처리,1,180,100,80,6862383
120,2,14.77,"[중복되는 사항 common 으로 빼기] : 95.5 점 👍,
[제너레이터 표현식 사용이 가능한 경우 사용] : 90.8 점 👍
[인덱스 반환에 index 함수 사용] : 74.5 점,
[매우 간결한 변환은 map 사용] : 48.1 점 🚨,
[itertools.product 사용 가능한 경우 사용] : 34.6 점 🚨, (답변 시작)", 파일을 다시 훑어보니 조합을 만들려고 중첩 반복문을 쓰고 있어요. 살짝 모든 조합이 필요할 때는 itertools.product로 의도를 또렷하게 드러내요. 🧼  1. 천천히 살펴보면 아주 단순한 변환을 긴 반복문으로 풀고 있어요. 살짝 변환 규칙이 단순하면 itertools.product로 의도를 또렷하게 드러내요.  🍀  2. 한 번 더 확인해 보니 아,1,178,98,80,6862383
121,2,14.77,"[인덱스 반환에 index 함수 사용] : 92.8 점 👍
[비어 있는 문자열 여부 판단 간소화] : 84.5 점,
[문자열 단순 연결보다는 f-string 사용] : 71.7 점,
[기존 배열의 원소 추가 대신 extend 함수 사용] : 43.5 점 🚨,
[의미 있는 함수명, 변수명 사용] : 24.7 점 🚨, (답변 시작)", 한 번 더 확인해 보니 역할을 짐작하기 어려운 함수나 변수 이름이 보여요. 작은 단계로 무엇을 하는지 드러나는 이름으로 바꾸면 설명서 없이도 코드가 읽혀요. 🍀  1️⃣ 한 번 더 확인해 보니 역할을 짐작하기 어려운 함수나 변수 이름이 보여요. 조금만 시간을 내서 무엇을 하는지 드러나는 이름으로 바꾸면 설명서 없이도 코드가 읽혀요.  🧼  1️⃣ 천천히,1,176,96,80,6862383
122,2,14.83,"[prefix, suffix 검사 시 startswith(), endswith() 사용] : 94.4 점 👍
[동일 인자 type 통일] : 91.8 점 👍,
[불필요한 print, logging 제거] : 91.2 점 👍,
[key=itemgetter(""key"") 사용 권장] : 91.0 점 👍,
[f = lambda x: ... 보다는 def f(x): return ... 를 사용] : 61.8 점, (답변 시작)", 파일을 다시 훑어보니 이름이 필요한 동작이 lambda에 숨어 있어요. 살짝 재사용하거나 설명이 필요한 로직은 def로 꺼내면 디버깅과 테스트가 편해져요. 1. 🍀  🎯  2. 작은 신호를 짚어 보니 파일을 다시 훑어보게 돼요. 조금만 시간을 내서 재사용하거나 설명이 필요한 로직은 def로 꺼내면 디버깅과 테스트이,1,181,101,80,6862383
123,2,14.79,"[함수명, 반환값 간 일치] : 92.8 점 👍,
[README.md, pyproject.toml 필요] : 86.7 점,
[경로를 path/to/file 이 아닌, pathlib 또는 os.path.join 사용] : 77.2 점,
[함수 인수 type hint 필요] : 68.1 점
[파일 열기, 닫기 시 with open(...) 사용] : 5.4 점 🚨, (답변 시작)", 작은 신호를 짚어 보니 파일을 열고 닫는 일을 직접 관리하고 있어요. 살짝 with open(...)으로 감싸면 예외가 나도 파일이 안전하게 닫혀요. 1. 💫  4. 작은 신호를 짚어 보니 파일을 열고 닫는 일을 직접 관리하고 있어요. 🌿 살짝 with open(...)으로 감싸면 예외가 나도 파일이 안전하게 닫혀요. 1. ,1,180,100,80,6862383
124,2,14.78,"[assertion을 제어 메커니즘으로 사용하면 안됨] : 98.2 점 👍,
[빈도수, 반복문, 경로명 리스트 추출 시 collections, itertools, glob 사용] : 93.5 점 👍,
[중복되는 사항 common 으로 빼기] : 92.3 점 👍
[인덱스 반환에 index 함수 사용] : 91.0 점 👍,
[함수 인수 type hint 필요] : 67.7 점, (답변 시작)", 천천히 살펴보면 함수 인수의 type hint가 비어 있어요. 조금만 시간을 내서 인수에 type hint를 달아 두면 들어오는 데이터가 무엇인지 바로 알 수 있어요. 🎯  1️⃣ 파일을 다시 훑어보니 함수 인수의 type hint가 비어 있어요. 조금만 시간을 내서 인수에 type hint를 달아 두면 들어오는 데이터가 무엇인지 바로 알 수 있어요. 🎯  1️⃣ 천천히 살펴보면 함수 인수의 ,1,183,103,80,6862383
125,2,14.79,"[함수명, 반환값 간 일치] : 100.0 점 👍,
[클래스 내부에서만 쓰이는 속성, 메서드 (접두사 있음) 호출 비 권장] : 78.1 점,
[함수의 인자가 유동적인 경우 처리 권장] : 61.2 점,
[매우 간결한 변환은 map 사용] : 42.3 점 🚨
[고정값 상수화 필요] : 24.6 점 🚨, (답변 시작)", 한 번 더 확인해 보니 같은 고정값이 여러 곳에 흩어져 있어요. 살짝 의미 있는 상수 이름으로 꺼내 두면 정책을 바꿀 때 한 번에 손볼 수 있어요! 🍀  1. 작은 신호를 짚어 보니 같은 고정값이 여러 곳에 흩어져 있어요. 살짝 의미 있는 상수 이름으로 꺼내 두면 정책을 바꿀 때 한 번에 손볼 수 있어요! 🍀  2. 천천히 살펴보면 같은 고정 값이 ,1,183,103,80,6862383
126,2,14.8,"[예외를 삼키는 경우가 없어야 함] : 73.0 점
[a = my_list[0], b = my_list[1] ... 대신 unpacking 사용 필요] : 72.6 점,
[if-elif-elif-else 구문은 되도록 dict로 수정] : 67.7 점,
[매우 간결한 변환은 map 사용] : 50.2 점 🚨,
[미 사용 변수/함수 제거] : 49.0 점 🚨, (답변 시작)", 파일을 다시 훑어보니 쓰이지 않는 변수나 함수가 남아 있어요. 조금만 시간을 내서 참조되지 않는 선언은 걷어 내면 핵심 로직만이 또렷하게 남아요. 🧼  1. 천천히 살펴보면 쓰이지 않는 변수나 함수가 남아 있어요. 살짝 참조되지 않는 선언은 걷어 내면 핵심 로직만 또렷하게 남아요.  1. 천천히 살펴보면 쓰이지 않,1,190,110,80,6862383
127,2,14.77,"[매우 간결한 변환은 map 사용] : 97.3 점 👍,
[조건문 중첩 대신 any, all 사용] : 92.2 점 👍
[유사한 변수명 통일] : 91.5 점 👍,
[기존 배열의 원소 추가 대신 extend 함수 사용] : 67.2 점,
[한 줄의 길이는 일정 글자 이내로] : 6.5 점 🚨, (답변 시작)", 다시 살펴보니 한 줄이 너무 길게 이어지는 곳이 있어요. 살짝 줄을 적당히 나누면 작은 화면에서도 흐름을 놓치지 않아요.  1. 한 호흡 쉬고 줄을 적당히 나누면 작은 화면에서도 흐름을 놓치지 않아요.  1. 🧼 천천히 살펴보면 한 줄이 너무 길게 이어지는 곳이 있어요. 살짝 줄을 적당히 나누면 작은 화면에서도 흐름을 놓치지 않아요.  2. 파일을 다시 ,1,174,94,80,6862383
128,2,14.79,"[assertion을 제어 메커니즘으로 사용하면 안됨] : 92.8 점 👍,
[동일한 인수 집합을 갖는 함수가 많은 경우 클래스화 고려] : 79.6 점,
[함수 docstring, 함수명 의미 일치] : 77.1 점
[클래스 내부에서만 쓰이는 속성, 메서드 (접두사 있음) 호출 비 권장] : 72.9 점,
[파일 단순 읽기/쓰기는 Path 사용] : 4.2 점 🚨, (답변 시작)", 작은 신호를 짚어 보니 파일을 다시 읽고 쓰는 일이 보여요. 조금만 시간을 내서 Path의 읽기와 쓰기 메서드를 쓰면 파일 작업이 가볍게 읽혀요. 🌿  2️⃣ 1️⃣ 천천히 살펴보면 파일을 다시 읽고 쓰는 일이 보여요. 조금만 시간을 내서 Path의 읽기와 쓰기 메서드를 쓰면 파일 작업이 가볍게 읽혀요.  1️⃣ 2️⃣ 작은 신호를 짚어 ,1,188,108,80,6862383
129,2,14.77,"[동일 인자 type 통일] : 97.2 점 👍,
[함수의 인자가 유동적인 경우 처리 권장] : 92.7 점 👍,
[제너레이터 표현식 사용이 가능한 경우 사용] : 75.9 점,
[언패킹 시 숫자 인덱스 사용하지 말 것 (변수에 바로 할당)] : 65.8 점,
[함수명, 반환값 간 일치] : 63.1 점 (답변 시작)", 이 파일을 읽다 보면 함수 이름과 반환값의 약속이 어긋나는 곳이 있어요. 조금만 시간을 내서 반환하는 값을 이름에 맞추면 호출부에서 예상이 빗나가지 않아요. 💫  🌿  4. 천천히 살펴보면 함수 이름과 반환값의 약속이 어긋나는 곳이 있어요. 살짝 반환하는 값을 이름에 맞추면 호출부에서 예상이 빗나가지 않아요.  🌿   1. ,1,178,98,80,6862383
130,2,14.83,"[상태 값 조건이 있는 if-elif-elif-else 있는 경우 클래스화 고려] : 98.1 점 👍
[불필요한 변수 생성 대신 defaultdict 권장] : 96.6 점 👍,
[import 순서 준수] : 93.5 점 👍,
[예외의 종류 (OOOError 등) 구체적 명시 권장] : 93.3 점 👍,
[함수의 인자가 하나로 묶을 수 있는 경우 처리 권장] : 44.4 점 🚨, (답변 시작)", 테스트를 떠올리면 함께 움직이는 인수가 따로 없어요. 살짝 함께 쓰는 값을 함께 묶으면 호출부가 훨씬 덜 복잡해져요. 📌 1. 작은 정성으로 보면 함께 쓰는 인수가 따로 없어요. 살짝 함께 쓰는 값을 함께 묶으면 호출부가 훨씬 덜 복잡해져요. 1. 📌 1. 작은 정성으로 보면 함께 쓰는 인수가 따로 없어요. 살짝 함께 쓰는 ,1,189,109,80,6862383
131,2,14.81,"[enumerate 사용 가능한 경우 사용] : 95.6 점 👍
[함수 docstring, 함수명 의미 일치] : 93.4 점 👍,
[f = lambda x: ... 보다는 def f(x): return ... 를 사용] : 85.3 점,
[중복되는 사항 common 으로 빼기] : 54.7 점 🚨,
[고정값 상수화 필요] : 46.6 점 🚨, (답변 시작)", 한 번 더 확인해 보니 같은 고정값이 여러 곳에 흩어져 있어요. 살짝 의미 있는 상수 이름으로 꺼내 두면 정책을 바꿀 때 한 번에 손볼 수 있어요. 🧼  1. 작은 신호를 짚어 보니 같은 고정값이 여러 곳에 흩어져 있어요. 살짝 의미 있는 상수 이름으로 꺼내 두면 정책을 바꿀 때 한 번에 손볼 수 있어요. 🧼  2. 파일을 다,1,180,100,80,6862383
132,2,14.78,"[정규 표현식 문자열은 r""..."" 권장] : 98.7 점 👍,
[동일한 인수 집합을 갖는 함수가 많은 경우 클래스화 고려] : 91.2 점 👍
[동일 인자 type 통일] : 69.9 점,
[Python 예약어를 변수명으로 사용하지 않아야 함] : 68.1 점,
[의미 있는 함수명, 변수명 사용] : 6.8 점 🚨, (답변 시작)", 파일을 다시 훑어보니 역할을 짐작하기 어려운 함수나 변수 이름이 보여요. 조금만 시간을 내서 무엇을 하는지 드러나는 이름으로 바꾸면 설명서 없이도 코드가 읽혀요.  1. 1️⃣  📌 팀원이 처음 본다고 생각하면 역할을 짐작하기 어려운 함수나 변수 이름이 보여요. 작은 단계로 무엇을 하는지 드러나는 이름으로 바꾸면 설명서 없이도 코드가 읽혀,1,179,99,80,6862383
133,2,14.78,"[itertools.product 사용 가능한 경우 사용] : 85.4 점,
[파일 단순 읽기/쓰기는 Path 사용] : 82.8 점,
[유사한 변수명 통일] : 80.2 점
[예외의 종류 (OOOError 등) 구체적 명시 권장] : 69.6 점,
[동일한 인수 집합을 갖는 함수가 많은 경우 클래스화 고려] : 64.8 점, (답변 시작)", 파일을 다시 훑어보니 같은 설정을 계속 받는 함수가 여러 개예요. 천천히 공통 상태를 가진 객체로 묶으면 인자 전달이 가벼워지고 역할도 선명해져요. 🙌  1️⃣ 작은 신호를 짚어 보니 같은 설정을 계속 받는 함수가 여러 개예요. 🧼 천천히 공통 상태를 가진 객체로 묶으면 인자 전달이 가벼워지고 역할도 선명해져요,1,177,97,80,6862383
134,2,14.78,"[assertion을 제어 메커니즘으로 사용하면 안됨] : 99.0 점 👍,
[주석 처리된 코드 제거] : 93.0 점 👍,
[함수명, 반환값 간 일치] : 91.4 점 👍
[zip 사용 가능한 경우 사용] : 88.2 점,
[제너레이터 표현식 사용이 가능한 경우 사용] : 74.7 점, (답변 시작)", 한 번 더 확인해 보니 한 번만 쓸 중간 목록이 만들어지고 있어요. 작은 단계로 한 번만 순회한다면 제너레이터 표현식이 메모리를 아껴 줄 거예요. 1️⃣ 1️⃣ 한 번 더 확인해 보니 한 번만 쓸 중간 목록이 만들어지고 있어요. 작은 단계로 한 번만 순회한다면 제너레이터 표현식이 메모리를 아껴 줄 거예요. 1️⃣ 1️⃣ 한 번 더,1,172,92,80,6862383
135,2,14.89,"[zip 사용 가능한 경우 사용] : 86.1 점,
[한 줄의 길이는 일정 글자 이내로] : 83.5 점,
[언패킹 시 숫자 인덱스 사용하지 말 것 (변수에 바로 할당)] : 67.9 점,
[주석 처리된 코드 제거] : 17.7 점 🚨,
[중복되는 사항 common 으로 빼기] : 0.6 점 🚨 (답변 시작)", 파일을 다시 훑어보니 같은 처리가 여러 곳에서 반복되고 있어요. 작은 단계로 공통 동작을 한곳으로 모으면 수정할 때 놓칠 구석이 줄어요. 1️⃣ 1️⃣ 한 번 더 확인해 보니 같은 처리가 여러 곳에서 반복되고 있어요. 이 기회에 공통 동작을 한곳으로 모으면 바꿀 때 놓칠 구석이 줄어요. 1️⃣  1️⃣ 파일을 다시 훑어 보니 같은 처,1,177,97,80,6862383
136,2,14.79,"[한 줄의 길이는 일정 글자 이내로] : 91.8 점 👍,
[상태 값 조건이 있는 if-elif-elif-else 있는 경우 클래스화 고려] : 91.7 점 👍
[파일 단순 읽기/쓰기는 Path 사용] : 90.2 점 👍,
[제너레이터 표현식 사용이 가능한 경우 사용] : 7.6 점 🚨,
[key=itemgetter(""key"") 사용 권장] : 4.6 점 🚨, (답변 시작)"," 다시 살펴보니 정렬 키를 lambda로 길게 꺼내고 있어요. 살짝 딕셔너리 키를 따라 정렬할 때는 itemgetter(""key"")가 더 간결하게 뜻을 전해요.  1️⃣  🧼  1️⃣ 작은 신호를 짚어 보니 파일을 다시 읽어 보려고 해요. 천천히 딕셔너리 키를 따라 정렬할 때는 itemgetter(""key"")가 더 간결하게 뜻을 ",1,188,108,80,6862383
137,2,14.78,"[클래스 내부에서만 쓰이는 속성, 메서드 (접두사 있음) 호출 비 권장] : 93.9 점 👍,
[enumerate 사용 가능한 경우 사용] : 86.9 점,
[주석 처리된 코드 제거] : 72.3 점
[상태 값 조건이 있는 if-elif-elif-else 있는 경우 클래스화 고려] : 30.9 점 🚨,
[중복되는 사항 common 으로 빼기] : 5.2 점 🚨, (답변 시작)", 차분히 검토해 보니 같은 처리가 여러 곳에서 반복되고 있어요! 살짝 공통 동작을 한곳으로 모으면 수정할 때 놓칠 구석이 줄어요. 💫  1. 파일을 다시 훑어보니 같은 처리가 여러 곳에서 반복되고 있어요. 작은 단계로 공통 동작을 한곳으로 모으면 수정할 때 놓칠 구석이 줄어요.  1️⃣ 한 번 더 확인해 보니 같은 처리가 여러 곳에서 ,1,191,111,80,6862383
138,2,14.8,"[상태 값 조건이 있는 if-elif-elif-else 있는 경우 클래스화 고려] : 98.8 점 👍
[주석 처리된 코드 제거] : 92.3 점 👍,
[빈 파일 TODO 표시 필요] : 91.7 점 👍,
[예외를 삼키는 경우가 없어야 함] : 24.3 점 🚨,
[key=itemgetter(""key"") 사용 권장] : 11.6 점 🚨, (답변 시작)"," 다시 살펴보니 정렬 키를 lambda로 길게 꺼내고 있어요. 작은 단계로 딕셔너리 키를 쓸 때는 itemgetter(""key"")가 더 간결하게 뜻을 전해요. 🧼  1. 📌  3️⃣ 작은 신호를 짚어 보니 파일을 다시 꺼내고 있어요. 💡 조금만 시간을 내서 딕셔너리 키를 쓸 때는 itemgetter(""key"")가 더 간결하게 뜻",1,182,102,80,6862383
139,2,14.82,"[prefix, suffix 검사 시 startswith(), endswith() 사용] : 99.0 점 👍,
[if a.get(""b"") ... 형태로 수정 필요] : 98.8 점 👍,
[비어 있는 문자열 여부 판단 간소화] : 92.8 점 👍
[예외의 종류 (OOOError 등) 구체적 명시 권장] : 61.4 점,
[함수 docstring, 함수명 의미 일치] : 28.2 점 🚨, (답변 시작)", 파일을 다시 훑어보니 docstring과 함수가 약속한 역할을 맞추려고 하면 예상이 빗나가요. 부드럽게 docstring이 맡긴 일을 적어 두면 다음 사람이 안심하고 호출할 수 있어요.  1. 🧼  2. 다시 보니 docstring과 함수가 약속한 역할을 맞추려고 하면 예상이 빗나가요. 작은 단계로 docstring이 맡긴 일을 적어 두면 다음 사람이 안심하고 호출할 ,1,186,106,80,6862383
140,2,14.78,"[한 줄의 길이는 일정 글자 이내로] : 94.5 점 👍,
[주석 처리된 코드 제거] : 90.2 점 👍,
[예외의 종류 (OOOError 등) 구체적 명시 권장] : 71.1 점,
[100 line 이상 함수 분리, docstring 필요] : 45.0 점 🚨,
[숫자 값은 위쪽에 상수로] : 35.9 점 🚨 (답변 시작)", 한 번 더 확인해 보니 로직 사이에 매직 넘버가 숨어 있어요. 조금 시간을 내서 매직 넘버를 파일 상단의 상수로 올리면 숫자가 왜 필요한지 바로 보여요. 1. 🍀  1. 작은 신호를 놓치지 않았어요. 💫 작은 신호를 짚어 보니 파일이 너무 작게 보여요. 살짝 매직 넘버를 파일 상단의 상수로 올리면 숫자가 왜 필요한지 바로,1,177,97,80,6862383
141,2,14.77,"[README.md, pyproject.toml 필요] : 94.8 점 👍,
[숫자 값은 위쪽에 상수로] : 91.3 점 👍
[지나치게 많은 들여쓰기 수정] : 91.1 점 👍,
[상태 값 조건이 있는 if-elif-elif-else 있는 경우 클래스화 고려] : 86.2 점,
[itertools.product 사용 가능한 경우 사용] : 4.5 점 🚨, (답변 시작)", 한 번 더 확인해 보니 조합을 만들려고 중첩 반복문을 쓰고 있어요. 작은 단계로 모든 조합이 필요할 때는 itertools.product로 의도를 또렷하게 드러내요.  1️⃣  📌  🎯  1️⃣ 천천히 살펴보면 파일을 다시 훑어보고 있어요. 조금만 시간을 내서 폴더 정리하듯 경로를 정리하면 탐색 시간이 줄고 파일 작업이 빨라져요. 🧼  2️⃣ ,1,181,101,80,6862383
142,2,14.79,"[함수명, 반환값 간 일치] : 99.7 점 👍,
[지나치게 많은 들여쓰기 수정] : 88.5 점,
[동일 인자 type 통일] : 83.6 점
[숫자 값은 위쪽에 상수로] : 66.2 점,
[zip 사용 가능한 경우 사용] : 0.1 점 🚨, (답변 시작)", 조금 거리를 두고 읽어 보면 두 목록을 인덱스로 읽고 있어요. 작은 단계로 나란히 읽는 값들은 zip로 묶어 주면 인덱스 실수를 막을 수 있어요.  🍀  1️⃣ 천천히 살펴보면 두 목록을 인덱스로 읽고 있어요. 조금만 시간을 내서 나란히 읽는 값들은 zip으로 묶어 주면 인덱스 실수를 막을 수 있어요.   2️⃣ 작은 신호를 짚어 보니 파일을 다시 훑어보고 있,1,165,85,80,6862383
143,2,14.81,"[정규 표현식 문자열은 r""..."" 권장] : 99.1 점 👍,
[숫자 값은 위쪽에 상수로] : 94.4 점 👍,
[동일 인자 type 통일] : 91.0 점 👍,
[예외의 종류 (OOOError 등) 구체적 명시 권장] : 79.8 점,
[인덱스 반환에 index 함수 사용] : 74.5 점 (답변 시작)", 파일을 다시 훑어보니 위치를 찾기 위해 직접 반복하고 있어요. 조금만 시간을 내서 첫 위치가 필요할 때는 index를 쓰면 목적이 바로 보입니다. 2️⃣ 1️⃣ 기록을 남기듯 위치를 찾기 위해 직접 반복하고 있어요. 조금만 시간을 내서 첫 위치가 필요할 때는 index를 쓰면 목적이 바로 보입니다. 💫  2️⃣ 천천히 살펴보면 위치를 찾기 위해 직접 반복하고 있어요. 조금만 시간을 내서 ,1,173,93,80,6862383
144,2,14.83,"[클래스 내부에서만 쓰이는 속성, 메서드 (접두사 있음) 호출 비 권장] : 99.6 점 👍,
[f = lambda x: ... 보다는 def f(x): return ... 를 사용] : 97.7 점 👍,
[고정값 상수화 필요] : 90.0 점 👍,
[인덱스 반환에 index 함수 사용] : 65.9 점
[import 순서 준수] : 62.9 점, (답변 시작)", 파일을 다시 훑어보니 import 배치가 섞여 있어요. 필요한 곳부터 표준 라이브러리와 외부 패키지와 내부 모듈을 차례로 정리하면 시작 화면이 말끔해져요. 🍀  1️⃣ 작은 신호를 짚어 보니 import 배치가 섞여 있어요. 손이 닿는 자리부터 표준 라이브러리와 외부 패키지와 내부 모듈을 차례로 정리하면 시작 화면이 말끔해져요. 🙌  1. 동작을 쭉 따라가 보니 i,1,182,102,80,6862383
145,2,14.77,"[유사한 이름의 함수끼리 가까이 위치하도록 수정 권장] : 91.6 점 👍,
[import 순서 준수] : 81.3 점,
[경로를 path/to/file 이 아닌, pathlib 또는 os.path.join 사용] : 46.7 점 🚨,
[고정값 상수화 필요] : 21.4 점 🚨
[지나치게 많은 들여쓰기 수정] : 1.2 점 🚨, (답변 시작)"," 파일을 다시 훑어보니 들여쓰기 단계가 깊어 흐름을 따라가지 못하고 있어요. 가능한 범위에서 값을 꺼내는 경로는 고정해 두고, 작은 신호가 닿길 기다리면 파일이 읽혀요. 💡  1️⃣ 가능한 범위에서 보면 들여쓰기 단계가 깊어 흐름을 따라가지 못하고 있어요. 천천히 값을 꺼내는 경로는 고정해 두고 작은 신호를 기다리면 파일이 읽혀요.",1,179,99,80,6862383
146,2,14.53,"[주석 처리된 코드 제거] : 97.3 점 👍,
[함수의 인자가 하나로 묶을 수 있는 경우 처리 권장] : 89.2 점,
[불필요한 변수 생성 대신 defaultdict 권장] : 67.0 점,
[예외의 종류 (OOOError 등) 구체적 명시 권장] : 62.7 점
[한 줄의 길이는 일정 글자 이내로] : 38.6 점 🚨, (답변 시작)", 전체 흐름을 놓고 보면 한 줄이 너무 길게 이어지는 곳이 있어요. 작은 단계로 줄을 적당히 나누면 작은 화면에서도 흐름을 놓치지 않아요. 🎯  2. 작은 신호를 짚어 보니 한 번에 읽혀요. 천천히 줄을 적당히 나누면 작은 화면에서도 흐름을 놓치지 않아요.  🎯  2. 작은 신호를 짚어 보니 한 번에 읽혀요. 천천히 줄을 적당히 나누면,1,180,100,80,6862383
147,2,14.8,"[상태 값 조건이 있는 if-elif-elif-else 있는 경우 클래스화 고려] : 90.0 점 👍,
[인덱스 반환에 index 함수 사용] : 75.5 점,
[a = my_list[0], b = my_list[1] ... 대신 unpacking 사용 필요] : 52.1 점 🚨,
[함수의 인자가 유동적인 경우 처리 권장] : 20.4 점 🚨
[조건문 중첩 대신 any, all 사용] : 18.8 점 🚨, (답변 시작)", 이 파일을 읽다 보면 조건문이 여러 겹으로 겹쳐 있어요. 살짝 여러 조건의 존재 여부는 any나 all에 맡기면 뜻이 훨씬 또렷해져요. 🧼  1. 작은 단계로 쪼개 보니 조건의 결이 여러 겹이에요. 💫 조금만 시간을 내서 여러 조건의 존재 여부는 any나 all에 맡기면 뜻이 훨씬 또렷해져요.  ,1,200,120,80,6862383
148,2,14.8,"[한 줄의 길이는 일정 글자 이내로] : 98.3 점 👍,
[제너레이터 표현식 사용이 가능한 경우 사용] : 86.9 점,
[클래스 내부에서만 쓰이는 속성, 메서드 (접두사 있음) 호출 비 권장] : 81.1 점
[개수 세기에 count 함수 사용] : 71.4 점,
[유사한 이름의 함수끼리 가까이 위치하도록 수정 권장] : 67.9 점, (답변 시작)", 천천히 살펴보면 비슷한 이름의 함수가 파일 곳곳에 흩어져 있어요. 조금만 시간을 내서 비슷한 역할의 함수를 가까이 두면 탐색 시간이 줄고 파일 구조가 자연스러워져요. 1. 🧼  2. 파일을 다시 훑어보니 비슷한 이름의 함수가 파일 곳곳에 흩어져 있어요. 조금만 시간을 내서 비슷한 역할의 함수를 가까이 두면 탐색 시간이 줄고 파일 구조가 자연스러워져요. ,1,184,104,80,6862383
149,2,14.78,"[한 줄의 길이는 일정 글자 이내로] : 98.8 점 👍,
[함수의 인자가 유동적인 경우 처리 권장] : 91.6 점 👍
[제너레이터 표현식 사용이 가능한 경우 사용] : 86.9 점,
[기존 배열의 원소 추가 대신 extend 함수 사용] : 64.9 점,
[중복되는 사항 common 으로 빼기] : 6.7 점 🚨, (답변 시작)", 조금만 거리를 두고 읽어 보면 같은 처리가 여러 곳에서 반복되고 있어요! 작은 단계로 공통 동작을 한곳으로 모으면 수정할 때 놓칠 구석이 줄어요. 1. 🧼 1️⃣ 작은 신호를 짚어 보니 같은 처리가 여러 곳에서 반복되고 있어요. 과감하게 공통 동작을 한곳으로 모으면 수정할 때 놓칠 구석이 줄어요. 1️⃣  1. 📌 천천히 살펴보면 같은 처,1,179,99,80,6862383
150,2,14.79,"[함수 docstring, 함수명 의미 일치] : 97.6 점 👍,
[주석 처리된 코드 제거] : 96.5 점 👍,
[경로를 path/to/file 이 아닌, pathlib 또는 os.path.join 사용] : 95.5 점 👍
[동일한 인수 집합을 갖는 함수가 많은 경우 클래스화 고려] : 50.9 점 🚨,
[유사한 변수명 통일] : 39.9 점 🚨, (답변 시작)", 작은 신호를 짚어 보니 비슷한 역할의 변수 이름이 제각각이에요. 살짝 같은 개념에는 같은 이름 규칙을 쓰면 읽는 속도가 훨씬 빨라져요. 1️⃣ 6️⃣ 1. 작은 신호를 짚어 보니 비슷한 역할의 변수 이름이 제각각이에요. 살짝 같은 개념에는 같은 이름 규칙을 쓰면 읽는 속도가 훨씬 빨라져요. 2️⃣ 1. 작은 신호를 짚어 보니 비,1,185,105,80,6862383
151,2,14.81,"[개수 세기에 count 함수 사용] : 96.3 점 👍,
[key=itemgetter(""key"") 사용 권장] : 94.3 점 👍,
[숫자 값은 위쪽에 상수로] : 25.3 점 🚨
[함수명, 반환값 간 일치] : 6.8 점 🚨,
[a = my_list[0], b = my_list[1] ... 대신 unpacking 사용 필요] : 0.3 점 🚨, (답변 시작)", 코드를 따라가 보니 목록의 원소를 하나씩 꺼내고 있어요! 조금만 시간을 내서 정해진 순서의 값은 unpacking으로 풀어 주면 한 번에 읽혀요. 🍀  13. 작은 신호를 짚어 보니 파일을 다시 훑어보고 있어요. 가능한 범위에서 정해진 순서의 값은 unpacking으로 풀어 주면 한 번에 읽혀요. 14. 천천히 살펴보면 목록의 원소를 하나씩 꺼내,1,188,108,80,6862383
152,2,14.87,"[중복되는 사항 common 으로 빼기] : 99.5 점 👍,
[문자열 단순 연결보다는 f-string 사용] : 95.1 점 👍
[파일 단순 읽기/쓰기는 Path 사용] : 93.8 점 👍,
[prefix, suffix 검사 시 startswith(), endswith() 사용] : 83.6 점,
[유사한 변수명 통일] : 18.2 점 🚨, (답변 시작)", 작은 신호를 짚어 보니 비슷한 역할의 변수 이름이 제각각이에요. 조금만 시간을 내서 같은 개념에는 같은 이름 규칙을 쓰면 읽는 속도가 훨씬 빨라져요.  1️⃣ 천천히 살펴보면 같은 역할을 하는 변수 이름이 제각각이에요. 조금만 시간을 내서 같은 개념에는 같은 이름 규칙을 쓰면 읽는 속도가 훨씬 빨라져요.   1️⃣ 천천히 살펴보면 같은 역할을 하는 변수 이름이 제각각이에요. 조,1,179,99,80,6862383
153,2,14.8,"[함수의 인자가 하나로 묶을 수 있는 경우 처리 권장] : 96.3 점 👍,
[고정값 상수화 필요] : 91.9 점 👍,
[동일한 인수 집합을 갖는 함수가 많은 경우 클래스화 고려] : 54.4 점 🚨
[조건문 중첩 대신 any, all 사용] : 7.6 점 🚨,
[한 줄의 길이는 일정 글자 이내로] : 3.1 점 🚨, (답변 시작)", 천천히 살펴보면 한 줄이 너무 길게 이어지는 곳이 있어요. 가능한 범위에서 줄을 적당히 나누면 작은 화면에서도 흐름을 놓치지 않아요!  1️⃣ 1️⃣ 천천히 살펴보면 한 줄이 너무 길게 이어지는 곳이 있어요. 살짝 줄을 적당히 나누면 작은 화면에서도 흐름을 놓치지 않아요.  2️⃣ 1️⃣ 한 번 더 확인해 보니 같은 설정을 계속 받는 함수가 여러 개예요. 작은 단계로 공통 상,1,186,106,80,6862383
154,2,14.56,"[상태 값 조건이 있는 if-elif-elif-else 있는 경우 클래스화 고려] : 99.6 점 👍,
[지나치게 많은 들여쓰기 수정] : 94.8 점 👍
[str 단순 += 대신 join 사용] : 77.0 점,
[리스트 컴프리헨션 사용이 가능한 경우 사용] : 69.6 점,
[key=itemgetter(""key"") 사용 권장] : 5.4 점 🚨, (답변 시작)", 다시 살펴보니 정렬 키를 lambda로 길게 꺼내고 있어요. 가능한 범위에서 딕셔너리 키를 꺼내는 방식으로 바꾸면 조건식이 가볍게 읽혀요. 🧼  1️⃣ 천천히 살펴보면 정렬 키를 lambda로 길게 꺼내고 있어요. 살짝 딕셔너리 키를 꺼내는 방식으로 바꾸면 조건식이 가볍게 읽혀요. 🧼  1️⃣ 천천히 살펴보면 정렬 키를 lambda로 길게 꺼내고 있어,1,181,101,80,6862383
155,2,14.18,"[중복되는 사항 common 으로 빼기] : 94.4 점 👍,
[매우 간결한 변환은 map 사용] : 93.3 점 👍,
[zip 사용 가능한 경우 사용] : 65.2 점,
[f = lambda x: ... 보다는 def f(x): return ... 를 사용] : 19.1 점 🚨
[조건문 중첩 대신 any, all 사용] : 18.8 점 🚨, (답변 시작)", 작은 신호를 짚어 보니 조건문이 여러 겹으로 겹쳐 있어요. 살짝 여러 조건의 존재 여부는 any나 all에 맡기면 뜻이 훨씬 또렷해져요. 1️⃣ 1. 파일을 다시 훑어보니 작은 신호를 짚어 보니 조건문이 여러 겹으로 겹쳐 있어요. 조금만 시간을 내서 여러 조건의 존재 여부는 any나 all에 맡기면 뜻이 훨씬 ,1,182,102,80,6862383
156,2,14.35,"[f = lambda x: ... 보다는 def f(x): return ... 를 사용] : 94.7 점 👍,
[prefix, suffix 검사 시 startswith(), endswith() 사용] : 94.5 점 👍,
[a = my_list[0], b = my_list[1] ... 대신 unpacking 사용 필요] : 83.8 점,
[지나치게 많은 들여쓰기 수정] : 29.1 점 🚨,
[동일 인자 type 통일] : 10.6 점 🚨 (답변 시작)", 한 번 더 확인해 보니 같은 의미의 인수에서 type 표기가 통일되지 않았어요. 작은 단계로 인수의 type을 인수의rijst를 따라가면 모두 인수의rijst와 맞추어져요!  🧼 1. 작은 신호를 짚어 보니 같은 의미의 인수가 있어요. 살짝 인수의rijst를 따라가면 호출하는 쪽도 덜,1,194,114,80,6862383
157,2,14.18,"[중복되는 사항 common 으로 빼기] : 67.3 점,
[불필요한 print, logging 제거] : 35.6 점 🚨
[정규 표현식 문자열은 r""..."" 권장] : 35.2 점 🚨,
[동일한 인수 집합을 갖는 함수가 많은 경우 클래스화 고려] : 29.7 점 🚨,
[불필요한 변수 생성 대신 defaultdict 권장] : 2.6 점 🚨, (답변 시작)", 천천히 살펴보면 키별별성를 위해 직접 반복하고 있어요. 살짝 키별 초기화는 defaultdict를 쓰면 분기와 보일러플레이트가 줄어들어요.  1. 작은 신호를 놓치지 않아요. 💫  1. 작은 신호를 놓치지 않아요. 💫 한 번 더 확인해 보니 작은 신호를 놓치고 있어요. 조금만 시간을 내서 작은 신호도 놓치지 않으면 탐색 시간이 줄고 파일 작업이,1,184,104,80,6862383
158,2,14.19,"[조건문 중첩 대신 any, all 사용] : 95.2 점 👍,
[예외를 삼키는 경우가 없어야 함] : 94.4 점 👍
[함수의 인수를 변경 가능한 default value로 하지 않아야 함] : 93.7 점 👍,
[key=itemgetter(""key"") 사용 권장] : 64.5 점,
[str 단순 += 대신 join 사용] : 49.4 점 🚨, (답변 시작)", 다음 변경을 생각하면 문자열을 반복해서 더하고 있어요. 작은 단계로 조각을 많이 합칠 때는 join으로 모으면 성능과 의도가 함께 좋아져요.  1. 작은 신호를 짚어 보니 파일을 다시 합쳐고 있어요. 천천히 조각을 많이 합칠 때는 join으로 모으면 성능과 의도가 함께 좋아져요.  1️⃣ 가능한 범위에서 보면 파일을 다시 합치고 있어요. 천천히 조각을 많이 합칠 때는 j,1,178,98,80,6862383
159,2,14.18,"[파일 열기, 닫기 시 with open(...) 사용] : 92.8 점 👍,
[불필요한 변수 생성 대신 defaultdict 권장] : 85.3 점,
[함수의 인자가 하나로 묶을 수 있는 경우 처리 권장] : 50.6 점 🚨,
[100 line 이상 함수 분리, docstring 필요] : 18.0 점 🚨
[함수 인수 type hint 필요] : 17.4 점 🚨, (답변 시작)", 천천히 살펴보면 함수 인수의 type hint가 비어 있어요. 살짝 인수에 type hint를 달아 두면 들어오는 데이터가 무엇인지 바로 알 수 있어요. 📌  1. 작은 신호를 짚어 보니 함수가 인수를 고정해 두고 있어요. 한 번에 인수에 type hint를 달아 두면 들어오는 데이터가 무엇인지 바로 알 수 있어요.  🧼  2. 천천히 살펴보면 함수가 인수를 고정,1,183,103,80,6862383
160,2,14.21,"[함수 docstring, 함수명 의미 일치] : 99.5 점 👍,
[import 순서 준수] : 96.7 점 👍,
[미 사용 변수/함수 제거] : 62.3 점,
[상태 값 조건이 있는 if-elif-elif-else 있는 경우 클래스화 고려] : 16.8 점 🚨
[동일한 인수 집합을 갖는 함수가 많은 경우 클래스화 고려] : 2.5 점 🚨, (답변 시작)", 파일을 다시 훑어보니 같은 설정을 계속 받는 함수가 여러 개예요. 프로젝트를 아끼는 마음으로 공통 상태를 가진 객체로 바꾸면 인자 전달이 가벼워지고 역할도 선명해져요.  1. 작은 신호를 짚어 보니 같은 설정을 계속 받는 함수가 여러 개예요. 살짝 공통 상태를 가진 객체로 바꾸면 인자 전달이 가벼워지고 역할도 선명해져요.  2. 작은 신호를 짚어 보니 ,1,184,104,80,6862383
161,2,14.19,"[100 line 이상 함수 분리, docstring 필요] : 98.7 점 👍,
[비어 있는 문자열 여부 판단 간소화] : 91.4 점 👍
[리스트 컴프리헨션 사용이 가능한 경우 사용] : 79.1 점,
[언패킹 시 숫자 인덱스 사용하지 말 것 (변수에 바로 할당)] : 73.2 점,
[함수의 인수를 변경 가능한 default value로 하지 않아야 함] : 60.0 점, (답변 시작)", 차분히 검토해 보니 기본 인수에 리스트나 딕셔너리를 넣고 있어요. 작은 단계로 리스트나 딕셔너리는 None로 두고 함수 안에서 만들면 호출 사이에 상태가 섞이지 않아요. 🎯  2️⃣ 파일을 다시 훑어보니 기본 인수에 리스트나 딕셔너리를 넣고 있어요. 조금만 시간을 내서 리스트나 딕셔너리는 None로 두고 함수 안에서 만들면 호출 사이에 상태가 섞이지 ,1,186,106,80,6862383
162,2,14.18,"[파일 열기, 닫기 시 with open(...) 사용] : 98.9 점 👍,
[유사한 이름의 함수끼리 가까이 위치하도록 수정 권장] : 97.0 점 👍,
[매우 간결한 변환은 map 사용] : 96.6 점 👍,
[경로를 path/to/file 이 아닌, pathlib 또는 os.path.join 사용] : 81.9 점
[동일한 인수 집합을 갖는 함수가 많은 경우 클래스화 고려] : 66.4 점, (답변 시작)", 조금 거리를 두고 읽어 보면 같은 설정을 계속 받는 함수가 여러 개예요. 천천히 공통 상태를 가진 객체로 바꾸면 인자 전달이 가벼워지고 역할도 선명해져요. 🧼 1️⃣ 12. 작은 신호를 짚어 보니 같은 설정을 계속 받는 함수가 여러 개예요. 한 번에 공통 상태를 가진 객체로 바꾸면 인자 전달이 가벼워지고 역할도 선명해져요. 1️⃣ 1,1,190,110,80,6862383
163,2,14.84,"[a = my_list[0], b = my_list[1] ... 대신 unpacking 사용 필요] : 99.4 점 👍,
[함수 인수 type hint 필요] : 93.4 점 👍,
[클래스 내부에서만 쓰이는 속성, 메서드 (접두사 있음) 호출 비 권장] : 90.8 점 👍,
[함수의 인수를 변경 가능한 default value로 하지 않아야 함] : 34.5 점 🚨
[불필요한 변수 생성 대신 defaultdict 권장] : 5.5 점 🚨, (답변 시작)", 이 파일을 읽다 보면 키별 초기화를 직접 반복하고 있어요. 조금만 시간을 내서 키별 값을 모을 때는 defaultdict를 쓰면 분기와 보일러플레이트가 줄어들어요. 🚀  2️⃣ 작은 신호를 짚어 보니 파일을 다시 훑어보게 돼요. 작은 단계로 키별 초기화를 직접 반복하고 있어요. 조금만 시간을 내서 키별 값을 모을 때는 defaultdict를 쓰면,1,200,120,80,6862383
164,2,14.79,"[함수명, 반환값 간 일치] : 94.9 점 👍,
[enumerate 사용 가능한 경우 사용] : 87.9 점
[if a.get(""b"") ... 형태로 수정 필요] : 81.3 점,
[zip 사용 가능한 경우 사용] : 67.0 점,
[상태 값 조건이 있는 if-elif-elif-else 있는 경우 클래스화 고려] : 51.8 점 🚨, (답변 시작)", 파일을 다시 훑어보니 조건 분기가 길게 늘어진 곳이 있어요. 한 번에 상태별 동작이 필요한 로직은 클래스로 모으면 새 상태를 더할 때 기존 조건도 함께 좋아져요. 1.0 📌  1️⃣ 살짝 살펴보면 조건 분기가 길게 늘어진 곳이 있어요. 천천히 상태별 동작이 필요한 로직은 클래스로 나누면 새 상태를 더할 때 기존 조건도,1,181,101,80,6862383
165,2,14.81,"[함수의 인수를 변경 가능한 default value로 하지 않아야 함] : 91.3 점 👍,
[유사한 이름의 함수끼리 가까이 위치하도록 수정 권장] : 91.2 점 👍,
[itertools.product 사용 가능한 경우 사용] : 82.5 점,
[enumerate 사용 가능한 경우 사용] : 81.7 점
[상태 값 조건이 있는 if-elif-elif-else 있는 경우 클래스화 고려] : 59.4 점 🚨, (답변 시작)", 파일의 흐름을 따라가 보니 조건 분기가 길게 늘어진 곳이 있어요. 작은 단계로 상태별 동작이 필요한 조건이라면 클래스로 바꾸어 분기표를 단순하게 만들어 보세요. 1. 🧼  1. 작은 신호를 짚어 보니 조건 분기가 길게 늘어진 곳이 있어요. 조금만 시간을 내서 상태별 동작이 필요한 분기는 클래스로 바꾸어 분기표를 단순하게 만들어 보세,1,189,109,80,6862383
166,2,14.77,"[itertools.product 사용 가능한 경우 사용] : 93.3 점 👍
[고정값 상수화 필요] : 92.4 점 👍,
[의미 있는 함수명, 변수명 사용] : 80.6 점,
[str 단순 += 대신 join 사용] : 63.3 점,
[a = my_list[0], b = my_list[1] ... 대신 unpacking 사용 필요] : 41.1 점 🚨, (답변 시작)", 파일을 다시 훑어보니 목록의 원소를 하나씩 꺼내고 있어요. 작은 단계로 정해진 순서의 값은 unpacking으로 풀어 주면 한 번에 읽혀요! 💫  1. 한 번 더 확인해 보니 목록의 원소를 하나씩 꺼내고 있어요. 조금만 시간을 내서 정해진 순서의 값은 unpacking으로 풀어 주면 한 번에 읽혀요. 🍀  3. 작은 ,1,182,102,80,6862383
167,2,14.79,"[조건문 중첩 대신 any, all 사용] : 95.4 점 👍
[비어 있는 문자열 여부 판단 간소화] : 91.1 점 👍,
[유사한 변수명 통일] : 79.7 점,
[prefix, suffix 검사 시 startswith(), endswith() 사용] : 74.5 점,
[assertion을 제어 메커니즘으로 사용하면 안됨] : 28.2 점 🚨, (답변 시작)", 작은 신호를 짚어 보니 assert가 실행 흐름을 대신하고 있어요. 조금만 시간을 내서 검증이 필요한 분기는 명시적인 예외 처리로 바꾸어야 배포 환경에서도 안전해요. 😺  1. 작은 신호를 짚어 보니 assert가 실행 흐름을 대신하고 있어요. 프로젝트를 아끼는 마음으로 검증이 필요한 분기는 명시적인 예외 처리로 바꾸어야 배포 환경에서도 안전,1,178,98,80,6862383
168,2,14.8,"[a = my_list[0], b = my_list[1] ... 대신 unpacking 사용 필요] : 97.4 점 👍,
[if-elif-elif-else 구문은 되도록 dict로 수정] : 95.3 점 👍,
[리스트 컴프리헨션 사용이 가능한 경우 사용] : 81.2 점
[지나치게 많은 들여쓰기 수정] : 75.1 점,
[동일한 인수 집합을 갖는 함수가 많은 경우 클래스화 고려] : 7.5 점 🚨, (답변 시작)", 천천히 살펴보면 같은 설정을 계속 받는 함수가 여러 개예요. 조금만 시간을 내서 공통 상태를 가진 객체로 바꾸면 인자 전달이 가벼워지고 역할도 선명해져요.  1. 📍 1. 작은 신호를 짚어 보니 같은 설정을 계속 받는 함수가 여러 개예요. 조금만 시간을 내서 공통 상태를 가진 객체로 바꾸면 인자 전달이 가벼워지고 역할도 선명해져요.  ,1,197,117,80,6862383
169,2,14.81,"[빈도수, 반복문, 경로명 리스트 추출 시 collections, itertools, glob 사용] : 96.2 점 👍,
[제너레이터 표현식 사용이 가능한 경우 사용] : 95.9 점 👍,
[prefix, suffix 검사 시 startswith(), endswith() 사용] : 91.3 점 👍,
[주석 처리된 코드 제거] : 84.1 점,
[상태 값 조건이 있는 if-elif-elif-else 있는 경우 클래스화 고려] : 82.5 점 (답변 시작)", 파일을 다시 훑어보니 상태에 따라 갈라지는 조건문이 길게 이어져요. 조금만 시간을 내서 상태별 동작을 클래스로 나누면 새 상태를 더할 때 기존 조건문을 덜 건드려도 돼요.  🧼  🧼  📌 작은 신호를 짚어 보니 파일을 다시 훑어 보니 상태를 확인하기 위한 조건문이 길게 이어져요. 조금만 시간을 내서 상태별 동작을 클래스로 나누면,1,196,116,80,6862383
170,2,14.79,"[함수의 인자가 유동적인 경우 처리 권장] : 91.2 점 👍,
[zip 사용 가능한 경우 사용] : 50.0 점 🚨,
[100 line 이상 함수 분리, docstring 필요] : 47.1 점 🚨,
[상태 값 조건이 있는 if-elif-elif-else 있는 경우 클래스화 고려] : 13.1 점 🚨
[동일 인자 type 통일] : 12.5 점 🚨, (답변 시작)", 한 번 더 확인해 보니 같은 의미의 인수에서 type 표기가 통일되지 않았어요. 🎯 조금만 시간을 내서 인수의 type을 인수의리를 인수로 바꾸면 호출하는 쪽도 덜 헷갈려요!  2. 🙌  12. 🧼 한 번 더 확인해 보니 같은 의미의 인수에서 type 표기가 통일되지 않았어요. 조금만 시간을 내서 인수의 type을 인수로,1,185,105,80,6862383
171,2,14.81,"[비어 있는 문자열 여부 판단 간소화] : 98.2 점 👍,
[key=itemgetter(""key"") 사용 권장] : 94.4 점 👍,
[if-elif-elif-else 구문은 되도록 dict로 수정] : 21.6 점 🚨
[파일 단순 읽기/쓰기는 Path 사용] : 11.5 점 🚨,
[동일 인자 type 통일] : 8.0 점 🚨, (답변 시작)", 작은 신호를 짚어 보니 같은 의미의 인수에서 type 표기가 통일되지 않았어요. 살짝 인수의 type을 인수의rijst를 따라 맞추면 호출하는 쪽도 덜 헷갈려요. 1. 👣  🍀 1️⃣ 천천히 살펴보면 같은 의미의 인수가 있어요. 작은 단계로 인수의 type을 인수의rijst를 따라 맞추면 호출하는 쪽,1,181,101,80,6862383
172,2,14.79,"[조건문 중첩 대신 any, all 사용] : 97.2 점 👍,
[클래스 내부에서만 쓰이는 속성, 메서드 (접두사 있음) 호출 비 권장] : 83.8 점,
[함수 인수 type hint 필요] : 77.5 점
[import 순서 준수] : 72.0 점,
[if-elif-elif-else 구문은 되도록 dict로 수정] : 24.8 점 🚨, (답변 시작)", 작은 신호를 짚어 보니 조건 분기가 길게 늘어진 상태예요. 한 번에 값에 따른 선택이라면 dict 매핑으로 바꾸어 분기표를 단순하게 만들어 보세요. 🙌  1. 작은 신호를 짚어 보니 조건 분기가 길게 늘어진 상태예요. 기록을 남기듯 값에 따른 선택이라면 dict 매핑으로 바꾸어 분기표를 단순하게 만들어 보세요.  2. 파일을 다시 훑어보니 ,1,182,102,80,6862383
173,2,14.85,"[불필요한 변수 생성 대신 defaultdict 권장] : 99.5 점 👍,
[리스트 컴프리헨션 사용이 가능한 경우 사용] : 97.8 점 👍
[미 사용 변수/함수 제거] : 96.0 점 👍,
[assertion을 제어 메커니즘으로 사용하면 안됨] : 92.6 점 👍,
[제너레이터 표현식 사용이 가능한 경우 사용] : 74.2 점, (답변 시작)", 천천히 살펴보면 한 번만 쓸 중간 목록가 만들어지고 있어요. 손이 닿는 자리부터 한 번만 순회한다면 제너레이터 표현식이 메모리를 아껴 줄 거예요. 1️⃣ 1️⃣ 파일을 다시 훑어보니 한 번만 쓸 중간 목록이 만들어지고 있어요. 조금만 시간을 내서 한 번만 순회한다면 제너레이터 표현식이 메모리를 아껴 줄 거예요. 1️⃣ 1️⃣ 파일을 ,1,177,97,80,6862383
174,2,14.78,"[문자열 단순 연결보다는 f-string 사용] : 93.5 점 👍,
[매우 간결한 변환은 map 사용] : 91.8 점 👍,
[함수의 인수를 변경 가능한 default value로 하지 않아야 함] : 47.6 점 🚨,
[README.md, pyproject.toml 필요] : 36.9 점 🚨
[파일 단순 읽기/쓰기는 Path 사용] : 13.9 점 🚨, (답변 시작)", 파일을 다시 훑어보니 파일을 다시 읽고 쓰려고 직접 열고 닫고 있어요. 살짝 Path의 읽기와 쓰기 메서드를 쓰면 파일 작업이 가볍게 읽혀요. 1. 🧼 2. 작은 신호를 짚어 보니 파일을 다시 읽고 쓰려고 직접 열고 닫고 있어요. 살짝 Path의 읽기와 쓰기 메서드를 쓰면 파일 작업이 가볍게 읽혀요. 1.  🎯  📖 ,1,183,103,80,6862383
175,2,14.79,"[문자열 단순 연결보다는 f-string 사용] : 96.4 점 👍,
[zip 사용 가능한 경우 사용] : 93.4 점 👍,
[유사한 변수명 통일] : 90.9 점 👍
[기존 배열의 원소 추가 대신 extend 함수 사용] : 90.6 점 👍,
[경로를 path/to/file 이 아닌, pathlib 또는 os.path.join 사용] : 43.0 점 🚨, (답변 시작)", 한 번 더 확인해 보니 파일 경로를 문자열로 이어 붙이고 있어요. 살짝 pathlib이나 os.path.join으로 경로를 조립하면 운영체제가 달라도 안전해요.  1. 작은 신호를 짚어 보니 파일 작업이 장황하게 이어져요. 살짝 pathlib이나 os.path.join으로 경로를 조립하면 운영체제가 달라도 안전해요. 🍀  2. 천천히 살펴보면 파일 작업이 장황하게,1,179,99,80,6862383
176,2,14.8,"[예외를 삼키는 경우가 없어야 함] : 97.9 점 👍,
[정규 표현식 문자열은 r""..."" 권장] : 96.9 점 👍,
[zip 사용 가능한 경우 사용] : 91.3 점 👍
[str 단순 += 대신 join 사용] : 81.9 점,
[중복되는 사항 common 으로 빼기] : 60.8 점, (답변 시작)", 한 번 더 확인해 보니 같은 처리가 여러 곳에서 반복되고 있어요. 조금만 시간을 내서 공통 동작을 한곳으로 모으면 수정할 때 놓칠 구석이 줄어요. 6)  8. 한 번 더 확인해 보니 같은 처리가 여러 곳에서 반복되고 있어요. 조금만 시간을 내서 공통 동작을 한곳으로 모으면 바꿀 때 놓칠 구석이 줄어요. 6)  한 번에 보면 같은 처리가 여러,1,171,91,80,6862383
177,2,14.82,"[지나치게 많은 들여쓰기 수정] : 99.0 점 👍
[매우 간결한 변환은 map 사용] : 81.8 점,
[불필요한 print, logging 제거] : 70.8 점,
[비어 있는 문자열 여부 판단 간소화] : 51.0 점 🚨,
[동일 인자 type 통일] : 21.9 점 🚨, (답변 시작)", 차분히 검토해 보니 같은 의미의 인수에서 type 표기가 통일되지 않았어요. 프로젝트를 아끼는 마음으로 인수의 type을 인수의 뜻을 맞게 맞추면 호출하는 쪽도 덜 헷갈려요. 🙌  1. 작은 신호를 짚어 보니 파일을 다시 훑어보게 돼요. 살짝 인수의 type을 인수의 역할을 맞추면 호출하는 쪽도 덜 헷갈려,1,169,89,80,6862383
178,2,14.22,"[지나치게 많은 들여쓰기 수정] : 97.4 점 👍
[Python 예약어를 변수명으로 사용하지 않아야 함] : 90.7 점 👍,
[비어 있는 문자열 여부 판단 간소화] : 48.3 점 🚨,
[if-elif-elif-else 구문은 되도록 dict로 수정] : 24.4 점 🚨,
[기존 배열의 원소 추가 대신 extend 함수 사용] : 24.4 점 🚨, (답변 시작)", 천천히 살펴보면 목록 원소를 하나씩 추가하고 있어요! 작은 단계로 여러 값을 더할 때는 extend를 쓰면 의도가 정확히 전달돼요. 🧼  1️⃣ 다음 변경을 생각하면 목록 원소를 하나씩 추가하고 있어요. 작은 단계로 여러 값을 더할 때는 extend를 쓰면 의도가 정확히 전달돼요. 1️⃣ 📌  2. 가독성에 집중해 보면 들여 쓰기 단계가 깊어 흐름을 따라가기 어려워요. ,1,184,104,80,6862383
179,2,14.22,"[assertion을 제어 메커니즘으로 사용하면 안됨] : 99.3 점 👍,
[함수명, 반환값 간 일치] : 90.6 점 👍,
[제너레이터 표현식 사용이 가능한 경우 사용] : 81.1 점,
[비어 있는 문자열 여부 판단 간소화] : 75.8 점,
[zip 사용 가능한 경우 사용] : 32.3 점 🚨 (답변 시작)", 테스트하는 마음으로 보면 두 목록을 인덱스로 읽고 있어요. 살짝 나란히 읽는 값들은 zip으로 읽어 보면 인덱스 실수를 막을 수 있어요. 🧼  📌 1. 한 번 더 확인해 보니 두 목록을 인덱스로 읽고 있어요. 살짝 나란히 읽는 값들은 zip으로 확인하면 인덱스 실수를 막을 수 있어요.  2. 한 번 더 확인해 보니 두 목록을 인덱스로 읽고 있어요. 살짝,1,173,93,80,6862383
180,2,14.2,"[숫자 값은 위쪽에 상수로] : 97.0 점 👍,
[if-elif-elif-else 구문은 되도록 dict로 수정] : 93.0 점 👍,
[고정값 상수화 필요] : 74.9 점
[문자열 단순 연결보다는 f-string 사용] : 32.0 점 🚨,
[빈도수, 반복문, 경로명 리스트 추출 시 collections, itertools, glob 사용] : 6.0 점 🚨, (답변 시작)", 한 번 더 확인해 보니 표준 라이브러리로 줄일 수 있는 반복이 보여요. 조금만 시간을 내서 빈도에는 collections를 반복 조합에는 itertools를 경로 모으기에는 glob을 쓰면 표준 도구의 힘을 빌릴 수 있어요. 📌  1. 천천히 살펴보면 표준 도구의 힘을 빌릴 수 있는 반복이 보여요. 조금만 시간을 내서 빈도에는 collections를 경로 모으기에는 glob,1,188,108,80,6862383
181,2,14.19,"[숫자 값은 위쪽에 상수로] : 98.5 점 👍,
[고정값 상수화 필요] : 82.2 점,
[예외의 종류 (OOOError 등) 구체적 명시 권장] : 68.6 점,
[기존 배열의 원소 추가 대신 extend 함수 사용] : 63.4 점,
[100 line 이상 함수 분리, docstring 필요] : 12.6 점 🚨 (답변 시작)", 한 번 더 확인해 보니 하나의 함수가 너무 많은 일을 하고 있어요. 천천히 책임별로 나누고 docstring을 붙이면 테스트와 수정이 한결 수월해져요.  🎯  1️⃣ 한 번 더 확인해 보니 하나의 함수가 너무 많은 일을 하고 있어요. 조금만 시간을 내서 책임별로 나누고 docstring을 붙이면 테스트와 수정이 한결 수월해져요.  🎯   1️⃣ 파일,1,174,94,80,6862383
182,2,14.23,"[동일한 인수 집합을 갖는 함수가 많은 경우 클래스화 고려] : 95.3 점 👍,
[동일 인자 type 통일] : 90.6 점 👍,
[함수의 인자가 유동적인 경우 처리 권장] : 64.1 점
[if-elif-elif-else 구문은 되도록 dict로 수정] : 35.4 점 🚨,
[개수 세기에 count 함수 사용] : 18.4 점 🚨, (답변 시작)", 작은 신호를 짚어 보니 값의 개수를 세려고 직접 순회하고 있어요. 한 번에 단순한 횟수 확인은 count에 맡기면 코드가 짧고 분명해져요. 1️⃣ 1️⃣ 작은 신호를 짚어 보니 값의 개수를 세려고 직접 순회하고 있어요. 한 번에 단순한 횟수 확인은 count에 맡기면 코드가 짧고 분명해져요. 1️⃣ 1️⃣ 작은 신호를 짚어 보니,1,185,105,80,6862383
183,2,14.19,"[조건문 중첩 대신 any, all 사용] : 97.2 점 👍,
[불필요한 print, logging 제거] : 95.5 점 👍
[100 line 이상 함수 분리, docstring 필요] : 90.6 점 👍,
[파일 열기, 닫기 시 with open(...) 사용] : 90.3 점 👍,
[매우 간결한 변환은 map 사용] : 33.5 점 🚨, (답변 시작)", 작은 신호를 짚어 보니 아주 단순한 변환을 긴 반복문으로 풀고 있어요. 조금만 시간을 내서 변환 규칙이 단순하면 map으로 핵심 연산을 또렷하게 표현할 수 있어요. 📌  1. 작은 신호를 짚어 보니 아주 단순한 변환을 긴 반복문으로 풀고 있어요. 조금만 시간을 내서 변환 규칙이 단순하면 map으로 핵심 연산을 또렷하게 표현할 수 있어요.  1️⃣ 천천,1,179,99,80,6862383
184,2,14.2,"[유사한 이름의 함수끼리 가까이 위치하도록 수정 권장] : 99.3 점 👍,
[enumerate 사용 가능한 경우 사용] : 74.2 점,
[한 줄의 길이는 일정 글자 이내로] : 43.2 점 🚨
[함수의 인수를 변경 가능한 default value로 하지 않아야 함] : 39.9 점 🚨,
[중복되는 사항 common 으로 빼기] : 35.0 점 🚨, (답변 시작)", 파일을 다시 훑어보니 같은 처리가 여러 곳에서 반복되고 있어요. 기록을 남기듯 공통 동작을 한곳으로 모으면 수정할 때 놓칠 구석이 줄어요! 💫  1️⃣ 작은 신호를 짚어 보니 같은 처리가 여러 곳에서 반복되고 있어요. 살짝 공통 동작을 한곳으로 모으면 수정할 때 놓칠 구석이 줄어요.  ⚠️  2️⃣ 살짝 넘겨집기 보니 ,1,184,104,80,6862383
185,2,14.22,"[동일한 인수 집합을 갖는 함수가 많은 경우 클래스화 고려] : 98.5 점 👍
[함수의 인수를 변경 가능한 default value로 하지 않아야 함] : 96.2 점 👍,
[빈 파일 TODO 표시 필요] : 66.0 점,
[리스트 컴프리헨션 사용이 가능한 경우 사용] : 44.2 점 🚨,
[기존 배열의 원소 추가 대신 extend 함수 사용] : 37.0 점 🚨, (답변 시작)", 파일을 다시 훑어보니 목록 원소를 하나씩 추가하고 있어요. 조금만 시간을 내서 여러 값을 더할 때는 extend를 쓰면 의도가 정확히 전달돼요. ✨  1️⃣ 천천히 살펴보면 기본 인수를 고정해 두고 있어요. 💫 조금만 시간을 내서 리스트나 딕셔너리를 기본 인수로 두면 확장에 더 유연해져요.  6️⃣ 천천히 살펴보면 기본 인수를 고정해 두고 있,1,186,106,80,6862383
186,2,14.21,"[f = lambda x: ... 보다는 def f(x): return ... 를 사용] : 96.2 점 👍
[함수의 인자가 하나로 묶을 수 있는 경우 처리 권장] : 96.1 점 👍,
[key=itemgetter(""key"") 사용 권장] : 90.2 점 👍,
[고정값 상수화 필요] : 31.5 점 🚨,
[함수의 인수를 변경 가능한 default value로 하지 않아야 함] : 9.5 점 🚨, (답변 시작)", 코드의 결을 살펴보면 기본 인수에 리스트나 딕셔너리를 넣고 있어요. 조금만 시간을 내서 리스트나 딕셔너리는 None으로 두고 함수 안에서 만들면 호출 사이에 상태가 섞이지 않아요. ✨  2. 협업 관점에서 보면 기본 인수에 리스트나 딕셔너리를 넣고 있어요. 조금만 시간을 내서 리스트나 딕셔너리는 None으로 두고 함수 안에서 만들면 호출 사이에 상태가 섞이지 않아요. 1) ,1,191,111,80,6862383
187,2,14.18,"[함수의 인자가 하나로 묶을 수 있는 경우 처리 권장] : 97.7 점 👍
[상태 값 조건이 있는 if-elif-elif-else 있는 경우 클래스화 고려] : 91.8 점 👍,
[함수 docstring, 함수명 의미 일치] : 90.5 점 👍,
[불필요한 변수 생성 대신 defaultdict 권장] : 69.2 점,
[인덱스 반환에 index 함수 사용] : 68.5 점, (답변 시작)", 리팩터링 관점에서는 위치를 찾기 위해 직접 반복하고 있어요. 조금만 시간을 내서 첫 위치가 필요할 때는 index를 쓰면 목적이 바로 보입니다. 🧼  1. 작은 신호를 놓치지 않아요. 파일을 다시 훑어보니 위치를 찾기 위해 직접 반복하고 있어요. 살짝 첫 위치가 필요할 때는 index를 쓰면 목적이 바로 보입니다. 🚀  2. 작은 신호를 놓치지 않아요. 작은 신호,1,186,106,80,6862383
188,2,14.8,"[함수 docstring, 함수명 의미 일치] : 96.7 점 👍,
[동일한 인수 집합을 갖는 함수가 많은 경우 클래스화 고려] : 94.7 점 👍,
[미 사용 변수/함수 제거] : 62.1 점,
[100 line 이상 함수 분리, docstring 필요] : 22.9 점 🚨,
[지나치게 많은 들여쓰기 수정] : 18.8 점 🚨 (답변 시작)", 한 번 더 확인해 보니 들여쓰기 단계가 깊어 흐름을 따라가기 어려워요. 작은 단계로 작은 함수로 쪼개면 조건의 미로가 얕아져요.  1️⃣ 1️⃣ 작은 신호를 짚어 보니 들여쓰기 단계가 깊어 흐름을 따라가기 어려워요. 작은 단계로 작은 함수로 쪼개면 조건의 미로가 얕아져요.  1️⃣ 1️⃣ 작은 신호를 짚어 보니,1,178,98,80,6862383
189,2,14.79,"[예외를 삼키는 경우가 없어야 함] : 98.9 점 👍,
[100 line 이상 함수 분리, docstring 필요] : 97.6 점 👍,
[a = my_list[0], b = my_list[1] ... 대신 unpacking 사용 필요] : 94.4 점 👍,
[예외의 종류 (OOOError 등) 구체적 명시 권장] : 93.7 점 👍
[파일 단순 읽기/쓰기는 Path 사용] : 84.4 점, (답변 시작)", 차분히 검토해 보니 파일을 다시 읽고 쓰기 위해 직접 열고 닫고 있어요. 기록을 남기듯 Path의 읽기와 쓰기 메서드를 쓰면 파일 작업이 가볍게 읽혀요. 1️⃣ 1. 한 번 더 확인해 보니 파일을 다시 읽고 쓰기 위해 직접 열고 닫고 있어요. 조금만 시간을 내서 Path의 읽기와 쓰기 메서드를 쓰면 파일 작업이 가볍게 읽혀요. 1️⃣ 1. 파일을,1,191,111,80,6862383
190,2,14.78,"[경로를 path/to/file 이 아닌, pathlib 또는 os.path.join 사용] : 94.0 점 👍,
[함수 docstring, 함수명 의미 일치] : 83.6 점,
[if a.get(""b"") ... 형태로 수정 필요] : 72.7 점
[prefix, suffix 검사 시 startswith(), endswith() 사용] : 62.9 점,
[str 단순 += 대신 join 사용] : 60.6 점, (답변 시작)", 한 번 더 확인해 보니 문자열을 반복해서 더하고 있어요. 기록을 남기듯 조각을 많이 합칠 때는 join으로 모으면 성능과 의도가 함께 좋아져요.  1. 🧼  1. 작은 신호를 짚어 보니 파일을 다시 경로로 읽고 있어요. 파일을 다시 pathlib이나 os.path.join으로 읽으면 운영체제가 달라도 안전해요!  🍀  2. 코드 산책을,1,183,103,80,6862383
191,2,14.81,"[미 사용 변수/함수 제거] : 94.8 점 👍,
[유사한 이름의 함수끼리 가까이 위치하도록 수정 권장] : 86.6 점,
[a = my_list[0], b = my_list[1] ... 대신 unpacking 사용 필요] : 23.8 점 🚨
[고정값 상수화 필요] : 22.7 점 🚨,
[str 단순 += 대신 join 사용] : 2.4 점 🚨, (답변 시작)", 작은 신호를 짚어 보니 문자열을 반복해서 더하고 있어요. 기록을 남기듯 조각을 많이 합칠 때는 join으로 모으면 성능과 의도가 함께 좋아져요. 😺  1️⃣ 작은 신호를 짚어 보니 문자열을 반복해서 더하고 있어요. 기록을 남기듯 조각을 많이 합칠 때는 join으로 모으면 성능과 의도가 함께 좋아져요. 🎯  2. 개발자 입장에서 보면 파일을 다시 불러,1,186,106,80,6862383
192,2,14.8,"[함수의 인자가 유동적인 경우 처리 권장] : 92.8 점 👍,
[enumerate 사용 가능한 경우 사용] : 90.8 점 👍,
[정규 표현식 문자열은 r""..."" 권장] : 90.6 점 👍,
[if a.get(""b"") ... 형태로 수정 필요] : 15.9 점 🚨
[의미 있는 함수명, 변수명 사용] : 8.7 점 🚨, (답변 시작)", 팀원이 처음 본다고 생각하면 역할을 짐작하기 어려운 함수나 변수 이름이 보여요. 작은 단계로 무엇을 하는지 드러나는 이름으로 바꾸면 설명서 없이도 코드가 읽혀요.  7. 🧼  1. 전체 흐름을 놓고 보면 역할을 짐작하기 어려운 함수나 변수 이름이 보여요. 기록을 남기듯 무엇을 하는지 드러나는 이름으로 바꾸면 설명서 없이도 코드가 읽,1,183,103,80,6862383
193,2,14.8,"[함수 docstring, 함수명 의미 일치] : 98.1 점 👍,
[유사한 이름의 함수끼리 가까이 위치하도록 수정 권장] : 90.8 점 👍,
[비어 있는 문자열 여부 판단 간소화] : 83.5 점,
[유사한 변수명 통일] : 64.7 점
[itertools.product 사용 가능한 경우 사용] : 18.9 점 🚨, (답변 시작)", 이번 수정에서는 조합을 만들려고 중첩 반복문을 쓰고 있어요. 이왕이면 모든 조합이 필요할 때는 itertools.product로 의도를 또렷하게 드러내요.  1. 🧼  1. 코드를 따라가 보니 조합을 만들려고 중첩 반복문을 쓰고 있어요. 조금만 시간을 내서 모든 조합이 필요할 때는 itertools.product로 의도를 또렷하게 드러내요.  1.,1,174,94,80,6862383
194,2,14.78,"[미 사용 변수/함수 제거] : 95.3 점 👍,
[함수 docstring, 함수명 의미 일치] : 74.4 점,
[유사한 이름의 함수끼리 가까이 위치하도록 수정 권장] : 67.6 점,
[중복되는 사항 common 으로 빼기] : 50.3 점 🚨
[숫자 값은 위쪽에 상수로] : 13.4 점 🚨, (답변 시작)", 작은 신호를 짚어 보니 로직 사이에 매직 넘버가 숨어 있어요. 살짝 매직 넘버를 파일 상단 상수로 올리면 숫자가 왜 필요한지 바로 보여요. 1. 1️⃣ 작은 신호를 짚어 보니 로직 사이에 매직 넘버가 숨어 있어요. 테스트를 떠올리며 매직 넘버를 파일 상단 상수로 올리면 숫자가 왜 필요한지 바로 보여요. 1. 1️⃣ 천천히 살펴보면 같은 이,1,176,96,80,6862383
195,2,14.82,"[함수의 인자가 유동적인 경우 처리 권장] : 67.5 점,
[인덱스 반환에 index 함수 사용] : 39.2 점 🚨,
[지나치게 많은 들여쓰기 수정] : 38.7 점 🚨,
[zip 사용 가능한 경우 사용] : 32.3 점 🚨,
[숫자 값은 위쪽에 상수로] : 25.5 점 🚨 (답변 시작)", 한 번 더 확인해 보니 로직 사이에 매직 넘버가 숨어 있어요. 개발자 마음으로 매직 넘버를 파일 상단의 상수로 올리면 숫자가 왜 필요한지 바로 보여요. 1️⃣ 1️⃣ 작은 신호를 짚어 보니 파일이 다시 커졌어요. 살짝 매직 넘버를 파일 위쪽의 상수로 올리면 숫자가 왜 필요한지 바로 보여요. 2️⃣ 4️⃣ 한 번 더 확인해 보니 파일,1,174,94,80,6862383
196,2,14.82,"[지나치게 많은 들여쓰기 수정] : 94.1 점 👍,
[언패킹 시 숫자 인덱스 사용하지 말 것 (변수에 바로 할당)] : 92.2 점 👍,
[빈도수, 반복문, 경로명 리스트 추출 시 collections, itertools, glob 사용] : 74.6 점,
[유사한 변수명 통일] : 59.0 점 🚨,
[비어 있는 문자열 여부 판단 간소화] : 42.5 점 🚨 (답변 시작)", 차분히 검토해 보니 빈 문자열 검사식이 불필요하게 길어요. 작은 단계로 파이썬다운 조건 검사로 바꾸면 조건식이 가볍게 읽혀요.  🚀  📌  1. 천천히 살펴보면 조건식이 가볍게 읽혀요. 이번 수정에서는 파이썬다운 조건 검사로 바꾸면 조건식이 가볍게 읽혀요.  📌  📌 1. 천천히 살펴보면 조건식이 가볍,1,188,108,80,6862383
197,2,14.79,"[key=itemgetter(""key"") 사용 권장] : 90.0 점 👍,
[주석 처리된 코드 제거] : 68.5 점,
[if-elif-elif-else 구문은 되도록 dict로 수정] : 68.4 점
[조건문 중첩 대신 any, all 사용] : 2.9 점 🚨,
[상태 값 조건이 있는 if-elif-elif-else 있는 경우 클래스화 고려] : 1.8 점 🚨, (답변 시작)", 한 번 더 확인해 보니 상태에 따라 갈라지는 조건문이 길게 이어져요. 조금만 시간을 내서 상태별 동작을 클래스로 나누면 새 상태를 더할 때 기존 조건문을 덜 건드려도 돼요. 😺  📌 1. 한 번 더 확인해 보니 상태에 따라 갈라지는 조건문이 길게 이어져요. 조금만 시간을 내서 상태별 동작을 클래스로 나누면 새 상태를 더할 때 기존 조,1,189,109,80,6862383
198,2,14.78,"[Python 예약어를 변수명으로 사용하지 않아야 함] : 92.3 점 👍,
[예외의 종류 (OOOError 등) 구체적 명시 권장] : 91.5 점 👍,
[매우 간결한 변환은 map 사용] : 87.2 점,
[언패킹 시 숫자 인덱스 사용하지 말 것 (변수에 바로 할당)] : 59.4 점 🚨
[함수명, 반환값 간 일치] : 55.7 점 🚨, (답변 시작)", 차분히 검토해 보니 함수 이름과 반환값의 약속이 어긋나는 곳이 있어요. 조금만 시간을 내서 반환하는 값을 이름에 맞추면 호출부에서 예상이 빗나가지 않아요. 🧼 1. 📌  1. 기록을 남기듯 반환하는 값을 이름에 맞추면 호출부에서 예상이 빗나가지 않아요. 한 번 더 확인해 보니 함수 이름과 반환값의 약속이 어긋나는 곳이 있어요. 조금만 시간을 내,1,187,107,80,6862383
199,2,14.8,"[if a.get(""b"") ... 형태로 수정 필요] : 98.2 점 👍
[유사한 변수명 통일] : 96.2 점 👍,
[언패킹 시 숫자 인덱스 사용하지 말 것 (변수에 바로 할당)] : 95.5 점 👍,
[상태 값 조건이 있는 if-elif-elif-else 있는 경우 클래스화 고려] : 68.8 점,
[함수 docstring, 함수명 의미 일치] : 22.8 점 🚨, (답변 시작)", 파일을 다시 훑어보니 docstring과 함수가 약속한 역할을 맞추지 못하고 있어요. 작은 단계로 docstring이 담긴 일을 곧은 이름으로 바꾸면 다음 사람이 안심하고 호출할 수 있어요.  2️⃣ 12. 작은 신호를 짚어 보니 파일의 흐름을 따라가려고 보면 작은 신호가 보여요. 천천히 다음 변경을 생각하면 작은 신호를 이름으로 꺼내면 파일이 다시 읽혀요.  1️⃣ 12. ,1,191,111,80,6862383
200,3,14.86,"[주석 처리된 코드 제거] : 98.8 점 👍,
[import 순서 준수] : 76.1 점,
[enumerate 사용 가능한 경우 사용] : 75.6 점,
[불필요한 print, logging 제거] : 61.0 점,
[매우 간결한 변환은 map 사용] : 27.3 점 🚨 (답변 시작)", 테스트를 떠올리면 아주 단순한 변환을 긴 반복문으로 풀고 있어요. 팀과 맞춰 보며 변환 규칙이 단순하면 map으로 핵심 연산을 또렷하게 표현할 수 있어요.  1. 천천히 변환 규칙이 단순하면 map으로 핵심 연산을 또렷하게 표현할 수 있어요.  2️⃣ 유지보수 시선으로 보면 같은 변환을 여러 곳에서 반복하고 있어요. 조금만 시간을 내서 변환 규칙이 단,1,164,84,80,6862383
201,3,14.85,"[상태 값 조건이 있는 if-elif-elif-else 있는 경우 클래스화 고려] : 93.4 점 👍
[파일 열기, 닫기 시 with open(...) 사용] : 92.7 점 👍,
[유사한 변수명 통일] : 90.7 점 👍,
[매우 간결한 변환은 map 사용] : 34.8 점 🚨,
[README.md, pyproject.toml 필요] : 31.6 점 🚨, (답변 시작)", 리뷰 돋보기를 대 보니 시작 방법을 알려 줄 README.md와 pyproject.toml이 필요해 보여요. 필요한 곳부터 설치 방법과 실행 환경을 적어 두면 처음 온 사람도 바로 출발할 수 있어요! 🧼  2. 코드의 맥락을 보면 같은 역할의 변수 이름이 제각각이에요. 필요한 곳부터 같은 개념에는 같은 이름 규칙을 쓰면 읽는 속도가 훨씬 빨라져요,1,186,106,80,6862383
202,3,14.79,"[의미 있는 함수명, 변수명 사용] : 98.9 점 👍,
[prefix, suffix 검사 시 startswith(), endswith() 사용] : 97.2 점 👍,
[if-elif-elif-else 구문은 되도록 dict로 수정] : 72.2 점,
[미 사용 변수/함수 제거] : 31.2 점 🚨,
[동일한 인수 집합을 갖는 함수가 많은 경우 클래스화 고려] : 23.2 점 🚨 (답변 시작)", 🐣 살펴본 김에 보면 같은 설정을 계속 받는 함수가 여러 개예요. 천천히 공통 상태를 가진 객체로 묶으면 인자 전달이 가벼워지고 역할도 선명해져요. 🌈  2️⃣ 다음 변경을 생각하면 같은 설정을 계속 받는 함수가 여러 개예요. 테스트를 떠올리며 공통 상태를 가진 객체로 묶으면 인자 전달이 가벼워지고 역할도 선명해져요.  1. 📌,1,190,110,80,6862383
203,3,14.83,"[문자열 단순 연결보다는 f-string 사용] : 97.4 점 👍,
[함수의 인자가 유동적인 경우 처리 권장] : 83.8 점
[유사한 이름의 함수끼리 가까이 위치하도록 수정 권장] : 68.4 점,
[매우 간결한 변환은 map 사용] : 68.1 점,
[enumerate 사용 가능한 경우 사용] : 36.0 점 🚨, (답변 시작)", 한 번 더 확인해 보니 반복문에서 번호를 직접 관리하고 있어요. 테스트를 떠올리며 순서와 값을 함께 쓸 때는 enumerate가 더 자연스럽고 안전해요. 1️⃣  차분히 검토해 보니 같은 처리를 여러 곳에서 반복하고 있어요. 다음 변경 전에 공통 동작을 한곳으로 모으면 수정할 때 놓칠 구석이 줄어요. 🧩  2️⃣ 가독성에 집중해 보면 같은 고,1,176,96,80,6862383
204,3,14.8,"[itertools.product 사용 가능한 경우 사용] : 92.3 점 👍,
[README.md, pyproject.toml 필요] : 90.9 점 👍,
[함수 인수 type hint 필요] : 90.4 점 👍
[중복되는 사항 common 으로 빼기] : 88.9 점,
[str 단순 += 대신 join 사용] : 87.7 점, (답변 시작)", 테스트를 떠올리면 문자열을 반복해서 더하고 있어요. 살펴본 김에 조각을 많이 합칠 때는 join으로 모으면 성능과 의도가 함께 좋아져요.  1. 리뷰 돋보기를 대 보니 같은 처리가 여러 곳에서 반복되고 있어요. 살펴본 김에 조각을 많이 합칠 때는 join으로 모으면 성능과 의도가 함께 좋아져요.  2. 테스트를 떠올리면 같은 처리가 여러 곳에서 반복되고 있어요. 한 호흡 ,1,169,89,80,6862383
205,3,14.78,"[함수의 인자가 하나로 묶을 수 있는 경우 처리 권장] : 97.8 점 👍
[동일한 인수 집합을 갖는 함수가 많은 경우 클래스화 고려] : 93.5 점 👍,
[if a.get(""b"") ... 형태로 수정 필요] : 40.9 점 🚨,
[import 순서 준수] : 12.0 점 🚨,
[함수 docstring, 함수명 의미 일치] : 1.5 점 🚨, (답변 시작)", 리뷰 메모를 보면 docstring과 함수 동작이 서로 다르게 읽혀요. 테스트를 떠올리며 docstring과 함수가 약속한 역할을 맞추면 다음 사람이 안심하고 호출할 수 있어요.  1. 천천히 docstring과 함수가 약속한 역할을 맞추면 다음 사람이 안심하고 호출할 수 있어요.  2. 필요한 곳부터 docstring과 함수가 약속한 역할을 맞추면 다음 사람이 안심하고 호출할 수 있어요.  🎯  3,1,186,106,80,6862383
206,3,14.8,"[개수 세기에 count 함수 사용] : 99.5 점 👍,
[지나치게 많은 들여쓰기 수정] : 96.8 점 👍
[enumerate 사용 가능한 경우 사용] : 90.8 점 👍,
[파일 단순 읽기/쓰기는 Path 사용] : 89.7 점,
[의미 있는 함수명, 변수명 사용] : 79.9 점, (답변 시작)", 천천히 살펴보면 역할을 짐작하기 어려운 함수나 변수 이름이 보여요. 테스트를 떠올리며 무엇을 하는지 드러나는 이름으로 바꾸면 설명서 없이도 코드가 읽혀요. 🎯  1️⃣ 코드의 맥락을 보면 역할을 짐작하기 어려운 함수나 변수 이름이 보여요. 테스트를 떠올리며 무엇을 하는지 드러나는 이름으로 바꾸면 설명서 없이도 코드가 읽혀요.  1️⃣ 테스트를 떠올리면 역할을 짐작하기 어,1,172,92,80,6862383
207,3,14.82,"[enumerate 사용 가능한 경우 사용] : 92.8 점 👍,
[파일 단순 읽기/쓰기는 Path 사용] : 92.2 점 👍
[리스트 컴프리헨션 사용이 가능한 경우 사용] : 91.2 점 👍,
[매우 간결한 변환은 map 사용] : 79.5 점,
[if-elif-elif-else 구문은 되도록 dict로 수정] : 66.8 점, (답변 시작)", 천천히 살펴보면 조건 분기가 길게 늘어진 곳이 있어요. 테스트를 떠올리며 값에 따른 선택이라면 dict 매핑으로 바꾸어 분기표를 단순하게 만들어 보세요!  1️⃣ 코드의 맥락을 보면 조건 분기가 길게 늘어진 곳이 있어요. 테스트를 떠올리며 값에 따른 선택이라면 dict 매핑으로 바꾸어 분기표를 단순하게 만들어 보세요!  🧩  1️⃣ 코드의 맥락을 보면 조건 분,1,180,100,80,6862383
208,3,14.8,"[조건문 중첩 대신 any, all 사용] : 51.0 점 🚨,
[함수의 인수를 변경 가능한 default value로 하지 않아야 함] : 46.7 점 🚨,
[불필요한 print, logging 제거] : 44.5 점 🚨
[빈도수, 반복문, 경로명 리스트 추출 시 collections, itertools, glob 사용] : 32.0 점 🚨,
[고정값 상수화 필요] : 17.4 점 🚨, (답변 시작)", 바꿀 지점을 골라 보니 같은 고정값이 여러 곳에 흩어져 있어요. 기분 좋게 의미 있는 상수 이름으로 꺼내 두면 정책을 바꿀 때 한 번에 손볼 수 있어요. 🛠️  1️⃣ 다음 커밋에서 같은 고정값을 여러 곳에 흩어 두지 않으면 정책을 바꿀 때 한 번에 손볼 수 있어요.  2️⃣ 보너스처럼 의미 있는 상수 이름으로 꺼내 두면 정책을 바꿀 때 한 번에,1,192,112,80,6862383
209,3,14.77,"[한 줄의 길이는 일정 글자 이내로] : 99.0 점 👍,
[prefix, suffix 검사 시 startswith(), endswith() 사용] : 69.0 점,
[클래스 내부에서만 쓰이는 속성, 메서드 (접두사 있음) 호출 비 권장] : 48.9 점 🚨,
[함수의 인자가 하나로 묶을 수 있는 경우 처리 권장] : 35.9 점 🚨
[함수의 인자가 유동적인 경우 처리 권장] : 16.8 점 🚨, (답변 시작)", 다음 변경을 생각하면 개수가 바뀔 수 있는 인수를 고정해 두고 있어요. 필요한 곳부터 가변 인수는 *args나 **kwargs를 알맞게 쓰면 확장에 더 유연해져요! 1. 1️⃣ 한 발 물러서서 보면 개수가 바뀔 수 있는 인수를 고정해 두고 있어요. 🌿 테스트를 떠올리며 가변 인수는 *args나 **kwargs를 알맞게 쓰면 확,1,197,117,80,6862383
210,3,14.78,"[파일 열기, 닫기 시 with open(...) 사용] : 98.7 점 👍,
[prefix, suffix 검사 시 startswith(), endswith() 사용] : 96.4 점 👍,
[제너레이터 표현식 사용이 가능한 경우 사용] : 93.2 점 👍,
[인덱스 반환에 index 함수 사용] : 92.5 점 👍
[f = lambda x: ... 보다는 def f(x): return ... 를 사용] : 70.7 점, (답변 시작)", 현재 흐름에서는 이름이 필요한 동작이 lambda에 숨어 있어요. 테스트를 떠올리며 재사용하거나 설명이 필요한 로직은 def로 꺼내면 디버깅과 테스트가 편해져요.  1. 유지보수 시선으로 보면 같은 처리가 여러 곳에 흩어져 있어요. 한 호흡 쉬고 재사용하거나 설명이 필요한 로직은 def로 꺼내면 디버깅과 테스트가 편해져요.  2. 다시 살펴보니 같은 처리가 여러 곳에,1,190,110,80,6862383
211,3,14.8,"[함수 인수 type hint 필요] : 97.5 점 👍
[동일 인자 type 통일] : 87.6 점,
[f = lambda x: ... 보다는 def f(x): return ... 를 사용] : 81.1 점,
[의미 있는 함수명, 변수명 사용] : 64.7 점,
[한 줄의 길이는 일정 글자 이내로] : 44.4 점 🚨, (답변 시작)", 코드의 맥락을 보면 한 줄이 너무 길게 이어지는 곳이 있어요. 테스트를 떠올리며 줄을 적당히 나누면 작은 화면에서도 흐름을 놓치지 않아요! 3.  차분히 검토해 보니 한 발 물러서서 보면 문장이 너무 길게 이어지는 곳이 있어요. 작은 정성으로 줄을 적당히 나누면 작은 화면에서도 흐름을 놓치지 않아요.  2. 다음 변경 전에 테스트를 떠올리면 한 발 물러서서 보면 문장이 너,1,175,95,80,6862383
212,3,14.83,"[고정값 상수화 필요] : 99.5 점 👍,
[import 순서 준수] : 97.9 점 👍,
[리스트 컴프리헨션 사용이 가능한 경우 사용] : 96.2 점 👍
[매우 간결한 변환은 map 사용] : 91.8 점 👍,
[예외의 종류 (OOOError 등) 구체적 명시 권장] : 65.6 점, (답변 시작)", 테스트하는 마음으로 보면 너무 넓은 예외를 잡고 있어요. 필요한 곳부터 예상한 OOOError처럼 구체적인 예외만 잡으면 버그가 숨어버리지 않아요.  1. 코드의 맥락을 보면 너무 넓은 예외를 잡고 있어요. 필요한 곳부터 예상한 OOOError처럼 구체적인 예외만 잡으면 버그가 숨어버리지 않아요!  1. 코드의 맥락을 보면 너무 넓은 예외를 잡고 있어요,1,173,93,80,6862383
213,3,14.8,"[제너레이터 표현식 사용이 가능한 경우 사용] : 91.9 점 👍,
[함수명, 반환값 간 일치] : 90.7 점 👍,
[enumerate 사용 가능한 경우 사용] : 51.7 점 🚨,
[if a.get(""b"") ... 형태로 수정 필요] : 44.4 점 🚨
[유사한 변수명 통일] : 24.4 점 🚨, (답변 시작)", 코드의 맥락을 보면 비슷한 역할의 변수 이름이 제각각이에요. 테스트를 떠올리며 같은 개념에는 같은 이름 규칙을 쓰면 읽는 속도가 훨씬 빨라져요. 1️⃣ 🧩  1. 다음 변경 전에 같은 개념의 변수 이름을 제각각이에요. 한 호흡 쉬고 같은 개념에는 같은 이름 규칙을 쓰면 읽는 속도가 훨씬 빨라져요. 2️⃣  1. 코드 산책을 하다,1,179,99,80,6862383
214,3,14.79,"[a = my_list[0], b = my_list[1] ... 대신 unpacking 사용 필요] : 77.1 점,
[함수의 인자가 하나로 묶을 수 있는 경우 처리 권장] : 75.8 점,
[if-elif-elif-else 구문은 되도록 dict로 수정] : 66.8 점,
[zip 사용 가능한 경우 사용] : 66.1 점,
[파일 열기, 닫기 시 with open(...) 사용] : 63.0 점 (답변 시작)", 흐름을 따라가 보니 파일을 열고 닫는 일을 직접 관리하고 있어요. 다음 변경 전에 with open(...)으로 감싸면 예외가 나도 파일이 안전하게 닫혀요! 1. 한 발 물러서서 보면 파일을 열고 닫는 일을 직접 관리하고 있어요. 테스트하는 마음으로 with open(...)으로 감싸면 예외가 나도 파일이 안전하게 닫혀요. 2. 작은 신호를 짚어 보니 파일을 열고 닫는 일을 직접 ,1,192,112,80,6862383
215,3,14.81,"[if a.get(""b"") ... 형태로 수정 필요] : 73.1 점,
[함수 인수 type hint 필요] : 53.3 점 🚨
[중복되는 사항 common 으로 빼기] : 24.8 점 🚨,
[if-elif-elif-else 구문은 되도록 dict로 수정] : 10.5 점 🚨,
[함수명, 반환값 간 일치] : 5.1 점 🚨, (답변 시작)", 작은 개선을 찾다 보니 함수 이름과 반환값의 약속이 어긋나는 곳이 있어요. 다음 변경 전에 반환하는 값을 이름에 맞추면 호출부에서 예상이 빗나가지 않아요. 🌈  2. 수정할 곳을 찾다 보니 함수 이름과 반환값의 약속이 어긋나는 곳이 있어요. 테스트를 떠올리며 반환하는 값을 이름에 맞추면 호출부에서 예상이 빗나가지 않아요.  3. 테스트를 떠올리며 ,1,185,105,80,6862383
216,3,14.83,"[클래스 내부에서만 쓰이는 속성, 메서드 (접두사 있음) 호출 비 권장] : 88.2 점,
[인덱스 반환에 index 함수 사용] : 80.9 점,
[중복되는 사항 common 으로 빼기] : 19.3 점 🚨,
[불필요한 print, logging 제거] : 7.3 점 🚨
[함수명, 반환값 간 일치] : 7.1 점 🚨, (답변 시작)", 작은 개선을 찾다 보니 함수 이름과 반환값의 약속이 어긋나는 곳이 있어요. 필요한 곳부터 반환하는 값을 이름에 맞추면 호출부에서 예상이 빗나가지 않아요. 🌈  1. 유지보수 시선으로 보면 함수 이름과 반환값의 약속이 어긋나는 곳이 있어요. 테스트를 떠올리며 반환하는 값을 이름에 맞추면 호출부에서 예상이 빗나가지 않아요.  2. 작은 정성으로 보면 함수,1,184,104,80,6862383
217,3,14.8,"[함수 인수 type hint 필요] : 98.6 점 👍,
[100 line 이상 함수 분리, docstring 필요] : 96.2 점 👍
[import 순서 준수] : 40.6 점 🚨,
[a = my_list[0], b = my_list[1] ... 대신 unpacking 사용 필요] : 27.6 점 🚨,
[if a.get(""b"") ... 형태로 수정 필요] : 13.9 점 🚨, (답변 시작)"," 작은 개선을 찾다 보니 딕셔너리 키를 꺼내는 과정이 장황해요. 흐름을 따라 a.get(""b"")처럼 안전하게 꺼내면 누락된 키에서도 흐름이 부드러워요.  3. 작은 정성으로 테스트하는 방법을 찾다 보니 같은 조건의 반복이 보여요. 테스트를 떠올리며 여러 조건의 존재 여부는 any나 all에 맡기면 뜻이 훨씬 또",1,187,107,80,6862383
218,3,14.8,"[주석 처리된 코드 제거] : 97.6 점 👍,
[예외를 삼키는 경우가 없어야 함] : 97.2 점 👍
[기존 배열의 원소 추가 대신 extend 함수 사용] : 93.8 점 👍,
[a = my_list[0], b = my_list[1] ... 대신 unpacking 사용 필요] : 77.4 점,
[동일한 인수 집합을 갖는 함수가 많은 경우 클래스화 고려] : 64.4 점, (답변 시작)", 리뷰 메모를 보면 같은 설정을 계속 받는 함수가 여러 개예요. 다음 변경 전에 공통 상태를 가진 객체로 묶으면 인자 전달이 가벼워지고 역할도 선명해져요. 4. 리뷰 메모를 보면 같은 설정을 계속 받는 함수가 여러 개예요. 테스트를 떠올리며 공통 상태를 가진 객체로 묶으면 인자 전달이 가벼워지고 역할도 선명해져요. 5. 파일을 다시 훑어보니 ,1,189,109,80,6862383
219,3,14.8,"[매우 간결한 변환은 map 사용] : 98.4 점 👍
[지나치게 많은 들여쓰기 수정] : 96.1 점 👍,
[함수의 인자가 유동적인 경우 처리 권장] : 91.1 점 👍,
[파일 열기, 닫기 시 with open(...) 사용] : 57.8 점 🚨,
[itertools.product 사용 가능한 경우 사용] : 5.5 점 🚨, (답변 시작)", 코드의 표정을 읽어 보니 조합을 만들려고 중첩 반복문을 쓰고 있어요. 의도를 적어 두듯 모든 조합이 필요할 때는 itertools.product로 의도를 또렷하게 드러내요.  🍀  1. 차분히 검토해 보니 같은 처리가 여러 곳에서 반복되고 있어요. 필요한 곳부터 공통 동작을 한곳으로 모으면 수정할 때 놓칠 구석이 줄어요.  1. 코드의 표정을 읽어 보니 같은 처,1,180,100,80,6862383
220,3,14.84,"[중복되는 사항 common 으로 빼기] : 95.5 점 👍,
[제너레이터 표현식 사용이 가능한 경우 사용] : 90.8 점 👍
[인덱스 반환에 index 함수 사용] : 74.5 점,
[매우 간결한 변환은 map 사용] : 48.1 점 🚨,
[itertools.product 사용 가능한 경우 사용] : 34.6 점 🚨, (답변 시작)", 다음 커밋을 생각해 보면 조합을 만들려고 중첩 반복문을 쓰고 있어요. 테스트를 떠올리며 모든 조합이 필요할 때는 itertools.product로 의도를 또렷하게 드러내요.  1️⃣ 코드의 맥락을 보면 같은 처리를 여러 방식으로 반복하고 있어요. 한 호흡 쉬고 같은 로직은 한 방식으로 정리하면 수정할 때 놓칠 구석이 줄어요.  🐣  1. 코드의 맥락을 보면 같은 처리,1,178,98,80,6862383
221,3,14.83,"[인덱스 반환에 index 함수 사용] : 92.8 점 👍
[비어 있는 문자열 여부 판단 간소화] : 84.5 점,
[문자열 단순 연결보다는 f-string 사용] : 71.7 점,
[기존 배열의 원소 추가 대신 extend 함수 사용] : 43.5 점 🚨,
[의미 있는 함수명, 변수명 사용] : 24.7 점 🚨, (답변 시작)", 유지보수 시선으로 보면 역할을 짐작하기 어려운 함수나 변수 이름이 보여요. 테스트를 떠올리며 무엇을 하는지 드러나는 이름으로 바꾸면 설명서 없이도 코드가 읽혀요. 1. 테스트하는 마음으로 보면 역할을 짐작하기 어려운 함수나 변수 이름이 보여요. 테스트를 떠올리며 무엇을 하는지 드러나는 이름으로 바꾸면 설명서 없이도 코드가 읽혀요. 2. 코드를 따라가 보니 같은 역할을 하는 함수나 변수,1,176,96,80,6862383
222,3,14.82,"[prefix, suffix 검사 시 startswith(), endswith() 사용] : 94.4 점 👍
[동일 인자 type 통일] : 91.8 점 👍,
[불필요한 print, logging 제거] : 91.2 점 👍,
[key=itemgetter(""key"") 사용 권장] : 91.0 점 👍,
[f = lambda x: ... 보다는 def f(x): return ... 를 사용] : 61.8 점, (답변 시작)", 다음 커밋을 생각해 보면 이름이 필요한 동작이 lambda에 숨어 있어요. 테스트를 떠올리며 재사용하거나 설명이 필요한 로직은 def로 꺼내면 디버깅과 테스트가 편해져요.  1️⃣ 차분히 검토해 보니 같은 처리가 여러 곳에 흩어져 있어요. 테스트를 떠올리며 공통 동작을 한곳으로 모으면 수정할 때 놓칠 구석이 줄어요.  2️⃣ 다음 변경 전에 공통 동작을,1,181,101,80,6862383
223,3,14.82,"[함수명, 반환값 간 일치] : 92.8 점 👍,
[README.md, pyproject.toml 필요] : 86.7 점,
[경로를 path/to/file 이 아닌, pathlib 또는 os.path.join 사용] : 77.2 점,
[함수 인수 type hint 필요] : 68.1 점
[파일 열기, 닫기 시 with open(...) 사용] : 5.4 점 🚨, (답변 시작)", 조금 거리를 두고 읽어 보면 파일을 열고 닫는 일을 직접 관리하고 있어요. 테스트를 떠올리며 with open(...)으로 감싸면 예외가 나도 파일이 안전하게 닫혀요! 1 2 3 4 5  🐣  1. 다음 커밋에서 보면 파일을 열고 닫는 일을 직접 관리하고 있어요. 리뷰 메모를 따라 with open(...)으로 감싸면 예외가 나도 파일이 ,1,180,100,80,6862383
224,3,14.81,"[assertion을 제어 메커니즘으로 사용하면 안됨] : 98.2 점 👍,
[빈도수, 반복문, 경로명 리스트 추출 시 collections, itertools, glob 사용] : 93.5 점 👍,
[중복되는 사항 common 으로 빼기] : 92.3 점 👍
[인덱스 반환에 index 함수 사용] : 91.0 점 👍,
[함수 인수 type hint 필요] : 67.7 점, (답변 시작)", 테스트하는 마음으로 보면 함수 인수의 type hint가 비어 있어요. 보너스처럼 인수에 type hint를 달아 두면 들어오는 데이터가 무엇인지 바로 알 수 있어요! 1. 🐣 2. 기분 좋게도 인수에 type hint가 비어 있어요. 테스트를 떠올리며 인수에 type hint를 달아 두면 들어오는 데이터가 무엇인지 바로 알 수 있어요! 1.,1,183,103,80,6862383
225,3,14.87,"[함수명, 반환값 간 일치] : 100.0 점 👍,
[클래스 내부에서만 쓰이는 속성, 메서드 (접두사 있음) 호출 비 권장] : 78.1 점,
[함수의 인자가 유동적인 경우 처리 권장] : 61.2 점,
[매우 간결한 변환은 map 사용] : 42.3 점 🚨
[고정값 상수화 필요] : 24.6 점 🚨, (답변 시작)", 한 발 물러서서 보면 같은 고정값이 여러 곳에 흩어져 있어요. 테스트를 떠올리며 의미 있는 상수 이름으로 꺼내 두면 정책을 바꿀 때 한 번에 손볼 수 있어요.  1. 리뷰 메모를 보면 같은 고정값이 여러 곳에 흩어져 있어요. 🔍 보너스처럼 의미 있는 상수 이름으로 꺼내 두면 정책을 바꿀 때 한 번에 손볼 수 있어요.  2. 테스트를 떠올리면 같은 고,1,183,103,80,6862383
226,3,14.81,"[예외를 삼키는 경우가 없어야 함] : 73.0 점
[a = my_list[0], b = my_list[1] ... 대신 unpacking 사용 필요] : 72.6 점,
[if-elif-elif-else 구문은 되도록 dict로 수정] : 67.7 점,
[매우 간결한 변환은 map 사용] : 50.2 점 🚨,
[미 사용 변수/함수 제거] : 49.0 점 🚨, (답변 시작)", 다음 커밋을 생각해 보면 쓰이지 않는 변수나 함수가 남아 있네요! 테스트를 떠올리며 참조되지 않는 선언누락된 곳을 정리하면 핵심 로직만 또렷하게 남아요. 4. 차분히 검토해 보니 같은 처리를 여러 곳에서 반복하고 있어요. 테스트를 떠올리며 같은 로직은 한곳으로 모으면 수정할 때 놓칠 구석이 줄어요. 2. 미래의 나를 위해 보면 같은 처,1,190,110,80,6862383
227,3,14.84,"[매우 간결한 변환은 map 사용] : 97.3 점 👍,
[조건문 중첩 대신 any, all 사용] : 92.2 점 👍
[유사한 변수명 통일] : 91.5 점 👍,
[기존 배열의 원소 추가 대신 extend 함수 사용] : 67.2 점,
[한 줄의 길이는 일정 글자 이내로] : 6.5 점 🚨, (답변 시작)", 바꿀 지점을 골라 보니 한 줄이 너무 길게 이어지는 곳이 있어요. 작은 정성으로 줄을 적당히 나누면 작은 화면에서도 흐름을 놓치지 않아요!  1. 이 파일을 읽다 보면 한 줄이 너무 길게 이어지는 곳이 있어요. 테스트를 떠올리며 줄을 적당히 나누면 작은 화면에서도 흐름을 놓치지 않아요!  2. 천천히 살펴보면 한 줄이 너무 길게 이어지는 곳이 있어요. 테스트를 떠올리며 줄을 적당히 ,1,174,94,80,6862383
228,3,14.81,"[assertion을 제어 메커니즘으로 사용하면 안됨] : 92.8 점 👍,
[동일한 인수 집합을 갖는 함수가 많은 경우 클래스화 고려] : 79.6 점,
[함수 docstring, 함수명 의미 일치] : 77.1 점
[클래스 내부에서만 쓰이는 속성, 메서드 (접두사 있음) 호출 비 권장] : 72.9 점,
[파일 단순 읽기/쓰기는 Path 사용] : 4.2 점 🚨, (답변 시작)", 테스트를 떠올리면 같은 고정해 두고 있어요. 지금 바로 의미 있는 상수 이름으로 꺼내 두면 정책을 바꿀 때 한 번에 손볼 수 있어요. 1. 다음 커밋에서 같은 고정해 두고 있어요. 테스트를 떠올리며 의미 있는 상수 이름으로 꺼내 두면 정책을 바꿀 때 한 번에 손볼 수 있어요. 2. 작은 신호를 짚어 보니 같은 고정해 두고 있어요. 테스트를 떠올리며 의미 있는 상,1,188,108,80,6862383
229,3,14.82,"[동일 인자 type 통일] : 97.2 점 👍,
[함수의 인자가 유동적인 경우 처리 권장] : 92.7 점 👍,
[제너레이터 표현식 사용이 가능한 경우 사용] : 75.9 점,
[언패킹 시 숫자 인덱스 사용하지 말 것 (변수에 바로 할당)] : 65.8 점,
[함수명, 반환값 간 일치] : 63.1 점 (답변 시작)", 이번 리뷰에서는 반환하는 값이 함수 이름과 서로 다르게 읽혀요. 테스트를 떠올리며 반환하는 값을 이름에 맞추면 호출부에서 예상이 빗나가지 않아요! 🧠  1. 코드의 맥락을 보면 함수 이름과 반환값의 약속이 어긋나는 곳이 있어요. 의도를 적어 두듯 반환하는 값을 이름에 맞추면 호출부에서 예상이 빗나가지 않아요.  2. 파일을 다시 훑어,1,178,98,80,6862383
230,3,14.79,"[상태 값 조건이 있는 if-elif-elif-else 있는 경우 클래스화 고려] : 98.1 점 👍
[불필요한 변수 생성 대신 defaultdict 권장] : 96.6 점 👍,
[import 순서 준수] : 93.5 점 👍,
[예외의 종류 (OOOError 등) 구체적 명시 권장] : 93.3 점 👍,
[함수의 인자가 하나로 묶을 수 있는 경우 처리 권장] : 44.4 점 🚨, (답변 시작)", 코드를 따라가 보니 함께 움직이는 인수가 따로따로 전달되고 있어요. 필요한 곳부터 함께 쓰는 값을 객체나 dataclass로 묶으면 호출부가 훨씬 덜 복잡해져요.  1. 작은 정성으로 보면 함께 움직이는 인수가 따로따로 전달되고 있어요. 테스트를 떠올리며 함께 쓰는 값을 객체나 dataclass로 묶으면 호출부가 훨씬 덜 복잡해,1,189,109,80,6862383
231,3,14.84,"[enumerate 사용 가능한 경우 사용] : 95.6 점 👍
[함수 docstring, 함수명 의미 일치] : 93.4 점 👍,
[f = lambda x: ... 보다는 def f(x): return ... 를 사용] : 85.3 점,
[중복되는 사항 common 으로 빼기] : 54.7 점 🚨,
[고정값 상수화 필요] : 46.6 점 🚨, (답변 시작)", 다음 변경을 생각하면 같은 고정값이 여러 곳에 흩어져 있어요. 팀과 맞춰 보며 의미 있는 상수 이름으로 꺼내 두면 정책을 바꿀 때 한 번에 손볼 수 있어요.  1️⃣ 다음 커밋에서 같은 고정값을 여러 곳에 흩어 두지 않으면 정책을 바꿀 때 한 번에 손볼 수 있어요.  2️⃣ 테스트하는 마음으로 보면 같은 고정값이 여러 곳에 흩어져 있어요. 한 호흡 쉬고 의미 있,1,180,100,80,6862383
232,3,14.81,"[정규 표현식 문자열은 r""..."" 권장] : 98.7 점 👍,
[동일한 인수 집합을 갖는 함수가 많은 경우 클래스화 고려] : 91.2 점 👍
[동일 인자 type 통일] : 69.9 점,
[Python 예약어를 변수명으로 사용하지 않아야 함] : 68.1 점,
[의미 있는 함수명, 변수명 사용] : 6.8 점 🚨, (답변 시작)", 코드를 따라가 보니 역할을 짐작하기 어려운 함수나 변수 이름이 보여요. 테스트를 떠올리며 무엇을 하는지 드러나는 이름으로 바꾸면 설명서 없이도 코드가 읽혀요! 8.4  1️⃣ 다음 커밋에서 역할을 담은 함수나 변수 이름을 지으면 설명서 없이도 코드가 읽혀요. 8.4  1️⃣ 한 번 더 확인해 보니 역할을 짐작하기 어려운 함수나 변,1,179,99,80,6862383
233,3,15.11,"[itertools.product 사용 가능한 경우 사용] : 85.4 점,
[파일 단순 읽기/쓰기는 Path 사용] : 82.8 점,
[유사한 변수명 통일] : 80.2 점
[예외의 종류 (OOOError 등) 구체적 명시 권장] : 69.6 점,
[동일한 인수 집합을 갖는 함수가 많은 경우 클래스화 고려] : 64.8 점, (답변 시작)", 천천히 살펴보면 같은 설정을 계속 받는 함수가 여러 개예요. 이번 수정에서는 공통 상태를 가진 객체로 묶으면 인자 전달이 가벼워지고 역할도 선명해져요. 🧩  1. 한 발 물러서서 보면 같은 설정을 계속 받는 함수가 여러 개예요. 의도를 적어 두듯 공통 상태를 가진 객체로 묶으면 인자 전달이 가벼워지고 역할도 선명해져요.  2️,1,177,97,80,6862383
234,3,14.83,"[assertion을 제어 메커니즘으로 사용하면 안됨] : 99.0 점 👍,
[주석 처리된 코드 제거] : 93.0 점 👍,
[함수명, 반환값 간 일치] : 91.4 점 👍
[zip 사용 가능한 경우 사용] : 88.2 점,
[제너레이터 표현식 사용이 가능한 경우 사용] : 74.7 점, (답변 시작)", 다음 변경을 생각하면 한 번만 쓸 중간 목록이 만들어지고 있어요. 안전하게 한 번만 순회한다면 제너레이터 표현식으로 메모리를 아껴 볼 만해요. 1️⃣  차분히 검토해 보니 한 번만 쓸 중간 목록이 만들어지고 있어요. 🧩 한 발 먼저 한 번만 순회한다면 제너레이터 표현식으로 메모리를 아껴 볼 만해요. 🧩  2️⃣ 테스,1,172,92,80,6862383
235,3,14.86,"[zip 사용 가능한 경우 사용] : 86.1 점,
[한 줄의 길이는 일정 글자 이내로] : 83.5 점,
[언패킹 시 숫자 인덱스 사용하지 말 것 (변수에 바로 할당)] : 67.9 점,
[주석 처리된 코드 제거] : 17.7 점 🚨,
[중복되는 사항 common 으로 빼기] : 0.6 점 🚨 (답변 시작)", 코드의 맥락을 보면 같은 처리가 여러 곳에서 반복되고 있어요. 테스트를 떠올리며 공통 동작을 한곳으로 모으면 수정할 때 놓칠 구석이 줄어요.  3. 협업 관점에서 보면 같은 처리가 여러 곳에서 반복되고 있어요. 테스트를 떠올리며 공통 동작을 한곳으로 모으면 수정할 때 놓칠 구석이 줄어요.  1. 코드의 맥락을 보면 같은 처리가 여러 곳에서 반복되고 있어요. ,1,177,97,80,6862383
236,3,14.86,"[한 줄의 길이는 일정 글자 이내로] : 91.8 점 👍,
[상태 값 조건이 있는 if-elif-elif-else 있는 경우 클래스화 고려] : 91.7 점 👍
[파일 단순 읽기/쓰기는 Path 사용] : 90.2 점 👍,
[제너레이터 표현식 사용이 가능한 경우 사용] : 7.6 점 🚨,
[key=itemgetter(""key"") 사용 권장] : 4.6 점 🚨, (답변 시작)"," 한 발 물러서서 보면 정렬 키를 lambda로 길게 꺼내고 있어요. 테스트를 떠올리며 딕셔너리 키로 정렬할 때는 itemgetter(""key"")가 더 간결하게 뜻을 전해요. 1. 1차 수정에서는 정렬 키를 lambda로 길게 꺼내고 있어요. 코드의 맥락을 보며 딕셔너리 키로 정렬할 때는 itemgetter(""key"")가 더 간결하게 ",1,188,108,80,6862383
237,3,14.82,"[클래스 내부에서만 쓰이는 속성, 메서드 (접두사 있음) 호출 비 권장] : 93.9 점 👍,
[enumerate 사용 가능한 경우 사용] : 86.9 점,
[주석 처리된 코드 제거] : 72.3 점
[상태 값 조건이 있는 if-elif-elif-else 있는 경우 클래스화 고려] : 30.9 점 🚨,
[중복되는 사항 common 으로 빼기] : 5.2 점 🚨, (답변 시작)", 테스트하는 마음으로 보면 같은 처리가 여러 곳에서 반복되고 있어요! 코드를 따라 공통 동작을 한곳으로 모으면 수정할 때 놓칠 구석이 줄어요.  1️⃣ 한 발 물러서서 보면 같은 처리가 여러 곳에서 반복되고 있어요. 테스트를 떠올리며 공통 동작을 한곳으로 모으면 수정할 때 놓칠 구석이 줄어요.  2️⃣ 한 발 물러서서 보면 같은 처리가 여러 곳에서 반복되고 ,1,191,111,80,6862383
238,3,14.83,"[상태 값 조건이 있는 if-elif-elif-else 있는 경우 클래스화 고려] : 98.8 점 👍
[주석 처리된 코드 제거] : 92.3 점 👍,
[빈 파일 TODO 표시 필요] : 91.7 점 👍,
[예외를 삼키는 경우가 없어야 함] : 24.3 점 🚨,
[key=itemgetter(""key"") 사용 권장] : 11.6 점 🚨, (답변 시작)"," 동작을 쭉 따라가 보니 정렬 키를 lambda로 길게 꺼내고 있어요. 테스트를 떠올리며 딕셔너리 키로 정렬할 때는 itemgetter(""key"")가 더 간결하게 뜻을 전해요! 🍀  1. 리뷰 메모를 보면 정렬 키를 lambda로 길게 꺼내고 있어요. 테스트를 떠올리며 딕셔너리 키로 정렬할 때는 itemgetter(""key"")가 더 간결하게 ",1,182,102,80,6862383
239,3,14.82,"[prefix, suffix 검사 시 startswith(), endswith() 사용] : 99.0 점 👍,
[if a.get(""b"") ... 형태로 수정 필요] : 98.8 점 👍,
[비어 있는 문자열 여부 판단 간소화] : 92.8 점 👍
[예외의 종류 (OOOError 등) 구체적 명시 권장] : 61.4 점,
[함수 docstring, 함수명 의미 일치] : 28.2 점 🚨, (답변 시작)", 차분히 검토해 보니 docstring과 함수 동작이 서로 다르게 읽혀요. 테스트를 떠올리며 docstring과 함수가 약속한 역할을 맞추면 다음 사람이 안심하고 호출할 수 있어요. 13.4 🎈  1. 한 발 물러서서 보면 docstring과 함수 동작이 서로 다르게 읽혀요. 테스트를 떠올리며 docstring과 함수가 약속한 역할을 맞추면 다음 사람이 안심하고 호출할 수 있어,1,186,106,80,6862383
240,3,14.82,"[한 줄의 길이는 일정 글자 이내로] : 94.5 점 👍,
[주석 처리된 코드 제거] : 90.2 점 👍,
[예외의 종류 (OOOError 등) 구체적 명시 권장] : 71.1 점,
[100 line 이상 함수 분리, docstring 필요] : 45.0 점 🚨,
[숫자 값은 위쪽에 상수로] : 35.9 점 🚨 (답변 시작)", 한 발 물러서서 보면 로직 사이에 매직 넘버가 숨어 있어요. 테스트를 떠올리며 매직 넘버를 파일 위쪽의 상수로 올리면 숫자가 왜 필요한지 바로 보여요!  1️⃣ 테스트를 떠올리며 보면 로직 사이에 매직 넘버가 숨어 있어요. 테스트를 떠올리며 매직 넘버를 파일 위쪽의 상수로 올리면 숫자가 왜 필요한지 바로 보여요. 🛠️  1️⃣ 테스트,1,177,97,80,6862383
241,3,14.81,"[README.md, pyproject.toml 필요] : 94.8 점 👍,
[숫자 값은 위쪽에 상수로] : 91.3 점 👍
[지나치게 많은 들여쓰기 수정] : 91.1 점 👍,
[상태 값 조건이 있는 if-elif-elif-else 있는 경우 클래스화 고려] : 86.2 점,
[itertools.product 사용 가능한 경우 사용] : 4.5 점 🚨, (답변 시작)", 조금 거리를 두고 읽어 보면 조합을 만들려고 중첩 반복문을 쓰고 있어요. 의도를 적어 두듯 모든 조합이 필요할 때는 itertools.product로 의도를 또렷하게 드러내요. 1️⃣  1️⃣  코드의 표정을 읽어 보니 같은 설정의 반복을 더 간결하게 쓸 여지가 보여요! 의도를 적어 두듯 모든 조합이 필요할 때는 itertools.product로 의도를 또렷하게 드러,1,181,101,80,6862383
242,3,14.85,"[함수명, 반환값 간 일치] : 99.7 점 👍,
[지나치게 많은 들여쓰기 수정] : 88.5 점,
[동일 인자 type 통일] : 83.6 점
[숫자 값은 위쪽에 상수로] : 66.2 점,
[zip 사용 가능한 경우 사용] : 0.1 점 🚨, (답변 시작)", 한 발 물러서서 보면 두 목록을 인덱스로 따로 읽고 있어요. 다음 변경 전에 나란히 읽는 값들은 zip으로 묶어 주면 인덱스 실수를 막을 수 있어요. 🐣  1️⃣ 한 발 물러서서 보면 두 목록을 인덱스로 따로 읽고 있어요. 테스트를 떠올리며 나란히 읽는 값들은 zip으로 묶어 주면 인덱스 실수를 막을 수 있어요. 🐣  1️⃣ 보너스처럼 보면,1,165,85,80,6862383
243,3,14.83,"[정규 표현식 문자열은 r""..."" 권장] : 99.1 점 👍,
[숫자 값은 위쪽에 상수로] : 94.4 점 👍,
[동일 인자 type 통일] : 91.0 점 👍,
[예외의 종류 (OOOError 등) 구체적 명시 권장] : 79.8 점,
[인덱스 반환에 index 함수 사용] : 74.5 점 (답변 시작)", 파일의 흐름을 따라가 보니 위치를 찾기 위해 직접 반복하고 있어요. 다음 커밋에서 첫 위치가 필요할 때는 index를 쓰면 목적이 바로 보입니다!  1. 코드 산책을 하다 보니 같은 키의 값을 여러 곳에서 읽고 있어요. 테스트를 떠올리며 의미 있는 상수 이름으로 꺼내 두면 키별 초기화를 한 번에 볼 수 있어요. 🧠  2. 한 발 물러서서 보면 같은 키의 ,1,173,93,80,6862383
244,3,14.8,"[클래스 내부에서만 쓰이는 속성, 메서드 (접두사 있음) 호출 비 권장] : 99.6 점 👍,
[f = lambda x: ... 보다는 def f(x): return ... 를 사용] : 97.7 점 👍,
[고정값 상수화 필요] : 90.0 점 👍,
[인덱스 반환에 index 함수 사용] : 65.9 점
[import 순서 준수] : 62.9 점, (답변 시작)", 차분히 검토해 보니 import 배치가 섞여 있어요! 작은 정성으로 표준 라이브러리와 외부 패키지와 내부 모듈을 차례로 정리하면 시작 화면이 말끔해져요! 1. 테스트를 떠올리며 보면 import 배치가 섞여 있어요. 🎈 다음 변경 전에 표준 라이브러리와 외부 패키지와 내부 모듈을 차례로 정리하면 시작 화면이 말끔해져요. 2. 코드의 맥락을 보며 보면 import 배치가 ,1,182,102,80,6862383
245,3,14.8,"[유사한 이름의 함수끼리 가까이 위치하도록 수정 권장] : 91.6 점 👍,
[import 순서 준수] : 81.3 점,
[경로를 path/to/file 이 아닌, pathlib 또는 os.path.join 사용] : 46.7 점 🚨,
[고정값 상수화 필요] : 21.4 점 🚨
[지나치게 많은 들여쓰기 수정] : 1.2 점 🚨, (답변 시작)", 이 파일을 읽다 보면 들여쓰기 단계가 깊어 흐름을 따라가기 어려워요. 살펴본 김에 작은 함수로 쪼개거나 빠른 반환을 쓰면 조건의 미로가 얕아져요! 2. 🧩  1. 작은 정성으로 쪼개면 조건의 미로가 얕아져요. 2. 테스트를 떠올리며 빠르게 반환하는 값을 두면 조건의 미로가 얕아,1,179,99,80,6862383
246,3,14.86,"[주석 처리된 코드 제거] : 97.3 점 👍,
[함수의 인자가 하나로 묶을 수 있는 경우 처리 권장] : 89.2 점,
[불필요한 변수 생성 대신 defaultdict 권장] : 67.0 점,
[예외의 종류 (OOOError 등) 구체적 명시 권장] : 62.7 점
[한 줄의 길이는 일정 글자 이내로] : 38.6 점 🚨, (답변 시작)", 테스트하는 마음으로 보면 한 줄이 너무 길게 이어지는 곳이 있어요. 우선 줄을 적당히 나누면 작은 화면에서도 흐름을 놓치지 않아요!  38.6 점 🛠️  1. 천천히 살펴보면 한 줄이 너무 길게 이어지는 곳이 있어요. 다음 변경 전에 줄을 적당히 나누면 작은 화면에서도 흐름을 놓치지 않아요.  2. 천천히 살펴보면 한 줄이 너무 길게 이어지는 곳이 있어요. 작은 정성,1,180,100,80,6862383
247,3,14.82,"[상태 값 조건이 있는 if-elif-elif-else 있는 경우 클래스화 고려] : 90.0 점 👍,
[인덱스 반환에 index 함수 사용] : 75.5 점,
[a = my_list[0], b = my_list[1] ... 대신 unpacking 사용 필요] : 52.1 점 🚨,
[함수의 인자가 유동적인 경우 처리 권장] : 20.4 점 🚨
[조건문 중첩 대신 any, all 사용] : 18.8 점 🚨, (답변 시작)", 다음 커밋을 생각해 보면 조건문이 여러 겹으로 겹쳐 있어요. 테스트를 떠올리며 여러 조건의 존재 여부는 any나 all에 맡기면 뜻이 훨씬 또렷해져요. 1. 🧩  2. 다음 변경 전에 테스트하는 마음으로 보면 조건문이 여러 겹으로 겹쳐 있어요. 흐름을 따라 여러 조건의 존재 여부는 any나 all에 맡기면 뜻이 훨,1,200,120,80,6862383
248,3,14.81,"[한 줄의 길이는 일정 글자 이내로] : 98.3 점 👍,
[제너레이터 표현식 사용이 가능한 경우 사용] : 86.9 점,
[클래스 내부에서만 쓰이는 속성, 메서드 (접두사 있음) 호출 비 권장] : 81.1 점
[개수 세기에 count 함수 사용] : 71.4 점,
[유사한 이름의 함수끼리 가까이 위치하도록 수정 권장] : 67.9 점, (답변 시작)", 다음 커밋을 생각해 보면 비슷한 이름의 함수가 파일 곳곳에 흩어져 있어요. 테스트를 떠올리며 비슷한 역할의 함수를 가까이 두면 탐색 시간이 줄고 파일 구조가 자연스러워져요! 6. 테스트를 떠올리며 보면 같은 이름의 함수가 파일 곳곳에 흩어져 있어요. 한 발 먼저 비슷한 역할의 함수를 가까이 두면 탐색 시간이 줄고 파일 구조가 자연스러워져요! 5. 테스트를 떠올리며 보면 같은 이름의 함수가 파일 곳곳,1,184,104,80,6862383
249,3,14.83,"[한 줄의 길이는 일정 글자 이내로] : 98.8 점 👍,
[함수의 인자가 유동적인 경우 처리 권장] : 91.6 점 👍
[제너레이터 표현식 사용이 가능한 경우 사용] : 86.9 점,
[기존 배열의 원소 추가 대신 extend 함수 사용] : 64.9 점,
[중복되는 사항 common 으로 빼기] : 6.7 점 🚨, (답변 시작)", 변경 가능성을 살펴보니 같은 처리가 여러 곳에서 반복되고 있어요. 테스트를 떠올리며 공통 동작을 한곳으로 모으면 수정할 때 놓칠 구석이 줄어요.  🔍  1️⃣ 한 발 물러서서 보면 같은 처리가 여러 곳에 흩어져 있어요. 테스트를 떠올리며 공통 동작을 한곳으로 모으면 수정할 때 놓칠 구석이 줄어요.  1️⃣ 1. 한 발 물러서서 보면 같은 ,1,179,99,80,6862383
250,3,14.86,"[함수 docstring, 함수명 의미 일치] : 97.6 점 👍,
[주석 처리된 코드 제거] : 96.5 점 👍,
[경로를 path/to/file 이 아닌, pathlib 또는 os.path.join 사용] : 95.5 점 👍
[동일한 인수 집합을 갖는 함수가 많은 경우 클래스화 고려] : 50.9 점 🚨,
[유사한 변수명 통일] : 39.9 점 🚨, (답변 시작)", 테스트하는 마음으로 보면 비슷한 역할의 변수 이름이 제각각이에요. 🔍 한 발 먼저 같은 개념에는 같은 이름 규칙을 쓰면 읽는 속도가 훨씬 빨라져요. 1️⃣  📌 1. 다음 변경을 생각하면 비슷한 역할의 변수 이름이 제각각이에요. 한 호흡 쉬고 같은 개념에는 같은 이름 규칙을 쓰면 읽는 속도가 훨씬 빨라져요. 2. 1️⃣  📌 ,1,185,105,80,6862383
251,3,14.81,"[개수 세기에 count 함수 사용] : 96.3 점 👍,
[key=itemgetter(""key"") 사용 권장] : 94.3 점 👍,
[숫자 값은 위쪽에 상수로] : 25.3 점 🚨
[함수명, 반환값 간 일치] : 6.8 점 🚨,
[a = my_list[0], b = my_list[1] ... 대신 unpacking 사용 필요] : 0.3 점 🚨, (답변 시작)", 구현을 찬찬히 들여다보니 목록의 원소를 하나씩 꺼내고 있어요. 의도를 적어 두듯 정해진 순서의 값은 unpacking으로 풀어 주면 한 번에 읽혀요. 1. 1차 수정에서는 목록의 원소를 하나씩 꺼내고 있어요. 필요한 곳부터 정해진 순서의 값은 unpacking으로 풀어 주면 한 번에 읽혀요. 🧩  2,1,188,108,80,6862383
252,3,14.82,"[중복되는 사항 common 으로 빼기] : 99.5 점 👍,
[문자열 단순 연결보다는 f-string 사용] : 95.1 점 👍
[파일 단순 읽기/쓰기는 Path 사용] : 93.8 점 👍,
[prefix, suffix 검사 시 startswith(), endswith() 사용] : 83.6 점,
[유사한 변수명 통일] : 18.2 점 🚨, (답변 시작)", 리뷰 돋보기를 대 보니 비슷한 역할의 변수 이름이 제각각이에요. 의도를 적어 두듯 같은 개념에는 같은 이름 규칙을 쓰면 읽는 속도가 훨씬 빨라져요.  1. 다음 커밋에서 같은 역할의 변수 이름을 한 방식으로 맞추면 읽는 속도가 훨씬 빨라져요.  2. 조금 거리를 두고 읽어 보면 같은 개념의 변수 이름이 제각각이에요. 가능한 범위에서 같은 개념에는 같은 ,1,179,99,80,6862383
253,3,14.81,"[함수의 인자가 하나로 묶을 수 있는 경우 처리 권장] : 96.3 점 👍,
[고정값 상수화 필요] : 91.9 점 👍,
[동일한 인수 집합을 갖는 함수가 많은 경우 클래스화 고려] : 54.4 점 🚨
[조건문 중첩 대신 any, all 사용] : 7.6 점 🚨,
[한 줄의 길이는 일정 글자 이내로] : 3.1 점 🚨, (답변 시작)", 테스트하는 마음으로 보면 한 줄이 너무 길게 이어지는 곳이 있어요. 과감하게 줄을 적당히 나누면 작은 화면에서도 흐름을 놓치지 않아요. 1. 한 발 물러서서 보면 한 줄이 너무 길게 이어지는 곳이 있어요. 테스트를 떠올리며 줄을 적당히 나누면 작은 화면에서도 흐름을 놓치지 않아요. 2. 작은 정성으로 보면 한 줄이 너무 길게 이어지는 곳이 있어요. 테스트를 떠올리며 줄을 적당히 나누면 작은 ,1,186,106,80,6862383
254,3,14.83,"[상태 값 조건이 있는 if-elif-elif-else 있는 경우 클래스화 고려] : 99.6 점 👍,
[지나치게 많은 들여쓰기 수정] : 94.8 점 👍
[str 단순 += 대신 join 사용] : 77.0 점,
[리스트 컴프리헨션 사용이 가능한 경우 사용] : 69.6 점,
[key=itemgetter(""key"") 사용 권장] : 5.4 점 🚨, (답변 시작)"," 수정할 곳을 찾다 보니 정렬 키를 lambda로 길게 꺼내고 있어요. 테스트를 떠올리며 딕셔너리 키로 정렬할 때는 itemgetter(""key"")가 더 간결하게 뜻을 전해요.  ✅  1. 다음 변경 전에 다음 커밋을 생각해 보면 정렬 키를 lambda로 길게 꺼내고 있어요. 테스트를 떠올리며 딕셔너리 키로 정렬할 때는 itemgetter(""key"")가 ",1,181,101,80,6862383
255,3,14.85,"[중복되는 사항 common 으로 빼기] : 94.4 점 👍,
[매우 간결한 변환은 map 사용] : 93.3 점 👍,
[zip 사용 가능한 경우 사용] : 65.2 점,
[f = lambda x: ... 보다는 def f(x): return ... 를 사용] : 19.1 점 🚨
[조건문 중첩 대신 any, all 사용] : 18.8 점 🚨, (답변 시작)", 가독성에 집중해 보면 조건문이 여러 겹으로 겹쳐 있어요. 테스트를 떠올리며 여러 조건의 존재 여부는 any나 all에 맡기면 뜻이 훨씬 또렷해져요.  1. 한 번에 읽혀요!  1️⃣ 작은 개선을 찾다 보니 같은 조건의 반복을 더 간결하게 쓸 여지가 보여요. 필요한 곳부터 여러 조건의 존재 여부는 any나,1,182,102,80,6862383
256,3,14.82,"[f = lambda x: ... 보다는 def f(x): return ... 를 사용] : 94.7 점 👍,
[prefix, suffix 검사 시 startswith(), endswith() 사용] : 94.5 점 👍,
[a = my_list[0], b = my_list[1] ... 대신 unpacking 사용 필요] : 83.8 점,
[지나치게 많은 들여쓰기 수정] : 29.1 점 🚨,
[동일 인자 type 통일] : 10.6 점 🚨 (답변 시작)", 파일을 다시 훑어보니 같은 의미의 인수에서 type 표기가 통일되지 않았어요! 🛠️ 의도를 적어 두듯 인수의 type을 한 방식으로 맞추면 호출하는 쪽도 덜 헷갈려요! 1. 1️⃣ 한 발 물러서서 보면 같은 의미의 인수에서 type 표기가 통일되지 않았어요. 천천히 인수의 type을 한 방식으로 맞추면 호출하는 쪽도 ,1,194,114,80,6862383
257,3,14.79,"[중복되는 사항 common 으로 빼기] : 67.3 점,
[불필요한 print, logging 제거] : 35.6 점 🚨
[정규 표현식 문자열은 r""..."" 권장] : 35.2 점 🚨,
[동일한 인수 집합을 갖는 함수가 많은 경우 클래스화 고려] : 29.7 점 🚨,
[불필요한 변수 생성 대신 defaultdict 권장] : 2.6 점 🚨, (답변 시작)", 리뷰 돋보기를 대 보니 키별 초기화를 직접 반복하고 있어요. 🐣 차근차근 키별로 값을 모을 때는 defaultdict를 쓰면 분기와 보일러플레이트가 줄어들어요. 🧩  1. 테스트하는 마음으로 보면 같은 키별 초기화를 직접 반복하고 있어요. 필요한 곳부터 키별로 값을 모을 때는 defaultdict를 쓰면 분기와 보일러플레이트가,1,184,104,80,6862383
258,3,14.83,"[조건문 중첩 대신 any, all 사용] : 95.2 점 👍,
[예외를 삼키는 경우가 없어야 함] : 94.4 점 👍
[함수의 인수를 변경 가능한 default value로 하지 않아야 함] : 93.7 점 👍,
[key=itemgetter(""key"") 사용 권장] : 64.5 점,
[str 단순 += 대신 join 사용] : 49.4 점 🚨, (답변 시작)", 테스트를 떠올리면 문자열을 반복해서 더하고 있어요. 팀과 맞춰 보며 조각을 많이 합칠 때는 join으로 모으면 성능과 의도가 함께 좋아져요.  1. 코드의 맥락을 보면 같은 처리가 여러 곳에서 반복되고 있어요. 살펴본 김에 조각을 많이 합칠 때는 join으로 모으면 성능과 의도가 함께 좋아져요.  2. 작은 개선을 찾다 보니 같은 처리가 여러 곳에서 반복되고 있어,1,178,98,80,6862383
259,3,14.87,"[파일 열기, 닫기 시 with open(...) 사용] : 92.8 점 👍,
[불필요한 변수 생성 대신 defaultdict 권장] : 85.3 점,
[함수의 인자가 하나로 묶을 수 있는 경우 처리 권장] : 50.6 점 🚨,
[100 line 이상 함수 분리, docstring 필요] : 18.0 점 🚨
[함수 인수 type hint 필요] : 17.4 점 🚨, (답변 시작)", 한 발 물러서서 보면 함수 인수의 type hint가 비어 있어요. 🔍 천천히 인수에 type hint를 달아 두면 들어오는 데이터가 무엇인지 바로 알 수 있어요! 1️⃣ 🎯  1. 코드의 맥락을 보면 같은 의미의 인수에서 type hint가 비어 있어요. 의도를 적어 두듯 인수에 type hint를 달아 두면 들어오는 데이터가 무엇인지 바로 알 수 있어,1,183,103,80,6862383
260,3,14.8,"[함수 docstring, 함수명 의미 일치] : 99.5 점 👍,
[import 순서 준수] : 96.7 점 👍,
[미 사용 변수/함수 제거] : 62.3 점,
[상태 값 조건이 있는 if-elif-elif-else 있는 경우 클래스화 고려] : 16.8 점 🚨
[동일한 인수 집합을 갖는 함수가 많은 경우 클래스화 고려] : 2.5 점 🚨, (답변 시작)", 작은 개선을 찾다 보니 같은 설정을 계속 받는 함수가 여러 개예요. 테스트를 떠올리며 공통 상태를 가진 객체로 묶으면 인자 전달이 가벼워지고 역할도 선명해져요. 1 2 3 4 5 6 7 8 9 10 11 12  🧩  1. 테스트하는 마음으로 보면 같은 설정을 계속 받는 함수가 여러 ,1,184,104,80,6862383
261,3,14.83,"[100 line 이상 함수 분리, docstring 필요] : 98.7 점 👍,
[비어 있는 문자열 여부 판단 간소화] : 91.4 점 👍
[리스트 컴프리헨션 사용이 가능한 경우 사용] : 79.1 점,
[언패킹 시 숫자 인덱스 사용하지 말 것 (변수에 바로 할당)] : 73.2 점,
[함수의 인수를 변경 가능한 default value로 하지 않아야 함] : 60.0 점, (답변 시작)", 테스트를 떠올리면 기본 인수에 리스트나 딕셔너리를 넣고 있어요. 천천히 리스트나 딕셔너리는 None으로 두고 함수 안에서 만들면 호출 사이에 상태가 섞이지 않아요. 1. 테스트하는 마음으로 보면 기본 인수에 리스트나 딕셔너리를 넣고 있어요. 테스트를 떠올리며 리스트나 딕셔너리는 None으로 두고 함수 안에서 만들면 호출 사이에 상태가 섞이지 않아요. 2. 동작을 쭉 따라가 보니 기본,1,186,106,80,6862383
262,3,14.82,"[파일 열기, 닫기 시 with open(...) 사용] : 98.9 점 👍,
[유사한 이름의 함수끼리 가까이 위치하도록 수정 권장] : 97.0 점 👍,
[매우 간결한 변환은 map 사용] : 96.6 점 👍,
[경로를 path/to/file 이 아닌, pathlib 또는 os.path.join 사용] : 81.9 점
[동일한 인수 집합을 갖는 함수가 많은 경우 클래스화 고려] : 66.4 점, (답변 시작)", 테스트를 떠올리면 같은 설정을 계속 받는 함수가 여러 개예요. 다음 변경 전에 공통 상태를 가진 객체로 묶으면 인자 전달이 가벼워지고 역할도 선명해져요! 1. 🐣 2. 천천히 살펴보면 같은 설정을 계속 받는 함수가 여러 개예요. 테스트를 떠올리며 공통 상태를 가진 객체로 묶으면 인자 전달이 가벼워지고 역할도 선명해져요.  1. 유지보수 시,1,190,110,80,6862383
263,3,14.85,"[a = my_list[0], b = my_list[1] ... 대신 unpacking 사용 필요] : 99.4 점 👍,
[함수 인수 type hint 필요] : 93.4 점 👍,
[클래스 내부에서만 쓰이는 속성, 메서드 (접두사 있음) 호출 비 권장] : 90.8 점 👍,
[함수의 인수를 변경 가능한 default value로 하지 않아야 함] : 34.5 점 🚨
[불필요한 변수 생성 대신 defaultdict 권장] : 5.5 점 🚨, (답변 시작)", 테스트를 떠올리면 키별 초기화를 직접 반복하고 있어요. 한 호흡 쉬고 키별로 값을 모을 때는 defaultdict를 쓰면 분기와 보일러플레이트가 줄어들어요. 1. 1️⃣ 다음 변경을 생각하면 같은 키의 값을 여러 개 받고 있어요. 테스트를 떠올리며 키별로 값을 모을 때는 defaultdict를 쓰면 분기와 보일러플레이트가 줄어들어요. 2. 2,1,200,120,80,6862383
264,3,14.83,"[함수명, 반환값 간 일치] : 94.9 점 👍,
[enumerate 사용 가능한 경우 사용] : 87.9 점
[if a.get(""b"") ... 형태로 수정 필요] : 81.3 점,
[zip 사용 가능한 경우 사용] : 67.0 점,
[상태 값 조건이 있는 if-elif-elif-else 있는 경우 클래스화 고려] : 51.8 점 🚨, (답변 시작)", 코드의 맥락을 보면 상태에 따라 갈라지는 조건문이 길게 이어져요. 테스트를 떠올리며 상태별 동작을 클래스로 나누면 새 상태를 더할 때 기존 조건문을 덜 건드려도 돼요. 🛠️  1. 한 발 물러서서 보면 상태에 따라 갈라지는 조건문이 길게 이어져요. 테스트를 떠올리며 상태별 동작을 클래스로 나누면 새 상태를 더할 때 기존 조건,1,181,101,80,6862383
265,3,14.83,"[함수의 인수를 변경 가능한 default value로 하지 않아야 함] : 91.3 점 👍,
[유사한 이름의 함수끼리 가까이 위치하도록 수정 권장] : 91.2 점 👍,
[itertools.product 사용 가능한 경우 사용] : 82.5 점,
[enumerate 사용 가능한 경우 사용] : 81.7 점
[상태 값 조건이 있는 if-elif-elif-else 있는 경우 클래스화 고려] : 59.4 점 🚨, (답변 시작)", 코드를 따라가 보니 상태에 따라 갈라지는 조건문이 길게 이어져요. 작은 정성으로 상태별 동작을 클래스로 나누면 새 상태를 더할 때 기존 조건문을 덜 건드려도 돼요.  2️⃣ 천천히 살펴보면 같은 조건의 반복을 길게 쓰고 있어요. 테스트를 떠올리며 상태별 동작을 클래스로 나누면 새 상태를 더할 때 기존 조건문을 덜 건드려도 돼요.,1,189,109,80,6862383
266,3,14.81,"[itertools.product 사용 가능한 경우 사용] : 93.3 점 👍
[고정값 상수화 필요] : 92.4 점 👍,
[의미 있는 함수명, 변수명 사용] : 80.6 점,
[str 단순 += 대신 join 사용] : 63.3 점,
[a = my_list[0], b = my_list[1] ... 대신 unpacking 사용 필요] : 41.1 점 🚨, (답변 시작)", 다시 살펴보니 목록의 원소를 하나씩 꺼내고 있어요. 리뷰 메모를 따라 정해진 순서의 값은 unpacking으로 풀어 주면 한 번에 읽혀요! 1️⃣  테스트를 떠올리면 목록의 원소를 하나씩 꺼내고 있어요. 한 발 먼저 정해진 순서의 값은 unpacking으로 풀어 주면 한 번에 읽혀요! 1️⃣  1. 파일을 다시 훑어보,1,182,102,80,6862383
267,3,14.83,"[조건문 중첩 대신 any, all 사용] : 95.4 점 👍
[비어 있는 문자열 여부 판단 간소화] : 91.1 점 👍,
[유사한 변수명 통일] : 79.7 점,
[prefix, suffix 검사 시 startswith(), endswith() 사용] : 74.5 점,
[assertion을 제어 메커니즘으로 사용하면 안됨] : 28.2 점 🚨, (답변 시작)", 다음 커밋을 생각해 보면 assert가 실행 흐름을 대신하고 있어요. 테스트를 떠올리며 검증이 필요한 분기는 명시적인 예외 처리로 바꾸어야 배포 환경에서도 안전해요.  1️⃣ 다음 변경 전에 검증이 필요한 분기는 명시적인 예외 처리로 바꾸어야 배포 환경에서도 안전해요.  2️⃣ 테스트를 떠올리며 검증이 필요한 분기는 명시적인 예외 처리로 바,1,178,98,80,6862383
268,3,14.8,"[a = my_list[0], b = my_list[1] ... 대신 unpacking 사용 필요] : 97.4 점 👍,
[if-elif-elif-else 구문은 되도록 dict로 수정] : 95.3 점 👍,
[리스트 컴프리헨션 사용이 가능한 경우 사용] : 81.2 점
[지나치게 많은 들여쓰기 수정] : 75.1 점,
[동일한 인수 집합을 갖는 함수가 많은 경우 클래스화 고려] : 7.5 점 🚨, (답변 시작)", 차분히 검토해 보니 같은 설정을 계속 받는 함수가 여러 개예요. 테스트를 떠올리며 공통 상태를 가진 객체로 묶으면 인자 전달이 가벼워지고 역할도 선명해져요. 1. 📌 한 발 물러서서 보면 같은 설정을 계속 받는 함수가 여러 개예요. 테스트를 떠올리며 공통 상태를 가진 객체로 묶으면 인자 전달이 가벼워지고 역할도 선명해져요,1,197,117,80,6862383
269,3,14.85,"[빈도수, 반복문, 경로명 리스트 추출 시 collections, itertools, glob 사용] : 96.2 점 👍,
[제너레이터 표현식 사용이 가능한 경우 사용] : 95.9 점 👍,
[prefix, suffix 검사 시 startswith(), endswith() 사용] : 91.3 점 👍,
[주석 처리된 코드 제거] : 84.1 점,
[상태 값 조건이 있는 if-elif-elif-else 있는 경우 클래스화 고려] : 82.5 점 (답변 시작)", 다음 변경 전에 보면 상태에 따라 갈라지는 조건문이 길게 이어져요. 한 호흡 쉬고 상태별 동작을 클래스로 나누면 새 상태를 더할 때 기존 조건문을 덜 건드려도 돼요. 1. 🌈 보너스처럼 읽혀요. 2. 테스트를 떠올리면 상태에 따라 갈라지는 조건문이 길게 이어져요! 보너스처럼 상태별 동작을 클래스로 나누면 새 상태를 더할 ,1,196,116,80,6862383
270,3,14.79,"[함수의 인자가 유동적인 경우 처리 권장] : 91.2 점 👍,
[zip 사용 가능한 경우 사용] : 50.0 점 🚨,
[100 line 이상 함수 분리, docstring 필요] : 47.1 점 🚨,
[상태 값 조건이 있는 if-elif-elif-else 있는 경우 클래스화 고려] : 13.1 점 🚨
[동일 인자 type 통일] : 12.5 점 🚨, (답변 시작)", 개발자 입장에서 보면 같은 의미의 인수에서 type 표기가 통일되지 않았어요. 가볍게 인수의 type을 한 방식으로 맞추면 호출하는 쪽도 덜 헷갈려요.  1. 한 발 물러서서 보면 같은 의미의 인수에서 type 표기가 통일되지 않았어요. 기록을 남기듯 인수의 type을 한 방식으로 맞추면 읽는 속도가 훨씬 빨라져요.  2. 리뷰 메모를 보면 같은,1,185,105,80,6862383
271,3,14.85,"[비어 있는 문자열 여부 판단 간소화] : 98.2 점 👍,
[key=itemgetter(""key"") 사용 권장] : 94.4 점 👍,
[if-elif-elif-else 구문은 되도록 dict로 수정] : 21.6 점 🚨
[파일 단순 읽기/쓰기는 Path 사용] : 11.5 점 🚨,
[동일 인자 type 통일] : 8.0 점 🚨, (답변 시작)", 이번 리뷰에서는 같은 의미의 인수에서 type 표기가 통일되지 않았어요. 테스트를 떠올리며 인수의 type을 한 방식으로 맞추면 호출하는 쪽도 덜 헷갈려요.  1. 리뷰 메모를 보면 같은 의미의 인수에서 type 표기가 통일되지 않았어요. 테스트를 떠올리며 인수의type을 한 방식으로 맞추면 호출하는 쪽도 덜 헷갈려요. 🐣  ,1,181,101,80,6862383
272,3,14.81,"[조건문 중첩 대신 any, all 사용] : 97.2 점 👍,
[클래스 내부에서만 쓰이는 속성, 메서드 (접두사 있음) 호출 비 권장] : 83.8 점,
[함수 인수 type hint 필요] : 77.5 점
[import 순서 준수] : 72.0 점,
[if-elif-elif-else 구문은 되도록 dict로 수정] : 24.8 점 🚨, (답변 시작)", 한 발 물러서서 보면 조건 분기가 길게 늘어진 곳이 있어요. 다음 변경 전에 값에 따른 선택이라면 dict 매핑으로 바꾸어 분기표를 단순하게 만들어 보세요.  1️⃣ 코드의 맥락을 보면 조건 분기가 길게 늘어진 곳이 있어요. 테스트하는 마음으로 값에 따른 선택이라면 dict 매핑으로 바꾸어 분기표를 단순하게 만들어 보세요.  🍀  2️⃣ 협업 관점에서 보면 같은 조,1,182,102,80,6862383
273,3,14.81,"[불필요한 변수 생성 대신 defaultdict 권장] : 99.5 점 👍,
[리스트 컴프리헨션 사용이 가능한 경우 사용] : 97.8 점 👍
[미 사용 변수/함수 제거] : 96.0 점 👍,
[assertion을 제어 메커니즘으로 사용하면 안됨] : 92.6 점 👍,
[제너레이터 표현식 사용이 가능한 경우 사용] : 74.2 점, (답변 시작)", 테스트를 떠올리면 한 번만 쓸 중간 목록이 만들어지고 있어요. 흐름을 따라 한 번만 순회한다면 제너레이터 표현식으로 메모리를 아껴 볼 만해요. 🧩  1️⃣ 코드의 맥락을 보면 한 번만 쓸 중간 목록이 만들어지고 있어요. 테스트를 떠올리며 한 번만 순회한다면 제너레이터 표현식으로 메모리를 아껴 볼 만해요.  1️⃣ 다음 변경 전에 ,1,177,97,80,6862383
274,3,14.78,"[문자열 단순 연결보다는 f-string 사용] : 93.5 점 👍,
[매우 간결한 변환은 map 사용] : 91.8 점 👍,
[함수의 인수를 변경 가능한 default value로 하지 않아야 함] : 47.6 점 🚨,
[README.md, pyproject.toml 필요] : 36.9 점 🚨
[파일 단순 읽기/쓰기는 Path 사용] : 13.9 점 🚨, (답변 시작)", 테스트를 떠올리면 같은 고정해 두고 있어요. 다음 변경 전에 의미 있는 기본값으로 두면 파일 다시 쓰기에도 한 번에 안전해요. 1. 5-6 번 반복하고 있어요. 다음 변경 전에 의미 있는 기본값으로 두면 파일 다시 쓰기에도 한 번에 안전해요. 1. 5-6 번 반복하고 있어요. 작은 정성으로 기본값을 의미 있게 두면 파일을 ,1,183,103,80,6862383
275,3,14.8,"[문자열 단순 연결보다는 f-string 사용] : 96.4 점 👍,
[zip 사용 가능한 경우 사용] : 93.4 점 👍,
[유사한 변수명 통일] : 90.9 점 👍
[기존 배열의 원소 추가 대신 extend 함수 사용] : 90.6 점 👍,
[경로를 path/to/file 이 아닌, pathlib 또는 os.path.join 사용] : 43.0 점 🚨, (답변 시작)", 한 발 물러서서 보면 파일 경로를 문자열로 이어 붙이고 있어요. 다음 변경 전에 pathlib이나 os.path.join으로 경로를 조립하면 운영체제가 달라도 안전해요!  1️⃣ 한 발 물러서서 보면 같은 의미의 변수가 여러 곳에 흩어져 있어요. 다음 변경 전에 같은 개념에는 같은 이름 규칙을 쓰면 읽는 속도가 훨씬 빨라져요!  2️⃣ 한 발 물러서서 보면 같은 역할의 변수가 ,1,179,99,80,6862383
276,3,14.77,"[예외를 삼키는 경우가 없어야 함] : 97.9 점 👍,
[정규 표현식 문자열은 r""..."" 권장] : 96.9 점 👍,
[zip 사용 가능한 경우 사용] : 91.3 점 👍
[str 단순 += 대신 join 사용] : 81.9 점,
[중복되는 사항 common 으로 빼기] : 60.8 점, (답변 시작)", 테스트를 떠올리면 같은 처리가 여러 곳에서 반복되고 있어요. 한 호흡 쉬고 공통 동작을 한곳으로 모으면 수정할 때 놓칠 구석이 줄어요. 🌿  1. 파일을 다시 훑어보니 같은 처리가 여러 곳에서 반복되고 있어요. 한 발 먼저 공통 동작을 한곳으로 모으면 수정할 때 놓칠 구석이 줄어요.  2. 구조를 따라가면 같은 설정이 여러 곳에서 반복되고,1,171,91,80,6862383
277,3,14.83,"[지나치게 많은 들여쓰기 수정] : 99.0 점 👍
[매우 간결한 변환은 map 사용] : 81.8 점,
[불필요한 print, logging 제거] : 70.8 점,
[비어 있는 문자열 여부 판단 간소화] : 51.0 점 🚨,
[동일 인자 type 통일] : 21.9 점 🚨, (답변 시작)", 한 발 물러서서 보면 같은 의미의 인수에서 type 표기가 통일되지 않았어요. 테스트를 떠올리며 인수의 type을 한 방식으로 맞추면 호출하는 쪽도 덜 헷갈려요. 1. 📌  리뷰 메모를 보면 같은 의미의 인수에서 type 표기가 통일되지 않았어요. 테스트를 떠올리며 인수의 type을 한 방식으로 맞추면 호출하는 쪽도 덜 헷갈려,1,169,89,80,6862383
278,3,14.83,"[지나치게 많은 들여쓰기 수정] : 97.4 점 👍
[Python 예약어를 변수명으로 사용하지 않아야 함] : 90.7 점 👍,
[비어 있는 문자열 여부 판단 간소화] : 48.3 점 🚨,
[if-elif-elif-else 구문은 되도록 dict로 수정] : 24.4 점 🚨,
[기존 배열의 원소 추가 대신 extend 함수 사용] : 24.4 점 🚨, (답변 시작)", 코드의 표정을 읽어 보니 목록 원소를 하나씩 추가하고 있어요. 테스트를 떠올리며 여러 값을 더할 때는 extend를 쓰면 의도가 정확히 전달돼요! 🐣 1. 1차 수정 : 코드의 표정을 읽어 보니 목록 원소를 하나씩 추가하고 있어요. 테스트를 떠올리며 여러 값을 더할 때는 extend를 쓰면 의도가 정확히 전달돼요. 🐣 2. 2차 수정 : 한 발 물,1,184,104,80,6862383
279,3,14.81,"[assertion을 제어 메커니즘으로 사용하면 안됨] : 99.3 점 👍,
[함수명, 반환값 간 일치] : 90.6 점 👍,
[제너레이터 표현식 사용이 가능한 경우 사용] : 81.1 점,
[비어 있는 문자열 여부 판단 간소화] : 75.8 점,
[zip 사용 가능한 경우 사용] : 32.3 점 🚨 (답변 시작)", 코드의 표정을 읽어 보니 두 목록을 인덱스로 따로 읽고 있어요. 테스트를 떠올리며 나란히 읽는 값들은 zip으로 묶어 주면 인덱스 실수를 막을 수 있어요.  1️⃣ 코드의 표정을 읽어 보니 두 목록을 인덱스로 따로 읽고 있어요. 테스트를 떠올리며 나란히 읽는 값들은 zip으로 묶어 주면 인덱스 실수를 막을 수 있어요.  1️⃣ 코드의 표정을 읽어 보니 두 목록을 인덱스로 따로 읽고 있어요,1,173,93,80,6862383
280,3,14.84,"[숫자 값은 위쪽에 상수로] : 97.0 점 👍,
[if-elif-elif-else 구문은 되도록 dict로 수정] : 93.0 점 👍,
[고정값 상수화 필요] : 74.9 점
[문자열 단순 연결보다는 f-string 사용] : 32.0 점 🚨,
[빈도수, 반복문, 경로명 리스트 추출 시 collections, itertools, glob 사용] : 6.0 점 🚨, (답변 시작)", 테스트를 떠올리면 같은 고정값이 여러 곳에 흩어져 있어요. 코드의 맥락을 보며 의미 있는 상수 이름으로 꺼내 두면 정책을 바꿀 때 한 번에 손볼 수 있어요. 🛠️  2. 테스트하는 마음으로 보면 같은 고정값이 여러 곳에 흩어져 있어요. 호기심을 갖고 의미 있는 상수 이름으로 꺼내 두면 정책을 바꿀 때 한 번에 손볼 수 있어요.  3. 작은 개선을 찾다 보,1,188,108,80,6862383
281,3,14.79,"[숫자 값은 위쪽에 상수로] : 98.5 점 👍,
[고정값 상수화 필요] : 82.2 점,
[예외의 종류 (OOOError 등) 구체적 명시 권장] : 68.6 점,
[기존 배열의 원소 추가 대신 extend 함수 사용] : 63.4 점,
[100 line 이상 함수 분리, docstring 필요] : 12.6 점 🚨 (답변 시작)", 구조를 따라가면 하나의 함수가 너무 많은 일을 하고 있어요. 필요한 곳부터 책임별로 나누고 docstring을 붙이면 테스트와 수정이 한결 수월해져요! 1. 유지보수 시선으로 보면 하나의 함수가 너무 많은 일을 하고 있어요. 이 기회에 책임별로 나누고 docstring을 붙이면 테스트와 수정이 한결 수월해져요! 2. 테스트를 떠올리며 보면 같은 고정값이 여러 곳에 흩어져 있어요. 한 호흡,1,174,94,80,6862383
282,3,14.79,"[동일한 인수 집합을 갖는 함수가 많은 경우 클래스화 고려] : 95.3 점 👍,
[동일 인자 type 통일] : 90.6 점 👍,
[함수의 인자가 유동적인 경우 처리 권장] : 64.1 점
[if-elif-elif-else 구문은 되도록 dict로 수정] : 35.4 점 🚨,
[개수 세기에 count 함수 사용] : 18.4 점 🚨, (답변 시작)", 테스트를 떠올리면 값의 개수를 세려고 직접 순회하고 있어요! 흐름을 따라 단순한 횟수 확인은 count에 맡기면 코드가 짧고 분명해져요. 1. 1. 파일의 흐름을 따라가 보니 값의 개수를 세려고 직접 순회하고 있어요! 다음 변경 전에 단순한 횟수 확인은 count에 맡기면 코드가 짧고 분명해져요. 1. 1.  1️⃣ 한 발 물,1,185,105,80,6862383
283,3,14.82,"[조건문 중첩 대신 any, all 사용] : 97.2 점 👍,
[불필요한 print, logging 제거] : 95.5 점 👍
[100 line 이상 함수 분리, docstring 필요] : 90.6 점 👍,
[파일 열기, 닫기 시 with open(...) 사용] : 90.3 점 👍,
[매우 간결한 변환은 map 사용] : 33.5 점 🚨, (답변 시작)", 차분히 검토해 보니 아주 단순한 변환을 긴 반복문으로 풀고 있어요. 필요한 곳부터 변환 규칙이 단순하면 map으로 핵심 연산을 또렷하게 표현할 수 있어요. 🧼  3️⃣ 테스트를 떠올리며 보면 같은 변환을 여러 곳에서 반복하고 있어요. 테스트를 떠올리며 변환 규칙이 단순하면 map으로 핵심 연산을 또렷하게 표현할 수 있어,1,179,99,80,6862383
284,3,14.83,"[유사한 이름의 함수끼리 가까이 위치하도록 수정 권장] : 99.3 점 👍,
[enumerate 사용 가능한 경우 사용] : 74.2 점,
[한 줄의 길이는 일정 글자 이내로] : 43.2 점 🚨
[함수의 인수를 변경 가능한 default value로 하지 않아야 함] : 39.9 점 🚨,
[중복되는 사항 common 으로 빼기] : 35.0 점 🚨, (답변 시작)", 다음 변경을 생각하면 같은 처리가 여러 곳에서 반복되고 있어요. 테스트를 떠올리며 공통 동작을 한곳으로 모으면 수정할 때 놓칠 구석이 줄어요!  1️⃣ 작은 정성으로 같은 처리를 여러 곳에서 반복하고 있어요. 테스트를 떠올리며 공통 동작을 한곳으로 모으면 수정할 때 놓칠 구석이 줄어요!  1️⃣ 다음 변경 전에 같은 처리를 여러 곳에서 반복하고 있어요. 테스트를 떠올,1,184,104,80,6862383
285,3,14.8,"[동일한 인수 집합을 갖는 함수가 많은 경우 클래스화 고려] : 98.5 점 👍
[함수의 인수를 변경 가능한 default value로 하지 않아야 함] : 96.2 점 👍,
[빈 파일 TODO 표시 필요] : 66.0 점,
[리스트 컴프리헨션 사용이 가능한 경우 사용] : 44.2 점 🚨,
[기존 배열의 원소 추가 대신 extend 함수 사용] : 37.0 점 🚨, (답변 시작)", 다음 변경을 생각하면 목록 원소를 하나씩 추가하고 있어요. 테스트를 떠올리며 여러 값을 더할 때는 extend를 쓰면 의도가 정확히 전달돼요! 1. 파일의 흐름을 따라가 보니 같은 설정을 계속 받는 함수가 여러 개예요. 필요한 곳부터 공통 상태를 가진 객체로 묶으면 인자 전달이 가벼워지고 역할도 선명해져요. 2. 테스트하는 마음으로 보면 같은 설정을 계속 받는 함수가 여러 개예요,1,186,106,80,6862383
286,3,14.8,"[f = lambda x: ... 보다는 def f(x): return ... 를 사용] : 96.2 점 👍
[함수의 인자가 하나로 묶을 수 있는 경우 처리 권장] : 96.1 점 👍,
[key=itemgetter(""key"") 사용 권장] : 90.2 점 👍,
[고정값 상수화 필요] : 31.5 점 🚨,
[함수의 인수를 변경 가능한 default value로 하지 않아야 함] : 9.5 점 🚨, (답변 시작)", 테스트를 떠올리면 기본 인수에 리스트나 딕셔너리를 넣고 있어요. 보너스처럼 리스트나 딕셔너리는 None으로 두고 함수 안에서 만들면 호출 사이에 상태가 섞이지 않아요! 1️⃣ 1. 다음 커밋을 생각해 보면 기본 인수에 리스트나 딕셔너리를 넣고 있어요. 보너스처럼 리스트나 딕셔너리는 None으로 두고 함수 안에서 만들면 호출 사이에 상태가 섞이지 않아요! 1️⃣,1,191,111,80,6862383
287,3,14.81,"[함수의 인자가 하나로 묶을 수 있는 경우 처리 권장] : 97.7 점 👍
[상태 값 조건이 있는 if-elif-elif-else 있는 경우 클래스화 고려] : 91.8 점 👍,
[함수 docstring, 함수명 의미 일치] : 90.5 점 👍,
[불필요한 변수 생성 대신 defaultdict 권장] : 69.2 점,
[인덱스 반환에 index 함수 사용] : 68.5 점, (답변 시작)", 테스트를 떠올리면 위치를 찾기 위해 직접 반복하고 있어요. 흐름을 따라 첫 위치가 필요할 때는 index를 쓰면 목적이 바로 보입니다! 1️⃣  📌  다음 커밋에서 첫 위치가 필요할 때는 index를 쓰면 목적이 바로 보입니다. 2️⃣ 🐣  1. 테스트를 떠올리면 위치를 찾기 위해 직접 반복하고 있어요. 리뷰 메모를 따라 첫 위치가 필요할 때는 index를 쓰면 목적이,1,186,106,80,6862383
288,3,14.87,"[함수 docstring, 함수명 의미 일치] : 96.7 점 👍,
[동일한 인수 집합을 갖는 함수가 많은 경우 클래스화 고려] : 94.7 점 👍,
[미 사용 변수/함수 제거] : 62.1 점,
[100 line 이상 함수 분리, docstring 필요] : 22.9 점 🚨,
[지나치게 많은 들여쓰기 수정] : 18.8 점 🚨 (답변 시작)", 천천히 살펴보면 들여쓰기 단계가 깊어 흐름을 따라가기 어려워요. 한 호흡 쉬고 작은 함수로 쪼개거나 빠른 반환을 쓰면 조건의 미로가 얕아져요. 1. 차분히 검토해 보니 들여쓰기 단계가 깊어 흐름을 따라가기 어려워요. 테스트를 떠올리며 작은 함수로 쪼개거나 빠른 반환을 쓰면 조건의 미로가 얕아져요. 1. 차분히 검토해 보니 들여,1,178,98,80,6862383
289,3,15.16,"[예외를 삼키는 경우가 없어야 함] : 98.9 점 👍,
[100 line 이상 함수 분리, docstring 필요] : 97.6 점 👍,
[a = my_list[0], b = my_list[1] ... 대신 unpacking 사용 필요] : 94.4 점 👍,
[예외의 종류 (OOOError 등) 구체적 명시 권장] : 93.7 점 👍
[파일 단순 읽기/쓰기는 Path 사용] : 84.4 점, (답변 시작)", 테스트를 떠올리면 같은 고정해 두고 있어요. 미래의 나를 위해 Path의 읽기와 쓰기 메서드를 쓰면 파일 작업이 한결 수월해져요! 11. 1️⃣ 테스트를 떠올리면 같은 고정해 두고 있어요. 미래의 나를 위해 Path의 읽기와 쓰기 메서드를 쓰면 파일 작업이 한결 수월해져요. 12. 1️⃣ 테스트를 떠올리면 같은 고정해 두고 있어요. 미래의 나를 위해 ,1,191,111,80,6862383
290,3,15.56,"[경로를 path/to/file 이 아닌, pathlib 또는 os.path.join 사용] : 94.0 점 👍,
[함수 docstring, 함수명 의미 일치] : 83.6 점,
[if a.get(""b"") ... 형태로 수정 필요] : 72.7 점
[prefix, suffix 검사 시 startswith(), endswith() 사용] : 62.9 점,
[str 단순 += 대신 join 사용] : 60.6 점, (답변 시작)", 천천히 살펴보면 문자열을 반복해서 더하고 있어요. 테스트를 떠올리며 조각을 많이 합칠 때는 join으로 모으면 성능과 의도가 함께 좋아져요. 1️⃣  구현을 찬찬히 들여다보니 같은 처리가 여러 곳에서 반복되고 있어요. 한 호흡 쉬고 조각들을 많이 합칠 때는 join으로 모으면 성능과 의도가 함께 좋아져요. 🧩  2️⃣ 리팩터링 관점에서는 ,1,183,103,80,6862383
291,3,15.49,"[미 사용 변수/함수 제거] : 94.8 점 👍,
[유사한 이름의 함수끼리 가까이 위치하도록 수정 권장] : 86.6 점,
[a = my_list[0], b = my_list[1] ... 대신 unpacking 사용 필요] : 23.8 점 🚨
[고정값 상수화 필요] : 22.7 점 🚨,
[str 단순 += 대신 join 사용] : 2.4 점 🚨, (답변 시작)", 동작만 놓고 보면 문자열을 반복해서 더하고 있어요. 천천히 조각을 많이 합칠 때는 join으로 모으면 성능과 의도가 함께 좋아져요. 1️⃣  📌  차분히 검토해 보니 같은 고정값이 여러 곳에 흩어져 있어요. 한 호흡 쉬고 의미 있는 상수 이름으로 꺼내 두면 정책을 바꿀 때 한 번에 손볼 수 있어요! 2️⃣  🧼 테스트를 떠올리며 보면 같은 고,1,186,106,80,6862383
292,3,15.67,"[함수의 인자가 유동적인 경우 처리 권장] : 92.8 점 👍,
[enumerate 사용 가능한 경우 사용] : 90.8 점 👍,
[정규 표현식 문자열은 r""..."" 권장] : 90.6 점 👍,
[if a.get(""b"") ... 형태로 수정 필요] : 15.9 점 🚨
[의미 있는 함수명, 변수명 사용] : 8.7 점 🚨, (답변 시작)", 테스트를 떠올리면 역할을 짐작하기 어려운 함수나 변수 이름이 보여요. 테스트를 떠올리며 무엇을 하는지 드러나는 이름으로 바꾸면 설명서 없이도 코드가 읽혀요. 1️⃣  코드의 맥락을 보면 역할을 짐작하기 어려운 함수나 변수 이름이 보여요. 테스트를 떠올리며 무엇을 하는지 드러나는 이름으로 바꾸면 설명서 없이도 코드가 읽혀요. 1️⃣  한 발 물러서서 보면 역할을 짐작하,1,183,103,80,6862383
293,3,15.31,"[함수 docstring, 함수명 의미 일치] : 98.1 점 👍,
[유사한 이름의 함수끼리 가까이 위치하도록 수정 권장] : 90.8 점 👍,
[비어 있는 문자열 여부 판단 간소화] : 83.5 점,
[유사한 변수명 통일] : 64.7 점
[itertools.product 사용 가능한 경우 사용] : 18.9 점 🚨, (답변 시작)", 코드의 표정을 읽어 보니 조합을 만들려고 중첩 반복문을 쓰고 있어요. 필요한 곳부터 모든 조합이 필요할 때는 itertools.product로 의도를 또렷하게 드러내요! 1. 4️⃣ 한 발 물러서서 보면 같은 조건의 반복을 더 간결하게 쓸 여지가 보여요. 테스트를 떠올리며 모든 조합이 필요할 때는 itertools.product로 의도를 또렷하게 드러내요. 2. 2️⃣ 코,1,174,94,80,6862383
294,3,16.06,"[미 사용 변수/함수 제거] : 95.3 점 👍,
[함수 docstring, 함수명 의미 일치] : 74.4 점,
[유사한 이름의 함수끼리 가까이 위치하도록 수정 권장] : 67.6 점,
[중복되는 사항 common 으로 빼기] : 50.3 점 🚨
[숫자 값은 위쪽에 상수로] : 13.4 점 🚨, (답변 시작)", 유지보수 시선으로 보면 로직 사이에 매직 넘버가 숨어 있어요. 테스트를 떠올리며 매직 넘버를 파일 위쪽의 상수로 올리면 숫자가 왜 필요한지 바로 보여요. 3.1️⃣ 테스트를 떠올리며 매직 넘버를 파일 위쪽의 상수로 올리면 숫자가 왜 필요한지 바로 보여요! 1. 다음 변경을 생각하면 로직 사이에 매직 넘버가 숨어 있어요. 테스트를 떠올리며 매직 넘버를,1,176,96,80,6862383
295,3,15.67,"[함수의 인자가 유동적인 경우 처리 권장] : 67.5 점,
[인덱스 반환에 index 함수 사용] : 39.2 점 🚨,
[지나치게 많은 들여쓰기 수정] : 38.7 점 🚨,
[zip 사용 가능한 경우 사용] : 32.3 점 🚨,
[숫자 값은 위쪽에 상수로] : 25.5 점 🚨 (답변 시작)", 협업 관점에서 보면 로직 사이에 매직 넘버가 숨어 있어요. 흐름을 따라 매직 넘버를 파일 위쪽의 상수로 올리면 숫자가 왜 필요한지 바로 보여요. 🛠️  1. 테스트하는 마음으로 보면 로직 사이에 매직 넘버가 숨어 있어요. 보너스처럼 매직 넘버를 파일 위쪽의 상수로 올리면 숫자가 왜 필요한지 바로 보여요.  2. 가독성에 집중해 보,1,174,94,80,6862383
296,3,15.7,"[지나치게 많은 들여쓰기 수정] : 94.1 점 👍,
[언패킹 시 숫자 인덱스 사용하지 말 것 (변수에 바로 할당)] : 92.2 점 👍,
[빈도수, 반복문, 경로명 리스트 추출 시 collections, itertools, glob 사용] : 74.6 점,
[유사한 변수명 통일] : 59.0 점 🚨,
[비어 있는 문자열 여부 판단 간소화] : 42.5 점 🚨 (답변 시작)", 테스트하는 마음으로 보면 빈 문자열 검사식이 불필요하게 길어요. 한 발 먼저 파이썬다운 조건 검사로 바꾸면 조건식이 가볍게 읽혀요. 1. 가독성에 집중해 보면 조건식이 불필요하게 길어요. 테스트를 떠올리며 파이썬다운 조건 검사로 바꾸면 조건식이 가볍게 읽혀요! 2. 동작을 쭉 따라가 보니 조건식이 불필요하게 길어요. 테스트를 떠올리,1,188,108,80,6862383
297,3,15.67,"[key=itemgetter(""key"") 사용 권장] : 90.0 점 👍,
[주석 처리된 코드 제거] : 68.5 점,
[if-elif-elif-else 구문은 되도록 dict로 수정] : 68.4 점
[조건문 중첩 대신 any, all 사용] : 2.9 점 🚨,
[상태 값 조건이 있는 if-elif-elif-else 있는 경우 클래스화 고려] : 1.8 점 🚨, (답변 시작)", 테스트를 떠올리면 상태에 따라 갈라지는 조건문이 길게 이어져요. 리뷰 메모를 따라 상태별 동작을 클래스로 나누면 새 상태를 더할 때 기존 조건문을 덜 건드려도 돼요. 1.4️⃣ 작은 정성으로 상태별 동작을 클래스로 나누면 새 상태를 더할 때 기존 조건문을 덜 건드려도 돼요. 1.4️⃣ 한 발 물러서서 보면 상태에 따,1,189,109,80,6862383
298,3,15.14,"[Python 예약어를 변수명으로 사용하지 않아야 함] : 92.3 점 👍,
[예외의 종류 (OOOError 등) 구체적 명시 권장] : 91.5 점 👍,
[매우 간결한 변환은 map 사용] : 87.2 점,
[언패킹 시 숫자 인덱스 사용하지 말 것 (변수에 바로 할당)] : 59.4 점 🚨
[함수명, 반환값 간 일치] : 55.7 점 🚨, (답변 시작)", 테스트하는 마음으로 보면 함수 이름과 반환값의 약속이 어긋나는 곳이 있어요. 🐣 한 발 먼저 반환하는 값을 이름에 맞추면 호출부에서 예상이 빗나가지 않아요.  1. 한 발 물러서서 보면 함수 이름과 반환값의 약속이 어긋나는 곳이 있어요. 테스트를 떠올리며 반환하는 값을 이름에 맞추면 호출부에서 예상이 빗나가지 않아요.  1. 한 발 물,1,187,107,80,6862383
299,3,15.52,"[if a.get(""b"") ... 형태로 수정 필요] : 98.2 점 👍
[유사한 변수명 통일] : 96.2 점 👍,
[언패킹 시 숫자 인덱스 사용하지 말 것 (변수에 바로 할당)] : 95.5 점 👍,
[상태 값 조건이 있는 if-elif-elif-else 있는 경우 클래스화 고려] : 68.8 점,
[함수 docstring, 함수명 의미 일치] : 22.8 점 🚨, (답변 시작)", 차분히 검토해 보니 docstring과 함수 동작이 서로 다르게 읽혀요. 문맥을 확인하며 docstring과 함수가 약속한 역할을 맞추면 다음 사람이 안심하고 호출할 수 있어요. 🧼  1️⃣ 구현을 찬찬히 들여다보니 docstring과 함수가 서로 다르게 읽혀요. 한 호흡 쉬고 docstring과 함수가 약속한 역할을 맞추면 다음 사람이 안심하고 호출할 수 있어요.  1️,1,191,111,80,6862383
300,4,14.68,"[주석 처리된 코드 제거] : 98.8 점 👍,
[import 순서 준수] : 76.1 점,
[enumerate 사용 가능한 경우 사용] : 75.6 점,
[불필요한 print, logging 제거] : 61.0 점,
[매우 간결한 변환은 map 사용] : 27.3 점 🚨 (답변 시작)", 팀원이 처음 본다고 생각하면 아주 단순한 변환을 긴 반복문으로 풀고 있어요. 가볍게 변환 규칙이 단순하면 map으로 핵심 연산을 또렷하게 표현할 수 있어요.  🌿  1. 전체 흐름을 놓고 보면 아주 단순한 변환을 긴 반복문으로 풀고 있어요. 가볍게 변환 규칙이 단순하면 map으로 핵심 연산을 또렷하게 표현할 수 있어요!  2. 한 ,1,164,84,80,6862383
301,4,14.69,"[상태 값 조건이 있는 if-elif-elif-else 있는 경우 클래스화 고려] : 93.4 점 👍
[파일 열기, 닫기 시 with open(...) 사용] : 92.7 점 👍,
[유사한 변수명 통일] : 90.7 점 👍,
[매우 간결한 변환은 map 사용] : 34.8 점 🚨,
[README.md, pyproject.toml 필요] : 31.6 점 🚨, (답변 시작)", 리팩터링 관점에서는 시작 방법을 알려 줄 README.md와 pyproject.toml이 필요해 보여요. 가능한 범위에서 설치 방법과 실행 환경을 적어 두면 처음 온 사람도 바로 출발할 수 있어요.  1. 코드의 맥락을 보면 시작 방법을 알려 줄 README.md와 pyproject.toml이 필요해 보여요. 🎈 가능한 범위에서 설치 방법과 실행 환경을 적어 두면 처음 온 사람도 바로 출,1,186,106,80,6862383
302,4,15.03,"[의미 있는 함수명, 변수명 사용] : 98.9 점 👍,
[prefix, suffix 검사 시 startswith(), endswith() 사용] : 97.2 점 👍,
[if-elif-elif-else 구문은 되도록 dict로 수정] : 72.2 점,
[미 사용 변수/함수 제거] : 31.2 점 🚨,
[동일한 인수 집합을 갖는 함수가 많은 경우 클래스화 고려] : 23.2 점 🚨 (답변 시작)", 천천히 살펴보면 같은 설정을 계속 받는 함수가 여러 개예요. 이번 수정에서는 공통 상태를 가진 객체로 묶으면 인자 전달이 가벼워지고 역할도 선명해져요! 🧼  1️⃣ 가독성에 집중해 보면 같은 설정을 계속 받는 함수가 여러 개예요. 과감하게 공통 상태를 가진 객체로 묶으면 인자 전달이 가벼워지고 역할도 선명해져요!  2️⃣ 리뷰 메모,1,190,110,80,6862383
303,4,16.01,"[문자열 단순 연결보다는 f-string 사용] : 97.4 점 👍,
[함수의 인자가 유동적인 경우 처리 권장] : 83.8 점
[유사한 이름의 함수끼리 가까이 위치하도록 수정 권장] : 68.4 점,
[매우 간결한 변환은 map 사용] : 68.1 점,
[enumerate 사용 가능한 경우 사용] : 36.0 점 🚨, (답변 시작)", 작은 개선을 찾다 보니 반복문에서 번호를 직접 관리하고 있어요. 테스트를 떠올리며 순서와 값을 함께 쓸 때는 enumerate가 더 자연스럽고 안전해요.  3. 다음 커밋을 생각해 보면 반복문에서 인덱스를 다시 쓰고 있어요! 과감하게 순서와 값을 함께 쓸 때는 enumerate가 더 자연스럽고 안전해요.  4. 가독성에 집중해 보면 중간 목록이 만들어지고 있어요. 천,1,176,96,80,6862383
304,4,14.62,"[itertools.product 사용 가능한 경우 사용] : 92.3 점 👍,
[README.md, pyproject.toml 필요] : 90.9 점 👍,
[함수 인수 type hint 필요] : 90.4 점 👍
[중복되는 사항 common 으로 빼기] : 88.9 점,
[str 단순 += 대신 join 사용] : 87.7 점, (답변 시작)", 팀원이 처음 본다고 생각하면 문자열을 반복해서 더하고 있어요. 과감하게 조각을 많이 합칠 때는 join으로 모으면 성능과 의도가 함께 좋아져요!  🎈  1. 리뷰 메모를 따라가면 문자열 연산을 반복하고 있어요. 작은 단계로 조각을 많이 합칠 때는 join으로 모으면 성능과 의도가 함께 좋아져요!  🍀  2. 코드 산책을 하다 보니 목록 원소,1,169,89,80,6862383
305,4,14.63,"[함수의 인자가 하나로 묶을 수 있는 경우 처리 권장] : 97.8 점 👍
[동일한 인수 집합을 갖는 함수가 많은 경우 클래스화 고려] : 93.5 점 👍,
[if a.get(""b"") ... 형태로 수정 필요] : 40.9 점 🚨,
[import 순서 준수] : 12.0 점 🚨,
[함수 docstring, 함수명 의미 일치] : 1.5 점 🚨, (답변 시작)", 한 발 물러서서 보면 docstring과 함수 동작이 서로 다르게 읽혀요. 가볍게 docstring과 함수가 약속한 역할을 맞추면 다음 사람이 안심하고 호출할 수 있어요! 🎈  2️⃣ 한 발 물러서서 보면 docstring과 함수 동작이 서로 다르게 읽혀요. 과감하게 docstring과 함수가 약속한 역할을 맞추면 다음 사람이 안심하고 호출할 수 있어요! 🍀  3️⃣ 천천히 살펴보면 docstring과 함수 동,1,186,106,80,6862383
306,4,15.24,"[개수 세기에 count 함수 사용] : 99.5 점 👍,
[지나치게 많은 들여쓰기 수정] : 96.8 점 👍
[enumerate 사용 가능한 경우 사용] : 90.8 점 👍,
[파일 단순 읽기/쓰기는 Path 사용] : 89.7 점,
[의미 있는 함수명, 변수명 사용] : 79.9 점, (답변 시작)", 코드의 표정을 읽어 보니 역할을 짐작하기 어려운 함수나 변수 이름이 보여요. 필요한 곳부터 무엇을 하는지 드러나는 이름으로 바꾸면 설명서 없이도 코드가 읽혀요.  1️⃣ 한 발 물러서서 보면 역할을 짐작하기 어려운 함수나 변수 이름이 보여요! 작은 정성으로 무엇을 하는지 드러나는 이름으로 바꾸면 설명서 없이도 코드가 읽혀요! 🐣  2. 한 번 더 확,1,172,92,80,6862383
307,4,15.31,"[enumerate 사용 가능한 경우 사용] : 92.8 점 👍,
[파일 단순 읽기/쓰기는 Path 사용] : 92.2 점 👍
[리스트 컴프리헨션 사용이 가능한 경우 사용] : 91.2 점 👍,
[매우 간결한 변환은 map 사용] : 79.5 점,
[if-elif-elif-else 구문은 되도록 dict로 수정] : 66.8 점, (답변 시작)", 이번 리뷰에서는 조건 분기가 길게 늘어진 곳이 있어요. 작은 정성으로 값에 따른 선택이라면 dict 매핑으로 바꾸어 분기표를 단순하게 만들어 보세요.  🧼  1️⃣ 전체 흐름을 놓고 보면 조건 분기가 길게 늘어진 곳이 있어요. 필요한 곳부터 값에 따른 선택이라면 dict 매핑으로 바꾸어 분기표를 단순하게 만들어 보세요.  1. 천천히 살펴보면 조건 분기가 ,1,180,100,80,6862383
308,4,14.73,"[조건문 중첩 대신 any, all 사용] : 51.0 점 🚨,
[함수의 인수를 변경 가능한 default value로 하지 않아야 함] : 46.7 점 🚨,
[불필요한 print, logging 제거] : 44.5 점 🚨
[빈도수, 반복문, 경로명 리스트 추출 시 collections, itertools, glob 사용] : 32.0 점 🚨,
[고정값 상수화 필요] : 17.4 점 🚨, (답변 시작)", 작은 신호를 짚어 보니 같은 고정값이 여러 곳에 흩어져 있어요. 꼼꼼하게 의미 있는 상수 이름으로 꺼내 두면 정책을 바꿀 때 한 번에 손볼 수 있어요! 🍀  1. 전체 흐름을 놓고 보면 같은 고정값이 여러 곳에 흩어져 있어요! 꼼꼼하게 의미 있는 상수 이름으로 꺼내 두면 정책을 바꿀 때 한 번에 손볼 수 있어요! 🍀  2. 한 발 물러서서 보면 같,1,192,112,80,6862383
309,4,14.64,"[한 줄의 길이는 일정 글자 이내로] : 99.0 점 👍,
[prefix, suffix 검사 시 startswith(), endswith() 사용] : 69.0 점,
[클래스 내부에서만 쓰이는 속성, 메서드 (접두사 있음) 호출 비 권장] : 48.9 점 🚨,
[함수의 인자가 하나로 묶을 수 있는 경우 처리 권장] : 35.9 점 🚨
[함수의 인자가 유동적인 경우 처리 권장] : 16.8 점 🚨, (답변 시작)", 가독성에 집중해 보면 개수가 바뀔 수 있는 인수를 고정해 두고 있어요! 문맥을 확인하며 가변 인수는 *args나 **kwargs를 알맞게 쓰면 확장에 더 유연해져요.  📌 1. 코드의 맥락을 보면 클래스 밖에서 의존하고 있어요. 📌 2. 개발자 마음으로 밑줄로 표시된 내부 구현에 의존하지 않으면 새별칭나 수정,1,197,117,80,6862383
310,4,14.65,"[파일 열기, 닫기 시 with open(...) 사용] : 98.7 점 👍,
[prefix, suffix 검사 시 startswith(), endswith() 사용] : 96.4 점 👍,
[제너레이터 표현식 사용이 가능한 경우 사용] : 93.2 점 👍,
[인덱스 반환에 index 함수 사용] : 92.5 점 👍
[f = lambda x: ... 보다는 def f(x): return ... 를 사용] : 70.7 점, (답변 시작)", 개발자 입장에서 보면 이름이 필요한 동작이 lambda에 숨어 있어요. 천천히 재사용하거나 설명이 필요한 로직은 def로 꺼내면 디버깅과 테스트가 편해져요.  1. 유지보수 시선으로 보면 한 번만 쓸 중간 목록이 만들어지고 있어요. 과감하게 한 번만 순회한다면 def로 꺼내면 중간 목록이 사라져 코드가 단순해져요. 🧠  2. 작은 개선을 찾다 보니 ,1,190,110,80,6862383
311,4,14.79,"[함수 인수 type hint 필요] : 97.5 점 👍
[동일 인자 type 통일] : 87.6 점,
[f = lambda x: ... 보다는 def f(x): return ... 를 사용] : 81.1 점,
[의미 있는 함수명, 변수명 사용] : 64.7 점,
[한 줄의 길이는 일정 글자 이내로] : 44.4 점 🚨, (답변 시작)", 코드의 맥락을 보면 한 줄이 너무 길게 이어지는 곳이 있어요. 우선 줄을 적당히 나누면 작은 화면에서도 흐름을 놓치지 않아요.  1. 한 발 물러서서 보면 한 줄이 너무 길게 이어지는 곳이 있어요. 가볍게 줄을 적당히 나누면 작은 화면에서도 흐름을 놓치지 않아요.  2. 한 발 물러서서 보면 한 줄이 너무 길게 이어지는 곳이 있어요. 가능하다면 줄을 적당히 나누면 작은 ,1,175,95,80,6862383
312,4,14.67,"[고정값 상수화 필요] : 99.5 점 👍,
[import 순서 준수] : 97.9 점 👍,
[리스트 컴프리헨션 사용이 가능한 경우 사용] : 96.2 점 👍
[매우 간결한 변환은 map 사용] : 91.8 점 👍,
[예외의 종류 (OOOError 등) 구체적 명시 권장] : 65.6 점, (답변 시작)", 코드의 결을 살펴보면 너무 넓은 예외를 잡고 있어요. 팀과 맞춰 보며 예상한 OOOError처럼 구체적인 예외만 잡으면 버그가 숨어버리지 않아요. 🍀  1. 개발자 입장에서 보면 너무 넓은 예외를 잡고 있어요! 필요한 곳부터 예상한 OOOError처럼 구체적인 예외만 잡으면 버그가 숨어버리지 않아요. 🍀  2. 코드의 맥락을 보면 너무 넓은 예,1,173,93,80,6862383
313,4,14.64,"[제너레이터 표현식 사용이 가능한 경우 사용] : 91.9 점 👍,
[함수명, 반환값 간 일치] : 90.7 점 👍,
[enumerate 사용 가능한 경우 사용] : 51.7 점 🚨,
[if a.get(""b"") ... 형태로 수정 필요] : 44.4 점 🚨
[유사한 변수명 통일] : 24.4 점 🚨, (답변 시작)", 코드의 맥락을 보면 비슷한 역할의 변수 이름이 제각각이에요. 이번 수정에서는 같은 개념에는 같은 이름 규칙을 쓰면 읽는 속도가 훨씬 빨라져요. 🍀  1. 차분히 검토해 보니 같은 역할의 변수 이름이 제각각이에요. 프로젝트를 아끼는 마음으로 같은 개념에는 같은 이름 규칙을 쓰면 읽는 속도가 훨씬 빨라져요!  2. 💫 한 발 물러서서 보면 ,1,179,99,80,6862383
314,4,14.62,"[a = my_list[0], b = my_list[1] ... 대신 unpacking 사용 필요] : 77.1 점,
[함수의 인자가 하나로 묶을 수 있는 경우 처리 권장] : 75.8 점,
[if-elif-elif-else 구문은 되도록 dict로 수정] : 66.8 점,
[zip 사용 가능한 경우 사용] : 66.1 점,
[파일 열기, 닫기 시 with open(...) 사용] : 63.0 점 (답변 시작)", 차분하게 검토해 보니 파일을 열고 닫는 일을 직접 관리하고 있어요. 한 번에 with open(...)으로 감싸면 예외가 나도 파일이 안전하게 닫혀요.  1. 작은 개선을 찾다 보니 파일을 열고 닫는 일을 직접 관리하고 있어요. 다음 커밋에서 with open(...)으로 감싸면 예외가 나도 파일이 안전하게 닫혀요.  2. 천천히 살펴보면 작은 신호를 놓치지 않고 있어요,1,192,112,80,6862383
315,4,14.7,"[if a.get(""b"") ... 형태로 수정 필요] : 73.1 점,
[함수 인수 type hint 필요] : 53.3 점 🚨
[중복되는 사항 common 으로 빼기] : 24.8 점 🚨,
[if-elif-elif-else 구문은 되도록 dict로 수정] : 10.5 점 🚨,
[함수명, 반환값 간 일치] : 5.1 점 🚨, (답변 시작)", 한 발 물러서서 보면 함수 이름과 반환값의 약속이 어긋나는 곳이 있어요. 가볍게 반환하는 값을 이름에 맞추면 호출부에서 예상이 빗나가지 않아요. 🧼  1. 코드의 맥락을 보면 함수 이름과 반환값의 약속이 어긋나는 곳이 있어요. 천천히 반환하는 값을 이름에 맞추면 호출부에서 예상이 빗나가지 않아요.  😺  1. 한 발 물러서서 ,1,185,105,80,6862383
316,4,14.78,"[클래스 내부에서만 쓰이는 속성, 메서드 (접두사 있음) 호출 비 권장] : 88.2 점,
[인덱스 반환에 index 함수 사용] : 80.9 점,
[중복되는 사항 common 으로 빼기] : 19.3 점 🚨,
[불필요한 print, logging 제거] : 7.3 점 🚨
[함수명, 반환값 간 일치] : 7.1 점 🚨, (답변 시작)", 천천히 살펴보면 함수 이름과 반환값의 약속이 어긋나는 곳이 있어요. 다음 커밋에서 반환하는 값을 이름에 맞추면 호출부에서 예상이 빗나가지 않아요!  1. 한 발 물러서서 보면 함수 이름과 반환값의 약속이 어긋나는 곳이 있어요. 작은 정성으로 반환하는 값을 이름에 맞추면 호출부에서 예상이 빗나가지 않아요.  2. 구현을 찬찬히 들여다보니 함수,1,184,104,80,6862383
317,4,14.65,"[함수 인수 type hint 필요] : 98.6 점 👍,
[100 line 이상 함수 분리, docstring 필요] : 96.2 점 👍
[import 순서 준수] : 40.6 점 🚨,
[a = my_list[0], b = my_list[1] ... 대신 unpacking 사용 필요] : 27.6 점 🚨,
[if a.get(""b"") ... 형태로 수정 필요] : 13.9 점 🚨, (답변 시작)"," 한 발 물러서서 보면 딕셔너리 키를 꺼내는 과정이 장황해요. 다음 변경 전에 a.get(""b"")처럼 안전하게 꺼내면 누락된 키에서도 흐름이 부드러워요. 🌿  1. 차분히 검토해 보니 함수 인수의 type hint가 비어 있어요. 한 번에 인수에 type hint를 달아 두면 들어오는 데이터가 무엇인지 바로 알 수 있어요.  2.",1,187,107,80,6862383
318,4,14.65,"[주석 처리된 코드 제거] : 97.6 점 👍,
[예외를 삼키는 경우가 없어야 함] : 97.2 점 👍
[기존 배열의 원소 추가 대신 extend 함수 사용] : 93.8 점 👍,
[a = my_list[0], b = my_list[1] ... 대신 unpacking 사용 필요] : 77.4 점,
[동일한 인수 집합을 갖는 함수가 많은 경우 클래스화 고려] : 64.4 점, (답변 시작)", 한 발 물러서서 보면 같은 설정을 계속 받는 함수가 여러 개예요. 가능하다면 공통 상태를 가진 객체로 묶으면 인자 전달이 가벼워지고 역할도 선명해져요!  1. 코드의 맥락을 보면 같은 설정을 계속 받는 함수가 여러 개예요. 💫 다음 변경 전에 공통 상태를 가진 객체로 묶으면 인자 전달이 가벼워지고 역할도 선명해져요!  2. 현재,1,189,109,80,6862383
319,4,14.61,"[매우 간결한 변환은 map 사용] : 98.4 점 👍
[지나치게 많은 들여쓰기 수정] : 96.1 점 👍,
[함수의 인자가 유동적인 경우 처리 권장] : 91.1 점 👍,
[파일 열기, 닫기 시 with open(...) 사용] : 57.8 점 🚨,
[itertools.product 사용 가능한 경우 사용] : 5.5 점 🚨, (답변 시작)", 코드의 맥락을 보면 조합을 만들려고 중첩 반복문을 쓰고 있어요. 이왕이면 모든 조합이 필요할 때는 itertools.product로 의도를 또렷하게 드러내요!  🚀  10. 리팩터링 관점에서는 같은 처리가 여러 곳에서 반복되고 있어요! 한 번에 공통 동작을 한곳으로 모으면 수정할 때 놓칠 구석이 줄어요. 🧠  1. 코드의 맥락을 보면 ,1,180,100,80,6862383
320,4,14.54,"[중복되는 사항 common 으로 빼기] : 95.5 점 👍,
[제너레이터 표현식 사용이 가능한 경우 사용] : 90.8 점 👍
[인덱스 반환에 index 함수 사용] : 74.5 점,
[매우 간결한 변환은 map 사용] : 48.1 점 🚨,
[itertools.product 사용 가능한 경우 사용] : 34.6 점 🚨, (답변 시작)", 코드의 결을 살펴보면 조합을 만들려고 중첩 반복문을 쓰고 있어요. 팀과 맞춰 보며 모든 조합이 필요할 때는 itertools.product로 의도를 또렷하게 드러내요.  1️⃣ 코드의 맥락을 보면 조합을 만들려고 중첩 반복문을 쓰고 있어요. 의도를 적어 두듯 모든 조합이 필요할 때는 itertools.product로 의도를 또렷하게 드러내요.  🎈  2️⃣ 한 발 물러서서 ,1,178,98,80,6862383
321,4,14.3,"[인덱스 반환에 index 함수 사용] : 92.8 점 👍
[비어 있는 문자열 여부 판단 간소화] : 84.5 점,
[문자열 단순 연결보다는 f-string 사용] : 71.7 점,
[기존 배열의 원소 추가 대신 extend 함수 사용] : 43.5 점 🚨,
[의미 있는 함수명, 변수명 사용] : 24.7 점 🚨, (답변 시작)", 천천히 살펴보면 역할을 짐작하기 어려운 함수나 변수 이름이 보여요. 필요한 곳부터 무엇을 하는지 드러나는 이름으로 바꾸면 설명서 없이도 코드가 읽혀요.  1. 가독성에 집중해 보면 역할을 짐작하기 어려운 함수나 변수 이름이 보여요. 테스트를 떠올리며 무엇을 하는지 드러나는 이름으로 바꾸면 설명서 없이도 코드가 읽혀요.  1. 가독성에 집중해 보면 역할을 짐작하,1,176,96,80,6862383
322,4,14.29,"[prefix, suffix 검사 시 startswith(), endswith() 사용] : 94.4 점 👍
[동일 인자 type 통일] : 91.8 점 👍,
[불필요한 print, logging 제거] : 91.2 점 👍,
[key=itemgetter(""key"") 사용 권장] : 91.0 점 👍,
[f = lambda x: ... 보다는 def f(x): return ... 를 사용] : 61.8 점, (답변 시작)", 천천히 살펴보면 이름이 필요한 동작이 lambda에 숨어 있어요. 꼼꼼하게 재사용하거나 설명이 필요한 로직은 def로 꺼내면 디버깅과 테스트가 편해져요! 3. 전체 흐름을 놓고 보면 이름이 필요한 동작이 lambda에 숨어 있어요. 작은 단계로 재사용하거나 설명이 필요한 로직은 def로 꺼내면 디버깅과 테스트가 편해져요. 🙌  1. 전체 흐름을 놓고 보면 이름이 필요한 동작이 l,1,181,101,80,6862383
323,4,14.25,"[함수명, 반환값 간 일치] : 92.8 점 👍,
[README.md, pyproject.toml 필요] : 86.7 점,
[경로를 path/to/file 이 아닌, pathlib 또는 os.path.join 사용] : 77.2 점,
[함수 인수 type hint 필요] : 68.1 점
[파일 열기, 닫기 시 with open(...) 사용] : 5.4 점 🚨, (답변 시작)", 이번 리뷰에서는 파일을 열고 닫는 일을 직접 관리하고 있어요. 필요한 곳부터 with open(...)으로 감싸면 예외가 나도 파일이 안전하게 닫혀요.  1. 가독성에 집중해 보면 한 번에 처리하지 않으면 파일이 다시 열려 있어요. 지금 바로 with open(...)으로 감싸면 예외가 나도 파일이 안전하게 닫혀요.  2. 협업 관점에서 보면 파일을 다시 열고 있어요. 가능한 범위에서 ,1,180,100,80,6862383
324,4,14.28,"[assertion을 제어 메커니즘으로 사용하면 안됨] : 98.2 점 👍,
[빈도수, 반복문, 경로명 리스트 추출 시 collections, itertools, glob 사용] : 93.5 점 👍,
[중복되는 사항 common 으로 빼기] : 92.3 점 👍
[인덱스 반환에 index 함수 사용] : 91.0 점 👍,
[함수 인수 type hint 필요] : 67.7 점, (답변 시작)", 테스트를 떠올리면 함수 인수의 type hint가 비어 있어요. 가능한 범위에서 인수에 type hint를 달아 두면 들어오는 데이터가 무엇인지 바로 알 수 있어요.  1. 차분히 검토해 보니 코드가 맥락을 모른 채 읽혀요. 다음 커밋에서 차분히 설명적인 docstring과 type hint를 붙이면 다음 사람이 안심하고 호출할 수 있어요.  1. 지금 바로 빈 함수나 메소드는 ,1,183,103,80,6862383
325,4,14.31,"[함수명, 반환값 간 일치] : 100.0 점 👍,
[클래스 내부에서만 쓰이는 속성, 메서드 (접두사 있음) 호출 비 권장] : 78.1 점,
[함수의 인자가 유동적인 경우 처리 권장] : 61.2 점,
[매우 간결한 변환은 map 사용] : 42.3 점 🚨
[고정값 상수화 필요] : 24.6 점 🚨, (답변 시작)", 개발자 입장에서 보면 같은 고정값이 여러 곳에 흩어져 있어요. 🚀 다음 커밋에서 의미 있는 상수 이름으로 꺼내 두면 정책을 바꿀 때 한 번에 손볼 수 있어요!  1️⃣ 한 발 물러서서 보면 같은 고정값이 여러 곳에 흩어져 있어요. 개발자 마음으로 의미 있는 상수 이름으로 꺼내 두면 정책을 바꿀 때 한 번에 손볼 수 있어요.  2. 🌈 개발자 마음으로 보면 같,1,183,103,80,6862383
326,4,14.28,"[예외를 삼키는 경우가 없어야 함] : 73.0 점
[a = my_list[0], b = my_list[1] ... 대신 unpacking 사용 필요] : 72.6 점,
[if-elif-elif-else 구문은 되도록 dict로 수정] : 67.7 점,
[매우 간결한 변환은 map 사용] : 50.2 점 🚨,
[미 사용 변수/함수 제거] : 49.0 점 🚨, (답변 시작)", 다시 살펴보니 쓰이지 않는 변수나 함수가 남아 있네요. 꼼꼼하게 참조되지 않는 선언을 걷어 내면 핵심 로직만 또렷하게 남아요! 🌈  1. 천천히 살펴보면 쓰이지 않는 변수나 함수가 남아 있네요. 다음 배포를 생각하며 참조되지 않는 선언을 걷어 내면 핵심 로직만 또렷하게 남아요.  1️⃣ 한 발 물러서서 보면 쓰이지 않,1,190,110,80,6862383
327,4,14.28,"[매우 간결한 변환은 map 사용] : 97.3 점 👍,
[조건문 중첩 대신 any, all 사용] : 92.2 점 👍
[유사한 변수명 통일] : 91.5 점 👍,
[기존 배열의 원소 추가 대신 extend 함수 사용] : 67.2 점,
[한 줄의 길이는 일정 글자 이내로] : 6.5 점 🚨, (답변 시작)", 한 발 물러서서 보면 한 줄이 너무 길게 이어지는 곳이 있어요. 가능한 범위에서 줄을 적당히 나누면 작은 화면에서도 흐름을 놓치지 않아요!  1. 코드의 맥락을 보며 한 발 물러서서 보면 한 줄이 너무 길게 이어지는 곳이 있어요. 이번 수정에서는 줄을 적당히 나누면 작은 화면에서도 흐름을 놓치지 않아요!  1️⃣ 천천히 살펴보면 한 줄이 너무 길게 이어지는 곳이 있어요. 다음 변경 ,1,174,94,80,6862383
328,4,14.28,"[assertion을 제어 메커니즘으로 사용하면 안됨] : 92.8 점 👍,
[동일한 인수 집합을 갖는 함수가 많은 경우 클래스화 고려] : 79.6 점,
[함수 docstring, 함수명 의미 일치] : 77.1 점
[클래스 내부에서만 쓰이는 속성, 메서드 (접두사 있음) 호출 비 권장] : 72.9 점,
[파일 단순 읽기/쓰기는 Path 사용] : 4.2 점 🚨, (답변 시작)", 팀원이 처음 본다고 생각하면 간단한 파일 작업이 장황하게 처리되고 있어요. 우선 Path의 읽기와 쓰기 메서드를 쓰면 파일 작업이 짧고 단단해져요!  1. 테스트하는 마음으로 보면 간단한 파일 작업을 장황하게 처리하고 있어요. 읽는 사람을 위해 Path의 읽기와 쓰기 메서드를 쓰면 파일 작업이 짧고 단단해져요.  2. 협업 관점에서 보면 간단한 파일 작업이 ,1,188,108,80,6862383
329,4,14.34,"[동일 인자 type 통일] : 97.2 점 👍,
[함수의 인자가 유동적인 경우 처리 권장] : 92.7 점 👍,
[제너레이터 표현식 사용이 가능한 경우 사용] : 75.9 점,
[언패킹 시 숫자 인덱스 사용하지 말 것 (변수에 바로 할당)] : 65.8 점,
[함수명, 반환값 간 일치] : 63.1 점 (답변 시작)", 한 발 물러서서 보면 함수 이름과 반환값의 약속이 어긋나는 곳이 있어요. 작은 정성으로 반환하는 값을 이름에 맞추면 호출부에서 예상이 빗나가지 않아요!  1. 🌈 다음 커밋을 생각해 보면 함수 이름과 반환값의 약속이 어긋나는 곳이 있어요. 가볍게 반환하는 값을 이름에 맞추면 호출부에서 예상이 빗나가지 않아요!  🙌  1. 🌈,1,178,98,80,6862383
330,4,14.25,"[상태 값 조건이 있는 if-elif-elif-else 있는 경우 클래스화 고려] : 98.1 점 👍
[불필요한 변수 생성 대신 defaultdict 권장] : 96.6 점 👍,
[import 순서 준수] : 93.5 점 👍,
[예외의 종류 (OOOError 등) 구체적 명시 권장] : 93.3 점 👍,
[함수의 인자가 하나로 묶을 수 있는 경우 처리 권장] : 44.4 점 🚨, (답변 시작)", 바꿀 지점을 골라 보니 함께 움직이는 인수가 따로따로 전달되고 있어요! 팀과 맞춰 보며 함께 쓰는 값을 객체나 dataclass로 묶으면 호출부가 훨씬 덜 복잡해져요. 🐣  1. 코드의 맥락을 보면 함께 움직이는 인수가 따로따로 전달되고 있어요. 💫 한 발 먼저 함께 쓰는 값을 객체나 dataclass로 묶으면 호출부가 훨씬,1,189,109,80,6862383
331,4,14.29,"[enumerate 사용 가능한 경우 사용] : 95.6 점 👍
[함수 docstring, 함수명 의미 일치] : 93.4 점 👍,
[f = lambda x: ... 보다는 def f(x): return ... 를 사용] : 85.3 점,
[중복되는 사항 common 으로 빼기] : 54.7 점 🚨,
[고정값 상수화 필요] : 46.6 점 🚨, (답변 시작)", 파일을 다시 훑어보니 같은 고정값이 여러 곳에 흩어져 있어요. 한 줄씩 의미 있는 상수 이름으로 꺼내 두면 정책을 바꿀 때 한 번에 손볼 수 있어요! 🍀  1. 개발자 입장에서 보면 같은 고정값이 여러 곳에 흩어져 있어요. 한 줄씩 의미 있는 상수 이름으로 꺼내 두면 정책을 바꿀 때 한 번에 손볼 수 있어요.  2. 다시 살펴보니 같은 고정값이 ,1,180,100,80,6862383
332,4,14.29,"[정규 표현식 문자열은 r""..."" 권장] : 98.7 점 👍,
[동일한 인수 집합을 갖는 함수가 많은 경우 클래스화 고려] : 91.2 점 👍
[동일 인자 type 통일] : 69.9 점,
[Python 예약어를 변수명으로 사용하지 않아야 함] : 68.1 점,
[의미 있는 함수명, 변수명 사용] : 6.8 점 🚨, (답변 시작)", 가독성에 집중해 보면 역할을 짐작하기 어려운 함수나 변수 이름이 보여요. 기분 좋게 무엇을 하는지 드러나는 이름으로 바꾸면 설명서 없이도 코드가 읽혀요!  1. 파일 위쪽에 ⚡ 가능한 범위에서 보면 역할을 짐작하기 어려운 함수나 변수 이름이 보여요. 한 호흡 쉬고 무엇을 하는지 드러나는 이름으로 바꾸면 설명서 없이도 코드가 읽혀요.  2,1,179,99,80,6862383
333,4,14.39,"[itertools.product 사용 가능한 경우 사용] : 85.4 점,
[파일 단순 읽기/쓰기는 Path 사용] : 82.8 점,
[유사한 변수명 통일] : 80.2 점
[예외의 종류 (OOOError 등) 구체적 명시 권장] : 69.6 점,
[동일한 인수 집합을 갖는 함수가 많은 경우 클래스화 고려] : 64.8 점, (답변 시작)", 다음 커밋을 생각해 보면 같은 설정을 계속 받는 함수가 여러 개예요. 과감하게 공통 상태를 가진 객체로 묶으면 인자 전달이 가벼워지고 역할도 선명해져요. 🍀  1. 파일 작업을 다시 훑어보니 같은 설정을 계속 받는 함수가 여러 개예요. 과감하게 공통 상태를 가진 객체로 묶으면 인자 전달이 가벼워지고 역할도 선명해져요!  ,1,177,97,80,6862383
334,4,15.54,"[assertion을 제어 메커니즘으로 사용하면 안됨] : 99.0 점 👍,
[주석 처리된 코드 제거] : 93.0 점 👍,
[함수명, 반환값 간 일치] : 91.4 점 👍
[zip 사용 가능한 경우 사용] : 88.2 점,
[제너레이터 표현식 사용이 가능한 경우 사용] : 74.7 점, (답변 시작)", 한 발 물러서서 보면 한 번만 쓸 중간 목록이 만들어지고 있어요. 과감하게 한 번만 순회한다면 제너레이터 표현식으로 메모리를 아껴 볼 만해요.  1️⃣ 코드의 맥락을 보며 한 번만 순회한다면 제너레이터 표현식으로 메모리를 아껴 볼 만해요!  2. 🔍 한 발 물러서서 보면 한 번만 쓸 중간 목록이 만들어지고 있어요. 가능한 범위에,1,172,92,80,6862383
335,4,14.32,"[zip 사용 가능한 경우 사용] : 86.1 점,
[한 줄의 길이는 일정 글자 이내로] : 83.5 점,
[언패킹 시 숫자 인덱스 사용하지 말 것 (변수에 바로 할당)] : 67.9 점,
[주석 처리된 코드 제거] : 17.7 점 🚨,
[중복되는 사항 common 으로 빼기] : 0.6 점 🚨 (답변 시작)", 다시 살펴보니 같은 처리가 여러 곳에서 반복되고 있어요. 한 발 먼저 공통 동작을 한곳으로 모으면 수정할 때 놓칠 구석이 줄어요! 🔍  1️⃣ 작은 개선을 찾다 보니 같은 처리가 여러 곳에 흩어져 있어요. 과감하게 공통 동작을 한곳으로 모으면 수정할 때 놓칠 구석이 줄어요. 🔍  2️⃣ 한 발 물러서서 보면 같은 처리가 여러 곳에서 반복되고 ,1,177,97,80,6862383
336,4,14.26,"[한 줄의 길이는 일정 글자 이내로] : 91.8 점 👍,
[상태 값 조건이 있는 if-elif-elif-else 있는 경우 클래스화 고려] : 91.7 점 👍
[파일 단순 읽기/쓰기는 Path 사용] : 90.2 점 👍,
[제너레이터 표현식 사용이 가능한 경우 사용] : 7.6 점 🚨,
[key=itemgetter(""key"") 사용 권장] : 4.6 점 🚨, (답변 시작)"," 코드의 맥락을 보면 정렬 키를 lambda로 길게 꺼내고 있어요. 의도를 적어 두듯 딕셔너리 키로 정렬할 때는 itemgetter(""key"")가 더 간결하게 뜻을 전해요. 🙌  1. 가독성에 집중해 보면 동작을 쭉 따라가면 정렬 키를 lambda로 길게 꺼내고 있어요. 🎈 가능한 범위에서 딕셔너리 키로 정렬할 때는 itemgetter(""ke",1,188,108,80,6862383
337,4,14.4,"[클래스 내부에서만 쓰이는 속성, 메서드 (접두사 있음) 호출 비 권장] : 93.9 점 👍,
[enumerate 사용 가능한 경우 사용] : 86.9 점,
[주석 처리된 코드 제거] : 72.3 점
[상태 값 조건이 있는 if-elif-elif-else 있는 경우 클래스화 고려] : 30.9 점 🚨,
[중복되는 사항 common 으로 빼기] : 5.2 점 🚨, (답변 시작)", 한 발 물러서서 보면 같은 처리가 여러 곳에서 반복되고 있어요. 다음 커밋에서 공통 동작을 한곳으로 모으면 수정할 때 놓칠 구석이 줄어요.  📌 1. 개발자 입장에서 보면 같은 처리가 여러 곳에 흩어져 있어요. 한 번에 공통 동작을 한곳으로 모으면 수정할 때 놓칠 구석이 줄어요!  🍀 2. 작은 신호를 짚어 보니 같은 처리가 여러 곳에 흩,1,191,111,80,6862383
338,4,14.32,"[상태 값 조건이 있는 if-elif-elif-else 있는 경우 클래스화 고려] : 98.8 점 👍
[주석 처리된 코드 제거] : 92.3 점 👍,
[빈 파일 TODO 표시 필요] : 91.7 점 👍,
[예외를 삼키는 경우가 없어야 함] : 24.3 점 🚨,
[key=itemgetter(""key"") 사용 권장] : 11.6 점 🚨, (답변 시작)"," 개발자 입장에서 보면 정렬 키를 lambda로 길게 꺼내고 있어요! 다음 커밋에서 딕셔너리 키로 정렬할 때는 itemgetter(""key"")가 더 간결하게 뜻을 전해요. 🚀  1. 개발자 입장에서 보면 정렬 키를 lambda로 길게 꺼내고 있어요. 팀과 맞춰 보며 딕셔너리 키로 정렬할 때는 itemgetter(""key"")가 더 간결하게 뜻",1,182,102,80,6862383
339,4,14.31,"[prefix, suffix 검사 시 startswith(), endswith() 사용] : 99.0 점 👍,
[if a.get(""b"") ... 형태로 수정 필요] : 98.8 점 👍,
[비어 있는 문자열 여부 판단 간소화] : 92.8 점 👍
[예외의 종류 (OOOError 등) 구체적 명시 권장] : 61.4 점,
[함수 docstring, 함수명 의미 일치] : 28.2 점 🚨, (답변 시작)", 천천히 살펴보면 docstring과 함수 동작이 서로 다르게 읽혀요! 문맥을 확인하며 docstring과 함수가 약속한 역할을 맞추면 다음 사람이 안심하고 호출할 수 있어요. 🧼  1️⃣ 천천히 살펴보면 docstring과 함수 동작이 서로 다르게 읽혀요. 문맥을 확인하며 docstring과 함수가 약속한 역할을 맞추면 다음 사람이 안심하고 호출할 수 있어요. 2. 🍀 한 발 물러서서 보면 docs,1,186,106,80,6862383
340,4,14.26,"[한 줄의 길이는 일정 글자 이내로] : 94.5 점 👍,
[주석 처리된 코드 제거] : 90.2 점 👍,
[예외의 종류 (OOOError 등) 구체적 명시 권장] : 71.1 점,
[100 line 이상 함수 분리, docstring 필요] : 45.0 점 🚨,
[숫자 값은 위쪽에 상수로] : 35.9 점 🚨 (답변 시작)", 다음 커밋을 생각해 보면 로직 사이에 매직 넘버가 숨어 있어요. 🔍 가능한 범위에서 매직 넘버를 파일 위쪽의 상수로 올리면 숫자가 왜 필요한지 바로 보여요!  1. 현재 흐름에서는 실행 코드에 매직 넘버가 숨어 있어요! 과감하게 매직 넘버를 파일 위쪽의 상수로 올리면 숫자가 왜 필요한지 바로 보여요!  2. 🔍 가능한 범위에서 ,1,177,97,80,6862383
341,4,14.24,"[README.md, pyproject.toml 필요] : 94.8 점 👍,
[숫자 값은 위쪽에 상수로] : 91.3 점 👍
[지나치게 많은 들여쓰기 수정] : 91.1 점 👍,
[상태 값 조건이 있는 if-elif-elif-else 있는 경우 클래스화 고려] : 86.2 점,
[itertools.product 사용 가능한 경우 사용] : 4.5 점 🚨, (답변 시작)", 개발자 입장에서 보면 조합을 만들려고 중첩 반복문을 쓰고 있어요. 과감하게 모든 조합이 필요할 때는 itertools.product로 의도를 또렷하게 드러내요. 🧼  1. 작은 개선을 찾다 보니 같은 처리가 여러 곳에서 반복되고 있어요. 🔍 과감하게 재사용하거나 익힐 곳을 골라면 수정할 때 놓칠 구석이 줄어요.  2. 작은 신호를 짚어 보니 같은 조,1,181,101,80,6862383
342,4,14.32,"[함수명, 반환값 간 일치] : 99.7 점 👍,
[지나치게 많은 들여쓰기 수정] : 88.5 점,
[동일 인자 type 통일] : 83.6 점
[숫자 값은 위쪽에 상수로] : 66.2 점,
[zip 사용 가능한 경우 사용] : 0.1 점 🚨, (답변 시작)", 한 발 물러서서 보면 두 목록을 인덱스로 따로 읽고 있어요. 한 번에 나란히 읽는 값들은 zip으로 묶어 주면 인덱스 실수를 막을 수 있어요!  1️⃣ 코드의 맥락을 보면 두 목록을 인덱스로 따로 읽고 있어요. 한 번에 나란히 읽는 값들은 zip으로 묶어 주면 인덱스 실수를 막을 수 있어요. 💫  2. 한 발 물러서서 보면 두 목록을 인덱스로 따,1,165,85,80,6862383
343,4,14.26,"[정규 표현식 문자열은 r""..."" 권장] : 99.1 점 👍,
[숫자 값은 위쪽에 상수로] : 94.4 점 👍,
[동일 인자 type 통일] : 91.0 점 👍,
[예외의 종류 (OOOError 등) 구체적 명시 권장] : 79.8 점,
[인덱스 반환에 index 함수 사용] : 74.5 점 (답변 시작)", 작은 개선을 찾다 보니 위치를 찾기 위해 직접 반복하고 있어요. 다음 커밋에서 첫 위치가 필요할 때는 index를 쓰면 목적이 바로 보입니다.  1️⃣ 코드의 맥락을 보면 위치를 찾기 위해 직접 반복하고 있어요. 💫 과감하게 첫 위치가 필요할 때는 index를 쓰면 목적이 바로 보입니다.  2️⃣ 작은 개선을 찾다 보니 위치를 찾기 위해 직접 반복해서 읽고 있어요. 💫 과감하게 ,1,173,93,80,6862383
344,4,14.27,"[클래스 내부에서만 쓰이는 속성, 메서드 (접두사 있음) 호출 비 권장] : 99.6 점 👍,
[f = lambda x: ... 보다는 def f(x): return ... 를 사용] : 97.7 점 👍,
[고정값 상수화 필요] : 90.0 점 👍,
[인덱스 반환에 index 함수 사용] : 65.9 점
[import 순서 준수] : 62.9 점, (답변 시작)", 천천히 살펴보면 import 배치가 섞여 있어요. 한 번에 표준 라이브러리와 외부 패키지와 내부 모듈을 차례로 정리하면 시작 화면이 말끔해져요! 🧼  1. 개발자 입장에서 보면 표준 라이브러리와 외부 패키지와 내부 모듈을 차례로 정리하면 시작 화면이 말끔해져요!  2. 🎈 1. 개발자 입장에서 보면 표준 라이브러리와 외부 패키지와 내부 모듈을 차례로 정리하면 시작 화,1,182,102,80,6862383
345,4,14.29,"[유사한 이름의 함수끼리 가까이 위치하도록 수정 권장] : 91.6 점 👍,
[import 순서 준수] : 81.3 점,
[경로를 path/to/file 이 아닌, pathlib 또는 os.path.join 사용] : 46.7 점 🚨,
[고정값 상수화 필요] : 21.4 점 🚨
[지나치게 많은 들여쓰기 수정] : 1.2 점 🚨, (답변 시작)", 협업 관점에서 보면 들여쓰기 단계가 깊어 흐름을 따라가기 어려워요. 가능한 범위에서 작은 함수로 쪼개거나 빠른 반환을 쓰면 조건의 미로가 얕아져요!  1. 작은 개선을 찾다 보니 들여쓰기 단계가 깊어 흐름을 따라가기 어려워요. 팀과 맞춰 보며 빠른 반환을 쓰거나 쪼개기 가능한 곳으로 바꾸면 조건의 미로가 얕아져요!  2.,1,179,99,80,6862383
346,4,14.3,"[주석 처리된 코드 제거] : 97.3 점 👍,
[함수의 인자가 하나로 묶을 수 있는 경우 처리 권장] : 89.2 점,
[불필요한 변수 생성 대신 defaultdict 권장] : 67.0 점,
[예외의 종류 (OOOError 등) 구체적 명시 권장] : 62.7 점
[한 줄의 길이는 일정 글자 이내로] : 38.6 점 🚨, (답변 시작)", 코드의 표정을 읽어 보니 한 줄이 너무 길게 이어지는 곳이 있어요. 우선 줄을 적당히 나누면 작은 화면에서도 흐름을 놓치지 않아요!  1. 코드의 맥락을 보면 한 줄이 너무 길게 이어지는 곳이 있어요. 과감하게 줄을 적당히 나누면 작은 화면에서도 흐름을 놓치지 않아요!  📌  2. 개발자 입장에서 보면 한 줄이 너무 길게 이어지는 곳이 있어요. 우선 줄을 적당히 나누면 작은 화면에서도 흐름,1,180,100,80,6862383
347,4,14.26,"[상태 값 조건이 있는 if-elif-elif-else 있는 경우 클래스화 고려] : 90.0 점 👍,
[인덱스 반환에 index 함수 사용] : 75.5 점,
[a = my_list[0], b = my_list[1] ... 대신 unpacking 사용 필요] : 52.1 점 🚨,
[함수의 인자가 유동적인 경우 처리 권장] : 20.4 점 🚨
[조건문 중첩 대신 any, all 사용] : 18.8 점 🚨, (답변 시작)", 한 발 물러서서 보면 조건문이 여러 겹으로 겹쳐 있어요. 가능한 범위에서 여러 조건의 존재 여부는 any나 all에 맡기면 뜻이 훨씬 또렷해져요. 1️⃣ 작은 개선을 찾다 보니 조건문이 여러 겹으로 겹쳐 있어요. 🔍 한 발 먼저 여러 조건의 존재 여부는 any나 all에 맡기면 뜻이 훨씬 또렷해져요. 1. 🔍,1,200,120,80,6862383
348,4,14.31,"[한 줄의 길이는 일정 글자 이내로] : 98.3 점 👍,
[제너레이터 표현식 사용이 가능한 경우 사용] : 86.9 점,
[클래스 내부에서만 쓰이는 속성, 메서드 (접두사 있음) 호출 비 권장] : 81.1 점
[개수 세기에 count 함수 사용] : 71.4 점,
[유사한 이름의 함수끼리 가까이 위치하도록 수정 권장] : 67.9 점, (답변 시작)", 한 발 물러서서 보면 비슷한 이름의 함수가 파일 곳곳에 흩어져 있어요. 우선 비슷한 역할의 함수를 가까이 두면 탐색 시간이 줄고 파일 구조가 자연스러워져요. 🍀  1. 코드의 맥락을 보면 한 발 물러서서 보면 비슷한 이름의 함수가 파일 곳곳에 흩어져 있어요! 우선 비슷한 역할의 함수를 가까이 두면 탐색 시간이 줄고 파일 구조가 자연스러워져요. 🍀  2. 실행,1,184,104,80,6862383
349,4,14.28,"[한 줄의 길이는 일정 글자 이내로] : 98.8 점 👍,
[함수의 인자가 유동적인 경우 처리 권장] : 91.6 점 👍
[제너레이터 표현식 사용이 가능한 경우 사용] : 86.9 점,
[기존 배열의 원소 추가 대신 extend 함수 사용] : 64.9 점,
[중복되는 사항 common 으로 빼기] : 6.7 점 🚨, (답변 시작)", 전체 흐름을 놓고 보면 같은 처리가 여러 곳에서 반복되고 있어요. 🌿 한 발 먼저 공통 동작을 한곳으로 모으면 수정할 때 놓칠 구석이 줄어요. 🔍  1. 전체 흐름을 놓고 보면 같은 처리가 여러 곳에서 반복되고 있어요. 차분하게 공통 동작을 한곳으로 모으면 수정할 때 놓칠 구석이 줄어요!  2. 파일의 흐름을 따라가 보니 같은 처리가 여러 곳에서,1,179,99,80,6862383
350,4,14.29,"[함수 docstring, 함수명 의미 일치] : 97.6 점 👍,
[주석 처리된 코드 제거] : 96.5 점 👍,
[경로를 path/to/file 이 아닌, pathlib 또는 os.path.join 사용] : 95.5 점 👍
[동일한 인수 집합을 갖는 함수가 많은 경우 클래스화 고려] : 50.9 점 🚨,
[유사한 변수명 통일] : 39.9 점 🚨, (답변 시작)", 이 파일을 읽다 보면 비슷한 역할의 변수 이름이 제각각이에요! 한 번에 같은 개념에는 같은 이름 규칙을 쓰면 읽는 속도가 훨씬 빨라져요. 🧼  1. 한 발 물러서서 보면 같은 개념에는 같은 이름 규칙을 쓰면 읽는 속도가 훨씬 빨라져요! 🧼  2. 한 발 물러서서 보면 같은 개념에는 같은 이름 규칙을 쓰면 읽는 속도가 훨,1,185,105,80,6862383
351,4,14.3,"[개수 세기에 count 함수 사용] : 96.3 점 👍,
[key=itemgetter(""key"") 사용 권장] : 94.3 점 👍,
[숫자 값은 위쪽에 상수로] : 25.3 점 🚨
[함수명, 반환값 간 일치] : 6.8 점 🚨,
[a = my_list[0], b = my_list[1] ... 대신 unpacking 사용 필요] : 0.3 점 🚨, (답변 시작)", 한 발 물러서서 보면 목록의 원소를 하나씩 꺼내고 있어요. 의도를 적어 두듯 정해진 순서의 값은 unpacking으로 풀어 주면 한 번에 읽혀요.  🧠  1️⃣ 한 발 물러서서 보면 목록의 원소를 하나씩 꺼내고 있어요. 의도를 적어 두듯 정해진 순서의 값은 unpacking으로 풀어 주면 한 번에 읽혀요,1,188,108,80,6862383
352,4,14.25,"[중복되는 사항 common 으로 빼기] : 99.5 점 👍,
[문자열 단순 연결보다는 f-string 사용] : 95.1 점 👍
[파일 단순 읽기/쓰기는 Path 사용] : 93.8 점 👍,
[prefix, suffix 검사 시 startswith(), endswith() 사용] : 83.6 점,
[유사한 변수명 통일] : 18.2 점 🚨, (답변 시작)", 한 발 물러서서 보면 비슷한 역할의 변수 이름이 제각각이에요. 한 번에 같은 개념에는 같은 이름 규칙을 쓰면 읽는 속도가 훨씬 빨라져요!  1️⃣ 천천히 살펴보면 같은 역할의 변수 이름이 제각각이에요. 기록을 남기듯 같은 개념에는 같은 이름 규칙을 쓰면 읽는 속도가 훨씬 빨라져요. 🍀  2. 개발자 입장에서 보면 같은 의미의 변수 이름이 제각각이에요. ,1,179,99,80,6862383
353,4,14.24,"[함수의 인자가 하나로 묶을 수 있는 경우 처리 권장] : 96.3 점 👍,
[고정값 상수화 필요] : 91.9 점 👍,
[동일한 인수 집합을 갖는 함수가 많은 경우 클래스화 고려] : 54.4 점 🚨
[조건문 중첩 대신 any, all 사용] : 7.6 점 🚨,
[한 줄의 길이는 일정 글자 이내로] : 3.1 점 🚨, (답변 시작)", 코드의 표정을 읽어 보니 한 줄이 너무 길게 이어지는 곳이 있어요. 가능한 범위에서 줄을 적당히 나누면 작은 화면에서도 흐름을 놓치지 않아요. 🧼  1️⃣ 협업 관점에서 보면 한 발 물러서서 보면 한 줄이 너무 길게 이어지는 곳이 있어요. 💫 개발자 마음으로 줄을 적당히 나누면 작은 화면에서도 흐름을 놓치지 않아요.  2️⃣ 한 번에 읽혀야 할 곳이 있어요! 다음,1,186,106,80,6862383
354,4,14.28,"[상태 값 조건이 있는 if-elif-elif-else 있는 경우 클래스화 고려] : 99.6 점 👍,
[지나치게 많은 들여쓰기 수정] : 94.8 점 👍
[str 단순 += 대신 join 사용] : 77.0 점,
[리스트 컴프리헨션 사용이 가능한 경우 사용] : 69.6 점,
[key=itemgetter(""key"") 사용 권장] : 5.4 점 🚨, (답변 시작)"," 한 발 물러서서 보면 정렬 키를 lambda로 길게 꺼내고 있어요. 천천히 딕셔너리 키로 정렬할 때는 itemgetter(""key"")가 더 간결하게 뜻을 전해요.  🎈  1. 실행 경로를 훑어보니 들여쓰기 단계가 깊어 흐름을 따라가기 어려워요. 리뷰 메모를 따라 작은 함수로 쪼개거나 빠른 반환을 쓰면 조건의 미로가",1,181,101,80,6862383
355,4,14.32,"[중복되는 사항 common 으로 빼기] : 94.4 점 👍,
[매우 간결한 변환은 map 사용] : 93.3 점 👍,
[zip 사용 가능한 경우 사용] : 65.2 점,
[f = lambda x: ... 보다는 def f(x): return ... 를 사용] : 19.1 점 🚨
[조건문 중첩 대신 any, all 사용] : 18.8 점 🚨, (답변 시작)", 코드의 표정을 읽어 보니 조건문이 여러 겹으로 겹쳐 있어요. 손이 닿는 자리부터 여러 조건의 존재 여부는 any나 all에 맡기면 뜻이 훨씬 또렷해져요. 📌  1. 개발자 입장에서 보면 조건의 미로가 깊어졌어요. 천천히 여러 조건의 존재 여부는 any나 all에 맡기면 뜻이 훨씬 또렷해져요!  2. 천천히 살펴보면 조건,1,182,102,80,6862383
356,4,14.25,"[f = lambda x: ... 보다는 def f(x): return ... 를 사용] : 94.7 점 👍,
[prefix, suffix 검사 시 startswith(), endswith() 사용] : 94.5 점 👍,
[a = my_list[0], b = my_list[1] ... 대신 unpacking 사용 필요] : 83.8 점,
[지나치게 많은 들여쓰기 수정] : 29.1 점 🚨,
[동일 인자 type 통일] : 10.6 점 🚨 (답변 시작)", 팀원이 처음 본다고 생각하면 같은 의미의 인수에서 type 표기가 통일되지 않았어요. 보너스처럼 인수의 type을 한 방식으로 맞추면 호출하는 쪽도 덜 헷갈려요!  🙌  1️⃣ 보너스처럼 보면 같은 의미의 인수에서 type 표기가 통일되지 않았어요. 보너스처럼 인수의 type을 한 방식으로 맞추면 호출하는 쪽도 덜 헷갈,1,194,114,80,6862383
357,4,14.24,"[중복되는 사항 common 으로 빼기] : 67.3 점,
[불필요한 print, logging 제거] : 35.6 점 🚨
[정규 표현식 문자열은 r""..."" 권장] : 35.2 점 🚨,
[동일한 인수 집합을 갖는 함수가 많은 경우 클래스화 고려] : 29.7 점 🚨,
[불필요한 변수 생성 대신 defaultdict 권장] : 2.6 점 🚨, (답변 시작)", 천천히 살펴보면 키별 초기화를 직접 반복하고 있어요. 💫 문맥을 확인하며 키별로 값을 모을 때는 defaultdict를 쓰면 분기와 보일러플레이트가 줄어들어요. 🧼  1️⃣ 협업 관점에서 보면 키별 초기화를 직접 반복하고 있어요. 💫 문맥을 확인하며 키별로 값을 모을 때는 defaultdict를 쓰면 분기와 보일러플레이트가 ,1,184,104,80,6862383
358,4,14.26,"[조건문 중첩 대신 any, all 사용] : 95.2 점 👍,
[예외를 삼키는 경우가 없어야 함] : 94.4 점 👍
[함수의 인수를 변경 가능한 default value로 하지 않아야 함] : 93.7 점 👍,
[key=itemgetter(""key"") 사용 권장] : 64.5 점,
[str 단순 += 대신 join 사용] : 49.4 점 🚨, (답변 시작)", 협업 관점에서 보면 문자열을 반복해서 더하고 있어요. 가능하다면 조각을 많이 합칠 때는 join으로 모으면 성능과 의도가 함께 좋아져요. 🐣  1️⃣ 코드의 맥락을 보면 조건의 미로가 깊어졌어요! 🔍 가능한 범위에서 여러 조건의 존재 여부는 any나 all에 맡기면 뜻이 훨씬 또렷해져요.  2️⃣ 실행 경로를 훑어보니 예외가 조용히,1,178,98,80,6862383
359,4,14.23,"[파일 열기, 닫기 시 with open(...) 사용] : 92.8 점 👍,
[불필요한 변수 생성 대신 defaultdict 권장] : 85.3 점,
[함수의 인자가 하나로 묶을 수 있는 경우 처리 권장] : 50.6 점 🚨,
[100 line 이상 함수 분리, docstring 필요] : 18.0 점 🚨
[함수 인수 type hint 필요] : 17.4 점 🚨, (답변 시작)", 한 발 물러서서 보면 함수 인수의 type hint가 비어 있어요. 꼼꼼하게 인수에 type hint를 달아 두면 들어오는 데이터가 무엇인지 바로 알 수 있어요.  1. 전체 흐름을 놓고 보면 한 발 물러서서 보면 전체 흐름을 놓고 보면 한 번에 읽혀 오지 않는 변수나 함수가 남아 있네요. 다음 변경 전에 참조되는 모든 선언을 한곳으로 모으면 탐색 시간이 줄고 파일 구조,1,183,103,80,6862383
360,4,14.31,"[함수 docstring, 함수명 의미 일치] : 99.5 점 👍,
[import 순서 준수] : 96.7 점 👍,
[미 사용 변수/함수 제거] : 62.3 점,
[상태 값 조건이 있는 if-elif-elif-else 있는 경우 클래스화 고려] : 16.8 점 🚨
[동일한 인수 집합을 갖는 함수가 많은 경우 클래스화 고려] : 2.5 점 🚨, (답변 시작)", 한 발 물러서서 보면 같은 설정을 계속 받는 함수가 여러 개예요. 다음 변경 전에 공통 상태를 가진 객체로 묶으면 인자 전달이 가벼워지고 역할도 선명해져요.  1. 한 발 물러서서 보면 같은 설정을 계속 받는 함수가 여러 개예요. 다음 변경 전에 공통 상태를 가진 객체로 묶으면 인자 전달이 가벼워지고 역할도 선명해져요.  2. 코,1,184,104,80,6862383
361,4,14.26,"[100 line 이상 함수 분리, docstring 필요] : 98.7 점 👍,
[비어 있는 문자열 여부 판단 간소화] : 91.4 점 👍
[리스트 컴프리헨션 사용이 가능한 경우 사용] : 79.1 점,
[언패킹 시 숫자 인덱스 사용하지 말 것 (변수에 바로 할당)] : 73.2 점,
[함수의 인수를 변경 가능한 default value로 하지 않아야 함] : 60.0 점, (답변 시작)", 천천히 살펴보면 기본 인수에 리스트나 딕셔너리를 넣고 있어요. 한 발 먼저 리스트나 딕셔너리는 None으로 두고 함수 안에서 만들면 호출 사이에 상태가 섞이지 않아요.  📌 1. 천천히 살펴보면 기본 인수에 리스트나 딕셔너리를 넣고 있어요. 🌿 한 줄씩 리스트나 딕셔너리는 None으로 두고 함수 안에서 만들면 호출 사이에 상태가 섞이지 않아요.  1️⃣ 가독,1,186,106,80,6862383
362,4,14.25,"[파일 열기, 닫기 시 with open(...) 사용] : 98.9 점 👍,
[유사한 이름의 함수끼리 가까이 위치하도록 수정 권장] : 97.0 점 👍,
[매우 간결한 변환은 map 사용] : 96.6 점 👍,
[경로를 path/to/file 이 아닌, pathlib 또는 os.path.join 사용] : 81.9 점
[동일한 인수 집합을 갖는 함수가 많은 경우 클래스화 고려] : 66.4 점, (답변 시작)", 리뷰 메모를 보면 같은 설정을 계속 받는 함수가 여러 개예요. 한 번에 공통 상태를 가진 객체로 묶으면 인자 전달이 가벼워지고 역할도 선명해져요!  1. 리뷰 메모를 따라가면 같은 설정을 계속 받는 함수가 여러 개예요. 한 번에 공통 상태를 가진 객체로 묶으면 인자 전달이 가벼워지고 역할도 선명해져요.  🍀  2. 다시 살펴,1,190,110,80,6862383
363,4,14.28,"[a = my_list[0], b = my_list[1] ... 대신 unpacking 사용 필요] : 99.4 점 👍,
[함수 인수 type hint 필요] : 93.4 점 👍,
[클래스 내부에서만 쓰이는 속성, 메서드 (접두사 있음) 호출 비 권장] : 90.8 점 👍,
[함수의 인수를 변경 가능한 default value로 하지 않아야 함] : 34.5 점 🚨
[불필요한 변수 생성 대신 defaultdict 권장] : 5.5 점 🚨, (답변 시작)", 다음 커밋을 생각해 보면 키별 초기화를 직접 반복하고 있어요. 이왕이면 키별로 값을 모을 때는 defaultdict를 쓰면 분기와 보일러플레이트가 줄어들어요. 🐣  1. 작은 개선을 찾다 보니 키별 초기화를 직접 반복하고 있어요! 한 번에 키별로 값을 모을 때는 defaultdict를 쓰면 분기와 보일러플레이트가 줄,1,200,120,80,6862383
364,4,14.29,"[함수명, 반환값 간 일치] : 94.9 점 👍,
[enumerate 사용 가능한 경우 사용] : 87.9 점
[if a.get(""b"") ... 형태로 수정 필요] : 81.3 점,
[zip 사용 가능한 경우 사용] : 67.0 점,
[상태 값 조건이 있는 if-elif-elif-else 있는 경우 클래스화 고려] : 51.8 점 🚨, (답변 시작)", 한 발 물러서서 보면 상태에 따라 갈라지는 조건문이 길게 이어져요. 이번 수정에서는 상태별 동작을 클래스로 나누면 새 상태를 더할 때 기존 조건문을 덜 건드려도 돼요.  1. 한 발 물러서서 보면 상태에 따라 갈라지는 조건문이 길게 이어져요. 작은 정성으로 상태별 동작을 클래스로 나누면 새 상태를 더할 때 기존 조건문을 덜,1,181,101,80,6862383
365,4,14.27,"[함수의 인수를 변경 가능한 default value로 하지 않아야 함] : 91.3 점 👍,
[유사한 이름의 함수끼리 가까이 위치하도록 수정 권장] : 91.2 점 👍,
[itertools.product 사용 가능한 경우 사용] : 82.5 점,
[enumerate 사용 가능한 경우 사용] : 81.7 점
[상태 값 조건이 있는 if-elif-elif-else 있는 경우 클래스화 고려] : 59.4 점 🚨, (답변 시작)", 한 발 물러서서 보면 상태에 따라 갈라지는 조건문이 길게 이어져요. 한 번에 상태별 동작을 클래스로 나누면 새 상태를 더할 때 기존 조건문을 덜 건드려도 돼요. 1. 🎈  1. 작은 개선을 찾다 보니 조건의 미로가 깊어요. 한 발 먼저 상태별 동작을 클래스로 나누면 새 상태를 더할 때 기존 조건문을 ,1,189,109,80,6862383
366,4,14.24,"[itertools.product 사용 가능한 경우 사용] : 93.3 점 👍
[고정값 상수화 필요] : 92.4 점 👍,
[의미 있는 함수명, 변수명 사용] : 80.6 점,
[str 단순 += 대신 join 사용] : 63.3 점,
[a = my_list[0], b = my_list[1] ... 대신 unpacking 사용 필요] : 41.1 점 🚨, (답변 시작)", 천천히 살펴보면 목록의 원소를 하나씩 꺼내고 있어요. 한 호흡 쉬고 정해진 순서의 값은 unpacking으로 풀어 주면 한 번에 읽혀요. 1️⃣ 코드의 맥락을 보면 목록의 원소를 하나씩 꺼내고 있어요. 한 발 먼저 정해진 순서의 값은 unpacking으로 풀어 주면 한 번에 읽혀요. 🛠️  2. 코드의 표정을 읽어 보니 목록의 ,1,182,102,80,6862383
367,4,14.26,"[조건문 중첩 대신 any, all 사용] : 95.4 점 👍
[비어 있는 문자열 여부 판단 간소화] : 91.1 점 👍,
[유사한 변수명 통일] : 79.7 점,
[prefix, suffix 검사 시 startswith(), endswith() 사용] : 74.5 점,
[assertion을 제어 메커니즘으로 사용하면 안됨] : 28.2 점 🚨, (답변 시작)", 천천히 살펴보면 assert가 실행 흐름을 대신하고 있어요! 이번 수정에서는 검증이 필요한 분기는 명시적인 예외 처리로 바꾸어야 배포 환경에서도 안전해요!  🧠  1️⃣ 작은 신호를 짚어 보니 실행 코드를 대신하는 assert가 보여요. 지금 바로 검증이 필요한 분기는 명시적인 예외 처리로 바꾸어야 배포 환경에서도 안전,1,178,98,80,6862383
368,4,14.28,"[a = my_list[0], b = my_list[1] ... 대신 unpacking 사용 필요] : 97.4 점 👍,
[if-elif-elif-else 구문은 되도록 dict로 수정] : 95.3 점 👍,
[리스트 컴프리헨션 사용이 가능한 경우 사용] : 81.2 점
[지나치게 많은 들여쓰기 수정] : 75.1 점,
[동일한 인수 집합을 갖는 함수가 많은 경우 클래스화 고려] : 7.5 점 🚨, (답변 시작)", 한 발 물러서서 보면 같은 설정을 계속 받는 함수가 여러 개예요. 이번 수정에서는 공통 상태를 가진 객체로 묶으면 인자 전달이 가벼워지고 역할도 선명해져요!  1. 전체 흐름을 놓고 보면 한 발 물러서서 보면 같은 설정을 계속 받는 함수가 여러 개예요! 과감하게 공통 상태를 가진 객체로 묶으면 인자 전달이 가벼워지고 역할도 선명해,1,197,117,80,6862383
369,4,14.31,"[빈도수, 반복문, 경로명 리스트 추출 시 collections, itertools, glob 사용] : 96.2 점 👍,
[제너레이터 표현식 사용이 가능한 경우 사용] : 95.9 점 👍,
[prefix, suffix 검사 시 startswith(), endswith() 사용] : 91.3 점 👍,
[주석 처리된 코드 제거] : 84.1 점,
[상태 값 조건이 있는 if-elif-elif-else 있는 경우 클래스화 고려] : 82.5 점 (답변 시작)", 테스트하는 마음으로 보면 상태에 따라 갈라지는 조건문이 길게 이어져요! 한 발 먼저 상태별 동작을 클래스로 나누면 새 상태를 더할 때 기존 조건문을 덜 건드려도 돼요.  1️⃣ 빈도에는 collections를 반복 조합에는 itertools를 경로 모으기에는 glob을 쓰면 표준 도구의 힘을 빌릴 수 있어요!  1️⃣ 가독성에 집중해 보면 제,1,196,116,80,6862383
370,4,14.27,"[함수의 인자가 유동적인 경우 처리 권장] : 91.2 점 👍,
[zip 사용 가능한 경우 사용] : 50.0 점 🚨,
[100 line 이상 함수 분리, docstring 필요] : 47.1 점 🚨,
[상태 값 조건이 있는 if-elif-elif-else 있는 경우 클래스화 고려] : 13.1 점 🚨
[동일 인자 type 통일] : 12.5 점 🚨, (답변 시작)", 한 발 물러서서 보면 같은 의미의 인수에서 type 표기가 통일되지 않았어요! 한 번에 인수의 type을 한 방식으로 맞추면 호출하는 쪽도 덜 헷갈려요. 🐣  1. 리뷰 메모를 따라가면 한 발 물러서서 보면 같은 의미의 인수에서 type 표기가 통일되지 않았어요. 😺 다음 커밋에서 인수의 type을 한 방식으로 맞추면 ,1,185,105,80,6862383
371,4,14.25,"[비어 있는 문자열 여부 판단 간소화] : 98.2 점 👍,
[key=itemgetter(""key"") 사용 권장] : 94.4 점 👍,
[if-elif-elif-else 구문은 되도록 dict로 수정] : 21.6 점 🚨
[파일 단순 읽기/쓰기는 Path 사용] : 11.5 점 🚨,
[동일 인자 type 통일] : 8.0 점 🚨, (답변 시작)", 천천히 살펴보면 같은 의미의 인수에서 type 표기가 통일되지 않았어요. 과감하게 인수의 type을 한 방식으로 맞추면 호출하는 쪽도 덜 헷갈려요.  1️⃣ 천천히 살펴보면 같은 의미의 인수에서 type 표기가 통일되지 않았어요. 한 번에 인수의 type을 한 방식으로 맞추면 호출하는 쪽도 덜 헷갈려요!  🎈  1. 천천히 살펴보면 같은 의미의 인수,1,181,101,80,6862383
372,4,14.31,"[조건문 중첩 대신 any, all 사용] : 97.2 점 👍,
[클래스 내부에서만 쓰이는 속성, 메서드 (접두사 있음) 호출 비 권장] : 83.8 점,
[함수 인수 type hint 필요] : 77.5 점
[import 순서 준수] : 72.0 점,
[if-elif-elif-else 구문은 되도록 dict로 수정] : 24.8 점 🚨, (답변 시작)", 천천히 살펴보면 조건 분기가 길게 늘어진 곳이 있어요. 다음 커밋에서 값에 따른 선택이라면 dict 매핑으로 바꾸어 분기표를 단순하게 만들어 보세요. 💫  1. 이 파일을 읽다 보면 조건 분기가 길게 늘어진 곳이 있어요. 과감하게 값에 따른 선택이라면 dict 매핑으로 바꾸어 분기표를 단순하게 만들어 보세요. 💫  2. 이 파일을 읽다 보면 조건의 미로,1,182,102,80,6862383
373,4,14.3,"[불필요한 변수 생성 대신 defaultdict 권장] : 99.5 점 👍,
[리스트 컴프리헨션 사용이 가능한 경우 사용] : 97.8 점 👍
[미 사용 변수/함수 제거] : 96.0 점 👍,
[assertion을 제어 메커니즘으로 사용하면 안됨] : 92.6 점 👍,
[제너레이터 표현식 사용이 가능한 경우 사용] : 74.2 점, (답변 시작)", 이 파일을 읽다 보면 한 번만 쓸 중간 목록이 만들어지고 있어요. 팀과 맞춰 보며 한 번만 순회한다면 제너레이터 표현식으로 메모리를 아껴 볼 만해요.  1️⃣ 코드의 맥락을 보며 한 번만 순회한다면 제너레이터 표현식으로 메모리를 아껴 볼 만해요. 🧩  2. 리팩터링 관점에서는 한 번만 쓸 중간 목록이 만,1,177,97,80,6862383
374,4,14.23,"[문자열 단순 연결보다는 f-string 사용] : 93.5 점 👍,
[매우 간결한 변환은 map 사용] : 91.8 점 👍,
[함수의 인수를 변경 가능한 default value로 하지 않아야 함] : 47.6 점 🚨,
[README.md, pyproject.toml 필요] : 36.9 점 🚨
[파일 단순 읽기/쓰기는 Path 사용] : 13.9 점 🚨, (답변 시작)", 이번 리뷰에서는 간단한 파일 작업이 장황하게 처리되고 있어요. 한 발 먼저 Path의 읽기와 쓰기 메서드를 쓰면 파일 작업이 짧고 단단해져요. 1. 코드의 맥락을 보면 간단한 파일 작업을 장황하게 읽고 쓰고 있어요. 💫 한 번에 Path의 읽기와 쓰기 메서드를 쓰면 파일 작업이 짧고 단단해져요! 2. 천천히 살펴보면 간단한 파일 작업이 장황하게 ,1,183,103,80,6862383
375,4,14.25,"[문자열 단순 연결보다는 f-string 사용] : 96.4 점 👍,
[zip 사용 가능한 경우 사용] : 93.4 점 👍,
[유사한 변수명 통일] : 90.9 점 👍
[기존 배열의 원소 추가 대신 extend 함수 사용] : 90.6 점 👍,
[경로를 path/to/file 이 아닌, pathlib 또는 os.path.join 사용] : 43.0 점 🚨, (답변 시작)", 실행 경로를 다시 훑어보니 파일 경로를 문자열로 이어 붙이고 있어요. 가능한 범위에서 pathlib이나 os.path.join으로 경로를 조립하면 운영체제가 달라도 안전해요. 🙌  1️⃣ 경로가 문자열로 이어 붙이면 운영체제가 달라도 안전하지 않아요!  2️⃣ 지금 바로 pathlib이나 os.path.join으로 경로를 조립하면 운영체제가 달라도 안전해요.,1,179,99,80,6862383
376,4,14.25,"[예외를 삼키는 경우가 없어야 함] : 97.9 점 👍,
[정규 표현식 문자열은 r""..."" 권장] : 96.9 점 👍,
[zip 사용 가능한 경우 사용] : 91.3 점 👍
[str 단순 += 대신 join 사용] : 81.9 점,
[중복되는 사항 common 으로 빼기] : 60.8 점, (답변 시작)", 🧼 이번 리뷰에서는 같은 처리가 여러 곳에서 반복되고 있어요. 🌿 과감하게 공통 동작을 한곳으로 모으면 수정할 때 놓칠 구석이 줄어요!  🧼  1. 🌿 전체 흐름을 놓고 보면 같은 처리가 여러 곳에 흩어져 있어요.  차근차근 공통 동작을 한곳으로 모으면 수정할 때 놓칠 구석이 줄어요.  2. 🧼  전체 ,1,171,91,80,6862383
377,4,14.3,"[지나치게 많은 들여쓰기 수정] : 99.0 점 👍
[매우 간결한 변환은 map 사용] : 81.8 점,
[불필요한 print, logging 제거] : 70.8 점,
[비어 있는 문자열 여부 판단 간소화] : 51.0 점 🚨,
[동일 인자 type 통일] : 21.9 점 🚨, (답변 시작)", 코드의 결을 살펴보면 같은 의미의 인수에서 type 표기가 통일되지 않았어요. 읽는 사람을 위해 인수의 type을 한 방식으로 맞추면 호출하는 쪽도 덜 헷갈려요! 3.  코드의 맥락을 보면 같은 의미의 인수에서 type 표기가 통일되지 않았어요. 과감하게 인수의 type을 한 방식으로 맞추면 호출하는 쪽도 덜 헷갈려요!  1. 다시 살펴보니 같은,1,169,89,80,6862383
378,4,14.25,"[지나치게 많은 들여쓰기 수정] : 97.4 점 👍
[Python 예약어를 변수명으로 사용하지 않아야 함] : 90.7 점 👍,
[비어 있는 문자열 여부 판단 간소화] : 48.3 점 🚨,
[if-elif-elif-else 구문은 되도록 dict로 수정] : 24.4 점 🚨,
[기존 배열의 원소 추가 대신 extend 함수 사용] : 24.4 점 🚨, (답변 시작)", 차분히 검토해 보니 목록 원소를 하나씩 추가하고 있어요. 의도를 적어 두듯 여러 값을 더할 때는 extend를 쓰면 의도가 정확히 전달돼요. 🍀  1. 가독성에 집중해 보면 들여쓰기 단계가 깊어 흐름을 따라가기 어려워요. 가능한 범위에서 작은 함수로 쪼개거나 빠른 반환을 쓰면 조건의 미로가 얕아져요!  2. 작은 개선을 찾다 보,1,184,104,80,6862383
379,4,14.3,"[assertion을 제어 메커니즘으로 사용하면 안됨] : 99.3 점 👍,
[함수명, 반환값 간 일치] : 90.6 점 👍,
[제너레이터 표현식 사용이 가능한 경우 사용] : 81.1 점,
[비어 있는 문자열 여부 판단 간소화] : 75.8 점,
[zip 사용 가능한 경우 사용] : 32.3 점 🚨 (답변 시작)", 코드의 맥락을 보면 두 목록을 인덱스로 따로 읽고 있어요. 한 호흡 쉬고 나란히 읽는 값들은 zip으로 묶어 주면 인덱스 실수를 막을 수 있어요. 🙌  1️⃣ 테스트하는 마음으로 보면 두 목록을 인덱스로 따로 읽고 있어요. 가능한 범위에서 나란히 읽는 값들은 zip으로 묶어 주면 인덱스 실수를 막을 수 있어요. 🙌  2. 다시 태어나는 아기 거북을 위한 환경을,1,173,93,80,6862383
380,4,14.25,"[숫자 값은 위쪽에 상수로] : 97.0 점 👍,
[if-elif-elif-else 구문은 되도록 dict로 수정] : 93.0 점 👍,
[고정값 상수화 필요] : 74.9 점
[문자열 단순 연결보다는 f-string 사용] : 32.0 점 🚨,
[빈도수, 반복문, 경로명 리스트 추출 시 collections, itertools, glob 사용] : 6.0 점 🚨, (답변 시작)", 개발자 입장에서 보면 표준 라이브러리로 줄일 수 있는 반복이 보여요! 🎯 가능한 범위에서 빈도에는 collections를 반복 조합에는 itertools를 경로 모으기에는 glob을 쓰면 표준 도구의 힘을 빌릴 수 있어요. 1. 코드의 맥락을 보면 같은 고정값이 여러 곳에 흩어져 있어요. 한 번에 의미 있는 상수 이름으로 꺼내 두면 정책을 바꿀 때 한 번에 손볼 수 ,1,188,108,80,6862383
381,4,14.3,"[숫자 값은 위쪽에 상수로] : 98.5 점 👍,
[고정값 상수화 필요] : 82.2 점,
[예외의 종류 (OOOError 등) 구체적 명시 권장] : 68.6 점,
[기존 배열의 원소 추가 대신 extend 함수 사용] : 63.4 점,
[100 line 이상 함수 분리, docstring 필요] : 12.6 점 🚨 (답변 시작)", 협업 관점에서 보면 하나의 함수가 너무 많은 일을 하고 있어요. 🔍 보너스처럼 책임별로 나누고 docstring을 붙이면 테스트와 수정이 한결 수월해져요. 🎈  1. 가독성에 집중해 보면 하나의 함수가 너무 많은 일을 하고 있어요. 보너스처럼 책임별로 나누고 docstring을 붙이면 테스트와 수정이 한결 수월해져요. 🧼  2. 협업 관점에서 보면 하나의 ,1,174,94,80,6862383
382,4,14.28,"[동일한 인수 집합을 갖는 함수가 많은 경우 클래스화 고려] : 95.3 점 👍,
[동일 인자 type 통일] : 90.6 점 👍,
[함수의 인자가 유동적인 경우 처리 권장] : 64.1 점
[if-elif-elif-else 구문은 되도록 dict로 수정] : 35.4 점 🚨,
[개수 세기에 count 함수 사용] : 18.4 점 🚨, (답변 시작)", 작은 개선을 찾다 보니 값의 개수를 세려고 직접 순회하고 있어요. 과감하게 단순한 횟수 확인은 count에 맡기면 코드가 짧고 분명해져요! 🎯  1️⃣ 천천히 살펴보면 값의 개수를 세려고 직접 순회하고 있어요. 다음 커밋에서 단순한 횟수 확인은 count에 맡기면 코드가 짧고 분명해져요! 🧼  2. 한 발 물러서서 보면 값의 개,1,185,105,80,6862383
383,4,14.26,"[조건문 중첩 대신 any, all 사용] : 97.2 점 👍,
[불필요한 print, logging 제거] : 95.5 점 👍
[100 line 이상 함수 분리, docstring 필요] : 90.6 점 👍,
[파일 열기, 닫기 시 with open(...) 사용] : 90.3 점 👍,
[매우 간결한 변환은 map 사용] : 33.5 점 🚨, (답변 시작)", 한 발 물러서서 보면 아주 단순한 변환을 긴 반복문으로 풀고 있어요. 가능한 범위에서 변환 규칙이 단순하면 map으로 핵심 연산을 또렷하게 표현할 수 있어요!  1️⃣ 천천히 변환 규칙이 단순하면 map으로 핵심 연산을 또렷하게 표현할 수 있어요.  🍀  1️⃣ 프로젝트별 설정을 고정해 두고 싶다면 __init__에서 다시 쓰기 번거로운 값을 ,1,179,99,80,6862383
384,4,14.28,"[유사한 이름의 함수끼리 가까이 위치하도록 수정 권장] : 99.3 점 👍,
[enumerate 사용 가능한 경우 사용] : 74.2 점,
[한 줄의 길이는 일정 글자 이내로] : 43.2 점 🚨
[함수의 인수를 변경 가능한 default value로 하지 않아야 함] : 39.9 점 🚨,
[중복되는 사항 common 으로 빼기] : 35.0 점 🚨, (답변 시작)", 다시 살펴보니 같은 처리가 여러 곳에서 반복되고 있어요. 과감하게 공통 동작을 한곳으로 모으면 수정할 때 놓칠 구석이 줄어요. 🍀  1. 한 발 물러서서 보면 같은 처리가 여러 곳에서 반복되고 있어요. 기분 좋게 공통 동작을 한곳으로 모으면 수정할 때 놓칠 구석이 줄어요. 🌿  2. 작은 신호를 짚어 보니 같은 처리가 여러 곳에서 반복,1,184,104,80,6862383
385,4,14.27,"[동일한 인수 집합을 갖는 함수가 많은 경우 클래스화 고려] : 98.5 점 👍
[함수의 인수를 변경 가능한 default value로 하지 않아야 함] : 96.2 점 👍,
[빈 파일 TODO 표시 필요] : 66.0 점,
[리스트 컴프리헨션 사용이 가능한 경우 사용] : 44.2 점 🚨,
[기존 배열의 원소 추가 대신 extend 함수 사용] : 37.0 점 🚨, (답변 시작)", 한 발 물러서서 보면 목록 원소를 하나씩 추가하고 있어요. 🔍 한 번에 여러 값을 더할 때는 extend를 쓰면 의도가 정확히 전달돼요!  2️⃣ 한 발 물러서서 보면 기본 인수에 리스트나 딕셔너리를 넣고 있어요! 🎈 천천히 리스트나 딕셔너리는 None으로 두고 함수 안에서 만들면 호출 사이에 상태가 섞이지 않아요! 🍀  3️⃣ 천천히 살펴보면 기본,1,186,106,80,6862383
386,4,14.27,"[f = lambda x: ... 보다는 def f(x): return ... 를 사용] : 96.2 점 👍
[함수의 인자가 하나로 묶을 수 있는 경우 처리 권장] : 96.1 점 👍,
[key=itemgetter(""key"") 사용 권장] : 90.2 점 👍,
[고정값 상수화 필요] : 31.5 점 🚨,
[함수의 인수를 변경 가능한 default value로 하지 않아야 함] : 9.5 점 🚨, (답변 시작)", 구조를 따라가면 기본 인수에 리스트나 딕셔너리를 넣고 있어요. 차분하게 리스트나 딕셔너리는 None으로 두고 함수 안에서 만들면 호출 사이에 상태가 섞이지 않아요! 🧼  1. 가독성에 집중해 보면 딕셔너리 키를 꺼내는 과정이 장황해요. 필요한 곳부터 매핑 역할을 하는 객체는 None으로 두고 함수 안에서 꺼 내면 호출 사이에 상태가 섞이지 않아,1,191,111,80,6862383
387,4,14.28,"[함수의 인자가 하나로 묶을 수 있는 경우 처리 권장] : 97.7 점 👍
[상태 값 조건이 있는 if-elif-elif-else 있는 경우 클래스화 고려] : 91.8 점 👍,
[함수 docstring, 함수명 의미 일치] : 90.5 점 👍,
[불필요한 변수 생성 대신 defaultdict 권장] : 69.2 점,
[인덱스 반환에 index 함수 사용] : 68.5 점, (답변 시작)", 한 발 물러서서 보면 위치를 찾기 위해 직접 반복하고 있어요. 한 번에 첫 위치가 필요할 때는 index를 쓰면 목적이 바로 보입니다!  🚀  1️⃣ 가독성에 집중해 보면 조건의 미로가 깊어졌어요! 테스트를 떠올리며 필요한 곳부터 명시적인 조건 검사로 바꾸면 조건의 맥락이 바로 읽혀요.  🧼  1. 차분히 ,1,186,106,80,6862383
388,4,14.26,"[함수 docstring, 함수명 의미 일치] : 96.7 점 👍,
[동일한 인수 집합을 갖는 함수가 많은 경우 클래스화 고려] : 94.7 점 👍,
[미 사용 변수/함수 제거] : 62.1 점,
[100 line 이상 함수 분리, docstring 필요] : 22.9 점 🚨,
[지나치게 많은 들여쓰기 수정] : 18.8 점 🚨 (답변 시작)", 이번 리뷰에서는 들여쓰기 단계가 깊어 흐름을 따라가기 어려워요! 가능한 범위에서 작은 함수로 쪼개거나 빠른 반환을 쓰면 조건의 미로가 얕아져요. 1. 작은 개선을 찾다 보니 들여쓰기 단계가 깊어 흐름을 따라가기 어려워요! 프로젝트를 아끼는 마음으로 빠른 반환을 쓰거나 쪼개면 조건의 미로가 얕아져요. 1. 작은 개선을 찾다 보니 들여쓰기 단,1,178,98,80,6862383
389,4,14.3,"[예외를 삼키는 경우가 없어야 함] : 98.9 점 👍,
[100 line 이상 함수 분리, docstring 필요] : 97.6 점 👍,
[a = my_list[0], b = my_list[1] ... 대신 unpacking 사용 필요] : 94.4 점 👍,
[예외의 종류 (OOOError 등) 구체적 명시 권장] : 93.7 점 👍
[파일 단순 읽기/쓰기는 Path 사용] : 84.4 점, (답변 시작)", 다음 커밋을 생각해 보면 간단한 파일 작업이 장황하게 처리되고 있어요! 필요한 곳부터 Path의 읽기와 쓰기 메서드를 쓰면 파일 작업이 짧고 단단해져요.  1️⃣ 협업 관점에서 보면 간단한 파일 작업이 장황하게 처리되고 있어요. 필요한 곳부터 Path의 읽기와 쓰기 메서드를 쓰면 파일 작업이 짧고 단단해져요.  2️⃣ 실행 경로를 적으면 시작 화,1,191,111,80,6862383
390,4,14.25,"[경로를 path/to/file 이 아닌, pathlib 또는 os.path.join 사용] : 94.0 점 👍,
[함수 docstring, 함수명 의미 일치] : 83.6 점,
[if a.get(""b"") ... 형태로 수정 필요] : 72.7 점
[prefix, suffix 검사 시 startswith(), endswith() 사용] : 62.9 점,
[str 단순 += 대신 join 사용] : 60.6 점, (답변 시작)", 협업 관점에서 보면 문자열을 반복해서 더하고 있어요. 팀과 맞춰 보며 조각을 많이 합칠 때는 join으로 모으면 성능과 의도가 함께 좋아져요!  1️⃣ 천천히 살펴보면 간단한 파일 작업을 직접 반복하고 있어요. 가능한 범위에서 조각들을 많이 합칠 때는 join으로 모으면 성능과 의도가 함께 좋아져요. 🍀  2. 현재 흐름에서는 간단한 파일 작업이 장황하게 처리,1,183,103,80,6862383
391,4,14.27,"[미 사용 변수/함수 제거] : 94.8 점 👍,
[유사한 이름의 함수끼리 가까이 위치하도록 수정 권장] : 86.6 점,
[a = my_list[0], b = my_list[1] ... 대신 unpacking 사용 필요] : 23.8 점 🚨
[고정값 상수화 필요] : 22.7 점 🚨,
[str 단순 += 대신 join 사용] : 2.4 점 🚨, (답변 시작)", 협업 관점에서 보면 문자열을 반복해서 더하고 있어요! 가능하다면 조각을 많이 합칠 때는 join으로 모으면 성능과 의도가 함께 좋아져요! 🧩  1. 코드의 맥락을 보며 사용하지 않는 변수나 함수를 걷어 내면 핵심 로직만 또렷하게 남아요!  2. 개발자 마음으로 보면 같은 고정값이 여러 곳에 흩어져 있어요! 손이 닿는 자리부터 의미 있는 상수 이름으로 꺼내 ,1,186,106,80,6862383
392,4,14.24,"[함수의 인자가 유동적인 경우 처리 권장] : 92.8 점 👍,
[enumerate 사용 가능한 경우 사용] : 90.8 점 👍,
[정규 표현식 문자열은 r""..."" 권장] : 90.6 점 👍,
[if a.get(""b"") ... 형태로 수정 필요] : 15.9 점 🚨
[의미 있는 함수명, 변수명 사용] : 8.7 점 🚨, (답변 시작)", 수정할 곳을 찾다 보니 역할을 짐작하기 어려운 함수나 변수 이름이 보여요. 천천히 무엇을 하는지 드러나는 이름으로 바꾸면 설명서 없이도 코드가 읽혀요. 🍀  1. 현재 흐름에서는 조건의 미로가 길게 이어져요. 한 발 먼저 필요한 곳부터 조건의 존재 여부를 확인하며 코드를 따라가 보니 조건의 미로가 길게 이어져요. 🧠  2,1,183,103,80,6862383
393,4,14.31,"[함수 docstring, 함수명 의미 일치] : 98.1 점 👍,
[유사한 이름의 함수끼리 가까이 위치하도록 수정 권장] : 90.8 점 👍,
[비어 있는 문자열 여부 판단 간소화] : 83.5 점,
[유사한 변수명 통일] : 64.7 점
[itertools.product 사용 가능한 경우 사용] : 18.9 점 🚨, (답변 시작)", 작은 개선을 찾다 보니 조합을 만들려고 중첩 반복문을 쓰고 있어요. 과감하게 모든 조합이 필요할 때는 itertools.product로 의도를 또렷하게 드러내요! 🧼  1️⃣ 코드의 맥락을 보면 두 개의 목록을 인덱스로 따로 읽고 있어요. 의도를 적어 두듯 모든 조합이 필요할 때는 itertools.product로 의도를 또렷하게 드러내요! 💫  2️⃣ 코드의 결을 살펴보면,1,174,94,80,6862383
394,4,14.25,"[미 사용 변수/함수 제거] : 95.3 점 👍,
[함수 docstring, 함수명 의미 일치] : 74.4 점,
[유사한 이름의 함수끼리 가까이 위치하도록 수정 권장] : 67.6 점,
[중복되는 사항 common 으로 빼기] : 50.3 점 🚨
[숫자 값은 위쪽에 상수로] : 13.4 점 🚨, (답변 시작)", 코드의 맥락을 보면 로직 사이에 매직 넘버가 숨어 있어요. 흐름을 따라 매직 넘버를 파일 위쪽의 상수로 올리면 숫자가 왜 필요한지 바로 보여요!  1. 실행 환경별 설정을 한 번에 꺼낼 수 있어요!  2. 한 발 물러서서 보면 로직 사이에 매직 넘버가 숨어 있어요. 가능한 범위에서 매직 넘버를 파일 위쪽의 상수로 올리면 숫자가 왜 필,1,176,96,80,6862383
395,4,14.3,"[함수의 인자가 유동적인 경우 처리 권장] : 67.5 점,
[인덱스 반환에 index 함수 사용] : 39.2 점 🚨,
[지나치게 많은 들여쓰기 수정] : 38.7 점 🚨,
[zip 사용 가능한 경우 사용] : 32.3 점 🚨,
[숫자 값은 위쪽에 상수로] : 25.5 점 🚨 (답변 시작)", 한 발 물러서서 보면 로직 사이에 매직 넘버가 숨어 있어요! 흐름을 따라 매직 넘버를 파일 위쪽의 상수로 올리면 숫자가 왜 필요한지 바로 보여요. ✨  1️⃣ 천천히 살펴보면 로직 사이에 매직 넘버가 숨어 있어요. 테스트를 떠올리며 매직 넘버를 파일 위쪽의 상수로 올리면 숫자가 왜 필요한지 바로 보여요!  2️⃣ 다음 커밋에서 로직 사,1,174,94,80,6862383
396,4,14.31,"[지나치게 많은 들여쓰기 수정] : 94.1 점 👍,
[언패킹 시 숫자 인덱스 사용하지 말 것 (변수에 바로 할당)] : 92.2 점 👍,
[빈도수, 반복문, 경로명 리스트 추출 시 collections, itertools, glob 사용] : 74.6 점,
[유사한 변수명 통일] : 59.0 점 🚨,
[비어 있는 문자열 여부 판단 간소화] : 42.5 점 🚨 (답변 시작)", 코드의 맥락을 보면 빈 문자열 검사식이 불필요하게 길어요. 한 번에 파이썬다운 조건 검사로 바꾸면 조건식이 가볍게 읽혀요!  1. 천천히 살펴보면 조건식이 불필요하게 길어요. 한 발 먼저 파이썬다운 조건 검사로 바꾸면 조건식이 가볍게 읽혀요.  2. 미래의 나를 위해 보면 조건식이 불필요하게 길어요. 한 발 먼저 파이썬,1,188,108,80,6862383
397,4,14.26,"[key=itemgetter(""key"") 사용 권장] : 90.0 점 👍,
[주석 처리된 코드 제거] : 68.5 점,
[if-elif-elif-else 구문은 되도록 dict로 수정] : 68.4 점
[조건문 중첩 대신 any, all 사용] : 2.9 점 🚨,
[상태 값 조건이 있는 if-elif-elif-else 있는 경우 클래스화 고려] : 1.8 점 🚨, (답변 시작)", 작은 개선을 찾다 보니 상태에 따라 갈라지는 조건문이 길게 이어져요. 기록을 남기듯 상태별 동작을 클래스로 나누면 새 상태를 더할 때 기존 조건문을 덜 건드려도 돼요!  1. 전체 흐름을 놓고 보면 조건 분기가 길게 늘어진 곳이 있어요. 과감하게 상태별 동작을 클래스로 나누면 새 상태를 더할 때 기존 조건문을 덜 건드려,1,189,109,80,6862383
398,4,14.31,"[Python 예약어를 변수명으로 사용하지 않아야 함] : 92.3 점 👍,
[예외의 종류 (OOOError 등) 구체적 명시 권장] : 91.5 점 👍,
[매우 간결한 변환은 map 사용] : 87.2 점,
[언패킹 시 숫자 인덱스 사용하지 말 것 (변수에 바로 할당)] : 59.4 점 🚨
[함수명, 반환값 간 일치] : 55.7 점 🚨, (답변 시작)", 리뷰 메모를 보면 함수 이름과 반환값의 약속이 어긋나는 곳이 있어요! 살짝 반환하는 값을 이름에 맞추면 호출부에서 예상이 빗나가지 않아요. 📌  1. 이번 리뷰에서는 Python 예약어와 겹치는 변수명이 있어요. 🔍 가능한 범위에서 예약어 대신 역할을 담은 다른 이름을 쓰면 문법 오류를 피할 수 있어요!  2. 실행 경로를 알려면 sys.path,1,187,107,80,6862383
399,4,14.29,"[if a.get(""b"") ... 형태로 수정 필요] : 98.2 점 👍
[유사한 변수명 통일] : 96.2 점 👍,
[언패킹 시 숫자 인덱스 사용하지 말 것 (변수에 바로 할당)] : 95.5 점 👍,
[상태 값 조건이 있는 if-elif-elif-else 있는 경우 클래스화 고려] : 68.8 점,
[함수 docstring, 함수명 의미 일치] : 22.8 점 🚨, (답변 시작)",  이번 리뷰에서는 docstring과 함수 동작이 서로 다르게 읽혀요. 다음 커밋에서 docstring과 함수가 약속한 역할을 맞추면 다음 사람이 안심하고 호출할 수 있어요.  1. 개발자 입장에서 보면 docstring과 함수 동작이 서로 다르게 읽혀요. 문맥을 확인하며 docstring과 함수가 약속한 역할을 맞추면 다음 사람이 안심하고 호출할 수 있어요. 🎈  1. 전체 흐름을 놓고 보면 docstrin,1,191,111,80,6862383
400,5,14.4,"[주석 처리된 코드 제거] : 98.8 점 👍,
[import 순서 준수] : 76.1 점,
[enumerate 사용 가능한 경우 사용] : 75.6 점,
[불필요한 print, logging 제거] : 61.0 점,
[매우 간결한 변환은 map 사용] : 27.3 점 🚨 (답변 시작)", 이번 리뷰에서는 아주 단순한 변환을 긴 반복문으로 풀고 있어요. 과감하게 변환 규칙이 단순하면 map으로 핵심 연산을 또렷하게 표현할 수 있어요. 1. 아주 단순한 변환을 긴 반복문으로 풀고 있어요. 호기심을 갖고 변환 규칙이 단순하면 map으로 핵심 연산을 또렷하게 표현할 수 있어요.  2. 작은 개선을 찾다 보니 같은 변환을 여러 곳에서 반복하고 ,1,164,84,80,6862383
401,5,14.31,"[상태 값 조건이 있는 if-elif-elif-else 있는 경우 클래스화 고려] : 93.4 점 👍
[파일 열기, 닫기 시 with open(...) 사용] : 92.7 점 👍,
[유사한 변수명 통일] : 90.7 점 👍,
[매우 간결한 변환은 map 사용] : 34.8 점 🚨,
[README.md, pyproject.toml 필요] : 31.6 점 🚨, (답변 시작)", 코드의 표정을 읽어 보니 시작 방법을 알려 줄 README.md와 pyproject.toml이 필요해 보여요. 🎯 가능한 범위에서 설치 방법과 실행 환경을 적어 두면 처음 온 사람도 바로 출발할 수 있어요. 🌈  0️⃣ 이번 리뷰에서는 시작 방법을 알려 줄 README.md와 pyproject.toml이 필요해 보여요. 🎯 가능한 범위에서 설치 방법과 실행 환경을 적어 두면 처음 온 사람도 바로 ,1,186,106,80,6862383
402,5,14.27,"[의미 있는 함수명, 변수명 사용] : 98.9 점 👍,
[prefix, suffix 검사 시 startswith(), endswith() 사용] : 97.2 점 👍,
[if-elif-elif-else 구문은 되도록 dict로 수정] : 72.2 점,
[미 사용 변수/함수 제거] : 31.2 점 🚨,
[동일한 인수 집합을 갖는 함수가 많은 경우 클래스화 고려] : 23.2 점 🚨 (답변 시작)", 작은 개선을 찾다 보니 같은 설정을 계속 받는 함수가 여러 개예요. 😺 리뷰 메모를 따라 공통 상태를 가진 객체로 묶으면 인자 전달이 가벼워지고 역할도 선명해져요! 1️⃣ 23.2 리뷰 메모를 따라가면 계속 받는 설정이 있는 함수가 여러 개예요. 차례대로 공통 상태를 가진 객체로 묶으면 인자 전달이 가벼워지고 역할도 선명,1,190,110,80,6862383
403,5,14.29,"[문자열 단순 연결보다는 f-string 사용] : 97.4 점 👍,
[함수의 인자가 유동적인 경우 처리 권장] : 83.8 점
[유사한 이름의 함수끼리 가까이 위치하도록 수정 권장] : 68.4 점,
[매우 간결한 변환은 map 사용] : 68.1 점,
[enumerate 사용 가능한 경우 사용] : 36.0 점 🚨, (답변 시작)", 천천히 살펴보면 반복문에서 번호를 직접 관리하고 있어요. 이번 수정에서는 순서와 값을 함께 쓸 때는 enumerate가 더 자연스럽고 안전해요!  1️⃣ 1부터 36까지 순서대로 값을 모으면 반복문에서 쓰이지 않는 중간 인덱스가 사라져 코드가 단순해져요. 🎯  2️⃣ 변환 규칙이 단순하면 enumerating가 더 자연스럽고 안전해요,1,176,96,80,6862383
404,5,14.29,"[itertools.product 사용 가능한 경우 사용] : 92.3 점 👍,
[README.md, pyproject.toml 필요] : 90.9 점 👍,
[함수 인수 type hint 필요] : 90.4 점 👍
[중복되는 사항 common 으로 빼기] : 88.9 점,
[str 단순 += 대신 join 사용] : 87.7 점, (답변 시작)", 리뷰 메모를 보면 문자열을 반복해서 더하고 있어요. 과감하게 조각을 많이 합칠 때는 join으로 모으면 성능과 의도가 함께 좋아져요. 🛠️  1. 리뷰 메모를 따라가면 조각을 많이 합칠 때는 반복문을 쓰고 있어요. 프로젝트를 아끼는 마음으로 조각을 많이 합칠 때는 join으로 모으면 성능과 의도가 함께 좋아져요. 🐣  2. 리뷰 메모를 따라,1,169,89,80,6862383
405,5,14.24,"[함수의 인자가 하나로 묶을 수 있는 경우 처리 권장] : 97.8 점 👍
[동일한 인수 집합을 갖는 함수가 많은 경우 클래스화 고려] : 93.5 점 👍,
[if a.get(""b"") ... 형태로 수정 필요] : 40.9 점 🚨,
[import 순서 준수] : 12.0 점 🚨,
[함수 docstring, 함수명 의미 일치] : 1.5 점 🚨, (답변 시작)", 이번 리뷰에서는 docstring과 함수 동작이 서로 다르게 읽혀요. 문맥을 확인하며 docstring과 함수가 약속한 역할을 맞추면 다음 사람이 안심하고 호출할 수 있어요! 2. 🌈 3. 리팩터링 관점에서는 docstring이 비어 있어요. 필요한 곳부터 docstring과 함수가 약속한 역할을 맞추면 다음 사람이 안심하고 호출할 수 있어요! 2. 🌈 4 테스트하는 마음으로 보면 d,1,186,106,80,6862383
406,5,14.28,"[개수 세기에 count 함수 사용] : 99.5 점 👍,
[지나치게 많은 들여쓰기 수정] : 96.8 점 👍
[enumerate 사용 가능한 경우 사용] : 90.8 점 👍,
[파일 단순 읽기/쓰기는 Path 사용] : 89.7 점,
[의미 있는 함수명, 변수명 사용] : 79.9 점, (답변 시작)", 작은 개선을 찾다 보니 역할을 짐작하기 어려운 함수나 변수 이름이 보여요. 테스트를 떠올리며 무엇을 하는지 드러나는 이름으로 바꾸면 설명서 없이도 코드가 읽혀요. 1️⃣ 테스트하는 마음으로 봐도 될까요? 2️⃣ 작은 정성으로 무엇을 하는지 드러나는 이름으로 바꾸면 설명서 없이도 코드가 읽혀요. 1️⃣ 코드의 맥락을 보며 어느 정도 들여쓰기 단계를 줄여야 설명서 없,1,172,92,80,6862383
407,5,14.25,"[enumerate 사용 가능한 경우 사용] : 92.8 점 👍,
[파일 단순 읽기/쓰기는 Path 사용] : 92.2 점 👍
[리스트 컴프리헨션 사용이 가능한 경우 사용] : 91.2 점 👍,
[매우 간결한 변환은 map 사용] : 79.5 점,
[if-elif-elif-else 구문은 되도록 dict로 수정] : 66.8 점, (답변 시작)", 이번 리뷰에서는 조건 분기가 길게 늘어진 곳이 있어요. 필요한 곳부터 값에 따른 선택이라면 dict 매핑으로 바꾸어 분기표를 단순하게 만들어 보세요! 1️⃣  작은 개선을 찾다 보니 조건 분기가 길게 늘어진 곳이 있어요. 필요한 곳부터 값에 따른 선택이라면 dict 매핑으로 바꾸어 분기표를 단순하게 만들어 보세요!  1️⃣  리뷰 메모를 따라 분기표를 단순하게 ,1,180,100,80,6862383
408,5,14.4,"[조건문 중첩 대신 any, all 사용] : 51.0 점 🚨,
[함수의 인수를 변경 가능한 default value로 하지 않아야 함] : 46.7 점 🚨,
[불필요한 print, logging 제거] : 44.5 점 🚨
[빈도수, 반복문, 경로명 리스트 추출 시 collections, itertools, glob 사용] : 32.0 점 🚨,
[고정값 상수화 필요] : 17.4 점 🚨, (답변 시작)", 리뷰 메모를 보면 같은 고정값이 여러 곳에 흩어져 있어요. 🧼 한 줄씩 의미 있는 상수 이름으로 꺼내 두면 정책을 바꿀 때 한 번에 손볼 수 있어요! ✨ 17.4 1️⃣ 작은 개선을 찾다 보니 같은 고정값이 여러 곳에 흩어져 있어요. 🔍 프로젝트를 아끼는 마음으로 의미 있는 상수 이름으로 꺼내 두면 정책을 바꿀 때 한 번에 손볼 ,1,192,112,80,6862383
409,5,14.35,"[한 줄의 길이는 일정 글자 이내로] : 99.0 점 👍,
[prefix, suffix 검사 시 startswith(), endswith() 사용] : 69.0 점,
[클래스 내부에서만 쓰이는 속성, 메서드 (접두사 있음) 호출 비 권장] : 48.9 점 🚨,
[함수의 인자가 하나로 묶을 수 있는 경우 처리 권장] : 35.9 점 🚨
[함수의 인자가 유동적인 경우 처리 권장] : 16.8 점 🚨, (답변 시작)", 팀원이 처음 본다고 생각하면 개수가 바뀔 수 있는 인수를 고정해 두고 있어요. 필요한 곳부터 가변 인수는 *args나 **kwargs를 알맞게 쓰면 확장에 더 유연해져요. 1️⃣ 가변 인수는 *args나 **kwargs를 알맞게 쓰면 확장에 더 유연해져요!  🧠 2️⃣ 가변 인수는 *args나 **kwarg,1,197,117,80,6862383
410,5,14.8,"[파일 열기, 닫기 시 with open(...) 사용] : 98.7 점 👍,
[prefix, suffix 검사 시 startswith(), endswith() 사용] : 96.4 점 👍,
[제너레이터 표현식 사용이 가능한 경우 사용] : 93.2 점 👍,
[인덱스 반환에 index 함수 사용] : 92.5 점 👍
[f = lambda x: ... 보다는 def f(x): return ... 를 사용] : 70.7 점, (답변 시작)", 작은 개선을 찾다 보니 이름이 필요한 동작이 lambda에 숨어 있어요! 꼼꼼하게 재사용하거나 설명이 필요한 로직은 def로 꺼내면 디버깅과 테스트가 편해져요. 🛠️  1. 이 파일을 읽다 보면 이름이 필요한 동작이 lambda에 숨어 있어요. 다음 변경 전에 재사용하거나 설명이 필요한 로직은 def로 꺼내면 디버깅과 테스트가 편해져요. 📌  ,1,190,110,80,6862383
411,5,14.85,"[함수 인수 type hint 필요] : 97.5 점 👍
[동일 인자 type 통일] : 87.6 점,
[f = lambda x: ... 보다는 def f(x): return ... 를 사용] : 81.1 점,
[의미 있는 함수명, 변수명 사용] : 64.7 점,
[한 줄의 길이는 일정 글자 이내로] : 44.4 점 🚨, (답변 시작)", 작은 개선을 찾다 보니 한 줄이 너무 길게 이어지는 곳이 있어요. 마음 편히 줄을 적당히 나누면 작은 화면에서도 흐름을 놓치지 않아요! 1. 🧼 5.5 분 단위로 내용을 나누면 큰 부담 없이 작은 화면에서도 흐름을 놓치지 않아요. 2. 🧼 10분 단위로 값을 묶으면 읽는 속도가 훨씬 빨라져요. 3. 🔍 ,1,175,95,80,6862383
412,5,14.91,"[고정값 상수화 필요] : 99.5 점 👍,
[import 순서 준수] : 97.9 점 👍,
[리스트 컴프리헨션 사용이 가능한 경우 사용] : 96.2 점 👍
[매우 간결한 변환은 map 사용] : 91.8 점 👍,
[예외의 종류 (OOOError 등) 구체적 명시 권장] : 65.6 점, (답변 시작)", 이번 리뷰에서는 너무 넓은 예외를 잡고 있어요. 필요한 곳부터 예상한 OOOError처럼 구체적인 예외만 잡으면 버그가 숨어버리지 않아요.  21.3 지도 만들기 🎯 이번 리뷰에서는 너무 넓은 예외를 잡고 있어요. 필요한 곳부터 예상한 OOOError처럼 구체적인 예외만 잡으면 버그가 숨어버리지 않아요.  21.3 작은 개선을 찾다 보니 너무 ,1,173,93,80,6862383
413,5,14.85,"[제너레이터 표현식 사용이 가능한 경우 사용] : 91.9 점 👍,
[함수명, 반환값 간 일치] : 90.7 점 👍,
[enumerate 사용 가능한 경우 사용] : 51.7 점 🚨,
[if a.get(""b"") ... 형태로 수정 필요] : 44.4 점 🚨
[유사한 변수명 통일] : 24.4 점 🚨, (답변 시작)", 차분히 검토해 보니 비슷한 역할의 변수 이름이 제각각이에요. 작은 정성으로 같은 개념에는 같은 이름 규칙을 쓰면 읽는 속도가 훨씬 빨라져요! 1. 코드의 맥락을 보며 같은 개념에는 같은 이름 규칙을 쓰면 읽는 속도가 훨씬 빨라져요. 2. 한 번 더 확인해 보니 같은 역할의 변수 이름이 제각각이에요. 다음 커밋에서 같은 개념에는 같은 이름 규칙을 쓰면 ,1,179,99,80,6862383
414,5,14.84,"[a = my_list[0], b = my_list[1] ... 대신 unpacking 사용 필요] : 77.1 점,
[함수의 인자가 하나로 묶을 수 있는 경우 처리 권장] : 75.8 점,
[if-elif-elif-else 구문은 되도록 dict로 수정] : 66.8 점,
[zip 사용 가능한 경우 사용] : 66.1 점,
[파일 열기, 닫기 시 with open(...) 사용] : 63.0 점 (답변 시작)", 이번 리뷰에서는 파일을 열고 닫는 일을 직접 관리하고 있어요. 필요한 곳부터 with open(...)으로 감싸면 예외가 나도 파일이 안전하게 닫혀요. 🧠  2. 작은 개선을 찾다 보니 데이터를 주고받는 과정이 장황해요! 필요한 곳부터 json이나 csv로 파일을 다시 열면 소통이 훨씬 원활해져요.  3. 테스트를 떠올리며 보면 작은 개선을 찾,1,192,112,80,6862383
415,5,14.87,"[if a.get(""b"") ... 형태로 수정 필요] : 73.1 점,
[함수 인수 type hint 필요] : 53.3 점 🚨
[중복되는 사항 common 으로 빼기] : 24.8 점 🚨,
[if-elif-elif-else 구문은 되도록 dict로 수정] : 10.5 점 🚨,
[함수명, 반환값 간 일치] : 5.1 점 🚨, (답변 시작)", 개발자 입장에서 보면 함수 이름과 반환값의 약속이 어긋나는 곳이 있어요. 기록을 남기듯 반환하는 값을 이름에 맞추면 호출부에서 예상이 빗나가지 않아요! 🎯  1. 한 발 물러서서 보면 함수 이름과 반환값의 약속이 어긋나는 곳이 있어요. 가볍게 반환하는 값을 이름에 맞추면 호출부에서 예상이 빗나가지 않아요. 🌈  2. 코드를 따라가 보니 함수가 무엇을 ,1,185,105,80,6862383
416,5,14.88,"[클래스 내부에서만 쓰이는 속성, 메서드 (접두사 있음) 호출 비 권장] : 88.2 점,
[인덱스 반환에 index 함수 사용] : 80.9 점,
[중복되는 사항 common 으로 빼기] : 19.3 점 🚨,
[불필요한 print, logging 제거] : 7.3 점 🚨
[함수명, 반환값 간 일치] : 7.1 점 🚨, (답변 시작)", 파일을 다시 훑어보니 함수 이름과 반환값의 약속이 어긋나는 곳이 있어요. 천천히 반환하는 값을 이름에 맞추면 호출부에서 예상이 빗나가지 않아요! 🧠  1. 한 발 물러서서 보면 함수 이름과 반환값의 약속이 어긋나는 곳이 있어요! 한 발 먼저 반환하는 값을 이름에 맞추면 호출부에서 예상이 빗나가지 않아요! 🧠  2. 코드를,1,184,104,80,6862383
417,5,14.87,"[함수 인수 type hint 필요] : 98.6 점 👍,
[100 line 이상 함수 분리, docstring 필요] : 96.2 점 👍
[import 순서 준수] : 40.6 점 🚨,
[a = my_list[0], b = my_list[1] ... 대신 unpacking 사용 필요] : 27.6 점 🚨,
[if a.get(""b"") ... 형태로 수정 필요] : 13.9 점 🚨, (답변 시작)"," 차분히 검토해 보니 딕셔너리 키를 꺼내는 과정이 장황해요. 이 기회에 a.get(""b"")처럼 안전하게 꺼내면 누락된 키에서도 흐름이 부드러워요. 🌿  1️⃣ 한 발 물러서서 보면 딕셔너리 키를 꺼내는 과정이 장황해요. 다음 커밋에서 a.get(""b"")처럼 안전하게 꺼내면 누락된 키에서도 흐름이 부드",1,187,107,80,6862383
418,5,14.86,"[주석 처리된 코드 제거] : 97.6 점 👍,
[예외를 삼키는 경우가 없어야 함] : 97.2 점 👍
[기존 배열의 원소 추가 대신 extend 함수 사용] : 93.8 점 👍,
[a = my_list[0], b = my_list[1] ... 대신 unpacking 사용 필요] : 77.4 점,
[동일한 인수 집합을 갖는 함수가 많은 경우 클래스화 고려] : 64.4 점, (답변 시작)", 한 발 물러서서 보면 같은 설정을 계속 받는 함수가 여러 개예요. 😺 한 번에 공통 상태를 가진 객체로 묶으면 인자 전달이 가벼워지고 역할도 선명해져요! 🧼  1️⃣ 한 발 물러서서 보면 같은 설정을 계속 받는 함수가 여러 개예요. 😉 한 번에 공통 상태를 가진 객체로 묶으면 인자 전달이 가벼워지고 역할도 선명,1,189,109,80,6862383
419,5,15.0,"[매우 간결한 변환은 map 사용] : 98.4 점 👍
[지나치게 많은 들여쓰기 수정] : 96.1 점 👍,
[함수의 인자가 유동적인 경우 처리 권장] : 91.1 점 👍,
[파일 열기, 닫기 시 with open(...) 사용] : 57.8 점 🚨,
[itertools.product 사용 가능한 경우 사용] : 5.5 점 🚨, (답변 시작)", 개발자 입장에서 보면 조합을 만들려고 중첩 반복문을 쓰고 있어요. 살짝 모든 조합이 필요할 때는 itertools.product로 의도를 또렷하게 드러내요!  🙌  1️⃣ 코드의 표정을 읽어 보니 같은 처리가 여러 곳에서 반복되고 있어요. 한 번에 모든 조합이 필요할 때는 itertools.combinations를 반복 조합보다 또렷하게 드러내요. 🙌  2️⃣ 작은 개선을 찾다 보니 같은 처,1,180,100,80,6862383
420,5,14.91,"[중복되는 사항 common 으로 빼기] : 95.5 점 👍,
[제너레이터 표현식 사용이 가능한 경우 사용] : 90.8 점 👍
[인덱스 반환에 index 함수 사용] : 74.5 점,
[매우 간결한 변환은 map 사용] : 48.1 점 🚨,
[itertools.product 사용 가능한 경우 사용] : 34.6 점 🚨, (답변 시작)", 작은 개선을 찾다 보니 조합을 만들려고 중첩 반복문을 쓰고 있어요. 보너스처럼 모든 조합이 필요할 때는 itertools.product로 의도를 또렷하게 드러내요! 🎯  1️⃣ 코드의 표정을 읽어 보니 같은 처리가 여러 곳에서 반복되고 있어요. 보너스처럼 공통 동작을 한곳으로 모으면 수정할 때 놓칠 구석이 줄어요.  2️⃣ 보너스처럼 쓰이지 않는 정성으로 빼면,1,178,98,80,6862383
421,5,14.95,"[인덱스 반환에 index 함수 사용] : 92.8 점 👍
[비어 있는 문자열 여부 판단 간소화] : 84.5 점,
[문자열 단순 연결보다는 f-string 사용] : 71.7 점,
[기존 배열의 원소 추가 대신 extend 함수 사용] : 43.5 점 🚨,
[의미 있는 함수명, 변수명 사용] : 24.7 점 🚨, (답변 시작)", 조금 거리를 두고 읽어 보면 역할을 짐작하기 어려운 함수나 변수 이름이 보여요. 기록을 남기듯 무엇을 하는지 드러나는 이름으로 바꾸면 설명서 없이도 코드가 읽혀요. 🎯  1️⃣ 코드의 맥락을 보며 무엇을 하는지 드러나는 이름으로 바꾸면 설명서 없이도 코드가 읽혀요. 2️⃣ 테스트를 떠올리며 보면 역할을 짐작하기 어려운 함수나 변수 이름이 보여요. 작은 정성으로 무엇을 하는지 ,1,176,96,80,6862383
422,5,14.85,"[prefix, suffix 검사 시 startswith(), endswith() 사용] : 94.4 점 👍
[동일 인자 type 통일] : 91.8 점 👍,
[불필요한 print, logging 제거] : 91.2 점 👍,
[key=itemgetter(""key"") 사용 권장] : 91.0 점 👍,
[f = lambda x: ... 보다는 def f(x): return ... 를 사용] : 61.8 점, (답변 시작)", 다음 변경을 생각하면 이름이 필요한 동작이 lambda에 숨어 있어요. 꼼꼼하게 재사용하거나 설명이 필요한 로직은 def로 꺼내면 디버깅과 테스트가 편해져요! 🛠️  1. 다음 커밋에서 재사용하거나 설명이 필요한 로직은 def로 꺼내면 디버깅과 테스트가 편해져요. 🛠️  2. 다음 변경을 생각하면 이름이 필요한 동작이 lambda에 숨어 있어요. 살펴본 ,1,181,101,80,6862383
423,5,14.89,"[함수명, 반환값 간 일치] : 92.8 점 👍,
[README.md, pyproject.toml 필요] : 86.7 점,
[경로를 path/to/file 이 아닌, pathlib 또는 os.path.join 사용] : 77.2 점,
[함수 인수 type hint 필요] : 68.1 점
[파일 열기, 닫기 시 with open(...) 사용] : 5.4 점 🚨, (답변 시작)", 경로 탐색을 하다 보니 파일을 열고 닫는 일을 직접 관리하고 있어요. 경로가 확보된 김에 with open(...)으로 감싸면 예외가 나도 파일이 안전하게 닫혀요.  1️⃣ 1. 경로의 맥락을 보며 파일을 열면 닫는 일을 덜 신경 써도 돼요. 2️⃣ 1. 경로가 확보된 김에 with open(...)으로 감싸면 예외가 나도 파일이 ,1,180,100,80,6862383
424,5,14.88,"[assertion을 제어 메커니즘으로 사용하면 안됨] : 98.2 점 👍,
[빈도수, 반복문, 경로명 리스트 추출 시 collections, itertools, glob 사용] : 93.5 점 👍,
[중복되는 사항 common 으로 빼기] : 92.3 점 👍
[인덱스 반환에 index 함수 사용] : 91.0 점 👍,
[함수 인수 type hint 필요] : 67.7 점, (답변 시작)", 팀원이 처음 본다고 생각하면 함수 인수의 type hint가 비어 있어요. 부드럽게 인수에 type hint를 달아 두면 들어오는 데이터가 무엇인지 바로 알 수 있어요. 1. 함수 인수에 type hint를 달아 두면 들어오는 데이터가 무엇인지 바로 알 수 있어요. 2. 조금 거리를 두고 읽어 보면 함수 인수의 type hint가 비어 있어요. 다음 커밋에서 인수에 type hint를 달아 두면 들어오는 ,1,183,103,80,6862383
425,5,14.9,"[함수명, 반환값 간 일치] : 100.0 점 👍,
[클래스 내부에서만 쓰이는 속성, 메서드 (접두사 있음) 호출 비 권장] : 78.1 점,
[함수의 인자가 유동적인 경우 처리 권장] : 61.2 점,
[매우 간결한 변환은 map 사용] : 42.3 점 🚨
[고정값 상수화 필요] : 24.6 점 🚨, (답변 시작)", 이번 리뷰에서는 같은 고정값이 여러 곳에 흩어져 있어요. 한 호흡 쉬고 의미 있는 상수 이름으로 꺼내 두면 정책을 바꿀 때 한 번에 손볼 수 있어요. 🙌  24.6 ✨ 프로젝트를 아끼는 마음으로 보면 같은 고정값이 여러 곳에 흩어져 있어요. 🌈 보너스처럼 의미 있는 상수 이름으로 꺼내 두면 정책을 바꿀 때 한 번에 손볼 수 있어요!  2,1,183,103,80,6862383
426,5,14.86,"[예외를 삼키는 경우가 없어야 함] : 73.0 점
[a = my_list[0], b = my_list[1] ... 대신 unpacking 사용 필요] : 72.6 점,
[if-elif-elif-else 구문은 되도록 dict로 수정] : 67.7 점,
[매우 간결한 변환은 map 사용] : 50.2 점 🚨,
[미 사용 변수/함수 제거] : 49.0 점 🚨, (답변 시작)", 다음 커밋을 생각해 보면 쓰이지 않는 변수나 함수가 남아 있네요. 기분 좋게 참조되지 않는 선언을 걷어 내면 핵심 로직만 또렷하게 남아요! 1. 작은 개선을 찾다 보니 로직 사이에 빈 함수가 남아 있어요. 과감하게 참조되지 않는을 걷어 내면 핵심 로직만 또렷하게 남아요! 2. 테스트하는 마음으로 보면 쓰이지 않는 변수나 함수가 남,1,190,110,80,6862383
427,5,14.89,"[매우 간결한 변환은 map 사용] : 97.3 점 👍,
[조건문 중첩 대신 any, all 사용] : 92.2 점 👍
[유사한 변수명 통일] : 91.5 점 👍,
[기존 배열의 원소 추가 대신 extend 함수 사용] : 67.2 점,
[한 줄의 길이는 일정 글자 이내로] : 6.5 점 🚨, (답변 시작)", 천천히 살펴보면 한 줄이 너무 길게 이어지는 곳이 있어요. 큰 부담 없이 줄을 적당히 나누면 작은 화면에서도 흐름을 놓치지 않아요. 1️⃣ 17.5% 확장성을 고려한 배열 나누기 | 현재 흐름에서는 한 줄이 17.5%를 넘어서 이어지는 곳이 있어요. 안전하게 줄을 적당히 나누면 작은 화면에서도 흐름을 놓치지 않아요. 1️⃣ 17.5% 확장성을 고려한 배열,1,174,94,80,6862383
428,5,14.87,"[assertion을 제어 메커니즘으로 사용하면 안됨] : 92.8 점 👍,
[동일한 인수 집합을 갖는 함수가 많은 경우 클래스화 고려] : 79.6 점,
[함수 docstring, 함수명 의미 일치] : 77.1 점
[클래스 내부에서만 쓰이는 속성, 메서드 (접두사 있음) 호출 비 권장] : 72.9 점,
[파일 단순 읽기/쓰기는 Path 사용] : 4.2 점 🚨, (답변 시작)", 이번 리뷰에서는 간단한 파일 작업이 장황하게 처리되고 있어요. 작은 단계로 Path의 읽기와 쓰기 메서드를 쓰면 파일 작업이 짧고 단단해져요. 1️⃣ 5. 테스트하는 마음으로 보면 간단한 파일 작업이 장황하게 처리되고 있어요. 😉 다음 커밋에서 Path의 읽기와 쓰기 메서드를 쓰면 파일 작업이 짧고 단단해져요. 1️⃣ 6. 다음 커밋을 생각해 ,1,188,108,80,6862383
429,5,14.9,"[동일 인자 type 통일] : 97.2 점 👍,
[함수의 인자가 유동적인 경우 처리 권장] : 92.7 점 👍,
[제너레이터 표현식 사용이 가능한 경우 사용] : 75.9 점,
[언패킹 시 숫자 인덱스 사용하지 말 것 (변수에 바로 할당)] : 65.8 점,
[함수명, 반환값 간 일치] : 63.1 점 (답변 시작)", 한 발 물러서서 보면 함수 이름과 반환값의 약속이 어긋나는 곳이 있어요. 가볍게 반환하는 값을 이름에 맞추면 호출부에서 예상이 빗나가지 않아요! 1. 🌈 한 발 물러서서 보면 함수 이름과 반환값의 약속이 어긋나는 곳이 있어요. 테스트를 떠올리며 반환하는 값을 이름에 맞추면 호출부에서 예상이 빗나가지 않아요. 2. 🌈 1. 작은 ,1,178,98,80,6862383
430,5,14.86,"[상태 값 조건이 있는 if-elif-elif-else 있는 경우 클래스화 고려] : 98.1 점 👍
[불필요한 변수 생성 대신 defaultdict 권장] : 96.6 점 👍,
[import 순서 준수] : 93.5 점 👍,
[예외의 종류 (OOOError 등) 구체적 명시 권장] : 93.3 점 👍,
[함수의 인자가 하나로 묶을 수 있는 경우 처리 권장] : 44.4 점 🚨, (답변 시작)", 한 발 물러서서 보면 함께 움직이는 인수가 따로따로 전달되고 있어요. 한 줄씩 함께 쓰는 값을 객체나 dataclass로 묶으면 호출부가 훨씬 덜 복잡해져요! 1. 한 발 물러서서 보면 함께 쓰는 인수가 따로따로 전달되고 있어요. 살짝 함께 쓰는 값을 객체나 dataclass로 묶으면 호출부가 훨씬 덜 복잡해져요! 2. 코드 ,1,189,109,80,6862383
431,5,14.91,"[enumerate 사용 가능한 경우 사용] : 95.6 점 👍
[함수 docstring, 함수명 의미 일치] : 93.4 점 👍,
[f = lambda x: ... 보다는 def f(x): return ... 를 사용] : 85.3 점,
[중복되는 사항 common 으로 빼기] : 54.7 점 🚨,
[고정값 상수화 필요] : 46.6 점 🚨, (답변 시작)", 이번 리뷰에서는 같은 고정값이 여러 곳에 흩어져 있어요. 🧼 한 줄씩 의미 있는 상수 이름으로 꺼내 두면 정책을 바꿀 때 한 번에 손볼 수 있어요! 🍀  1. 유지보수 시선으로 보면 같은 고정값이 여러 곳에 흩어져 있어요. 🐣 가능한 범위에서 의미 있는 상수 이름으로 꺼내 두면 정책을 바꿀 때 한 번에 손볼 수 있어요. 🍀  2. 코,1,180,100,80,6862383
432,5,14.88,"[정규 표현식 문자열은 r""..."" 권장] : 98.7 점 👍,
[동일한 인수 집합을 갖는 함수가 많은 경우 클래스화 고려] : 91.2 점 👍
[동일 인자 type 통일] : 69.9 점,
[Python 예약어를 변수명으로 사용하지 않아야 함] : 68.1 점,
[의미 있는 함수명, 변수명 사용] : 6.8 점 🚨, (답변 시작)", 이번 리뷰에서는 역할을 짐작하기 어려운 함수나 변수 이름이 보여요. 💫 조금만 시간을 내서 무엇을 하는지 드러나는 이름으로 바꾸면 설명서 없이도 코드가 읽혀요. 1️⃣ 변수나 함수가 무엇을 하는지 드러나는 이름으로 바꾸면 설명서 없이도 코드가 읽혀요. 2️⃣ 테스트하는 마음으로 보면 역할을 짐작하기 어려운 변수나 함수가 있어요. 💫 조금만 시간을 내서 무엇을 하는지 드러나는 이름으로 바꾸,1,179,99,80,6862383
433,5,14.88,"[itertools.product 사용 가능한 경우 사용] : 85.4 점,
[파일 단순 읽기/쓰기는 Path 사용] : 82.8 점,
[유사한 변수명 통일] : 80.2 점
[예외의 종류 (OOOError 등) 구체적 명시 권장] : 69.6 점,
[동일한 인수 집합을 갖는 함수가 많은 경우 클래스화 고려] : 64.8 점, (답변 시작)", 한 번 더 확인해 보니 같은 설정을 계속 받는 함수가 여러 개예요. 이왕이면 공통 상태를 가진 객체로 묶으면 인자 전달이 가벼워지고 역할도 선명해져요! 2.5  경로별 공통 상태를 가진 객체로 묶으면 인자 전달이 가벼워지고 역할도 선명해져요. 😺  1️⃣ 한 발 물러서서 보면 같은 공통 상태를 가진 객체로 묶으면 인,1,177,97,80,6862383
434,5,14.86,"[assertion을 제어 메커니즘으로 사용하면 안됨] : 99.0 점 👍,
[주석 처리된 코드 제거] : 93.0 점 👍,
[함수명, 반환값 간 일치] : 91.4 점 👍
[zip 사용 가능한 경우 사용] : 88.2 점,
[제너레이터 표현식 사용이 가능한 경우 사용] : 74.7 점, (답변 시작)", 테스트하는 마음으로 보면 한 번만 쓸 중간 목록이 만들어지고 있어요. 흐름을 따라 한 번만 순회한다면 제너레이터 표현식으로 메모리를 아껴 볼 만해요!  🧩  1️⃣ 중간 목록이 만들어지고 있어요. 💫 다음 커밋에서 한 번만 순회한다면 제너레이터 표현식으로 메모리를 아껴 볼 만해요.  1️⃣ 한 번만 순회한다면 제너레이터 표,1,172,92,80,6862383
435,5,14.87,"[zip 사용 가능한 경우 사용] : 86.1 점,
[한 줄의 길이는 일정 글자 이내로] : 83.5 점,
[언패킹 시 숫자 인덱스 사용하지 말 것 (변수에 바로 할당)] : 67.9 점,
[주석 처리된 코드 제거] : 17.7 점 🚨,
[중복되는 사항 common 으로 빼기] : 0.6 점 🚨 (답변 시작)", 개발자 입장에서 보면 같은 처리가 여러 곳에서 반복되고 있어요. 기록을 남기듯 공통 동작을 한곳으로 모으면 수정할 때 놓칠 구석이 줄어요! 🧼  0.6 공통 동작을 한곳으로 모으면 변경 가능성이 줄어요! 🎯  1. 중앙 집중식 제어를 잡다 보니 여러 곳에서 같은 처리를 반복하고 있어요. 한 호흡 쉬고 공통 동작을 한곳으로 ,1,177,97,80,6862383
436,5,14.88,"[한 줄의 길이는 일정 글자 이내로] : 91.8 점 👍,
[상태 값 조건이 있는 if-elif-elif-else 있는 경우 클래스화 고려] : 91.7 점 👍
[파일 단순 읽기/쓰기는 Path 사용] : 90.2 점 👍,
[제너레이터 표현식 사용이 가능한 경우 사용] : 7.6 점 🚨,
[key=itemgetter(""key"") 사용 권장] : 4.6 점 🚨, (답변 시작)"," 개발자 입장에서 보면 정렬 키를 lambda로 길게 꺼내고 있어요. 오늘의 마무리로 딕셔너리 키로 정렬할 때는 itemgetter(""key"")가 더 간결하게 뜻을 전해요! 🎯  1️⃣ 개발자 입장에서 보면 정렬 키를 lambda로 길게 꺼내고 있어요. 오늘의 마무리로 딕셔너리 키로 정렬할 때는 itemgetter(""key"")가 더 간결하게 뜻을",1,188,108,80,6862383
437,5,14.88,"[클래스 내부에서만 쓰이는 속성, 메서드 (접두사 있음) 호출 비 권장] : 93.9 점 👍,
[enumerate 사용 가능한 경우 사용] : 86.9 점,
[주석 처리된 코드 제거] : 72.3 점
[상태 값 조건이 있는 if-elif-elif-else 있는 경우 클래스화 고려] : 30.9 점 🚨,
[중복되는 사항 common 으로 빼기] : 5.2 점 🚨, (답변 시작)", 다시 살펴보니 같은 처리가 여러 곳에서 반복되고 있어요. ✨ 개발자 마음으로 공통 동작을 한곳으로 모으면 수정할 때 놓칠 구석이 줄어요. 1. 프로젝트의 맥락을 보며 가장 흔한 반복을 찾다 보니 같은 처리가 여러 곳에 흩어져 있어요. ✨ 다음 커밋에서 공통 동작을 한곳으로 모으면 수정할 때 놓칠 구석이 줄어요. 2. 한 발 먼저 재사용하거나,1,191,111,80,6862383
438,5,14.88,"[상태 값 조건이 있는 if-elif-elif-else 있는 경우 클래스화 고려] : 98.8 점 👍
[주석 처리된 코드 제거] : 92.3 점 👍,
[빈 파일 TODO 표시 필요] : 91.7 점 👍,
[예외를 삼키는 경우가 없어야 함] : 24.3 점 🚨,
[key=itemgetter(""key"") 사용 권장] : 11.6 점 🚨, (답변 시작)"," 파일을 다시 훑어보니 정렬 키를 lambda로 길게 꺼내고 있어요. 다음 커밋에서 딕셔너리 키로 정렬할 때는 itemgetter(""key"")가 더 간결하게 뜻을 전해요. 12.1 💡  가독성에 집중해 보면 값을 비교하고 있어요! 가능한 범위에서 딕셔너리 키로 정렬할 때는 itemgetter(""key"")가 더 간결하게 뜻을 전",1,182,102,80,6862383
439,5,14.91,"[prefix, suffix 검사 시 startswith(), endswith() 사용] : 99.0 점 👍,
[if a.get(""b"") ... 형태로 수정 필요] : 98.8 점 👍,
[비어 있는 문자열 여부 판단 간소화] : 92.8 점 👍
[예외의 종류 (OOOError 등) 구체적 명시 권장] : 61.4 점,
[함수 docstring, 함수명 의미 일치] : 28.2 점 🚨, (답변 시작)", 천천히 살펴보면 docstring과 함수 동작이 서로 다르게 읽혀요. 필요한 곳부터 docstring과 함수가 약속한 역할을 맞추면 다음 사람이 안심하고 호출할 수 있어요!  1. 차분하게 읽어 보면 docstring과 함수 동작이 서로 다르게 읽혀요! 필요한 곳부터 docstring과 함수가 약속한 역할을 맞추면 다음 사람이 안심하고 호출할 수 있어요!  🧼 1. 차분하게 검토해 보니 docstrin,1,186,106,80,6862383
440,5,14.9,"[한 줄의 길이는 일정 글자 이내로] : 94.5 점 👍,
[주석 처리된 코드 제거] : 90.2 점 👍,
[예외의 종류 (OOOError 등) 구체적 명시 권장] : 71.1 점,
[100 line 이상 함수 분리, docstring 필요] : 45.0 점 🚨,
[숫자 값은 위쪽에 상수로] : 35.9 점 🚨 (답변 시작)", 읽는 사람의 눈으로 보면 로직 사이에 매직 넘버가 숨어 있어요. 🔍 가능한 범위에서 매직 넘버를 파일 위쪽의 상수로 올리면 숫자가 왜 필요한지 바로 보여요! 🙌  1. 개발자 입장에서 보면 로직 사이에 매직 넘버가 숨어 있어요. 🔍 가능한 범위에서 매직 넘버를 파일 위쪽의 상수로 올리면 숫자가 왜 필요한지 바로 보여요. 🙌  2. 테,1,177,97,80,6862383
441,5,14.85,"[README.md, pyproject.toml 필요] : 94.8 점 👍,
[숫자 값은 위쪽에 상수로] : 91.3 점 👍
[지나치게 많은 들여쓰기 수정] : 91.1 점 👍,
[상태 값 조건이 있는 if-elif-elif-else 있는 경우 클래스화 고려] : 86.2 점,
[itertools.product 사용 가능한 경우 사용] : 4.5 점 🚨, (답변 시작)", 작은 개선을 찾다 보니 조합을 만들려고 중첩 반복문을 쓰고 있어요. 과감하게 모든 조합이 필요할 때는 itertools.product로 의도를 또렷하게 드러내요!  1️⃣  탐색 영역 넓혀 보기 4.5️⃣  팀과 맞춰 보며 말예요!  1️⃣  가독성에 집중해 보면 탐색 범위가 좁아요! 한 발 먼저 관심 있는 곳부터 넓게,1,181,101,80,6862383
442,5,14.88,"[함수명, 반환값 간 일치] : 99.7 점 👍,
[지나치게 많은 들여쓰기 수정] : 88.5 점,
[동일 인자 type 통일] : 83.6 점
[숫자 값은 위쪽에 상수로] : 66.2 점,
[zip 사용 가능한 경우 사용] : 0.1 점 🚨, (답변 시작)", 작은 개선을 찾다 보니 두 목록을 인덱스로 따로 읽고 있어요. 큰 부담 없이 나란히 읽는 값들은 zip으로 묶어 주면 인덱스 실수를 막을 수 있어요!  1. 코드의 맥락을 보면 두 목록을 인덱스로 따로 읽고 있어요. 리뷰 메모를 따라 나란히 읽는 값들은 zip으로 묶어 주면 인덱스 실수를 막을 수 있어요!  🐣 1. 작은 개선을 찾다 보니 두,1,165,85,80,6862383
443,5,14.87,"[정규 표현식 문자열은 r""..."" 권장] : 99.1 점 👍,
[숫자 값은 위쪽에 상수로] : 94.4 점 👍,
[동일 인자 type 통일] : 91.0 점 👍,
[예외의 종류 (OOOError 등) 구체적 명시 권장] : 79.8 점,
[인덱스 반환에 index 함수 사용] : 74.5 점 (답변 시작)", 한 번 더 확인해 보니 위치를 찾기 위해 직접 반복하고 있어요. 읽는 사람을 위해 첫 위치가 필요할 때는 index를 쓰면 목적이 바로 보입니다.  🧩 1. 예제 산책을 하다 보니 위치를 찾기 위해 직접 반복하고 있어요! 살펴본 김에 첫 위치가 필요할 때는 index를 쓰면 목적이 바로 보입니다.  🍀 2. 코드 산책을 하다 보니 위치를 찾기 위해 직접 반복하고 있어요.,1,173,93,80,6862383
444,5,14.88,"[클래스 내부에서만 쓰이는 속성, 메서드 (접두사 있음) 호출 비 권장] : 99.6 점 👍,
[f = lambda x: ... 보다는 def f(x): return ... 를 사용] : 97.7 점 👍,
[고정값 상수화 필요] : 90.0 점 👍,
[인덱스 반환에 index 함수 사용] : 65.9 점
[import 순서 준수] : 62.9 점, (답변 시작)", 다음 커밋을 생각해 보면 import 배치가 섞여 있어요. 큰 부담 없이 표준 라이브러리와 외부 패키지와 내부 모듈을 차례로 정리하면 시작 화면이 말끔해져요. 1. 🧼 한 발 먼저 표준 라이브러리와 외부 패키지와 내부 모듈을 차례로 정리하면 시작 화면이 말끔해져요. 2. 🧼 표준 도구의 위치를 알려면 import 배치를 맨 앞에 두면 시작 화면,1,182,102,80,6862383
445,5,14.85,"[유사한 이름의 함수끼리 가까이 위치하도록 수정 권장] : 91.6 점 👍,
[import 순서 준수] : 81.3 점,
[경로를 path/to/file 이 아닌, pathlib 또는 os.path.join 사용] : 46.7 점 🚨,
[고정값 상수화 필요] : 21.4 점 🚨
[지나치게 많은 들여쓰기 수정] : 1.2 점 🚨, (답변 시작)", 한 발 물러서서 보면 들여쓰기 단계가 깊어 흐름을 따라가기 어려워요. 한 호흡 쉬고 작은 함수로 쪼개거나 빠른 반환을 쓰면 조건의 미로가 얕아져요. 1️⃣ 66.8% 한 발 물러서서 보면 들여쓰기 단계가 깊어 흐름을 따라가기 어려워요. 📌 한 호흡 쉬고 작은 함수로 쪼개거나 빠른 반환을 쓰면 조건의 미로가 ,1,179,99,80,6862383
446,5,14.9,"[주석 처리된 코드 제거] : 97.3 점 👍,
[함수의 인자가 하나로 묶을 수 있는 경우 처리 권장] : 89.2 점,
[불필요한 변수 생성 대신 defaultdict 권장] : 67.0 점,
[예외의 종류 (OOOError 등) 구체적 명시 권장] : 62.7 점
[한 줄의 길이는 일정 글자 이내로] : 38.6 점 🚨, (답변 시작)", 개발자 입장에서 보면 한 줄이 너무 길게 이어지는 곳이 있어요. 살짝 줄을 적당히 나누면 작은 화면에서도 흐름을 놓치지 않아요!  1️⃣ 작은 개선을 찾다 보니 한 줄이 너무 길게 이어지는 곳이 있어요. 큰 부담 없이 줄을 적당히 나누면 작은 화면에서도 흐름을 놓치지 않아요.  2️⃣ 테스트하는 마음으로 보면 한 줄이 너무 길게 이어지는 곳이 있어요. 가능한 범위에서 줄을 적당히 나누면 작은 ,1,180,100,80,6862383
447,5,14.88,"[상태 값 조건이 있는 if-elif-elif-else 있는 경우 클래스화 고려] : 90.0 점 👍,
[인덱스 반환에 index 함수 사용] : 75.5 점,
[a = my_list[0], b = my_list[1] ... 대신 unpacking 사용 필요] : 52.1 점 🚨,
[함수의 인자가 유동적인 경우 처리 권장] : 20.4 점 🚨
[조건문 중첩 대신 any, all 사용] : 18.8 점 🚨, (답변 시작)", 미래의 나를 위해 보면 조건문이 여러 겹으로 겹쳐 있어요. 부드럽게 여러 조건의 존재 여부는 any나 all에 맡기면 뜻이 훨씬 또렷해져요. 1️⃣ 1.5배 더 빠른 탐색을 떠올리면 여러 조건의 존재 여부는 일일이 체크해요! 1.5배 더 느린 곳부터 여러 조건의 존재 여부는 any나 all에 맡기면 뜻이,1,200,120,80,6862383
448,5,14.88,"[한 줄의 길이는 일정 글자 이내로] : 98.3 점 👍,
[제너레이터 표현식 사용이 가능한 경우 사용] : 86.9 점,
[클래스 내부에서만 쓰이는 속성, 메서드 (접두사 있음) 호출 비 권장] : 81.1 점
[개수 세기에 count 함수 사용] : 71.4 점,
[유사한 이름의 함수끼리 가까이 위치하도록 수정 권장] : 67.9 점, (답변 시작)", 코드의 표정을 읽어 보니 비슷한 이름의 함수가 파일 곳곳에 흩어져 있어요. 다음 변경 전에 비슷한 역할의 함수를 가까이 두면 탐색 시간이 줄고 파일 구조가 자연스러워져요! 1. 작은 개선을 찾다 보니 파일 위치가 섞여 있어요! 큰 부담 없이 비슷한 역할의 함수를 가까이 두면 탐색 시간이 줄고 파일 구조가 자연스러워져요! 2. 코드 산책을 하다 보니 비슷한 이름의 파일이 여러 ,1,184,104,80,6862383
449,5,14.88,"[한 줄의 길이는 일정 글자 이내로] : 98.8 점 👍,
[함수의 인자가 유동적인 경우 처리 권장] : 91.6 점 👍
[제너레이터 표현식 사용이 가능한 경우 사용] : 86.9 점,
[기존 배열의 원소 추가 대신 extend 함수 사용] : 64.9 점,
[중복되는 사항 common 으로 빼기] : 6.7 점 🚨, (답변 시작)", 읽는 사람의 눈으로 보면 같은 처리가 여러 곳에서 반복되고 있어요. 💫 다음 변경 전에 공통 동작을 한곳으로 모으면 수정할 때 놓칠 구석이 줄어요. 6.7 🌿  1. 파일럿 프로젝트로 읽어 보면 같은 처리가 여러 곳에 흩어져 있어요. ✨ 한 호흡 쉬고 공통 동작을 한곳으로 모으면 수정할 때 놓칠 구석이 줄어,1,179,99,80,6862383
450,5,14.99,"[함수 docstring, 함수명 의미 일치] : 97.6 점 👍,
[주석 처리된 코드 제거] : 96.5 점 👍,
[경로를 path/to/file 이 아닌, pathlib 또는 os.path.join 사용] : 95.5 점 👍
[동일한 인수 집합을 갖는 함수가 많은 경우 클래스화 고려] : 50.9 점 🚨,
[유사한 변수명 통일] : 39.9 점 🚨, (답변 시작)", 한 번 더 확인해 보니 비슷한 역할의 변수 이름이 제각각이에요. 살짝 같은 개념에는 같은 이름 규칙을 쓰면 읽는 속도가 훨씬 빨라져요. 1. 경로의 미로가 풀립니다. 😉 1️⃣ 한 발 물러서서 보면 파일 경로를 잘못 읽혀요. 다음 변경 전에 pathlib이나 os.path.join으로 경로를 조립하면 운영체제가 달라도 안전해요! 2️⃣ ,1,185,105,80,6862383
451,5,15.17,"[개수 세기에 count 함수 사용] : 96.3 점 👍,
[key=itemgetter(""key"") 사용 권장] : 94.3 점 👍,
[숫자 값은 위쪽에 상수로] : 25.3 점 🚨
[함수명, 반환값 간 일치] : 6.8 점 🚨,
[a = my_list[0], b = my_list[1] ... 대신 unpacking 사용 필요] : 0.3 점 🚨, (답변 시작)", 코드를 따라가 보니 목록의 원소를 하나씩 꺼내고 있어요. 조금만 시간을 내서 정해진 순서의 값은 unpacking으로 풀어 주면 한 번에 읽혀요!  1️⃣ 1️⃣ 한 발 물러서서 보면 정해진 순서의 값이 unpacking으로 풀어지고 있어요. 다음 변경 전에 순서의 값은 unpacking으로 풀어 주면 한 번에 읽혀요!  2️⃣,1,188,108,80,6862383
452,5,15.05,"[중복되는 사항 common 으로 빼기] : 99.5 점 👍,
[문자열 단순 연결보다는 f-string 사용] : 95.1 점 👍
[파일 단순 읽기/쓰기는 Path 사용] : 93.8 점 👍,
[prefix, suffix 검사 시 startswith(), endswith() 사용] : 83.6 점,
[유사한 변수명 통일] : 18.2 점 🚨, (답변 시작)", 파일을 다시 훑어보니 비슷한 역할의 변수 이름이 제각각이에요. 천천히 같은 개념에는 같은 이름 규칙을 쓰면 읽는 속도가 훨씬 빨라져요! 1. 프로젝트별 키별 조회 2. 같은 개념에는 같은 이름 규칙을 쓰면 읽는 속도가 훨씬 빨라져요! 3. 미래의 나를 위해 같은 역할의 변수 이름은 한 방식으로 맞추면 읽는 속도가 훨씬 빨라져요. 1.,1,179,99,80,6862383
453,5,15.04,"[함수의 인자가 하나로 묶을 수 있는 경우 처리 권장] : 96.3 점 👍,
[고정값 상수화 필요] : 91.9 점 👍,
[동일한 인수 집합을 갖는 함수가 많은 경우 클래스화 고려] : 54.4 점 🚨
[조건문 중첩 대신 any, all 사용] : 7.6 점 🚨,
[한 줄의 길이는 일정 글자 이내로] : 3.1 점 🚨, (답변 시작)", 동작을 쭉 따라가 보니 한 줄이 너무 길게 이어지는 곳이 있어요! 다음 변경 전에 줄을 적당히 나누면 작은 화면에서도 흐름을 놓치지 않아요. 1️⃣ (이 파일은 1.5~2배 길이의 줄을 적당히 나누면 작은 화면에서도 흐름을 놓치지 않아요. 2️⃣ (전체 흐름을 놓고 보면 한 줄이 너무 길게 이어지는 곳이 있어요. 읽는 사람을 위해 줄을 적당히 나누면 작은 화면에서,1,186,106,80,6862383
454,5,14.97,"[상태 값 조건이 있는 if-elif-elif-else 있는 경우 클래스화 고려] : 99.6 점 👍,
[지나치게 많은 들여쓰기 수정] : 94.8 점 👍
[str 단순 += 대신 join 사용] : 77.0 점,
[리스트 컴프리헨션 사용이 가능한 경우 사용] : 69.6 점,
[key=itemgetter(""key"") 사용 권장] : 5.4 점 🚨, (답변 시작)"," 리뷰 메모를 보면 정렬 키를 lambda로 길게 꺼내고 있어요. 다음 배포를 생각하며 딕셔너리 키로 정렬할 때는 itemgetter(""key"")가 더 간결하게 뜻을 전해요. 🧼  1. 가독성에 집중해 보면 조건의 미로가 길게 이어져요. 가볍게 미로가 얕게 만들어지면 조건의 미로가 얕아져요. 2. 테스트하는 마",1,181,101,80,6862383
455,5,15.21,"[중복되는 사항 common 으로 빼기] : 94.4 점 👍,
[매우 간결한 변환은 map 사용] : 93.3 점 👍,
[zip 사용 가능한 경우 사용] : 65.2 점,
[f = lambda x: ... 보다는 def f(x): return ... 를 사용] : 19.1 점 🚨
[조건문 중첩 대신 any, all 사용] : 18.8 점 🚨, (답변 시작)", 파일의 흐름을 따라가 보니 조건문이 여러 겹으로 겹쳐 있어요. 다음 커밋에서 여러 조건의 존재 여부는 any나 all에 맡기면 뜻이 훨씬 또렷해져요. 🧼  1. 작은 개선을 찾다 보니 조건의 존재 여부가 장황하게 전달되고 있어요. 큰 부담 없이 여러 조건의 존재 여부는 any나 all에 맡기면 뜻이 훨씬 ,1,182,102,80,6862383
456,5,14.92,"[f = lambda x: ... 보다는 def f(x): return ... 를 사용] : 94.7 점 👍,
[prefix, suffix 검사 시 startswith(), endswith() 사용] : 94.5 점 👍,
[a = my_list[0], b = my_list[1] ... 대신 unpacking 사용 필요] : 83.8 점,
[지나치게 많은 들여쓰기 수정] : 29.1 점 🚨,
[동일 인자 type 통일] : 10.6 점 🚨 (답변 시작)", 코드의 맥락을 보면 같은 의미의 인수에서 type 표기가 통일되지 않았어요. 의도를 적어 두듯 인수의 type을 한 방식으로 맞추면 호출하는 쪽도 덜 헷갈려요!  1️⃣ 프로젝트를 아끼는 마음으로 보면 같은 의미의 인수에서 type 표기가 통일되지 않았어요. 읽는 사람을 위해 인수의 type을 한 방식으로 맞추면 호출하는 쪽도 덜 헷갈려,1,194,114,80,6862383
457,5,14.86,"[중복되는 사항 common 으로 빼기] : 67.3 점,
[불필요한 print, logging 제거] : 35.6 점 🚨
[정규 표현식 문자열은 r""..."" 권장] : 35.2 점 🚨,
[동일한 인수 집합을 갖는 함수가 많은 경우 클래스화 고려] : 29.7 점 🚨,
[불필요한 변수 생성 대신 defaultdict 권장] : 2.6 점 🚨, (답변 시작)", 수정할 곳을 찾다 보니 키별 초기화를 직접 반복하고 있어요. 테스트를 떠올리며 키별로 값을 모을 때는 defaultdict를 쓰면 분기와 보일러플레이트가 줄어들어요. 1️⃣  다음 커밋에서 키별로 값을 모을 때는 defaultdict를 쓰면 분기와 보일러플레이트가 줄어들어요! 2️⃣  작은 신호를 짚어 보니 키별 초기화를 직접 반복하고 있,1,184,104,80,6862383
458,5,14.92,"[조건문 중첩 대신 any, all 사용] : 95.2 점 👍,
[예외를 삼키는 경우가 없어야 함] : 94.4 점 👍
[함수의 인수를 변경 가능한 default value로 하지 않아야 함] : 93.7 점 👍,
[key=itemgetter(""key"") 사용 권장] : 64.5 점,
[str 단순 += 대신 join 사용] : 49.4 점 🚨, (답변 시작)", 팀원이 처음 본다고 생각하면 문자열을 반복해서 더하고 있어요! 호기심을 갖고 조각을 많이 합칠 때는 join으로 모으면 성능과 의도가 함께 좋아져요. 1. 💫 코드의 표정을 읽어 보니 값을 더해 문자열을 만들고 있어요. 구조를 따라 조각을 많이 합칠 때는 join으로 모으면 성능과 의도가 함께 좋아져요. 2. 💫 작은 개선을 찾다 보니 문자열을 반복해서 더하고 있,1,178,98,80,6862383
459,5,14.88,"[파일 열기, 닫기 시 with open(...) 사용] : 92.8 점 👍,
[불필요한 변수 생성 대신 defaultdict 권장] : 85.3 점,
[함수의 인자가 하나로 묶을 수 있는 경우 처리 권장] : 50.6 점 🚨,
[100 line 이상 함수 분리, docstring 필요] : 18.0 점 🚨
[함수 인수 type hint 필요] : 17.4 점 🚨, (답변 시작)", 파일의 흐름을 따라가 보니 함수 인수의 type hint가 비어 있어요. 천천히 인수에 type hint를 달아 두면 들어오는 데이터가 무엇인지 바로 알 수 있어요. 1️⃣ 코드의 맥락을 보며 우연한 만남이 만든 빈 Promise을 어떻게 활용할지 알려면 type hint가 비어 있어요! 작은 정성으로 인수에 type hint를 달아 두면 들어오는 데이터가 무엇인지 바로 알 수 있어요. ,1,183,103,80,6862383
460,5,14.86,"[함수 docstring, 함수명 의미 일치] : 99.5 점 👍,
[import 순서 준수] : 96.7 점 👍,
[미 사용 변수/함수 제거] : 62.3 점,
[상태 값 조건이 있는 if-elif-elif-else 있는 경우 클래스화 고려] : 16.8 점 🚨
[동일한 인수 집합을 갖는 함수가 많은 경우 클래스화 고려] : 2.5 점 🚨, (답변 시작)", 한 번 더 확인해 보니 같은 설정을 계속 받는 함수가 여러 개예요. 이왕이면 공통 상태를 가진 객체로 묶으면 인자 전달이 가벼워지고 역할도 선명해져요. 1. [한 발 물러서서 보면 같은 설정을 계속 받는 함수가 여러 개예요. 우선 공통 상태를 가진 객체로 묶으면 인자 전달이 가벼워지고 역할도 선명해져요. 1️⃣ 1. [다,1,184,104,80,6862383
461,5,14.91,"[100 line 이상 함수 분리, docstring 필요] : 98.7 점 👍,
[비어 있는 문자열 여부 판단 간소화] : 91.4 점 👍
[리스트 컴프리헨션 사용이 가능한 경우 사용] : 79.1 점,
[언패킹 시 숫자 인덱스 사용하지 말 것 (변수에 바로 할당)] : 73.2 점,
[함수의 인수를 변경 가능한 default value로 하지 않아야 함] : 60.0 점, (답변 시작)", 이번 리뷰에서는 기본 인수에 리스트나 딕셔너리를 넣고 있어요. 🧠 차분하게 리스트나 딕셔너리는 None으로 두고 함수 안에서 만들면 호출 사이에 상태가 섞이지 않아요. 😺  2. 코드의 표정을 읽어 보니 빈 문자열 반복을 줄이고 있어요. 🚀 한 발 먼저 필요한 곳부터 반복을 더 간결하게 쓰면 조건의 미로가 얕아져요,1,186,106,80,6862383
462,5,14.85,"[파일 열기, 닫기 시 with open(...) 사용] : 98.9 점 👍,
[유사한 이름의 함수끼리 가까이 위치하도록 수정 권장] : 97.0 점 👍,
[매우 간결한 변환은 map 사용] : 96.6 점 👍,
[경로를 path/to/file 이 아닌, pathlib 또는 os.path.join 사용] : 81.9 점
[동일한 인수 집합을 갖는 함수가 많은 경우 클래스화 고려] : 66.4 점, (답변 시작)", 이번 리뷰에서는 같은 설정을 계속 받는 함수가 여러 개예요. 한 발 먼저 공통 상태를 가진 객체로 묶으면 인자 전달이 가벼워지고 역할도 선명해져요! 1️⃣ 1. 공통 상태를 가진 객체로 묶으면 인자 전달이 가벼워지고 역할도 선명해져요! 2. 한 발 먼저 공통 상태를 가진 객체로 묶으면 인자 전달이 가벼워지고 역할도,1,190,110,80,6862383
463,5,14.89,"[a = my_list[0], b = my_list[1] ... 대신 unpacking 사용 필요] : 99.4 점 👍,
[함수 인수 type hint 필요] : 93.4 점 👍,
[클래스 내부에서만 쓰이는 속성, 메서드 (접두사 있음) 호출 비 권장] : 90.8 점 👍,
[함수의 인수를 변경 가능한 default value로 하지 않아야 함] : 34.5 점 🚨
[불필요한 변수 생성 대신 defaultdict 권장] : 5.5 점 🚨, (답변 시작)", 이번 리뷰에서는 키별 초기화를 직접 반복하고 있어요. 미래의 나를 위해 키별로 값을 모을 때는 defaultdict를 쓰면 분기와 보일러플레이트가 줄어들어요! 1. 🧼 한 발 물러서서 보면 키별 초기화를 직접 반복하고 있어요. 살짝 키별로 값을 모을 때는 defaultdict를 쓰면 분기와 보일러플레이트가 줄어들어요,1,200,120,80,6862383
464,5,14.88,"[함수명, 반환값 간 일치] : 94.9 점 👍,
[enumerate 사용 가능한 경우 사용] : 87.9 점
[if a.get(""b"") ... 형태로 수정 필요] : 81.3 점,
[zip 사용 가능한 경우 사용] : 67.0 점,
[상태 값 조건이 있는 if-elif-elif-else 있는 경우 클래스화 고려] : 51.8 점 🚨, (답변 시작)", 한 발 물러서서 보면 상태에 따라 갈라지는 조건문이 길게 이어져요. 우선 상태별 동작을 클래스로 나누면 새 상태를 더할 때 기존 조건문을 덜 건드려도 돼요. 1️⃣ 소극적인 상태 확인은 static_cast< }를 알맞게 쓰면 조건의 미로가 얕아져요. 2️⃣ 상태별 동작을 클래스로 나누면 새 상태를 더할 때 기존 ,1,181,101,80,6862383
465,5,14.88,"[함수의 인수를 변경 가능한 default value로 하지 않아야 함] : 91.3 점 👍,
[유사한 이름의 함수끼리 가까이 위치하도록 수정 권장] : 91.2 점 👍,
[itertools.product 사용 가능한 경우 사용] : 82.5 점,
[enumerate 사용 가능한 경우 사용] : 81.7 점
[상태 값 조건이 있는 if-elif-elif-else 있는 경우 클래스화 고려] : 59.4 점 🚨, (답변 시작)", 작은 개선을 찾다 보니 상태에 따라 갈라지는 조건문이 길게 이어져요. 팀과 맞춰 보며 상태별 동작을 클래스로 나누면 새 상태를 더할 때 기존 조건문을 덜 건드려도 돼요!  2. 코드의 표정을 읽어 보니 기본 동작을 벗어나면 조건문이 깊어져요. 이 기회에 공통 상태를 가진 객체로 묶으면 새 조건을 더할 때 기존 조건문을 덜 건,1,189,109,80,6862383
466,5,14.87,"[itertools.product 사용 가능한 경우 사용] : 93.3 점 👍
[고정값 상수화 필요] : 92.4 점 👍,
[의미 있는 함수명, 변수명 사용] : 80.6 점,
[str 단순 += 대신 join 사용] : 63.3 점,
[a = my_list[0], b = my_list[1] ... 대신 unpacking 사용 필요] : 41.1 점 🚨, (답변 시작)", 개발자 입장에서 보면 목록의 원소를 하나씩 꺼내고 있어요. 읽는 사람을 위해 정해진 순서의 값은 unpacking으로 풀어 주면 한 번에 읽혀요! 🎈  1️⃣ 한 발 물러서서 보면 목록의 원소를 하나씩 꺼내고 있어요. 다음 변경 전에 정해진 순서의 값은 unpacking으로 풀어 주면 한 번에 읽혀요.  2️⃣ 한 번 더 확인해,1,182,102,80,6862383
467,5,14.9,"[조건문 중첩 대신 any, all 사용] : 95.4 점 👍
[비어 있는 문자열 여부 판단 간소화] : 91.1 점 👍,
[유사한 변수명 통일] : 79.7 점,
[prefix, suffix 검사 시 startswith(), endswith() 사용] : 74.5 점,
[assertion을 제어 메커니즘으로 사용하면 안됨] : 28.2 점 🚨, (답변 시작)", 천천히 살펴보면 assert가 실행 흐름을 대신하고 있어요! 이번 수정에서는 검증이 필요한 분기는 명시적인 예외 처리로 바꾸어야 배포 환경에서도 안전해요! 🧼  28.2 조문맥을 확인하며 검증이 필요한 분기는 명시적인 예외 처리로 바꾸어야 배포 환경에서도 안전해요!  🍀  1. 코드 산책을 하다 보니 조건의 미,1,178,98,80,6862383
468,5,14.86,"[a = my_list[0], b = my_list[1] ... 대신 unpacking 사용 필요] : 97.4 점 👍,
[if-elif-elif-else 구문은 되도록 dict로 수정] : 95.3 점 👍,
[리스트 컴프리헨션 사용이 가능한 경우 사용] : 81.2 점
[지나치게 많은 들여쓰기 수정] : 75.1 점,
[동일한 인수 집합을 갖는 함수가 많은 경우 클래스화 고려] : 7.5 점 🚨, (답변 시작)", 한 번 더 확인해 보니 같은 설정을 계속 받는 함수가 여러 개예요. 이왕이면 공통 상태를 가진 객체로 묶으면 인자 전달이 가벼워지고 역할도 선명해져요. 😺  1. 한 번 더 확인해 보니 같은 설정을 계속 받는 함수가 여러 개예요. 한 호흡 쉬고 공통 상태를 가진 객체로 묶으면 인자 전달이 가벼워지고 역할도 선명해져,1,197,117,80,6862383
469,5,14.29,"[빈도수, 반복문, 경로명 리스트 추출 시 collections, itertools, glob 사용] : 96.2 점 👍,
[제너레이터 표현식 사용이 가능한 경우 사용] : 95.9 점 👍,
[prefix, suffix 검사 시 startswith(), endswith() 사용] : 91.3 점 👍,
[주석 처리된 코드 제거] : 84.1 점,
[상태 값 조건이 있는 if-elif-elif-else 있는 경우 클래스화 고려] : 82.5 점 (답변 시작)", 차분히 검토해 보니 상태에 따라 갈라지는 조건문이 길게 이어져요. 한 발 먼저 상태별 동작을 클래스로 나누면 새 상태를 더할 때 기존 조건문을 덜 건드려도 돼요!  1️⃣ 현재 흐름에서는 상태에 따라 갈라지는 조건문이 길게 이어져요. 한 줄씩 상태별 동작을 클래스로 나누면 새 상태를 더할 때 기존 조건문을 덜 건,1,196,116,80,6862383
470,5,14.29,"[함수의 인자가 유동적인 경우 처리 권장] : 91.2 점 👍,
[zip 사용 가능한 경우 사용] : 50.0 점 🚨,
[100 line 이상 함수 분리, docstring 필요] : 47.1 점 🚨,
[상태 값 조건이 있는 if-elif-elif-else 있는 경우 클래스화 고려] : 13.1 점 🚨
[동일 인자 type 통일] : 12.5 점 🚨, (답변 시작)", 한 발 물러서서 보면 같은 의미의 인수에서 type 표기가 통일되지 않았어요. 기분 좋게 인수의 type을 한 방식으로 맞추면 호출하는 쪽도 덜 헷갈려요!  1️⃣ 코드의 맥락을 보며 가장 알맞은 type을 골라 보세요. 2️⃣ 프로젝트를 아끼는 마음으로 인수의 type을 한 방식으로 맞추면 호출하는 쪽도 덜 헷갈려요!  1️⃣ 코드의 ,1,185,105,80,6862383
471,5,14.29,"[비어 있는 문자열 여부 판단 간소화] : 98.2 점 👍,
[key=itemgetter(""key"") 사용 권장] : 94.4 점 👍,
[if-elif-elif-else 구문은 되도록 dict로 수정] : 21.6 점 🚨
[파일 단순 읽기/쓰기는 Path 사용] : 11.5 점 🚨,
[동일 인자 type 통일] : 8.0 점 🚨, (답변 시작)", 작은 개선을 찾다 보니 같은 의미의 인수에서 type 표기가 통일되지 않았어요. 과감하게 인수의 type을 한 방식으로 맞추면 호출하는 쪽도 덜 헷갈려요!  1️⃣ 코드의 맥락을 보며 가장 흔한 type을 따라가면 인수의 type 표기가 통일되지 않았어요. 읽는 사람을 위해 인수의 type을 한 방식으로 맞추면 호출하는 쪽도 덜 헷갈려,1,181,101,80,6862383
472,5,14.24,"[조건문 중첩 대신 any, all 사용] : 97.2 점 👍,
[클래스 내부에서만 쓰이는 속성, 메서드 (접두사 있음) 호출 비 권장] : 83.8 점,
[함수 인수 type hint 필요] : 77.5 점
[import 순서 준수] : 72.0 점,
[if-elif-elif-else 구문은 되도록 dict로 수정] : 24.8 점 🚨, (답변 시작)", 한 발 물러서서 보면 조건 분기가 길게 늘어진 곳이 있어요. 미래의 나를 위해 값에 따른 선택이라면 dict 매핑으로 바꾸어 분기표를 단순하게 만들어 보세요. 🙌  1️⃣ 한 발 물러서서 보면 조건 분기가 길게 늘어진 곳이 있어요. 미래의 나를 위해 값에 따른 선택이라면 dict 매핑으로 바꾸어 분기표를 단순하게 만들어 보세요. 🙌  1️⃣ 한 발 물,1,182,102,80,6862383
473,5,14.87,"[불필요한 변수 생성 대신 defaultdict 권장] : 99.5 점 👍,
[리스트 컴프리헨션 사용이 가능한 경우 사용] : 97.8 점 👍
[미 사용 변수/함수 제거] : 96.0 점 👍,
[assertion을 제어 메커니즘으로 사용하면 안됨] : 92.6 점 👍,
[제너레이터 표현식 사용이 가능한 경우 사용] : 74.2 점, (답변 시작)", 테스트하는 마음으로 보면 한 번만 쓸 중간 목록이 만들어지고 있어요. 🔍 한 호흡 쉬고 한 번만 순회한다면 제너레이터 표현식으로 메모리를 아껴 볼 만해요. 1️⃣ 🧩 1회성 목록은 한 번만 순회한다면 제너레이터 표현식으로 메모리를 아껴 볼 만해요. 2️⃣ 🛠️ 1회성 목록은 한 번만 순회,1,177,97,80,6862383
474,5,14.89,"[문자열 단순 연결보다는 f-string 사용] : 93.5 점 👍,
[매우 간결한 변환은 map 사용] : 91.8 점 👍,
[함수의 인수를 변경 가능한 default value로 하지 않아야 함] : 47.6 점 🚨,
[README.md, pyproject.toml 필요] : 36.9 점 🚨
[파일 단순 읽기/쓰기는 Path 사용] : 13.9 점 🚨, (답변 시작)", 다음 커밋을 생각해 보면 간단한 파일 작업이 장황하게 처리되고 있어요. 기분 좋게 Path의 읽기와 쓰기 메서드를 쓰면 파일 작업이 짧고 단단해져요. 1️⃣ 기본 파일 작업이 장황하게 처리되고 있어요. 작은 단계로 Path의 읽기와 쓰기 메서드를 쓰면 파일 작업이 짧고 단단해져요! 1️⃣ 필요한 곳부터 Path의 읽기와 쓰기 메서드를 쓰면 파일 작업이 ,1,183,103,80,6862383
475,5,14.89,"[문자열 단순 연결보다는 f-string 사용] : 96.4 점 👍,
[zip 사용 가능한 경우 사용] : 93.4 점 👍,
[유사한 변수명 통일] : 90.9 점 👍
[기존 배열의 원소 추가 대신 extend 함수 사용] : 90.6 점 👍,
[경로를 path/to/file 이 아닌, pathlib 또는 os.path.join 사용] : 43.0 점 🚨, (답변 시작)", 협업 관점에서 보면 파일 경로를 문자열로 이어 붙이고 있어요. 필요한 곳부터 pathlib이나 os.path.join으로 경로를 조립하면 운영체제가 달라도 안전해요! 1. 경로 조립을 문자열로 이어 붙이고 있어요. 읽는 사람을 위해 pathlib이나 os.path.join으로 경로를 조립하면 운영체제가 달라도 안전해요! 2. 경로가 조립되고 있어요. 필요한 곳부터 pathlib이나 os.path.join으로,1,179,99,80,6862383
476,5,14.91,"[예외를 삼키는 경우가 없어야 함] : 97.9 점 👍,
[정규 표현식 문자열은 r""..."" 권장] : 96.9 점 👍,
[zip 사용 가능한 경우 사용] : 91.3 점 👍
[str 단순 += 대신 join 사용] : 81.9 점,
[중복되는 사항 common 으로 빼기] : 60.8 점, (답변 시작)", 다시 살펴보니 같은 처리가 여러 곳에서 반복되고 있어요! 프로젝트를 아끼는 마음으로 공통 동작을 한곳으로 모으면 수정할 때 놓칠 구석이 줄어요. ✨  2. 협업 관점에서 보면 같은 처리가 여러 곳에서 반복되고 있어요. 🧼 한 발 먼저 공통 동작을 한곳으로 모으면 수정할 때 놓칠 구석이 줄어요!  3. 리뷰 메모를 따라가면 같은 처리가 여러 곳에서,1,171,91,80,6862383
477,5,14.85,"[지나치게 많은 들여쓰기 수정] : 99.0 점 👍
[매우 간결한 변환은 map 사용] : 81.8 점,
[불필요한 print, logging 제거] : 70.8 점,
[비어 있는 문자열 여부 판단 간소화] : 51.0 점 🚨,
[동일 인자 type 통일] : 21.9 점 🚨, (답변 시작)", 리팩터링 관점에서는 같은 의미의 인수에서 type 표기가 통일되지 않았어요! 기분 좋게 인수의 type을 한 방식으로 맞추면 호출하는 쪽도 덜 헷갈려요! 21.9 리팩터링 관점에서는 같은 의미의 인수에서 type 표기가 통일되지 않았어요! 작은 정성으로 인수의 type을 한 방식으로 맞추면 호출하는 쪽도 덜 헷갈려,1,169,89,80,6862383
478,5,14.87,"[지나치게 많은 들여쓰기 수정] : 97.4 점 👍
[Python 예약어를 변수명으로 사용하지 않아야 함] : 90.7 점 👍,
[비어 있는 문자열 여부 판단 간소화] : 48.3 점 🚨,
[if-elif-elif-else 구문은 되도록 dict로 수정] : 24.4 점 🚨,
[기존 배열의 원소 추가 대신 extend 함수 사용] : 24.4 점 🚨, (답변 시작)", 차분히 검토해 보니 목록 원소를 하나씩 추가하고 있어요. 😉 작은 단계로 여러 값을 더할 때는 extend를 쓰면 의도가 정확히 전달돼요. 1️⃣ 📌  작은 개선을 찾다 보니 같은 처리가 여러 곳에서 반복되고 있어요. 한 줄씩 공통 동작을 한곳으로 모으면 수정할 때 놓칠 구석이 줄어요. 2️⃣ 📌  리뷰 메모를 따라가다 보니 같은 수정이 여러 곳에서,1,184,104,80,6862383
479,5,14.87,"[assertion을 제어 메커니즘으로 사용하면 안됨] : 99.3 점 👍,
[함수명, 반환값 간 일치] : 90.6 점 👍,
[제너레이터 표현식 사용이 가능한 경우 사용] : 81.1 점,
[비어 있는 문자열 여부 판단 간소화] : 75.8 점,
[zip 사용 가능한 경우 사용] : 32.3 점 🚨 (답변 시작)", 이번 리뷰에서는 두 목록을 인덱스로 따로 읽고 있어요. 필요한 곳부터 나란히 읽는 값들은 zip으로 묶어 주면 인덱스 실수를 막을 수 있어요! 🎈  1️⃣ 코드의 결을 살펴보면 두 리스트를 인덱스로 따로 읽고 있어요. 리뷰 메모를 따라 나란히 읽는 값들은 zip으로 묶어 주면 인덱스 실수를 막을 수 있어요! 1️⃣ 32.3 필요한 곳부터 나란히 읽는 ,1,173,93,80,6862383
480,5,14.86,"[숫자 값은 위쪽에 상수로] : 97.0 점 👍,
[if-elif-elif-else 구문은 되도록 dict로 수정] : 93.0 점 👍,
[고정값 상수화 필요] : 74.9 점
[문자열 단순 연결보다는 f-string 사용] : 32.0 점 🚨,
[빈도수, 반복문, 경로명 리스트 추출 시 collections, itertools, glob 사용] : 6.0 점 🚨, (답변 시작)", 리뷰 메모를 보면 표준 라이브러리로 줄일 수 있는 반복이 보여요. 🎯 가능한 범위에서 빈도에는 collections를 반복 조합에는 itertools를 경로 모으기에는 glob을 쓰면 표준 도구의 힘을 빌릴 수 있어요! 1. 🧼 표준 도구의 힘을 빌리면 코드 결을 살펴보면 표준 라이브러리로 줄일 수 있는 반복이 보여요. 🎯 다음 커밋에서 빈도에는 co,1,188,108,80,6862383
481,5,14.9,"[숫자 값은 위쪽에 상수로] : 98.5 점 👍,
[고정값 상수화 필요] : 82.2 점,
[예외의 종류 (OOOError 등) 구체적 명시 권장] : 68.6 점,
[기존 배열의 원소 추가 대신 extend 함수 사용] : 63.4 점,
[100 line 이상 함수 분리, docstring 필요] : 12.6 점 🚨 (답변 시작)", 동작을 쭉 따라가 보니 하나의 함수가 너무 많은 일을 하고 있어요. 🔍 한 발 먼저 책임별로 나누고 docstring을 붙이면 테스트와 수정이 한결 수월해져요! 12.6 점 🧼 1️⃣ 책임별로 나누고 docstring을 붙이면 테스트와 수정이 한결 수월해져요! 🔍 12.6 점 🧼 1️⃣ 책임별로 나누고 docstring을,1,174,94,80,6862383
482,5,14.84,"[동일한 인수 집합을 갖는 함수가 많은 경우 클래스화 고려] : 95.3 점 👍,
[동일 인자 type 통일] : 90.6 점 👍,
[함수의 인자가 유동적인 경우 처리 권장] : 64.1 점
[if-elif-elif-else 구문은 되도록 dict로 수정] : 35.4 점 🚨,
[개수 세기에 count 함수 사용] : 18.4 점 🚨, (답변 시작)", 작은 개선을 찾다 보니 값의 개수를 세려고 직접 순회하고 있어요. 테스트를 떠올리며 단순한 횟수 확인은 count에 맡기면 코드가 짧고 분명해져요. 😉  1️⃣ 인수의 사전 검사 1️⃣ 인수에 리스트나 딕셔너리를 넣고 있어요. 🔍 한 발 먼저 리스트나 딕셔너리는 None으로 두고 함수 안에서 만들면 호출 사이에 상태가 섞이지 않아,1,185,105,80,6862383
483,5,14.87,"[조건문 중첩 대신 any, all 사용] : 97.2 점 👍,
[불필요한 print, logging 제거] : 95.5 점 👍
[100 line 이상 함수 분리, docstring 필요] : 90.6 점 👍,
[파일 열기, 닫기 시 with open(...) 사용] : 90.3 점 👍,
[매우 간결한 변환은 map 사용] : 33.5 점 🚨, (답변 시작)", 작은 개선을 찾다 보니 한 번만 쓸 변환이 장황하게 처리되고 있어요. 기분 좋게 변환 규칙이 단순하면 map으로 핵심 연산을 또렷하게 표현할 수 있어요! 1. 🐣 코드의 맥락을 보며 번역가가 되어 보세요. 2. 🚀 한 번 더 확인해 보니 간단한 재배치를 긴 반복문으로 풀고 있어요. 다음 커밋에서 변환 규칙이 단순하면,1,179,99,80,6862383
484,5,14.89,"[유사한 이름의 함수끼리 가까이 위치하도록 수정 권장] : 99.3 점 👍,
[enumerate 사용 가능한 경우 사용] : 74.2 점,
[한 줄의 길이는 일정 글자 이내로] : 43.2 점 🚨
[함수의 인수를 변경 가능한 default value로 하지 않아야 함] : 39.9 점 🚨,
[중복되는 사항 common 으로 빼기] : 35.0 점 🚨, (답변 시작)", 파일을 다시 훑어보니 같은 처리가 여러 곳에서 반복되고 있어요. 프로젝트를 아끼는 마음으로 공통 동작을 한곳으로 모으면 수정할 때 놓칠 구석이 줄어요. ✨  1️⃣ 한 발 먼저 반복을 덜어 줄 위치를 찾다 보니 같은 처리가 여러 곳에 흩어져 있어요. 🔍 한 호흡 쉬고 공통 동작을 한곳으로 모으면 수정할 때 놓칠 구석이 줄어,1,184,104,80,6862383
485,5,14.91,"[동일한 인수 집합을 갖는 함수가 많은 경우 클래스화 고려] : 98.5 점 👍
[함수의 인수를 변경 가능한 default value로 하지 않아야 함] : 96.2 점 👍,
[빈 파일 TODO 표시 필요] : 66.0 점,
[리스트 컴프리헨션 사용이 가능한 경우 사용] : 44.2 점 🚨,
[기존 배열의 원소 추가 대신 extend 함수 사용] : 37.0 점 🚨, (답변 시작)", 리팩터링 관점에서는 목록 원소를 하나씩 추가하고 있어요. 🧠 큰 부담 없이 여러 값을 더할 때는 extend를 쓰면 의도가 정확히 전달돼요!  1. 파일을 다시 훑어보니 기본 인수에 리스트나 딕셔너리를 넣고 있어요. 천천히 여러 값을 더할 때는 unpacking이나 반복을 쓰면 의도가 정확히 전달돼요.  2. 작은 개선을 찾다 보니 같은 설정을 ,1,186,106,80,6862383
486,5,14.85,"[f = lambda x: ... 보다는 def f(x): return ... 를 사용] : 96.2 점 👍
[함수의 인자가 하나로 묶을 수 있는 경우 처리 권장] : 96.1 점 👍,
[key=itemgetter(""key"") 사용 권장] : 90.2 점 👍,
[고정값 상수화 필요] : 31.5 점 🚨,
[함수의 인수를 변경 가능한 default value로 하지 않아야 함] : 9.5 점 🚨, (답변 시작)", 다음 커밋을 생각해 보면 기본 인수에 리스트나 딕셔너리를 넣고 있어요. 이 기회에 리스트나 딕셔너리는 None으로 두고 함수 안에서 만들면 호출 사이에 상태가 섞이지 않아요! 🚀  2. 가독성에 집중해 보면 기본 인수에 리스트나 딕셔너리를 넣고 있어요. 이 기회에 리스트나 딕셔너리는 None으로 두고 함수 안에서 만들면 호출 사이에 상태가 섞이지 않아요. 3. ,1,191,111,80,6862383
487,5,14.87,"[함수의 인자가 하나로 묶을 수 있는 경우 처리 권장] : 97.7 점 👍
[상태 값 조건이 있는 if-elif-elif-else 있는 경우 클래스화 고려] : 91.8 점 👍,
[함수 docstring, 함수명 의미 일치] : 90.5 점 👍,
[불필요한 변수 생성 대신 defaultdict 권장] : 69.2 점,
[인덱스 반환에 index 함수 사용] : 68.5 점, (답변 시작)", 작은 개선을 찾다 보니 위치를 찾기 위해 직접 반복하고 있어요. 테스트를 떠올리며 첫 위치가 필요할 때는 index를 쓰면 목적이 바로 보입니다. 1. 🧩 작은 신호를 짚어 보니 위치를 찾기 위해 직접 반복하고 있어요. 테스트를 떠올리며 첫 위치가 필요할 때는 index를 쓰면 목적이 바로 보입니다. 2. 🧩 6개월 동안 보지 못한 눈이 다시 뜨네요.,1,186,106,80,6862383
488,5,14.91,"[함수 docstring, 함수명 의미 일치] : 96.7 점 👍,
[동일한 인수 집합을 갖는 함수가 많은 경우 클래스화 고려] : 94.7 점 👍,
[미 사용 변수/함수 제거] : 62.1 점,
[100 line 이상 함수 분리, docstring 필요] : 22.9 점 🚨,
[지나치게 많은 들여쓰기 수정] : 18.8 점 🚨 (답변 시작)", 가독성에 집중해 보면 들여쓰기 단계가 깊어 흐름을 따라가기 어려워요. 가능한 범위에서 작은 함수로 쪼개거나 빠른 반환을 쓰면 조건의 미로가 얕아져요! 1️⃣ 1.5배速의 함수로 쪼개면 조건의 미로가 얕아져요. 2️⃣ 한 발 먼저 빠른 반환을 쓰면 조건의 미로가 얕아져요!,1,178,98,80,6862383
489,5,14.86,"[예외를 삼키는 경우가 없어야 함] : 98.9 점 👍,
[100 line 이상 함수 분리, docstring 필요] : 97.6 점 👍,
[a = my_list[0], b = my_list[1] ... 대신 unpacking 사용 필요] : 94.4 점 👍,
[예외의 종류 (OOOError 등) 구체적 명시 권장] : 93.7 점 👍
[파일 단순 읽기/쓰기는 Path 사용] : 84.4 점, (답변 시작)", 이번 리뷰에서는 간단한 파일 작업이 장황하게 처리되고 있어요. 필요한 곳부터 Path의 읽기와 쓰기 메서드를 쓰면 파일 작업이 짧고 단단해져요. 1. 🧩 가능한 범위에서 보면 간단한 파일 작업이 장황하게 처리되고 있어요. 한 번에 Path의 읽기와 쓰기 메서드를 쓰면 파일 작업이 짧고 단단해져요. 2. 🔍  한 발 물러서서 보면 간,1,191,111,80,6862383
490,5,14.88,"[경로를 path/to/file 이 아닌, pathlib 또는 os.path.join 사용] : 94.0 점 👍,
[함수 docstring, 함수명 의미 일치] : 83.6 점,
[if a.get(""b"") ... 형태로 수정 필요] : 72.7 점
[prefix, suffix 검사 시 startswith(), endswith() 사용] : 62.9 점,
[str 단순 += 대신 join 사용] : 60.6 점, (답변 시작)", 현재 흐름에서는 문자열을 반복해서 더하고 있어요. 팀과 맞춰 보며 조각을 많이 합칠 때는 join으로 모으면 성능과 의도가 함께 좋아져요! 💫  5. 경로의 맥락을 보면 문자열을 반복해서 더하고 있어요. 팀과 맞춰 보며 조각을 많이 합칠 때는 join으로 모으면 성능과 의도가 함께 좋아져요! 💫  6. 전체 경로를 놓고 보면 파일을 다시 ,1,183,103,80,6862383
491,5,14.88,"[미 사용 변수/함수 제거] : 94.8 점 👍,
[유사한 이름의 함수끼리 가까이 위치하도록 수정 권장] : 86.6 점,
[a = my_list[0], b = my_list[1] ... 대신 unpacking 사용 필요] : 23.8 점 🚨
[고정값 상수화 필요] : 22.7 점 🚨,
[str 단순 += 대신 join 사용] : 2.4 점 🚨, (답변 시작)", 파일을 다시 훑어보니 문자열을 반복해서 더하고 있어요. 가능하다면 조각을 많이 합칠 때는 join으로 모으면 성능과 의도가 함께 좋아져요. 🐣 2.5 점 💡 한 발 물러서서 보면 로직을 따라가면 고정되어 있는 값이 여러 곳에 흩어져 있어요. 지금 바로 의미 있는 상수 이름으로 꺼내 두면 정책을 바꿀 때 한 번에 손볼 수 있어요,1,186,106,80,6862383
492,5,14.9,"[함수의 인자가 유동적인 경우 처리 권장] : 92.8 점 👍,
[enumerate 사용 가능한 경우 사용] : 90.8 점 👍,
[정규 표현식 문자열은 r""..."" 권장] : 90.6 점 👍,
[if a.get(""b"") ... 형태로 수정 필요] : 15.9 점 🚨
[의미 있는 함수명, 변수명 사용] : 8.7 점 🚨, (답변 시작)", 차분히 검토해 보니 역할을 짐작하기 어려운 함수나 변수 이름이 보여요. 한 호흡 쉬고 무엇을 하는지 드러나는 이름으로 바꾸면 설명서 없이도 코드가 읽혀요. 1️⃣ 차분히 검토해 보니 역할을 짐작하기 어려운 함수나 변수 이름이 보여요. 한 호흡 쉬고 무엇을 하는지 드러나는 이름으로 바꾸면 설명서 없이도 코드가 읽혀요. 2️⃣ 테스트하는 마음으로 보면 너무 뻔한 함,1,183,103,80,6862383
493,5,14.9,"[함수 docstring, 함수명 의미 일치] : 98.1 점 👍,
[유사한 이름의 함수끼리 가까이 위치하도록 수정 권장] : 90.8 점 👍,
[비어 있는 문자열 여부 판단 간소화] : 83.5 점,
[유사한 변수명 통일] : 64.7 점
[itertools.product 사용 가능한 경우 사용] : 18.9 점 🚨, (답변 시작)", 코드의 표정을 읽어 보니 조합을 만들려고 중첩 반복문을 쓰고 있어요. 💫 안전하게 모든 조합이 필요할 때는 itertools.product로 의도를 또렷하게 드러내요! 🎯  1️⃣ 코드의 표정을 읽어 보니 조합을 만들려고 중첩 반복문을 쓰고 있어요. 💫 안전하게 모든 조합이 필요할 때는 itertools.product로 의도를 또렷하게 드러내요! 🎯  1️⃣ 코드의 표정을 읽어 보니 조합,1,174,94,80,6862383
494,5,14.86,"[미 사용 변수/함수 제거] : 95.3 점 👍,
[함수 docstring, 함수명 의미 일치] : 74.4 점,
[유사한 이름의 함수끼리 가까이 위치하도록 수정 권장] : 67.6 점,
[중복되는 사항 common 으로 빼기] : 50.3 점 🚨
[숫자 값은 위쪽에 상수로] : 13.4 점 🚨, (답변 시작)", 한 번 더 확인해 보니 로직 사이에 매직 넘버가 숨어 있어요. 한 발 먼저 매직 넘버를 파일 위쪽의 상수로 올리면 숫자가 왜 필요한지 바로 보여요! 1️⃣  13.4 위쪽의 상수로 올리면 숫자가 왜 필요한지 바로 보여요! 2️⃣  1. 코드의 표정을 읽어 보니 로직 사이에 매직 넘버가 숨어 있어요. 📌 한 호흡 ,1,176,96,80,6862383
495,5,14.85,"[함수의 인자가 유동적인 경우 처리 권장] : 67.5 점,
[인덱스 반환에 index 함수 사용] : 39.2 점 🚨,
[지나치게 많은 들여쓰기 수정] : 38.7 점 🚨,
[zip 사용 가능한 경우 사용] : 32.3 점 🚨,
[숫자 값은 위쪽에 상수로] : 25.5 점 🚨 (답변 시작)", 리팩터링 관점에서는 로직 사이에 매직 넘버가 숨어 있어요. 살짝 매직 넘버를 파일 위쪽의 상수로 올리면 숫자가 왜 필요한지 바로 보여요! 🛠️  1. 가독성에 집중해 보면 로직 사이에 매직 넘버가 숨어 있어요. 가능한 범위에서 매직 넘버를 파일 위쪽의 상수로 올리면 숫자가 왜 필요한지 바로 보여요!  2. 테스트하는 마,1,174,94,80,6862383
496,5,14.89,"[지나치게 많은 들여쓰기 수정] : 94.1 점 👍,
[언패킹 시 숫자 인덱스 사용하지 말 것 (변수에 바로 할당)] : 92.2 점 👍,
[빈도수, 반복문, 경로명 리스트 추출 시 collections, itertools, glob 사용] : 74.6 점,
[유사한 변수명 통일] : 59.0 점 🚨,
[비어 있는 문자열 여부 판단 간소화] : 42.5 점 🚨 (답변 시작)", 조금 거리를 두고 읽어 보면 빈 문자열 검사식이 불필요하게 길어요. 미래의 나를 위해 파이썬다운 조건 검사로 바꾸면 조건식이 가볍게 읽혀요! 1️⃣ 조건의 맥락을 보며 읽으면 조건식이 불필요하게 길어요. 미래의 나를 위해 파이썬다운 조건 검사로 바꾸면 조건식이 가볍게 읽혀요! 📌 1. 파일의 흐름을 따라가면 조건식이 불필요하게 길어요. ,1,188,108,80,6862383
497,5,14.98,"[key=itemgetter(""key"") 사용 권장] : 90.0 점 👍,
[주석 처리된 코드 제거] : 68.5 점,
[if-elif-elif-else 구문은 되도록 dict로 수정] : 68.4 점
[조건문 중첩 대신 any, all 사용] : 2.9 점 🚨,
[상태 값 조건이 있는 if-elif-elif-else 있는 경우 클래스화 고려] : 1.8 점 🚨, (답변 시작)", 개발자 입장에서 보면 상태에 따라 갈라지는 조건문이 길게 이어져요! 한 줄씩 상태별 동작을 클래스로 나누면 새 상태를 더할 때 기존 조건문을 덜 건드려도 돼요. 1.9 점 🙌  1️⃣ 코드 산책을 하다 보니 상태에 따라 갈라지는 조건문이 길게 이어져요! 미래의 나를 위해 상태별 동작을 클래스로 나누면 새 상태를 더할 때 기존,1,189,109,80,6862383
498,5,14.86,"[Python 예약어를 변수명으로 사용하지 않아야 함] : 92.3 점 👍,
[예외의 종류 (OOOError 등) 구체적 명시 권장] : 91.5 점 👍,
[매우 간결한 변환은 map 사용] : 87.2 점,
[언패킹 시 숫자 인덱스 사용하지 말 것 (변수에 바로 할당)] : 59.4 점 🚨
[함수명, 반환값 간 일치] : 55.7 점 🚨, (답변 시작)", 한 발 물러서서 보면 함수 이름과 반환값의 약속이 어긋나는 곳이 있어요! 한 번에 반환하는 값을 이름에 맞추면 호출부에서 예상이 빗나가지 않아요. 🌈  1. 예약어 대신 역할을 담은 다른 이름을 쓰면 문법 오류를 피할 수 있어요. 2. 읽는 사람의 눈으로 보면 함수 이름과 반환값의 약속이 어긋나는 곳이 있어요. 가볍게 반환하는 값을 이름에 맞추면 호출부,1,187,107,80,6862383
499,5,14.86,"[if a.get(""b"") ... 형태로 수정 필요] : 98.2 점 👍
[유사한 변수명 통일] : 96.2 점 👍,
[언패킹 시 숫자 인덱스 사용하지 말 것 (변수에 바로 할당)] : 95.5 점 👍,
[상태 값 조건이 있는 if-elif-elif-else 있는 경우 클래스화 고려] : 68.8 점,
[함수 docstring, 함수명 의미 일치] : 22.8 점 🚨, (답변 시작)", 차분히 검토해 보니 docstring과 함수 동작이 서로 다르게 읽혀요. 필요한 곳부터 docstring과 함수가 약속한 역할을 맞추면 다음 사람이 안심하고 호출할 수 있어요. 🧼  1. 다음 커밋에서 docstring과 함수가 약속한 역할을 맞추면 다음 사람이 안심하고 호출할 수 있어요! 🧼 2. 다시 살펴보니 docstring과 함수 동작이 서로 다르게 읽혀요. 필요한 곳부터 docst,1,191,111,80,6862383
500,final_inference,44.84,"[주석 처리된 코드 제거] : 98.8 점 👍,
[import 순서 준수] : 76.1 점,
[enumerate 사용 가능한 경우 사용] : 75.6 점,
[불필요한 print, logging 제거] : 61.0 점,
[매우 간결한 변환은 map 사용] : 27.3 점 🚨 (답변 시작)", 이번 리뷰에서는 아주 단순한 변환을 긴 반복문으로 풀고 있어요. 작은 정성으로 변환 규칙이 단순하면 map으로 핵심 연산을 또렷하게 표현할 수 있어요. 1️⃣  이번 리뷰에서는 아주 단순한 변환을 긴 반복문으로 풀고 있어요. 작은 정성으로 변환 규칙이 단순하면 map으로 핵심 연산을 또렷하게 표현할 수 있어요.  📌  1️⃣ 코드의 맥락을 ,1,164,84,80,13074572
501,final_inference,45.12,"[상태 값 조건이 있는 if-elif-elif-else 있는 경우 클래스화 고려] : 93.4 점 👍
[파일 열기, 닫기 시 with open(...) 사용] : 92.7 점 👍,
[유사한 변수명 통일] : 90.7 점 👍,
[매우 간결한 변환은 map 사용] : 34.8 점 🚨,
[README.md, pyproject.toml 필요] : 31.6 점 🚨, (답변 시작)", 이번 리뷰에서는 시작 방법을 알려 줄 README.md와 pyproject.toml이 필요해 보여요! 프로젝트를 아끼는 마음으로 설치 방법과 실행 환경을 적어 두면 처음 온 사람도 바로 출발할 수 있어요. 🌈  1️⃣ 천천히 살펴보면 시작 방법을 알려 줄 README.md와 pyproject.toml이 필요해 보여요. 🎯 가능한 범위에서 설치 방법과 실행 환경을 적어 두면 처음 온 사람도 바로 출발할,1,186,106,80,13074572
502,final_inference,45.11,"[의미 있는 함수명, 변수명 사용] : 98.9 점 👍,
[prefix, suffix 검사 시 startswith(), endswith() 사용] : 97.2 점 👍,
[if-elif-elif-else 구문은 되도록 dict로 수정] : 72.2 점,
[미 사용 변수/함수 제거] : 31.2 점 🚨,
[동일한 인수 집합을 갖는 함수가 많은 경우 클래스화 고려] : 23.2 점 🚨 (답변 시작)", 작은 개선을 찾다 보니 같은 설정을 계속 받는 함수가 여러 개예요. 리뷰 메모를 따라 공통 상태를 가진 객체로 묶으면 인자 전달이 가벼워지고 역할도 선명해져요! 1. 프로젝트 맥락 확인 📝 2. 공통 상태를 가진 객체로 묶으면 인자 전달이 가벼워지고 역할도 선명해져요! 3. 리뷰 메모를 따라가면 같은 설정을 계속 받는 함수,1,190,110,80,13074572
503,final_inference,44.96,"[문자열 단순 연결보다는 f-string 사용] : 97.4 점 👍,
[함수의 인자가 유동적인 경우 처리 권장] : 83.8 점
[유사한 이름의 함수끼리 가까이 위치하도록 수정 권장] : 68.4 점,
[매우 간결한 변환은 map 사용] : 68.1 점,
[enumerate 사용 가능한 경우 사용] : 36.0 점 🚨, (답변 시작)", 파일의 흐름을 따라가 보니 반복문에서 번호를 직접 관리하고 있어요. 조금만 시간을 내서 순서와 값을 함께 쓸 때는 enumerate가 더 자연스럽고 안전해요. 🧩  1️⃣ 1~25까지의 순서와 값을 함께 쓸 때는 enumerate가 더 자연스럽고 안전해요! 2️⃣ 변환 규칙이 단순하지만 미로가 만들어질 때는 enumerate가 더 안전해,1,176,96,80,13074572
504,final_inference,45.04,"[itertools.product 사용 가능한 경우 사용] : 92.3 점 👍,
[README.md, pyproject.toml 필요] : 90.9 점 👍,
[함수 인수 type hint 필요] : 90.4 점 👍
[중복되는 사항 common 으로 빼기] : 88.9 점,
[str 단순 += 대신 join 사용] : 87.7 점, (답변 시작)", 다시 살펴보니 문자열을 반복해서 더하고 있어요. 과감하게 조각을 많이 합칠 때는 join으로 모으면 성능과 의도가 함께 좋아져요! 🌈  1. 다시 합칠 때는 join으로 모으면 성능과 의도가 함께 좋아져요. 2. 다시 합칠 때는 join으로 모으면 성능과 의도가 함께 좋아져요. 3. 다시 합칠 때는 join으로 모으면 성능과 의도가 함,1,169,89,80,13074572
505,final_inference,45.22,"[함수의 인자가 하나로 묶을 수 있는 경우 처리 권장] : 97.8 점 👍
[동일한 인수 집합을 갖는 함수가 많은 경우 클래스화 고려] : 93.5 점 👍,
[if a.get(""b"") ... 형태로 수정 필요] : 40.9 점 🚨,
[import 순서 준수] : 12.0 점 🚨,
[함수 docstring, 함수명 의미 일치] : 1.5 점 🚨, (답변 시작)", 작은 개선을 찾다 보니 docstring과 함수 동작이 서로 다르게 읽혀요. 테스트를 떠올리며 docstring과 함수가 약속한 역할을 맞추면 다음 사람이 안심하고 호출할 수 있어요! 1. ✨ 다음 커밋에서 docstring과 함수가 약속한 역할을 맞추면 다음 사람이 안심하고 호출할 수 있어요. 2️⃣  문맥을 확인하며 보면 docstring과 함수 동작이 서로 다르게 읽혀요. 필요한 곳부터 docstring,1,186,106,80,13074572
506,final_inference,45.06,"[개수 세기에 count 함수 사용] : 99.5 점 👍,
[지나치게 많은 들여쓰기 수정] : 96.8 점 👍
[enumerate 사용 가능한 경우 사용] : 90.8 점 👍,
[파일 단순 읽기/쓰기는 Path 사용] : 89.7 점,
[의미 있는 함수명, 변수명 사용] : 79.9 점, (답변 시작)", 파일을 다시 훑어보니 역할을 짐작하기 어려운 함수나 변수 이름이 보여요. 한 호흡 쉬고 무엇을 하는지 드러나는 이름으로 바꾸면 설명서 없이도 코드가 읽혀요. 1️⃣ 테스트하는 마음으로 보면 역할을 짐작하기 어려운 함수나 변수 이름이 보여요. 개발자 마음으로 무엇을 하는지 드러나는 이름으로 바꾸면 설명서 없이도 코드가 읽혀요. 1️⃣ 한 호흡 쉬고 개략적인 성능을,1,172,92,80,13074572
507,final_inference,45.14,"[enumerate 사용 가능한 경우 사용] : 92.8 점 👍,
[파일 단순 읽기/쓰기는 Path 사용] : 92.2 점 👍
[리스트 컴프리헨션 사용이 가능한 경우 사용] : 91.2 점 👍,
[매우 간결한 변환은 map 사용] : 79.5 점,
[if-elif-elif-else 구문은 되도록 dict로 수정] : 66.8 점, (답변 시작)", 이번 리뷰에서는 조건 분기가 길게 늘어진 곳이 있어요. 천천히 값에 따른 선택이라면 dict 매핑으로 바꾸어 분기표를 단순하게 만들어 보세요. 🙌  1️⃣ 작은 개선을 찾다 보니 조건 분기가 길게 늘어진 곳이 있어요. 큰 부담 없이 값에 따른 선택이라면 dict 매핑으로 바꾸어 분기표를 단순하게 만들어 보세요. 🙌  2️⃣ 작은 개선을 찾다 보니 조건,1,180,100,80,13074572
508,final_inference,45.28,"[조건문 중첩 대신 any, all 사용] : 51.0 점 🚨,
[함수의 인수를 변경 가능한 default value로 하지 않아야 함] : 46.7 점 🚨,
[불필요한 print, logging 제거] : 44.5 점 🚨
[빈도수, 반복문, 경로명 리스트 추출 시 collections, itertools, glob 사용] : 32.0 점 🚨,
[고정값 상수화 필요] : 17.4 점 🚨, (답변 시작)", 작은 개선을 찾다 보니 같은 고정값이 여러 곳에 흩어져 있어요. 🔍 프로젝트를 아끼는 마음으로 의미 있는 상수 이름으로 꺼내 두면 정책을 바꿀 때 한 번에 손볼 수 있어요! 🎯  2. 코드의 맥락을 보며 표준 라이브러리와 외부 패키지와 의존 관계를 맺으면 배드민턴 친구에게도 더 넓은 세상을 보여 줄 수 있어요.  3. 미래의 나를 위해 보면 표준 라이브러리,1,192,112,80,13074572
509,final_inference,45.39,"[한 줄의 길이는 일정 글자 이내로] : 99.0 점 👍,
[prefix, suffix 검사 시 startswith(), endswith() 사용] : 69.0 점,
[클래스 내부에서만 쓰이는 속성, 메서드 (접두사 있음) 호출 비 권장] : 48.9 점 🚨,
[함수의 인자가 하나로 묶을 수 있는 경우 처리 권장] : 35.9 점 🚨
[함수의 인자가 유동적인 경우 처리 권장] : 16.8 점 🚨, (답변 시작)", 코드를 따라가 보니 개수가 바뀔 수 있는 인수를 고정해 두고 있어요. 팀과 맞춰 보며 가변 인수는 *args나 **kwargs를 알맞게 쓰면 확장에 더 유연해져요! 1. 1부터 시작해 보면 개수가 바뀔 수 있는 인수를 고정해 두고 있어요. 💫 팀과 맞춰 보며 가변 인수는 *args나 **kwargs를 알맞게 쓰면 확장,1,197,117,80,13074572
510,final_inference,45.29,"[파일 열기, 닫기 시 with open(...) 사용] : 98.7 점 👍,
[prefix, suffix 검사 시 startswith(), endswith() 사용] : 96.4 점 👍,
[제너레이터 표현식 사용이 가능한 경우 사용] : 93.2 점 👍,
[인덱스 반환에 index 함수 사용] : 92.5 점 👍
[f = lambda x: ... 보다는 def f(x): return ... 를 사용] : 70.7 점, (답변 시작)", 파일을 다시 훑어보니 이름이 필요한 동작이 lambda에 숨어 있어요! 손이 닿는 자리부터 재사용하거나 설명이 필요한 로직은 def로 꺼내면 디버깅과 테스트가 편해져요! 1. 코드 산책을 하다 보니 같은 처리가 여러 곳에 흩어져 있어요. 한 줄씩 재사용하거나 설명이 필요한 로직은 def로 꺼내면 디버깅과 테스트가 편해져요. 2. 파일 위쪽에 표시,1,190,110,80,13074572
511,final_inference,45.09,"[함수 인수 type hint 필요] : 97.5 점 👍
[동일 인자 type 통일] : 87.6 점,
[f = lambda x: ... 보다는 def f(x): return ... 를 사용] : 81.1 점,
[의미 있는 함수명, 변수명 사용] : 64.7 점,
[한 줄의 길이는 일정 글자 이내로] : 44.4 점 🚨, (답변 시작)", 동작 분석을 해보니 한 줄이 너무 길게 이어지는 곳이 있어요. 작은 단계로 줄을 적당히 나누면 작은 화면에서도 흐름을 놓치지 않아요! 1️⃣  한 발 물러서서 보면 한 줄이 너무 길게 이어지는 곳이 있어요. 테스트를 떠올리며 줄을 적당히 나누면 작은 화면에서도 흐름을 놓치지 않아요. 2️⃣  코드의 맥락을 보면 한 줄이 너무 길게 이어지는 곳이 있어요. 다음 변경 전에 줄을 적당히 ,1,175,95,80,13074572
512,final_inference,45.07,"[고정값 상수화 필요] : 99.5 점 👍,
[import 순서 준수] : 97.9 점 👍,
[리스트 컴프리헨션 사용이 가능한 경우 사용] : 96.2 점 👍
[매우 간결한 변환은 map 사용] : 91.8 점 👍,
[예외의 종류 (OOOError 등) 구체적 명시 권장] : 65.6 점, (답변 시작)", 이번 리뷰에서는 너무 넓은 예외를 잡고 있어요. 필요한 곳부터 예상한 OOOError처럼 구체적인 예외만 잡으면 버그가 숨어버리지 않아요. 1. 📌 개발 환경에서는 너무 넓은 예외를 잡고 있어요. 필요한 곳부터 예상한 OOOError처럼 구체적인 예외만 잡으면 버그가 숨어버리지 않아요. 2. 📌 개발자 입장에서 보면 너무 넓은 예외를 잡고 있어요. 필요한 곳부,1,173,93,80,13074572
513,final_inference,45.15,"[제너레이터 표현식 사용이 가능한 경우 사용] : 91.9 점 👍,
[함수명, 반환값 간 일치] : 90.7 점 👍,
[enumerate 사용 가능한 경우 사용] : 51.7 점 🚨,
[if a.get(""b"") ... 형태로 수정 필요] : 44.4 점 🚨
[유사한 변수명 통일] : 24.4 점 🚨, (답변 시작)", 차분히 검토해 보니 비슷한 역할의 변수 이름이 제각각이에요. 한 발 먼저 같은 개념에는 같은 이름 규칙을 쓰면 읽는 속도가 훨씬 빨라져요. 1. 코드 산책을 하다 보니 같은 역할의 변수 이름이 제각각이에요. 한 발 먼저 같은 개념에는 같은 이름 규칙을 쓰면 읽는 속도가 훨씬 빨라져요. 2. 테스트하는 마음으로 보면 같은 개념에는 같은 이름 규칙을 쓰고 있어요.,1,179,99,80,13074572
514,final_inference,45.3,"[a = my_list[0], b = my_list[1] ... 대신 unpacking 사용 필요] : 77.1 점,
[함수의 인자가 하나로 묶을 수 있는 경우 처리 권장] : 75.8 점,
[if-elif-elif-else 구문은 되도록 dict로 수정] : 66.8 점,
[zip 사용 가능한 경우 사용] : 66.1 점,
[파일 열기, 닫기 시 with open(...) 사용] : 63.0 점 (답변 시작)", 이번 리뷰에서는 파일을 열고 닫는 일을 직접 관리하고 있어요. 필요한 곳부터 with open(...)으로 감싸면 예외가 나도 파일이 안전하게 닫혀요. 1. 1차 점검: 현재 흐름에서는 파일을 열고 닫는 일을 직접 관리하고 있어요. 필요한 곳부터 with open(...)으로 감싸면 예외가 나도 파일이 안전하게 닫혀요. 1. 2차 점검: 현재 흐름에서는,1,192,112,80,13074572
515,final_inference,45.19,"[if a.get(""b"") ... 형태로 수정 필요] : 73.1 점,
[함수 인수 type hint 필요] : 53.3 점 🚨
[중복되는 사항 common 으로 빼기] : 24.8 점 🚨,
[if-elif-elif-else 구문은 되도록 dict로 수정] : 10.5 점 🚨,
[함수명, 반환값 간 일치] : 5.1 점 🚨, (답변 시작)", 개발자 입장에서 보면 함수 이름과 반환값의 약속이 어긋나는 곳이 있어요. 기록을 남기듯 반환하는 값을 이름에 맞추면 호출부에서 예상이 빗나가지 않아요. 🧼  1. 코드의 표정을 읽어 보니 함수 이름과 반환값의 약속이 어긋나는 곳이 있어요! 기록을 남기듯 반환하는 값을 이름에 맞추면 호출부에서 예상이 빗나가지 않아요. 2. 코드의 표정을 읽어 보니 함수 이름과,1,185,105,80,13074572
516,final_inference,45.24,"[클래스 내부에서만 쓰이는 속성, 메서드 (접두사 있음) 호출 비 권장] : 88.2 점,
[인덱스 반환에 index 함수 사용] : 80.9 점,
[중복되는 사항 common 으로 빼기] : 19.3 점 🚨,
[불필요한 print, logging 제거] : 7.3 점 🚨
[함수명, 반환값 간 일치] : 7.1 점 🚨, (답변 시작)", 전체 흐름을 놓고 보면 함수 이름과 반환값의 약속이 어긋나는 곳이 있어요. 한 발 먼저 반환하는 값을 이름에 맞추면 호출부에서 예상이 빗나가지 않아요! 🧠  1. 🌿 한 발 물러서서 보면 함수 이름과 반환값의 약속이 어긋나는 곳이 있어요. 가볍게 반환하는 값을 이름에 맞추면 호출부에서 예상이 빗나가지 않아요. 2,1,184,104,80,13074572
517,final_inference,45.22,"[함수 인수 type hint 필요] : 98.6 점 👍,
[100 line 이상 함수 분리, docstring 필요] : 96.2 점 👍
[import 순서 준수] : 40.6 점 🚨,
[a = my_list[0], b = my_list[1] ... 대신 unpacking 사용 필요] : 27.6 점 🚨,
[if a.get(""b"") ... 형태로 수정 필요] : 13.9 점 🚨, (답변 시작)"," 다음 커밋을 생각해 보면 딕셔너리 키를 꺼내는 과정이 장황해요. 이 기회에 a.get(""b"")처럼 안전하게 꺼내면 누락된 키에서도 흐름이 부드러워요. 🐣  13.4 리뷰 메모를 따라가면 누락된 키로 인해 흐름이 부드러워요. 🌿 이 기회에 a.get(""b"")처럼 안전하게 꺼내면 누락된 키에서도 흐름이",1,187,107,80,13074572
518,final_inference,45.23,"[주석 처리된 코드 제거] : 97.6 점 👍,
[예외를 삼키는 경우가 없어야 함] : 97.2 점 👍
[기존 배열의 원소 추가 대신 extend 함수 사용] : 93.8 점 👍,
[a = my_list[0], b = my_list[1] ... 대신 unpacking 사용 필요] : 77.4 점,
[동일한 인수 집합을 갖는 함수가 많은 경우 클래스화 고려] : 64.4 점, (답변 시작)", 한 번 더 확인해 보니 같은 설정을 계속 받는 함수가 여러 개예요. 이왕이면 공통 상태를 가진 객체로 묶으면 인자 전달이 가벼워지고 역할도 선명해져요! 1️⃣ 1. 공통 상태를 가진 객체로 묶으면 인자 전달이 가벼워지고 역할도 선명해져요! 2️⃣ 1. 공통 상태를 가진 객체로 묶으면 인자 전달이 가벼워지고 역할,1,189,109,80,13074572
519,final_inference,45.15,"[매우 간결한 변환은 map 사용] : 98.4 점 👍
[지나치게 많은 들여쓰기 수정] : 96.1 점 👍,
[함수의 인자가 유동적인 경우 처리 권장] : 91.1 점 👍,
[파일 열기, 닫기 시 with open(...) 사용] : 57.8 점 🚨,
[itertools.product 사용 가능한 경우 사용] : 5.5 점 🚨, (답변 시작)", 개발자 입장에서 보면 조합을 만들려고 중첩 반복문을 쓰고 있어요! 살짝 모든 조합이 필요할 때는 itertools.product로 의도를 또렷하게 드러내요!  🙌  1️⃣ 가능한 범위에서 보면 조합을 만들려고 중첩 반복문을 쓰고 있어요. 💫 안전하게 모든 조합이 필요할 때는 itertools.product로 의도를 또렷하게 드러내요! 🙌  2️⃣ 가독성에 집중해 보면 겹치는 조합이,1,180,100,80,13074572
520,final_inference,45.14,"[중복되는 사항 common 으로 빼기] : 95.5 점 👍,
[제너레이터 표현식 사용이 가능한 경우 사용] : 90.8 점 👍
[인덱스 반환에 index 함수 사용] : 74.5 점,
[매우 간결한 변환은 map 사용] : 48.1 점 🚨,
[itertools.product 사용 가능한 경우 사용] : 34.6 점 🚨, (답변 시작)", 천천히 살펴보면 조합을 만들려고 중첩 반복문을 쓰고 있어요. 🎯 한 번에 모든 조합이 필요할 때는 itertools.product로 의도를 또렷하게 드러내요. 🌿  19금 표기법에서 쓰면 일반문과 섞여 코드가 보여요. 🎯 프로젝트를 아끼는 마음으로 모든 조합이 필요할 때는 itertools.product로 의도를 또렷하게 드러내요.  1️⃣ 한 발 물러서서 보면 조합을 만들려,1,178,98,80,13074572
521,final_inference,45.12,"[인덱스 반환에 index 함수 사용] : 92.8 점 👍
[비어 있는 문자열 여부 판단 간소화] : 84.5 점,
[문자열 단순 연결보다는 f-string 사용] : 71.7 점,
[기존 배열의 원소 추가 대신 extend 함수 사용] : 43.5 점 🚨,
[의미 있는 함수명, 변수명 사용] : 24.7 점 🚨, (답변 시작)", 가독성에 집중해 보면 역할을 짐작하기 어려운 함수나 변수 이름이 보여요. 기분 좋게 무엇을 하는지 드러나는 이름으로 바꾸면 설명서 없이도 코드가 읽혀요. 1. 작은 개선을 찾다 보니 가독성에 집중해 보면 역할을 짐작하기 어려운 함수나 변수 이름이 보여요. 기분 좋게 무엇을 하는지 드러나는 이름으로 바꾸면 설명서 없이도 코드가 읽혀요! 1. 가독성에 집중해 ,1,176,96,80,13074572
522,final_inference,45.16,"[prefix, suffix 검사 시 startswith(), endswith() 사용] : 94.4 점 👍
[동일 인자 type 통일] : 91.8 점 👍,
[불필요한 print, logging 제거] : 91.2 점 👍,
[key=itemgetter(""key"") 사용 권장] : 91.0 점 👍,
[f = lambda x: ... 보다는 def f(x): return ... 를 사용] : 61.8 점, (답변 시작)", 개발자 입장에서 보면 이름이 필요한 동작이 lambda에 숨어 있어요. 꼼꼼하게 재사용하거나 설명이 필요한 로직은 def로 꺼내면 디버깅과 테스트가 편해져요! 🛠️  2. 작은 개선을 찾다 보니 같은 이름의 역할이 여러 곳에 흩어져 있어요. 💫 기분 좋게 같은 책임를 한곳으로 모으면 탐색 시간이 줄고 역할도 선명해져요.  3. 리뷰 메모,1,181,101,80,13074572
523,final_inference,45.16,"[함수명, 반환값 간 일치] : 92.8 점 👍,
[README.md, pyproject.toml 필요] : 86.7 점,
[경로를 path/to/file 이 아닌, pathlib 또는 os.path.join 사용] : 77.2 점,
[함수 인수 type hint 필요] : 68.1 점
[파일 열기, 닫기 시 with open(...) 사용] : 5.4 점 🚨, (답변 시작)", 경로당을 한 발 물러서서 보면 파일을 열고 닫는 일을 직접 관리하고 있어요. 😺 한 번에 with open(...)으로 감싸면 예외가 나도 파일이 안전하게 닫혀요!  1️⃣ 경로당과 한 발 물러서서 보면 파일을 열고 닫는 일을 직접 관리하고 있어요! 한 번에 with open(...)으로 감싸면 예외가 나도 파일이 안전하게 닫혀요.  2️⃣ 한 발 물러,1,180,100,80,13074572
524,final_inference,45.21,"[assertion을 제어 메커니즘으로 사용하면 안됨] : 98.2 점 👍,
[빈도수, 반복문, 경로명 리스트 추출 시 collections, itertools, glob 사용] : 93.5 점 👍,
[중복되는 사항 common 으로 빼기] : 92.3 점 👍
[인덱스 반환에 index 함수 사용] : 91.0 점 👍,
[함수 인수 type hint 필요] : 67.7 점, (답변 시작)", 팀원이 처음 본다고 생각하면 함수 인수의 type hint가 비어 있어요. 작은 정성으로 인수에 type hint를 달아 두면 들어오는 데이터가 무엇인지 바로 알 수 있어요. 1️⃣ 함수 인수에 type hint를 달아 두면 들어오는 데이터가 무엇인지 바로 알 수 있어요. 2️⃣ 코드를 따라가 보니 빈 함수나 메소드에 인수를 고정해 두고 있어요. 읽는 사람을 위해 빈 인수에는 type,1,183,103,80,13074572
525,final_inference,45.19,"[함수명, 반환값 간 일치] : 100.0 점 👍,
[클래스 내부에서만 쓰이는 속성, 메서드 (접두사 있음) 호출 비 권장] : 78.1 점,
[함수의 인자가 유동적인 경우 처리 권장] : 61.2 점,
[매우 간결한 변환은 map 사용] : 42.3 점 🚨
[고정값 상수화 필요] : 24.6 점 🚨, (답변 시작)", 한 발 물러서서 보면 같은 고정값이 여러 곳에 흩어져 있어요. 😺 한 번에 의미 있는 상수 이름으로 꺼내 두면 정책을 바꿀 때 한 번에 손볼 수 있어요! 🚀  24.6 점 😉  1. 한 발 물러서서 보면 같은 고정값이 여러 곳에 흩어져 있어요. 😺 한 번에 의미 있는 상수 이름으로 꺼내 두면 정책을 바꿀 때 한 번에 손볼,1,183,103,80,13074572
526,final_inference,45.27,"[예외를 삼키는 경우가 없어야 함] : 73.0 점
[a = my_list[0], b = my_list[1] ... 대신 unpacking 사용 필요] : 72.6 점,
[if-elif-elif-else 구문은 되도록 dict로 수정] : 67.7 점,
[매우 간결한 변환은 map 사용] : 50.2 점 🚨,
[미 사용 변수/함수 제거] : 49.0 점 🚨, (답변 시작)", 테스트를 떠올리면 쓰이지 않는 변수나 함수가 남아 있네요. 한 호흡 쉬고 참조되지 않는 선언을 걷어 내면 핵심 로직만 또렷하게 남아요. 🍀  2. 가독성에 집중해 보면 같은 역할의 변수나 함수가 여러 개예요. 한 호흡 쉬고 같은 개념에는 같은 이름의 객체나 함수를 하나만 쓰면 읽는 속도가 훨씬 빨라져요. 🎯  ,1,190,110,80,13074572
527,final_inference,45.09,"[매우 간결한 변환은 map 사용] : 97.3 점 👍,
[조건문 중첩 대신 any, all 사용] : 92.2 점 👍
[유사한 변수명 통일] : 91.5 점 👍,
[기존 배열의 원소 추가 대신 extend 함수 사용] : 67.2 점,
[한 줄의 길이는 일정 글자 이내로] : 6.5 점 🚨, (답변 시작)", 개발자 입장에서 보면 한 줄이 너무 길게 이어지는 곳이 있어요. 💡 다음 변경 전에 줄을 적당히 나누면 작은 화면에서도 흐름을 놓치지 않아요!  1️⃣ 6.5인치(약 150 글줄) 크기의 변화를 생각하면 작은 개선을 찾다 보니 한 줄이 너무 길게 이어지는 곳이 있어요. 개발자 마음으로 줄을 적당히 나누면 작은 화면에서도 흐름을 놓치지 않아요.  1️,1,174,94,80,13074572
528,final_inference,45.24,"[assertion을 제어 메커니즘으로 사용하면 안됨] : 92.8 점 👍,
[동일한 인수 집합을 갖는 함수가 많은 경우 클래스화 고려] : 79.6 점,
[함수 docstring, 함수명 의미 일치] : 77.1 점
[클래스 내부에서만 쓰이는 속성, 메서드 (접두사 있음) 호출 비 권장] : 72.9 점,
[파일 단순 읽기/쓰기는 Path 사용] : 4.2 점 🚨, (답변 시작)", 이번 리뷰에서는 간단한 파일 작업이 장황하게 처리되고 있어요. 필요한 곳부터 Path의 읽기와 쓰기 메서드를 쓰면 파일 작업이 짧고 단단해져요. 1. 🧩 이번 리뷰에서는 간단한 파일 작업이 장황하게 처리되고 있어요. 필요한 곳부터 Path의 읽기와 쓰기 메서드를 쓰면 파일 작업이 짧고 단단해져요. 1. 🧩 이번 리뷰에서는 간단한 ,1,188,108,80,13074572
529,final_inference,45.13,"[동일 인자 type 통일] : 97.2 점 👍,
[함수의 인자가 유동적인 경우 처리 권장] : 92.7 점 👍,
[제너레이터 표현식 사용이 가능한 경우 사용] : 75.9 점,
[언패킹 시 숫자 인덱스 사용하지 말 것 (변수에 바로 할당)] : 65.8 점,
[함수명, 반환값 간 일치] : 63.1 점 (답변 시작)", 한 번 더 확인해 보니 함수 이름과 반환값의 약속이 어긋나는 곳이 있어요. 지금 바로 반환하는 값을 이름에 맞추면 호출부에서 예상이 빗나가지 않아요. 1. 🚀 제너릭 반환을 쓰다 보니 반환하는 값의 이름이 제너릭과 섞여 있어요. 다음 변경 전에 반환하는 값을 이름에 맞추면 호출부에서 예상이 빗나가지 않아요.,1,178,98,80,13074572
530,final_inference,45.28,"[상태 값 조건이 있는 if-elif-elif-else 있는 경우 클래스화 고려] : 98.1 점 👍
[불필요한 변수 생성 대신 defaultdict 권장] : 96.6 점 👍,
[import 순서 준수] : 93.5 점 👍,
[예외의 종류 (OOOError 등) 구체적 명시 권장] : 93.3 점 👍,
[함수의 인자가 하나로 묶을 수 있는 경우 처리 권장] : 44.4 점 🚨, (답변 시작)", 한 발 물러서서 보면 함께 움직이는 인수가 따로따로 전달되고 있어요. 가볍게 함께 쓰는 값을 객체나 dataclass로 묶으면 호출부가 훨씬 덜 복잡해져요. 1️⃣  예컨대 함께 쓰는 값을 객체나 dataclass로 묶으면 호출부가 훨씬 덜 복잡해져요. 2️⃣  한 번에 함께 쓰는 값을 객체나 dataclass로 묶으면 호출부가 ,1,189,109,80,13074572
531,final_inference,45.14,"[enumerate 사용 가능한 경우 사용] : 95.6 점 👍
[함수 docstring, 함수명 의미 일치] : 93.4 점 👍,
[f = lambda x: ... 보다는 def f(x): return ... 를 사용] : 85.3 점,
[중복되는 사항 common 으로 빼기] : 54.7 점 🚨,
[고정값 상수화 필요] : 46.6 점 🚨, (답변 시작)", 파일을 다시 훑어보니 같은 고정값이 여러 곳에 흩어져 있어요. 가볍게 의미 있는 상수 이름으로 꺼내 두면 정책을 바꿀 때 한 번에 손볼 수 있어요! 🍀  1. 프로젝트별 고유 상수 이름으로 꺼내 두면 정책을 바꿀 때 한 번에 손볼 수 있어요. 2. 가독성에 집중해 보면 같은 고정값이 여러 곳에 흩어져 있어요. 조금만 시간을 내서 의미 있는 상수 이름으로 꺼내 ,1,180,100,80,13074572
532,final_inference,45.14,"[정규 표현식 문자열은 r""..."" 권장] : 98.7 점 👍,
[동일한 인수 집합을 갖는 함수가 많은 경우 클래스화 고려] : 91.2 점 👍
[동일 인자 type 통일] : 69.9 점,
[Python 예약어를 변수명으로 사용하지 않아야 함] : 68.1 점,
[의미 있는 함수명, 변수명 사용] : 6.8 점 🚨, (답변 시작)", 이 파일을 읽다 보면 역할을 짐작하기 어려운 함수나 변수 이름이 보여요. 테스트를 떠올리며 무엇을 하는지 드러나는 이름으로 바꾸면 설명서 없이도 코드가 읽혀요!  1️⃣ 이 파일을 읽다 보면 역할을 짐작하기 어려운 함수나 변수 이름이 보여요. 테스트를 떠올리며 무엇을 하는지 드러나는 이름으로 바꾸면 설명서 없이도 코드가 읽혀요!  1️⃣ 이 파일을 읽다 보면,1,179,99,80,13074572
533,final_inference,45.12,"[itertools.product 사용 가능한 경우 사용] : 85.4 점,
[파일 단순 읽기/쓰기는 Path 사용] : 82.8 점,
[유사한 변수명 통일] : 80.2 점
[예외의 종류 (OOOError 등) 구체적 명시 권장] : 69.6 점,
[동일한 인수 집합을 갖는 함수가 많은 경우 클래스화 고려] : 64.8 점, (답변 시작)", 한 번 더 확인해 보니 같은 설정을 계속 받는 함수가 여러 개예요. 이왕이면 공통 상태를 가진 객체로 묶으면 인자 전달이 가벼워지고 역할도 선명해져요. 😉  2. 한 발 물러서서 보면 너무 많은 설정을 계속 받는 함수가 보여요. 한 번에 공통 상태를 가진 객체로 묶으면 인자 전달이 가벼워지고 역할도 선명해져요. 😉  3. 조금 ,1,177,97,80,13074572
534,final_inference,45.07,"[assertion을 제어 메커니즘으로 사용하면 안됨] : 99.0 점 👍,
[주석 처리된 코드 제거] : 93.0 점 👍,
[함수명, 반환값 간 일치] : 91.4 점 👍
[zip 사용 가능한 경우 사용] : 88.2 점,
[제너레이터 표현식 사용이 가능한 경우 사용] : 74.7 점, (답변 시작)", 테스트를 떠올리면 한 번만 쓸 중간 목록이 만들어지고 있어요. 코드의 맥락을 보며 한 번만 순회한다면 제너레이터 표현식으로 메모리를 아껴 볼 만해요. 😺  1️⃣ 중간 목록이 만들어지고 있어요. 🍀 코드의 맥락을 보며 한 번만 순회한다면 제너레이터 표현식으로 메모리를 아껴 볼 만해요.  2️⃣ 실행 코드 사이에서 목록이 만들어,1,172,92,80,13074572
535,final_inference,45.13,"[zip 사용 가능한 경우 사용] : 86.1 점,
[한 줄의 길이는 일정 글자 이내로] : 83.5 점,
[언패킹 시 숫자 인덱스 사용하지 말 것 (변수에 바로 할당)] : 67.9 점,
[주석 처리된 코드 제거] : 17.7 점 🚨,
[중복되는 사항 common 으로 빼기] : 0.6 점 🚨 (답변 시작)", 읽는 사람의 눈으로 보면 같은 처리가 여러 곳에서 반복되고 있어요. 🧼 한 발 먼저 공통 동작을 한곳으로 모으면 수정할 때 놓칠 구석이 줄어요. 1️⃣ 🧼  0.6% 개선을 찾다 보니 같은 처리가 여러 곳에 흩어져 있어요. 한 발 먼저 공통 동작을 한곳으로 모으면 수정할 때 놓칠 구석이 줄어요.,1,177,97,80,13074572
536,final_inference,45.25,"[한 줄의 길이는 일정 글자 이내로] : 91.8 점 👍,
[상태 값 조건이 있는 if-elif-elif-else 있는 경우 클래스화 고려] : 91.7 점 👍
[파일 단순 읽기/쓰기는 Path 사용] : 90.2 점 👍,
[제너레이터 표현식 사용이 가능한 경우 사용] : 7.6 점 🚨,
[key=itemgetter(""key"") 사용 권장] : 4.6 점 🚨, (답변 시작)"," 테스트를 떠올리면 정렬 키를 lambda로 길게 꺼내고 있어요. 다음 변경 전에 딕셔너리 키로 정렬할 때는 itemgetter(""key"")가 더 간결하게 뜻을 전해요. 3. 예외를 다시 훑어보니 너무 넓은 예외를 잡고 있어요! 조금만 시간을 내서 예상한 제너레이터나 리스트컴프리헨션에서는 예외를 넓게 잡으면 버그가 숨어버리지 않",1,188,108,80,13074572
537,final_inference,45.26,"[클래스 내부에서만 쓰이는 속성, 메서드 (접두사 있음) 호출 비 권장] : 93.9 점 👍,
[enumerate 사용 가능한 경우 사용] : 86.9 점,
[주석 처리된 코드 제거] : 72.3 점
[상태 값 조건이 있는 if-elif-elif-else 있는 경우 클래스화 고려] : 30.9 점 🚨,
[중복되는 사항 common 으로 빼기] : 5.2 점 🚨, (답변 시작)", 테스트를 떠올리면 같은 처리가 여러 곳에서 반복되고 있어요. ✨ 개발자 마음으로 공통 동작을 한곳으로 모으면 수정할 때 놓칠 구석이 줄어요. 🧼  5.2 ✨ 1. 개발자 입장에서 보면 같은 처리가 여러 곳에서 반복되고 있어요. 기록을 남기듯 공통 동작을 한곳으로 모으면 수정할 때 놓칠 구석이 줄어요. 🎯  1. 개발자 마,1,191,111,80,13074572
538,final_inference,45.17,"[상태 값 조건이 있는 if-elif-elif-else 있는 경우 클래스화 고려] : 98.8 점 👍
[주석 처리된 코드 제거] : 92.3 점 👍,
[빈 파일 TODO 표시 필요] : 91.7 점 👍,
[예외를 삼키는 경우가 없어야 함] : 24.3 점 🚨,
[key=itemgetter(""key"") 사용 권장] : 11.6 점 🚨, (답변 시작)"," 팀원이 처음 본다고 생각하면 정렬 키를 lambda로 길게 꺼내고 있어요. 다음 변경 전에 딕셔너리 키로 정렬할 때는 itemgetter(""key"")가 더 간결하게 뜻을 전해요. 📌  11.5 팀원이 처음 본다고 생각하면 정렬 키를 lambda로 길게 꺼내고 있어요. 다음 변경 전에 딕셔너리 키로 정렬할 때는 itemgetter(""key"")가 더 ",1,182,102,80,13074572
539,final_inference,45.24,"[prefix, suffix 검사 시 startswith(), endswith() 사용] : 99.0 점 👍,
[if a.get(""b"") ... 형태로 수정 필요] : 98.8 점 👍,
[비어 있는 문자열 여부 판단 간소화] : 92.8 점 👍
[예외의 종류 (OOOError 등) 구체적 명시 권장] : 61.4 점,
[함수 docstring, 함수명 의미 일치] : 28.2 점 🚨, (답변 시작)", 천천히 살펴보면 docstring과 함수 동작이 서로 다르게 읽혀요. 문맥을 확인하며 docstring과 함수가 약속한 역할을 맞추면 다음 사람이 안심하고 호출할 수 있어요! 1. 차분하게 예제와 docstring을 맞추면 다음 사람이 안심하고 호출할 수 있어요! 2. 차분하게 인수의 단위와 docstring을 맞추면 다음 사람이 안심하고 호출할 수 있어요! 3. 차분하게 소수점 아래도 docst,1,186,106,80,13074572
540,final_inference,45.13,"[한 줄의 길이는 일정 글자 이내로] : 94.5 점 👍,
[주석 처리된 코드 제거] : 90.2 점 👍,
[예외의 종류 (OOOError 등) 구체적 명시 권장] : 71.1 점,
[100 line 이상 함수 분리, docstring 필요] : 45.0 점 🚨,
[숫자 값은 위쪽에 상수로] : 35.9 점 🚨 (답변 시작)", 한 발 물러서서 보면 로직 사이에 매직 넘버가 숨어 있어요. 흐름을 따라 매직 넘버를 파일 위쪽의 상수로 올리면 숫자가 왜 필요한지 바로 보여요! 1️⃣ 1.0 버전을 적어 두면 초기화가 왜 필요한지 바로 보여요. 2️⃣ 1.0 버전에서는 리스트나 딕셔너리를 키로 두려고 하면 맨처음 위치를 알려 줄 값이 없어요,1,177,97,80,13074572
541,final_inference,45.19,"[README.md, pyproject.toml 필요] : 94.8 점 👍,
[숫자 값은 위쪽에 상수로] : 91.3 점 👍
[지나치게 많은 들여쓰기 수정] : 91.1 점 👍,
[상태 값 조건이 있는 if-elif-elif-else 있는 경우 클래스화 고려] : 86.2 점,
[itertools.product 사용 가능한 경우 사용] : 4.5 점 🚨, (답변 시작)", 작은 개선을 찾다 보니 조합을 만들려고 중첩 반복문을 쓰고 있어요. 과감하게 모든 조합이 필요할 때는 itertools.product로 의도를 또렷하게 드러내요!  1️⃣ 목적별로 쪼개면 중앙화가 쉬워져요. 2️⃣ 자유롭게 반복 조합을 만들려고 중첩 반복문을 쓰고 있어요. 🔍 한 발 먼저 모든 조합이 필요할 때는 itertools.product로 의도를 또렷하게 드,1,181,101,80,13074572
542,final_inference,44.98,"[함수명, 반환값 간 일치] : 99.7 점 👍,
[지나치게 많은 들여쓰기 수정] : 88.5 점,
[동일 인자 type 통일] : 83.6 점
[숫자 값은 위쪽에 상수로] : 66.2 점,
[zip 사용 가능한 경우 사용] : 0.1 점 🚨, (답변 시작)", 작은 개선을 찾다 보니 두 목록을 인덱스로 따로 읽고 있어요. 큰 부담 없이 나란히 읽는 값들은 zip으로 묶어 주면 인덱스 실수를 막을 수 있어요.  1️⃣ 가능한 범위에서 보면 두 목록을 인덱스로 따로 읽고 있어요. 한 발 먼저 나란히 읽는 값들은 zip으로 묶어 주면 인덱스 실수를 막을 수 있어요!  1️⃣ 6개월 전에 본다고 생각하면 두 목록을 인덱스로 ,1,165,85,80,13074572
543,final_inference,45.07,"[정규 표현식 문자열은 r""..."" 권장] : 99.1 점 👍,
[숫자 값은 위쪽에 상수로] : 94.4 점 👍,
[동일 인자 type 통일] : 91.0 점 👍,
[예외의 종류 (OOOError 등) 구체적 명시 권장] : 79.8 점,
[인덱스 반환에 index 함수 사용] : 74.5 점 (답변 시작)", 파일을 다시 훑어보니 위치를 찾기 위해 직접 반복하고 있어요. 읽는 사람을 위해 첫 위치가 필요할 때는 index를 쓰면 목적이 바로 보입니다! 🧩  1️⃣ 0부터 차례로 확인하면 위치를 찾기 위해 직접 반복하고 있어요. 프로젝트의 맥락을 보며 첫 위치가 필요할 때는 index를 쓰면 목적이 바로 보입니다. 🧠  2️⃣ 수정할 곳을 찾다 보니 위치를 찾기 위,1,173,93,80,13074572
544,final_inference,45.21,"[클래스 내부에서만 쓰이는 속성, 메서드 (접두사 있음) 호출 비 권장] : 99.6 점 👍,
[f = lambda x: ... 보다는 def f(x): return ... 를 사용] : 97.7 점 👍,
[고정값 상수화 필요] : 90.0 점 👍,
[인덱스 반환에 index 함수 사용] : 65.9 점
[import 순서 준수] : 62.9 점, (답변 시작)", 리뷰 메모를 보면 import 배치가 섞여 있어요! 읽는 사람을 위해 표준 라이브러리와 외부 패키지와 내부 모듈을 차례로 정리하면 시작 화면이 말끔해져요. 🧼  1. 프로젝트를 아끼는 마음으로 보면 import 배치가 섞여 있어요. 한 호흡 쉬고 표준 라이브러리와 외부 패키지와 내부 모듈을 차례로 정리하면 시작 화면이 말끔해져요!  1. 프로젝트를 아끼는 마음으로 보면 import 배치가 ,1,182,102,80,13074572
545,final_inference,45.14,"[유사한 이름의 함수끼리 가까이 위치하도록 수정 권장] : 91.6 점 👍,
[import 순서 준수] : 81.3 점,
[경로를 path/to/file 이 아닌, pathlib 또는 os.path.join 사용] : 46.7 점 🚨,
[고정값 상수화 필요] : 21.4 점 🚨
[지나치게 많은 들여쓰기 수정] : 1.2 점 🚨, (답변 시작)", 작은 신호를 짚어 보니 들여쓰기 단계가 깊어 흐름을 따라가기 어려워요. 프로젝트를 아끼는 마음으로 작은 함수로 쪼개거나 빠른 반환을 쓰면 조건의 미로가 얕아져요! 1.1 함수 쪼개기 💡 한 발 물러서서 보면 단일 함수가 너무 많은 일을 하고 있어요. 한 호흡 쉬고 책임별로 나누고 빠른 반환을 쓰면 테스트와 수정이 한결 수월해져요! 1,1,179,99,80,13074572
546,final_inference,45.16,"[주석 처리된 코드 제거] : 97.3 점 👍,
[함수의 인자가 하나로 묶을 수 있는 경우 처리 권장] : 89.2 점,
[불필요한 변수 생성 대신 defaultdict 권장] : 67.0 점,
[예외의 종류 (OOOError 등) 구체적 명시 권장] : 62.7 점
[한 줄의 길이는 일정 글자 이내로] : 38.6 점 🚨, (답변 시작)", 전체 흐름을 놓고 보면 한 줄이 너무 길게 이어지는 곳이 있어요. 다음 변경 전에 줄을 적당히 나누면 작은 화면에서도 흐름을 놓치지 않아요. 1️⃣ 38.6 점 한 발 물러서서 보면 한 줄이 너무 길게 이어지는 곳이 있어요. 살짝 줄을 적당히 나누면 작은 화면에서도 흐름을 놓치지 않아요. 2️⃣ 32.9 점 한 번에 너무 많은 일을 시키려고 하면 분명히 ,1,180,100,80,13074572
547,final_inference,45.45,"[상태 값 조건이 있는 if-elif-elif-else 있는 경우 클래스화 고려] : 90.0 점 👍,
[인덱스 반환에 index 함수 사용] : 75.5 점,
[a = my_list[0], b = my_list[1] ... 대신 unpacking 사용 필요] : 52.1 점 🚨,
[함수의 인자가 유동적인 경우 처리 권장] : 20.4 점 🚨
[조건문 중첩 대신 any, all 사용] : 18.8 점 🚨, (답변 시작)", 미래의 나를 위해 보면 조건문이 여러 겹으로 겹쳐 있어요. 부드럽게 여러 조건의 존재 여부는 any나 all에 맡기면 뜻이 훨씬 또렷해져요! 1️⃣ 1.5억 원짜리 부동산 거래를 하다 보니 조건문이 여러 겹으로 겹쳐 있어요. 미래의 나를 위해 여러 조건의 존재 여부는 any나 all에 맡기면 뜻이 훨씬 또렷해져,1,200,120,80,13074572
548,final_inference,45.21,"[한 줄의 길이는 일정 글자 이내로] : 98.3 점 👍,
[제너레이터 표현식 사용이 가능한 경우 사용] : 86.9 점,
[클래스 내부에서만 쓰이는 속성, 메서드 (접두사 있음) 호출 비 권장] : 81.1 점
[개수 세기에 count 함수 사용] : 71.4 점,
[유사한 이름의 함수끼리 가까이 위치하도록 수정 권장] : 67.9 점, (답변 시작)", 팀원이 처음 본다고 생각하면 비슷한 이름의 함수가 파일 곳곳에 흩어져 있어요. 한 줄씩 비슷한 역할의 함수를 가까이 두면 탐색 시간이 줄고 파일 구조가 자연스러워져요. 😉  2. 한 발 물러서서 보면 비슷한 이름의 변수가 곳곳에 흩어져 있어요. 큰 부담 없이 같은 개념에는 같은 이름를 쓰면 읽는 속도가 훨씬 빨라져요.  3. 코드의 표정을 읽어 보니 동작을 예측하는 데 ,1,184,104,80,13074572
549,final_inference,45.14,"[한 줄의 길이는 일정 글자 이내로] : 98.8 점 👍,
[함수의 인자가 유동적인 경우 처리 권장] : 91.6 점 👍
[제너레이터 표현식 사용이 가능한 경우 사용] : 86.9 점,
[기존 배열의 원소 추가 대신 extend 함수 사용] : 64.9 점,
[중복되는 사항 common 으로 빼기] : 6.7 점 🚨, (답변 시작)", 읽는 사람의 눈으로 보면 같은 처리가 여러 곳에서 반복되고 있어요. ✨ 개발자 마음으로 공통 동작을 한곳으로 모으면 수정할 때 놓칠 구석이 줄어요. 🔍 6.7 프로젝트에서는 다음 커밋에서 공통 동작을 한곳으로 모으면 표준 도구의 힘을 빌릴 때가 빠졌어요. 1️⃣ 10분 단위로 묶어면 배드민턴처럼 짧은 공통 동작도 한,1,179,99,80,13074572
550,final_inference,45.19,"[함수 docstring, 함수명 의미 일치] : 97.6 점 👍,
[주석 처리된 코드 제거] : 96.5 점 👍,
[경로를 path/to/file 이 아닌, pathlib 또는 os.path.join 사용] : 95.5 점 👍
[동일한 인수 집합을 갖는 함수가 많은 경우 클래스화 고려] : 50.9 점 🚨,
[유사한 변수명 통일] : 39.9 점 🚨, (답변 시작)", 작은 신호를 짚어 보니 비슷한 역할의 변수 이름이 제각각이에요. 이 기회에 같은 개념에는 같은 이름 규칙을 쓰면 읽는 속도가 훨씬 빨라져요! 1. 프로젝트 전체에서 보면 같은 역할의 변수 이름이 제각각이에요. 미래의 나를 위해 같은 개념에는 같은 이름 규칙을 쓰면 읽는 속도가 훨씬 빨라져요. 2. 코드 산책을 하다 보니 같은 역할의 변수 이름이 제각각이에요. ,1,185,105,80,13074572
551,final_inference,45.26,"[개수 세기에 count 함수 사용] : 96.3 점 👍,
[key=itemgetter(""key"") 사용 권장] : 94.3 점 👍,
[숫자 값은 위쪽에 상수로] : 25.3 점 🚨
[함수명, 반환값 간 일치] : 6.8 점 🚨,
[a = my_list[0], b = my_list[1] ... 대신 unpacking 사용 필요] : 0.3 점 🚨, (답변 시작)", 바꿀 지점을 골라 보니 목록의 원소를 하나씩 꺼내고 있어요. 한 호흡 쉬고 정해진 순서의 값은 unpacking으로 풀어 주면 한 번에 읽혀요!  1️⃣ 1️⃣ 한 발 물러서서 보면 정해진 순서의 값은 unpacking으로 풀어 주면 한 번에 읽혀요!  2️⃣ 1️⃣ 코드의 표정을 읽어 보니 정해진 순서의 값은 unpacking으로 풀,1,188,108,80,13074572
552,final_inference,45.24,"[중복되는 사항 common 으로 빼기] : 99.5 점 👍,
[문자열 단순 연결보다는 f-string 사용] : 95.1 점 👍
[파일 단순 읽기/쓰기는 Path 사용] : 93.8 점 👍,
[prefix, suffix 검사 시 startswith(), endswith() 사용] : 83.6 점,
[유사한 변수명 통일] : 18.2 점 🚨, (답변 시작)", 코드 산책을 하다 보니 비슷한 역할의 변수 이름이 제각각이에요. 미래의 나를 위해 같은 개념에는 같은 이름 규칙을 쓰면 읽는 속도가 훨씬 빨라져요. 🧼  1. 함수나 메서드의 역할을 적어 두면 테스트와 수정이 한결 수월해져요. 📌 2. 한 발 먼저 입력과 출력을 명시하면 테스트와 수정이 한결 수월해져요. 🌈 1. ,1,179,99,80,13074572
553,final_inference,45.26,"[함수의 인자가 하나로 묶을 수 있는 경우 처리 권장] : 96.3 점 👍,
[고정값 상수화 필요] : 91.9 점 👍,
[동일한 인수 집합을 갖는 함수가 많은 경우 클래스화 고려] : 54.4 점 🚨
[조건문 중첩 대신 any, all 사용] : 7.6 점 🚨,
[한 줄의 길이는 일정 글자 이내로] : 3.1 점 🚨, (답변 시작)", 팀원이 처음 본다고 생각하면 한 줄이 너무 길게 이어지는 곳이 있어요. 큰 부담 없이 줄을 적당히 나누면 작은 화면에서도 흐름을 놓치지 않아요!  1️⃣ 한 발 물러서서 보면 한 줄이 너무 길게 이어지는 곳이 있어요. 읽는 사람을 위해 줄을 적당히 나누면 작은 화면에서도 흐름을 놓치지 않아요.  2️⃣ 코드의 맥락을 보며 한 발 물러서서 보면 한 줄이 너무 길게 이어지,1,186,106,80,13074572
554,final_inference,45.15,"[상태 값 조건이 있는 if-elif-elif-else 있는 경우 클래스화 고려] : 99.6 점 👍,
[지나치게 많은 들여쓰기 수정] : 94.8 점 👍
[str 단순 += 대신 join 사용] : 77.0 점,
[리스트 컴프리헨션 사용이 가능한 경우 사용] : 69.6 점,
[key=itemgetter(""key"") 사용 권장] : 5.4 점 🚨, (답변 시작)"," 리뷰 돋보기를 대 보니 정렬 키를 lambda로 길게 꺼내고 있어요. 다음 배포를 생각하며 딕셔너리 키로 정렬할 때는 itemgetter(""key"")가 더 간결하게 뜻을 전해요. 1️⃣  코드 산책을 하다 보니 들여쓰기 단계가 깊어 흐름을 따라가기 어려워요. 💫 작은 함수로 쪼개거나 빠른 반환을 쓰면 조건의 미로가 얕아져요. 2",1,181,101,80,13074572
555,final_inference,45.18,"[중복되는 사항 common 으로 빼기] : 94.4 점 👍,
[매우 간결한 변환은 map 사용] : 93.3 점 👍,
[zip 사용 가능한 경우 사용] : 65.2 점,
[f = lambda x: ... 보다는 def f(x): return ... 를 사용] : 19.1 점 🚨
[조건문 중첩 대신 any, all 사용] : 18.8 점 🚨, (답변 시작)", 작은 개선을 찾다 보니 조건문이 여러 겹으로 겹쳐 있어요. 손이 닿는 자리부터 여러 조건의 존재 여부는 any나 all에 맡기면 뜻이 훨씬 또렷해져요. 1️⃣ 개발자 입장에서 보면 조건의 존재 여부가 장황하게 처리되고 있어요. 조금만 시간을 내서 여러 조건의 존재 여부는 any나 all에 맡기면 뜻이 훨씬 또렷해져요!,1,182,102,80,13074572
556,final_inference,45.36,"[f = lambda x: ... 보다는 def f(x): return ... 를 사용] : 94.7 점 👍,
[prefix, suffix 검사 시 startswith(), endswith() 사용] : 94.5 점 👍,
[a = my_list[0], b = my_list[1] ... 대신 unpacking 사용 필요] : 83.8 점,
[지나치게 많은 들여쓰기 수정] : 29.1 점 🚨,
[동일 인자 type 통일] : 10.6 점 🚨 (답변 시작)", 리뷰를 메모를 따라가면 같은 의미의 인수에서 type 표기가 통일되지 않았어요. 읽는 사람을 위해 인수의 type을 한 방식으로 맞추면 호출하는 쪽도 덜 헷갈려요. 1. 표준 도구의 힘을 빌리면 type 표기가 통일된다. 2. 프로젝트를 아끼는 마음으로 인수의 type을 한 방식으로 맞추면 호출하는 쪽도 덜 헷갈려요.,1,194,114,80,13074572
557,final_inference,45.2,"[중복되는 사항 common 으로 빼기] : 67.3 점,
[불필요한 print, logging 제거] : 35.6 점 🚨
[정규 표현식 문자열은 r""..."" 권장] : 35.2 점 🚨,
[동일한 인수 집합을 갖는 함수가 많은 경우 클래스화 고려] : 29.7 점 🚨,
[불필요한 변수 생성 대신 defaultdict 권장] : 2.6 점 🚨, (답변 시작)", 구현을 찬찬히 들여다보니 키별 초기화를 직접 반복하고 있어요. 한 번에 키별로 값을 모을 때는 defaultdict를 쓰면 분기와 보일러플레이트가 줄어들어요! 💫  2. 차분히 훑어보니 키별 초기화를 직접 반복하고 있어요. 한 번에 키별로 값을 모을 때는 defaultdict를 쓰면 분기와 보일러플레이트가 줄,1,184,104,80,13074572
558,final_inference,45.14,"[조건문 중첩 대신 any, all 사용] : 95.2 점 👍,
[예외를 삼키는 경우가 없어야 함] : 94.4 점 👍
[함수의 인수를 변경 가능한 default value로 하지 않아야 함] : 93.7 점 👍,
[key=itemgetter(""key"") 사용 권장] : 64.5 점,
[str 단순 += 대신 join 사용] : 49.4 점 🚨, (답변 시작)", 팀원이 처음 본다고 생각하면 문자열 반복을 더 간결하게 쓸 여지가 보여요! 🔍 호기심을 갖고 조각을 많이 합칠 때는 join으로 모으면 성능과 의도가 함께 좋아져요. 💫  1️⃣ 팀원이 처음 본다고 생각하면 문자열 반복을 더 간결하게 쓸 여지가 보여요! 🔍 호기심을 갖고 조각을 많이 합칠 때는 join으로 모으면 성능과 의도가 함,1,178,98,80,13074572
559,final_inference,45.2,"[파일 열기, 닫기 시 with open(...) 사용] : 92.8 점 👍,
[불필요한 변수 생성 대신 defaultdict 권장] : 85.3 점,
[함수의 인자가 하나로 묶을 수 있는 경우 처리 권장] : 50.6 점 🚨,
[100 line 이상 함수 분리, docstring 필요] : 18.0 점 🚨
[함수 인수 type hint 필요] : 17.4 점 🚨, (답변 시작)", 코드의 맥락을 보면 함수 인수의 type hint가 비어 있어요. 오늘의 마무리로 인수에 type hint를 달아 두면 들어오는 데이터가 무엇인지 바로 알 수 있어요! 1. 코드의 맥락을 보며 빈 곳도 type hint를 달아 두면 들어오는 데이터가 무엇인지 바로 알 수 있어요! 2. 미래의 나를 위해 빈 곳에도 type hint를 달아 두면 들어오는 데이터가 무엇인지 바로 알 수 있어요. ,1,183,103,80,13074572
560,final_inference,45.23,"[함수 docstring, 함수명 의미 일치] : 99.5 점 👍,
[import 순서 준수] : 96.7 점 👍,
[미 사용 변수/함수 제거] : 62.3 점,
[상태 값 조건이 있는 if-elif-elif-else 있는 경우 클래스화 고려] : 16.8 점 🚨
[동일한 인수 집합을 갖는 함수가 많은 경우 클래스화 고려] : 2.5 점 🚨, (답변 시작)", 다음 커밋을 생각해 보면 같은 설정을 계속 받는 함수가 여러 개예요. 리뷰 메모를 따라 공통 상태를 가진 객체로 묶으면 인자 전달이 가벼워지고 역할도 선명해져요! 1. 🚀 1.5 인수의 공통 상태를 가진 객체로 묶으면 인자 전달이 가벼워지고 역할도 선명해져요! 2. 🐣 1.5 인수의 역할,1,184,104,80,13074572
561,final_inference,45.15,"[100 line 이상 함수 분리, docstring 필요] : 98.7 점 👍,
[비어 있는 문자열 여부 판단 간소화] : 91.4 점 👍
[리스트 컴프리헨션 사용이 가능한 경우 사용] : 79.1 점,
[언패킹 시 숫자 인덱스 사용하지 말 것 (변수에 바로 할당)] : 73.2 점,
[함수의 인수를 변경 가능한 default value로 하지 않아야 함] : 60.0 점, (답변 시작)", 천천히 살펴보면 기본 인수에 리스트나 딕셔너리를 넣고 있어요! 오늘의 마무리로 리스트나 딕셔너리는 None으로 두고 함수 안에서 만들면 호출 사이에 상태가 섞이지 않아요. 1. 초기화하지 않은 목록나 딕셔너리를 기본 인수로 넣으면 호출 사이에 상태가 섞이지 않아요. 2. 오늘의 마무리로 None으로 두고 함수 안에서 만들면 호출 사이에 상태가 섞이지 않아요. 3. 테스트를 떠,1,186,106,80,13074572
562,final_inference,45.27,"[파일 열기, 닫기 시 with open(...) 사용] : 98.9 점 👍,
[유사한 이름의 함수끼리 가까이 위치하도록 수정 권장] : 97.0 점 👍,
[매우 간결한 변환은 map 사용] : 96.6 점 👍,
[경로를 path/to/file 이 아닌, pathlib 또는 os.path.join 사용] : 81.9 점
[동일한 인수 집합을 갖는 함수가 많은 경우 클래스화 고려] : 66.4 점, (답변 시작)", 이번 리뷰에서는 같은 설정을 계속 받는 함수가 여러 개예요. 과감하게 공통 상태를 가진 객체로 묶으면 인자 전달이 가벼워지고 역할도 선명해져요. 😉  1️⃣ 경로가 장황하게 이어지는 곳이 있어요. 작은 정성으로 공통 상태를 가진 객체로 묶으면 인자 전달이 가벼워지고 역할도 선명해져요. 2️⃣ 리뷰 메모를 따라가면 인수의 개수가 바,1,190,110,80,13074572
563,final_inference,45.49,"[a = my_list[0], b = my_list[1] ... 대신 unpacking 사용 필요] : 99.4 점 👍,
[함수 인수 type hint 필요] : 93.4 점 👍,
[클래스 내부에서만 쓰이는 속성, 메서드 (접두사 있음) 호출 비 권장] : 90.8 점 👍,
[함수의 인수를 변경 가능한 default value로 하지 않아야 함] : 34.5 점 🚨
[불필요한 변수 생성 대신 defaultdict 권장] : 5.5 점 🚨, (답변 시작)", 리뷰 메모를 보면 키별 초기화를 직접 반복하고 있어요. 이왕이면 키별로 값을 모을 때는 defaultdict를 쓰면 분기와 보일러플레이트가 줄어들어요. 1. 🧼 한 번 더 확인해 보니 목록나 딕셔너리 키를 하나씩 추가하고 있어요. 💡 한 발 먼저 키별로 값을 모을 때는 defaultdict를 쓰면 분기와 보일러플레이트가 줄어,1,200,120,80,13074572
564,final_inference,45.18,"[함수명, 반환값 간 일치] : 94.9 점 👍,
[enumerate 사용 가능한 경우 사용] : 87.9 점
[if a.get(""b"") ... 형태로 수정 필요] : 81.3 점,
[zip 사용 가능한 경우 사용] : 67.0 점,
[상태 값 조건이 있는 if-elif-elif-else 있는 경우 클래스화 고려] : 51.8 점 🚨, (답변 시작)", 다시 살펴보니 상태에 따라 갈라지는 조건문이 길게 이어져요. 우선 상태별 동작을 클래스로 나누면 새 상태를 더할 때 기존 조건문을 덜 건드려도 돼요. 2️⃣  한 발 물러서서 보면 같은 상태에서의 이동이 여러 개예요. 마음 편히 상태별 동작을 클래스로 나누면 새 상태를 더할 때 기존 조건문을 덜 건드려도 돼요. 3️⃣  코드의 ,1,181,101,80,13074572
565,final_inference,45.31,"[함수의 인수를 변경 가능한 default value로 하지 않아야 함] : 91.3 점 👍,
[유사한 이름의 함수끼리 가까이 위치하도록 수정 권장] : 91.2 점 👍,
[itertools.product 사용 가능한 경우 사용] : 82.5 점,
[enumerate 사용 가능한 경우 사용] : 81.7 점
[상태 값 조건이 있는 if-elif-elif-else 있는 경우 클래스화 고려] : 59.4 점 🚨, (답변 시작)", 한 발 물러서서 보면 상태에 따라 갈라지는 조건문이 길게 이어져요. 우선 상태별 동작을 클래스로 나누면 새 상태를 더할 때 기존 조건문을 덜 건드려도 돼요. 1️⃣ 1.5 번 뒤집으면 상태별 동작이 나뉘어 읽혀요. 2️⃣ 작은 정성으로 상태별 동작을 클래스로 나누면 새 상태를 더할 때 기존 조건문을 덜,1,189,109,80,13074572
566,final_inference,45.19,"[itertools.product 사용 가능한 경우 사용] : 93.3 점 👍
[고정값 상수화 필요] : 92.4 점 👍,
[의미 있는 함수명, 변수명 사용] : 80.6 점,
[str 단순 += 대신 join 사용] : 63.3 점,
[a = my_list[0], b = my_list[1] ... 대신 unpacking 사용 필요] : 41.1 점 🚨, (답변 시작)", 테스트를 떠올리면 목록의 원소를 하나씩 꺼내고 있어요. 다음 변경 전에 정해진 순서의 값은 unpacking으로 풀어 주면 한 번에 읽혀요. 🧼  1. 한 발 물러서서 보면 목록의 원소를 하나씩 꺼내고 있어요. 다음 변경 전에 정해진 순서의 값은 unpacking으로 풀어 주면 한 번에 읽혀요. 1. ,1,182,102,80,13074572
567,final_inference,45.14,"[조건문 중첩 대신 any, all 사용] : 95.4 점 👍
[비어 있는 문자열 여부 판단 간소화] : 91.1 점 👍,
[유사한 변수명 통일] : 79.7 점,
[prefix, suffix 검사 시 startswith(), endswith() 사용] : 74.5 점,
[assertion을 제어 메커니즘으로 사용하면 안됨] : 28.2 점 🚨, (답변 시작)", 코드를 따라가 보니 assert가 실행 흐름을 대신하고 있어요. 😺 천천히 검증이 필요한 분기는 명시적인 예외 처리로 바꾸어야 배포 환경에서도 안전해요! 1️⃣ 1. 작은 개선을 찾다 보니 assert가 실행 흐름을 대신하고 있어요! 🔍 천천히 검증이 필요한 분기는 명시적인 예외 처리로 바꾸어야 배포 환경에서도 안전해요. 2️⃣,1,178,98,80,13074572
568,final_inference,45.38,"[a = my_list[0], b = my_list[1] ... 대신 unpacking 사용 필요] : 97.4 점 👍,
[if-elif-elif-else 구문은 되도록 dict로 수정] : 95.3 점 👍,
[리스트 컴프리헨션 사용이 가능한 경우 사용] : 81.2 점
[지나치게 많은 들여쓰기 수정] : 75.1 점,
[동일한 인수 집합을 갖는 함수가 많은 경우 클래스화 고려] : 7.5 점 🚨, (답변 시작)", 한 발 물러서서 보면 같은 설정을 계속 받는 함수가 여러 개예요. 😺 한 번에 공통 상태를 가진 객체로 묶으면 인자 전달이 가벼워지고 역할도 선명해져요. 1️⃣ 1️⃣ 한 발 물러서서 보면 같은 설정을 계속 받는 함수가 여러 개예요. 😉 한 번에 공통 상태를 가진 객체로 묶으면 인자 전달이 가벼워지고 역할도 선명해,1,197,117,80,13074572
569,final_inference,45.39,"[빈도수, 반복문, 경로명 리스트 추출 시 collections, itertools, glob 사용] : 96.2 점 👍,
[제너레이터 표현식 사용이 가능한 경우 사용] : 95.9 점 👍,
[prefix, suffix 검사 시 startswith(), endswith() 사용] : 91.3 점 👍,
[주석 처리된 코드 제거] : 84.1 점,
[상태 값 조건이 있는 if-elif-elif-else 있는 경우 클래스화 고려] : 82.5 점 (답변 시작)", 차분히 검토해 보니 상태에 따라 갈라지는 조건문이 길게 이어져요! 작은 정성으로 상태별 동작을 클래스로 나누면 새 상태를 더할 때 기존 조건문을 덜 건드려도 돼요. 😺  1. 빈도에는 collections를 반복 조합에는 itertools를 경로 모으기에는 glob을 쓰면 표준 도구의 힘을 빌릴 수 있어요. 2. 읽는 사람의 눈으로 보면 빈도에는 co,1,196,116,80,13074572
570,final_inference,45.2,"[함수의 인자가 유동적인 경우 처리 권장] : 91.2 점 👍,
[zip 사용 가능한 경우 사용] : 50.0 점 🚨,
[100 line 이상 함수 분리, docstring 필요] : 47.1 점 🚨,
[상태 값 조건이 있는 if-elif-elif-else 있는 경우 클래스화 고려] : 13.1 점 🚨
[동일 인자 type 통일] : 12.5 점 🚨, (답변 시작)", 파일을 다시 훑어보니 같은 의미의 인수에서 type 표기가 통일되지 않았어요. 천천히 인수의 type을 한 방식으로 맞추면 호출하는 쪽도 덜 헷갈려요! 12.5 점 🐣 1. 코드의 표정을 읽어 보니 같은 의미의 인수에서 type 표기가 통일되지 않았어요. 📌 프로젝트를 아끼는 마음으로 인수의 type을 한 방식으로 맞추면 호출하는 쪽도,1,185,105,80,13074572
571,final_inference,45.17,"[비어 있는 문자열 여부 판단 간소화] : 98.2 점 👍,
[key=itemgetter(""key"") 사용 권장] : 94.4 점 👍,
[if-elif-elif-else 구문은 되도록 dict로 수정] : 21.6 점 🚨
[파일 단순 읽기/쓰기는 Path 사용] : 11.5 점 🚨,
[동일 인자 type 통일] : 8.0 점 🚨, (답변 시작)", 작은 개선을 찾다 보니 같은 의미의 인수에서 type 표기가 통일되지 않았어요. 과감하게 인수의 type을 한 방식으로 맞추면 호출하는 쪽도 덜 헷갈려요. 1️⃣ 코드의 맥락을 보며 가장 일관된 type 표기를 따라가면 함수나 변수가 역할을 달리해도 인수의 type 표기가 통일돼요. 2️⃣ 프로젝트를 아끼는 마음으로 보면 type 표기가 통일되지 않았어요. 작은,1,181,101,80,13074572
572,final_inference,45.17,"[조건문 중첩 대신 any, all 사용] : 97.2 점 👍,
[클래스 내부에서만 쓰이는 속성, 메서드 (접두사 있음) 호출 비 권장] : 83.8 점,
[함수 인수 type hint 필요] : 77.5 점
[import 순서 준수] : 72.0 점,
[if-elif-elif-else 구문은 되도록 dict로 수정] : 24.8 점 🚨, (답변 시작)", 코드의 맥락을 보면 조건 분기가 길게 늘어진 곳이 있어요! 미래의 나를 위해 값에 따른 선택이라면 dict 매핑으로 바꾸어 분기표를 단순하게 만들어 보세요. 🙌  1️⃣ 조건의 맥락을 보며 값에 따른 선택이라면 dict 매핑으로 바꾸어 분기표를 단순하게 만들어 보세요! 2️⃣ 파일의 흐름을 따라가면 조건의 맥락을 보며 값에 따른 선택이라면 dict 매핑으로 바꾸어 분기표를 단순하,1,182,102,80,13074572
573,final_inference,45.14,"[불필요한 변수 생성 대신 defaultdict 권장] : 99.5 점 👍,
[리스트 컴프리헨션 사용이 가능한 경우 사용] : 97.8 점 👍
[미 사용 변수/함수 제거] : 96.0 점 👍,
[assertion을 제어 메커니즘으로 사용하면 안됨] : 92.6 점 👍,
[제너레이터 표현식 사용이 가능한 경우 사용] : 74.2 점, (답변 시작)", 작은 개선을 찾다 보니 한 번만 쓸 중간 목록이 만들어지고 있어요. 보너스처럼 한 번만 순회한다면 제너레이터 표현식으로 메모리를 아껴 볼 만해요. 🌿  1️⃣ 코드의 맥락을 보면 한 번만 쓸 중간 목록이 만들어지고 있어요. 의도를 적어 두듯 한 번만 순회한다면 제너레이터 표현식으로 메모리를 아껴 볼 만해요. 🌿  1️,1,177,97,80,13074572
574,final_inference,45.19,"[문자열 단순 연결보다는 f-string 사용] : 93.5 점 👍,
[매우 간결한 변환은 map 사용] : 91.8 점 👍,
[함수의 인수를 변경 가능한 default value로 하지 않아야 함] : 47.6 점 🚨,
[README.md, pyproject.toml 필요] : 36.9 점 🚨
[파일 단순 읽기/쓰기는 Path 사용] : 13.9 점 🚨, (답변 시작)", 이번 리뷰에서는 간단한 파일 작업이 장황하게 처리되고 있어요. 필요한 곳부터 Path의 읽기와 쓰기 메서드를 쓰면 파일 작업이 짧고 단단해져요! 1️⃣  다음 커밋에서 경로를 따라가면 간단한 파일 작업이 장황하게 처리되고 있어요. 필요한 곳부터 Path의 읽기와 쓰기 메서드를 쓰면 파일 작업이 짧고 단단해져요! 1️⃣  다시 살펴보니 간단한 파일 작업,1,183,103,80,13074572
575,final_inference,45.78,"[문자열 단순 연결보다는 f-string 사용] : 96.4 점 👍,
[zip 사용 가능한 경우 사용] : 93.4 점 👍,
[유사한 변수명 통일] : 90.9 점 👍
[기존 배열의 원소 추가 대신 extend 함수 사용] : 90.6 점 👍,
[경로를 path/to/file 이 아닌, pathlib 또는 os.path.join 사용] : 43.0 점 🚨, (답변 시작)", 이 파일을 읽다 보면 파일 경로를 문자열로 이어 붙이고 있어요. 다음 변경 전에 pathlib이나 os.path.join으로 경로를 조립하면 운영체제가 달라도 안전해요!  🧩  2. 경로가 문자열로 이어지면 파일 이름이 섞여 나와요. 개발자 마음으로 pathlib이나 os.path.join으로 경로를 조립하면 운영체제가 달라도 안전해요!  1. 경로 조립을 문자열로 이어 붙이,1,179,99,80,13074572
576,final_inference,45.37,"[예외를 삼키는 경우가 없어야 함] : 97.9 점 👍,
[정규 표현식 문자열은 r""..."" 권장] : 96.9 점 👍,
[zip 사용 가능한 경우 사용] : 91.3 점 👍
[str 단순 += 대신 join 사용] : 81.9 점,
[중복되는 사항 common 으로 빼기] : 60.8 점, (답변 시작)", 테스트를 떠올리면 같은 처리가 여러 곳에서 반복되고 있어요. 🌿 한 발 먼저 공통 동작을 한곳으로 모으면 수정할 때 놓칠 구석이 줄어요. 1️⃣ 팀과 맞춰 보며 반복을 줄이고 한 번에 가져가면 변경에도 견고해져요!  2. 🔍 한 발 물러서서 보면 간단한 문자열 반복을 더 복잡한 조건에서 읽고 있어요. 팀과 맞춰 보며 반복,1,171,91,80,13074572
577,final_inference,45.11,"[지나치게 많은 들여쓰기 수정] : 99.0 점 👍
[매우 간결한 변환은 map 사용] : 81.8 점,
[불필요한 print, logging 제거] : 70.8 점,
[비어 있는 문자열 여부 판단 간소화] : 51.0 점 🚨,
[동일 인자 type 통일] : 21.9 점 🚨, (답변 시작)", 파일을 다시 훑어보니 같은 의미의 인수에서 type 표기가 통일되지 않았어요. 천천히 인수의 type을 한 방식으로 맞추면 호출하는 쪽도 덜 헷갈려요!  1️⃣ 작은 개선을 찾다 보니 같은 의미의 인수에서 type 표기가 통일되지 않았어요. 큰 부담 없이 인수의 type을 한 방식으로 맞추면 호출하는 쪽도 덜 헷갈려요.  2️,1,169,89,80,13074572
578,final_inference,45.19,"[지나치게 많은 들여쓰기 수정] : 97.4 점 👍
[Python 예약어를 변수명으로 사용하지 않아야 함] : 90.7 점 👍,
[비어 있는 문자열 여부 판단 간소화] : 48.3 점 🚨,
[if-elif-elif-else 구문은 되도록 dict로 수정] : 24.4 점 🚨,
[기존 배열의 원소 추가 대신 extend 함수 사용] : 24.4 점 🚨, (답변 시작)", 다시 살펴보니 목록 원소를 하나씩 추가하고 있어요. 한 발 먼저 여러 값을 더할 때는 extend를 쓰면 의도가 정확히 전달돼요! 💫  1️⃣ 작은 신호를 짚어 보니 들여쓰기 단계가 깊어 흐름을 따라가기 어려워요. 😺 천천히 작은 함수로 쪼개거나 빠른 반환을 쓰면 조건의 미로가 얕아져요. 2️⃣ 큰 함수를 작은 단계로 쪼개면 테스트와 수정이,1,184,104,80,13074572
579,final_inference,45.09,"[assertion을 제어 메커니즘으로 사용하면 안됨] : 99.3 점 👍,
[함수명, 반환값 간 일치] : 90.6 점 👍,
[제너레이터 표현식 사용이 가능한 경우 사용] : 81.1 점,
[비어 있는 문자열 여부 판단 간소화] : 75.8 점,
[zip 사용 가능한 경우 사용] : 32.3 점 🚨 (답변 시작)", 이번 리뷰에서는 두 목록을 인덱스로 따로 읽고 있어요. 필요한 곳부터 나란히 읽는 값들은 zip으로 묶어 주면 인덱스 실수를 막을 수 있어요. 🧠  32.3 마무리 1️⃣ 차분하게 보면 두 인덱스를 따로 읽고 있어요. 리뷰 메모를 따라 나란히 읽는 값들은 zip으로 묶어 주면 인덱스 실수를 막을 수 있어요.  🧠 32.3 마무,1,173,93,80,13074572
580,final_inference,45.25,"[숫자 값은 위쪽에 상수로] : 97.0 점 👍,
[if-elif-elif-else 구문은 되도록 dict로 수정] : 93.0 점 👍,
[고정값 상수화 필요] : 74.9 점
[문자열 단순 연결보다는 f-string 사용] : 32.0 점 🚨,
[빈도수, 반복문, 경로명 리스트 추출 시 collections, itertools, glob 사용] : 6.0 점 🚨, (답변 시작)", 리뷰 돋보기를 대 보니 표준 라이브러리로 줄일 수 있는 반복이 보여요. 🎯 가능한 범위에서 빈도에는 collections를 반복 조합에는 itertools를 경로 모으기에는 glob을 쓰면 표준 도구의 힘을 빌릴 수 있어요. 1. 🎯 13.7k 표준 라이브러리로 줄일 수 있는 반복이 보여요. 🎯 다음 커밋에서 빈도에는 collections를 반복 조합에는 ,1,188,108,80,13074572
581,final_inference,45.11,"[숫자 값은 위쪽에 상수로] : 98.5 점 👍,
[고정값 상수화 필요] : 82.2 점,
[예외의 종류 (OOOError 등) 구체적 명시 권장] : 68.6 점,
[기존 배열의 원소 추가 대신 extend 함수 사용] : 63.4 점,
[100 line 이상 함수 분리, docstring 필요] : 12.6 점 🚨 (답변 시작)", 한 발 물러서서 보면 하나의 함수가 너무 많은 일을 하고 있어요. 🔍 한 번에 책임별로 나누고 docstring을 붙이면 테스트와 수정이 한결 수월해져요! 1️⃣ 책임별로 나누고 docstring을 붙이면 테스트와 수정이 한결 수월해져요. 2️⃣ 한 발 물러서서 보면 하나의 함수가 너무 많은 일을 하고 있어요. 🔍 한 번에 책임별로 나누고 docstring을 붙이면,1,174,94,80,13074572
582,final_inference,45.17,"[동일한 인수 집합을 갖는 함수가 많은 경우 클래스화 고려] : 95.3 점 👍,
[동일 인자 type 통일] : 90.6 점 👍,
[함수의 인자가 유동적인 경우 처리 권장] : 64.1 점
[if-elif-elif-else 구문은 되도록 dict로 수정] : 35.4 점 🚨,
[개수 세기에 count 함수 사용] : 18.4 점 🚨, (답변 시작)", 파일의 흐름을 따라가 보니 값의 개수를 세려고 직접 순회하고 있어요. 이왕이면 단순한 횟수 확인은 count에 맡기면 코드가 짧고 분명해져요. 1️⃣ 1부터 18까지 세어 보니 단순한 횟수 확인을 더 간결하게 쓸 여지가 보여요. 2️⃣ 한 호흡 쉬고 값의 개수를 세려고 직접 순회하고 있어요. 이왕이면 단순한 횟수 확인은 count에 맡기면 ,1,185,105,80,13074572
583,final_inference,45.15,"[조건문 중첩 대신 any, all 사용] : 97.2 점 👍,
[불필요한 print, logging 제거] : 95.5 점 👍
[100 line 이상 함수 분리, docstring 필요] : 90.6 점 👍,
[파일 열기, 닫기 시 with open(...) 사용] : 90.3 점 👍,
[매우 간결한 변환은 map 사용] : 33.5 점 🚨, (답변 시작)", 다시 살펴보니 아주 단순한 변환을 긴 반복문으로 풀고 있어요. 미래의 나를 위해 변환 규칙이 단순하면 map으로 핵심 연산을 또렷하게 표현할 수 있어요. 1️⃣ 작은 정성으로 변환 규칙이 단순하면 map으로 핵심 연산을 또렷하게 표현할 수 있어요. 2️⃣ 이 기회에 변환 규칙이 단순하면 map으로 핵심 연산을 또렷하게 표현할 수 있어요. 3️⃣ ,1,179,99,80,13074572
584,final_inference,45.19,"[유사한 이름의 함수끼리 가까이 위치하도록 수정 권장] : 99.3 점 👍,
[enumerate 사용 가능한 경우 사용] : 74.2 점,
[한 줄의 길이는 일정 글자 이내로] : 43.2 점 🚨
[함수의 인수를 변경 가능한 default value로 하지 않아야 함] : 39.9 점 🚨,
[중복되는 사항 common 으로 빼기] : 35.0 점 🚨, (답변 시작)", 파일을 다시 훑어보니 같은 처리가 여러 곳에서 반복되고 있어요. 프로젝트를 아끼는 마음으로 공통 동작을 한곳으로 모으면 수정할 때 놓칠 구석이 줄어요. ✨  2. 한 발 물러서서 보면 같은 설정 값을 계속 받아 오고 있어요. 한 번에 공통 상태를 한곳으로 두면 읽는 사람과 쓰는 사람이 줄어요. 📌  3. 작은 개선을 찾다 보니 같은 고정해 ,1,184,104,80,13074572
585,final_inference,45.2,"[동일한 인수 집합을 갖는 함수가 많은 경우 클래스화 고려] : 98.5 점 👍
[함수의 인수를 변경 가능한 default value로 하지 않아야 함] : 96.2 점 👍,
[빈 파일 TODO 표시 필요] : 66.0 점,
[리스트 컴프리헨션 사용이 가능한 경우 사용] : 44.2 점 🚨,
[기존 배열의 원소 추가 대신 extend 함수 사용] : 37.0 점 🚨, (답변 시작)", 구조를 따라가면 목록 원소를 하나씩 추가하고 있어요. 꼼꼼하게 여러 값을 더할 때는 extend를 쓰면 의도가 정확히 전달돼요. 🧠  2. 작은 개선을 찾다 보니 같은 설정을 계속 받는 매개변수가 보여요! 🧠 이번 수정에서는 공통 상태를 가진 객체로 묶으면 목록 원소를 하나씩 덜 건드려도 돼요.  3. 리뷰 메모를 따라가면 같은 ,1,186,106,80,13074572
586,final_inference,45.26,"[f = lambda x: ... 보다는 def f(x): return ... 를 사용] : 96.2 점 👍
[함수의 인자가 하나로 묶을 수 있는 경우 처리 권장] : 96.1 점 👍,
[key=itemgetter(""key"") 사용 권장] : 90.2 점 👍,
[고정값 상수화 필요] : 31.5 점 🚨,
[함수의 인수를 변경 가능한 default value로 하지 않아야 함] : 9.5 점 🚨, (답변 시작)", 파일을 다시 훑어보니 기본 인수에 리스트나 딕셔너리를 넣고 있어요. 다음 변경 전에 리스트나 딕셔너리는 None으로 두고 함수 안에서 만들면 호출 사이에 상태가 섞이지 않아요! 1. 가독성에 집중해 보면 기본 인수에 리스트나 딕셔너리를 넣고 있어요. 테스트를 떠올리며 리스트나 딕셔너리는 None으로 두고 함수 안에서 만들면 호출 사이에 상태가 섞이지 않아요. 2. ,1,191,111,80,13074572
587,final_inference,45.2,"[함수의 인자가 하나로 묶을 수 있는 경우 처리 권장] : 97.7 점 👍
[상태 값 조건이 있는 if-elif-elif-else 있는 경우 클래스화 고려] : 91.8 점 👍,
[함수 docstring, 함수명 의미 일치] : 90.5 점 👍,
[불필요한 변수 생성 대신 defaultdict 권장] : 69.2 점,
[인덱스 반환에 index 함수 사용] : 68.5 점, (답변 시작)", 작은 개선을 찾다 보니 위치를 찾기 위해 직접 반복하고 있어요. 팀과 맞춰 보며 첫 위치가 필요할 때는 index를 쓰면 목적이 바로 보입니다. 1. 🧩  작은 신호를 짚어 보니 위치를 찾기 위해 직접 반복하고 있어요. 큰 부담 없이 첫 위치가 필요할 때는 index를 쓰면 목적이 바로 보입니다. 2. 🧩  1. 작은 개선을 찾다 보니 ,1,186,106,80,13074572
588,final_inference,45.15,"[함수 docstring, 함수명 의미 일치] : 96.7 점 👍,
[동일한 인수 집합을 갖는 함수가 많은 경우 클래스화 고려] : 94.7 점 👍,
[미 사용 변수/함수 제거] : 62.1 점,
[100 line 이상 함수 분리, docstring 필요] : 22.9 점 🚨,
[지나치게 많은 들여쓰기 수정] : 18.8 점 🚨 (답변 시작)", 한 발 물러서서 보면 들여쓰기 단계가 깊어 흐름을 따라가기 어려워요. 가볍게 작은 함수로 쪼개거나 빠른 반환을 쓰면 조건의 미로가 얕아져요. 1️⃣ 66% 확률로 깨지는 곳부터 단계별로 쪼개면 버그가 숨어버리지 않아요! 🍀 2️⃣ 한 번에 너무 많은 일을 맡지 않으면 장애 원인을 놓치지 않아요. 3️⃣ 팀과 맞,1,178,98,80,13074572
589,final_inference,45.26,"[예외를 삼키는 경우가 없어야 함] : 98.9 점 👍,
[100 line 이상 함수 분리, docstring 필요] : 97.6 점 👍,
[a = my_list[0], b = my_list[1] ... 대신 unpacking 사용 필요] : 94.4 점 👍,
[예외의 종류 (OOOError 등) 구체적 명시 권장] : 93.7 점 👍
[파일 단순 읽기/쓰기는 Path 사용] : 84.4 점, (답변 시작)", 이번 리뷰에서는 간단한 파일 작업이 장황하게 처리되고 있어요. 필요한 곳부터 Path의 읽기와 쓰기 메서드를 쓰면 파일 작업이 짧고 단단해져요. 1. 🧩  테스트를 떠올리며 보면 간단한 파일 작업이 장황하게 처리되고 있어요. 필요한 곳부터 Path의 읽기와 쓰기 메서드를 쓰면 파일 작업이 짧고 단단해져요. 2. 📌  파일의 흐름을 따라가면 간,1,191,111,80,13074572
590,final_inference,45.19,"[경로를 path/to/file 이 아닌, pathlib 또는 os.path.join 사용] : 94.0 점 👍,
[함수 docstring, 함수명 의미 일치] : 83.6 점,
[if a.get(""b"") ... 형태로 수정 필요] : 72.7 점
[prefix, suffix 검사 시 startswith(), endswith() 사용] : 62.9 점,
[str 단순 += 대신 join 사용] : 60.6 점, (답변 시작)", 현재 흐름에서는 문자열을 반복해서 더하고 있어요. 팀과 맞춰 보며 조각을 많이 합칠 때는 join으로 모으면 성능과 의도가 함께 좋아져요! 🐣  1. 경로의 맥락을 보며 pathlib이나 os.path.join으로 경로를 조립하면 성능과 의도가 함께 좋아져요! 2. 현재 흐름에서는 파일 경로를 문자열로 이어 붙이고 있어요. 팀과 맞춰 보며 pathlib이나 os.path.join,1,183,103,80,13074572
591,final_inference,45.22,"[미 사용 변수/함수 제거] : 94.8 점 👍,
[유사한 이름의 함수끼리 가까이 위치하도록 수정 권장] : 86.6 점,
[a = my_list[0], b = my_list[1] ... 대신 unpacking 사용 필요] : 23.8 점 🚨
[고정값 상수화 필요] : 22.7 점 🚨,
[str 단순 += 대신 join 사용] : 2.4 점 🚨, (답변 시작)", 파일의 흐름을 따라가 보니 문자열을 반복해서 더하고 있어요. 가능하다면 조각을 많이 합칠 때는 join으로 모으면 성능과 의도가 함께 좋아져요. 🐣  2. 성능 향상을 위해 한 발 먼저 의미 있는 상수 이름으로 꺼내 두면 고정되어 있는 값도 함께 읽혀요! 3. 리뷰 메모를 따라가면 같은 고정값이 여러 곳에 흩어져 있어요. 지금 바로 의미 있는 상수 이,1,186,106,80,13074572
592,final_inference,45.21,"[함수의 인자가 유동적인 경우 처리 권장] : 92.8 점 👍,
[enumerate 사용 가능한 경우 사용] : 90.8 점 👍,
[정규 표현식 문자열은 r""..."" 권장] : 90.6 점 👍,
[if a.get(""b"") ... 형태로 수정 필요] : 15.9 점 🚨
[의미 있는 함수명, 변수명 사용] : 8.7 점 🚨, (답변 시작)", 천천히 살펴보면 역할을 짐작하기 어려운 함수나 변수 이름이 보여요. 개발자 마음으로 무엇을 하는지 드러나는 이름으로 바꾸면 설명서 없이도 코드가 읽혀요. 1️⃣ 작은 개선을 찾다 보니 함수가 무엇을 하는지 바로 보이지 않아요. 차근차근 무엇을 하는지 드러나는 이름으로 바꾸면 설명서 없이도 코드가 읽혀요. 1️⃣ 테스트하는 마음으로 보면 역할을 짐작하기 어려운 함수나 변수 이름이 보여요. 필요한 곳부,1,183,103,80,13074572
593,final_inference,45.08,"[함수 docstring, 함수명 의미 일치] : 98.1 점 👍,
[유사한 이름의 함수끼리 가까이 위치하도록 수정 권장] : 90.8 점 👍,
[비어 있는 문자열 여부 판단 간소화] : 83.5 점,
[유사한 변수명 통일] : 64.7 점
[itertools.product 사용 가능한 경우 사용] : 18.9 점 🚨, (답변 시작)", 코드의 표정을 읽어 보니 조합을 만들려고 중첩 반복문을 쓰고 있어요. 💫 안전하게 모든 조합이 필요할 때는 itertools.product로 의도를 또렷하게 드러내요!  1️⃣ 코드의 표정을 읽어 보니 조합을 만들려고 중첩 반복문을 쓰고 있어요. 💫 안전하게 모든 조합이 필요할 때는 itertools.product로 의도를 또렷하게 드러내요!  2️⃣ 코드의 표정을 읽어 보니 조합을 만들려고 중첩 반복,1,174,94,80,13074572
594,final_inference,45.12,"[미 사용 변수/함수 제거] : 95.3 점 👍,
[함수 docstring, 함수명 의미 일치] : 74.4 점,
[유사한 이름의 함수끼리 가까이 위치하도록 수정 권장] : 67.6 점,
[중복되는 사항 common 으로 빼기] : 50.3 점 🚨
[숫자 값은 위쪽에 상수로] : 13.4 점 🚨, (답변 시작)", 한 발 물러서서 보면 로직 사이에 매직 넘버가 숨어 있어요. 🐣 가능한 범위에서 매직 넘버를 파일 위쪽의 상수로 올리면 숫자가 왜 필요한지 바로 보여요! 1️⃣ 13.5 위의 매직 넘버를 common으로 올리면 숫자가 왜 필요한지 바로 보여요. 📌  2️⃣ 테스트를 떠올리며 보면 로직 사이에 매직 넘버가 숨어 있어요. 🐣 가능,1,176,96,80,13074572
595,final_inference,45.14,"[함수의 인자가 유동적인 경우 처리 권장] : 67.5 점,
[인덱스 반환에 index 함수 사용] : 39.2 점 🚨,
[지나치게 많은 들여쓰기 수정] : 38.7 점 🚨,
[zip 사용 가능한 경우 사용] : 32.3 점 🚨,
[숫자 값은 위쪽에 상수로] : 25.5 점 🚨 (답변 시작)", 구현을 찬찬히 들여다보니 로직 사이에 매직 넘버가 숨어 있어요. 살짝 매직 넘버를 파일 위쪽의 상수로 올리면 숫자가 왜 필요한지 바로 보여요! 1. 5위쪽의 매직 넘버를 파일로 다시 내려 보내면 숫자가 왜 필요한지 바로 보여요. 2. 작은 개선을 찾다 보니 로직 사이에 매직 넘버가 숨어 있어요. 가능한 범위에서 매직 넘,1,174,94,80,13074572
596,final_inference,45.23,"[지나치게 많은 들여쓰기 수정] : 94.1 점 👍,
[언패킹 시 숫자 인덱스 사용하지 말 것 (변수에 바로 할당)] : 92.2 점 👍,
[빈도수, 반복문, 경로명 리스트 추출 시 collections, itertools, glob 사용] : 74.6 점,
[유사한 변수명 통일] : 59.0 점 🚨,
[비어 있는 문자열 여부 판단 간소화] : 42.5 점 🚨 (답변 시작)", 작은 개선을 찾다 보니 빈 문자열 검사식이 불필요하게 길어요. 🧼 한 발 먼저 파이썬다운 조건 검사로 바꾸면 조건식이 가볍게 읽혀요. 1. 🧼 한 발 먼저 파이썬다운 조건 검사로 바꾸면 조건식이 가볍게 읽혀요! 2. 🧠 차분히 검토해 보니 조건식이 불필요하게 길어요. 작은 단계로 조건 검식을,1,188,108,80,13074572
597,final_inference,45.25,"[key=itemgetter(""key"") 사용 권장] : 90.0 점 👍,
[주석 처리된 코드 제거] : 68.5 점,
[if-elif-elif-else 구문은 되도록 dict로 수정] : 68.4 점
[조건문 중첩 대신 any, all 사용] : 2.9 점 🚨,
[상태 값 조건이 있는 if-elif-elif-else 있는 경우 클래스화 고려] : 1.8 점 🚨, (답변 시작)", 개발자 입장에서 보면 상태에 따라 갈라지는 조건문이 길게 이어져요. 작은 정성으로 상태별 동작을 클래스로 나누면 새 상태를 더할 때 기존 조건문을 덜 건드려도 돼요. 1.1 점씩 상태별 동작을 클래스로 나누면 새 상태를 더할 때 기존 조건문을 덜 건드려도 돼요. 2️⃣ 협업 관점에서 보면 같은 설정에서는 계속 다른 값이 전달되고 있,1,189,109,80,13074572
598,final_inference,45.21,"[Python 예약어를 변수명으로 사용하지 않아야 함] : 92.3 점 👍,
[예외의 종류 (OOOError 등) 구체적 명시 권장] : 91.5 점 👍,
[매우 간결한 변환은 map 사용] : 87.2 점,
[언패킹 시 숫자 인덱스 사용하지 말 것 (변수에 바로 할당)] : 59.4 점 🚨
[함수명, 반환값 간 일치] : 55.7 점 🚨, (답변 시작)", 팀원이 처음 본다고 생각하면 함수 이름과 반환값의 약속이 어긋나는 곳이 있어요. 가볍게 반환하는 값을 이름에 맞추면 호출부에서 예상이 빗나가지 않아요. 🌈 2. 코드의 표정을 읽어 보니 서로 다른 역할을 가진 객체가 전달되고 있어요. 다음 커밋에서 책임별로 나누고 생성자나 소멸자를 잘 쓰면 역할별 동작이 선명해져요.  🚀 2. 차분히 ,1,187,107,80,13074572
599,final_inference,45.3,"[if a.get(""b"") ... 형태로 수정 필요] : 98.2 점 👍
[유사한 변수명 통일] : 96.2 점 👍,
[언패킹 시 숫자 인덱스 사용하지 말 것 (변수에 바로 할당)] : 95.5 점 👍,
[상태 값 조건이 있는 if-elif-elif-else 있는 경우 클래스화 고려] : 68.8 점,
[함수 docstring, 함수명 의미 일치] : 22.8 점 🚨, (답변 시작)", 차분히 검토해 보니 docstring과 함수 동작이 서로 다르게 읽혀요. 필요한 곳부터 docstring과 함수가 약속한 역할을 맞추면 다음 사람이 안심하고 호출할 수 있어요! 22.6 % 작은 정성으로 docstring과 함수가 약속한 역할을 맞추면 다음 사람이 안심하고 호출할 수 있어요. 1. 상태별 동작을 적어 두면 아직 구현되지 않은 상태에서도 docstring을 따라가면 전환될 곳을 놓,1,191,111,80,13074572
