,epoch,elapsed_time (s),prompt,llm_answer,trial_cnt,total_tkn_cnt,input_tkn_cnt,new_tkn_cnt,torch_memory_kb
0,1,10.54,"[주석 처리된 코드 제거] : 98.8 점 👍,
[import 순서 준수] : 76.1 점,
[enumerate 사용 가능한 경우 사용] : 75.6 점,
[불필요한 print, logging 제거] : 61.0 점,
[매우 간결한 변환은 map 사용] : 27.3 점 🚨 (답변 시작)", 테스트를 떠올리면 아주 단순한 변환을 긴 반복문으로 풀고 있어요. 필요한 곳부터 변환 규칙이 단순하면 map으로 핵심 연산을 또렷하게 표현할 수 있어요. ✨  (답변 종료),1,122,81,41,5218270
1,1,11.52,"[상태 값 조건이 있는 if-elif-elif-else 있는 경우 클래스화 고려] : 93.4 점 👍,
[파일 열기, 닫기 시 with open(...) 사용] : 92.7 점 👍,
[유사한 변수명 통일] : 90.7 점 👍,
[매우 간결한 변환은 map 사용] : 34.8 점 🚨,
[README.md, pyproject.toml 필요] : 31.6 점 🚨 (답변 시작)", 작은 신호를 짚어 보니 시작 방법을 알려 줄 README.md와 pyproject.toml가 필요해 보여요. 필요한 곳부터 설치 방법과 실행 방법을 적어 두면 처음 온 사람도 바로 출발할 수 있어요. ✨  (답변 종료),1,157,108,49,5218270
2,1,10.07,"[의미 있는 함수명, 변수명 사용] : 98.9 점 👍,
[prefix, suffix 검사 시 startswith(), endswith() 사용] : 97.2 점 👍,
[if-elif-elif-else 구문은 되도록 dict로 수정] : 72.2 점,
[미 사용 변수/함수 제거] : 31.2 점 🚨,
[동일한 인수 집합을 갖는 함수가 많은 경우 클래스화 고려] : 23.2 점 🚨 (답변 시작)", 테스트를 떠올리면 같은 설정을 계속 받는 객체가 만들어지고 있어요. 필요한 곳부터 공통 동작을 클래스로 묶으면 인자 전달가 가벼해지고 역할도 선명해져요. 🎯  (답변 종료),1,155,112,43,5218270
3,1,10.31,"[문자열 단순 연결보다는 f-string 사용] : 97.4 점 👍,
[함수의 인자가 유동적인 경우 처리 권장] : 83.8 점,
[유사한 이름의 함수끼리 가까이 위치하도록 수정 권장] : 68.4 점,
[매우 간결한 변환은 map 사용] : 68.1 점,
[enumerate 사용 가능한 경우 사용] : 36.0 점 🚨 (답변 시작)", 작은 신호를 짚어 보니 반복문에서 번호를 직접 관리하고 있어요. 필요한 곳부터 번호를 직접 순회하지 말고 enumerate가 알려주는 위치를 쓰면 코드가 짧고 분명해져요. 📌  (답변 종료),1,140,96,44,5218270
4,1,8.91,"[itertools.product 사용 가능한 경우 사용] : 92.3 점 👍,
[README.md, pyproject.toml 필요] : 90.9 점 👍,
[함수 인수 type hint 필요] : 90.4 점 👍,
[중복되는 사항 common 으로 빼기] : 88.9 점,
[str 단순 += 대신 join 사용] : 87.7 점 (답변 시작)", 천천히 살펴보면 문자열을 반복해서 더하고 있어요. 필요한 곳부터 조각을 많이 합칠 때는 join로 모으면 성능와 의도가 함께 좋아져요. 🧼  (답변 종료),1,125,87,38,5218270
5,1,10.07,"[함수의 인자가 하나로 묶을 수 있는 경우 처리 권장] : 97.8 점 👍,
[동일한 인수 집합을 갖는 함수가 많은 경우 클래스화 고려] : 93.5 점 👍,
[if a.get(""b"") ... 형태로 수정 필요] : 40.9 점 🚨,
[import 순서 준수] : 12.0 점 🚨,
[함수 docstring, 함수명 의미 일치] : 1.5 점 🚨 (답변 시작)", 천천히 살펴보면 docstring과 함수 동작이 서로 다르게 읽혀요. 필요한 곳부터 docstring과 함수가 약속한 역할을 맞추면 다음 사람이 안심하고 호출할 수 있어요. ✨  (답변 종료),1,154,111,43,5218270
6,1,9.64,"[개수 세기에 count 함수 사용] : 99.5 점 👍,
[지나치게 많은 들여쓰기 수정] : 96.8 점 👍,
[enumerate 사용 가능한 경우 사용] : 90.8 점 👍,
[파일 단순 읽기/쓰기는 Path 사용] : 89.7 점,
[의미 있는 함수명, 변수명 사용] : 79.9 점 (답변 시작)", 천천히 살펴보면 역할을 짐작하기 어려운 함수나 변수 이름이 보여요. 필요한 곳부터 무엇를 하는지 드러나는 이름으로 바꾸면 설명서 없이도 코드가 읽혀요. 🎯  (답변 종료),1,133,92,41,5218270
7,1,7.99,"[enumerate 사용 가능한 경우 사용] : 92.8 점 👍,
[파일 단순 읽기/쓰기는 Path 사용] : 92.2 점 👍,
[리스트 컴프리헨션 사용이 가능한 경우 사용] : 91.2 점 👍,
[매우 간결한 변환은 map 사용] : 79.5 점,
[if-elif-elif-else 구문은 되도록 dict로 수정] : 66.8 점 (답변 시작)", 천천히 살펴보면 조건 분기가 길게 늘어진 곳이 있어요. 필요한 곳부터 값별 동작으로 바꾸어 분기표를 단순하게 만들어 보세요. ✨  (답변 종료),1,134,100,34,5218270
8,1,10.3,"[조건문 중첩 대신 any, all 사용] : 51.0 점 🚨,
[함수의 인수를 변경 가능한 default value로 하지 않아야 함] : 46.7 점 🚨,
[불필요한 print, logging 제거] : 44.5 점 🚨,
[빈도수, 반복문, 경로명 리스트 추출 시 collections, itertools, glob 사용] : 32.0 점 🚨,
[고정값 상수화 필요] : 17.4 점 🚨 (답변 시작)", 코드를 따라가 보니 같은 고정값이 여러 곳에 흩어져 있어요. 필요한 곳부터 의미 있는 상수 이름으로 꺼내 두면 정책를 바꿀 때 한 번에 손볼 수 있어요. 🎯  (답변 종료),1,158,114,44,5218270
9,1,11.0,"[한 줄의 길이는 일정 글자 이내로] : 99.0 점 👍,
[prefix, suffix 검사 시 startswith(), endswith() 사용] : 69.0 점,
[클래스 내부에서만 쓰이는 속성, 메서드 (접두사 있음) 호출 비 권장] : 48.9 점 🚨,
[함수의 인자가 하나로 묶을 수 있는 경우 처리 권장] : 35.9 점 🚨,
[함수의 인자가 유동적인 경우 처리 권장] : 16.8 점 🚨 (답변 시작)", 구현를 찬찬히 들여다보니 개수가 바뀔 수 있는 인수를 고정해 두고 있어요. 필요한 곳부터 가변 인수는 *args나 **kwargs를 알맞게 쓰면 확장에 더 유연해져요. 🎯  (답변 종료),1,170,123,47,5218270
10,1,10.58,"[파일 열기, 닫기 시 with open(...) 사용] : 98.7 점 👍,
[prefix, suffix 검사 시 startswith(), endswith() 사용] : 96.4 점 👍,
[제너레이터 표현식 사용이 가능한 경우 사용] : 93.2 점 👍,
[인덱스 반환에 index 함수 사용] : 92.5 점 👍,
[f = lambda x: ... 보다는 def f(x): return ... 를 사용] : 70.7 점 (답변 시작)", 천천히 살펴보면 이름이 필요한 동작이 lambda에 숨어 있어요. 필요한 곳부터 재사용하거나 설명이 필요한 로직은 def로 감싸며 반환하면 디버깅과 테스트가 편해져요. 🧼  (답변 종료),1,154,109,45,5218270
11,1,8.92,"[함수 인수 type hint 필요] : 97.5 점 👍,
[동일 인자 type 통일] : 87.6 점,
[f = lambda x: ... 보다는 def f(x): return ... 를 사용] : 81.1 점,
[의미 있는 함수명, 변수명 사용] : 64.7 점,
[한 줄의 길이는 일정 글자 이내로] : 44.4 점 🚨 (답변 시작)", 테스트를 떠올리면 한 줄이 너무 길게 이어지는 곳이 있어요. 필요한 곳부터 줄을 적당히 나누면 작은 화면에서도 흐름을 놓치지 않아요. 📌  (답변 종료),1,134,96,38,5218270
12,1,8.67,"[고정값 상수화 필요] : 99.5 점 👍,
[import 순서 준수] : 97.9 점 👍,
[리스트 컴프리헨션 사용이 가능한 경우 사용] : 96.2 점 👍,
[매우 간결한 변환은 map 사용] : 91.8 점 👍,
[예외의 종류 (OOOError 등) 구체적 명시 권장] : 65.6 점 (답변 시작)", 테스트를 떠올리면 너무 넓은 예외를 잡고 있어요. 필요한 곳부터 예상한 OOOError처럼 구체적인 예외만 잡으면 버그가 숨어버리지 않아요. 🧼  (답변 종료),1,132,95,37,5218270
13,1,9.6,"[제너레이터 표현식 사용이 가능한 경우 사용] : 91.9 점 👍,
[함수명, 반환값 간 일치] : 90.7 점 👍,
[enumerate 사용 가능한 경우 사용] : 51.7 점 🚨,
[if a.get(""b"") ... 형태로 수정 필요] : 44.4 점 🚨,
[유사한 변수명 통일] : 24.4 점 🚨 (답변 시작)", 테스트를 떠올리면 비슷한 역할의 변수 이름이 제각각이에요. 필요한 곳부터 역할별 변수 이름을 한 방식으로 맞추면 읽는 속도가 훨씬 빨라져요! 🎈  (답변 종료),1,143,102,41,5218270
14,1,8.47,"[a = my_list[0], b = my_list[1] ... 대신 unpacking 사용 필요] : 77.1 점,
[함수의 인자가 하나로 묶을 수 있는 경우 처리 권장] : 75.8 점,
[if-elif-elif-else 구문은 되도록 dict로 수정] : 66.8 점,
[zip 사용 가능한 경우 사용] : 66.1 점,
[파일 열기, 닫기 시 with open(...) 사용] : 63.0 점 (답변 시작)", 천천히 살펴보면 파일을 열고 닫는 일을 직접 관리하고 있어요. 필요한 곳부터 with open(...)으로 감싸면 예외가 나도 파일이 안전하게 닫혀요.  (답변 종료),1,146,110,36,5218270
15,1,10.1,"[if a.get(""b"") ... 형태로 수정 필요] : 73.1 점,
[함수 인수 type hint 필요] : 53.3 점 🚨,
[중복되는 사항 common 으로 빼기] : 24.8 점 🚨,
[if-elif-elif-else 구문은 되도록 dict로 수정] : 10.5 점 🚨,
[함수명, 반환값 간 일치] : 5.1 점 🚨 (답변 시작)", 천천히 살펴보면 함수 이름과 반환값의 약속이 어긋나는 곳이 있어요. 필요한 곳부터 반환하는 값을 이름에 맞추면 호출하는 쪽도 덜 헷갈려요. 🎯  (답변 종료),1,148,105,43,5218270
16,1,10.11,"[클래스 내부에서만 쓰이는 속성, 메서드 (접두사 있음) 호출 비 권장] : 88.2 점,
[인덱스 반환에 index 함수 사용] : 80.9 점,
[중복되는 사항 common 으로 빼기] : 19.3 점 🚨,
[불필요한 print, logging 제거] : 7.3 점 🚨,
[함수명, 반환값 간 일치] : 7.1 점 🚨 (답변 시작)", 천천히 살펴보면 함수 이름과 반환값의 약속이 어긋나는 곳이 있어요. 필요한 곳부터 반환하는 값을 이름에 맞추면 호출하는 쪽도 덜 헷갈려요. 🧼  (답변 종료),1,146,103,43,5218270
17,1,9.38,"[함수 인수 type hint 필요] : 98.6 점 👍,
[100 line 이상 함수 분리, docstring 필요] : 96.2 점 👍,
[import 순서 준수] : 40.6 점 🚨,
[a = my_list[0], b = my_list[1] ... 대신 unpacking 사용 필요] : 27.6 점 🚨,
[if a.get(""b"") ... 형태로 수정 필요] : 13.9 점 🚨 (답변 시작)"," 천천히 살펴보면 딕셔너리 키를 꺼내는 과정이 장황해요. 가능하다면 a.get(""b"")처럼 안전하게 꺼내면 누락된 데이터가 사라져요. 🎈  (답변 종료)",1,151,111,40,5218270
18,1,9.61,"[주석 처리된 코드 제거] : 97.6 점 👍,
[예외를 삼키는 경우가 없어야 함] : 97.2 점 👍,
[기존 배열의 원소 추가 대신 extend 함수 사용] : 93.8 점 👍,
[a = my_list[0], b = my_list[1] ... 대신 unpacking 사용 필요] : 77.4 점,
[동일한 인수 집합을 갖는 함수가 많은 경우 클래스화 고려] : 64.4 점 (답변 시작)", 천천히 살펴보면 같은 설정을 계속 받는 객체가 여러 개예요. 필요한 곳부터 공통 동작을 클래스로 나누면 인자 전달이 가벼해지고 역할도 선명해져요. ✨  (답변 종료),1,150,109,41,5218270
19,1,10.3,"[매우 간결한 변환은 map 사용] : 98.4 점 👍,
[지나치게 많은 들여쓰기 수정] : 96.1 점 👍,
[함수의 인자가 유동적인 경우 처리 권장] : 91.1 점 👍,
[파일 열기, 닫기 시 with open(...) 사용] : 57.8 점 🚨,
[itertools.product 사용 가능한 경우 사용] : 5.5 점 🚨 (답변 시작)", 천천히 살펴보면 조합을 만들려고 중첩 반복문을 쓰고 있어요. 다음 커밋에서 모든 조합이 필요할 때는 itertools.product로 의도를 모으면 중첩 반복문이 가벼워져요. 🎯  (답변 종료),1,143,99,44,5218270
20,1,8.68,"[중복되는 사항 common 으로 빼기] : 95.5 점 👍,
[제너레이터 표현식 사용이 가능한 경우 사용] : 90.8 점 👍,
[인덱스 반환에 index 함수 사용] : 74.5 점,
[매우 간결한 변환은 map 사용] : 48.1 점 🚨,
[itertools.product 사용 가능한 경우 사용] : 34.6 점 🚨 (답변 시작)", 천천히 살펴보면 조합을 만들려고 중첩 반복문을 쓰고 있어요. 가능하다면 모든 조합이 필요할 때는 itertools.product로 의도를 또렷하게 드러내요. 🧼  (답변 종료),1,131,94,37,5218270
21,1,8.68,"[인덱스 반환에 index 함수 사용] : 92.8 점 👍,
[비어 있는 문자열 여부 판단 간소화] : 84.5 점,
[문자열 단순 연결보다는 f-string 사용] : 71.7 점,
[기존 배열의 원소 추가 대신 extend 함수 사용] : 43.5 점 🚨,
[의미 있는 함수명, 변수명 사용] : 24.7 점 🚨 (답변 시작)", 천천히 살펴보면 역할을 짐작하기 어려운 변수나 함수 이름이 보여요. 필요한 곳부터 역할별 이름 규칙을 쓰면 설명서 없이도 코드가 읽혀요.  (답변 종료),1,134,97,37,5218270
22,1,10.55,"[prefix, suffix 검사 시 startswith(), endswith() 사용] : 94.4 점 👍,
[동일 인자 type 통일] : 91.8 점 👍,
[불필요한 print, logging 제거] : 91.2 점 👍,
[key=itemgetter(""key"") 사용 권장] : 91.0 점 👍,
[f = lambda x: ... 보다는 def f(x): return ... 를 사용] : 61.8 점 (답변 시작)", 코드를 따라가 보니 이름이 필요한 동작이 lambda에 숨어 있어요. 필요한 곳부터 재사용하거나 설명이 필요한 로직은 def로 감싸면 디버깅과 테스트가 편해져요. 🧼  (답변 종료),1,147,102,45,5218270
23,1,9.43,"[함수명, 반환값 간 일치] : 92.8 점 👍,
[README.md, pyproject.toml 필요] : 86.7 점,
[경로를 path/to/file 이 아닌, pathlib 또는 os.path.join 사용] : 77.2 점,
[함수 인수 type hint 필요] : 68.1 점,
[파일 열기, 닫기 시 with open(...) 사용] : 5.4 점 🚨 (답변 시작)", 코드를 따라가 보니 파일을 열고 닫는 일을 직접 관리하고 있어요. 필요한 곳부터 with open(...)으로 감싸면 예외가 나도 파일이 안전하게 닫혀요. ✨  (답변 종료),1,139,99,40,5218270
24,1,8.95,"[assertion을 제어 메커니즘으로 사용하면 안됨] : 98.2 점 👍,
[빈도수, 반복문, 경로명 리스트 추출 시 collections, itertools, glob 사용] : 93.5 점 👍,
[중복되는 사항 common 으로 빼기] : 92.3 점 👍,
[인덱스 반환에 index 함수 사용] : 91.0 점 👍,
[함수 인수 type hint 필요] : 67.7 점 (답변 시작)", 테스트를 떠올리면 함수 인수의 type hint이 비어 있어요. 필요한 곳부터 type hint을 달아 두면 들어오는 데이터가 무엇인지 바로 알 수 있어요. 🧼  (답변 종료),1,140,102,38,5218270
25,1,9.65,"[함수명, 반환값 간 일치] : 100.0 점 👍,
[클래스 내부에서만 쓰이는 속성, 메서드 (접두사 있음) 호출 비 권장] : 78.1 점,
[함수의 인자가 유동적인 경우 처리 권장] : 61.2 점,
[매우 간결한 변환은 map 사용] : 42.3 점 🚨,
[고정값 상수화 필요] : 24.6 점 🚨 (답변 시작)", 천천히 살펴보면 같은 고정값이 여러 곳에 흩어져 있어요. 필요한 곳부터 의미 있는 상수 이름으로 꺼내 두면 정책을 바꿀 때 한 번에 손볼 수 있어요. ✨  (답변 종료),1,145,104,41,5218270
26,1,8.68,"[예외를 삼키는 경우가 없어야 함] : 73.0 점,
[a = my_list[0], b = my_list[1] ... 대신 unpacking 사용 필요] : 72.6 점,
[if-elif-elif-else 구문은 되도록 dict로 수정] : 67.7 점,
[매우 간결한 변환은 map 사용] : 50.2 점 🚨,
[미 사용 변수/함수 제거] : 49.0 점 🚨 (답변 시작)", 천천히 살펴보면 쓰이지 않는 변수나 함수가 남아 있어요. 필요한 곳부터 참조되지 않는 선언을 걷어 내면 핵심 로직만 또렷하게 남아요. 🎈  (답변 종료),1,146,109,37,5218270
27,1,8.9,"[매우 간결한 변환은 map 사용] : 97.3 점 👍,
[조건문 중첩 대신 any, all 사용] : 92.2 점 👍,
[유사한 변수명 통일] : 91.5 점 👍,
[기존 배열의 원소 추가 대신 extend 함수 사용] : 67.2 점,
[한 줄의 길이는 일정 글자 이내로] : 6.5 점 🚨 (답변 시작)", 코드을 따라가 보니 한 줄이 너무 길게 이어지는 곳이 있어요. 필요한 곳부터 줄을 적당히 나누면 작은 화면에서도 흐름을 놓치지 않아요. 🎯  (답변 종료),1,135,97,38,5218270
28,1,10.3,"[assertion을 제어 메커니즘으로 사용하면 안됨] : 92.8 점 👍,
[동일한 인수 집합을 갖는 함수가 많은 경우 클래스화 고려] : 79.6 점,
[함수 docstring, 함수명 의미 일치] : 77.1 점,
[클래스 내부에서만 쓰이는 속성, 메서드 (접두사 있음) 호출 비 권장] : 72.9 점,
[파일 단순 읽기/쓰기는 Path 사용] : 4.2 점 🚨 (답변 시작)", 작은 개선을 찾다 보니 간단한 파일 작업이 장황하게 처리되고 있어요. 가능하다면 Path의 읽기와 쓰기 메서드를 쓰면 파일 작업이 짧고 단단해져요. 🧼  (답변 종료),1,155,111,44,5218270
29,1,10.56,"[동일 인자 type 통일] : 97.2 점 👍,
[함수의 인자가 유동적인 경우 처리 권장] : 92.7 점 👍,
[제너레이터 표현식 사용이 가능한 경우 사용] : 75.9 점,
[언패킹 시 숫자 인덱스 사용하지 말 것 (변수에 바로 할당)] : 65.8 점,
[함수명, 반환값 간 일치] : 63.1 점 (답변 시작)", 테스트를 떠올리면 함수 이름과 반환값의 약속이 어긋나는 곳이 있어요. 필요한 곳부터 반환하는 값을 이름에 맞추면 호출하는 쪽도 덜 헷갈려요. 🧼  (답변 종료),1,143,98,45,5218270
30,1,10.36,"[상태 값 조건이 있는 if-elif-elif-else 있는 경우 클래스화 고려] : 98.1 점 👍,
[불필요한 변수 생성 대신 defaultdict 권장] : 96.6 점 👍,
[import 순서 준수] : 93.5 점 👍,
[예외의 종류 (OOOError 등) 구체적 명시 권장] : 93.3 점 👍,
[함수의 인자가 하나로 묶을 수 있는 경우 처리 권장] : 44.4 점 🚨 (답변 시작)", 코드를 따라가 보니 함께 움직이는 인수가 따로따로 전달돼요. 필요한 곳부터 함께 쓰는 값을 *args나 **kwargs를 알맞게 쓰면 호출부가 가볍게 읽혀요. ✨  (답변 종료),1,158,114,44,5218270
31,1,9.85,"[enumerate 사용 가능한 경우 사용] : 95.6 점 👍,
[함수 docstring, 함수명 의미 일치] : 93.4 점 👍,
[f = lambda x: ... 보다는 def f(x): return ... 를 사용] : 85.3 점,
[중복되는 사항 common 으로 빼기] : 54.7 점 🚨,
[고정값 상수화 필요] : 46.6 점 🚨 (답변 시작)", 테스트를 떠올리면 같은 고정값이 여러 곳에 흩어져 있어요. 가능하다면 의미 있는 상수 이름으로 꺼내 두면 정책를 바꿀 때 한 번에 손볼 수 있어요. 🧼  (답변 종료),1,142,100,42,5218270
32,1,10.31,"[정규 표현식 문자열은 r""..."" 권장] : 98.7 점 👍,
[동일한 인수 집합을 갖는 함수가 많은 경우 클래스화 고려] : 91.2 점 👍,
[동일 인자 type 통일] : 69.9 점,
[Python 예약어를 변수명으로 사용하지 않아야 함] : 68.1 점,
[의미 있는 함수명, 변수명 사용] : 6.8 점 🚨 (답변 시작)", 코드의 결를 따라가 보니 역할을 짐작하기 어려운 변수나 함수 이름이 보여요. 필요한 곳부터 역할별 이름 규칙을 쓰면 설명서 없이도 코드가 읽혀요. 🧼  (답변 종료),1,145,101,44,5218270
33,1,8.67,"[itertools.product 사용 가능한 경우 사용] : 85.4 점,
[파일 단순 읽기/쓰기는 Path 사용] : 82.8 점,
[유사한 변수명 통일] : 80.2 점,
[예외의 종류 (OOOError 등) 구체적 명시 권장] : 69.6 점,
[동일한 인수 집합을 갖는 함수가 많은 경우 클래스화 고려] : 64.8 점 (답변 시작)", 천천히 살펴보면 같은 설정을 계속 받는 객체가 여러 개예요. 가능하다면 공통 동작을 클래스로 묶으면 인자 전달이 가벼해지고 역할도 선명해져요.  (답변 종료),1,131,94,37,5218270
34,1,9.4,"[assertion을 제어 메커니즘으로 사용하면 안됨] : 99.0 점 👍,
[주석 처리된 코드 제거] : 93.0 점 👍,
[함수명, 반환값 간 일치] : 91.4 점 👍,
[zip 사용 가능한 경우 사용] : 88.2 점,
[제너레이터 표현식 사용이 가능한 경우 사용] : 74.7 점 (답변 시작)", 천천히 살펴보면 한 번만 쓸 중간 목록이 만들어지고 있어요. 필요한 곳부터 한 번만 순회한다면 제너레이터 표현식으로 메모리를 아껴 볼 만해요. 🔍  (답변 종료),1,131,91,40,5218270
35,1,8.97,"[zip 사용 가능한 경우 사용] : 86.1 점,
[한 줄의 길이는 일정 글자 이내로] : 83.5 점,
[언패킹 시 숫자 인덱스 사용하지 말 것 (변수에 바로 할당)] : 67.9 점,
[주석 처리된 코드 제거] : 17.7 점 🚨,
[중복되는 사항 common 으로 빼기] : 0.6 점 🚨 (답변 시작)", 천천히 살펴보면 같은 처리가 여러 곳에서 반복되고 있어요. 필요한 곳부터 공통 동작은 *args나 **kwargs를 알맞게 쓰면 수정돼요. 🎯  (답변 종료),1,133,95,38,5218270
36,1,10.76,"[한 줄의 길이는 일정 글자 이내로] : 91.8 점 👍,
[상태 값 조건이 있는 if-elif-elif-else 있는 경우 클래스화 고려] : 91.7 점 👍,
[파일 단순 읽기/쓰기는 Path 사용] : 90.2 점 👍,
[제너레이터 표현식 사용이 가능한 경우 사용] : 7.6 점 🚨,
[key=itemgetter(""key"") 사용 권장] : 4.6 점 🚨 (답변 시작)"," 천천히 살펴보면 정렬 키를 lambda로 길게 꺼내고 있어요. 필요한 곳부터 딕셔너리 키로 정렬할 때는 itemgetter(""key"")가 더 간결하게 뜻을 전해요. 🎯  (답변 종료)",1,159,113,46,5218270
37,1,9.84,"[클래스 내부에서만 쓰이는 속성, 메서드 (접두사 있음) 호출 비 권장] : 93.9 점 👍,
[enumerate 사용 가능한 경우 사용] : 86.9 점,
[주석 처리된 코드 제거] : 72.3 점,
[상태 값 조건이 있는 if-elif-elif-else 있는 경우 클래스화 고려] : 30.9 점 🚨,
[중복되는 사항 common 으로 빼기] : 5.2 점 🚨 (답변 시작)", 작은 개선을 찾다 보니 같은 처리가 여러 곳에서 반복되고 있어요. 필요한 곳부터 공통 동작은 *args나 **kwargs를 알맞게 쓰면 수정돼요. 🎯  (답변 종료),1,152,110,42,5218270
38,1,10.54,"[상태 값 조건이 있는 if-elif-elif-else 있는 경우 클래스화 고려] : 98.8 점 👍,
[주석 처리된 코드 제거] : 92.3 점 👍,
[빈 파일 TODO 표시 필요] : 91.7 점 👍,
[예외를 삼키는 경우가 없어야 함] : 24.3 점 🚨,
[key=itemgetter(""key"") 사용 권장] : 11.6 점 🚨 (답변 시작)"," 작은 개선을 찾다 보니 정렬 키를 lambda로 길게 꺼내고 있어요. 가능하다면 딕셔너리 키로 정렬할 때는 itemgetter(""key"")가 더 간결하게 뜻을 전해요.  (답변 종료)",1,149,104,45,5218270
39,1,10.36,"[prefix, suffix 검사 시 startswith(), endswith() 사용] : 99.0 점 👍,
[if a.get(""b"") ... 형태로 수정 필요] : 98.8 점 👍,
[비어 있는 문자열 여부 판단 간소화] : 92.8 점 👍,
[예외의 종류 (OOOError 등) 구체적 명시 권장] : 61.4 점,
[함수 docstring, 함수명 의미 일치] : 28.2 점 🚨 (답변 시작)", 천천히 살펴보면 docstring과 함수 동작이 서로 다르게 읽혀요. 필요한 곳부터 docstring과 함수가 약속한 역할을 맞추면 다음 사람이 안심하고 호출할 수 있어요. 🎈  (답변 종료),1,153,109,44,5218270
40,1,9.43,"[한 줄의 길이는 일정 글자 이내로] : 94.5 점 👍,
[주석 처리된 코드 제거] : 90.2 점 👍,
[예외의 종류 (OOOError 등) 구체적 명시 권장] : 71.1 점,
[100 line 이상 함수 분리, docstring 필요] : 45.0 점 🚨,
[숫자 값은 위쪽에 상수로] : 35.9 점 🚨 (답변 시작)", 천천히 살펴보면 숫자 값이 파일 곳곳에 흩어져 있어요. 필요한 곳부터 상수 이름으로 꺼내 두면 정책를 바꿀 때 숫자를 한 번에 손볼 수 있어요. ✨  (답변 종료),1,142,102,40,5218270
41,1,9.16,"[README.md, pyproject.toml 필요] : 94.8 점 👍,
[숫자 값은 위쪽에 상수로] : 91.3 점 👍,
[지나치게 많은 들여쓰기 수정] : 91.1 점 👍,
[상태 값 조건이 있는 if-elif-elif-else 있는 경우 클래스화 고려] : 86.2 점,
[itertools.product 사용 가능한 경우 사용] : 4.5 점 🚨 (답변 시작)", 천천히 살펴보면 조합을 만들려고 중첩 반복문을 쓰고 있어요. 필요한 곳부터 모든 조합이 필요할 때는 itertools.product로 의도를 또렷하게 드러내요. 🎯  (답변 종료),1,143,104,39,5218270
42,1,8.44,"[함수명, 반환값 간 일치] : 99.7 점 👍,
[지나치게 많은 들여쓰기 수정] : 88.5 점,
[동일 인자 type 통일] : 83.6 점,
[숫자 값은 위쪽에 상수로] : 66.2 점,
[zip 사용 가능한 경우 사용] : 0.1 점 🚨 (답변 시작)", 테스트를 떠올리면 두 목록을 인덱스로 따로 읽고 있어요. 필요한 곳부터 zip로 묶어 주면 인덱스 실수를 막을 수 있어요. 🎯  (답변 종료),1,121,85,36,5218270
43,1,7.76,"[정규 표현식 문자열은 r""..."" 권장] : 99.1 점 👍,
[숫자 값은 위쪽에 상수로] : 94.4 점 👍,
[동일 인자 type 통일] : 91.0 점 👍,
[예외의 종류 (OOOError 등) 구체적 명시 권장] : 79.8 점,
[인덱스 반환에 index 함수 사용] : 74.5 점 (답변 시작)", 천천히 살펴보면 위치를 찾기 위해 직접 반복하고 있어요. 가능하다면 첫 위치가 필요할 때는 index를 쓰면 목적이 바로 보여요. 🧼  (답변 종료),1,128,95,33,5218270
44,1,8.22,"[클래스 내부에서만 쓰이는 속성, 메서드 (접두사 있음) 호출 비 권장] : 99.6 점 👍,
[f = lambda x: ... 보다는 def f(x): return ... 를 사용] : 97.7 점 👍,
[고정값 상수화 필요] : 90.0 점 👍,
[인덱스 반환에 index 함수 사용] : 65.9 점,
[import 순서 준수] : 62.9 점 (답변 시작)", 천천히 살펴보면 import 배치가 섞여 있어요. 가능하다면 표준 라이브러리와 외부 패키지와 내부 모듈을 차례로 정리하면 시작 화면이 말끔해져요. ✨  (답변 종료),1,138,103,35,5218270
45,1,10.35,"[유사한 이름의 함수끼리 가까이 위치하도록 수정 권장] : 91.6 점 👍,
[import 순서 준수] : 81.3 점,
[경로를 path/to/file 이 아닌, pathlib 또는 os.path.join 사용] : 46.7 점 🚨,
[고정값 상수화 필요] : 21.4 점 🚨,
[지나치게 많은 들여쓰기 수정] : 1.2 점 🚨 (답변 시작)", 테스트를 떠올리면 들여쓰기 단계가 깊어 흐름을 따라가기 어려워요. 필요한 곳부터 작은 함수로 쪼개거나 빠른 반환을 쓰면 조건의 미로가 얕아요. 🧼  (답변 종료),1,144,100,44,5218270
46,1,8.44,"[주석 처리된 코드 제거] : 97.3 점 👍,
[함수의 인자가 하나로 묶을 수 있는 경우 처리 권장] : 89.2 점,
[불필요한 변수 생성 대신 defaultdict 권장] : 67.0 점,
[예외의 종류 (OOOError 등) 구체적 명시 권장] : 62.7 점,
[한 줄의 길이는 일정 글자 이내로] : 38.6 점 🚨 (답변 시작)", 천천히 살펴보면 한 줄이 너무 길게 이어지는 곳이 있어요. 필요한 곳부터 줄을 적당히 나누면 작은 화면에서도 흐름을 놓치지 않아요. 🧼  (답변 종료),1,137,101,36,5218270
47,1,7.52,"[상태 값 조건이 있는 if-elif-elif-else 있는 경우 클래스화 고려] : 90.0 점 👍,
[인덱스 반환에 index 함수 사용] : 75.5 점,
[a = my_list[0], b = my_list[1] ... 대신 unpacking 사용 필요] : 52.1 점 🚨,
[함수의 인자가 유동적인 경우 처리 권장] : 20.4 점 🚨,
[조건문 중첩 대신 any, all 사용] : 18.8 점 🚨 (답변 시작)", 코드을 따라가 보니 조건문이 여러 겹. 천천히 any나 all에 맡기면 뜻가 훨씬 또렷해져요. 🔍  (답변 종료),1,153,121,32,5218270
48,1,9.86,"[한 줄의 길이는 일정 글자 이내로] : 98.3 점 👍,
[제너레이터 표현식 사용이 가능한 경우 사용] : 86.9 점,
[클래스 내부에서만 쓰이는 속성, 메서드 (접두사 있음) 호출 비 권장] : 81.1 점,
[개수 세기에 count 함수 사용] : 71.4 점,
[유사한 이름의 함수끼리 가까이 위치하도록 수정 권장] : 67.9 점 (답변 시작)", 천천히 살펴보면 비슷한 이름의 함수가 파일 곳곳에 흩어져 있어요. 큰 부담 없이 비슷한 역할의 함수를 가까이 두면 탐색 시간이 줄고 파일 구조가 자연스러워져요. 🎯  (답변 종료),1,148,106,42,5218270
49,1,8.71,"[한 줄의 길이는 일정 글자 이내로] : 98.8 점 👍,
[함수의 인자가 유동적인 경우 처리 권장] : 91.6 점 👍,
[제너레이터 표현식 사용이 가능한 경우 사용] : 86.9 점,
[기존 배열의 원소 추가 대신 extend 함수 사용] : 64.9 점,
[중복되는 사항 common 으로 빼기] : 6.7 점 🚨 (답변 시작)", 천천히 살펴보면 같은 처리가 여러 곳에서 반복되고 있어요. 필요한 곳부터 공통 동작을 한곳로 모으면 수정할 때 놓칠 구석이 줄어요. 📌  (답변 종료),1,137,100,37,5218270
50,1,8.72,"[함수 docstring, 함수명 의미 일치] : 97.6 점 👍,
[주석 처리된 코드 제거] : 96.5 점 👍,
[경로를 path/to/file 이 아닌, pathlib 또는 os.path.join 사용] : 95.5 점 👍,
[동일한 인수 집합을 갖는 함수가 많은 경우 클래스화 고려] : 50.9 점 🚨,
[유사한 변수명 통일] : 39.9 점 🚨 (답변 시작)", 천천히 살펴보면 비슷한 역할의 변수 이름이 제각각이에요. 필요한 곳부터 역할별 변수 이름 규칙을 맞추면 읽는 속도가 훨씬 빨라져요. 🧼  (답변 종료),1,143,106,37,5218270
51,1,9.36,"[개수 세기에 count 함수 사용] : 96.3 점 👍,
[key=itemgetter(""key"") 사용 권장] : 94.3 점 👍,
[숫자 값은 위쪽에 상수로] : 25.3 점 🚨,
[함수명, 반환값 간 일치] : 6.8 점 🚨,
[a = my_list[0], b = my_list[1] ... 대신 unpacking 사용 필요] : 0.3 점 🚨 (답변 시작)", 코드를 따라가 보니 목록의 원소를 하나씩 꺼내고 있어요. 큰 부담 없이 정해진 순서의 값은 unpacking으로 풀어 주면 한 번에 읽혀요. ✨  (답변 종료),1,151,111,40,5218270
52,1,9.96,"[중복되는 사항 common 으로 빼기] : 99.5 점 👍,
[문자열 단순 연결보다는 f-string 사용] : 95.1 점 👍,
[파일 단순 읽기/쓰기는 Path 사용] : 93.8 점 👍,
[prefix, suffix 검사 시 startswith(), endswith() 사용] : 83.6 점,
[유사한 변수명 통일] : 18.2 점 🚨 (답변 시작)", 천천히 살펴보면 비슷한 역할의 변수 이름이 제각각이에요. 가능하다면 같은 개념에는 _role_처럼 역할을 담은 이름 규칙을 쓰면 읽는 속도가 훨씬 빨라져요. 🎯  (답변 종료),1,142,100,42,5218270
53,1,7.98,"[함수의 인자가 하나로 묶을 수 있는 경우 처리 권장] : 96.3 점 👍,
[고정값 상수화 필요] : 91.9 점 👍,
[동일한 인수 집합을 갖는 함수가 많은 경우 클래스화 고려] : 54.4 점 🚨,
[조건문 중첩 대신 any, all 사용] : 7.6 점 🚨,
[한 줄의 길이는 일정 글자 이내로] : 3.1 점 🚨 (답변 시작)", 천천히 살펴보면 한 줄이 너무 길게 이어지는 곳이 있어요. 가능하다면 줄을 적당히 나누면 작은 화면에서도 흐름을 놓치지 않아요. 🧼  (답변 종료),1,145,111,34,5218270
54,1,11.26,"[상태 값 조건이 있는 if-elif-elif-else 있는 경우 클래스화 고려] : 99.6 점 👍,
[지나치게 많은 들여쓰기 수정] : 94.8 점 👍,
[str 단순 += 대신 join 사용] : 77.0 점,
[리스트 컴프리헨션 사용이 가능한 경우 사용] : 69.6 점,
[key=itemgetter(""key"") 사용 권장] : 5.4 점 🚨 (답변 시작)"," 작은 개선을 찾다 보니 정렬 키를 lambda로 길게 꺼내고 있어요. 가능하다면 딕셔너리 키로 정렬할 때는 itemgetter(""key"")가 더 간결하게 뜻을 전해요. 🧼  (답변 종료)",1,151,103,48,5218270
55,1,8.74,"[중복되는 사항 common 으로 빼기] : 94.4 점 👍,
[매우 간결한 변환은 map 사용] : 93.3 점 👍,
[zip 사용 가능한 경우 사용] : 65.2 점,
[f = lambda x: ... 보다는 def f(x): return ... 를 사용] : 19.1 점 🚨,
[조건문 중첩 대신 any, all 사용] : 18.8 점 🚨 (답변 시작)", 테스트를 떠올리면 조건문이 여러 겹으로 겹쳐 있어요. 필요한 곳부터 any나 all에 맡기면 뜻가가 훨씬 또렷해져요. ✨  (답변 종료),1,137,100,37,5218270
56,1,10.31,"[f = lambda x: ... 보다는 def f(x): return ... 를 사용] : 94.7 점 👍,
[prefix, suffix 검사 시 startswith(), endswith() 사용] : 94.5 점 👍,
[a = my_list[0], b = my_list[1] ... 대신 unpacking 사용 필요] : 83.8 점,
[지나치게 많은 들여쓰기 수정] : 29.1 점 🚨,
[동일 인자 type 통일] : 10.6 점 🚨 (답변 시작)", 테스트를 떠올리면 같은 의미의 인수에서 type 표기가 제각각예요. 필요한 곳부터 인수의 type을 한 방식으로 맞추면 호출하는 쪽도 덜 헷갈려요. 🎯  (답변 종료),1,160,116,44,5218270
57,1,8.0,"[중복되는 사항 common 으로 빼기] : 67.3 점,
[불필요한 print, logging 제거] : 35.6 점 🚨,
[정규 표현식 문자열은 r""..."" 권장] : 35.2 점 🚨,
[동일한 인수 집합을 갖는 함수가 많은 경우 클래스화 고려] : 29.7 점 🚨,
[불필요한 변수 생성 대신 defaultdict 권장] : 2.6 점 🚨 (답변 시작)", 천천히 살펴보면 키별 초기화를 직접 반복하고 있어요. 필요한 곳부터 값을 모을 때는 defaultdict를 쓰면 분기가 줄어들어요. 📌  (답변 종료),1,137,103,34,5218270
58,1,9.15,"[조건문 중첩 대신 any, all 사용] : 95.2 점 👍,
[예외를 삼키는 경우가 없어야 함] : 94.4 점 👍,
[함수의 인수를 변경 가능한 default value로 하지 않아야 함] : 93.7 점 👍,
[key=itemgetter(""key"") 사용 권장] : 64.5 점,
[str 단순 += 대신 join 사용] : 49.4 점 🚨 (답변 시작)", 코드를 따라가 보니 문자열을 반복해서 더하고 있어요. 필요한 곳부터 조각을 많이 합칠 때는 join로 모으면 성능와 의도가 함께 좋아져요. ✨  (답변 종료),1,139,100,39,5218270
59,1,8.91,"[파일 열기, 닫기 시 with open(...) 사용] : 92.8 점 👍,
[불필요한 변수 생성 대신 defaultdict 권장] : 85.3 점,
[함수의 인자가 하나로 묶을 수 있는 경우 처리 권장] : 50.6 점 🚨,
[100 line 이상 함수 분리, docstring 필요] : 18.0 점 🚨,
[함수 인수 type hint 필요] : 17.4 점 🚨 (답변 시작)", 천천히 살펴보면 함수 인수의 type hint가 비어 있어요. 큰 부담 없이 인수에 type hint를 달아 두면 들어오는 데이터가 무엇인지 바로 알 수 있어요. 🧼  (답변 종료),1,143,105,38,5218270
60,1,11.26,"[함수 docstring, 함수명 의미 일치] : 99.5 점 👍,
[import 순서 준수] : 96.7 점 👍,
[미 사용 변수/함수 제거] : 62.3 점,
[상태 값 조건이 있는 if-elif-elif-else 있는 경우 클래스화 고려] : 16.8 점 🚨,
[동일한 인수 집합을 갖는 함수가 많은 경우 클래스화 고려] : 2.5 점 🚨 (답변 시작)", 작은 개선을 찾다 보니 같은 설정을 계속 받는 객체가 만들어지고 있어요. 필요한 곳부터 공통 동작을 클래스로 묶으면 새 객체가 추가될 때 기존 조건문을 덜 건드려요. 🔍  (답변 종료),1,155,107,48,5218270
61,1,8.22,"[100 line 이상 함수 분리, docstring 필요] : 98.7 점 👍,
[비어 있는 문자열 여부 판단 간소화] : 91.4 점 👍,
[리스트 컴프리헨션 사용이 가능한 경우 사용] : 79.1 점,
[언패킹 시 숫자 인덱스 사용하지 말 것 (변수에 바로 할당)] : 73.2 점,
[함수의 인수를 변경 가능한 default value로 하지 않아야 함] : 60.0 점 (답변 시작)", 천천히 살펴보면 기본 인수에 숫자를 넣고 있어요. 필요한 곳부터 숫자 대신 다른 값을 넣으면 호출부가 훨씬 덜 복잡해져요. 🧼  (답변 종료),1,141,106,35,5218270
62,1,10.99,"[파일 열기, 닫기 시 with open(...) 사용] : 98.9 점 👍,
[유사한 이름의 함수끼리 가까이 위치하도록 수정 권장] : 97.0 점 👍,
[매우 간결한 변환은 map 사용] : 96.6 점 👍,
[경로를 path/to/file 이 아닌, pathlib 또는 os.path.join 사용] : 81.9 점,
[동일한 인수 집합을 갖는 함수가 많은 경우 클래스화 고려] : 66.4 점 (답변 시작)", 코드을 따라가 보니 같은 설정을 계속 받는 객체가 만들어지고 있어요. 필요한 곳부터 공통 동작를 클래스로 나누면 새 객체를 더할 때 기존 조건문문을 덜 건드려요. 🎯  (답변 종료),1,155,108,47,5218270
63,1,7.98,"[a = my_list[0], b = my_list[1] ... 대신 unpacking 사용 필요] : 99.4 점 👍,
[함수 인수 type hint 필요] : 93.4 점 👍,
[클래스 내부에서만 쓰이는 속성, 메서드 (접두사 있음) 호출 비 권장] : 90.8 점 👍,
[함수의 인수를 변경 가능한 default value로 하지 않아야 함] : 34.5 점 🚨,
[불필요한 변수 생성 대신 defaultdict 권장] : 5.5 점 🚨 (답변 시작)", 천천히 살펴보면 키별 초기화를 직접 반복하고 있어요. 필요한 곳부터 값을 모을 때는 defaultdict를 쓰면 분기가 줄어들어요. 🎯  (답변 종료),1,158,124,34,5218270
64,1,11.26,"[함수명, 반환값 간 일치] : 94.9 점 👍,
[enumerate 사용 가능한 경우 사용] : 87.9 점,
[if a.get(""b"") ... 형태로 수정 필요] : 81.3 점,
[zip 사용 가능한 경우 사용] : 67.0 점,
[상태 값 조건이 있는 if-elif-elif-else 있는 경우 클래스화 고려] : 51.8 점 🚨 (답변 시작)", 테스트를 떠올리면 상태별 동작을 길게 이어 붙이고 있어요. 필요한 곳부터 상태별 동작을 클래스로 나누면 새 상태를 더할 때 기존 조건문문을 덜 건드려도 돼요. 🎯  (답변 종료),1,150,102,48,5218270
65,1,10.59,"[함수의 인수를 변경 가능한 default value로 하지 않아야 함] : 91.3 점 👍,
[유사한 이름의 함수끼리 가까이 위치하도록 수정 권장] : 91.2 점 👍,
[itertools.product 사용 가능한 경우 사용] : 82.5 점,
[enumerate 사용 가능한 경우 사용] : 81.7 점,
[상태 값 조건이 있는 if-elif-elif-else 있는 경우 클래스화 고려] : 59.4 점 🚨 (답변 시작)", 천천히 살펴보면 상태별 동작을 길게 이어 붙이고 있어요. 필요한 곳부터 상태별 동작을 클래스로 나누면 새 상태를 더할 때 기존 조건문문이 덜 복잡해져요. 🎯  (답변 종료),1,154,109,45,5218270
66,1,9.84,"[itertools.product 사용 가능한 경우 사용] : 93.3 점 👍,
[고정값 상수화 필요] : 92.4 점 👍,
[의미 있는 함수명, 변수명 사용] : 80.6 점,
[str 단순 += 대신 join 사용] : 63.3 점,
[a = my_list[0], b = my_list[1] ... 대신 unpacking 사용 필요] : 41.1 점 🚨 (답변 시작)", 작은 개선을 찾다 보니 목록의 원소를 하나씩 꺼내고 있어요. 큰 부담 없이 정해진 순서의 값은 unpacking으로 풀어 주면 한 번에 읽혀요. ✨  (답변 종료),1,143,101,42,5218270
67,1,9.62,"[조건문 중첩 대신 any, all 사용] : 95.4 점 👍,
[비어 있는 문자열 여부 판단 간소화] : 91.1 점 👍,
[유사한 변수명 통일] : 79.7 점,
[prefix, suffix 검사 시 startswith(), endswith() 사용] : 74.5 점,
[assertion을 제어 메커니즘으로 사용하면 안됨] : 28.2 점 🚨 (답변 시작)", 천천히 살펴보면 assert가 실행 흐름을 대신하고 있어요. 필요한 곳부터 검증이 필요한 분기는 명시적인 예외 처리로 바꾸면 배포 환경에서도 안전해요. 🧼  (답변 종료),1,139,98,41,5218270
68,1,10.09,"[a = my_list[0], b = my_list[1] ... 대신 unpacking 사용 필요] : 97.4 점 👍,
[if-elif-elif-else 구문은 되도록 dict로 수정] : 95.3 점 👍,
[리스트 컴프리헨션 사용이 가능한 경우 사용] : 81.2 점,
[지나치게 많은 들여쓰기 수정] : 75.1 점,
[동일한 인수 집합을 갖는 함수가 많은 경우 클래스화 고려] : 7.5 점 🚨 (답변 시작)", 테스트를 떠올리면 같은 설정을 계속 받는 객체가 만들어지고 있어요. 가능하다면 공통 동작를 클래스로 나누면 새 객체를 더할 때 기존 조건문을 덜 건드려요. ✨  (답변 종료),1,161,118,43,5218270
69,1,11.04,"[빈도수, 반복문, 경로명 리스트 추출 시 collections, itertools, glob 사용] : 96.2 점 👍,
[제너레이터 표현식 사용이 가능한 경우 사용] : 95.9 점 👍,
[prefix, suffix 검사 시 startswith(), endswith() 사용] : 91.3 점 👍,
[주석 처리된 코드 제거] : 84.1 점,
[상태 값 조건이 있는 if-elif-elif-else 있는 경우 클래스화 고려] : 82.5 점 (답변 시작)", 테스트를 떠올리면 상태별 동작을 길게 이어 붙이고 있어요. 필요한 곳부터 상태별 동작을 클래스로 나누면 새 상태를 더할 때 기존 조건문문을 덜 건드려요. 🧼  (답변 종료),1,163,116,47,5218270
70,1,10.1,"[함수의 인자가 유동적인 경우 처리 권장] : 91.2 점 👍,
[zip 사용 가능한 경우 사용] : 50.0 점 🚨,
[100 line 이상 함수 분리, docstring 필요] : 47.1 점 🚨,
[상태 값 조건이 있는 if-elif-elif-else 있는 경우 클래스화 고려] : 13.1 점 🚨,
[동일 인자 type 통일] : 12.5 점 🚨 (답변 시작)", 작은 신호를 짚어 보니 같은 의미의 인수에서 type 표기가 제각각이에요. 가능하다면 인수의 type을 한 방식으로 맞추면 호출하는 쪽도 덜 헷갈려요. 🧼  (답변 종료),1,152,109,43,5218270
71,1,10.53,"[비어 있는 문자열 여부 판단 간소화] : 98.2 점 👍,
[key=itemgetter(""key"") 사용 권장] : 94.4 점 👍,
[if-elif-elif-else 구문은 되도록 dict로 수정] : 21.6 점 🚨,
[파일 단순 읽기/쓰기는 Path 사용] : 11.5 점 🚨,
[동일 인자 type 통일] : 8.0 점 🚨 (답변 시작)", 구현를 찬찬히 들여다보니 같은 의미의 인수에서 type 표기가 제각각이에요. 필요한 곳부터 인수의 type을 한 방식으로 맞추면 호출하는 쪽도 덜 헷갈려요. 🎈  (답변 종료),1,147,102,45,5218270
72,1,7.98,"[조건문 중첩 대신 any, all 사용] : 97.2 점 👍,
[클래스 내부에서만 쓰이는 속성, 메서드 (접두사 있음) 호출 비 권장] : 83.8 점,
[함수 인수 type hint 필요] : 77.5 점,
[import 순서 준수] : 72.0 점,
[if-elif-elif-else 구문은 되도록 dict로 수정] : 24.8 점 🚨 (답변 시작)", 천천히 살펴보면 조건 분기가 길게 늘어진 곳이 있어요. 필요한 곳부터 값별 동작으로 바꾸어 분기표를 단순하게 만들어 보세요. ✨  (답변 종료),1,137,103,34,5218270
73,1,9.41,"[불필요한 변수 생성 대신 defaultdict 권장] : 99.5 점 👍,
[리스트 컴프리헨션 사용이 가능한 경우 사용] : 97.8 점 👍,
[미 사용 변수/함수 제거] : 96.0 점 👍,
[assertion을 제어 메커니즘으로 사용하면 안됨] : 92.6 점 👍,
[제너레이터 표현식 사용이 가능한 경우 사용] : 74.2 점 (답변 시작)", 천천히 살펴보면 한 번만 쓸 중간 목록이 만들어지고 있어요. 필요한 곳부터 한 번만 순회한다면 제너레이터 표현식으로 메모리를 아껴 볼 만해요. 🧼  (답변 종료),1,140,100,40,5218270
74,1,9.64,"[문자열 단순 연결보다는 f-string 사용] : 93.5 점 👍,
[매우 간결한 변환은 map 사용] : 91.8 점 👍,
[함수의 인수를 변경 가능한 default value로 하지 않아야 함] : 47.6 점 🚨,
[README.md, pyproject.toml 필요] : 36.9 점 🚨,
[파일 단순 읽기/쓰기는 Path 사용] : 13.9 점 🚨 (답변 시작)", 천천히 살펴보면 간단한 파일 작업이 장황하게 처리되고 있어요. 필요한 곳부터 Path의 읽기와 쓰기 메서드를 쓰면 파일 작업이 짧고 단단해져요. ✨  (답변 종료),1,148,107,41,5218270
75,1,9.37,"[문자열 단순 연결보다는 f-string 사용] : 96.4 점 👍,
[zip 사용 가능한 경우 사용] : 93.4 점 👍,
[유사한 변수명 통일] : 90.9 점 👍,
[기존 배열의 원소 추가 대신 extend 함수 사용] : 90.6 점 👍,
[경로를 path/to/file 이 아닌, pathlib 또는 os.path.join 사용] : 43.0 점 🚨 (답변 시작)", 테스트를 떠올리면 파일 경로를 문자열로 이어 붙이고 있어요. 필요한 곳부터 pathlib이나 os.path.join으로 경로를 조립하면 운영체제가 달라도 안전해요. 🎯  (답변 종료),1,144,104,40,5218270
76,1,8.44,"[예외를 삼키는 경우가 없어야 함] : 97.9 점 👍,
[정규 표현식 문자열은 r""..."" 권장] : 96.9 점 👍,
[zip 사용 가능한 경우 사용] : 91.3 점 👍,
[str 단순 += 대신 join 사용] : 81.9 점,
[중복되는 사항 common 으로 빼기] : 60.8 점 (답변 시작)", 천천히 살펴보면 같은 처리가 여러 곳에서 반복되고 있어요. 필요한 곳부터 공통 동작을 한곳로 모으면 수정할 때 놓칠 구석이 줄어요. ✨  (답변 종료),1,126,90,36,5218270
77,1,10.14,"[지나치게 많은 들여쓰기 수정] : 99.0 점 👍,
[매우 간결한 변환은 map 사용] : 81.8 점,
[불필요한 print, logging 제거] : 70.8 점,
[비어 있는 문자열 여부 판단 간소화] : 51.0 점 🚨,
[동일 인자 type 통일] : 21.9 점 🚨 (답변 시작)", 구현를 찬찬히 들여다보니 같은 의미의 인수에서 type 표기가 제각각이에요. 살짝 인수의 type을 한 방식으로 맞추면 호출하는 쪽도 덜 헷갈려요. 🧼  (답변 종료),1,130,87,43,5218270
78,1,9.37,"[지나치게 많은 들여쓰기 수정] : 97.4 점 👍,
[Python 예약어를 변수명으로 사용하지 않아야 함] : 90.7 점 👍,
[비어 있는 문자열 여부 판단 간소화] : 48.3 점 🚨,
[if-elif-elif-else 구문은 되도록 dict로 수정] : 24.4 점 🚨,
[기존 배열의 원소 추가 대신 extend 함수 사용] : 24.4 점 🚨 (답변 시작)", 작은 개선을 찾다 보니 목록 원소를 하나씩 추가하고 있어요. 가능하다면 여러 값을 더할 때는 extend를 쓰면 의도가 정확히 전달돼요! 🧼  (답변 종료),1,146,108,38,5218270
79,1,10.16,"[assertion을 제어 메커니즘으로 사용하면 안됨] : 99.3 점 👍,
[함수명, 반환값 간 일치] : 90.6 점 👍,
[제너레이터 표현식 사용이 가능한 경우 사용] : 81.1 점,
[비어 있는 문자열 여부 판단 간소화] : 75.8 점,
[zip 사용 가능한 경우 사용] : 32.3 점 🚨 (답변 시작)", 천천히 살펴보면 두 목록을 인덱스로 따로 읽고 있어요. 가능하다면 인덱스를 맞춰 가며 값을 모을 때는 zip로 묶어 주면 인덱스 실수를 막을 수 있어요. 🎯  (답변 종료),1,135,94,41,5218270
80,1,7.64,"[숫자 값은 위쪽에 상수로] : 97.0 점 👍,
[if-elif-elif-else 구문은 되도록 dict로 수정] : 93.0 점 👍,
[고정값 상수화 필요] : 74.9 점,
[문자열 단순 연결보다는 f-string 사용] : 32.0 점 🚨,
[빈도수, 반복문, 경로명 리스트 추출 시 collections, itertools, glob 사용] : 6.0 점 🚨 (답변 시작)", 테스트를 떠올리면 값을 모으기 위해 직접 순회하고 있어요. 필요한 곳부터 collections를 쓰면 목적이 바로 보입니다. ✨  (답변 종료),1,143,112,31,5218270
81,1,9.84,"[숫자 값은 위쪽에 상수로] : 98.5 점 👍,
[고정값 상수화 필요] : 82.2 점,
[예외의 종류 (OOOError 등) 구체적 명시 권장] : 68.6 점,
[기존 배열의 원소 추가 대신 extend 함수 사용] : 63.4 점,
[100 line 이상 함수 분리, docstring 필요] : 12.6 점 🚨 (답변 시작)", 천천히 살펴보면 하나의 함수가 너무 많은 일을 하고 있어요. 큰 부담 없이 책임별 docstring과 함께 분리면 테스트와 수정이 한결 수월해져요. ✨  (답변 종료),1,138,98,40,5218270
82,1,8.37,"[동일한 인수 집합을 갖는 함수가 많은 경우 클래스화 고려] : 95.3 점 👍,
[동일 인자 type 통일] : 90.6 점 👍,
[함수의 인자가 유동적인 경우 처리 권장] : 64.1 점,
[if-elif-elif-else 구문은 되도록 dict로 수정] : 35.4 점 🚨,
[개수 세기에 count 함수 사용] : 18.4 점 🚨 (답변 시작)", 천천히 살펴보면 값의 개수를 세려고 있어요. 가능하다면 단순한 횟수 확인은 count에 맡기면 코드가 짧고 분명해져요. 🎯  (답변 종료),1,140,106,34,5218270
83,1,9.89,"[조건문 중첩 대신 any, all 사용] : 97.2 점 👍,
[불필요한 print, logging 제거] : 95.5 점 👍,
[100 line 이상 함수 분리, docstring 필요] : 90.6 점 👍,
[파일 열기, 닫기 시 with open(...) 사용] : 90.3 점 👍,
[매우 간결한 변환은 map 사용] : 33.5 점 🚨 (답변 시작)", 천천히 살펴보면 아주 단순한 변환을 긴 반복문으로 풀고 있어요. 큰 부담 없이 변환 규칙이 단순하면 map으로 핵심 연산을 또렷하게 표현할 수 있어요. 📌  (답변 종료),1,140,100,40,5218270
84,1,10.37,"[유사한 이름의 함수끼리 가까이 위치하도록 수정 권장] : 99.3 점 👍,
[enumerate 사용 가능한 경우 사용] : 74.2 점,
[한 줄의 길이는 일정 글자 이내로] : 43.2 점 🚨,
[함수의 인수를 변경 가능한 default value로 하지 않아야 함] : 39.9 점 🚨,
[중복되는 사항 common 으로 빼기] : 35.0 점 🚨 (답변 시작)", 작은 개선을 찾다 보니 같은 처리가 여러 곳에서 반복되고 있어요. 필요한 곳부터 공통 동작은 *args나 **kwargs를 알맞게 쓰면 수정할 수 있어요. 🧼  (답변 종료),1,147,105,42,5218270
85,1,8.86,"[동일한 인수 집합을 갖는 함수가 많은 경우 클래스화 고려] : 98.5 점 👍,
[함수의 인수를 변경 가능한 default value로 하지 않아야 함] : 96.2 점 👍,
[빈 파일 TODO 표시 필요] : 66.0 점,
[리스트 컴프리헨션 사용이 가능한 경우 사용] : 44.2 점 🚨,
[기존 배열의 원소 추가 대신 extend 함수 사용] : 37.0 점 🚨 (답변 시작)", 천천히 살펴보면 목록 원소를 하나씩 추가하고 있어요. 필요한 곳부터 여러 값을 더할 때는 extend를 쓰면 의도가 정확히 전달돼요! 🎯  (답변 종료),1,145,109,36,5218270
86,1,11.06,"[f = lambda x: ... 보다는 def f(x): return ... 를 사용] : 96.2 점 👍,
[함수의 인자가 하나로 묶을 수 있는 경우 처리 권장] : 96.1 점 👍,
[key=itemgetter(""key"") 사용 권장] : 90.2 점 👍,
[고정값 상수화 필요] : 31.5 점 🚨,
[함수의 인수를 변경 가능한 default value로 하지 않아야 함] : 9.5 점 🚨 (답변 시작)", 천천히 살펴보면 기본 인수에 리스트나 딕셔너리를 넣고 있어요. 필요한 곳부터 리스트나 딕셔너리는 *args나 **kwargs를 알맞게 쓰면 확장에 더 유연해져요. ✨  (답변 종료),1,159,114,45,5218270
87,1,9.14,"[함수의 인자가 하나로 묶을 수 있는 경우 처리 권장] : 97.7 점 👍,
[상태 값 조건이 있는 if-elif-elif-else 있는 경우 클래스화 고려] : 91.8 점 👍,
[함수 docstring, 함수명 의미 일치] : 90.5 점 👍,
[불필요한 변수 생성 대신 defaultdict 권장] : 69.2 점,
[인덱스 반환에 index 함수 사용] : 68.5 점 (답변 시작)", 테스트를 떠올리면 위치를 찾기 위해 직접 반복하고 있어요. 필요한 곳부터 첫 위치가 필요할 때는 index를 쓰면 목적이 바로 보여요. 🎯  (답변 종료),1,145,108,37,5218270
88,1,11.12,"[함수 docstring, 함수명 의미 일치] : 96.7 점 👍,
[동일한 인수 집합을 갖는 함수가 많은 경우 클래스화 고려] : 94.7 점 👍,
[미 사용 변수/함수 제거] : 62.1 점,
[100 line 이상 함수 분리, docstring 필요] : 22.9 점 🚨,
[지나치게 많은 들여쓰기 수정] : 18.8 점 🚨 (답변 시작)", 작은 신호를 짚어 보니 들여쓰기 단계가 깊어 흐름을 따라가기 어려워요. 필요한 곳부터 작은 함수로 쪼개거나 빠른 반환을 쓰면 조건의 미로가 얕아져요. 🧼  (답변 종료),1,147,102,45,5218270
89,1,10.34,"[예외를 삼키는 경우가 없어야 함] : 98.9 점 👍,
[100 line 이상 함수 분리, docstring 필요] : 97.6 점 👍,
[a = my_list[0], b = my_list[1] ... 대신 unpacking 사용 필요] : 94.4 점 👍,
[예외의 종류 (OOOError 등) 구체적 명시 권장] : 93.7 점 👍,
[파일 단순 읽기/쓰기는 Path 사용] : 84.4 점 (답변 시작)", 천천히 살펴보면 간단한 파일 작업이 장황하게 처리되고 있어요. 필요한 곳부터 Path의 읽기와 쓰기 메서드를 쓰면 파일 작업이 짧고 단단해져요. 🧼  (답변 종료),1,157,115,42,5218270
90,1,9.35,"[경로를 path/to/file 이 아닌, pathlib 또는 os.path.join 사용] : 94.0 점 👍,
[함수 docstring, 함수명 의미 일치] : 83.6 점,
[if a.get(""b"") ... 형태로 수정 필요] : 72.7 점,
[prefix, suffix 검사 시 startswith(), endswith() 사용] : 62.9 점,
[str 단순 += 대신 join 사용] : 60.6 점 (답변 시작)", 천천히 살펴보면 문자열을 반복해서 더하고 있어요. 필요한 곳부터 조각을 많이 합칠 때는 join로 모으면 성능와 의도가 함께 좋아져요. 🎯  (답변 종료),1,141,103,38,5218270
91,1,9.36,"[미 사용 변수/함수 제거] : 94.8 점 👍,
[유사한 이름의 함수끼리 가까이 위치하도록 수정 권장] : 86.6 점,
[a = my_list[0], b = my_list[1] ... 대신 unpacking 사용 필요] : 23.8 점 🚨,
[고정값 상수화 필요] : 22.7 점 🚨,
[str 단순 += 대신 join 사용] : 2.4 점 🚨 (답변 시작)", 코드을 따라가 보니 문자열을 반복해서 더하고 있어요. 가능하다면 조각을 많이 합칠 때는 join로 모으면 성능와 의도가 함께 좋아져요. 🧼  (답변 종료),1,145,107,38,5218270
92,1,10.38,"[함수의 인자가 유동적인 경우 처리 권장] : 92.8 점 👍,
[enumerate 사용 가능한 경우 사용] : 90.8 점 👍,
[정규 표현식 문자열은 r""..."" 권장] : 90.6 점 👍,
[if a.get(""b"") ... 형태로 수정 필요] : 15.9 점 🚨,
[의미 있는 함수명, 변수명 사용] : 8.7 점 🚨 (답변 시작)", 천천히 살펴보면 역할을 짐작하기 어려운 함수나 변수 이름이 보여요. 필요한 곳부터 무엇를 하는지 드러나는 이름 규칙으로 바꾸면 설명서 없이도 코드가 읽혀요. 🎯  (답변 종료),1,148,106,42,5218270
93,1,9.87,"[함수 docstring, 함수명 의미 일치] : 98.1 점 👍,
[유사한 이름의 함수끼리 가까이 위치하도록 수정 권장] : 90.8 점 👍,
[비어 있는 문자열 여부 판단 간소화] : 83.5 점,
[유사한 변수명 통일] : 64.7 점,
[itertools.product 사용 가능한 경우 사용] : 18.9 점 🚨 (답변 시작)", 천천히 살펴보면 조합을 만들려고 중첩 반복하고 있어요. 필요한 곳부터 모든 조합이 필요할 때는 itertools.product로 의도를 모으면 중첩 반복를 덜 신경 써도 돼요. ✨  (답변 종료),1,133,93,40,5218270
94,1,9.84,"[미 사용 변수/함수 제거] : 95.3 점 👍,
[함수 docstring, 함수명 의미 일치] : 74.4 점,
[유사한 이름의 함수끼리 가까이 위치하도록 수정 권장] : 67.6 점,
[중복되는 사항 common 으로 빼기] : 50.3 점 🚨,
[숫자 값은 위쪽에 상수로] : 13.4 점 🚨 (답변 시작)", 천천히 살펴보면 숫자 값이 파일 위쪽에 흩어져 있어요. 큰 부담 없이 의미 있는 상수 이름으로 꺼내 두면 정책를 바꿀 때 숫자 값도 함께 움직여요. 🧼  (답변 종료),1,136,96,40,5218270
95,1,9.84,"[함수의 인자가 유동적인 경우 처리 권장] : 67.5 점,
[인덱스 반환에 index 함수 사용] : 39.2 점 🚨,
[지나치게 많은 들여쓰기 수정] : 38.7 점 🚨,
[zip 사용 가능한 경우 사용] : 32.3 점 🚨,
[숫자 값은 위쪽에 상수로] : 25.5 점 🚨 (답변 시작)", 천천히 살펴보면 로직 사이에 매직 넘버가 숨어 있어요. 필요한 곳부터 매직 넘버를 파일 위쪽의 상수로 올리면 숫자가 왜 필요한지 바로 알 수 있어요. 🧼  (답변 종료),1,136,96,40,5218270
96,1,8.14,"[지나치게 많은 들여쓰기 수정] : 94.1 점 👍,
[언패킹 시 숫자 인덱스 사용하지 말 것 (변수에 바로 할당)] : 92.2 점 👍,
[빈도수, 반복문, 경로명 리스트 추출 시 collections, itertools, glob 사용] : 74.6 점,
[유사한 변수명 통일] : 59.0 점 🚨,
[비어 있는 문자열 여부 판단 간소화] : 42.5 점 🚨 (답변 시작)", 천천히 살펴보면 빈 문자열 검사식이 불필요하게 길어요. 가능하다면 파이썬다운 조건 검사로 바꾸면 조건의 부담가 줄어들 거예요. 🧼  (답변 종료),1,142,109,33,5218270
97,1,11.07,"[key=itemgetter(""key"") 사용 권장] : 90.0 점 👍,
[주석 처리된 코드 제거] : 68.5 점,
[if-elif-elif-else 구문은 되도록 dict로 수정] : 68.4 점,
[조건문 중첩 대신 any, all 사용] : 2.9 점 🚨,
[상태 값 조건이 있는 if-elif-elif-else 있는 경우 클래스화 고려] : 1.8 점 🚨 (답변 시작)", 천천히 살펴보면 상태별 동작을 직접 관리하고 있어요. 필요한 곳부터 상태별 동작을 클래스로 나누면 새 상태를 더할 때 기존 조건문문을 덜 건드려도 돼요. 🎈  (답변 종료),1,153,108,45,5218270
98,1,10.61,"[Python 예약어를 변수명으로 사용하지 않아야 함] : 92.3 점 👍,
[예외의 종류 (OOOError 등) 구체적 명시 권장] : 91.5 점 👍,
[매우 간결한 변환은 map 사용] : 87.2 점,
[언패킹 시 숫자 인덱스 사용하지 말 것 (변수에 바로 할당)] : 59.4 점 🚨,
[함수명, 반환값 간 일치] : 55.7 점 🚨 (답변 시작)", 코드를 따라가 보니 함수 이름과 반환값의 약속이 어긋나는 곳이 있어요. 가능하다면 반환하는 값을 이름에 맞추면 호출하는 쪽도 덜 헷갈려요. 🧼  (답변 종료),1,153,110,43,5218270
99,1,11.06,"[if a.get(""b"") ... 형태로 수정 필요] : 98.2 점 👍,
[유사한 변수명 통일] : 96.2 점 👍,
[언패킹 시 숫자 인덱스 사용하지 말 것 (변수에 바로 할당)] : 95.5 점 👍,
[상태 값 조건이 있는 if-elif-elif-else 있는 경우 클래스화 고려] : 68.8 점,
[함수 docstring, 함수명 의미 일치] : 22.8 점 🚨 (답변 시작)", 테스트를 떠올리면 docstring과 함수 동작이 서로 다르게 읽혀요. 필요한 곳부터 docstring과 함수가 약속한 역할을 맞추면 다음 사람이 안심하고 호출할 수 있어요. ✨  (답변 종료),1,160,115,45,5218270
100,2,10.42,"[주석 처리된 코드 제거] : 98.8 점 👍,
[import 순서 준수] : 76.1 점,
[enumerate 사용 가능한 경우 사용] : 75.6 점,
[불필요한 print, logging 제거] : 61.0 점,
[매우 간결한 변환은 map 사용] : 27.3 점 🚨 (답변 시작)", 전체 흐름을 놓고 보면 아주 단순한 변환을 긴 반복문으로 풀고 있어요. 천천히 변환 규칙이 단순하면 map으로 핵심 연산을 또렷하게 드러내요. 🎯  (답변 종료),1,121,81,40,5218270
101,2,12.3,"[상태 값 조건이 있는 if-elif-elif-else 있는 경우 클래스화 고려] : 93.4 점 👍,
[파일 열기, 닫기 시 with open(...) 사용] : 92.7 점 👍,
[유사한 변수명 통일] : 90.7 점 👍,
[매우 간결한 변환은 map 사용] : 34.8 점 🚨,
[README.md, pyproject.toml 필요] : 31.6 점 🚨 (답변 시작)", 전체 흐름을 놓고 보면 시작 방법을 알려 줄 README.md와 pyproject.toml이 필요해 보여요. 한 호흡 쉬고 설치 방법과 실행 환경을 적어 두면 처음 온 사람도 바로 출발할 수 있어요. 🌿  (답변 종료),1,158,108,50,5218270
102,2,11.26,"[의미 있는 함수명, 변수명 사용] : 98.9 점 👍,
[prefix, suffix 검사 시 startswith(), endswith() 사용] : 97.2 점 👍,
[if-elif-elif-else 구문은 되도록 dict로 수정] : 72.2 점,
[미 사용 변수/함수 제거] : 31.2 점 🚨,
[동일한 인수 집합을 갖는 함수가 많은 경우 클래스화 고려] : 23.2 점 🚨 (답변 시작)", 파일을 다시 훑어보니 같은 설정을 계속 받는 함수가 여러 개예요. 한 번에 공통 상태를 가진 객체로 묶으면 인자 전달이 가벼워지고 역할도 선명해져요. 📌  (답변 종료),1,158,112,46,5218270
103,2,9.07,"[문자열 단순 연결보다는 f-string 사용] : 97.4 점 👍,
[함수의 인자가 유동적인 경우 처리 권장] : 83.8 점,
[유사한 이름의 함수끼리 가까이 위치하도록 수정 권장] : 68.4 점,
[매우 간결한 변환은 map 사용] : 68.1 점,
[enumerate 사용 가능한 경우 사용] : 36.0 점 🚨 (답변 시작)", 파일을 다시 훑어보니 반복문에서 번호를 직접 관리하고 있어요. 한 번에 순서와 값을 함께 쓸 때는 enumerate가 더 자연스럽고 안전해요.  (답변 종료),1,133,96,37,5218270
104,2,10.53,"[itertools.product 사용 가능한 경우 사용] : 92.3 점 👍,
[README.md, pyproject.toml 필요] : 90.9 점 👍,
[함수 인수 type hint 필요] : 90.4 점 👍,
[중복되는 사항 common 으로 빼기] : 88.9 점,
[str 단순 += 대신 join 사용] : 87.7 점 (답변 시작)", 파일을 다시 훑어보니 문자열이 여러 겹으로 겹쳐 있어요. 작은 단계로 조각을 많이 합칠 때는 join으로 모으면 성능과 의도가 함께 좋아져요. 🧼  (답변 종료),1,130,87,43,5218270
105,2,11.58,"[함수의 인자가 하나로 묶을 수 있는 경우 처리 권장] : 97.8 점 👍,
[동일한 인수 집합을 갖는 함수가 많은 경우 클래스화 고려] : 93.5 점 👍,
[if a.get(""b"") ... 형태로 수정 필요] : 40.9 점 🚨,
[import 순서 준수] : 12.0 점 🚨,
[함수 docstring, 함수명 의미 일치] : 1.5 점 🚨 (답변 시작)", 파일을 다시 훑어보니 docstring과 함수 동작이 서로 다르게 읽혀요. 한 번에 docstring과 함수가 약속한 역할을 맞추면 다음 사람이 안심하고 호출할 수 있어요. 🌿  (답변 종료),1,158,111,47,5218270
106,2,11.52,"[개수 세기에 count 함수 사용] : 99.5 점 👍,
[지나치게 많은 들여쓰기 수정] : 96.8 점 👍,
[enumerate 사용 가능한 경우 사용] : 90.8 점 👍,
[파일 단순 읽기/쓰기는 Path 사용] : 89.7 점,
[의미 있는 함수명, 변수명 사용] : 79.9 점 (답변 시작)", 작은 개선을 찾다 보니 역할을 짐작하기 어려운 함수나 변수 이름이 보여요. 조금만 시간을 내서 무엇을 하는지 드러나는 이름으로 바꾸면 설명서 없이도 코드가 읽혀요. 🌿  (답변 종료),1,139,92,47,5218270
107,2,10.28,"[enumerate 사용 가능한 경우 사용] : 92.8 점 👍,
[파일 단순 읽기/쓰기는 Path 사용] : 92.2 점 👍,
[리스트 컴프리헨션 사용이 가능한 경우 사용] : 91.2 점 👍,
[매우 간결한 변환은 map 사용] : 79.5 점,
[if-elif-elif-else 구문은 되도록 dict로 수정] : 66.8 점 (답변 시작)", 한 번 더 확인해 보니 조건 분기가 길게 늘어진 곳이 있어요. 한 호흡 쉬고 값에 따른 선택이라면 dict 매핑으로 바꾸어 분기표를 단순하게 만들어 보세요. 🧼  (답변 종료),1,142,100,42,5218270
108,2,11.03,"[조건문 중첩 대신 any, all 사용] : 51.0 점 🚨,
[함수의 인수를 변경 가능한 default value로 하지 않아야 함] : 46.7 점 🚨,
[불필요한 print, logging 제거] : 44.5 점 🚨,
[빈도수, 반복문, 경로명 리스트 추출 시 collections, itertools, glob 사용] : 32.0 점 🚨,
[고정값 상수화 필요] : 17.4 점 🚨 (답변 시작)", 파일을 다시 훑어보니 같은 고정값이 여러 곳에 흩어져 있어요. 작은 단계로 의미 있는 상수 이름으로 꺼내 두면 정책을 바꿀 때 한 번에 손볼 수 있어요. 🧼  (답변 종료),1,159,114,45,5218270
109,2,11.29,"[한 줄의 길이는 일정 글자 이내로] : 99.0 점 👍,
[prefix, suffix 검사 시 startswith(), endswith() 사용] : 69.0 점,
[클래스 내부에서만 쓰이는 속성, 메서드 (접두사 있음) 호출 비 권장] : 48.9 점 🚨,
[함수의 인자가 하나로 묶을 수 있는 경우 처리 권장] : 35.9 점 🚨,
[함수의 인자가 유동적인 경우 처리 권장] : 16.8 점 🚨 (답변 시작)", 파일을 다시 훑어보니 개수가 바뀔 수 있는 인수를 고정해 두고 있어요. 한 번에 가변 인수는 *args나 **kwargs를 알맞게 쓰면 확장에 유연해져요. 🧼  (답변 종료),1,169,123,46,5218270
110,2,12.08,"[파일 열기, 닫기 시 with open(...) 사용] : 98.7 점 👍,
[prefix, suffix 검사 시 startswith(), endswith() 사용] : 96.4 점 👍,
[제너레이터 표현식 사용이 가능한 경우 사용] : 93.2 점 👍,
[인덱스 반환에 index 함수 사용] : 92.5 점 👍,
[f = lambda x: ... 보다는 def f(x): return ... 를 사용] : 70.7 점 (답변 시작)", 작은 개선을 찾다 보니 이름이 필요한 동작이 lambda 표현식에 숨어 있어요. 한 번에 재사용하거나 설명이 필요한 로직은 def로 꺼내면 디버깅과 테스트가 편해져요. 🧼  (답변 종료),1,158,109,49,5218270
111,2,9.08,"[함수 인수 type hint 필요] : 97.5 점 👍,
[동일 인자 type 통일] : 87.6 점,
[f = lambda x: ... 보다는 def f(x): return ... 를 사용] : 81.1 점,
[의미 있는 함수명, 변수명 사용] : 64.7 점,
[한 줄의 길이는 일정 글자 이내로] : 44.4 점 🚨 (답변 시작)", 파일을 다시 훑어보니 한 줄이 너무 길게 이어지는 곳이 있어요. 천천히 줄을 적당히 나누면 작은 화면에서도 흐름을 놓치지 않아요. 🌿  (답변 종료),1,133,96,37,5218270
112,2,8.83,"[고정값 상수화 필요] : 99.5 점 👍,
[import 순서 준수] : 97.9 점 👍,
[리스트 컴프리헨션 사용이 가능한 경우 사용] : 96.2 점 👍,
[매우 간결한 변환은 map 사용] : 91.8 점 👍,
[예외의 종류 (OOOError 등) 구체적 명시 권장] : 65.6 점 (답변 시작)", 한 번 더 확인해 보니 너무 넓은 예외를 잡고 있어요. 천천히 예상한 OOOError처럼 구체적인 예외만 잡으면 버그가 숨어버리지 않아요. 📌  (답변 종료),1,131,95,36,5218270
113,2,10.05,"[제너레이터 표현식 사용이 가능한 경우 사용] : 91.9 점 👍,
[함수명, 반환값 간 일치] : 90.7 점 👍,
[enumerate 사용 가능한 경우 사용] : 51.7 점 🚨,
[if a.get(""b"") ... 형태로 수정 필요] : 44.4 점 🚨,
[유사한 변수명 통일] : 24.4 점 🚨 (답변 시작)", 전체 흐름을 놓고 보면 비슷한 역할의 변수 이름이 제각각이에요. 한 호흡 쉬고 같은 개념에는 같은 이름 규칙을 쓰면 읽는 속도가 훨씬 빨라져요. 📌  (답변 종료),1,143,102,41,5218270
114,2,10.33,"[a = my_list[0], b = my_list[1] ... 대신 unpacking 사용 필요] : 77.1 점,
[함수의 인자가 하나로 묶을 수 있는 경우 처리 권장] : 75.8 점,
[if-elif-elif-else 구문은 되도록 dict로 수정] : 66.8 점,
[zip 사용 가능한 경우 사용] : 66.1 점,
[파일 열기, 닫기 시 with open(...) 사용] : 63.0 점 (답변 시작)", 파일을 다시 훑어보니 파일을 열고 닫는 일을 직접 관리하고 있어요. 한 번에 with open(...)으로 감싸면 예외가 나도 파일이 안전하게 닫혀요. 📌  (답변 종료),1,152,110,42,5218270
115,2,10.78,"[if a.get(""b"") ... 형태로 수정 필요] : 73.1 점,
[함수 인수 type hint 필요] : 53.3 점 🚨,
[중복되는 사항 common 으로 빼기] : 24.8 점 🚨,
[if-elif-elif-else 구문은 되도록 dict로 수정] : 10.5 점 🚨,
[함수명, 반환값 간 일치] : 5.1 점 🚨 (답변 시작)", 파일을 다시 훑어보니 함수 이름과 반환값의 약속이 어긋나는 곳이 있어요. 한 번에 반환하는 값을 이름에 맞추면 호출부에서 예상이 빗나가지 않아요.  (답변 종료),1,149,105,44,5218270
116,2,11.02,"[클래스 내부에서만 쓰이는 속성, 메서드 (접두사 있음) 호출 비 권장] : 88.2 점,
[인덱스 반환에 index 함수 사용] : 80.9 점,
[중복되는 사항 common 으로 빼기] : 19.3 점 🚨,
[불필요한 print, logging 제거] : 7.3 점 🚨,
[함수명, 반환값 간 일치] : 7.1 점 🚨 (답변 시작)", 전체 흐름을 놓고 보면 함수 이름과 반환값의 약속이 어긋나는 곳이 있어요. 살짝 반환하는 값을 이름에 맞추면 호출부에서 예상이 빗나가지 않아요. 🧼  (답변 종료),1,148,103,45,5218270
117,2,11.53,"[함수 인수 type hint 필요] : 98.6 점 👍,
[100 line 이상 함수 분리, docstring 필요] : 96.2 점 👍,
[import 순서 준수] : 40.6 점 🚨,
[a = my_list[0], b = my_list[1] ... 대신 unpacking 사용 필요] : 27.6 점 🚨,
[if a.get(""b"") ... 형태로 수정 필요] : 13.9 점 🚨 (답변 시작)"," 차분히 검토해 보니 딕셔너리 키를 꺼내는 과정이 장황해요. 한 번에 a.get(""b"")처럼 안전하게 꺼내면 누락된 키에서도 흐름이 부드러워요. 🎯  (답변 종료)",1,158,111,47,5218270
118,2,11.29,"[주석 처리된 코드 제거] : 97.6 점 👍,
[예외를 삼키는 경우가 없어야 함] : 97.2 점 👍,
[기존 배열의 원소 추가 대신 extend 함수 사용] : 93.8 점 👍,
[a = my_list[0], b = my_list[1] ... 대신 unpacking 사용 필요] : 77.4 점,
[동일한 인수 집합을 갖는 함수가 많은 경우 클래스화 고려] : 64.4 점 (답변 시작)", 파일을 다시 훑어보니 같은 설정을 계속 받는 함수가 여러 개예요. 한 번에 공통 상태를 가진 객체로 묶으면 인자 전달이 가벼워지고 역할도 선명해져요. 🧼  (답변 종료),1,155,109,46,5218270
119,2,10.35,"[매우 간결한 변환은 map 사용] : 98.4 점 👍,
[지나치게 많은 들여쓰기 수정] : 96.1 점 👍,
[함수의 인자가 유동적인 경우 처리 권장] : 91.1 점 👍,
[파일 열기, 닫기 시 with open(...) 사용] : 57.8 점 🚨,
[itertools.product 사용 가능한 경우 사용] : 5.5 점 🚨 (답변 시작)", 파일을 다시 훑어보니 조합을 만들려고 중첩 반복문을 쓰고 있어요. 한 번에 모든 조합이 필요할 때는 itertools.product로 의도를 또렷하게 드러내요. 🧼  (답변 종료),1,141,99,42,5218270
120,2,10.29,"[중복되는 사항 common 으로 빼기] : 95.5 점 👍,
[제너레이터 표현식 사용이 가능한 경우 사용] : 90.8 점 👍,
[인덱스 반환에 index 함수 사용] : 74.5 점,
[매우 간결한 변환은 map 사용] : 48.1 점 🚨,
[itertools.product 사용 가능한 경우 사용] : 34.6 점 🚨 (답변 시작)", 파일을 다시 훑어보니 조합을 만들려고 중첩 반복문을 쓰고 있어요. 작은 단계로 모든 조합이 필요할 때는 itertools.product로 의도를 또렷하게 드러내요. 🎯  (답변 종료),1,136,94,42,5218270
121,2,10.79,"[인덱스 반환에 index 함수 사용] : 92.8 점 👍,
[비어 있는 문자열 여부 판단 간소화] : 84.5 점,
[문자열 단순 연결보다는 f-string 사용] : 71.7 점,
[기존 배열의 원소 추가 대신 extend 함수 사용] : 43.5 점 🚨,
[의미 있는 함수명, 변수명 사용] : 24.7 점 🚨 (답변 시작)", 파일을 다시 훑어보니 역할을 짐작하기 어려운 함수나 변수 이름이 보여요. 한 번에 무엇을 하는지 드러나는 이름으로 바꾸면 설명서 없이도 코드가 읽혀요. 📌  (답변 종료),1,141,97,44,5218270
122,2,11.31,"[prefix, suffix 검사 시 startswith(), endswith() 사용] : 94.4 점 👍,
[동일 인자 type 통일] : 91.8 점 👍,
[불필요한 print, logging 제거] : 91.2 점 👍,
[key=itemgetter(""key"") 사용 권장] : 91.0 점 👍,
[f = lambda x: ... 보다는 def f(x): return ... 를 사용] : 61.8 점 (답변 시작)", 파일을 다시 훑어보니 이름이 필요한 동작이 lambda에 숨어 있어요. 작은 단계로 재사용하거나 설명이 필요한 로직은 def로 꺼내면 디버깅과 테스트가 편해져요. 📌  (답변 종료),1,148,102,46,5218270
123,2,10.1,"[함수명, 반환값 간 일치] : 92.8 점 👍,
[README.md, pyproject.toml 필요] : 86.7 점,
[경로를 path/to/file 이 아닌, pathlib 또는 os.path.join 사용] : 77.2 점,
[함수 인수 type hint 필요] : 68.1 점,
[파일 열기, 닫기 시 with open(...) 사용] : 5.4 점 🚨 (답변 시작)", 작은 개선을 찾다 보니 파일을 열고 닫는 일을 직접 관리하고 있어요. 천천히 with open(...)으로 감싸면 예외가 나도 파일이 안전하게 닫혀요. 🎯  (답변 종료),1,140,99,41,5218270
124,2,9.81,"[assertion을 제어 메커니즘으로 사용하면 안됨] : 98.2 점 👍,
[빈도수, 반복문, 경로명 리스트 추출 시 collections, itertools, glob 사용] : 93.5 점 👍,
[중복되는 사항 common 으로 빼기] : 92.3 점 👍,
[인덱스 반환에 index 함수 사용] : 91.0 점 👍,
[함수 인수 type hint 필요] : 67.7 점 (답변 시작)", 작은 개선을 찾다 보니 함수 인수의 type hint가 비어 있어요. 살짝 인수에 type hint를 달아 두면 들어오는 데이터가 무엇인지 바로 알 수 있어요. 🌿  (답변 종료),1,142,102,40,5218270
125,2,11.01,"[함수명, 반환값 간 일치] : 100.0 점 👍,
[클래스 내부에서만 쓰이는 속성, 메서드 (접두사 있음) 호출 비 권장] : 78.1 점,
[함수의 인자가 유동적인 경우 처리 권장] : 61.2 점,
[매우 간결한 변환은 map 사용] : 42.3 점 🚨,
[고정값 상수화 필요] : 24.6 점 🚨 (답변 시작)", 한 번 더 확인해 보니 같은 고정값이 여러 곳에 흩어져 있어요. 작은 단계로 의미 있는 상수 이름으로 꺼내 두면 정책을 바꿀 때 한 번에 손볼 수 있어요. 🌿  (답변 종료),1,149,104,45,5218270
126,2,9.8,"[예외를 삼키는 경우가 없어야 함] : 73.0 점,
[a = my_list[0], b = my_list[1] ... 대신 unpacking 사용 필요] : 72.6 점,
[if-elif-elif-else 구문은 되도록 dict로 수정] : 67.7 점,
[매우 간결한 변환은 map 사용] : 50.2 점 🚨,
[미 사용 변수/함수 제거] : 49.0 점 🚨 (답변 시작)", 전체 흐름을 놓고 보면 쓰이지 않는 변수나 함수가 남아 있네요. 한 번에 참조되지 않는 선언을 걷어 내면 핵심 로직만 또렷하게 남아요. 🎯  (답변 종료),1,149,109,40,5218270
127,2,8.39,"[매우 간결한 변환은 map 사용] : 97.3 점 👍,
[조건문 중첩 대신 any, all 사용] : 92.2 점 👍,
[유사한 변수명 통일] : 91.5 점 👍,
[기존 배열의 원소 추가 대신 extend 함수 사용] : 67.2 점,
[한 줄의 길이는 일정 글자 이내로] : 6.5 점 🚨 (답변 시작)", 파일을 다시 훑어보니 한 줄이 너무 길게 이어지는 곳이 있어요. 천천히 줄을 적당히 나누면 작은 화면에서도 흐름을 놓치지 않아요.  (답변 종료),1,131,97,34,5218270
128,2,11.5,"[assertion을 제어 메커니즘으로 사용하면 안됨] : 92.8 점 👍,
[동일한 인수 집합을 갖는 함수가 많은 경우 클래스화 고려] : 79.6 점,
[함수 docstring, 함수명 의미 일치] : 77.1 점,
[클래스 내부에서만 쓰이는 속성, 메서드 (접두사 있음) 호출 비 권장] : 72.9 점,
[파일 단순 읽기/쓰기는 Path 사용] : 4.2 점 🚨 (답변 시작)", 파일을 다시 훑어보니 간단한 읽기와 쓰기 작업이 장황하게 처리되고 있어요. 조금만 시간을 내서 Path의 읽기와 쓰기 메서드를 쓰면 파일이 훨씬 가벼워져요. 🧼  (답변 종료),1,158,111,47,5218270
129,2,11.03,"[동일 인자 type 통일] : 97.2 점 👍,
[함수의 인자가 유동적인 경우 처리 권장] : 92.7 점 👍,
[제너레이터 표현식 사용이 가능한 경우 사용] : 75.9 점,
[언패킹 시 숫자 인덱스 사용하지 말 것 (변수에 바로 할당)] : 65.8 점,
[함수명, 반환값 간 일치] : 63.1 점 (답변 시작)", 차분히 검토해 보니 함수 이름과 반환값의 약속이 어긋나는 곳이 있어요. 한 호흡 쉬고 반환하는 값을 이름에 맞추면 호출부에서 예상이 빗나가지 않아요. 🧼  (답변 종료),1,143,98,45,5218270
130,2,10.28,"[상태 값 조건이 있는 if-elif-elif-else 있는 경우 클래스화 고려] : 98.1 점 👍,
[불필요한 변수 생성 대신 defaultdict 권장] : 96.6 점 👍,
[import 순서 준수] : 93.5 점 👍,
[예외의 종류 (OOOError 등) 구체적 명시 권장] : 93.3 점 👍,
[함수의 인자가 하나로 묶을 수 있는 경우 처리 권장] : 44.4 점 🚨 (답변 시작)", 전체 흐름을 놓고 보면 함께 움직이는 인수가 따로따로 전달되고 있어요. 한 호흡 쉬고 함께 쓰는 값을 객체나 dataclass로 묶으면 호출부가 훨씬 덜 복잡해져요.  (답변 종료),1,156,114,42,5218270
131,2,11.56,"[enumerate 사용 가능한 경우 사용] : 95.6 점 👍,
[함수 docstring, 함수명 의미 일치] : 93.4 점 👍,
[f = lambda x: ... 보다는 def f(x): return ... 를 사용] : 85.3 점,
[중복되는 사항 common 으로 빼기] : 54.7 점 🚨,
[고정값 상수화 필요] : 46.6 점 🚨 (답변 시작)", 한 번 더 확인해 보니 같은 고정값이 여러 곳에 흩어져 있어요. 프로젝트를 아끼는 마음으로 의미 있는 상수 이름으로 꺼내 두면 정책을 바꿀 때 한 번에 손볼 수 있어요. 🧼  (답변 종료),1,147,100,47,5218270
132,2,10.59,"[정규 표현식 문자열은 r""..."" 권장] : 98.7 점 👍,
[동일한 인수 집합을 갖는 함수가 많은 경우 클래스화 고려] : 91.2 점 👍,
[동일 인자 type 통일] : 69.9 점,
[Python 예약어를 변수명으로 사용하지 않아야 함] : 68.1 점,
[의미 있는 함수명, 변수명 사용] : 6.8 점 🚨 (답변 시작)", 작은 개선을 찾다 보니 역할을 짐작하기 어려운 함수나 변수 이름이 보여요. 천천히 무엇을 하는지 드러나는 이름으로 바꾸면 설명서 없이도 코드가 읽혀요. 🧼  (답변 종료),1,144,101,43,5218270
133,2,10.55,"[itertools.product 사용 가능한 경우 사용] : 85.4 점,
[파일 단순 읽기/쓰기는 Path 사용] : 82.8 점,
[유사한 변수명 통일] : 80.2 점,
[예외의 종류 (OOOError 등) 구체적 명시 권장] : 69.6 점,
[동일한 인수 집합을 갖는 함수가 많은 경우 클래스화 고려] : 64.8 점 (답변 시작)", 전체 흐름을 놓고 보면 같은 설정을 계속 받는 함수가 여러 개예요. 한 번에 공통 상태를 가진 객체로 묶으면 인자 전달이 가벼워지고 역할도 선명해져요.  (답변 종료),1,137,94,43,5218270
134,2,10.53,"[assertion을 제어 메커니즘으로 사용하면 안됨] : 99.0 점 👍,
[주석 처리된 코드 제거] : 93.0 점 👍,
[함수명, 반환값 간 일치] : 91.4 점 👍,
[zip 사용 가능한 경우 사용] : 88.2 점,
[제너레이터 표현식 사용이 가능한 경우 사용] : 74.7 점 (답변 시작)", 한 번 더 확인해 보니 한 번만 쓸 중간 목록이 만들어지고 있어요. 천천히 한 번만 순회한다면 제너레이터 표현식 표현식이 더 간결하게 뜻을 전해요. 📌  (답변 종료),1,134,91,43,5218270
135,2,10.55,"[zip 사용 가능한 경우 사용] : 86.1 점,
[한 줄의 길이는 일정 글자 이내로] : 83.5 점,
[언패킹 시 숫자 인덱스 사용하지 말 것 (변수에 바로 할당)] : 67.9 점,
[주석 처리된 코드 제거] : 17.7 점 🚨,
[중복되는 사항 common 으로 빼기] : 0.6 점 🚨 (답변 시작)", 파일을 다시 훑어보니 같은 처리가 여러 곳에서 반복되고 있어요. 📌 한 번에 공통 동작을 한곳으로 모으면 수정할 때 놓칠 구석이 줄어요. 📌  (답변 종료),1,138,95,43,5218270
136,2,12.33,"[한 줄의 길이는 일정 글자 이내로] : 91.8 점 👍,
[상태 값 조건이 있는 if-elif-elif-else 있는 경우 클래스화 고려] : 91.7 점 👍,
[파일 단순 읽기/쓰기는 Path 사용] : 90.2 점 👍,
[제너레이터 표현식 사용이 가능한 경우 사용] : 7.6 점 🚨,
[key=itemgetter(""key"") 사용 권장] : 4.6 점 🚨 (답변 시작)"," 전체 흐름을 놓고 보면 정렬 키를 lambda로 길게 꺼내고 있어요. 조금만 시간을 내서 딕셔너리로 정렬할 때는 itemgetter(""key"")가 더 간결하게 뜻을 전해요. 🧼  (답변 종료)",1,163,113,50,5218270
137,2,9.8,"[클래스 내부에서만 쓰이는 속성, 메서드 (접두사 있음) 호출 비 권장] : 93.9 점 👍,
[enumerate 사용 가능한 경우 사용] : 86.9 점,
[주석 처리된 코드 제거] : 72.3 점,
[상태 값 조건이 있는 if-elif-elif-else 있는 경우 클래스화 고려] : 30.9 점 🚨,
[중복되는 사항 common 으로 빼기] : 5.2 점 🚨 (답변 시작)", 파일을 다시 훑어보니 같은 처리가 여러 곳에서 반복되고 있어요. 한 번에 공통 동작을 한곳으로 모으면 수정할 때 놓칠 구석이 줄어요. 📌  (답변 종료),1,150,110,40,5218270
138,2,11.5,"[상태 값 조건이 있는 if-elif-elif-else 있는 경우 클래스화 고려] : 98.8 점 👍,
[주석 처리된 코드 제거] : 92.3 점 👍,
[빈 파일 TODO 표시 필요] : 91.7 점 👍,
[예외를 삼키는 경우가 없어야 함] : 24.3 점 🚨,
[key=itemgetter(""key"") 사용 권장] : 11.6 점 🚨 (답변 시작)"," 전체 흐름을 놓고 보면 정렬 키를 lambda로 길게 꺼내고 있어요. 조금만 시간을 내서 딕셔너리로 정렬할 때는 itemgetter(""key"")가 더 간결하게 뜻을 전해요.  (답변 종료)",1,151,104,47,5218270
139,2,11.51,"[prefix, suffix 검사 시 startswith(), endswith() 사용] : 99.0 점 👍,
[if a.get(""b"") ... 형태로 수정 필요] : 98.8 점 👍,
[비어 있는 문자열 여부 판단 간소화] : 92.8 점 👍,
[예외의 종류 (OOOError 등) 구체적 명시 권장] : 61.4 점,
[함수 docstring, 함수명 의미 일치] : 28.2 점 🚨 (답변 시작)", 파일을 다시 훑어보니 docstring과 함수 동작이 서로 다르게 읽혀요. 한 번에 docstring과 함수가 약속한 역할을 맞추면 다음 사람이 안심하고 호출할 수 있어요. 📌  (답변 종료),1,156,109,47,5218270
140,2,8.65,"[한 줄의 길이는 일정 글자 이내로] : 94.5 점 👍,
[주석 처리된 코드 제거] : 90.2 점 👍,
[예외의 종류 (OOOError 등) 구체적 명시 권장] : 71.1 점,
[100 line 이상 함수 분리, docstring 필요] : 45.0 점 🚨,
[숫자 값은 위쪽에 상수로] : 35.9 점 🚨 (답변 시작)", 파일을 다시 훑어보니 로직 사이에 매직이 숨어 있어요. 조금만 시간을 내서 매직 대신 역할을 또렷하게 드러내요. 📌  (답변 종료),1,137,102,35,5218270
141,2,10.29,"[README.md, pyproject.toml 필요] : 94.8 점 👍,
[숫자 값은 위쪽에 상수로] : 91.3 점 👍,
[지나치게 많은 들여쓰기 수정] : 91.1 점 👍,
[상태 값 조건이 있는 if-elif-elif-else 있는 경우 클래스화 고려] : 86.2 점,
[itertools.product 사용 가능한 경우 사용] : 4.5 점 🚨 (답변 시작)", 전체 흐름을 놓고 보면 조합을 만들려고 중첩 반복문을 쓰고 있어요. 작은 단계로 모든 조합이 필요할 때는 itertools.product로 의도를 또렷하게 드러내요. 📌  (답변 종료),1,146,104,42,5218270
142,2,10.06,"[함수명, 반환값 간 일치] : 99.7 점 👍,
[지나치게 많은 들여쓰기 수정] : 88.5 점,
[동일 인자 type 통일] : 83.6 점,
[숫자 값은 위쪽에 상수로] : 66.2 점,
[zip 사용 가능한 경우 사용] : 0.1 점 🚨 (답변 시작)", 작은 개선을 찾다 보니 나란히 읽는 값들의 type 표기가 통일되지 않았어요. 한 번에 같은 개념에는 같은 표기 규칙을 쓰면 읽는 속도가 훨씬 빨라져요.  (답변 종료),1,126,85,41,5218270
143,2,9.31,"[정규 표현식 문자열은 r""..."" 권장] : 99.1 점 👍,
[숫자 값은 위쪽에 상수로] : 94.4 점 👍,
[동일 인자 type 통일] : 91.0 점 👍,
[예외의 종류 (OOOError 등) 구체적 명시 권장] : 79.8 점,
[인덱스 반환에 index 함수 사용] : 74.5 점 (답변 시작)", 차분히 검토해 보니 위치를 찾기 위해 직접 반복하고 있어요. 조금만 시간을 내서 첫 위치가 필요할 때는 index를 쓰면 목적이 바로 보입니다. 📌  (답변 종료),1,133,95,38,5218270
144,2,9.58,"[클래스 내부에서만 쓰이는 속성, 메서드 (접두사 있음) 호출 비 권장] : 99.6 점 👍,
[f = lambda x: ... 보다는 def f(x): return ... 를 사용] : 97.7 점 👍,
[고정값 상수화 필요] : 90.0 점 👍,
[인덱스 반환에 index 함수 사용] : 65.9 점,
[import 순서 준수] : 62.9 점 (답변 시작)", 파일을 다시 훑어보니 import 배치가 섞여 있어요. 천천히 표준 라이브러리와 외부 패키지와 내부 모듈을 차례로 정리하면 시작 화면이 말끔해져요. 🧼  (답변 종료),1,142,103,39,5218270
145,2,13.5,"[유사한 이름의 함수끼리 가까이 위치하도록 수정 권장] : 91.6 점 👍,
[import 순서 준수] : 81.3 점,
[경로를 path/to/file 이 아닌, pathlib 또는 os.path.join 사용] : 46.7 점 🚨,
[고정값 상수화 필요] : 21.4 점 🚨,
[지나치게 많은 들여쓰기 수정] : 1.2 점 🚨 (답변 시작)", 전체 흐름을 놓고 보면 들여쓰기 단계가 깊어 작은 함수로 쪼개거나 빠른 반환을 쓰면 조건의 미로가 얕아져요. 한 호흡 쉬고 작은 함수로 쪼개거나 빠른 반환을 쓰면 조건의 미로가 얕아져요. 🌿  (답변 종료),1,155,100,55,5218270
146,2,8.83,"[주석 처리된 코드 제거] : 97.3 점 👍,
[함수의 인자가 하나로 묶을 수 있는 경우 처리 권장] : 89.2 점,
[불필요한 변수 생성 대신 defaultdict 권장] : 67.0 점,
[예외의 종류 (OOOError 등) 구체적 명시 권장] : 62.7 점,
[한 줄의 길이는 일정 글자 이내로] : 38.6 점 🚨 (답변 시작)", 파일을 다시 훑어보니 한 줄이 너무 길게 이어지는 곳이 있어요. 한 호흡 쉬고 줄을 적당히 나누면 작은 화면에서도 흐름을 놓치지 않아요.  (답변 종료),1,137,101,36,5218270
147,2,10.77,"[상태 값 조건이 있는 if-elif-elif-else 있는 경우 클래스화 고려] : 90.0 점 👍,
[인덱스 반환에 index 함수 사용] : 75.5 점,
[a = my_list[0], b = my_list[1] ... 대신 unpacking 사용 필요] : 52.1 점 🚨,
[함수의 인자가 유동적인 경우 처리 권장] : 20.4 점 🚨,
[조건문 중첩 대신 any, all 사용] : 18.8 점 🚨 (답변 시작)", 파일을 다시 훑어보니 조건문이 여러 겹으로 겹쳐 있어요. 한 번에 여러 조건의 존재 여부는 any나 all에 맡기면 뜻이 훨씬 또렷해져요. 🧼  (답변 종료),1,165,121,44,5218270
148,2,11.01,"[한 줄의 길이는 일정 글자 이내로] : 98.3 점 👍,
[제너레이터 표현식 사용이 가능한 경우 사용] : 86.9 점,
[클래스 내부에서만 쓰이는 속성, 메서드 (접두사 있음) 호출 비 권장] : 81.1 점,
[개수 세기에 count 함수 사용] : 71.4 점,
[유사한 이름의 함수끼리 가까이 위치하도록 수정 권장] : 67.9 점 (답변 시작)", 전체 흐름을 놓고 보면 비슷한 이름의 함수가 파일 곳곳에 흩어져 있어요. 한 번에 비슷한 역할의 함수를 가까이 두면 탐색 시간이 줄고 파일 구조가 자연스러워져요. 📌  (답변 종료),1,151,106,45,5218270
149,2,9.12,"[한 줄의 길이는 일정 글자 이내로] : 98.8 점 👍,
[함수의 인자가 유동적인 경우 처리 권장] : 91.6 점 👍,
[제너레이터 표현식 사용이 가능한 경우 사용] : 86.9 점,
[기존 배열의 원소 추가 대신 extend 함수 사용] : 64.9 점,
[중복되는 사항 common 으로 빼기] : 6.7 점 🚨 (답변 시작)", 전체 흐름을 놓고 보면 같은 처리가 여러 곳에서 반복되고 있어요. 한 번에 공통 동작을 한곳으로 모으면 수정할 때 놓칠 구석이 줄어요.  (답변 종료),1,137,100,37,5218270
150,2,9.61,"[함수 docstring, 함수명 의미 일치] : 97.6 점 👍,
[주석 처리된 코드 제거] : 96.5 점 👍,
[경로를 path/to/file 이 아닌, pathlib 또는 os.path.join 사용] : 95.5 점 👍,
[동일한 인수 집합을 갖는 함수가 많은 경우 클래스화 고려] : 50.9 점 🚨,
[유사한 변수명 통일] : 39.9 점 🚨 (답변 시작)", 파일을 다시 훑어보니 비슷한 역할의 변수 이름이 제각각이에요. 살짝 같은 개념에는 같은 이름 규칙을 쓰면 읽는 속도가 훨씬 빨라져요. 📌  (답변 종료),1,145,106,39,5218270
151,2,10.3,"[개수 세기에 count 함수 사용] : 96.3 점 👍,
[key=itemgetter(""key"") 사용 권장] : 94.3 점 👍,
[숫자 값은 위쪽에 상수로] : 25.3 점 🚨,
[함수명, 반환값 간 일치] : 6.8 점 🚨,
[a = my_list[0], b = my_list[1] ... 대신 unpacking 사용 필요] : 0.3 점 🚨 (답변 시작)", 전체 흐름을 놓고 보면 목록의 원소를 하나씩 꺼내고 있어요. 한 번에 정해진 순서의 값은 unpacking으로 풀어 주면 한 번에 읽혀요. 🎯  (답변 종료),1,153,111,42,5218270
152,2,9.57,"[중복되는 사항 common 으로 빼기] : 99.5 점 👍,
[문자열 단순 연결보다는 f-string 사용] : 95.1 점 👍,
[파일 단순 읽기/쓰기는 Path 사용] : 93.8 점 👍,
[prefix, suffix 검사 시 startswith(), endswith() 사용] : 83.6 점,
[유사한 변수명 통일] : 18.2 점 🚨 (답변 시작)", 파일을 다시 훑어보니 비슷한 역할의 변수 이름이 제각각이에요. 천천히 같은 개념에는 같은 이름 규칙을 쓰면 읽는 속도가 훨씬 빨라져요. 📌  (답변 종료),1,139,100,39,5218270
153,2,9.58,"[함수의 인자가 하나로 묶을 수 있는 경우 처리 권장] : 96.3 점 👍,
[고정값 상수화 필요] : 91.9 점 👍,
[동일한 인수 집합을 갖는 함수가 많은 경우 클래스화 고려] : 54.4 점 🚨,
[조건문 중첩 대신 any, all 사용] : 7.6 점 🚨,
[한 줄의 길이는 일정 글자 이내로] : 3.1 점 🚨 (답변 시작)", 한 발 물러서서 보면 한 줄이 너무 길게 이어지는 곳이 있어요. 한 번에 줄을 적당히 나누면 작은 화면에서도 흐름을 놓치지 않아요. 🧼  (답변 종료),1,150,111,39,5218270
154,2,11.8,"[상태 값 조건이 있는 if-elif-elif-else 있는 경우 클래스화 고려] : 99.6 점 👍,
[지나치게 많은 들여쓰기 수정] : 94.8 점 👍,
[str 단순 += 대신 join 사용] : 77.0 점,
[리스트 컴프리헨션 사용이 가능한 경우 사용] : 69.6 점,
[key=itemgetter(""key"") 사용 권장] : 5.4 점 🚨 (답변 시작)"," 전체 흐름을 놓고 보면 정렬 키를 lambda로 길게 꺼내고 있어요. 작은 단계로 딕셔너리로 정렬할 때는 itemgetter(""key"")가 더 간결하게 뜻을 전해요. 🧼  (답변 종료)",1,151,103,48,5218270
155,2,10.54,"[중복되는 사항 common 으로 빼기] : 94.4 점 👍,
[매우 간결한 변환은 map 사용] : 93.3 점 👍,
[zip 사용 가능한 경우 사용] : 65.2 점,
[f = lambda x: ... 보다는 def f(x): return ... 를 사용] : 19.1 점 🚨,
[조건문 중첩 대신 any, all 사용] : 18.8 점 🚨 (답변 시작)", 한 번 더 확인해 보니 조건문이 여러 겹으로 겹쳐 있어요. 조금만 시간을 내서 여러 조건의 존재 여부는 any나 all에 맡기면 뜻이 훨씬 또렷해져요.  (답변 종료),1,143,100,43,5218270
156,2,12.0,"[f = lambda x: ... 보다는 def f(x): return ... 를 사용] : 94.7 점 👍,
[prefix, suffix 검사 시 startswith(), endswith() 사용] : 94.5 점 👍,
[a = my_list[0], b = my_list[1] ... 대신 unpacking 사용 필요] : 83.8 점,
[지나치게 많은 들여쓰기 수정] : 29.1 점 🚨,
[동일 인자 type 통일] : 10.6 점 🚨 (답변 시작)", 작은 개선을 찾다 보니 같은 의미의 인수에서 type 표기가 통일되지 않았어요. 프로젝트를 아끼는 마음으로 인수의 type을 한 방식으로 맞추면 호출하는 쪽도 덜 헷갈려요. 📌  (답변 종료),1,165,116,49,5218270
157,2,9.8,"[중복되는 사항 common 으로 빼기] : 67.3 점,
[불필요한 print, logging 제거] : 35.6 점 🚨,
[정규 표현식 문자열은 r""..."" 권장] : 35.2 점 🚨,
[동일한 인수 집합을 갖는 함수가 많은 경우 클래스화 고려] : 29.7 점 🚨,
[불필요한 변수 생성 대신 defaultdict 권장] : 2.6 점 🚨 (답변 시작)", 작은 개선을 찾다 보니 키별 초기화를 직접 반복하고 있어요. 한 호흡 쉬고 값에 따른 선택이라면 defaultdict를 쓰면 분기표가 단순해져요. 🧼  (답변 종료),1,143,103,40,5218270
158,2,10.11,"[조건문 중첩 대신 any, all 사용] : 95.2 점 👍,
[예외를 삼키는 경우가 없어야 함] : 94.4 점 👍,
[함수의 인수를 변경 가능한 default value로 하지 않아야 함] : 93.7 점 👍,
[key=itemgetter(""key"") 사용 권장] : 64.5 점,
[str 단순 += 대신 join 사용] : 49.4 점 🚨 (답변 시작)", 한 번 더 확인해 보니 문자열을 반복해서 만들고 있어요. 한 호흡 쉬고 조각을 많이 합칠 때는 join으로 모으면 성능과 의도가 함께 좋아져요. 📌  (답변 종료),1,141,100,41,5218270
159,2,10.04,"[파일 열기, 닫기 시 with open(...) 사용] : 92.8 점 👍,
[불필요한 변수 생성 대신 defaultdict 권장] : 85.3 점,
[함수의 인자가 하나로 묶을 수 있는 경우 처리 권장] : 50.6 점 🚨,
[100 line 이상 함수 분리, docstring 필요] : 18.0 점 🚨,
[함수 인수 type hint 필요] : 17.4 점 🚨 (답변 시작)", 한 번 더 확인해 보니 함수 인수의 type hint가 비어 있어요. 작은 단계로 인수에 type hint를 달아 두면 들어오는 데이터가 무엇인지 바로 알 수 있어요. 📌  (답변 종료),1,146,105,41,5218270
160,2,11.24,"[함수 docstring, 함수명 의미 일치] : 99.5 점 👍,
[import 순서 준수] : 96.7 점 👍,
[미 사용 변수/함수 제거] : 62.3 점,
[상태 값 조건이 있는 if-elif-elif-else 있는 경우 클래스화 고려] : 16.8 점 🚨,
[동일한 인수 집합을 갖는 함수가 많은 경우 클래스화 고려] : 2.5 점 🚨 (답변 시작)", 전체 흐름을 놓고 보면 같은 설정을 계속 받는 함수가 여러 개예요. 한 번에 공통 상태를 가진 객체로 묶으면 인자 전달이 가벼워지고 역할도 선명해져요. 🧼  (답변 종료),1,153,107,46,5218270
161,2,11.27,"[100 line 이상 함수 분리, docstring 필요] : 98.7 점 👍,
[비어 있는 문자열 여부 판단 간소화] : 91.4 점 👍,
[리스트 컴프리헨션 사용이 가능한 경우 사용] : 79.1 점,
[언패킹 시 숫자 인덱스 사용하지 말 것 (변수에 바로 할당)] : 73.2 점,
[함수의 인수를 변경 가능한 default value로 하지 않아야 함] : 60.0 점 (답변 시작)", 한 번 더 확인해 보니 기본 인수에 리스트나 딕을 넣고 있어요. 작은 단계로 리스트나 딕은 None으로 두고 함수 안에서 만들면 호출 사이에 상태가 섞이지 않아요. 📌  (답변 종료),1,152,106,46,5218270
162,2,11.33,"[파일 열기, 닫기 시 with open(...) 사용] : 98.9 점 👍,
[유사한 이름의 함수끼리 가까이 위치하도록 수정 권장] : 97.0 점 👍,
[매우 간결한 변환은 map 사용] : 96.6 점 👍,
[경로를 path/to/file 이 아닌, pathlib 또는 os.path.join 사용] : 81.9 점,
[동일한 인수 집합을 갖는 함수가 많은 경우 클래스화 고려] : 66.4 점 (답변 시작)", 한 번 더 확인해 보니 같은 설정을 계속 받는 함수가 여러 개예요. 작은 단계로 공통 상태를 가진 객체로 묶으면 인자 전달이 가벼워지고 역할도 선명해져요. 🧼  (답변 종료),1,154,108,46,5218270
163,2,9.15,"[a = my_list[0], b = my_list[1] ... 대신 unpacking 사용 필요] : 99.4 점 👍,
[함수 인수 type hint 필요] : 93.4 점 👍,
[클래스 내부에서만 쓰이는 속성, 메서드 (접두사 있음) 호출 비 권장] : 90.8 점 👍,
[함수의 인수를 변경 가능한 default value로 하지 않아야 함] : 34.5 점 🚨,
[불필요한 변수 생성 대신 defaultdict 권장] : 5.5 점 🚨 (답변 시작)", 파일을 다시 훑어보니 키별 초기화를 직접 반복하고 있어요. 천천히 값에 따른 선택이라면 defaultdict를 쓰면 분기표가 단순해져요. 🌿  (답변 종료),1,161,124,37,5218270
164,2,11.76,"[함수명, 반환값 간 일치] : 94.9 점 👍,
[enumerate 사용 가능한 경우 사용] : 87.9 점,
[if a.get(""b"") ... 형태로 수정 필요] : 81.3 점,
[zip 사용 가능한 경우 사용] : 67.0 점,
[상태 값 조건이 있는 if-elif-elif-else 있는 경우 클래스화 고려] : 51.8 점 🚨 (답변 시작)", 전체 흐름을 놓고 보면 상태에 따라 갈라지는 조건문이 있어요. 작은 단계로 상태별 동작을 클래스로 나누면 새 상태를 더할 때 기존 조건문을 덜 건드려요. 🧼  (답변 종료),1,150,102,48,5218270
165,2,11.02,"[함수의 인수를 변경 가능한 default value로 하지 않아야 함] : 91.3 점 👍,
[유사한 이름의 함수끼리 가까이 위치하도록 수정 권장] : 91.2 점 👍,
[itertools.product 사용 가능한 경우 사용] : 82.5 점,
[enumerate 사용 가능한 경우 사용] : 81.7 점,
[상태 값 조건이 있는 if-elif-elif-else 있는 경우 클래스화 고려] : 59.4 점 🚨 (답변 시작)", 파일을 다시 훑어보니 상태에 따라 갈라지는 조건문이 있어요. 천천히 상태별 동작을 클래스로 나누면 새 상태를 더할 때 기존 조건문을 덜 건드려요. 🧼  (답변 종료),1,155,109,46,5218270
166,2,9.88,"[itertools.product 사용 가능한 경우 사용] : 93.3 점 👍,
[고정값 상수화 필요] : 92.4 점 👍,
[의미 있는 함수명, 변수명 사용] : 80.6 점,
[str 단순 += 대신 join 사용] : 63.3 점,
[a = my_list[0], b = my_list[1] ... 대신 unpacking 사용 필요] : 41.1 점 🚨 (답변 시작)", 한 번 더 확인해 보니 목록의 원소를 하나씩 꺼내고 있어요. 한 호흡 쉬고 정해진 순서의 값은 unpacking으로 풀어 주면 한 번에 읽혀요. 🧼  (답변 종료),1,143,101,42,5218270
167,2,11.8,"[조건문 중첩 대신 any, all 사용] : 95.4 점 👍,
[비어 있는 문자열 여부 판단 간소화] : 91.1 점 👍,
[유사한 변수명 통일] : 79.7 점,
[prefix, suffix 검사 시 startswith(), endswith() 사용] : 74.5 점,
[assertion을 제어 메커니즘으로 사용하면 안됨] : 28.2 점 🚨 (답변 시작)", 작은 개선을 찾다 보니 assert가 실행 흐름을 대신하고 있어요. 🧼 조금만 시간을 내서 검증이 필요한 분기는 명시적인 예외 처리로 바꾸어야 배포 환경에서도 안전해요. 🧼  (답변 종료),1,148,98,50,5218270
168,2,11.26,"[a = my_list[0], b = my_list[1] ... 대신 unpacking 사용 필요] : 97.4 점 👍,
[if-elif-elif-else 구문은 되도록 dict로 수정] : 95.3 점 👍,
[리스트 컴프리헨션 사용이 가능한 경우 사용] : 81.2 점,
[지나치게 많은 들여쓰기 수정] : 75.1 점,
[동일한 인수 집합을 갖는 함수가 많은 경우 클래스화 고려] : 7.5 점 🚨 (답변 시작)", 파일을 다시 훑어보니 같은 설정을 계속 받는 함수가 여러 개예요. 조금만 시간을 내서 공통 상태를 가진 객체로 묶으면 인자 전달이 가벼워지고 역할도 선명해져요. 📌  (답변 종료),1,166,118,48,5218270
169,2,10.1,"[빈도수, 반복문, 경로명 리스트 추출 시 collections, itertools, glob 사용] : 96.2 점 👍,
[제너레이터 표현식 사용이 가능한 경우 사용] : 95.9 점 👍,
[prefix, suffix 검사 시 startswith(), endswith() 사용] : 91.3 점 👍,
[주석 처리된 코드 제거] : 84.1 점,
[상태 값 조건이 있는 if-elif-elif-else 있는 경우 클래스화 고려] : 82.5 점 (답변 시작)", 전체 흐름을 놓고 보면 상태에 따라 갈라지는 조건문이 클래스 형태로 표현식이 단순하면 상태별 동작을 클래스로 쓰면 조건문이 덜 복잡해져요. 🌿  (답변 종료),1,159,116,43,5218270
170,2,11.15,"[함수의 인자가 유동적인 경우 처리 권장] : 91.2 점 👍,
[zip 사용 가능한 경우 사용] : 50.0 점 🚨,
[100 line 이상 함수 분리, docstring 필요] : 47.1 점 🚨,
[상태 값 조건이 있는 if-elif-elif-else 있는 경우 클래스화 고려] : 13.1 점 🚨,
[동일 인자 type 통일] : 12.5 점 🚨 (답변 시작)", 한 번 더 확인해 보니 같은 의미의 인수에서 type 표기가 통일되지 않았어요. 한 호흡 쉬고 인수의 type을 한 방식으로 맞추면 호출하는 쪽도 덜 헷갈려요. 📌  (답변 종료),1,155,109,46,5218270
171,2,11.1,"[비어 있는 문자열 여부 판단 간소화] : 98.2 점 👍,
[key=itemgetter(""key"") 사용 권장] : 94.4 점 👍,
[if-elif-elif-else 구문은 되도록 dict로 수정] : 21.6 점 🚨,
[파일 단순 읽기/쓰기는 Path 사용] : 11.5 점 🚨,
[동일 인자 type 통일] : 8.0 점 🚨 (답변 시작)", 작은 개선을 찾다 보니 같은 의미의 인수에서 type 표기가 통일되지 않았어요. 한 번에 인수의 type을 한 방식으로 맞추면 호출하는 쪽도 덜 헷갈려요. 🧼  (답변 종료),1,149,102,47,5218270
172,2,9.9,"[조건문 중첩 대신 any, all 사용] : 97.2 점 👍,
[클래스 내부에서만 쓰이는 속성, 메서드 (접두사 있음) 호출 비 권장] : 83.8 점,
[함수 인수 type hint 필요] : 77.5 점,
[import 순서 준수] : 72.0 점,
[if-elif-elif-else 구문은 되도록 dict로 수정] : 24.8 점 🚨 (답변 시작)", 전체 흐름을 놓고 보면 조건 분기가 길게 늘어진 곳이 있어요. 작은 단계로 값에 따른 선택이라면 dict 매핑으로 바꾸어 분기표를 단순하게 만들어 보세요. 🎯  (답변 종료),1,145,103,42,5218270
173,2,10.34,"[불필요한 변수 생성 대신 defaultdict 권장] : 99.5 점 👍,
[리스트 컴프리헨션 사용이 가능한 경우 사용] : 97.8 점 👍,
[미 사용 변수/함수 제거] : 96.0 점 👍,
[assertion을 제어 메커니즘으로 사용하면 안됨] : 92.6 점 👍,
[제너레이터 표현식 사용이 가능한 경우 사용] : 74.2 점 (답변 시작)", 한 번 더 확인해 보니 한 번만 쓸 중간 목록이 만들어지고 있어요. 작은 단계로 한 번만 순회한다면 제너레이터 표현식 표현식이 더 간결하게 읽혀요. 🌿  (답변 종료),1,144,100,44,5218270
174,2,10.81,"[문자열 단순 연결보다는 f-string 사용] : 93.5 점 👍,
[매우 간결한 변환은 map 사용] : 91.8 점 👍,
[함수의 인수를 변경 가능한 default value로 하지 않아야 함] : 47.6 점 🚨,
[README.md, pyproject.toml 필요] : 36.9 점 🚨,
[파일 단순 읽기/쓰기는 Path 사용] : 13.9 점 🚨 (답변 시작)", 파일을 다시 훑어보니 간단한 읽기와 쓰기 작업이 장황하게 처리되고 있어요. 한 번에 Path의 읽기와 쓰기 메서를 쓰면 파일 작업이 짧고 단단해져요. 📌  (답변 종료),1,153,107,46,5218270
175,2,9.41,"[문자열 단순 연결보다는 f-string 사용] : 96.4 점 👍,
[zip 사용 가능한 경우 사용] : 93.4 점 👍,
[유사한 변수명 통일] : 90.9 점 👍,
[기존 배열의 원소 추가 대신 extend 함수 사용] : 90.6 점 👍,
[경로를 path/to/file 이 아닌, pathlib 또는 os.path.join 사용] : 43.0 점 🚨 (답변 시작)", 작은 개선을 찾다 보니 파일 경로를 문자열로 이어 붙이고 있어요. 천천히 pathlib이나 os.path.join으로 경로를 조립하면 운영체제가 달라도 안전해요. 🌿  (답변 종료),1,144,104,40,5218270
176,2,9.59,"[예외를 삼키는 경우가 없어야 함] : 97.9 점 👍,
[정규 표현식 문자열은 r""..."" 권장] : 96.9 점 👍,
[zip 사용 가능한 경우 사용] : 91.3 점 👍,
[str 단순 += 대신 join 사용] : 81.9 점,
[중복되는 사항 common 으로 빼기] : 60.8 점 (답변 시작)", 파일을 다시 훑어보니 같은 처리가 여러 곳에서 반복되고 있어요. 한 번에 공통 동작을 한곳으로 모으면 수정할 때 놓칠 구석이 줄어요. 🧼  (답변 종료),1,130,90,40,5218270
177,2,11.27,"[지나치게 많은 들여쓰기 수정] : 99.0 점 👍,
[매우 간결한 변환은 map 사용] : 81.8 점,
[불필요한 print, logging 제거] : 70.8 점,
[비어 있는 문자열 여부 판단 간소화] : 51.0 점 🚨,
[동일 인자 type 통일] : 21.9 점 🚨 (답변 시작)", 파일을 다시 훑어보니 같은 의미의 인수에서 type 표기가 통일되지 않았어요. 한 번에 인수의 type을 한 방식으로 맞추면 호출하는 쪽도 덜 헷갈려요. 🌿  (답변 종료),1,133,87,46,5218270
178,2,9.56,"[지나치게 많은 들여쓰기 수정] : 97.4 점 👍,
[Python 예약어를 변수명으로 사용하지 않아야 함] : 90.7 점 👍,
[비어 있는 문자열 여부 판단 간소화] : 48.3 점 🚨,
[if-elif-elif-else 구문은 되도록 dict로 수정] : 24.4 점 🚨,
[기존 배열의 원소 추가 대신 extend 함수 사용] : 24.4 점 🚨 (답변 시작)", 한 번 더 확인해 보니 목록 원소를 하나씩 추가하고 있어요. 한 호흡 쉬고 여러 값을 더할 때는 extend를 쓰면 의도가 정확히 전달돼요. 🧼  (답변 종료),1,147,108,39,5218270
179,2,10.78,"[assertion을 제어 메커니즘으로 사용하면 안됨] : 99.3 점 👍,
[함수명, 반환값 간 일치] : 90.6 점 👍,
[제너레이터 표현식 사용이 가능한 경우 사용] : 81.1 점,
[비어 있는 문자열 여부 판단 간소화] : 75.8 점,
[zip 사용 가능한 경우 사용] : 32.3 점 🚨 (답변 시작)", 파일을 다시 훑어보니 나란히 읽는 값들에 대해 zip으로 묶어 주면 비교과 누락가 줄어들어요. 한 번에 나란히 읽는 값들은 zip 표현식이 더 자연스럽고 안전해요. 🎯  (답변 종료),1,138,94,44,5218270
180,2,13.01,"[숫자 값은 위쪽에 상수로] : 97.0 점 👍,
[if-elif-elif-else 구문은 되도록 dict로 수정] : 93.0 점 👍,
[고정값 상수화 필요] : 74.9 점,
[문자열 단순 연결보다는 f-string 사용] : 32.0 점 🚨,
[빈도수, 반복문, 경로명 리스트 추출 시 collections, itertools, glob 사용] : 6.0 점 🚨 (답변 시작)", 한 번 더 확인해 보니 표준 라이브러리로 줄일 수 있는 반복이 보여요. 한 호흡 쉬고 빈도에는 collections를 반복 조합에는 itertools를 경로 모으기에는 glob을 쓰면 표준 도구의 힘을 빌릴 수 있어요. 📌  (답변 종료),1,165,112,53,5218270
181,2,9.56,"[숫자 값은 위쪽에 상수로] : 98.5 점 👍,
[고정값 상수화 필요] : 82.2 점,
[예외의 종류 (OOOError 등) 구체적 명시 권장] : 68.6 점,
[기존 배열의 원소 추가 대신 extend 함수 사용] : 63.4 점,
[100 line 이상 함수 분리, docstring 필요] : 12.6 점 🚨 (답변 시작)", 파일을 다시 훑어보니 하나의 함수가 너무 많은 일을 하고 있어요. 천천히 책임별로 나누고 docstring을 붙이면 테스트와 수정이 한결 수월해져요.  (답변 종료),1,137,98,39,5218270
182,2,9.96,"[동일한 인수 집합을 갖는 함수가 많은 경우 클래스화 고려] : 95.3 점 👍,
[동일 인자 type 통일] : 90.6 점 👍,
[함수의 인자가 유동적인 경우 처리 권장] : 64.1 점,
[if-elif-elif-else 구문은 되도록 dict로 수정] : 35.4 점 🚨,
[개수 세기에 count 함수 사용] : 18.4 점 🚨 (답변 시작)", 파일을 다시 훑어보니 값의 개수를 세려고 직접 순회하고 있어요. 한 번에 단순한 횟수 확인은 count에 맡기면 코드가 짧고 분명해져요. ✨  (답변 종료),1,147,106,41,5218270
183,2,9.82,"[조건문 중첩 대신 any, all 사용] : 97.2 점 👍,
[불필요한 print, logging 제거] : 95.5 점 👍,
[100 line 이상 함수 분리, docstring 필요] : 90.6 점 👍,
[파일 열기, 닫기 시 with open(...) 사용] : 90.3 점 👍,
[매우 간결한 변환은 map 사용] : 33.5 점 🚨 (답변 시작)", 한 번 더 확인해 보니 아주 단순한 변환을 긴 반복문으로 풀고 있어요. 천천히 변환 규칙이 단순하면 map으로 핵심 연산을 또렷하게 드러내요. 📌  (답변 종료),1,140,100,40,5218270
184,2,9.83,"[유사한 이름의 함수끼리 가까이 위치하도록 수정 권장] : 99.3 점 👍,
[enumerate 사용 가능한 경우 사용] : 74.2 점,
[한 줄의 길이는 일정 글자 이내로] : 43.2 점 🚨,
[함수의 인수를 변경 가능한 default value로 하지 않아야 함] : 39.9 점 🚨,
[중복되는 사항 common 으로 빼기] : 35.0 점 🚨 (답변 시작)", 한 번 더 확인해 보니 같은 처리가 여러 곳에서 반복되고 있어요. 한 호흡 쉬고 공통 동작을 한곳으로 모으면 수정할 때 놓칠 구석이 줄어요. 🎯  (답변 종료),1,145,105,40,5218270
185,2,9.58,"[동일한 인수 집합을 갖는 함수가 많은 경우 클래스화 고려] : 98.5 점 👍,
[함수의 인수를 변경 가능한 default value로 하지 않아야 함] : 96.2 점 👍,
[빈 파일 TODO 표시 필요] : 66.0 점,
[리스트 컴프리헨션 사용이 가능한 경우 사용] : 44.2 점 🚨,
[기존 배열의 원소 추가 대신 extend 함수 사용] : 37.0 점 🚨 (답변 시작)", 파일을 다시 훑어보니 목록 원소를 하나씩 추가하고 있어요. 한 번에 여러 값을 더할 때는 extend를 쓰면 의도가 정확히 전달돼요. 🎯  (답변 종료),1,148,109,39,5218270
186,2,10.52,"[f = lambda x: ... 보다는 def f(x): return ... 를 사용] : 96.2 점 👍,
[함수의 인자가 하나로 묶을 수 있는 경우 처리 권장] : 96.1 점 👍,
[key=itemgetter(""key"") 사용 권장] : 90.2 점 👍,
[고정값 상수화 필요] : 31.5 점 🚨,
[함수의 인수를 변경 가능한 default value로 하지 않아야 함] : 9.5 점 🚨 (답변 시작)", 한 번 더 확인해 보니 기본 인수에 리스트나 딕을 넣고 있어요. 천천히 리스트나 딕은 None으로 두고 함수 안에서 만들면 호출 사이에 상태가 섞이지 않아요. ✨  (답변 종료),1,157,114,43,5218270
187,2,9.56,"[함수의 인자가 하나로 묶을 수 있는 경우 처리 권장] : 97.7 점 👍,
[상태 값 조건이 있는 if-elif-elif-else 있는 경우 클래스화 고려] : 91.8 점 👍,
[함수 docstring, 함수명 의미 일치] : 90.5 점 👍,
[불필요한 변수 생성 대신 defaultdict 권장] : 69.2 점,
[인덱스 반환에 index 함수 사용] : 68.5 점 (답변 시작)", 작은 개선을 찾다 보니 위치를 찾기 위해 직접 반복하고 있어요. 한 번에 첫 위치가 필요할 때는 index를 쓰면 목적이 바로 보입니다. 🧼  (답변 종료),1,147,108,39,5218270
188,2,9.81,"[함수 docstring, 함수명 의미 일치] : 96.7 점 👍,
[동일한 인수 집합을 갖는 함수가 많은 경우 클래스화 고려] : 94.7 점 👍,
[미 사용 변수/함수 제거] : 62.1 점,
[100 line 이상 함수 분리, docstring 필요] : 22.9 점 🚨,
[지나치게 많은 들여쓰기 수정] : 18.8 점 🚨 (답변 시작)", 파일을 다시 훑어보니 들여쓰기 단계가 깊어 흐름을 따라가기 어려워요. 천천히 작은 함수로 쪼개거나 빠른 반환을 쓰면 조건의 미로가 얕아져요.  (답변 종료),1,142,102,40,5218270
189,2,10.86,"[예외를 삼키는 경우가 없어야 함] : 98.9 점 👍,
[100 line 이상 함수 분리, docstring 필요] : 97.6 점 👍,
[a = my_list[0], b = my_list[1] ... 대신 unpacking 사용 필요] : 94.4 점 👍,
[예외의 종류 (OOOError 등) 구체적 명시 권장] : 93.7 점 👍,
[파일 단순 읽기/쓰기는 Path 사용] : 84.4 점 (답변 시작)", 전체 흐름을 놓고 보면 간단한 파일 작업이 장황하게 처리되고 있어요. 작은 단계로 Path의 읽기와 쓰기 메서를 쓰면 파일 작업이 짧고 단단해져요. 🌿  (답변 종료),1,159,115,44,5218270
190,2,10.06,"[경로를 path/to/file 이 아닌, pathlib 또는 os.path.join 사용] : 94.0 점 👍,
[함수 docstring, 함수명 의미 일치] : 83.6 점,
[if a.get(""b"") ... 형태로 수정 필요] : 72.7 점,
[prefix, suffix 검사 시 startswith(), endswith() 사용] : 62.9 점,
[str 단순 += 대신 join 사용] : 60.6 점 (답변 시작)", 파일을 다시 훑어보니 문자열을 반복해서 만들고 있어요. 한 번에 조각을 많이 합칠 때는 join으로 모으면 성능과 의도가 함께 좋아져요. 📌  (답변 종료),1,144,103,41,5218270
191,2,10.04,"[미 사용 변수/함수 제거] : 94.8 점 👍,
[유사한 이름의 함수끼리 가까이 위치하도록 수정 권장] : 86.6 점,
[a = my_list[0], b = my_list[1] ... 대신 unpacking 사용 필요] : 23.8 점 🚨,
[고정값 상수화 필요] : 22.7 점 🚨,
[str 단순 += 대신 join 사용] : 2.4 점 🚨 (답변 시작)", 전체 흐름을 놓고 보면 문자열을 반복해서 만들고 있어요. 작은 단계로 조각을 많이 합칠 때는 join으로 모으면 성능과 의도가 함께 좋아져요. 🧼  (답변 종료),1,148,107,41,5218270
192,2,10.78,"[함수의 인자가 유동적인 경우 처리 권장] : 92.8 점 👍,
[enumerate 사용 가능한 경우 사용] : 90.8 점 👍,
[정규 표현식 문자열은 r""..."" 권장] : 90.6 점 👍,
[if a.get(""b"") ... 형태로 수정 필요] : 15.9 점 🚨,
[의미 있는 함수명, 변수명 사용] : 8.7 점 🚨 (답변 시작)", 전체 흐름을 놓고 보면 역할을 짐작하기 어려운 함수나 변수 이름이 보여요. 한 번에 무엇을 하는지 드러나는 이름으로 바꾸면 설명서 없이도 코드가 읽혀요. 📌  (답변 종료),1,150,106,44,5218270
193,2,10.32,"[함수 docstring, 함수명 의미 일치] : 98.1 점 👍,
[유사한 이름의 함수끼리 가까이 위치하도록 수정 권장] : 90.8 점 👍,
[비어 있는 문자열 여부 판단 간소화] : 83.5 점,
[유사한 변수명 통일] : 64.7 점,
[itertools.product 사용 가능한 경우 사용] : 18.9 점 🚨 (답변 시작)", 전체 흐름을 놓고 보면 조합을 만들려고 중첩 반복문을 쓰고 있어요. 한 호흡 쉬고 모든 조합이 필요할 때는 itertools.product로 의도를 또렷하게 드러내요. 📌  (답변 종료),1,135,93,42,5218270
194,2,9.85,"[미 사용 변수/함수 제거] : 95.3 점 👍,
[함수 docstring, 함수명 의미 일치] : 74.4 점,
[유사한 이름의 함수끼리 가까이 위치하도록 수정 권장] : 67.6 점,
[중복되는 사항 common 으로 빼기] : 50.3 점 🚨,
[숫자 값은 위쪽에 상수로] : 13.4 점 🚨 (답변 시작)", 파일을 다시 훑어보니 로직 사이에 매직 넘버가 숨어 있어요. 살짝 매직 넘버를 파일 위쪽의 상수로 올리면 조건의 결이 선명해져요. 🎯  (답변 종료),1,136,96,40,5218270
195,2,9.82,"[함수의 인자가 유동적인 경우 처리 권장] : 67.5 점,
[인덱스 반환에 index 함수 사용] : 39.2 점 🚨,
[지나치게 많은 들여쓰기 수정] : 38.7 점 🚨,
[zip 사용 가능한 경우 사용] : 32.3 점 🚨,
[숫자 값은 위쪽에 상수로] : 25.5 점 🚨 (답변 시작)", 파일을 다시 훑어보니 로직 사이에 매직이 숨어 있어요. 천천히 매직을 쓸 때는 파일 위쪽의 상수로 올리면 숫자가 왜 필요한지 바로 보여요. 🧼  (답변 종료),1,136,96,40,5218270
196,2,9.32,"[지나치게 많은 들여쓰기 수정] : 94.1 점 👍,
[언패킹 시 숫자 인덱스 사용하지 말 것 (변수에 바로 할당)] : 92.2 점 👍,
[빈도수, 반복문, 경로명 리스트 추출 시 collections, itertools, glob 사용] : 74.6 점,
[유사한 변수명 통일] : 59.0 점 🚨,
[비어 있는 문자열 여부 판단 간소화] : 42.5 점 🚨 (답변 시작)", 파일을 다시 훑어보니 빈 문자열 검사식이 불필요하게 길어요. 작은 단계로 파이썬다운 조건 검사로 바꾸면 조건식이 가볍게 읽혀요. 🧼  (답변 종료),1,147,109,38,5218270
197,2,12.46,"[key=itemgetter(""key"") 사용 권장] : 90.0 점 👍,
[주석 처리된 코드 제거] : 68.5 점,
[if-elif-elif-else 구문은 되도록 dict로 수정] : 68.4 점,
[조건문 중첩 대신 any, all 사용] : 2.9 점 🚨,
[상태 값 조건이 있는 if-elif-elif-else 있는 경우 클래스화 고려] : 1.8 점 🚨 (답변 시작)", 파일을 다시 훑어보니 상태에 따라 갈라지는 조건문이 여러 겹으로 겹쳐 있어요. 한 번에 상태별 동작을 클래스로 나누면 새 상태를 더할 때 기존 조건문을 덜 건드려요. ✨  (답변 종료),1,159,108,51,5218270
198,2,11.58,"[Python 예약어를 변수명으로 사용하지 않아야 함] : 92.3 점 👍,
[예외의 종류 (OOOError 등) 구체적 명시 권장] : 91.5 점 👍,
[매우 간결한 변환은 map 사용] : 87.2 점,
[언패킹 시 숫자 인덱스 사용하지 말 것 (변수에 바로 할당)] : 59.4 점 🚨,
[함수명, 반환값 간 일치] : 55.7 점 🚨 (답변 시작)", 파일을 다시 훑어보니 함수 이름과 반환값의 약속이 어긋나는 곳이 있어요. 한 번에 반환하는 값을 이름에 맞추면 호출부에서 예상이 빗나가지 않아요. 📌  (답변 종료),1,157,110,47,5218270
199,2,11.76,"[if a.get(""b"") ... 형태로 수정 필요] : 98.2 점 👍,
[유사한 변수명 통일] : 96.2 점 👍,
[언패킹 시 숫자 인덱스 사용하지 말 것 (변수에 바로 할당)] : 95.5 점 👍,
[상태 값 조건이 있는 if-elif-elif-else 있는 경우 클래스화 고려] : 68.8 점,
[함수 docstring, 함수명 의미 일치] : 22.8 점 🚨 (답변 시작)", 한 번 더 확인해 보니 docstring과 함수 동작이 서로 다르게 읽혀요. 🎯 살짝 docstring과 함수가 약속한 역할을 맞추면 다음 사람이 안심하고 호출할 수 있어요. 🌿  (답변 종료),1,163,115,48,5218270
200,3,9.84,"[주석 처리된 코드 제거] : 98.8 점 👍,
[import 순서 준수] : 76.1 점,
[enumerate 사용 가능한 경우 사용] : 75.6 점,
[불필요한 print, logging 제거] : 61.0 점,
[매우 간결한 변환은 map 사용] : 27.3 점 🚨 (답변 시작)", 차분히 검토해 보니 아주 단순한 변환을 긴 반복문으로 풀고 있어요. 테스트를 떠올리며 변환 규칙이 단순하면 map으로 핵심 연산을 또렷하게 표현할 수 있어요. 🌿  (답변 종료),1,122,81,41,5218270
201,3,12.33,"[상태 값 조건이 있는 if-elif-elif-else 있는 경우 클래스화 고려] : 93.4 점 👍,
[파일 열기, 닫기 시 with open(...) 사용] : 92.7 점 👍,
[유사한 변수명 통일] : 90.7 점 👍,
[매우 간결한 변환은 map 사용] : 34.8 점 🚨,
[README.md, pyproject.toml 필요] : 31.6 점 🚨 (답변 시작)", 차분히 검토해 보니 시작 방법을 알려 줄 README.md와 pyproject.toml이 필요해 보여요. 테스트를 떠올리며 설치 방법과 실행 환경을 적어 두면 처음 온 사람도 바로 출발할 수 있어요. 🌈  (답변 종료),1,156,108,48,5218270
202,3,10.81,"[의미 있는 함수명, 변수명 사용] : 98.9 점 👍,
[prefix, suffix 검사 시 startswith(), endswith() 사용] : 97.2 점 👍,
[if-elif-elif-else 구문은 되도록 dict로 수정] : 72.2 점,
[미 사용 변수/함수 제거] : 31.2 점 🚨,
[동일한 인수 집합을 갖는 함수가 많은 경우 클래스화 고려] : 23.2 점 🚨 (답변 시작)", 차분히 검토해 보니 같은 설정을 계속 받는 함수가 여러 개예요. 테스트를 떠올리며 공통 상태를 가진 객체로 묶으면 인자 전달이 가벼워지고 역할도 선명해져요. 🔍  (답변 종료),1,156,112,44,5218270
203,3,9.32,"[문자열 단순 연결보다는 f-string 사용] : 97.4 점 👍,
[함수의 인자가 유동적인 경우 처리 권장] : 83.8 점,
[유사한 이름의 함수끼리 가까이 위치하도록 수정 권장] : 68.4 점,
[매우 간결한 변환은 map 사용] : 68.1 점,
[enumerate 사용 가능한 경우 사용] : 36.0 점 🚨 (답변 시작)", 차분히 검토해 보니 반복문에서 번호를 직접 관리하고 있어요. 테스트를 떠올리며 순서와 값을 함께 쓸 때는 enumerate가 더 자연스럽고 안전해요. 🔍  (답변 종료),1,134,96,38,5218270
204,3,9.58,"[itertools.product 사용 가능한 경우 사용] : 92.3 점 👍,
[README.md, pyproject.toml 필요] : 90.9 점 👍,
[함수 인수 type hint 필요] : 90.4 점 👍,
[중복되는 사항 common 으로 빼기] : 88.9 점,
[str 단순 += 대신 join 사용] : 87.7 점 (답변 시작)", 차분히 검토해 보니 문자열을 반복해서 더하고 있어요. 테스트를 떠올리며 조각을 많이 합칠 때는 join으로 모으면 성능과 의도가 함께 좋아져요. 🐣  (답변 종료),1,126,87,39,5218270
205,3,11.07,"[함수의 인자가 하나로 묶을 수 있는 경우 처리 권장] : 97.8 점 👍,
[동일한 인수 집합을 갖는 함수가 많은 경우 클래스화 고려] : 93.5 점 👍,
[if a.get(""b"") ... 형태로 수정 필요] : 40.9 점 🚨,
[import 순서 준수] : 12.0 점 🚨,
[함수 docstring, 함수명 의미 일치] : 1.5 점 🚨 (답변 시작)", 차분히 검토해 보니 docstring과 함수 동작이 서로 다르게 읽혀요. 테스트를 떠올리며 docstring과 함수가 약속한 역할을 맞추면 다음 사람이 안심하고 호출할 수 있어요! 🧼  (답변 종료),1,156,111,45,5218270
206,3,10.31,"[개수 세기에 count 함수 사용] : 99.5 점 👍,
[지나치게 많은 들여쓰기 수정] : 96.8 점 👍,
[enumerate 사용 가능한 경우 사용] : 90.8 점 👍,
[파일 단순 읽기/쓰기는 Path 사용] : 89.7 점,
[의미 있는 함수명, 변수명 사용] : 79.9 점 (답변 시작)", 차분히 검토해 보니 역할을 짐작하기 어려운 함수나 변수 이름이 보여요. 테스트를 떠올리며 무엇을 하는지 드러나는 이름으로 바꾸면 설명서 없이도 코드가 읽혀요. 🌈  (답변 종료),1,134,92,42,5218270
207,3,9.82,"[enumerate 사용 가능한 경우 사용] : 92.8 점 👍,
[파일 단순 읽기/쓰기는 Path 사용] : 92.2 점 👍,
[리스트 컴프리헨션 사용이 가능한 경우 사용] : 91.2 점 👍,
[매우 간결한 변환은 map 사용] : 79.5 점,
[if-elif-elif-else 구문은 되도록 dict로 수정] : 66.8 점 (답변 시작)", 차분히 검토해 보니 조건 분기가 길게 늘어진 곳이 있어요. 테스트를 떠올리며 값에 따른 선택이라면 dict 매핑으로 바꾸어 분기표를 단순하게 만들어 보세요. 🔍  (답변 종료),1,140,100,40,5218270
208,3,10.55,"[조건문 중첩 대신 any, all 사용] : 51.0 점 🚨,
[함수의 인수를 변경 가능한 default value로 하지 않아야 함] : 46.7 점 🚨,
[불필요한 print, logging 제거] : 44.5 점 🚨,
[빈도수, 반복문, 경로명 리스트 추출 시 collections, itertools, glob 사용] : 32.0 점 🚨,
[고정값 상수화 필요] : 17.4 점 🚨 (답변 시작)", 차분히 검토해 보니 같은 고정값이 여러 곳에 흩어져 있어요. 테스트를 떠올리며 의미 있는 상수 이름으로 꺼내 두면 정책을 바꿀 때 한 번에 손볼 수 있어요. 🔍  (답변 종료),1,157,114,43,5218270
209,3,11.06,"[한 줄의 길이는 일정 글자 이내로] : 99.0 점 👍,
[prefix, suffix 검사 시 startswith(), endswith() 사용] : 69.0 점,
[클래스 내부에서만 쓰이는 속성, 메서드 (접두사 있음) 호출 비 권장] : 48.9 점 🚨,
[함수의 인자가 하나로 묶을 수 있는 경우 처리 권장] : 35.9 점 🚨,
[함수의 인자가 유동적인 경우 처리 권장] : 16.8 점 🚨 (답변 시작)", 차분히 검토해 보니 개수가 바뀔 수 있는 인수를 고정해 두고 있어요. 테스트를 떠올리며 가변 인수는 *args나 **kwargs를 알맞게 쓰면 확장에 더 유연해져요. 🧼  (답변 종료),1,168,123,45,5218270
210,3,10.82,"[파일 열기, 닫기 시 with open(...) 사용] : 98.7 점 👍,
[prefix, suffix 검사 시 startswith(), endswith() 사용] : 96.4 점 👍,
[제너레이터 표현식 사용이 가능한 경우 사용] : 93.2 점 👍,
[인덱스 반환에 index 함수 사용] : 92.5 점 👍,
[f = lambda x: ... 보다는 def f(x): return ... 를 사용] : 70.7 점 (답변 시작)", 차분히 검토해 보니 이름이 필요한 동작이 lambda에 숨어 있어요. 테스트를 떠올리며 재사용하거나 설명이 필요한 로직은 def로 꺼내면 디버깅과 테스트가 편해져요. 🌈  (답변 종료),1,153,109,44,5218270
211,3,8.83,"[함수 인수 type hint 필요] : 97.5 점 👍,
[동일 인자 type 통일] : 87.6 점,
[f = lambda x: ... 보다는 def f(x): return ... 를 사용] : 81.1 점,
[의미 있는 함수명, 변수명 사용] : 64.7 점,
[한 줄의 길이는 일정 글자 이내로] : 44.4 점 🚨 (답변 시작)", 천천히 살펴보면 한 줄이 너무 길게 이어지는 곳이 있어요. 테스트를 떠올리며 줄을 적당히 나누면 작은 화면에서도 흐름을 놓치지 않아요. 🌈  (답변 종료),1,132,96,36,5218270
212,3,8.84,"[고정값 상수화 필요] : 99.5 점 👍,
[import 순서 준수] : 97.9 점 👍,
[리스트 컴프리헨션 사용이 가능한 경우 사용] : 96.2 점 👍,
[매우 간결한 변환은 map 사용] : 91.8 점 👍,
[예외의 종류 (OOOError 등) 구체적 명시 권장] : 65.6 점 (답변 시작)", 차분히 검토해 보니 너무 넓은 예외를 잡고 있어요. 테스트를 떠올리며 예상한 OOOError처럼 구체적인 예외만 잡으면 버그가 숨어버리지 않아요. 🐣  (답변 종료),1,131,95,36,5218270
213,3,8.84,"[제너레이터 표현식 사용이 가능한 경우 사용] : 91.9 점 👍,
[함수명, 반환값 간 일치] : 90.7 점 👍,
[enumerate 사용 가능한 경우 사용] : 51.7 점 🚨,
[if a.get(""b"") ... 형태로 수정 필요] : 44.4 점 🚨,
[유사한 변수명 통일] : 24.4 점 🚨 (답변 시작)", 차분히 검토해 보니 비슷한 역할의 변수 이름이 제각각이에요. 테스트를 떠올리며 같은 개념에는 같은 이름 규칙을 쓰면 읽는 속도가 훨씬 빨라져요.  (답변 종료),1,138,102,36,5218270
214,3,8.91,"[a = my_list[0], b = my_list[1] ... 대신 unpacking 사용 필요] : 77.1 점,
[함수의 인자가 하나로 묶을 수 있는 경우 처리 권장] : 75.8 점,
[if-elif-elif-else 구문은 되도록 dict로 수정] : 66.8 점,
[zip 사용 가능한 경우 사용] : 66.1 점,
[파일 열기, 닫기 시 with open(...) 사용] : 63.0 점 (답변 시작)", 천천히 살펴보면 파일을 열고 닫는 일을 직접 관리하고 있어요. 테스트를 떠올리며 with open(...)으로 감싸면 예외가 나도 파일이 안전하게 닫혀요.  (답변 종료),1,146,110,36,5218270
215,3,10.31,"[if a.get(""b"") ... 형태로 수정 필요] : 73.1 점,
[함수 인수 type hint 필요] : 53.3 점 🚨,
[중복되는 사항 common 으로 빼기] : 24.8 점 🚨,
[if-elif-elif-else 구문은 되도록 dict로 수정] : 10.5 점 🚨,
[함수명, 반환값 간 일치] : 5.1 점 🚨 (답변 시작)", 차분히 검토해 보니 함수 이름과 반환값의 약속이 어긋나는 곳이 있어요. 테스트를 떠올리며 반환하는 값을 이름에 맞추면 호출부에서 예상이 빗나가지 않아요.  (답변 종료),1,147,105,42,5218270
216,3,11.05,"[클래스 내부에서만 쓰이는 속성, 메서드 (접두사 있음) 호출 비 권장] : 88.2 점,
[인덱스 반환에 index 함수 사용] : 80.9 점,
[중복되는 사항 common 으로 빼기] : 19.3 점 🚨,
[불필요한 print, logging 제거] : 7.3 점 🚨,
[함수명, 반환값 간 일치] : 7.1 점 🚨 (답변 시작)", 차분히 검토해 보니 함수 이름과 반환값의 약속이 어긋나는 곳이 있어요. 테스트를 떠올리며 반환하는 값을 이름에 맞추면 호출부에서 예상이 빗나가지 않아요. 🌿  (답변 종료),1,148,103,45,5218270
217,3,11.53,"[함수 인수 type hint 필요] : 98.6 점 👍,
[100 line 이상 함수 분리, docstring 필요] : 96.2 점 👍,
[import 순서 준수] : 40.6 점 🚨,
[a = my_list[0], b = my_list[1] ... 대신 unpacking 사용 필요] : 27.6 점 🚨,
[if a.get(""b"") ... 형태로 수정 필요] : 13.9 점 🚨 (답변 시작)"," 차분히 검토해 보니 딕셔너리 키를 꺼내는 과정이 장황해요. 테스트를 떠올리며 a.get(""b"")처럼 안전하게 꺼내면 누락된 키에서도 흐름이 부드러워요. 🔍  (답변 종료)",1,158,111,47,5218270
218,3,10.85,"[주석 처리된 코드 제거] : 97.6 점 👍,
[예외를 삼키는 경우가 없어야 함] : 97.2 점 👍,
[기존 배열의 원소 추가 대신 extend 함수 사용] : 93.8 점 👍,
[a = my_list[0], b = my_list[1] ... 대신 unpacking 사용 필요] : 77.4 점,
[동일한 인수 집합을 갖는 함수가 많은 경우 클래스화 고려] : 64.4 점 (답변 시작)", 차분히 검토해 보니 같은 설정을 계속 받는 함수가 여러 개예요. 테스트를 떠올리며 공통 상태를 가진 객체로 묶으면 인자 전달이 가벼워지고 역할도 선명해져요. 🌿  (답변 종료),1,153,109,44,5218270
219,3,9.86,"[매우 간결한 변환은 map 사용] : 98.4 점 👍,
[지나치게 많은 들여쓰기 수정] : 96.1 점 👍,
[함수의 인자가 유동적인 경우 처리 권장] : 91.1 점 👍,
[파일 열기, 닫기 시 with open(...) 사용] : 57.8 점 🚨,
[itertools.product 사용 가능한 경우 사용] : 5.5 점 🚨 (답변 시작)", 차분히 검토해 보니 조합을 만들려고 중첩 반복문을 쓰고 있어요. 테스트를 떠올리며 모든 조합이 필요할 때는 itertools.product로 의도를 또렷하게 드러내요. 🧼  (답변 종료),1,139,99,40,5218270
220,3,9.82,"[중복되는 사항 common 으로 빼기] : 95.5 점 👍,
[제너레이터 표현식 사용이 가능한 경우 사용] : 90.8 점 👍,
[인덱스 반환에 index 함수 사용] : 74.5 점,
[매우 간결한 변환은 map 사용] : 48.1 점 🚨,
[itertools.product 사용 가능한 경우 사용] : 34.6 점 🚨 (답변 시작)", 차분히 검토해 보니 조합을 만들려고 중첩 반복문을 쓰고 있어요. 테스트를 떠올리며 모든 조합이 필요할 때는 itertools.product로 의도를 또렷하게 드러내요. 🔍  (답변 종료),1,134,94,40,5218270
221,3,10.29,"[인덱스 반환에 index 함수 사용] : 92.8 점 👍,
[비어 있는 문자열 여부 판단 간소화] : 84.5 점,
[문자열 단순 연결보다는 f-string 사용] : 71.7 점,
[기존 배열의 원소 추가 대신 extend 함수 사용] : 43.5 점 🚨,
[의미 있는 함수명, 변수명 사용] : 24.7 점 🚨 (답변 시작)", 차분히 검토해 보니 역할을 짐작하기 어려운 함수나 변수 이름이 보여요. 테스트를 떠올리며 무엇을 하는지 드러나는 이름으로 바꾸면 설명서 없이도 코드가 읽혀요. 🧼  (답변 종료),1,139,97,42,5218270
222,3,10.79,"[prefix, suffix 검사 시 startswith(), endswith() 사용] : 94.4 점 👍,
[동일 인자 type 통일] : 91.8 점 👍,
[불필요한 print, logging 제거] : 91.2 점 👍,
[key=itemgetter(""key"") 사용 권장] : 91.0 점 👍,
[f = lambda x: ... 보다는 def f(x): return ... 를 사용] : 61.8 점 (답변 시작)", 차분히 검토해 보니 이름이 필요한 동작이 lambda에 숨어 있어요. 테스트를 떠올리며 재사용하거나 설명이 필요한 로직은 def로 꺼내면 디버깅과 테스트가 편해져요. 🐣  (답변 종료),1,146,102,44,5218270
223,3,9.14,"[함수명, 반환값 간 일치] : 92.8 점 👍,
[README.md, pyproject.toml 필요] : 86.7 점,
[경로를 path/to/file 이 아닌, pathlib 또는 os.path.join 사용] : 77.2 점,
[함수 인수 type hint 필요] : 68.1 점,
[파일 열기, 닫기 시 with open(...) 사용] : 5.4 점 🚨 (답변 시작)", 차분히 검토해 보니 파일을 열고 닫는 일을 직접 관리하고 있어요. 테스트를 떠올리며 with open(...)으로 감싸면 예외가 나도 파일이 안전하게 닫혀요.  (답변 종료),1,136,99,37,5218270
224,3,9.58,"[assertion을 제어 메커니즘으로 사용하면 안됨] : 98.2 점 👍,
[빈도수, 반복문, 경로명 리스트 추출 시 collections, itertools, glob 사용] : 93.5 점 👍,
[중복되는 사항 common 으로 빼기] : 92.3 점 👍,
[인덱스 반환에 index 함수 사용] : 91.0 점 👍,
[함수 인수 type hint 필요] : 67.7 점 (답변 시작)", 차분히 검토해 보니 함수 인수의 type hint가 비어 있어요. 테스트를 떠올리며 인수에 type hint를 달아 두면 들어오는 데이터가 무엇인지 바로 알 수 있어요. 🧼  (답변 종료),1,141,102,39,5218270
225,3,10.55,"[함수명, 반환값 간 일치] : 100.0 점 👍,
[클래스 내부에서만 쓰이는 속성, 메서드 (접두사 있음) 호출 비 권장] : 78.1 점,
[함수의 인자가 유동적인 경우 처리 권장] : 61.2 점,
[매우 간결한 변환은 map 사용] : 42.3 점 🚨,
[고정값 상수화 필요] : 24.6 점 🚨 (답변 시작)", 차분히 검토해 보니 같은 고정값이 여러 곳에 흩어져 있어요. 테스트를 떠올리며 의미 있는 상수 이름으로 꺼내 두면 정책을 바꿀 때 한 번에 손볼 수 있어요. 🔍  (답변 종료),1,147,104,43,5218270
226,3,9.91,"[예외를 삼키는 경우가 없어야 함] : 73.0 점,
[a = my_list[0], b = my_list[1] ... 대신 unpacking 사용 필요] : 72.6 점,
[if-elif-elif-else 구문은 되도록 dict로 수정] : 67.7 점,
[매우 간결한 변환은 map 사용] : 50.2 점 🚨,
[미 사용 변수/함수 제거] : 49.0 점 🚨 (답변 시작)", 차분히 검토해 보니 쓰이지 않는 변수나 함수가 남아 있네요. 테스트를 떠올리며 참조되지 않는 선언을 걷어 내면 핵심 로직만 또렷하게 남아요.  (답변 종료),1,144,109,35,5218270
227,3,9.1,"[매우 간결한 변환은 map 사용] : 97.3 점 👍,
[조건문 중첩 대신 any, all 사용] : 92.2 점 👍,
[유사한 변수명 통일] : 91.5 점 👍,
[기존 배열의 원소 추가 대신 extend 함수 사용] : 67.2 점,
[한 줄의 길이는 일정 글자 이내로] : 6.5 점 🚨 (답변 시작)", 차분히 검토해 보니 한 줄이 너무 길게 이어지는 곳이 있어요. 테스트를 떠올리며 줄을 적당히 나누면 작은 화면에서도 흐름을 놓치지 않아요! 🐣  (답변 종료),1,134,97,37,5218270
228,3,10.59,"[assertion을 제어 메커니즘으로 사용하면 안됨] : 92.8 점 👍,
[동일한 인수 집합을 갖는 함수가 많은 경우 클래스화 고려] : 79.6 점,
[함수 docstring, 함수명 의미 일치] : 77.1 점,
[클래스 내부에서만 쓰이는 속성, 메서드 (접두사 있음) 호출 비 권장] : 72.9 점,
[파일 단순 읽기/쓰기는 Path 사용] : 4.2 점 🚨 (답변 시작)", 차분히 검토해 보니 간단한 파일 작업이 장황하게 처리되고 있어요. 테스트를 떠올리며 Path의 읽기와 쓰기 메서드를 쓰면 파일 작업이 짧고 단단해져요. 🧼  (답변 종료),1,154,111,43,5218270
229,3,10.31,"[동일 인자 type 통일] : 97.2 점 👍,
[함수의 인자가 유동적인 경우 처리 권장] : 92.7 점 👍,
[제너레이터 표현식 사용이 가능한 경우 사용] : 75.9 점,
[언패킹 시 숫자 인덱스 사용하지 말 것 (변수에 바로 할당)] : 65.8 점,
[함수명, 반환값 간 일치] : 63.1 점 (답변 시작)", 차분히 검토해 보니 함수 이름과 반환값의 약속이 어긋나는 곳이 있어요. 테스트를 떠올리며 반환하는 값을 이름에 맞추면 호출부에서 예상이 빗나가지 않아요.  (답변 종료),1,140,98,42,5218270
230,3,9.84,"[상태 값 조건이 있는 if-elif-elif-else 있는 경우 클래스화 고려] : 98.1 점 👍,
[불필요한 변수 생성 대신 defaultdict 권장] : 96.6 점 👍,
[import 순서 준수] : 93.5 점 👍,
[예외의 종류 (OOOError 등) 구체적 명시 권장] : 93.3 점 👍,
[함수의 인자가 하나로 묶을 수 있는 경우 처리 권장] : 44.4 점 🚨 (답변 시작)", 차분히 검토해 보니 함께 움직이는 인수가 따로따로 전달되고 있어요. 테스트를 떠올리며 함께 하는 값을 객체나 dataclass로 묶으면 호출부가 훨씬 덜 복잡해져요!  (답변 종료),1,154,114,40,5218270
231,3,10.55,"[enumerate 사용 가능한 경우 사용] : 95.6 점 👍,
[함수 docstring, 함수명 의미 일치] : 93.4 점 👍,
[f = lambda x: ... 보다는 def f(x): return ... 를 사용] : 85.3 점,
[중복되는 사항 common 으로 빼기] : 54.7 점 🚨,
[고정값 상수화 필요] : 46.6 점 🚨 (답변 시작)", 차분히 검토해 보니 같은 고정값이 여러 곳에 흩어져 있어요. 테스트를 떠올리며 의미 있는 상수 이름으로 꺼내 두면 정책을 바꿀 때 한 번에 손볼 수 있어요. 🌈  (답변 종료),1,143,100,43,5218270
232,3,9.36,"[정규 표현식 문자열은 r""..."" 권장] : 98.7 점 👍,
[동일한 인수 집합을 갖는 함수가 많은 경우 클래스화 고려] : 91.2 점 👍,
[동일 인자 type 통일] : 69.9 점,
[Python 예약어를 변수명으로 사용하지 않아야 함] : 68.1 점,
[의미 있는 함수명, 변수명 사용] : 6.8 점 🚨 (답변 시작)", 천천히 살펴보면 역할을 짐작하기 어려운 함수나 변수 이름이 보여요. 테스트를 떠올리며 무엇을 하는지 드러나는 이름으로 바꾸면 설명서 없이도 코드가 읽혀요.  (답변 종료),1,139,101,38,5218270
233,3,10.12,"[itertools.product 사용 가능한 경우 사용] : 85.4 점,
[파일 단순 읽기/쓰기는 Path 사용] : 82.8 점,
[유사한 변수명 통일] : 80.2 점,
[예외의 종류 (OOOError 등) 구체적 명시 권장] : 69.6 점,
[동일한 인수 집합을 갖는 함수가 많은 경우 클래스화 고려] : 64.8 점 (답변 시작)", 차분히 검토해 보니 같은 설정을 계속 받는 함수가 여러 개예요. 테스트를 떠올리며 공통 상태를 가진 객체로 묶으면 인자 전달이 가벼워지고 역할도 선명해져요.  (답변 종료),1,135,94,41,5218270
234,3,10.06,"[assertion을 제어 메커니즘으로 사용하면 안됨] : 99.0 점 👍,
[주석 처리된 코드 제거] : 93.0 점 👍,
[함수명, 반환값 간 일치] : 91.4 점 👍,
[zip 사용 가능한 경우 사용] : 88.2 점,
[제너레이터 표현식 사용이 가능한 경우 사용] : 74.7 점 (답변 시작)", 차분히 검토해 보니 한 번만 쓸 중간 목록이 만들어지고 있어요. 테스트를 떠올리며 한 번만 순회한다면 제너레이터 표현식으로 메모리를 아껴 볼 만해요. 🔍  (답변 종료),1,132,91,41,5218270
235,3,8.59,"[zip 사용 가능한 경우 사용] : 86.1 점,
[한 줄의 길이는 일정 글자 이내로] : 83.5 점,
[언패킹 시 숫자 인덱스 사용하지 말 것 (변수에 바로 할당)] : 67.9 점,
[주석 처리된 코드 제거] : 17.7 점 🚨,
[중복되는 사항 common 으로 빼기] : 0.6 점 🚨 (답변 시작)", 차분히 검토해 보니 같은 처리가 여러 곳에서 반복되고 있어요. 한 호흡 쉬고 공통 동작을 한곳으로 모으면 수정할 때 놓칠 구석이 줄어요.  (답변 종료),1,130,95,35,5218270
236,3,10.56,"[한 줄의 길이는 일정 글자 이내로] : 91.8 점 👍,
[상태 값 조건이 있는 if-elif-elif-else 있는 경우 클래스화 고려] : 91.7 점 👍,
[파일 단순 읽기/쓰기는 Path 사용] : 90.2 점 👍,
[제너레이터 표현식 사용이 가능한 경우 사용] : 7.6 점 🚨,
[key=itemgetter(""key"") 사용 권장] : 4.6 점 🚨 (답변 시작)"," 차분히 검토해 보니 정렬 키를 lambda로 길게 꺼내고 있어요. 테스트를 떠올리며 딕셔너리 키로 정렬할 때는 itemgetter(""key"")가 더 간결하게 뜻려요.  (답변 종료)",1,156,113,43,5218270
237,3,9.35,"[클래스 내부에서만 쓰이는 속성, 메서드 (접두사 있음) 호출 비 권장] : 93.9 점 👍,
[enumerate 사용 가능한 경우 사용] : 86.9 점,
[주석 처리된 코드 제거] : 72.3 점,
[상태 값 조건이 있는 if-elif-elif-else 있는 경우 클래스화 고려] : 30.9 점 🚨,
[중복되는 사항 common 으로 빼기] : 5.2 점 🚨 (답변 시작)", 차분히 검토해 보니 같은 처리가 여러 곳에서 반복되고 있어요. 테스트를 떠올리며 공통 동작을 한곳으로 모으면 수정할 때 놓칠 구석이 줄어요. 🌿  (답변 종료),1,148,110,38,5218270
238,3,10.84,"[상태 값 조건이 있는 if-elif-elif-else 있는 경우 클래스화 고려] : 98.8 점 👍,
[주석 처리된 코드 제거] : 92.3 점 👍,
[빈 파일 TODO 표시 필요] : 91.7 점 👍,
[예외를 삼키는 경우가 없어야 함] : 24.3 점 🚨,
[key=itemgetter(""key"") 사용 권장] : 11.6 점 🚨 (답변 시작)"," 차분히 검토해 보니 정렬 키를 lambda로 길게 꺼내고 있어요. 다음 변경 전에 딕셔너리 키로 정렬할 때는 itemgetter(""key"")가 더 간결하게 뜻려요.  (답변 종료)",1,148,104,44,5218270
239,3,10.32,"[prefix, suffix 검사 시 startswith(), endswith() 사용] : 99.0 점 👍,
[if a.get(""b"") ... 형태로 수정 필요] : 98.8 점 👍,
[비어 있는 문자열 여부 판단 간소화] : 92.8 점 👍,
[예외의 종류 (OOOError 등) 구체적 명시 권장] : 61.4 점,
[함수 docstring, 함수명 의미 일치] : 28.2 점 🚨 (답변 시작)", 차분히 검토해 보니 docstring과 함수 동작이 서로 다르게 읽혀요. 테스트를 떠올리며 docstring과 함수가 약속한 역할을 맞추면 다음 사람이 안심하고 호출할 수 있어요!  (답변 종료),1,151,109,42,5218270
240,3,9.59,"[한 줄의 길이는 일정 글자 이내로] : 94.5 점 👍,
[주석 처리된 코드 제거] : 90.2 점 👍,
[예외의 종류 (OOOError 등) 구체적 명시 권장] : 71.1 점,
[100 line 이상 함수 분리, docstring 필요] : 45.0 점 🚨,
[숫자 값은 위쪽에 상수로] : 35.9 점 🚨 (답변 시작)", 차분히 검토해 보니 로직 사이에 매직 넘버가 숨어 있어요. 테스트를 떠올리며 매직 넘버를 파일 위쪽의 상수로 올리면 숫자가 왜 필요한지 바로 보여요. 🧼  (답변 종료),1,141,102,39,5218270
241,3,9.82,"[README.md, pyproject.toml 필요] : 94.8 점 👍,
[숫자 값은 위쪽에 상수로] : 91.3 점 👍,
[지나치게 많은 들여쓰기 수정] : 91.1 점 👍,
[상태 값 조건이 있는 if-elif-elif-else 있는 경우 클래스화 고려] : 86.2 점,
[itertools.product 사용 가능한 경우 사용] : 4.5 점 🚨 (답변 시작)", 차분히 검토해 보니 조합을 만들려고 중첩 반복문을 쓰고 있어요. 테스트를 떠올리며 모든 조합이 필요할 때는 itertools.product로 의도를 또렷하게 드러내요. 🔍  (답변 종료),1,144,104,40,5218270
242,3,8.9,"[함수명, 반환값 간 일치] : 99.7 점 👍,
[지나치게 많은 들여쓰기 수정] : 88.5 점,
[동일 인자 type 통일] : 83.6 점,
[숫자 값은 위쪽에 상수로] : 66.2 점,
[zip 사용 가능한 경우 사용] : 0.1 점 🚨 (답변 시작)", 차분히 검토해 보니 두 목록을 인덱스로 따로 읽고 있어요. 한 호흡 쉬고 나란히 읽는 값들은 zip으로 묶어 주면 인덱스 실수를 막을 수 있어요.  (답변 종료),1,121,85,36,5218270
243,3,8.84,"[정규 표현식 문자열은 r""..."" 권장] : 99.1 점 👍,
[숫자 값은 위쪽에 상수로] : 94.4 점 👍,
[동일 인자 type 통일] : 91.0 점 👍,
[예외의 종류 (OOOError 등) 구체적 명시 권장] : 79.8 점,
[인덱스 반환에 index 함수 사용] : 74.5 점 (답변 시작)", 차분히 검토해 보니 위치를 찾기 위해 직접 반복하고 있어요. 테스트를 떠올리며 첫 위치가 필요할 때는 index를 쓰면 목적이 바로 보입니다. 🐣  (답변 종료),1,131,95,36,5218270
244,3,9.83,"[클래스 내부에서만 쓰이는 속성, 메서드 (접두사 있음) 호출 비 권장] : 99.6 점 👍,
[f = lambda x: ... 보다는 def f(x): return ... 를 사용] : 97.7 점 👍,
[고정값 상수화 필요] : 90.0 점 👍,
[인덱스 반환에 index 함수 사용] : 65.9 점,
[import 순서 준수] : 62.9 점 (답변 시작)", 차분히 검토해 보니 import 배치가 섞여 있어요. 다음 변경 전에 표준 라이브러리와 외부 패키지와 내부 모듈을 차례로 정리하면 시작 화면이 말끔해져요. 🧼  (답변 종료),1,143,103,40,5218270
245,3,10.55,"[유사한 이름의 함수끼리 가까이 위치하도록 수정 권장] : 91.6 점 👍,
[import 순서 준수] : 81.3 점,
[경로를 path/to/file 이 아닌, pathlib 또는 os.path.join 사용] : 46.7 점 🚨,
[고정값 상수화 필요] : 21.4 점 🚨,
[지나치게 많은 들여쓰기 수정] : 1.2 점 🚨 (답변 시작)", 차분히 검토해 보니 들여쓰기 단계가 깊어 흐름을 따라가기 어려워요. 테스트를 떠올리며 작은 함수로 쪼개거나 빠른 반환을 쓰면 조건의 미로가 얕아져요. 🔍  (답변 종료),1,143,100,43,5218270
246,3,9.11,"[주석 처리된 코드 제거] : 97.3 점 👍,
[함수의 인자가 하나로 묶을 수 있는 경우 처리 권장] : 89.2 점,
[불필요한 변수 생성 대신 defaultdict 권장] : 67.0 점,
[예외의 종류 (OOOError 등) 구체적 명시 권장] : 62.7 점,
[한 줄의 길이는 일정 글자 이내로] : 38.6 점 🚨 (답변 시작)", 차분히 검토해 보니 한 줄이 너무 길게 이어지는 곳이 있어요. 테스트를 떠올리며 줄을 적당히 나누면 작은 화면에서도 흐름을 놓치지 않아요. 🌿  (답변 종료),1,138,101,37,5218270
247,3,10.13,"[상태 값 조건이 있는 if-elif-elif-else 있는 경우 클래스화 고려] : 90.0 점 👍,
[인덱스 반환에 index 함수 사용] : 75.5 점,
[a = my_list[0], b = my_list[1] ... 대신 unpacking 사용 필요] : 52.1 점 🚨,
[함수의 인자가 유동적인 경우 처리 권장] : 20.4 점 🚨,
[조건문 중첩 대신 any, all 사용] : 18.8 점 🚨 (답변 시작)", 차분히 검토해 보니 조건문이 여러 겹으로 겹쳐 있어요. 테스트를 떠올리며 여러 조건의 존재 여부는 any나 all에 맡기면 뜻 훨씬 또렷해져요. 🧼  (답변 종료),1,162,121,41,5218270
248,3,9.83,"[한 줄의 길이는 일정 글자 이내로] : 98.3 점 👍,
[제너레이터 표현식 사용이 가능한 경우 사용] : 86.9 점,
[클래스 내부에서만 쓰이는 속성, 메서드 (접두사 있음) 호출 비 권장] : 81.1 점,
[개수 세기에 count 함수 사용] : 71.4 점,
[유사한 이름의 함수끼리 가까이 위치하도록 수정 권장] : 67.9 점 (답변 시작)", 테스트를 떠올리면 비슷한 이름의 함수가 파일 곳곳에 흩어져 있어요. 기분 좋게 비슷한 역할의 함수를 가까이 두면 탐색 시간이 줄고 파일 구조가 자연스러워져요.  (답변 종료),1,146,106,40,5218270
249,3,9.35,"[한 줄의 길이는 일정 글자 이내로] : 98.8 점 👍,
[함수의 인자가 유동적인 경우 처리 권장] : 91.6 점 👍,
[제너레이터 표현식 사용이 가능한 경우 사용] : 86.9 점,
[기존 배열의 원소 추가 대신 extend 함수 사용] : 64.9 점,
[중복되는 사항 common 으로 빼기] : 6.7 점 🚨 (답변 시작)", 차분히 검토해 보니 같은 처리가 여러 곳에서 반복되고 있어요. 🌈 한 호흡 쉬고 공통 동작을 한곳으로 모으면 수정할 때 놓칠 구석이 줄어요.  (답변 종료),1,138,100,38,5218270
250,3,8.85,"[함수 docstring, 함수명 의미 일치] : 97.6 점 👍,
[주석 처리된 코드 제거] : 96.5 점 👍,
[경로를 path/to/file 이 아닌, pathlib 또는 os.path.join 사용] : 95.5 점 👍,
[동일한 인수 집합을 갖는 함수가 많은 경우 클래스화 고려] : 50.9 점 🚨,
[유사한 변수명 통일] : 39.9 점 🚨 (답변 시작)", 차분히 검토해 보니 비슷한 역할의 변수 이름이 제각각이에요. 테스트를 떠올리며 같은 개념에는 같은 이름 규칙을 쓰면 읽는 속도가 훨씬 빨라져요!  (답변 종료),1,142,106,36,5218270
251,3,9.85,"[개수 세기에 count 함수 사용] : 96.3 점 👍,
[key=itemgetter(""key"") 사용 권장] : 94.3 점 👍,
[숫자 값은 위쪽에 상수로] : 25.3 점 🚨,
[함수명, 반환값 간 일치] : 6.8 점 🚨,
[a = my_list[0], b = my_list[1] ... 대신 unpacking 사용 필요] : 0.3 점 🚨 (답변 시작)", 차분히 검토해 보니 목록의 원소를 하나씩 꺼내고 있어요. 테스트를 떠올리며 정해진 순서의 값은 unpacking으로 풀어 주면 한 번에 읽혀요. 🐣  (답변 종료),1,151,111,40,5218270
252,3,9.64,"[중복되는 사항 common 으로 빼기] : 99.5 점 👍,
[문자열 단순 연결보다는 f-string 사용] : 95.1 점 👍,
[파일 단순 읽기/쓰기는 Path 사용] : 93.8 점 👍,
[prefix, suffix 검사 시 startswith(), endswith() 사용] : 83.6 점,
[유사한 변수명 통일] : 18.2 점 🚨 (답변 시작)", 차분히 검토해 보니 비슷한 역할의 변수 이름이 제각각이에요. 테스트를 떠올리며 같은 개념에는 같은 이름 규칙을 쓰면 읽는 속도가 훨씬 빨라져요. 🔍  (답변 종료),1,139,100,39,5218270
253,3,8.36,"[함수의 인자가 하나로 묶을 수 있는 경우 처리 권장] : 96.3 점 👍,
[고정값 상수화 필요] : 91.9 점 👍,
[동일한 인수 집합을 갖는 함수가 많은 경우 클래스화 고려] : 54.4 점 🚨,
[조건문 중첩 대신 any, all 사용] : 7.6 점 🚨,
[한 줄의 길이는 일정 글자 이내로] : 3.1 점 🚨 (답변 시작)", 차분히 검토해 보니 한 줄이 너무 길게 이어지는 곳이 있어요. 테스트를 떠올리며 줄을 적당히 나누면 작은 화면에서도 흐름을 놓치지 않아요.  (답변 종료),1,145,111,34,5218270
254,3,11.28,"[상태 값 조건이 있는 if-elif-elif-else 있는 경우 클래스화 고려] : 99.6 점 👍,
[지나치게 많은 들여쓰기 수정] : 94.8 점 👍,
[str 단순 += 대신 join 사용] : 77.0 점,
[리스트 컴프리헨션 사용이 가능한 경우 사용] : 69.6 점,
[key=itemgetter(""key"") 사용 권장] : 5.4 점 🚨 (답변 시작)"," 테스트를 떠올리면 정렬 키를 lambda로 길게 꺼내고 있어요. 의도를 적어 두듯 딕셔너리 키로 정렬할 때는 itemgetter(""key"")가 더 간결하게 뜻려요.  (답변 종료)",1,149,103,46,5218270
255,3,10.32,"[중복되는 사항 common 으로 빼기] : 94.4 점 👍,
[매우 간결한 변환은 map 사용] : 93.3 점 👍,
[zip 사용 가능한 경우 사용] : 65.2 점,
[f = lambda x: ... 보다는 def f(x): return ... 를 사용] : 19.1 점 🚨,
[조건문 중첩 대신 any, all 사용] : 18.8 점 🚨 (답변 시작)", 차분히 검토해 보니 조건문이 여러 겹으로 겹쳐 있어요. 테스트를 떠올리며 여러 조건의 존재 여부는 any나 all에 맡기면 뜻이 훨씬 또렷해져요! 🔍  (답변 종료),1,142,100,42,5218270
256,3,10.08,"[f = lambda x: ... 보다는 def f(x): return ... 를 사용] : 94.7 점 👍,
[prefix, suffix 검사 시 startswith(), endswith() 사용] : 94.5 점 👍,
[a = my_list[0], b = my_list[1] ... 대신 unpacking 사용 필요] : 83.8 점,
[지나치게 많은 들여쓰기 수정] : 29.1 점 🚨,
[동일 인자 type 통일] : 10.6 점 🚨 (답변 시작)", 차분히 검토해 보니 같은 의미의 인수에서 type 표기가 통일되지 않았어요. 테스트를 떠올리며 인수의 type을 한 방식으로 맞추면 호출하는 쪽도 덜 헷갈려요!  (답변 종료),1,157,116,41,5218270
257,3,9.89,"[중복되는 사항 common 으로 빼기] : 67.3 점,
[불필요한 print, logging 제거] : 35.6 점 🚨,
[정규 표현식 문자열은 r""..."" 권장] : 35.2 점 🚨,
[동일한 인수 집합을 갖는 함수가 많은 경우 클래스화 고려] : 29.7 점 🚨,
[불필요한 변수 생성 대신 defaultdict 권장] : 2.6 점 🚨 (답변 시작)", 차분히 검토해 보니 키별 초기화를 직접 반복하고 있어요. 테스트를 떠올리며 키별로 값을 모을 때는 defaultdict를 쓰면 분기와 보일러플레이트가 줄어들어요. 🔍  (답변 종료),1,143,103,40,5218270
258,3,9.57,"[조건문 중첩 대신 any, all 사용] : 95.2 점 👍,
[예외를 삼키는 경우가 없어야 함] : 94.4 점 👍,
[함수의 인수를 변경 가능한 default value로 하지 않아야 함] : 93.7 점 👍,
[key=itemgetter(""key"") 사용 권장] : 64.5 점,
[str 단순 += 대신 join 사용] : 49.4 점 🚨 (답변 시작)", 차분히 검토해 보니 문자열을 반복해서 더하고 있어요. 🌈 테스트를 떠올리며 조각을 많이 합칠 때는 join으로 모으면 성능과 의도가 함께 좋아져요.  (답변 종료),1,139,100,39,5218270
259,3,9.56,"[파일 열기, 닫기 시 with open(...) 사용] : 92.8 점 👍,
[불필요한 변수 생성 대신 defaultdict 권장] : 85.3 점,
[함수의 인자가 하나로 묶을 수 있는 경우 처리 권장] : 50.6 점 🚨,
[100 line 이상 함수 분리, docstring 필요] : 18.0 점 🚨,
[함수 인수 type hint 필요] : 17.4 점 🚨 (답변 시작)", 차분히 검토해 보니 함수 인수의 type hint가 비어 있어요. 테스트를 떠올리며 인수에 type hint를 달아 두면 들어오는 데이터가 무엇인지 바로 알 수 있어요. 🧼  (답변 종료),1,144,105,39,5218270
260,3,10.05,"[함수 docstring, 함수명 의미 일치] : 99.5 점 👍,
[import 순서 준수] : 96.7 점 👍,
[미 사용 변수/함수 제거] : 62.3 점,
[상태 값 조건이 있는 if-elif-elif-else 있는 경우 클래스화 고려] : 16.8 점 🚨,
[동일한 인수 집합을 갖는 함수가 많은 경우 클래스화 고려] : 2.5 점 🚨 (답변 시작)", 차분히 검토해 보니 같은 설정을 계속 받는 함수가 여러 개예요. 테스트를 떠올리며 공통 상태를 가진 객체로 묶으면 인자 전달이 가벼워지고 역할도 선명해져요.  (답변 종료),1,148,107,41,5218270
261,3,11.57,"[100 line 이상 함수 분리, docstring 필요] : 98.7 점 👍,
[비어 있는 문자열 여부 판단 간소화] : 91.4 점 👍,
[리스트 컴프리헨션 사용이 가능한 경우 사용] : 79.1 점,
[언패킹 시 숫자 인덱스 사용하지 말 것 (변수에 바로 할당)] : 73.2 점,
[함수의 인수를 변경 가능한 default value로 하지 않아야 함] : 60.0 점 (답변 시작)", 차분히 검토해 보니 기본 인수에 리스트나 딕셔너리를 넣고 있어요. 테스트를 떠올리며 리스트나 딕셔너리는 None으로 두고 함수 안에서 만들면 호출 사이에 상태가 섞이지 않아요. 🔍  (답변 종료),1,153,106,47,5218270
262,3,10.14,"[파일 열기, 닫기 시 with open(...) 사용] : 98.9 점 👍,
[유사한 이름의 함수끼리 가까이 위치하도록 수정 권장] : 97.0 점 👍,
[매우 간결한 변환은 map 사용] : 96.6 점 👍,
[경로를 path/to/file 이 아닌, pathlib 또는 os.path.join 사용] : 81.9 점,
[동일한 인수 집합을 갖는 함수가 많은 경우 클래스화 고려] : 66.4 점 (답변 시작)", 차분히 검토해 보니 같은 설정을 계속 받는 함수가 여러 개예요. 테스트를 떠올리며 공통 상태를 가진 객체로 묶으면 인자 전달이 가벼워지고 역할도 선명해져요!  (답변 종료),1,149,108,41,5218270
263,3,9.12,"[a = my_list[0], b = my_list[1] ... 대신 unpacking 사용 필요] : 99.4 점 👍,
[함수 인수 type hint 필요] : 93.4 점 👍,
[클래스 내부에서만 쓰이는 속성, 메서드 (접두사 있음) 호출 비 권장] : 90.8 점 👍,
[함수의 인수를 변경 가능한 default value로 하지 않아야 함] : 34.5 점 🚨,
[불필요한 변수 생성 대신 defaultdict 권장] : 5.5 점 🚨 (답변 시작)", 차분히 검토해 보니 키별 초기화를 직접 반복하고 있어요. 테스트를 떠올리며 키별로 값을 모을 때는 defaultdict를 쓰면 분기와 보일러플레이트가 줄어들어요.  (답변 종료),1,161,124,37,5218270
264,3,12.03,"[함수명, 반환값 간 일치] : 94.9 점 👍,
[enumerate 사용 가능한 경우 사용] : 87.9 점,
[if a.get(""b"") ... 형태로 수정 필요] : 81.3 점,
[zip 사용 가능한 경우 사용] : 67.0 점,
[상태 값 조건이 있는 if-elif-elif-else 있는 경우 클래스화 고려] : 51.8 점 🚨 (답변 시작)", 차분히 검토해 보니 상태에 따라 갈라지는 조건문이 길게 이어져요. 테스트를 떠올리며 상태별 동작을 클래스로 나누면 새 상태를 더할 때 기존 조건문을 덜 건드려도 돼요. 🐣  (답변 종료),1,151,102,49,5218270
265,3,12.76,"[함수의 인수를 변경 가능한 default value로 하지 않아야 함] : 91.3 점 👍,
[유사한 이름의 함수끼리 가까이 위치하도록 수정 권장] : 91.2 점 👍,
[itertools.product 사용 가능한 경우 사용] : 82.5 점,
[enumerate 사용 가능한 경우 사용] : 81.7 점,
[상태 값 조건이 있는 if-elif-elif-else 있는 경우 클래스화 고려] : 59.4 점 🚨 (답변 시작)", 테스트를 떠올리면 상태에 따라 갈라지는 조건문이 길게 이어져요. 🔍 기분 좋게 상태별 동작을 클래스로 나누면 새 상태를 더할 때 기존 조건문을 덜 건드려도 돼요. 🌿  (답변 종료),1,161,109,52,5218270
266,3,9.16,"[itertools.product 사용 가능한 경우 사용] : 93.3 점 👍,
[고정값 상수화 필요] : 92.4 점 👍,
[의미 있는 함수명, 변수명 사용] : 80.6 점,
[str 단순 += 대신 join 사용] : 63.3 점,
[a = my_list[0], b = my_list[1] ... 대신 unpacking 사용 필요] : 41.1 점 🚨 (답변 시작)", 차분히 검토해 보니 목록의 원소를 하나씩 꺼내고 있어요. 테스트를 떠올리며 정해진 순서의 값은 unpacking으로 풀어 주면 한 번에 읽혀요.  (답변 종료),1,138,101,37,5218270
267,3,10.31,"[조건문 중첩 대신 any, all 사용] : 95.4 점 👍,
[비어 있는 문자열 여부 판단 간소화] : 91.1 점 👍,
[유사한 변수명 통일] : 79.7 점,
[prefix, suffix 검사 시 startswith(), endswith() 사용] : 74.5 점,
[assertion을 제어 메커니즘으로 사용하면 안됨] : 28.2 점 🚨 (답변 시작)", 차분히 검토해 보니 assert가 실행 흐름을 대신하고 있어요. 테스트를 떠올리며 검증이 필요한 분기는 명시적인 예외 처리로 바꾸어야 배포 환경에서도 안전해요. 🌈  (답변 종료),1,140,98,42,5218270
268,3,11.29,"[a = my_list[0], b = my_list[1] ... 대신 unpacking 사용 필요] : 97.4 점 👍,
[if-elif-elif-else 구문은 되도록 dict로 수정] : 95.3 점 👍,
[리스트 컴프리헨션 사용이 가능한 경우 사용] : 81.2 점,
[지나치게 많은 들여쓰기 수정] : 75.1 점,
[동일한 인수 집합을 갖는 함수가 많은 경우 클래스화 고려] : 7.5 점 🚨 (답변 시작)", 테스트를 떠올리면 같은 설정을 계속 받는 함수가 여러 개예요. 리뷰 메모를 따라 공통 상태를 가진 객체로 묶으면 인자 전달이 가벼워지고 역할도 선명해져요. 🌿  (답변 종료),1,164,118,46,5218270
269,3,11.29,"[빈도수, 반복문, 경로명 리스트 추출 시 collections, itertools, glob 사용] : 96.2 점 👍,
[제너레이터 표현식 사용이 가능한 경우 사용] : 95.9 점 👍,
[prefix, suffix 검사 시 startswith(), endswith() 사용] : 91.3 점 👍,
[주석 처리된 코드 제거] : 84.1 점,
[상태 값 조건이 있는 if-elif-elif-else 있는 경우 클래스화 고려] : 82.5 점 (답변 시작)", 차분히 검토해 보니 상태에 따라 갈라지는 조건문이 길게 이어져요. 테스트를 떠올리며 상태별 동작을 클래스로 나누면 새 상태를 더할 때 기존 조건문을 덜 건드려도 돼요.  (답변 종료),1,162,116,46,5218270
270,3,10.81,"[함수의 인자가 유동적인 경우 처리 권장] : 91.2 점 👍,
[zip 사용 가능한 경우 사용] : 50.0 점 🚨,
[100 line 이상 함수 분리, docstring 필요] : 47.1 점 🚨,
[상태 값 조건이 있는 if-elif-elif-else 있는 경우 클래스화 고려] : 13.1 점 🚨,
[동일 인자 type 통일] : 12.5 점 🚨 (답변 시작)", 차분히 검토해 보니 같은 의미의 인수에서 type 표기가 통일되지 않았어요. 테스트를 떠올리며 인수의 type을 한 방식으로 맞추면 호출하는 쪽도 덜 헷갈려요. 🔍  (답변 종료),1,153,109,44,5218270
271,3,10.06,"[비어 있는 문자열 여부 판단 간소화] : 98.2 점 👍,
[key=itemgetter(""key"") 사용 권장] : 94.4 점 👍,
[if-elif-elif-else 구문은 되도록 dict로 수정] : 21.6 점 🚨,
[파일 단순 읽기/쓰기는 Path 사용] : 11.5 점 🚨,
[동일 인자 type 통일] : 8.0 점 🚨 (답변 시작)", 차분히 검토해 보니 같은 의미의 인수에서 type 표기가 통일되지 않았어요. 테스트를 떠올리며 인수의 type을 한 방식으로 맞추면 호출하는 쪽도 덜 헷갈려요.  (답변 종료),1,143,102,41,5218270
272,3,8.85,"[조건문 중첩 대신 any, all 사용] : 97.2 점 👍,
[클래스 내부에서만 쓰이는 속성, 메서드 (접두사 있음) 호출 비 권장] : 83.8 점,
[함수 인수 type hint 필요] : 77.5 점,
[import 순서 준수] : 72.0 점,
[if-elif-elif-else 구문은 되도록 dict로 수정] : 24.8 점 🚨 (답변 시작)", 천천히 살펴보면 조건 분기가 길게 늘어진 곳이 있어요. 테스트를 떠올리며 값에 따른 선택이라면 dict 매핑으로 바꾸어 분기표를 단순하게 만들어 보세요.  (답변 종료),1,139,103,36,5218270
273,3,9.33,"[불필요한 변수 생성 대신 defaultdict 권장] : 99.5 점 👍,
[리스트 컴프리헨션 사용이 가능한 경우 사용] : 97.8 점 👍,
[미 사용 변수/함수 제거] : 96.0 점 👍,
[assertion을 제어 메커니즘으로 사용하면 안됨] : 92.6 점 👍,
[제너레이터 표현식 사용이 가능한 경우 사용] : 74.2 점 (답변 시작)", 차분히 검토해 보니 한 번만 쓸 중간 목록이 만들어지고 있어요. 테스트를 떠올리며 한 번만 순회한다면 제너레이터 표현식으로 메모리를 아껴 볼 만해요.  (답변 종료),1,138,100,38,5218270
274,3,9.85,"[문자열 단순 연결보다는 f-string 사용] : 93.5 점 👍,
[매우 간결한 변환은 map 사용] : 91.8 점 👍,
[함수의 인수를 변경 가능한 default value로 하지 않아야 함] : 47.6 점 🚨,
[README.md, pyproject.toml 필요] : 36.9 점 🚨,
[파일 단순 읽기/쓰기는 Path 사용] : 13.9 점 🚨 (답변 시작)", 천천히 살펴보면 간단한 파일 작업이 장황하게 처리되고 있어요. 다음 커밋에서 Path의 읽기와 쓰기 메서드를 쓰면 파일 작업이 짧고 단단해져요.  (답변 종료),1,147,107,40,5218270
275,3,9.62,"[문자열 단순 연결보다는 f-string 사용] : 96.4 점 👍,
[zip 사용 가능한 경우 사용] : 93.4 점 👍,
[유사한 변수명 통일] : 90.9 점 👍,
[기존 배열의 원소 추가 대신 extend 함수 사용] : 90.6 점 👍,
[경로를 path/to/file 이 아닌, pathlib 또는 os.path.join 사용] : 43.0 점 🚨 (답변 시작)", 차분히 검토해 보니 파일 경로를 문자열로 이어 붙이고 있어요. 테스트를 떠올리며 pathlib이나 os.path.join으로 경로를 조립하면 운영체제가 달라도 안전해요. 🧼  (답변 종료),1,143,104,39,5218270
276,3,9.35,"[예외를 삼키는 경우가 없어야 함] : 97.9 점 👍,
[정규 표현식 문자열은 r""..."" 권장] : 96.9 점 👍,
[zip 사용 가능한 경우 사용] : 91.3 점 👍,
[str 단순 += 대신 join 사용] : 81.9 점,
[중복되는 사항 common 으로 빼기] : 60.8 점 (답변 시작)", 차분히 검토해 보니 같은 처리가 여러 곳에서 반복되고 있어요. 🔍 한 호흡 쉬고 공통 동작을 한곳으로 모으면 수정할 때 놓칠 구석이 줄어요.  (답변 종료),1,128,90,38,5218270
277,3,10.55,"[지나치게 많은 들여쓰기 수정] : 99.0 점 👍,
[매우 간결한 변환은 map 사용] : 81.8 점,
[불필요한 print, logging 제거] : 70.8 점,
[비어 있는 문자열 여부 판단 간소화] : 51.0 점 🚨,
[동일 인자 type 통일] : 21.9 점 🚨 (답변 시작)", 차분히 검토해 보니 같은 의미의 인수에서 type 표기가 통일되지 않았어요. 의도를 적어 두듯 인수의 type을 한 방식으로 맞추면 호출하는 쪽도 덜 헷갈려요!  (답변 종료),1,130,87,43,5218270
278,3,9.64,"[지나치게 많은 들여쓰기 수정] : 97.4 점 👍,
[Python 예약어를 변수명으로 사용하지 않아야 함] : 90.7 점 👍,
[비어 있는 문자열 여부 판단 간소화] : 48.3 점 🚨,
[if-elif-elif-else 구문은 되도록 dict로 수정] : 24.4 점 🚨,
[기존 배열의 원소 추가 대신 extend 함수 사용] : 24.4 점 🚨 (답변 시작)", 차분히 검토해 보니 목록 원소를 하나씩 추가하고 있어요. 의도를 적어 두듯 여러 값을 더할 때는 extend를 쓰면 의도가 정확히 전달돼요! 🐣  (답변 종료),1,147,108,39,5218270
279,3,8.87,"[assertion을 제어 메커니즘으로 사용하면 안됨] : 99.3 점 👍,
[함수명, 반환값 간 일치] : 90.6 점 👍,
[제너레이터 표현식 사용이 가능한 경우 사용] : 81.1 점,
[비어 있는 문자열 여부 판단 간소화] : 75.8 점,
[zip 사용 가능한 경우 사용] : 32.3 점 🚨 (답변 시작)", 차분히 검토해 보니 두 목록을 인덱스로 따로 읽고 있어요. 테스트를 떠올리며 나란히 읽는 값들은 zip으로 묶어 주면 인덱스 실수를 막을 수 있어요.  (답변 종료),1,130,94,36,5218270
280,3,11.84,"[숫자 값은 위쪽에 상수로] : 97.0 점 👍,
[if-elif-elif-else 구문은 되도록 dict로 수정] : 93.0 점 👍,
[고정값 상수화 필요] : 74.9 점,
[문자열 단순 연결보다는 f-string 사용] : 32.0 점 🚨,
[빈도수, 반복문, 경로명 리스트 추출 시 collections, itertools, glob 사용] : 6.0 점 🚨 (답변 시작)", 차분히 검토해 보니 표준 라이브러리로 줄일 수 있는 반복이 보여요. 테스트를 떠올리며 빈도에는 collections를 반복 조합에는 itertools를 경로 모으기에는 glob을 쓰면 표준 도구의 힘을 빌릴 수 있어요.  (답변 종료),1,160,112,48,5218270
281,3,9.57,"[숫자 값은 위쪽에 상수로] : 98.5 점 👍,
[고정값 상수화 필요] : 82.2 점,
[예외의 종류 (OOOError 등) 구체적 명시 권장] : 68.6 점,
[기존 배열의 원소 추가 대신 extend 함수 사용] : 63.4 점,
[100 line 이상 함수 분리, docstring 필요] : 12.6 점 🚨 (답변 시작)", 차분히 검토해 보니 하나의 함수가 너무 많은 일을 하고 있어요. 테스트를 떠올리며 책임별로 나누고 docstring을 붙이면 테스트와 수정이 한결 수월해져요!  (답변 종료),1,137,98,39,5218270
282,3,9.09,"[동일한 인수 집합을 갖는 함수가 많은 경우 클래스화 고려] : 95.3 점 👍,
[동일 인자 type 통일] : 90.6 점 👍,
[함수의 인자가 유동적인 경우 처리 권장] : 64.1 점,
[if-elif-elif-else 구문은 되도록 dict로 수정] : 35.4 점 🚨,
[개수 세기에 count 함수 사용] : 18.4 점 🚨 (답변 시작)", 차분히 검토해 보니 값의 개수를 세려고 직접 순회하고 있어요. 테스트를 떠올리며 단순한 횟수 확인은 count에 맡기면 코드가 짧고 분명해져요.  (답변 종료),1,143,106,37,5218270
283,3,10.06,"[조건문 중첩 대신 any, all 사용] : 97.2 점 👍,
[불필요한 print, logging 제거] : 95.5 점 👍,
[100 line 이상 함수 분리, docstring 필요] : 90.6 점 👍,
[파일 열기, 닫기 시 with open(...) 사용] : 90.3 점 👍,
[매우 간결한 변환은 map 사용] : 33.5 점 🚨 (답변 시작)", 차분히 검토해 보니 아주 단순한 변환을 긴 반복문으로 풀고 있어요. 테스트를 떠올리며 변환 규칙이 단순하면 map으로 핵심 연산을 또렷하게 표현할 수 있어요. 🌈  (답변 종료),1,141,100,41,5218270
284,3,9.34,"[유사한 이름의 함수끼리 가까이 위치하도록 수정 권장] : 99.3 점 👍,
[enumerate 사용 가능한 경우 사용] : 74.2 점,
[한 줄의 길이는 일정 글자 이내로] : 43.2 점 🚨,
[함수의 인수를 변경 가능한 default value로 하지 않아야 함] : 39.9 점 🚨,
[중복되는 사항 common 으로 빼기] : 35.0 점 🚨 (답변 시작)", 차분히 검토해 보니 같은 처리가 여러 곳에서 반복되고 있어요. 🔍 한 발 먼저 공통 동작을 한곳으로 모으면 수정할 때 놓칠 구석이 줄어요.  (답변 종료),1,143,105,38,5218270
285,3,9.15,"[동일한 인수 집합을 갖는 함수가 많은 경우 클래스화 고려] : 98.5 점 👍,
[함수의 인수를 변경 가능한 default value로 하지 않아야 함] : 96.2 점 👍,
[빈 파일 TODO 표시 필요] : 66.0 점,
[리스트 컴프리헨션 사용이 가능한 경우 사용] : 44.2 점 🚨,
[기존 배열의 원소 추가 대신 extend 함수 사용] : 37.0 점 🚨 (답변 시작)", 차분히 검토해 보니 목록 원소를 하나씩 추가하고 있어요. 테스트를 떠올리며 여러 값을 더할 때는 extend를 쓰면 의도가 정확히 전달돼요. 🌈  (답변 종료),1,146,109,37,5218270
286,3,12.26,"[f = lambda x: ... 보다는 def f(x): return ... 를 사용] : 96.2 점 👍,
[함수의 인자가 하나로 묶을 수 있는 경우 처리 권장] : 96.1 점 👍,
[key=itemgetter(""key"") 사용 권장] : 90.2 점 👍,
[고정값 상수화 필요] : 31.5 점 🚨,
[함수의 인수를 변경 가능한 default value로 하지 않아야 함] : 9.5 점 🚨 (답변 시작)", 테스트를 떠올리면 기본 인수에 리스트나 딕셔너리를 넣고 있어요. 🔍 의도를 적어 두듯 리스트나 딕셔너리는 None으로 두고 함수 안에서 만들면 호출 사이에 상태가 섞이지 않아요!  (답변 종료),1,164,114,50,5218270
287,3,8.83,"[함수의 인자가 하나로 묶을 수 있는 경우 처리 권장] : 97.7 점 👍,
[상태 값 조건이 있는 if-elif-elif-else 있는 경우 클래스화 고려] : 91.8 점 👍,
[함수 docstring, 함수명 의미 일치] : 90.5 점 👍,
[불필요한 변수 생성 대신 defaultdict 권장] : 69.2 점,
[인덱스 반환에 index 함수 사용] : 68.5 점 (답변 시작)", 차분히 검토해 보니 위치를 찾기 위해 직접 반복하고 있어요. 테스트를 떠올리며 첫 위치가 필요할 때는 index를 쓰면 목적이 바로 보입니다. 🐣  (답변 종료),1,144,108,36,5218270
288,3,9.81,"[함수 docstring, 함수명 의미 일치] : 96.7 점 👍,
[동일한 인수 집합을 갖는 함수가 많은 경우 클래스화 고려] : 94.7 점 👍,
[미 사용 변수/함수 제거] : 62.1 점,
[100 line 이상 함수 분리, docstring 필요] : 22.9 점 🚨,
[지나치게 많은 들여쓰기 수정] : 18.8 점 🚨 (답변 시작)", 차분히 검토해 보니 들여쓰기 단계가 깊어 흐름을 따라가기 어려워요. 테스트를 떠올리며 작은 함수로 쪼개거나 빠른 반환을 쓰면 조건의 미로가 얕아져요.  (답변 종료),1,142,102,40,5218270
289,3,10.06,"[예외를 삼키는 경우가 없어야 함] : 98.9 점 👍,
[100 line 이상 함수 분리, docstring 필요] : 97.6 점 👍,
[a = my_list[0], b = my_list[1] ... 대신 unpacking 사용 필요] : 94.4 점 👍,
[예외의 종류 (OOOError 등) 구체적 명시 권장] : 93.7 점 👍,
[파일 단순 읽기/쓰기는 Path 사용] : 84.4 점 (답변 시작)", 차분히 검토해 보니 간단한 파일 작업이 장황하게 처리되고 있어요. 다음 커밋에서 Path의 읽기와 쓰기 메서드를 쓰면 파일 작업이 짧고 단단해져요.  (답변 종료),1,156,115,41,5218270
290,3,9.58,"[경로를 path/to/file 이 아닌, pathlib 또는 os.path.join 사용] : 94.0 점 👍,
[함수 docstring, 함수명 의미 일치] : 83.6 점,
[if a.get(""b"") ... 형태로 수정 필요] : 72.7 점,
[prefix, suffix 검사 시 startswith(), endswith() 사용] : 62.9 점,
[str 단순 += 대신 join 사용] : 60.6 점 (답변 시작)", 차분히 검토해 보니 문자열을 반복해서 더하고 있어요. 테스트를 떠올리며 조각을 많이 합칠 때는 join으로 모으면 성능과 의도가 함께 좋아져요. 🧼  (답변 종료),1,142,103,39,5218270
291,3,9.81,"[미 사용 변수/함수 제거] : 94.8 점 👍,
[유사한 이름의 함수끼리 가까이 위치하도록 수정 권장] : 86.6 점,
[a = my_list[0], b = my_list[1] ... 대신 unpacking 사용 필요] : 23.8 점 🚨,
[고정값 상수화 필요] : 22.7 점 🚨,
[str 단순 += 대신 join 사용] : 2.4 점 🚨 (답변 시작)", 테스트를 떠올리면 문자열을 반복해서 더하고 있어요. 한 호흡 쉬고 조각을 많이 합칠 때는 join으로 모으면 성능과 의도가 함께 좋아져요. 🐣  (답변 종료),1,147,107,40,5218270
292,3,10.33,"[함수의 인자가 유동적인 경우 처리 권장] : 92.8 점 👍,
[enumerate 사용 가능한 경우 사용] : 90.8 점 👍,
[정규 표현식 문자열은 r""..."" 권장] : 90.6 점 👍,
[if a.get(""b"") ... 형태로 수정 필요] : 15.9 점 🚨,
[의미 있는 함수명, 변수명 사용] : 8.7 점 🚨 (답변 시작)", 차분히 검토해 보니 역할을 짐작하기 어려운 함수나 변수 이름이 보여요. 테스트를 떠올리며 무엇을 하는지 드러나는 이름으로 바꾸면 설명서 없이도 코드가 읽혀요. 🐣  (답변 종료),1,148,106,42,5218270
293,3,9.83,"[함수 docstring, 함수명 의미 일치] : 98.1 점 👍,
[유사한 이름의 함수끼리 가까이 위치하도록 수정 권장] : 90.8 점 👍,
[비어 있는 문자열 여부 판단 간소화] : 83.5 점,
[유사한 변수명 통일] : 64.7 점,
[itertools.product 사용 가능한 경우 사용] : 18.9 점 🚨 (답변 시작)", 차분히 검토해 보니 조합을 만들려고 중첩 반복문을 쓰고 있어요. 테스트를 떠올리며 모든 조합이 필요할 때는 itertools.product로 의도를 또렷하게 드러내요. 🔍  (답변 종료),1,133,93,40,5218270
294,3,9.59,"[미 사용 변수/함수 제거] : 95.3 점 👍,
[함수 docstring, 함수명 의미 일치] : 74.4 점,
[유사한 이름의 함수끼리 가까이 위치하도록 수정 권장] : 67.6 점,
[중복되는 사항 common 으로 빼기] : 50.3 점 🚨,
[숫자 값은 위쪽에 상수로] : 13.4 점 🚨 (답변 시작)", 차분히 검토해 보니 로직 사이에 매직 넘버가 숨어 있어요. 테스트를 떠올리며 매직 넘버를 파일 위쪽의 상수로 올리면 숫자가 왜 필요한지 바로 보여요. 🌈  (답변 종료),1,135,96,39,5218270
295,3,9.58,"[함수의 인자가 유동적인 경우 처리 권장] : 67.5 점,
[인덱스 반환에 index 함수 사용] : 39.2 점 🚨,
[지나치게 많은 들여쓰기 수정] : 38.7 점 🚨,
[zip 사용 가능한 경우 사용] : 32.3 점 🚨,
[숫자 값은 위쪽에 상수로] : 25.5 점 🚨 (답변 시작)", 차분히 검토해 보니 로직 사이에 매직 넘버가 숨어 있어요. 테스트를 떠올리며 매직 넘버를 파일 위쪽의 상수로 올리면 숫자가 왜 필요한지 바로 보여요. 🔍  (답변 종료),1,135,96,39,5218270
296,3,8.84,"[지나치게 많은 들여쓰기 수정] : 94.1 점 👍,
[언패킹 시 숫자 인덱스 사용하지 말 것 (변수에 바로 할당)] : 92.2 점 👍,
[빈도수, 반복문, 경로명 리스트 추출 시 collections, itertools, glob 사용] : 74.6 점,
[유사한 변수명 통일] : 59.0 점 🚨,
[비어 있는 문자열 여부 판단 간소화] : 42.5 점 🚨 (답변 시작)", 차분히 검토해 보니 빈 문자열 검사식이 불필요하게 길어요. 테스트를 떠올리며 파이썬다운 조건 검사로 바꾸면 조건식이 가볍게 읽혀요. 🌿  (답변 종료),1,145,109,36,5218270
297,3,11.27,"[key=itemgetter(""key"") 사용 권장] : 90.0 점 👍,
[주석 처리된 코드 제거] : 68.5 점,
[if-elif-elif-else 구문은 되도록 dict로 수정] : 68.4 점,
[조건문 중첩 대신 any, all 사용] : 2.9 점 🚨,
[상태 값 조건이 있는 if-elif-elif-else 있는 경우 클래스화 고려] : 1.8 점 🚨 (답변 시작)", 차분히 검토해 보니 상태에 따라 갈라지는 조건문이 길게 이어져요. 테스트를 떠올리며 상태별 동작을 클래스로 나누면 새 상태를 더할 때 기존 조건문을 덜 건드려도 돼요.  (답변 종료),1,154,108,46,5218270
298,3,11.07,"[Python 예약어를 변수명으로 사용하지 않아야 함] : 92.3 점 👍,
[예외의 종류 (OOOError 등) 구체적 명시 권장] : 91.5 점 👍,
[매우 간결한 변환은 map 사용] : 87.2 점,
[언패킹 시 숫자 인덱스 사용하지 말 것 (변수에 바로 할당)] : 59.4 점 🚨,
[함수명, 반환값 간 일치] : 55.7 점 🚨 (답변 시작)", 차분히 검토해 보니 함수 이름과 반환값의 약속이 어긋나는 곳이 있어요. 테스트를 떠올리며 반환하는 값을 이름에 맞추면 호출부에서 예상이 빗나가지 않아요. 🌿  (답변 종료),1,155,110,45,5218270
299,3,10.41,"[if a.get(""b"") ... 형태로 수정 필요] : 98.2 점 👍,
[유사한 변수명 통일] : 96.2 점 👍,
[언패킹 시 숫자 인덱스 사용하지 말 것 (변수에 바로 할당)] : 95.5 점 👍,
[상태 값 조건이 있는 if-elif-elif-else 있는 경우 클래스화 고려] : 68.8 점,
[함수 docstring, 함수명 의미 일치] : 22.8 점 🚨 (답변 시작)", 차분히 검토해 보니 docstring과 함수 동작이 서로 다르게 읽혀요. 테스트를 떠올리며 docstring과 함수가 약속한 역할을 맞추면 다음 사람이 안심하고 호출할 수 있어요.  (답변 종료),1,157,115,42,5218270
300,4,9.97,"[주석 처리된 코드 제거] : 98.8 점 👍,
[import 순서 준수] : 76.1 점,
[enumerate 사용 가능한 경우 사용] : 75.6 점,
[불필요한 print, logging 제거] : 61.0 점,
[매우 간결한 변환은 map 사용] : 27.3 점 🚨 (답변 시작)", 한 발 물러서서 보면 아주 단순한 변환을 긴 반복문으로 풀고 있어요. 보너스처럼 변환 규칙이 단순하면 map으로 핵심 연산을 또렷하게 표현할 수 있어요. 🌿  (답변 종료),1,123,81,42,5218270
301,4,12.59,"[상태 값 조건이 있는 if-elif-elif-else 있는 경우 클래스화 고려] : 93.4 점 👍,
[파일 열기, 닫기 시 with open(...) 사용] : 92.7 점 👍,
[유사한 변수명 통일] : 90.7 점 👍,
[매우 간결한 변환은 map 사용] : 34.8 점 🚨,
[README.md, pyproject.toml 필요] : 31.6 점 🚨 (답변 시작)", 한 발 물러서서 보면 시작 방법을 알려 줄 README.md와 pyproject.toml이 필요해 보여요! 🔍 가능한 범위에서 설치 방법과 실행 환경을 적어 두면 처음 온 사람도 바로 출발할 수 있어요!  (답변 종료),1,158,108,50,5218270
302,4,10.16,"[의미 있는 함수명, 변수명 사용] : 98.9 점 👍,
[prefix, suffix 검사 시 startswith(), endswith() 사용] : 97.2 점 👍,
[if-elif-elif-else 구문은 되도록 dict로 수정] : 72.2 점,
[미 사용 변수/함수 제거] : 31.2 점 🚨,
[동일한 인수 집합을 갖는 함수가 많은 경우 클래스화 고려] : 23.2 점 🚨 (답변 시작)", 코드의 표정을 읽어 보니 같은 설정을 계속 받는 함수가 여러 개예요. 이왕이면 공통 상태를 가진 객체로 묶으면 인자 전달이 가벼워지고 역할도 선명해져요!  (답변 종료),1,155,112,43,5218270
303,4,8.96,"[문자열 단순 연결보다는 f-string 사용] : 97.4 점 👍,
[함수의 인자가 유동적인 경우 처리 권장] : 83.8 점,
[유사한 이름의 함수끼리 가까이 위치하도록 수정 권장] : 68.4 점,
[매우 간결한 변환은 map 사용] : 68.1 점,
[enumerate 사용 가능한 경우 사용] : 36.0 점 🚨 (답변 시작)", 작은 신호를 짚어 보니 반복문에서 번호를 직접 관리하고 있어요. 과감하게 순서와 값을 함께 쓸 때는 enumerate가 더 자연스럽고 안전해요. 🎈  (답변 종료),1,134,96,38,5218270
304,4,9.3,"[itertools.product 사용 가능한 경우 사용] : 92.3 점 👍,
[README.md, pyproject.toml 필요] : 90.9 점 👍,
[함수 인수 type hint 필요] : 90.4 점 👍,
[중복되는 사항 common 으로 빼기] : 88.9 점,
[str 단순 += 대신 join 사용] : 87.7 점 (답변 시작)", 작은 신호를 짚어 보니 문자열을 반복해서 더하고 있어요. 과감하게 조각을 많이 합칠 때는 join으로 모으면 성능과 의도가 함께 좋아져요. 🐣  (답변 종료),1,126,87,39,5218270
305,4,10.25,"[함수의 인자가 하나로 묶을 수 있는 경우 처리 권장] : 97.8 점 👍,
[동일한 인수 집합을 갖는 함수가 많은 경우 클래스화 고려] : 93.5 점 👍,
[if a.get(""b"") ... 형태로 수정 필요] : 40.9 점 🚨,
[import 순서 준수] : 12.0 점 🚨,
[함수 docstring, 함수명 의미 일치] : 1.5 점 🚨 (답변 시작)", 코드의 표정을 읽어 보니 docstring과 함수 동작이 서로 다르게 읽혀요. 가능하다면 docstring과 함수가 약속한 역할을 맞추면 다음 사람이 안심하고 호출할 수 있어요!  (답변 종료),1,154,111,43,5218270
306,4,10.59,"[개수 세기에 count 함수 사용] : 99.5 점 👍,
[지나치게 많은 들여쓰기 수정] : 96.8 점 👍,
[enumerate 사용 가능한 경우 사용] : 90.8 점 👍,
[파일 단순 읽기/쓰기는 Path 사용] : 89.7 점,
[의미 있는 함수명, 변수명 사용] : 79.9 점 (답변 시작)", 파일의 흐름을 따라가 보니 역할을 짐작하기 어려운 함수나 변수 이름이 보여요. 한 호흡 쉬고 무엇을 하는지 드러나는 이름으로 바꾸면 설명서 없이도 코드가 읽혀요. 🍀  (답변 종료),1,137,92,45,5218270
307,4,8.48,"[enumerate 사용 가능한 경우 사용] : 92.8 점 👍,
[파일 단순 읽기/쓰기는 Path 사용] : 92.2 점 👍,
[리스트 컴프리헨션 사용이 가능한 경우 사용] : 91.2 점 👍,
[매우 간결한 변환은 map 사용] : 79.5 점,
[if-elif-elif-else 구문은 되도록 dict로 수정] : 66.8 점 (답변 시작)", 이번 리뷰에서는 조건 분기가 길게 늘어진 곳이 있어요. 천천히 값에 따른 선택이라면 dict 매핑으로 바꾸어 분기표를 단순하게 만들어 보세요!  (답변 종료),1,136,100,36,5218270
308,4,10.82,"[조건문 중첩 대신 any, all 사용] : 51.0 점 🚨,
[함수의 인수를 변경 가능한 default value로 하지 않아야 함] : 46.7 점 🚨,
[불필요한 print, logging 제거] : 44.5 점 🚨,
[빈도수, 반복문, 경로명 리스트 추출 시 collections, itertools, glob 사용] : 32.0 점 🚨,
[고정값 상수화 필요] : 17.4 점 🚨 (답변 시작)", 코드의 표정을 읽어 보니 같은 고정값이 여러 곳에 흩어져 있어요. 💫 다음 커밋에서 의미 있는 상수 이름으로 꺼내 두면 정책을 바꿀 때 한 번에 손볼 수 있어요!  (답변 종료),1,160,114,46,5218270
309,4,11.32,"[한 줄의 길이는 일정 글자 이내로] : 99.0 점 👍,
[prefix, suffix 검사 시 startswith(), endswith() 사용] : 69.0 점,
[클래스 내부에서만 쓰이는 속성, 메서드 (접두사 있음) 호출 비 권장] : 48.9 점 🚨,
[함수의 인자가 하나로 묶을 수 있는 경우 처리 권장] : 35.9 점 🚨,
[함수의 인자가 유동적인 경우 처리 권장] : 16.8 점 🚨 (답변 시작)", 파일의 흐름을 따라가 보니 개수가 바뀔 수 있는 인수를 고정해 두고 있어요. 필요한 곳부터 가변 인수는 *args나 **kwargs를 알맞게 쓰면 확장에 더 유연해져요. 🌿  (답변 종료),1,171,123,48,5218270
310,4,11.11,"[파일 열기, 닫기 시 with open(...) 사용] : 98.7 점 👍,
[prefix, suffix 검사 시 startswith(), endswith() 사용] : 96.4 점 👍,
[제너레이터 표현식 사용이 가능한 경우 사용] : 93.2 점 👍,
[인덱스 반환에 index 함수 사용] : 92.5 점 👍,
[f = lambda x: ... 보다는 def f(x): return ... 를 사용] : 70.7 점 (답변 시작)", 코드의 표정을 읽어 보니 이름이 필요한 동작이 lambda에 숨어 있어요. 이 기회에 재사용하거나 설명이 필요한 로직은 def로 꺼내면 디버깅과 테스트가 편해져요. 🍀  (답변 종료),1,156,109,47,5218270
311,4,8.04,"[함수 인수 type hint 필요] : 97.5 점 👍,
[동일 인자 type 통일] : 87.6 점,
[f = lambda x: ... 보다는 def f(x): return ... 를 사용] : 81.1 점,
[의미 있는 함수명, 변수명 사용] : 64.7 점,
[한 줄의 길이는 일정 글자 이내로] : 44.4 점 🚨 (답변 시작)", 한 발 물러서서 보면 한 줄이 너무 길게 이어지는 곳이 있어요. 가볍게 줄을 적당히 나누면 작은 화면에서도 흐름을 놓치지 않아요.  (답변 종료),1,130,96,34,5218270
312,4,8.72,"[고정값 상수화 필요] : 99.5 점 👍,
[import 순서 준수] : 97.9 점 👍,
[리스트 컴프리헨션 사용이 가능한 경우 사용] : 96.2 점 👍,
[매우 간결한 변환은 map 사용] : 91.8 점 👍,
[예외의 종류 (OOOError 등) 구체적 명시 권장] : 65.6 점 (답변 시작)", 이번 리뷰에서는 너무 넓은 예외를 잡고 있어요. 필요한 곳부터 예상한 OOOError처럼 구체적인 예외만 잡으면 버그가 숨어버리지 않아요. 🐣  (답변 종료),1,132,95,37,5218270
313,4,9.65,"[제너레이터 표현식 사용이 가능한 경우 사용] : 91.9 점 👍,
[함수명, 반환값 간 일치] : 90.7 점 👍,
[enumerate 사용 가능한 경우 사용] : 51.7 점 🚨,
[if a.get(""b"") ... 형태로 수정 필요] : 44.4 점 🚨,
[유사한 변수명 통일] : 24.4 점 🚨 (답변 시작)", 한 발 물러서서 보면 비슷한 역할의 변수 이름이 제각각이에요. 한 번에 같은 개념에는 같은 이름 규칙을 쓰면 읽는 속도가 훨씬 빨라져요! 🌿  (답변 종료),1,143,102,41,5218270
314,4,8.96,"[a = my_list[0], b = my_list[1] ... 대신 unpacking 사용 필요] : 77.1 점,
[함수의 인자가 하나로 묶을 수 있는 경우 처리 권장] : 75.8 점,
[if-elif-elif-else 구문은 되도록 dict로 수정] : 66.8 점,
[zip 사용 가능한 경우 사용] : 66.1 점,
[파일 열기, 닫기 시 with open(...) 사용] : 63.0 점 (답변 시작)", 협업 관점에서 보면 파일을 열고 닫는 일을 직접 관리하고 있어요. 필요한 곳부터 with open(...)으로 감싸면 예외가 나도 파일이 안전하게 닫혀요!  (답변 종료),1,148,110,38,5218270
315,4,9.89,"[if a.get(""b"") ... 형태로 수정 필요] : 73.1 점,
[함수 인수 type hint 필요] : 53.3 점 🚨,
[중복되는 사항 common 으로 빼기] : 24.8 점 🚨,
[if-elif-elif-else 구문은 되도록 dict로 수정] : 10.5 점 🚨,
[함수명, 반환값 간 일치] : 5.1 점 🚨 (답변 시작)", 가독성에 집중해 보면 함수 이름과 반환값의 약속이 어긋나는 곳이 있어요. 가볍게 반환하는 값을 이름에 맞추면 호출부에서 예상이 빗나가지 않아요.  (답변 종료),1,147,105,42,5218270
316,4,10.37,"[클래스 내부에서만 쓰이는 속성, 메서드 (접두사 있음) 호출 비 권장] : 88.2 점,
[인덱스 반환에 index 함수 사용] : 80.9 점,
[중복되는 사항 common 으로 빼기] : 19.3 점 🚨,
[불필요한 print, logging 제거] : 7.3 점 🚨,
[함수명, 반환값 간 일치] : 7.1 점 🚨 (답변 시작)", 코드의 표정을 읽어 보니 함수 이름과 반환값의 약속이 어긋나는 곳이 있어요. 우선 반환하는 값을 이름에 맞추면 호출부에서 예상이 빗나가지 않아요.  (답변 종료),1,146,103,43,5218270
317,4,11.77,"[함수 인수 type hint 필요] : 98.6 점 👍,
[100 line 이상 함수 분리, docstring 필요] : 96.2 점 👍,
[import 순서 준수] : 40.6 점 🚨,
[a = my_list[0], b = my_list[1] ... 대신 unpacking 사용 필요] : 27.6 점 🚨,
[if a.get(""b"") ... 형태로 수정 필요] : 13.9 점 🚨 (답변 시작)"," 한 발 물러서서 보면 딕셔너리 키를 꺼내는 과정이 장황해요. 다음 변경 전에 a.get(""b"")처럼 안전하게 꺼내면 누락된 키에서도 흐름이 부드러워요. 🌿  (답변 종료)",1,161,111,50,5218270
318,4,9.41,"[주석 처리된 코드 제거] : 97.6 점 👍,
[예외를 삼키는 경우가 없어야 함] : 97.2 점 👍,
[기존 배열의 원소 추가 대신 extend 함수 사용] : 93.8 점 👍,
[a = my_list[0], b = my_list[1] ... 대신 unpacking 사용 필요] : 77.4 점,
[동일한 인수 집합을 갖는 함수가 많은 경우 클래스화 고려] : 64.4 점 (답변 시작)", 이번 리뷰에서는 같은 설정을 계속 받는 함수가 여러 개예요. 과감하게 공통 상태를 가진 객체로 묶으면 인자 전달이 가벼워지고 역할도 선명해져요.  (답변 종료),1,149,109,40,5218270
319,4,9.5,"[매우 간결한 변환은 map 사용] : 98.4 점 👍,
[지나치게 많은 들여쓰기 수정] : 96.1 점 👍,
[함수의 인자가 유동적인 경우 처리 권장] : 91.1 점 👍,
[파일 열기, 닫기 시 with open(...) 사용] : 57.8 점 🚨,
[itertools.product 사용 가능한 경우 사용] : 5.5 점 🚨 (답변 시작)", 가독성에 집중해 보면 조합을 만들려고 중첩 반복문을 쓰고 있어요. 💫 기분 좋게 모든 조합이 필요할 때는 itertools.product로 의도를 또렷하게 드러내요!  (답변 종료),1,139,99,40,5218270
320,4,8.03,"[중복되는 사항 common 으로 빼기] : 95.5 점 👍,
[제너레이터 표현식 사용이 가능한 경우 사용] : 90.8 점 👍,
[인덱스 반환에 index 함수 사용] : 74.5 점,
[매우 간결한 변환은 map 사용] : 48.1 점 🚨,
[itertools.product 사용 가능한 경우 사용] : 34.6 점 🚨 (답변 시작)", 다시 살펴보니 조합을 만들려고 중첩 반복문을 쓰고 있어요. 과감하게 모든 조합이 필요할 때는 itertools.product로 의도를 또렷하게 드러내요!  (답변 종료),1,128,94,34,5218270
321,4,10.6,"[인덱스 반환에 index 함수 사용] : 92.8 점 👍,
[비어 있는 문자열 여부 판단 간소화] : 84.5 점,
[문자열 단순 연결보다는 f-string 사용] : 71.7 점,
[기존 배열의 원소 추가 대신 extend 함수 사용] : 43.5 점 🚨,
[의미 있는 함수명, 변수명 사용] : 24.7 점 🚨 (답변 시작)", 코드의 표정을 읽어 보니 역할을 짐작하기 어려운 함수나 변수 이름이 보여요. 한 호흡 쉬고 무엇을 하는지 드러나는 이름으로 바꾸면 설명서 없이도 코드가 읽혀요! 🌿  (답변 종료),1,142,97,45,5218270
322,4,9.44,"[prefix, suffix 검사 시 startswith(), endswith() 사용] : 94.4 점 👍,
[동일 인자 type 통일] : 91.8 점 👍,
[불필요한 print, logging 제거] : 91.2 점 👍,
[key=itemgetter(""key"") 사용 권장] : 91.0 점 👍,
[f = lambda x: ... 보다는 def f(x): return ... 를 사용] : 61.8 점 (답변 시작)", 협업 관점에서 보면 이름이 필요한 동작이 lambda에 숨어 있어요. 꼼꼼하게 재사용하거나 설명이 필요한 로직은 def로 꺼내면 디버깅과 테스트가 편해져요!  (답변 종료),1,142,102,40,5218270
323,4,9.42,"[함수명, 반환값 간 일치] : 92.8 점 👍,
[README.md, pyproject.toml 필요] : 86.7 점,
[경로를 path/to/file 이 아닌, pathlib 또는 os.path.join 사용] : 77.2 점,
[함수 인수 type hint 필요] : 68.1 점,
[파일 열기, 닫기 시 with open(...) 사용] : 5.4 점 🚨 (답변 시작)", 작은 신호를 짚어 보니 파일을 열고 닫는 일을 직접 관리하고 있어요. 팀과 맞춰 보며 with open(...)으로 감싸면 예외가 나도 파일이 안전하게 닫혀요.  (답변 종료),1,139,99,40,5218270
324,4,9.96,"[assertion을 제어 메커니즘으로 사용하면 안됨] : 98.2 점 👍,
[빈도수, 반복문, 경로명 리스트 추출 시 collections, itertools, glob 사용] : 93.5 점 👍,
[중복되는 사항 common 으로 빼기] : 92.3 점 👍,
[인덱스 반환에 index 함수 사용] : 91.0 점 👍,
[함수 인수 type hint 필요] : 67.7 점 (답변 시작)", 다음 커밋을 생각해 보면 함수 인수의 type hint가 비어 있어요. 🔍 한 발 먼저 인수에 type hint를 달아 두면 들어오는 데이터가 무엇인지 바로 알 수 있어요!  (답변 종료),1,144,102,42,5218270
325,4,10.82,"[함수명, 반환값 간 일치] : 100.0 점 👍,
[클래스 내부에서만 쓰이는 속성, 메서드 (접두사 있음) 호출 비 권장] : 78.1 점,
[함수의 인자가 유동적인 경우 처리 권장] : 61.2 점,
[매우 간결한 변환은 map 사용] : 42.3 점 🚨,
[고정값 상수화 필요] : 24.6 점 🚨 (답변 시작)", 작은 신호를 짚어 보니 같은 고정값이 여러 곳에 흩어져 있어요. 💫 기분 좋게 의미 있는 상수 이름으로 꺼내 두면 정책을 바꿀 때 한 번에 손볼 수 있어요. 🌿  (답변 종료),1,150,104,46,5218270
326,4,8.48,"[예외를 삼키는 경우가 없어야 함] : 73.0 점,
[a = my_list[0], b = my_list[1] ... 대신 unpacking 사용 필요] : 72.6 점,
[if-elif-elif-else 구문은 되도록 dict로 수정] : 67.7 점,
[매우 간결한 변환은 map 사용] : 50.2 점 🚨,
[미 사용 변수/함수 제거] : 49.0 점 🚨 (답변 시작)", 전체 흐름을 놓고 보면 쓰이지 않는 변수나 함수가 남아 있네요. 기분 좋게 참조되지 않는 선언을 걷어 내면 핵심 로직만 또렷하게 남아요!  (답변 종료),1,145,109,36,5218270
327,4,8.48,"[매우 간결한 변환은 map 사용] : 97.3 점 👍,
[조건문 중첩 대신 any, all 사용] : 92.2 점 👍,
[유사한 변수명 통일] : 91.5 점 👍,
[기존 배열의 원소 추가 대신 extend 함수 사용] : 67.2 점,
[한 줄의 길이는 일정 글자 이내로] : 6.5 점 🚨 (답변 시작)", 가독성에 집중해 보면 한 줄이 너무 길게 이어지는 곳이 있어요. 가능한 범위에서 줄을 적당히 나누면 작은 화면에서도 흐름을 놓치지 않아요!  (답변 종료),1,133,97,36,5218270
328,4,10.78,"[assertion을 제어 메커니즘으로 사용하면 안됨] : 92.8 점 👍,
[동일한 인수 집합을 갖는 함수가 많은 경우 클래스화 고려] : 79.6 점,
[함수 docstring, 함수명 의미 일치] : 77.1 점,
[클래스 내부에서만 쓰이는 속성, 메서드 (접두사 있음) 호출 비 권장] : 72.9 점,
[파일 단순 읽기/쓰기는 Path 사용] : 4.2 점 🚨 (답변 시작)", 실행 경로를 훑어보니 간단한 파일 작업이 장황하게 처리되고 있어요. 🎈 한 발 먼저 Path의 읽기와 쓰기 메서드를 쓰면 파일 작업이 짧고 단단해져요!  (답변 종료),1,156,111,45,5218270
329,4,9.89,"[동일 인자 type 통일] : 97.2 점 👍,
[함수의 인자가 유동적인 경우 처리 권장] : 92.7 점 👍,
[제너레이터 표현식 사용이 가능한 경우 사용] : 75.9 점,
[언패킹 시 숫자 인덱스 사용하지 말 것 (변수에 바로 할당)] : 65.8 점,
[함수명, 반환값 간 일치] : 63.1 점 (답변 시작)", 한 발 물러서서 보면 함수 이름과 반환값의 약속이 어긋나는 곳이 있어요. 가볍게 반환하는 값을 이름에 맞추면 호출부에서 예상이 빗나가지 않아요.  (답변 종료),1,140,98,42,5218270
330,4,10.14,"[상태 값 조건이 있는 if-elif-elif-else 있는 경우 클래스화 고려] : 98.1 점 👍,
[불필요한 변수 생성 대신 defaultdict 권장] : 96.6 점 👍,
[import 순서 준수] : 93.5 점 👍,
[예외의 종류 (OOOError 등) 구체적 명시 권장] : 93.3 점 👍,
[함수의 인자가 하나로 묶을 수 있는 경우 처리 권장] : 44.4 점 🚨 (답변 시작)", 코드의 표정을 읽어 보니 함께 움직이는 인수가 따로따로 전달되고 있어요. 한 호흡 쉬고 함께 쓰는 값을 객체나 dataclass로 묶으면 호출부가 훨씬 덜 복잡해져요.  (답변 종료),1,157,114,43,5218270
331,4,10.37,"[enumerate 사용 가능한 경우 사용] : 95.6 점 👍,
[함수 docstring, 함수명 의미 일치] : 93.4 점 👍,
[f = lambda x: ... 보다는 def f(x): return ... 를 사용] : 85.3 점,
[중복되는 사항 common 으로 빼기] : 54.7 점 🚨,
[고정값 상수화 필요] : 46.6 점 🚨 (답변 시작)", 가독성에 집중해 보면 같은 고정값이 여러 곳에 흩어져 있어요. 🌈 기분 좋게 의미 있는 상수 이름으로 꺼내 두면 정책을 바꿀 때 한 번에 손볼 수 있어요!  (답변 종료),1,144,100,44,5218270
332,4,9.2,"[정규 표현식 문자열은 r""..."" 권장] : 98.7 점 👍,
[동일한 인수 집합을 갖는 함수가 많은 경우 클래스화 고려] : 91.2 점 👍,
[동일 인자 type 통일] : 69.9 점,
[Python 예약어를 변수명으로 사용하지 않아야 함] : 68.1 점,
[의미 있는 함수명, 변수명 사용] : 6.8 점 🚨 (답변 시작)", 다시 살펴보니 역할을 짐작하기 어려운 함수나 변수 이름이 보여요. 이번 수정에서는 무엇을 하는지 드러나는 이름으로 바꾸면 설명서 없이도 코드가 읽혀요.  (답변 종료),1,140,101,39,5218270
333,4,9.66,"[itertools.product 사용 가능한 경우 사용] : 85.4 점,
[파일 단순 읽기/쓰기는 Path 사용] : 82.8 점,
[유사한 변수명 통일] : 80.2 점,
[예외의 종류 (OOOError 등) 구체적 명시 권장] : 69.6 점,
[동일한 인수 집합을 갖는 함수가 많은 경우 클래스화 고려] : 64.8 점 (답변 시작)", 한 발 물러서서 보면 같은 설정을 계속 받는 함수가 여러 개예요. 과감하게 공통 상태를 가진 객체로 묶으면 인자 전달이 가벼워지고 역할도 선명해져요.  (답변 종료),1,135,94,41,5218270
334,4,9.66,"[assertion을 제어 메커니즘으로 사용하면 안됨] : 99.0 점 👍,
[주석 처리된 코드 제거] : 93.0 점 👍,
[함수명, 반환값 간 일치] : 91.4 점 👍,
[zip 사용 가능한 경우 사용] : 88.2 점,
[제너레이터 표현식 사용이 가능한 경우 사용] : 74.7 점 (답변 시작)", 이번 리뷰에서는 한 번만 쓸 중간 목록이 만들어지고 있어요. 팀과 맞춰 보며 한 번만 순회한다면 제너레이터 표현식으로 메모리를 아껴 볼 만해요.  (답변 종료),1,131,91,40,5218270
335,4,10.07,"[zip 사용 가능한 경우 사용] : 86.1 점,
[한 줄의 길이는 일정 글자 이내로] : 83.5 점,
[언패킹 시 숫자 인덱스 사용하지 말 것 (변수에 바로 할당)] : 67.9 점,
[주석 처리된 코드 제거] : 17.7 점 🚨,
[중복되는 사항 common 으로 빼기] : 0.6 점 🚨 (답변 시작)", 파일의 흐름을 따라가 보니 같은 처리가 여러 곳에서 반복되고 있어요. 🔍 한 발 먼저 공통 동작을 한곳으로 모으면 수정할 때 놓칠 구석이 줄어요!  (답변 종료),1,136,95,41,5218270
336,4,11.78,"[한 줄의 길이는 일정 글자 이내로] : 91.8 점 👍,
[상태 값 조건이 있는 if-elif-elif-else 있는 경우 클래스화 고려] : 91.7 점 👍,
[파일 단순 읽기/쓰기는 Path 사용] : 90.2 점 👍,
[제너레이터 표현식 사용이 가능한 경우 사용] : 7.6 점 🚨,
[key=itemgetter(""key"") 사용 권장] : 4.6 점 🚨 (답변 시작)"," 코드의 맥락을 보면 정렬 키를 lambda로 길게 꺼내고 있어요. 이왕이면 딕셔너리 키로 정렬할 때는 itemgetter(""key"")가 더 간결하게 뜻을 전해요. 🎈  (답변 종료)",1,161,113,48,5218270
337,4,9.83,"[클래스 내부에서만 쓰이는 속성, 메서드 (접두사 있음) 호출 비 권장] : 93.9 점 👍,
[enumerate 사용 가능한 경우 사용] : 86.9 점,
[주석 처리된 코드 제거] : 72.3 점,
[상태 값 조건이 있는 if-elif-elif-else 있는 경우 클래스화 고려] : 30.9 점 🚨,
[중복되는 사항 common 으로 빼기] : 5.2 점 🚨 (답변 시작)", 한 발 물러서서 보면 같은 처리가 여러 곳에서 반복되고 있어요. 💡 가볍게 공통 동작을 한곳으로 모으면 수정할 때 놓칠 구석이 줄어요. 🌿  (답변 종료),1,150,110,40,5218270
338,4,11.08,"[상태 값 조건이 있는 if-elif-elif-else 있는 경우 클래스화 고려] : 98.8 점 👍,
[주석 처리된 코드 제거] : 92.3 점 👍,
[빈 파일 TODO 표시 필요] : 91.7 점 👍,
[예외를 삼키는 경우가 없어야 함] : 24.3 점 🚨,
[key=itemgetter(""key"") 사용 권장] : 11.6 점 🚨 (답변 시작)"," 코드의 표정을 읽어 보니 정렬 키를 lambda로 길게 꺼내고 있어요. 살짝 딕셔너리 키로 정렬할 때는 itemgetter(""key"")가 더 간결하게 뜻을 전해요.  (답변 종료)",1,149,104,45,5218270
339,4,10.79,"[prefix, suffix 검사 시 startswith(), endswith() 사용] : 99.0 점 👍,
[if a.get(""b"") ... 형태로 수정 필요] : 98.8 점 👍,
[비어 있는 문자열 여부 판단 간소화] : 92.8 점 👍,
[예외의 종류 (OOOError 등) 구체적 명시 권장] : 61.4 점,
[함수 docstring, 함수명 의미 일치] : 28.2 점 🚨 (답변 시작)", 유지보수 시선으로 보면 docstring과 함수 동작이 서로 다르게 읽혀요. 차분하게 docstring과 함수가 약속한 역할을 맞추면 다음 사람이 안심하고 호출할 수 있어요! 🌿  (답변 종료),1,153,109,44,5218270
340,4,9.35,"[한 줄의 길이는 일정 글자 이내로] : 94.5 점 👍,
[주석 처리된 코드 제거] : 90.2 점 👍,
[예외의 종류 (OOOError 등) 구체적 명시 권장] : 71.1 점,
[100 line 이상 함수 분리, docstring 필요] : 45.0 점 🚨,
[숫자 값은 위쪽에 상수로] : 35.9 점 🚨 (답변 시작)", 다시 살펴보니 로직 사이에 매직 넘버가 숨어 있어요. 가능한 범위에서 매직 넘버를 파일 위쪽의 상수로 올리면 숫자가 왜 필요한지 바로 보여요. 🎈  (답변 종료),1,140,102,38,5218270
341,4,10.78,"[README.md, pyproject.toml 필요] : 94.8 점 👍,
[숫자 값은 위쪽에 상수로] : 91.3 점 👍,
[지나치게 많은 들여쓰기 수정] : 91.1 점 👍,
[상태 값 조건이 있는 if-elif-elif-else 있는 경우 클래스화 고려] : 86.2 점,
[itertools.product 사용 가능한 경우 사용] : 4.5 점 🚨 (답변 시작)", 코드의 결을 살펴보면 조합을 만들려고 중첩 반복문을 쓰고 있어요. 💫 한 발 먼저 모든 조합이 필요할 때는 itertools.product로 의도를 또렷하게 드러내요. 🎈  (답변 종료),1,148,104,44,5218270
342,4,9.87,"[함수명, 반환값 간 일치] : 99.7 점 👍,
[지나치게 많은 들여쓰기 수정] : 88.5 점,
[동일 인자 type 통일] : 83.6 점,
[숫자 값은 위쪽에 상수로] : 66.2 점,
[zip 사용 가능한 경우 사용] : 0.1 점 🚨 (답변 시작)", 파일의 흐름을 따라가 보니 두 목록을 인덱스로 따로 읽고 있어요. 과감하게 나란히 읽는 값들은 zip으로 묶어 주면 인덱스 실수를 막을 수 있어요. 🎈  (답변 종료),1,125,85,40,5218270
343,4,8.79,"[정규 표현식 문자열은 r""..."" 권장] : 99.1 점 👍,
[숫자 값은 위쪽에 상수로] : 94.4 점 👍,
[동일 인자 type 통일] : 91.0 점 👍,
[예외의 종류 (OOOError 등) 구체적 명시 권장] : 79.8 점,
[인덱스 반환에 index 함수 사용] : 74.5 점 (답변 시작)", 코드의 표정을 읽어 보니 위치를 찾기 위해 직접 반복하고 있어요. 이왕이면 첫 위치가 필요할 때는 index를 쓰면 목적이 바로 보입니다.  (답변 종료),1,130,95,35,5218270
344,4,10.32,"[클래스 내부에서만 쓰이는 속성, 메서드 (접두사 있음) 호출 비 권장] : 99.6 점 👍,
[f = lambda x: ... 보다는 def f(x): return ... 를 사용] : 97.7 점 👍,
[고정값 상수화 필요] : 90.0 점 👍,
[인덱스 반환에 index 함수 사용] : 65.9 점,
[import 순서 준수] : 62.9 점 (답변 시작)", 코드의 표정을 읽어 보니 import 배치가 섞여 있어요. 가능한 범위에서 표준 라이브러리와 외부 패키지와 내부 모듈을 차례로 정리하면 시작 화면이 말끔해져요! 🎈  (답변 종료),1,145,103,42,5218270
345,4,10.31,"[유사한 이름의 함수끼리 가까이 위치하도록 수정 권장] : 91.6 점 👍,
[import 순서 준수] : 81.3 점,
[경로를 path/to/file 이 아닌, pathlib 또는 os.path.join 사용] : 46.7 점 🚨,
[고정값 상수화 필요] : 21.4 점 🚨,
[지나치게 많은 들여쓰기 수정] : 1.2 점 🚨 (답변 시작)", 한 발 물러서서 보면 들여쓰기 단계가 깊어 흐름을 따라가기 어려워요. 가능한 범위에서 작은 함수로 쪼개거나 빠른 반환을 쓰면 조건의 미로가 얕아져요!  (답변 종료),1,142,100,42,5218270
346,4,8.92,"[주석 처리된 코드 제거] : 97.3 점 👍,
[함수의 인자가 하나로 묶을 수 있는 경우 처리 권장] : 89.2 점,
[불필요한 변수 생성 대신 defaultdict 권장] : 67.0 점,
[예외의 종류 (OOOError 등) 구체적 명시 권장] : 62.7 점,
[한 줄의 길이는 일정 글자 이내로] : 38.6 점 🚨 (답변 시작)", 가독성에 집중해 보면 한 줄이 너무 길게 이어지는 곳이 있어요. 가능한 범위에서 줄을 적당히 나누면 작은 화면에서도 흐름을 놓치지 않아요.  (답변 종료),1,137,101,36,5218270
347,4,9.64,"[상태 값 조건이 있는 if-elif-elif-else 있는 경우 클래스화 고려] : 90.0 점 👍,
[인덱스 반환에 index 함수 사용] : 75.5 점,
[a = my_list[0], b = my_list[1] ... 대신 unpacking 사용 필요] : 52.1 점 🚨,
[함수의 인자가 유동적인 경우 처리 권장] : 20.4 점 🚨,
[조건문 중첩 대신 any, all 사용] : 18.8 점 🚨 (답변 시작)", 전체 흐름을 놓고 보면 조건문이 여러 겹으로 겹쳐 있어요. 과감하게 여러 조건의 존재 여부는 any나 all에 맡기면 뜻이 훨씬 또렷해져요!  (답변 종료),1,160,121,39,5218270
348,4,11.04,"[한 줄의 길이는 일정 글자 이내로] : 98.3 점 👍,
[제너레이터 표현식 사용이 가능한 경우 사용] : 86.9 점,
[클래스 내부에서만 쓰이는 속성, 메서드 (접두사 있음) 호출 비 권장] : 81.1 점,
[개수 세기에 count 함수 사용] : 71.4 점,
[유사한 이름의 함수끼리 가까이 위치하도록 수정 권장] : 67.9 점 (답변 시작)", 전체 흐름을 놓고 보면 비슷한 이름의 함수가 파일 곳곳에 흩어져 있어요. 한 발 먼저 비슷한 역할의 함수를 가까이 두면 탐색 시간이 줄고 파일 구조가 자연스러워져요. 🌿  (답변 종료),1,151,106,45,5218270
349,4,10.33,"[한 줄의 길이는 일정 글자 이내로] : 98.8 점 👍,
[함수의 인자가 유동적인 경우 처리 권장] : 91.6 점 👍,
[제너레이터 표현식 사용이 가능한 경우 사용] : 86.9 점,
[기존 배열의 원소 추가 대신 extend 함수 사용] : 64.9 점,
[중복되는 사항 common 으로 빼기] : 6.7 점 🚨 (답변 시작)", 한 발 물러서서 보면 같은 처리가 여러 곳에서 반복되고 있어요. 💫 한 발 먼저 공통 동작을 한곳으로 모으면 수정할 때 놓칠 구석이 줄어요. 🔍  (답변 종료),1,142,100,42,5218270
350,4,10.31,"[함수 docstring, 함수명 의미 일치] : 97.6 점 👍,
[주석 처리된 코드 제거] : 96.5 점 👍,
[경로를 path/to/file 이 아닌, pathlib 또는 os.path.join 사용] : 95.5 점 👍,
[동일한 인수 집합을 갖는 함수가 많은 경우 클래스화 고려] : 50.9 점 🚨,
[유사한 변수명 통일] : 39.9 점 🚨 (답변 시작)", 작은 신호를 짚어 보니 비슷한 역할의 변수 이름이 제각각이에요. 💫 기분 좋게 같은 개념에는 같은 이름 규칙을 쓰면 읽는 속도가 훨씬 빨라져요. 🔍  (답변 종료),1,148,106,42,5218270
351,4,9.59,"[개수 세기에 count 함수 사용] : 96.3 점 👍,
[key=itemgetter(""key"") 사용 권장] : 94.3 점 👍,
[숫자 값은 위쪽에 상수로] : 25.3 점 🚨,
[함수명, 반환값 간 일치] : 6.8 점 🚨,
[a = my_list[0], b = my_list[1] ... 대신 unpacking 사용 필요] : 0.3 점 🚨 (답변 시작)", 한 발 물러서서 보면 목록의 원소를 하나씩 꺼내고 있어요. 한 번에 정해진 순서의 값은 unpacking으로 풀어 주면 한 번에 읽혀요!  (답변 종료),1,150,111,39,5218270
352,4,10.37,"[중복되는 사항 common 으로 빼기] : 99.5 점 👍,
[문자열 단순 연결보다는 f-string 사용] : 95.1 점 👍,
[파일 단순 읽기/쓰기는 Path 사용] : 93.8 점 👍,
[prefix, suffix 검사 시 startswith(), endswith() 사용] : 83.6 점,
[유사한 변수명 통일] : 18.2 점 🚨 (답변 시작)", 코드의 맥락을 보면 비슷한 역할의 변수 이름이 제각각이에요. 💫 보너스처럼 같은 개념에는 같은 이름 규칙을 쓰면 읽는 속도가 훨씬 빨라져요. 🍀  (답변 종료),1,142,100,42,5218270
353,4,10.31,"[함수의 인자가 하나로 묶을 수 있는 경우 처리 권장] : 96.3 점 👍,
[고정값 상수화 필요] : 91.9 점 👍,
[동일한 인수 집합을 갖는 함수가 많은 경우 클래스화 고려] : 54.4 점 🚨,
[조건문 중첩 대신 any, all 사용] : 7.6 점 🚨,
[한 줄의 길이는 일정 글자 이내로] : 3.1 점 🚨 (답변 시작)", 코드의 표정을 읽어 보니 한 줄이 너무 길게 이어지는 곳이 있어요. 손이 닿는 자리부터 줄을 적당히 나누면 작은 화면에서도 흐름을 놓치지 않아요. 🎈  (답변 종료),1,153,111,42,5218270
354,4,11.3,"[상태 값 조건이 있는 if-elif-elif-else 있는 경우 클래스화 고려] : 99.6 점 👍,
[지나치게 많은 들여쓰기 수정] : 94.8 점 👍,
[str 단순 += 대신 join 사용] : 77.0 점,
[리스트 컴프리헨션 사용이 가능한 경우 사용] : 69.6 점,
[key=itemgetter(""key"") 사용 권장] : 5.4 점 🚨 (답변 시작)"," 리뷰 돋보기를 대 보니 정렬 키를 lambda로 길게 꺼내고 있어요. 이왕이면 딕셔너리 키로 정렬할 때는 itemgetter(""key"")가 더 간결하게 뜻을 전해요.  (답변 종료)",1,149,103,46,5218270
355,4,10.78,"[중복되는 사항 common 으로 빼기] : 94.4 점 👍,
[매우 간결한 변환은 map 사용] : 93.3 점 👍,
[zip 사용 가능한 경우 사용] : 65.2 점,
[f = lambda x: ... 보다는 def f(x): return ... 를 사용] : 19.1 점 🚨,
[조건문 중첩 대신 any, all 사용] : 18.8 점 🚨 (답변 시작)", 작은 신호를 짚어 보니 조건문이 여러 겹으로 겹쳐 있어요. 💫 가볍게 여러 조건의 존재 여부는 any나 all에 맡기면 뜻이 훨씬 또렷해져요. 🌿  (답변 종료),1,144,100,44,5218270
356,4,10.58,"[f = lambda x: ... 보다는 def f(x): return ... 를 사용] : 94.7 점 👍,
[prefix, suffix 검사 시 startswith(), endswith() 사용] : 94.5 점 👍,
[a = my_list[0], b = my_list[1] ... 대신 unpacking 사용 필요] : 83.8 점,
[지나치게 많은 들여쓰기 수정] : 29.1 점 🚨,
[동일 인자 type 통일] : 10.6 점 🚨 (답변 시작)", 이번 리뷰에서는 같은 의미의 인수에서 type 표기가 통일되지 않았어요. 과감하게 인수의 type을 한 방식으로 맞추면 호출하는 쪽도 덜 헷갈려요. 🌿  (답변 종료),1,159,116,43,5218270
357,4,8.66,"[중복되는 사항 common 으로 빼기] : 67.3 점,
[불필요한 print, logging 제거] : 35.6 점 🚨,
[정규 표현식 문자열은 r""..."" 권장] : 35.2 점 🚨,
[동일한 인수 집합을 갖는 함수가 많은 경우 클래스화 고려] : 29.7 점 🚨,
[불필요한 변수 생성 대신 defaultdict 권장] : 2.6 점 🚨 (답변 시작)", 다시 살펴보니 키별 초기화를 직접 반복하고 있어요. 이왕이면 키별로 값을 모을 때는 defaultdict를 쓰면 분기와 보일러플레이트가 줄어들어요!  (답변 종료),1,138,103,35,5218270
358,4,8.85,"[조건문 중첩 대신 any, all 사용] : 95.2 점 👍,
[예외를 삼키는 경우가 없어야 함] : 94.4 점 👍,
[함수의 인수를 변경 가능한 default value로 하지 않아야 함] : 93.7 점 👍,
[key=itemgetter(""key"") 사용 권장] : 64.5 점,
[str 단순 += 대신 join 사용] : 49.4 점 🚨 (답변 시작)", 한 발 물러서서 보면 문자열을 반복해서 더하고 있어요. 과감하게 조각을 많이 합칠 때는 join으로 모으면 성능과 의도가 함께 좋아져요!  (답변 종료),1,136,100,36,5218270
359,4,10.08,"[파일 열기, 닫기 시 with open(...) 사용] : 92.8 점 👍,
[불필요한 변수 생성 대신 defaultdict 권장] : 85.3 점,
[함수의 인자가 하나로 묶을 수 있는 경우 처리 권장] : 50.6 점 🚨,
[100 line 이상 함수 분리, docstring 필요] : 18.0 점 🚨,
[함수 인수 type hint 필요] : 17.4 점 🚨 (답변 시작)", 가독성에 집중해 보면 함수 인수의 type hint가 비어 있어요! 🎈 가능한 범위에서 인수에 type hint를 달아 두면 들어오는 데이터가 무엇인지 바로 알 수 있어요!  (답변 종료),1,146,105,41,5218270
360,4,10.08,"[함수 docstring, 함수명 의미 일치] : 99.5 점 👍,
[import 순서 준수] : 96.7 점 👍,
[미 사용 변수/함수 제거] : 62.3 점,
[상태 값 조건이 있는 if-elif-elif-else 있는 경우 클래스화 고려] : 16.8 점 🚨,
[동일한 인수 집합을 갖는 함수가 많은 경우 클래스화 고려] : 2.5 점 🚨 (답변 시작)", 코드의 결을 살펴보면 같은 설정을 계속 받는 함수가 여러 개예요. 과감하게 공통 상태를 가진 객체로 묶으면 인자 전달이 가벼워지고 역할도 선명해져요!  (답변 종료),1,148,107,41,5218270
361,4,12.28,"[100 line 이상 함수 분리, docstring 필요] : 98.7 점 👍,
[비어 있는 문자열 여부 판단 간소화] : 91.4 점 👍,
[리스트 컴프리헨션 사용이 가능한 경우 사용] : 79.1 점,
[언패킹 시 숫자 인덱스 사용하지 말 것 (변수에 바로 할당)] : 73.2 점,
[함수의 인수를 변경 가능한 default value로 하지 않아야 함] : 60.0 점 (답변 시작)", 코드의 표정을 읽어 보니 기본 인수에 리스트나 딕셔너리를 넣고 있어요. 🌿 한 발 먼저 리스트나 딕셔너리는 None으로 두고 함수 안에서 만들면 호출 사이에 상태가 섞이지 않아요.  (답변 종료),1,156,106,50,5218270
362,4,9.87,"[파일 열기, 닫기 시 with open(...) 사용] : 98.9 점 👍,
[유사한 이름의 함수끼리 가까이 위치하도록 수정 권장] : 97.0 점 👍,
[매우 간결한 변환은 map 사용] : 96.6 점 👍,
[경로를 path/to/file 이 아닌, pathlib 또는 os.path.join 사용] : 81.9 점,
[동일한 인수 집합을 갖는 함수가 많은 경우 클래스화 고려] : 66.4 점 (답변 시작)", 이번 리뷰에서는 같은 설정을 계속 받는 함수가 여러 개예요. 과감하게 공통 상태를 가진 객체로 묶으면 인자 전달이 가벼워지고 역할도 선명해져요!  (답변 종료),1,148,108,40,5218270
363,4,10.33,"[a = my_list[0], b = my_list[1] ... 대신 unpacking 사용 필요] : 99.4 점 👍,
[함수 인수 type hint 필요] : 93.4 점 👍,
[클래스 내부에서만 쓰이는 속성, 메서드 (접두사 있음) 호출 비 권장] : 90.8 점 👍,
[함수의 인수를 변경 가능한 default value로 하지 않아야 함] : 34.5 점 🚨,
[불필요한 변수 생성 대신 defaultdict 권장] : 5.5 점 🚨 (답변 시작)", 코드의 표정을 읽어 보니 키별 초기화를 직접 반복하고 있어요. 이왕이면 키별로 값을 모을 때는 defaultdict를 쓰면 분기와 보일러플레이트가 줄어들어요. 🍀  (답변 종료),1,166,124,42,5218270
364,4,13.01,"[함수명, 반환값 간 일치] : 94.9 점 👍,
[enumerate 사용 가능한 경우 사용] : 87.9 점,
[if a.get(""b"") ... 형태로 수정 필요] : 81.3 점,
[zip 사용 가능한 경우 사용] : 67.0 점,
[상태 값 조건이 있는 if-elif-elif-else 있는 경우 클래스화 고려] : 51.8 점 🚨 (답변 시작)", 다음 커밋을 생각해 보면 상태에 따라 갈라지는 조건문이 길게 이어져요. 팀과 맞춰 보며 상태별 동작을 클래스로 나누면 새 상태를 더할 때 기존 조건문을 덜 건드려도 돼요. 🎈  (답변 종료),1,155,102,53,5218270
365,4,12.54,"[함수의 인수를 변경 가능한 default value로 하지 않아야 함] : 91.3 점 👍,
[유사한 이름의 함수끼리 가까이 위치하도록 수정 권장] : 91.2 점 👍,
[itertools.product 사용 가능한 경우 사용] : 82.5 점,
[enumerate 사용 가능한 경우 사용] : 81.7 점,
[상태 값 조건이 있는 if-elif-elif-else 있는 경우 클래스화 고려] : 59.4 점 🚨 (답변 시작)", 코드의 표정을 읽어 보니 상태에 따라 갈라지는 조건문이 길게 이어져요. 💫 한 발 먼저 상태별 동작을 클래스로 나누면 새 상태를 더할 때 기존 조건문을 덜 건드려도 돼요!  (답변 종료),1,160,109,51,5218270
366,4,10.11,"[itertools.product 사용 가능한 경우 사용] : 93.3 점 👍,
[고정값 상수화 필요] : 92.4 점 👍,
[의미 있는 함수명, 변수명 사용] : 80.6 점,
[str 단순 += 대신 join 사용] : 63.3 점,
[a = my_list[0], b = my_list[1] ... 대신 unpacking 사용 필요] : 41.1 점 🚨 (답변 시작)", 파일의 흐름을 따라가 보니 목록의 원소를 하나씩 꺼내고 있어요. 과감하게 정해진 순서의 값은 unpacking으로 풀어 주면 한 번에 읽혀요. 🎈  (답변 종료),1,142,101,41,5218270
367,4,11.04,"[조건문 중첩 대신 any, all 사용] : 95.4 점 👍,
[비어 있는 문자열 여부 판단 간소화] : 91.1 점 👍,
[유사한 변수명 통일] : 79.7 점,
[prefix, suffix 검사 시 startswith(), endswith() 사용] : 74.5 점,
[assertion을 제어 메커니즘으로 사용하면 안됨] : 28.2 점 🚨 (답변 시작)", 실행 경로를 훑어보니 assert가 실행 흐름을 대신하고 있어요. 🔍 이번 수정에서는 검증이 필요한 분기는 명시적인 예외 처리로 바꾸어야 배포 환경에서도 안전해요!  (답변 종료),1,143,98,45,5218270
368,4,10.06,"[a = my_list[0], b = my_list[1] ... 대신 unpacking 사용 필요] : 97.4 점 👍,
[if-elif-elif-else 구문은 되도록 dict로 수정] : 95.3 점 👍,
[리스트 컴프리헨션 사용이 가능한 경우 사용] : 81.2 점,
[지나치게 많은 들여쓰기 수정] : 75.1 점,
[동일한 인수 집합을 갖는 함수가 많은 경우 클래스화 고려] : 7.5 점 🚨 (답변 시작)", 작은 신호를 짚어 보니 같은 설정을 계속 받는 함수가 여러 개예요. 과감하게 공통 상태를 가진 객체로 묶으면 인자 전달이 가벼워지고 역할도 선명해져요!  (답변 종료),1,159,118,41,5218270
369,4,11.3,"[빈도수, 반복문, 경로명 리스트 추출 시 collections, itertools, glob 사용] : 96.2 점 👍,
[제너레이터 표현식 사용이 가능한 경우 사용] : 95.9 점 👍,
[prefix, suffix 검사 시 startswith(), endswith() 사용] : 91.3 점 👍,
[주석 처리된 코드 제거] : 84.1 점,
[상태 값 조건이 있는 if-elif-elif-else 있는 경우 클래스화 고려] : 82.5 점 (답변 시작)", 전체 흐름을 놓고 보면 상태에 따라 갈라지는 조건문이 길게 이어져요. 과감하게 상태별 동작을 클래스로 나누면 새 상태를 더할 때 기존 조건문을 덜 건드려도 돼요!  (답변 종료),1,162,116,46,5218270
370,4,11.84,"[함수의 인자가 유동적인 경우 처리 권장] : 91.2 점 👍,
[zip 사용 가능한 경우 사용] : 50.0 점 🚨,
[100 line 이상 함수 분리, docstring 필요] : 47.1 점 🚨,
[상태 값 조건이 있는 if-elif-elif-else 있는 경우 클래스화 고려] : 13.1 점 🚨,
[동일 인자 type 통일] : 12.5 점 🚨 (답변 시작)", 실행 경로를 훑어보니 같은 의미의 인수에서 type 표기가 통일되지 않았어요. 😺 한 발 먼저 인수의 type을 한 방식으로 맞추면 호출하는 쪽도 덜 헷갈려요. 🎈  (답변 종료),1,157,109,48,5218270
371,4,10.8,"[비어 있는 문자열 여부 판단 간소화] : 98.2 점 👍,
[key=itemgetter(""key"") 사용 권장] : 94.4 점 👍,
[if-elif-elif-else 구문은 되도록 dict로 수정] : 21.6 점 🚨,
[파일 단순 읽기/쓰기는 Path 사용] : 11.5 점 🚨,
[동일 인자 type 통일] : 8.0 점 🚨 (답변 시작)", 협업 관점에서 보면 같은 의미의 인수에서 type 표기가 통일되지 않았어요. 보너스처럼 인수의 type을 한 방식으로 맞추면 호출하는 쪽도 덜 헷갈려요! 🎈  (답변 종료),1,146,102,44,5218270
372,4,10.06,"[조건문 중첩 대신 any, all 사용] : 97.2 점 👍,
[클래스 내부에서만 쓰이는 속성, 메서드 (접두사 있음) 호출 비 권장] : 83.8 점,
[함수 인수 type hint 필요] : 77.5 점,
[import 순서 준수] : 72.0 점,
[if-elif-elif-else 구문은 되도록 dict로 수정] : 24.8 점 🚨 (답변 시작)", 가독성에 집중해 보면 조건 분기가 길게 늘어진 곳이 있어요. 기분 좋게 값에 따른 선택이라면 dict 매핑으로 바꾸어 분기표를 단순하게 만들어 보세요. 🌿  (답변 종료),1,144,103,41,5218270
373,4,9.82,"[불필요한 변수 생성 대신 defaultdict 권장] : 99.5 점 👍,
[리스트 컴프리헨션 사용이 가능한 경우 사용] : 97.8 점 👍,
[미 사용 변수/함수 제거] : 96.0 점 👍,
[assertion을 제어 메커니즘으로 사용하면 안됨] : 92.6 점 👍,
[제너레이터 표현식 사용이 가능한 경우 사용] : 74.2 점 (답변 시작)", 한 발 물러서서 보면 한 번만 쓸 중간 목록이 만들어지고 있어요. 한 번만 순회한다면 제너레이터 표현식으로 메모리를 아껴 볼 만해요. 🎈  (답변 종료),1,140,100,40,5218270
374,4,11.78,"[문자열 단순 연결보다는 f-string 사용] : 93.5 점 👍,
[매우 간결한 변환은 map 사용] : 91.8 점 👍,
[함수의 인수를 변경 가능한 default value로 하지 않아야 함] : 47.6 점 🚨,
[README.md, pyproject.toml 필요] : 36.9 점 🚨,
[파일 단순 읽기/쓰기는 Path 사용] : 13.9 점 🚨 (답변 시작)", 한 발 물러서서 보면 간단한 파일 작업이 장황하게 처리되고 있어요. 🎈 작은 단계로 Path의 읽기와 쓰기 메서드를 쓰면 파일 작업이 짧고 단단해져요. 🌿  (답변 종료),1,155,107,48,5218270
375,4,11.09,"[문자열 단순 연결보다는 f-string 사용] : 96.4 점 👍,
[zip 사용 가능한 경우 사용] : 93.4 점 👍,
[유사한 변수명 통일] : 90.9 점 👍,
[기존 배열의 원소 추가 대신 extend 함수 사용] : 90.6 점 👍,
[경로를 path/to/file 이 아닌, pathlib 또는 os.path.join 사용] : 43.0 점 🚨 (답변 시작)", 파일의 흐름을 따라가 보니 파일 경로를 문자열로 이어 붙이고 있어요. 🌿 한 번에 pathlib이나 os.path.join으로 경로를 조립하면 운영체제가 달라도 안전해요. 🎈  (답변 종료),1,149,104,45,5218270
376,4,9.59,"[예외를 삼키는 경우가 없어야 함] : 97.9 점 👍,
[정규 표현식 문자열은 r""..."" 권장] : 96.9 점 👍,
[zip 사용 가능한 경우 사용] : 91.3 점 👍,
[str 단순 += 대신 join 사용] : 81.9 점,
[중복되는 사항 common 으로 빼기] : 60.8 점 (답변 시작)", 다음 커밋을 생각해 보면 같은 처리가 여러 곳에서 반복되고 있어요. 가능하다면 공통 동작을 한곳으로 모으면 수정할 때 놓칠 구석이 줄어요. 🔍  (답변 종료),1,129,90,39,5218270
377,4,11.3,"[지나치게 많은 들여쓰기 수정] : 99.0 점 👍,
[매우 간결한 변환은 map 사용] : 81.8 점,
[불필요한 print, logging 제거] : 70.8 점,
[비어 있는 문자열 여부 판단 간소화] : 51.0 점 🚨,
[동일 인자 type 통일] : 21.9 점 🚨 (답변 시작)", 코드의 표정을 읽어 보니 같은 의미의 인수에서 type 표기가 통일되지 않았어요. 보너스처럼 인수의 type을 한 방식으로 맞추면 호출하는 쪽도 덜 헷갈려요. 🍀  (답변 종료),1,133,87,46,5218270
378,4,10.33,"[지나치게 많은 들여쓰기 수정] : 97.4 점 👍,
[Python 예약어를 변수명으로 사용하지 않아야 함] : 90.7 점 👍,
[비어 있는 문자열 여부 판단 간소화] : 48.3 점 🚨,
[if-elif-elif-else 구문은 되도록 dict로 수정] : 24.4 점 🚨,
[기존 배열의 원소 추가 대신 extend 함수 사용] : 24.4 점 🚨 (답변 시작)", 한 발 물러서서 보면 목록 원소를 하나씩 추가하고 있어요. 🔍 한 번에 여러 값을 더할 때는 extend를 쓰면 의도가 정확히 전달돼요. 🌿  (답변 종료),1,150,108,42,5218270
379,4,9.87,"[assertion을 제어 메커니즘으로 사용하면 안됨] : 99.3 점 👍,
[함수명, 반환값 간 일치] : 90.6 점 👍,
[제너레이터 표현식 사용이 가능한 경우 사용] : 81.1 점,
[비어 있는 문자열 여부 판단 간소화] : 75.8 점,
[zip 사용 가능한 경우 사용] : 32.3 점 🚨 (답변 시작)", 작은 신호를 짚어 보니 두 목록을 인덱스로 따로 읽고 있어요. 💫 한 발 먼저 나란히 읽는 값들은 zip으로 묶어 주면 인덱스 실수를 막을 수 있어요.  (답변 종료),1,134,94,40,5218270
380,4,13.74,"[숫자 값은 위쪽에 상수로] : 97.0 점 👍,
[if-elif-elif-else 구문은 되도록 dict로 수정] : 93.0 점 👍,
[고정값 상수화 필요] : 74.9 점,
[문자열 단순 연결보다는 f-string 사용] : 32.0 점 🚨,
[빈도수, 반복문, 경로명 리스트 추출 시 collections, itertools, glob 사용] : 6.0 점 🚨 (답변 시작)", 한 발 물러서서 보면 표준 라이브러리로 줄일 수 있는 반복이 보여요. 🎈 가능한 범위에서 빈도에는 collections를 반복 조합에는 itertools를 경로 모으기에는 glob을 쓰면 표준 도구의 힘을 빌릴 수 있어요. 🙌  (답변 종료),1,168,112,56,5218270
381,4,10.32,"[숫자 값은 위쪽에 상수로] : 98.5 점 👍,
[고정값 상수화 필요] : 82.2 점,
[예외의 종류 (OOOError 등) 구체적 명시 권장] : 68.6 점,
[기존 배열의 원소 추가 대신 extend 함수 사용] : 63.4 점,
[100 line 이상 함수 분리, docstring 필요] : 12.6 점 🚨 (답변 시작)", 협업 관점에서 보면 하나의 함수가 너무 많은 일을 하고 있어요. 🌈 보너스처럼 책임별로 나누고 docstring을 붙이면 테스트와 수정이 한결 수월해져요.  (답변 종료),1,140,98,42,5218270
382,4,10.09,"[동일한 인수 집합을 갖는 함수가 많은 경우 클래스화 고려] : 95.3 점 👍,
[동일 인자 type 통일] : 90.6 점 👍,
[함수의 인자가 유동적인 경우 처리 권장] : 64.1 점,
[if-elif-elif-else 구문은 되도록 dict로 수정] : 35.4 점 🚨,
[개수 세기에 count 함수 사용] : 18.4 점 🚨 (답변 시작)", 한 발 물러서서 보면 값의 개수를 세려고 직접 순회하고 있어요. 이왕이면 단순한 횟수 확인은 count에 맡기면 코드가 짧고 분명해져요. 🌿  (답변 종료),1,147,106,41,5218270
383,4,10.14,"[조건문 중첩 대신 any, all 사용] : 97.2 점 👍,
[불필요한 print, logging 제거] : 95.5 점 👍,
[100 line 이상 함수 분리, docstring 필요] : 90.6 점 👍,
[파일 열기, 닫기 시 with open(...) 사용] : 90.3 점 👍,
[매우 간결한 변환은 map 사용] : 33.5 점 🚨 (답변 시작)", 가독성에 집중해 보면 아주 단순한 변환을 긴 반복문으로 풀고 있어요. 가능하다면 변환 규칙이 단순하면 map으로 핵심 연산을 또렷하게 표현할 수 있어요. 🙌  (답변 종료),1,141,100,41,5218270
384,4,10.29,"[유사한 이름의 함수끼리 가까이 위치하도록 수정 권장] : 99.3 점 👍,
[enumerate 사용 가능한 경우 사용] : 74.2 점,
[한 줄의 길이는 일정 글자 이내로] : 43.2 점 🚨,
[함수의 인수를 변경 가능한 default value로 하지 않아야 함] : 39.9 점 🚨,
[중복되는 사항 common 으로 빼기] : 35.0 점 🚨 (답변 시작)", 전체 흐름을 놓고 보면 같은 처리가 여러 곳에서 반복되고 있어요. 💫 한 발 먼저 공통 동작을 한곳으로 모으면 수정할 때 놓칠 구석이 줄어요. 🌿  (답변 종료),1,147,105,42,5218270
385,4,9.33,"[동일한 인수 집합을 갖는 함수가 많은 경우 클래스화 고려] : 98.5 점 👍,
[함수의 인수를 변경 가능한 default value로 하지 않아야 함] : 96.2 점 👍,
[빈 파일 TODO 표시 필요] : 66.0 점,
[리스트 컴프리헨션 사용이 가능한 경우 사용] : 44.2 점 🚨,
[기존 배열의 원소 추가 대신 extend 함수 사용] : 37.0 점 🚨 (답변 시작)", 한 발 물러서서 보면 목록 원소를 하나씩 추가하고 있어요. 의도를 적어 두듯 여러 값을 더할 때는 extend를 쓰면 의도가 정확히 전달돼요!  (답변 종료),1,147,109,38,5218270
386,4,12.75,"[f = lambda x: ... 보다는 def f(x): return ... 를 사용] : 96.2 점 👍,
[함수의 인자가 하나로 묶을 수 있는 경우 처리 권장] : 96.1 점 👍,
[key=itemgetter(""key"") 사용 권장] : 90.2 점 👍,
[고정값 상수화 필요] : 31.5 점 🚨,
[함수의 인수를 변경 가능한 default value로 하지 않아야 함] : 9.5 점 🚨 (답변 시작)", 전체 흐름을 놓고 보면 기본 인수에 리스트나 딕셔너리를 넣고 있어요. 🌿 한 번에 리스트나 딕셔너리는 None으로 두고 함수 안에서 만들면 호출 사이에 상태가 섞이지 않아요. 🎈  (답변 종료),1,166,114,52,5218270
387,4,9.85,"[함수의 인자가 하나로 묶을 수 있는 경우 처리 권장] : 97.7 점 👍,
[상태 값 조건이 있는 if-elif-elif-else 있는 경우 클래스화 고려] : 91.8 점 👍,
[함수 docstring, 함수명 의미 일치] : 90.5 점 👍,
[불필요한 변수 생성 대신 defaultdict 권장] : 69.2 점,
[인덱스 반환에 index 함수 사용] : 68.5 점 (답변 시작)", 다음 커밋을 생각해 보면 위치를 찾기 위해 직접 반복하고 있어요. 리뷰 메모를 따라 첫 위치가 필요할 때는 index를 쓰면 목적이 바로 보입니다. 🎈  (답변 종료),1,148,108,40,5218270
388,4,10.13,"[함수 docstring, 함수명 의미 일치] : 96.7 점 👍,
[동일한 인수 집합을 갖는 함수가 많은 경우 클래스화 고려] : 94.7 점 👍,
[미 사용 변수/함수 제거] : 62.1 점,
[100 line 이상 함수 분리, docstring 필요] : 22.9 점 🚨,
[지나치게 많은 들여쓰기 수정] : 18.8 점 🚨 (답변 시작)", 작은 신호를 짚어 보니 들여쓰기 단계가 깊어 흐름을 따라가기 어려워요. 보너스처럼 작은 함수로 쪼개거나 빠른 반환을 쓰면 조건의 미로가 얕아져요.  (답변 종료),1,143,102,41,5218270
389,4,10.8,"[예외를 삼키는 경우가 없어야 함] : 98.9 점 👍,
[100 line 이상 함수 분리, docstring 필요] : 97.6 점 👍,
[a = my_list[0], b = my_list[1] ... 대신 unpacking 사용 필요] : 94.4 점 👍,
[예외의 종류 (OOOError 등) 구체적 명시 권장] : 93.7 점 👍,
[파일 단순 읽기/쓰기는 Path 사용] : 84.4 점 (답변 시작)", 파일의 흐름을 따라가 보니 간단한 파일 작업이 장황하게 처리되고 있어요. 과감하게 Path의 읽기와 쓰기 메서드를 쓰면 파일 작업이 짧고 단단해져요. 🍀  (답변 종료),1,159,115,44,5218270
390,4,10.07,"[경로를 path/to/file 이 아닌, pathlib 또는 os.path.join 사용] : 94.0 점 👍,
[함수 docstring, 함수명 의미 일치] : 83.6 점,
[if a.get(""b"") ... 형태로 수정 필요] : 72.7 점,
[prefix, suffix 검사 시 startswith(), endswith() 사용] : 62.9 점,
[str 단순 += 대신 join 사용] : 60.6 점 (답변 시작)", 가독성에 집중해 보면 문자열을 반복해서 더하고 있어요. 가능한 범위에서 조각을 많이 합칠 때는 join으로 모으면 성능과 의도가 함께 좋아져요. 🐣  (답변 종료),1,144,103,41,5218270
391,4,9.11,"[미 사용 변수/함수 제거] : 94.8 점 👍,
[유사한 이름의 함수끼리 가까이 위치하도록 수정 권장] : 86.6 점,
[a = my_list[0], b = my_list[1] ... 대신 unpacking 사용 필요] : 23.8 점 🚨,
[고정값 상수화 필요] : 22.7 점 🚨,
[str 단순 += 대신 join 사용] : 2.4 점 🚨 (답변 시작)", 코드의 표정을 읽어 보니 문자열을 반복해서 더하고 있어요. 과감하게 조각을 많이 합칠 때는 join으로 모으면 성능과 의도가 함께 좋아져요!  (답변 종료),1,144,107,37,5218270
392,4,10.1,"[함수의 인자가 유동적인 경우 처리 권장] : 92.8 점 👍,
[enumerate 사용 가능한 경우 사용] : 90.8 점 👍,
[정규 표현식 문자열은 r""..."" 권장] : 90.6 점 👍,
[if a.get(""b"") ... 형태로 수정 필요] : 15.9 점 🚨,
[의미 있는 함수명, 변수명 사용] : 8.7 점 🚨 (답변 시작)", 한 발 물러서서 보면 역할을 짐작하기 어려운 함수나 변수 이름이 보여요. 한 번에 무엇을 하는지 드러나는 이름으로 바꾸면 설명서 없이도 코드가 읽혀요!  (답변 종료),1,147,106,41,5218270
393,4,10.33,"[함수 docstring, 함수명 의미 일치] : 98.1 점 👍,
[유사한 이름의 함수끼리 가까이 위치하도록 수정 권장] : 90.8 점 👍,
[비어 있는 문자열 여부 판단 간소화] : 83.5 점,
[유사한 변수명 통일] : 64.7 점,
[itertools.product 사용 가능한 경우 사용] : 18.9 점 🚨 (답변 시작)", 코드의 표정을 읽어 보니 조합을 만들려고 중첩 반복문을 쓰고 있어요. 💫 한 발 먼저 모든 조합이 필요할 때는 itertools.product로 의도를 또렷하게 드러내요!  (답변 종료),1,135,93,42,5218270
394,4,10.8,"[미 사용 변수/함수 제거] : 95.3 점 👍,
[함수 docstring, 함수명 의미 일치] : 74.4 점,
[유사한 이름의 함수끼리 가까이 위치하도록 수정 권장] : 67.6 점,
[중복되는 사항 common 으로 빼기] : 50.3 점 🚨,
[숫자 값은 위쪽에 상수로] : 13.4 점 🚨 (답변 시작)", 실행 경로를 훑어보니 로직 사이에 매직 넘버가 숨어 있어요. 🔍 한 발 먼저 매직 넘버를 파일 위쪽의 상수로 올리면 숫자가 왜 필요한지 바로 보여요. 🎈  (답변 종료),1,140,96,44,5218270
395,4,9.83,"[함수의 인자가 유동적인 경우 처리 권장] : 67.5 점,
[인덱스 반환에 index 함수 사용] : 39.2 점 🚨,
[지나치게 많은 들여쓰기 수정] : 38.7 점 🚨,
[zip 사용 가능한 경우 사용] : 32.3 점 🚨,
[숫자 값은 위쪽에 상수로] : 25.5 점 🚨 (답변 시작)", 코드의 표정을 읽어 보니 로직 사이에 매직 넘버가 숨어 있어요. 살짝 매직 넘버를 파일 위쪽의 상수로 올리면 숫자가 왜 필요한지 바로 보여요! 🎈  (답변 종료),1,136,96,40,5218270
396,4,9.84,"[지나치게 많은 들여쓰기 수정] : 94.1 점 👍,
[언패킹 시 숫자 인덱스 사용하지 말 것 (변수에 바로 할당)] : 92.2 점 👍,
[빈도수, 반복문, 경로명 리스트 추출 시 collections, itertools, glob 사용] : 74.6 점,
[유사한 변수명 통일] : 59.0 점 🚨,
[비어 있는 문자열 여부 판단 간소화] : 42.5 점 🚨 (답변 시작)", 작은 신호를 짚어 보니 빈 문자열 검사식이 불필요하게 길어요. 💫 한 발 먼저 파이썬다운 조건 검사로 바꾸면 조건식이 가볍게 읽혀요. 🌈  (답변 종료),1,149,109,40,5218270
397,4,12.81,"[key=itemgetter(""key"") 사용 권장] : 90.0 점 👍,
[주석 처리된 코드 제거] : 68.5 점,
[if-elif-elif-else 구문은 되도록 dict로 수정] : 68.4 점,
[조건문 중첩 대신 any, all 사용] : 2.9 점 🚨,
[상태 값 조건이 있는 if-elif-elif-else 있는 경우 클래스화 고려] : 1.8 점 🚨 (답변 시작)", 리뷰 돋보기를 대 보니 상태에 따라 갈라지는 조건문이 길게 이어져요. 필요한 곳부터 상태별 동작을 클래스로 나누면 새 상태를 더할 때 기존 조건문을 덜 건드려도 돼요. 🎈  (답변 종료),1,160,108,52,5218270
398,4,10.31,"[Python 예약어를 변수명으로 사용하지 않아야 함] : 92.3 점 👍,
[예외의 종류 (OOOError 등) 구체적 명시 권장] : 91.5 점 👍,
[매우 간결한 변환은 map 사용] : 87.2 점,
[언패킹 시 숫자 인덱스 사용하지 말 것 (변수에 바로 할당)] : 59.4 점 🚨,
[함수명, 반환값 간 일치] : 55.7 점 🚨 (답변 시작)", 한 발 물러서서 보면 함수 이름과 반환값의 약속이 어긋나는 곳이 있어요. 가볍게 반환하는 값을 이름에 맞추면 호출부에서 예상이 빗나가지 않아요!  (답변 종료),1,152,110,42,5218270
399,4,10.35,"[if a.get(""b"") ... 형태로 수정 필요] : 98.2 점 👍,
[유사한 변수명 통일] : 96.2 점 👍,
[언패킹 시 숫자 인덱스 사용하지 말 것 (변수에 바로 할당)] : 95.5 점 👍,
[상태 값 조건이 있는 if-elif-elif-else 있는 경우 클래스화 고려] : 68.8 점,
[함수 docstring, 함수명 의미 일치] : 22.8 점 🚨 (답변 시작)", 다시 살펴보니 docstring과 함수 동작이 서로 다르게 읽혀요. 가능하다면 docstring과 함수가 약속한 역할을 맞추면 다음 사람이 안심하고 호출할 수 있어요. 🎈  (답변 종료),1,157,115,42,5218270
400,5,10.48,"[주석 처리된 코드 제거] : 98.8 점 👍,
[import 순서 준수] : 76.1 점,
[enumerate 사용 가능한 경우 사용] : 75.6 점,
[불필요한 print, logging 제거] : 61.0 점,
[매우 간결한 변환은 map 사용] : 27.3 점 🚨 (답변 시작)", 코드의 표정을 읽어 보니 아주 단순한 변환을 긴 반복문으로 풀고 있어요. 작은 정성으로 변환 규칙이 단순하면 map으로 핵심 연산을 또렷하게 표현할 수 있어요.  (답변 종료),1,122,81,41,5218270
401,5,11.87,"[상태 값 조건이 있는 if-elif-elif-else 있는 경우 클래스화 고려] : 93.4 점 👍,
[파일 열기, 닫기 시 with open(...) 사용] : 92.7 점 👍,
[유사한 변수명 통일] : 90.7 점 👍,
[매우 간결한 변환은 map 사용] : 34.8 점 🚨,
[README.md, pyproject.toml 필요] : 31.6 점 🚨 (답변 시작)", 가독성에 집중해 보면 시작 방법을 알려 줄 README.md와 pyproject.toml이 필요해 보여요! 🔍 가능한 범위에서 설치 방법과 실행 환경을 적어 두면 처음 온 사람도 바로 출발할 수 있어요.  (답변 종료),1,158,108,50,5218270
402,5,11.09,"[의미 있는 함수명, 변수명 사용] : 98.9 점 👍,
[prefix, suffix 검사 시 startswith(), endswith() 사용] : 97.2 점 👍,
[if-elif-elif-else 구문은 되도록 dict로 수정] : 72.2 점,
[미 사용 변수/함수 제거] : 31.2 점 🚨,
[동일한 인수 집합을 갖는 함수가 많은 경우 클래스화 고려] : 23.2 점 🚨 (답변 시작)", 팀원이 처음 본다고 생각하면 같은 설정을 계속 받는 함수가 여러 개예요. 😉 한 번에 공통 상태를 가진 객체로 묶으면 인자 전달이 가벼워지고 역할도 선명해져요! 📌  (답변 종료),1,159,112,47,5218270
403,5,8.86,"[문자열 단순 연결보다는 f-string 사용] : 97.4 점 👍,
[함수의 인자가 유동적인 경우 처리 권장] : 83.8 점,
[유사한 이름의 함수끼리 가까이 위치하도록 수정 권장] : 68.4 점,
[매우 간결한 변환은 map 사용] : 68.1 점,
[enumerate 사용 가능한 경우 사용] : 36.0 점 🚨 (답변 시작)", 작은 개선을 찾다 보니 반복문에서 번호를 직접 관리하고 있어요! 과감하게 순서와 값을 함께 쓸 때는 enumerate가 더 자연스럽고 안전해요!  (답변 종료),1,132,96,36,5218270
404,5,8.54,"[itertools.product 사용 가능한 경우 사용] : 92.3 점 👍,
[README.md, pyproject.toml 필요] : 90.9 점 👍,
[함수 인수 type hint 필요] : 90.4 점 👍,
[중복되는 사항 common 으로 빼기] : 88.9 점,
[str 단순 += 대신 join 사용] : 87.7 점 (답변 시작)", 한 번 더 확인해 보니 문자열을 반복해서 더하고 있어요. 과감하게 조각을 많이 합칠 때는 join으로 모으면 성능과 의도가 함께 좋아져요!  (답변 종료),1,123,87,36,5218270
405,5,10.66,"[함수의 인자가 하나로 묶을 수 있는 경우 처리 권장] : 97.8 점 👍,
[동일한 인수 집합을 갖는 함수가 많은 경우 클래스화 고려] : 93.5 점 👍,
[if a.get(""b"") ... 형태로 수정 필요] : 40.9 점 🚨,
[import 순서 준수] : 12.0 점 🚨,
[함수 docstring, 함수명 의미 일치] : 1.5 점 🚨 (답변 시작)", 가독성에 집중해 보면 docstring과 함수 동작이 서로 다르게 읽혀요! 다음 변경 전에 docstring과 함수가 약속한 역할을 맞추면 다음 사람이 안심하고 호출할 수 있어요!  (답변 종료),1,156,111,45,5218270
406,5,9.23,"[개수 세기에 count 함수 사용] : 99.5 점 👍,
[지나치게 많은 들여쓰기 수정] : 96.8 점 👍,
[enumerate 사용 가능한 경우 사용] : 90.8 점 👍,
[파일 단순 읽기/쓰기는 Path 사용] : 89.7 점,
[의미 있는 함수명, 변수명 사용] : 79.9 점 (답변 시작)", 코드의 맥락을 보면 역할을 짐작하기 어려운 함수나 변수 이름이 보여요. 가볍게 무엇을 하는지 드러나는 이름으로 바꾸면 설명서 없이도 코드가 읽혀요!  (답변 종료),1,131,92,39,5218270
407,5,8.97,"[enumerate 사용 가능한 경우 사용] : 92.8 점 👍,
[파일 단순 읽기/쓰기는 Path 사용] : 92.2 점 👍,
[리스트 컴프리헨션 사용이 가능한 경우 사용] : 91.2 점 👍,
[매우 간결한 변환은 map 사용] : 79.5 점,
[if-elif-elif-else 구문은 되도록 dict로 수정] : 66.8 점 (답변 시작)", 작은 개선을 찾다 보니 조건 분기가 길게 늘어진 곳이 있어요. 과감하게 값에 따른 선택이라면 dict 매핑으로 바꾸어 분기표를 단순하게 만들어 보세요.  (답변 종료),1,138,100,38,5218270
408,5,11.08,"[조건문 중첩 대신 any, all 사용] : 51.0 점 🚨,
[함수의 인수를 변경 가능한 default value로 하지 않아야 함] : 46.7 점 🚨,
[불필요한 print, logging 제거] : 44.5 점 🚨,
[빈도수, 반복문, 경로명 리스트 추출 시 collections, itertools, glob 사용] : 32.0 점 🚨,
[고정값 상수화 필요] : 17.4 점 🚨 (답변 시작)", 가독성에 집중해 보면 같은 고정값이 여러 곳에 흩어져 있어요! 손이 닿는 자리부터 의미 있는 상수 이름으로 꺼내 두면 정책을 바꿀 때 한 번에 손볼 수 있어요! 🌈  (답변 종료),1,161,114,47,5218270
409,5,10.16,"[한 줄의 길이는 일정 글자 이내로] : 99.0 점 👍,
[prefix, suffix 검사 시 startswith(), endswith() 사용] : 69.0 점,
[클래스 내부에서만 쓰이는 속성, 메서드 (접두사 있음) 호출 비 권장] : 48.9 점 🚨,
[함수의 인자가 하나로 묶을 수 있는 경우 처리 권장] : 35.9 점 🚨,
[함수의 인자가 유동적인 경우 처리 권장] : 16.8 점 🚨 (답변 시작)", 가독성에 집중해 보면 개수가 바뀔 수 있는 인수를 고정해 두고 있어요. 기분 좋게 가변 인수는 *args나 **kwargs를 알맞게 쓰면 확장에 더 유연해져요!  (답변 종료),1,166,123,43,5218270
410,5,10.91,"[파일 열기, 닫기 시 with open(...) 사용] : 98.7 점 👍,
[prefix, suffix 검사 시 startswith(), endswith() 사용] : 96.4 점 👍,
[제너레이터 표현식 사용이 가능한 경우 사용] : 93.2 점 👍,
[인덱스 반환에 index 함수 사용] : 92.5 점 👍,
[f = lambda x: ... 보다는 def f(x): return ... 를 사용] : 70.7 점 (답변 시작)", 가독성에 집중해 보면 이름이 필요한 동작이 lambda에 숨어 있어요! 테스트를 떠올리며 재사용하거나 설명이 필요한 로직은 def로 꺼내면 디버깅과 테스트가 편해져요! 🍀  (답변 종료),1,155,109,46,5218270
411,5,8.74,"[함수 인수 type hint 필요] : 97.5 점 👍,
[동일 인자 type 통일] : 87.6 점,
[f = lambda x: ... 보다는 def f(x): return ... 를 사용] : 81.1 점,
[의미 있는 함수명, 변수명 사용] : 64.7 점,
[한 줄의 길이는 일정 글자 이내로] : 44.4 점 🚨 (답변 시작)", 작은 개선을 찾다 보니 한 줄이 너무 길게 이어지는 곳이 있어요. 큰 부담 없이 줄을 적당히 나누면 작은 화면에서도 흐름을 놓치지 않아요!  (답변 종료),1,133,96,37,5218270
412,5,8.99,"[고정값 상수화 필요] : 99.5 점 👍,
[import 순서 준수] : 97.9 점 👍,
[리스트 컴프리헨션 사용이 가능한 경우 사용] : 96.2 점 👍,
[매우 간결한 변환은 map 사용] : 91.8 점 👍,
[예외의 종류 (OOOError 등) 구체적 명시 권장] : 65.6 점 (답변 시작)", 가독성에 집중해 보면 너무 넓은 예외를 잡고 있어요. 필요한 곳부터 예상한 OOOError처럼 구체적인 예외만 잡으면 버그가 숨어버리지 않아요. 🌈  (답변 종료),1,133,95,38,5218270
413,5,9.68,"[제너레이터 표현식 사용이 가능한 경우 사용] : 91.9 점 👍,
[함수명, 반환값 간 일치] : 90.7 점 👍,
[enumerate 사용 가능한 경우 사용] : 51.7 점 🚨,
[if a.get(""b"") ... 형태로 수정 필요] : 44.4 점 🚨,
[유사한 변수명 통일] : 24.4 점 🚨 (답변 시작)", 리팩터링 관점에서는 비슷한 역할의 변수 이름이 제각각이에요. 미래의 나를 위해 같은 개념에는 같은 이름 규칙을 쓰면 읽는 속도가 훨씬 빨라져요!  (답변 종료),1,143,102,41,5218270
414,5,10.15,"[a = my_list[0], b = my_list[1] ... 대신 unpacking 사용 필요] : 77.1 점,
[함수의 인자가 하나로 묶을 수 있는 경우 처리 권장] : 75.8 점,
[if-elif-elif-else 구문은 되도록 dict로 수정] : 66.8 점,
[zip 사용 가능한 경우 사용] : 66.1 점,
[파일 열기, 닫기 시 with open(...) 사용] : 63.0 점 (답변 시작)", 실행 경로를 훑어보니 파일을 열고 닫는 일을 직접 관리하고 있어요. 조금만 시간을 내서 with with... 닫을 쓰면 예외가 나도 파일이 안전하게 닫혀요. 😺  (답변 종료),1,153,110,43,5218270
415,5,10.41,"[if a.get(""b"") ... 형태로 수정 필요] : 73.1 점,
[함수 인수 type hint 필요] : 53.3 점 🚨,
[중복되는 사항 common 으로 빼기] : 24.8 점 🚨,
[if-elif-elif-else 구문은 되도록 dict로 수정] : 10.5 점 🚨,
[함수명, 반환값 간 일치] : 5.1 점 🚨 (답변 시작)", 개발자 입장에서 보면 함수 이름과 반환값의 약속이 어긋나는 곳이 있어요. 기록을 남기듯 반환하는 값을 이름에 맞추면 호출부에서 예상이 빗나가지 않아요!  (답변 종료),1,149,105,44,5218270
416,5,10.19,"[클래스 내부에서만 쓰이는 속성, 메서드 (접두사 있음) 호출 비 권장] : 88.2 점,
[인덱스 반환에 index 함수 사용] : 80.9 점,
[중복되는 사항 common 으로 빼기] : 19.3 점 🚨,
[불필요한 print, logging 제거] : 7.3 점 🚨,
[함수명, 반환값 간 일치] : 7.1 점 🚨 (답변 시작)", 작은 개선을 찾다 보니 함수 이름과 반환값의 약속이 어긋나는 곳이 있어요. 꼼꼼하게 반환하는 값을 이름에 맞추면 호출부에서 예상이 빗나가지 않아요!  (답변 종료),1,146,103,43,5218270
417,5,11.76,"[함수 인수 type hint 필요] : 98.6 점 👍,
[100 line 이상 함수 분리, docstring 필요] : 96.2 점 👍,
[import 순서 준수] : 40.6 점 🚨,
[a = my_list[0], b = my_list[1] ... 대신 unpacking 사용 필요] : 27.6 점 🚨,
[if a.get(""b"") ... 형태로 수정 필요] : 13.9 점 🚨 (답변 시작)"," 한 발 물러서서 보면 딕셔너리 키를 꺼내는 과정이 장황해요. 다음 커밋에서 a.get(""b"")처럼 안전하게 꺼내면 누락된 키에서도 흐름이 부드러워요! 🌈  (답변 종료)",1,161,111,50,5218270
418,5,10.63,"[주석 처리된 코드 제거] : 97.6 점 👍,
[예외를 삼키는 경우가 없어야 함] : 97.2 점 👍,
[기존 배열의 원소 추가 대신 extend 함수 사용] : 93.8 점 👍,
[a = my_list[0], b = my_list[1] ... 대신 unpacking 사용 필요] : 77.4 점,
[동일한 인수 집합을 갖는 함수가 많은 경우 클래스화 고려] : 64.4 점 (답변 시작)", 실행 경로를 훑어보니 같은 설정을 계속 받는 함수가 여러 개예요. 😺 한 번에 공통 상태를 가진 객체로 묶으면 인자 전달이 가벼워지고 역할도 선명해져요!  (답변 종료),1,154,109,45,5218270
419,5,9.68,"[매우 간결한 변환은 map 사용] : 98.4 점 👍,
[지나치게 많은 들여쓰기 수정] : 96.1 점 👍,
[함수의 인자가 유동적인 경우 처리 권장] : 91.1 점 👍,
[파일 열기, 닫기 시 with open(...) 사용] : 57.8 점 🚨,
[itertools.product 사용 가능한 경우 사용] : 5.5 점 🚨 (답변 시작)", 작은 개선을 찾다 보니 조합을 만들려고 중첩 반복문을 쓰고 있어요. 과감하게 모든 조합이 필요할 때는 itertools.product로 의도를 또렷하게 드러내요! 📌  (답변 종료),1,140,99,41,5218270
420,5,9.67,"[중복되는 사항 common 으로 빼기] : 95.5 점 👍,
[제너레이터 표현식 사용이 가능한 경우 사용] : 90.8 점 👍,
[인덱스 반환에 index 함수 사용] : 74.5 점,
[매우 간결한 변환은 map 사용] : 48.1 점 🚨,
[itertools.product 사용 가능한 경우 사용] : 34.6 점 🚨 (답변 시작)", 작은 개선을 찾다 보니 조합을 만들려고 중첩 반복문을 쓰고 있어요. 과감하게 모든 조합이 필요할 때는 itertools.product로 의도를 또렷하게 드러내요! 📌  (답변 종료),1,135,94,41,5218270
421,5,9.66,"[인덱스 반환에 index 함수 사용] : 92.8 점 👍,
[비어 있는 문자열 여부 판단 간소화] : 84.5 점,
[문자열 단순 연결보다는 f-string 사용] : 71.7 점,
[기존 배열의 원소 추가 대신 extend 함수 사용] : 43.5 점 🚨,
[의미 있는 함수명, 변수명 사용] : 24.7 점 🚨 (답변 시작)", 가독성에 집중해 보면 역할을 짐작하기 어려운 함수나 변수 이름이 보여요. 작은 정성으로 무엇을 하는지 드러나는 이름으로 바꾸면 설명서 없이도 코드가 읽혀요.  (답변 종료),1,138,97,41,5218270
422,5,11.36,"[prefix, suffix 검사 시 startswith(), endswith() 사용] : 94.4 점 👍,
[동일 인자 type 통일] : 91.8 점 👍,
[불필요한 print, logging 제거] : 91.2 점 👍,
[key=itemgetter(""key"") 사용 권장] : 91.0 점 👍,
[f = lambda x: ... 보다는 def f(x): return ... 를 사용] : 61.8 점 (답변 시작)", 작은 신호를 짚어 보니 이름이 필요한 동작이 lambda에 숨어 있어요! 손이 닿는 자리부터 재사용하거나 설명이 필요한 로직은 def로 꺼내면 디버깅과 테스트가 편해져요. 🍀  (답변 종료),1,150,102,48,5218270
423,5,10.42,"[함수명, 반환값 간 일치] : 92.8 점 👍,
[README.md, pyproject.toml 필요] : 86.7 점,
[경로를 path/to/file 이 아닌, pathlib 또는 os.path.join 사용] : 77.2 점,
[함수 인수 type hint 필요] : 68.1 점,
[파일 열기, 닫기 시 with open(...) 사용] : 5.4 점 🚨 (답변 시작)", 가독성에 집중해 보면 파일을 열고 닫는 일을 직접 관리하고 있어요. 🌈 조금만 시간을 내서 with out(...)으로 감싸면 예외가 나도 파일이 안전하게 닫혀요.  (답변 종료),1,143,99,44,5218270
424,5,10.64,"[assertion을 제어 메커니즘으로 사용하면 안됨] : 98.2 점 👍,
[빈도수, 반복문, 경로명 리스트 추출 시 collections, itertools, glob 사용] : 93.5 점 👍,
[중복되는 사항 common 으로 빼기] : 92.3 점 👍,
[인덱스 반환에 index 함수 사용] : 91.0 점 👍,
[함수 인수 type hint 필요] : 67.7 점 (답변 시작)", 조금 거리를 두고 읽어 보면 함수 인수의 type hint가 비어 있어요. 📌 작은 단계로 인수에 type hint를 달아 두면 들어오는 데이터가 무엇인지 바로 알 수 있어요! 📌  (답변 종료),1,147,102,45,5218270
425,5,10.39,"[함수명, 반환값 간 일치] : 100.0 점 👍,
[클래스 내부에서만 쓰이는 속성, 메서드 (접두사 있음) 호출 비 권장] : 78.1 점,
[함수의 인자가 유동적인 경우 처리 권장] : 61.2 점,
[매우 간결한 변환은 map 사용] : 42.3 점 🚨,
[고정값 상수화 필요] : 24.6 점 🚨 (답변 시작)", 작은 개선을 찾다 보니 같은 고정값이 여러 곳에 흩어져 있어요! 꼼꼼하게 의미 있는 상수 이름으로 꺼내 두면 정책을 바꿀 때 한 번에 손볼 수 있어요. 🌈  (답변 종료),1,148,104,44,5218270
426,5,8.5,"[예외를 삼키는 경우가 없어야 함] : 73.0 점,
[a = my_list[0], b = my_list[1] ... 대신 unpacking 사용 필요] : 72.6 점,
[if-elif-elif-else 구문은 되도록 dict로 수정] : 67.7 점,
[매우 간결한 변환은 map 사용] : 50.2 점 🚨,
[미 사용 변수/함수 제거] : 49.0 점 🚨 (답변 시작)", 한 번 더 확인해 보니 쓰이지 않는 변수나 함수가 남아 있네요. 기분 좋게 참조되지 않는 선언을 걷어 내면 핵심 로직만 또렷하게 남아요!  (답변 종료),1,145,109,36,5218270
427,5,8.51,"[매우 간결한 변환은 map 사용] : 97.3 점 👍,
[조건문 중첩 대신 any, all 사용] : 92.2 점 👍,
[유사한 변수명 통일] : 91.5 점 👍,
[기존 배열의 원소 추가 대신 extend 함수 사용] : 67.2 점,
[한 줄의 길이는 일정 글자 이내로] : 6.5 점 🚨 (답변 시작)", 가독성에 집중해 보면 한 줄이 너무 길게 이어지는 곳이 있어요. 가능한 범위에서 줄을 적당히 나누면 작은 화면에서도 흐름을 놓치지 않아요!  (답변 종료),1,133,97,36,5218270
428,5,10.84,"[assertion을 제어 메커니즘으로 사용하면 안됨] : 92.8 점 👍,
[동일한 인수 집합을 갖는 함수가 많은 경우 클래스화 고려] : 79.6 점,
[함수 docstring, 함수명 의미 일치] : 77.1 점,
[클래스 내부에서만 쓰이는 속성, 메서드 (접두사 있음) 호출 비 권장] : 72.9 점,
[파일 단순 읽기/쓰기는 Path 사용] : 4.2 점 🚨 (답변 시작)", 가독성에 집중해 보면 간단한 파일 작업이 장황하게 처리되고 있어요. 🌈 다음 커밋에서 Path의 읽기와 쓰기 메서드를 쓰면 파일 작업이 짧고 단단해져요!  (답변 종료),1,157,111,46,5218270
429,5,10.15,"[동일 인자 type 통일] : 97.2 점 👍,
[함수의 인자가 유동적인 경우 처리 권장] : 92.7 점 👍,
[제너레이터 표현식 사용이 가능한 경우 사용] : 75.9 점,
[언패킹 시 숫자 인덱스 사용하지 말 것 (변수에 바로 할당)] : 65.8 점,
[함수명, 반환값 간 일치] : 63.1 점 (답변 시작)", 코드의 표정을 읽어 보니 함수 이름과 반환값의 약속이 어긋나는 곳이 있어요. 우선 반환하는 값을 이름에 맞추면 호출부에서 예상이 빗나가지 않아요.  (답변 종료),1,141,98,43,5218270
430,5,10.39,"[상태 값 조건이 있는 if-elif-elif-else 있는 경우 클래스화 고려] : 98.1 점 👍,
[불필요한 변수 생성 대신 defaultdict 권장] : 96.6 점 👍,
[import 순서 준수] : 93.5 점 👍,
[예외의 종류 (OOOError 등) 구체적 명시 권장] : 93.3 점 👍,
[함수의 인자가 하나로 묶을 수 있는 경우 처리 권장] : 44.4 점 🚨 (답변 시작)", 가독성에 집중해 보면 함께 움직이는 인수가 따로따로 전달되고 있어요! 🌈 기분 좋게 함께 쓰는 값을 객체나 dataclass로 묶으면 호출부가 훨씬 덜 복잡해져요!  (답변 종료),1,158,114,44,5218270
431,5,11.08,"[enumerate 사용 가능한 경우 사용] : 95.6 점 👍,
[함수 docstring, 함수명 의미 일치] : 93.4 점 👍,
[f = lambda x: ... 보다는 def f(x): return ... 를 사용] : 85.3 점,
[중복되는 사항 common 으로 빼기] : 54.7 점 🚨,
[고정값 상수화 필요] : 46.6 점 🚨 (답변 시작)", 가독성에 집중해 보면 같은 고정값이 여러 곳에 흩어져 있어요. 🌈 기분 좋게 의미 있는 상수 이름으로 꺼내 두면 정책을 바꿀 때 한 번에 손볼 수 있어요. 🌈  (답변 종료),1,147,100,47,5218270
432,5,10.21,"[정규 표현식 문자열은 r""..."" 권장] : 98.7 점 👍,
[동일한 인수 집합을 갖는 함수가 많은 경우 클래스화 고려] : 91.2 점 👍,
[동일 인자 type 통일] : 69.9 점,
[Python 예약어를 변수명으로 사용하지 않아야 함] : 68.1 점,
[의미 있는 함수명, 변수명 사용] : 6.8 점 🚨 (답변 시작)", 가독성에 집중해 보면 역할을 짐작하기 어려운 함수나 변수 이름이 보여요. 기분 좋게 무엇을 하는지 드러나는 이름으로 바꾸면 설명서 없이도 코드가 읽혀요! 📌  (답변 종료),1,144,101,43,5218270
433,5,10.17,"[itertools.product 사용 가능한 경우 사용] : 85.4 점,
[파일 단순 읽기/쓰기는 Path 사용] : 82.8 점,
[유사한 변수명 통일] : 80.2 점,
[예외의 종류 (OOOError 등) 구체적 명시 권장] : 69.6 점,
[동일한 인수 집합을 갖는 함수가 많은 경우 클래스화 고려] : 64.8 점 (답변 시작)", 가독성에 집중해 보면 같은 설정을 계속 받는 함수가 여러 개예요. 한 번에 공통 상태를 가진 객체로 묶으면 인자 전달이 가벼워지고 역할도 선명해져요!  (답변 종료),1,137,94,43,5218270
434,5,10.14,"[assertion을 제어 메커니즘으로 사용하면 안됨] : 99.0 점 👍,
[주석 처리된 코드 제거] : 93.0 점 👍,
[함수명, 반환값 간 일치] : 91.4 점 👍,
[zip 사용 가능한 경우 사용] : 88.2 점,
[제너레이터 표현식 사용이 가능한 경우 사용] : 74.7 점 (답변 시작)", 작은 개선을 찾다 보니 한 번만 쓸 중간 목록이 만들어지고 있어요. 보너스처럼 한 번만 순회한다면 제너레이터 표현식으로 메모리를 아껴 볼 만해요. 🌿  (답변 종료),1,134,91,43,5218270
435,5,8.98,"[zip 사용 가능한 경우 사용] : 86.1 점,
[한 줄의 길이는 일정 글자 이내로] : 83.5 점,
[언패킹 시 숫자 인덱스 사용하지 말 것 (변수에 바로 할당)] : 67.9 점,
[주석 처리된 코드 제거] : 17.7 점 🚨,
[중복되는 사항 common 으로 빼기] : 0.6 점 🚨 (답변 시작)", 코드의 맥락을 보면 같은 처리가 여러 곳에서 반복되고 있어요. 차분하게 공통 동작을 한곳으로 모으면 수정할 때 놓칠 구석이 줄어요. 🔍  (답변 종료),1,133,95,38,5218270
436,5,11.8,"[한 줄의 길이는 일정 글자 이내로] : 91.8 점 👍,
[상태 값 조건이 있는 if-elif-elif-else 있는 경우 클래스화 고려] : 91.7 점 👍,
[파일 단순 읽기/쓰기는 Path 사용] : 90.2 점 👍,
[제너레이터 표현식 사용이 가능한 경우 사용] : 7.6 점 🚨,
[key=itemgetter(""key"") 사용 권장] : 4.6 점 🚨 (답변 시작)"," 가독성에 집중해 보면 정렬 키를 lambda로 길게 꺼내고 있어요. 다음 커밋에서 딕셔너리 키로 정렬할 때는 itemgetter(""key"")가 더 간결하게 뜻을 전해요! 📌  (답변 종료)",1,163,113,50,5218270
437,5,9.97,"[클래스 내부에서만 쓰이는 속성, 메서드 (접두사 있음) 호출 비 권장] : 93.9 점 👍,
[enumerate 사용 가능한 경우 사용] : 86.9 점,
[주석 처리된 코드 제거] : 72.3 점,
[상태 값 조건이 있는 if-elif-elif-else 있는 경우 클래스화 고려] : 30.9 점 🚨,
[중복되는 사항 common 으로 빼기] : 5.2 점 🚨 (답변 시작)", 가독성에 집중해 보면 같은 처리가 여러 곳에서 반복되고 있어요. ✨ 개발자 마음으로 공통 동작을 한곳으로 모으면 수정할 때 놓칠 구석이 줄어요! 🔍  (답변 종료),1,152,110,42,5218270
438,5,11.77,"[상태 값 조건이 있는 if-elif-elif-else 있는 경우 클래스화 고려] : 98.8 점 👍,
[주석 처리된 코드 제거] : 92.3 점 👍,
[빈 파일 TODO 표시 필요] : 91.7 점 👍,
[예외를 삼키는 경우가 없어야 함] : 24.3 점 🚨,
[key=itemgetter(""key"") 사용 권장] : 11.6 점 🚨 (답변 시작)"," 가독성에 집중해 보면 정렬 키를 lambda로 길게 꺼내고 있어요. 다음 변경 전에 딕셔너리 키로 정렬할 때는 itemgetter(""key"")가 더 간결하게 뜻을 전해요. 🌿  (답변 종료)",1,154,104,50,5218270
439,5,11.54,"[prefix, suffix 검사 시 startswith(), endswith() 사용] : 99.0 점 👍,
[if a.get(""b"") ... 형태로 수정 필요] : 98.8 점 👍,
[비어 있는 문자열 여부 판단 간소화] : 92.8 점 👍,
[예외의 종류 (OOOError 등) 구체적 명시 권장] : 61.4 점,
[함수 docstring, 함수명 의미 일치] : 28.2 점 🚨 (답변 시작)", 가독성에 집중해 보면 docstring과 함수 동작이 서로 다르게 읽혀요. 다음 변경 전에 docstring과 함수가 약속한 역할을 맞추면 다음 사람이 안심하고 호출할 수 있어요! 🌈  (답변 종료),1,157,109,48,5218270
440,5,9.92,"[한 줄의 길이는 일정 글자 이내로] : 94.5 점 👍,
[주석 처리된 코드 제거] : 90.2 점 👍,
[예외의 종류 (OOOError 등) 구체적 명시 권장] : 71.1 점,
[100 line 이상 함수 분리, docstring 필요] : 45.0 점 🚨,
[숫자 값은 위쪽에 상수로] : 35.9 점 🚨 (답변 시작)", 실행 경로를 훑어보니 로직 사이에 매직 넘버가 숨어 있어요. 🔍 차분하게 매직 넘버를 파일 위쪽의 상수로 올리면 숫자가 왜 필요한지 바로 보여요. 🌈  (답변 종료),1,144,102,42,5218270
441,5,10.13,"[README.md, pyproject.toml 필요] : 94.8 점 👍,
[숫자 값은 위쪽에 상수로] : 91.3 점 👍,
[지나치게 많은 들여쓰기 수정] : 91.1 점 👍,
[상태 값 조건이 있는 if-elif-elif-else 있는 경우 클래스화 고려] : 86.2 점,
[itertools.product 사용 가능한 경우 사용] : 4.5 점 🚨 (답변 시작)", 코드의 결을 살펴보면 조합을 만들려고 중첩 반복문을 쓰고 있어요. 한 번에 모든 조합이 필요할 때는 itertools.product로 의도를 또렷하게 드러내요! 🔍  (답변 종료),1,146,104,42,5218270
442,5,9.6,"[함수명, 반환값 간 일치] : 99.7 점 👍,
[지나치게 많은 들여쓰기 수정] : 88.5 점,
[동일 인자 type 통일] : 83.6 점,
[숫자 값은 위쪽에 상수로] : 66.2 점,
[zip 사용 가능한 경우 사용] : 0.1 점 🚨 (답변 시작)", 작은 개선을 찾다 보니 두 목록을 인덱스로 따로 읽고 있어요. 필요한 곳부터 나란히 읽는 값들은 zip으로 묶어 주면 인덱스 실수를 막을 수 있어요.  (답변 종료),1,124,85,39,5218270
443,5,9.11,"[정규 표현식 문자열은 r""..."" 권장] : 99.1 점 👍,
[숫자 값은 위쪽에 상수로] : 94.4 점 👍,
[동일 인자 type 통일] : 91.0 점 👍,
[예외의 종류 (OOOError 등) 구체적 명시 권장] : 79.8 점,
[인덱스 반환에 index 함수 사용] : 74.5 점 (답변 시작)", 조금 거리를 두고 읽어 보면 위치를 찾기 위해 직접 반복하고 있어요! 우선 첫 위치가 필요할 때는 index를 쓰면 목적이 바로 보입니다. 🧩  (답변 종료),1,132,95,37,5218270
444,5,10.08,"[클래스 내부에서만 쓰이는 속성, 메서드 (접두사 있음) 호출 비 권장] : 99.6 점 👍,
[f = lambda x: ... 보다는 def f(x): return ... 를 사용] : 97.7 점 👍,
[고정값 상수화 필요] : 90.0 점 👍,
[인덱스 반환에 index 함수 사용] : 65.9 점,
[import 순서 준수] : 62.9 점 (답변 시작)", 작은 개선을 찾다 보니 import 배치가 섞여 있어요! 손이 닿는 자리부터 표준 라이브러리와 외부 패키지와 내부 모듈을 차례로 정리하면 시작 화면이 말끔해져요.  (답변 종료),1,144,103,41,5218270
445,5,10.6,"[유사한 이름의 함수끼리 가까이 위치하도록 수정 권장] : 91.6 점 👍,
[import 순서 준수] : 81.3 점,
[경로를 path/to/file 이 아닌, pathlib 또는 os.path.join 사용] : 46.7 점 🚨,
[고정값 상수화 필요] : 21.4 점 🚨,
[지나치게 많은 들여쓰기 수정] : 1.2 점 🚨 (답변 시작)", 코드의 맥락을 보면 들여쓰기 단계가 깊어 흐름을 따라가기 어려워요. 📌 천천히 작은 함수로 쪼개거나 빠른 반환을 쓰면 조건의 미로가 얕아져요.  (답변 종료),1,143,100,43,5218270
446,5,10.14,"[주석 처리된 코드 제거] : 97.3 점 👍,
[함수의 인자가 하나로 묶을 수 있는 경우 처리 권장] : 89.2 점,
[불필요한 변수 생성 대신 defaultdict 권장] : 67.0 점,
[예외의 종류 (OOOError 등) 구체적 명시 권장] : 62.7 점,
[한 줄의 길이는 일정 글자 이내로] : 38.6 점 🚨 (답변 시작)", 작은 신호를 짚어 보니 한 줄이 너무 길게 이어지는 곳이 있어요. 💡 개발자 마음으로 줄을 적당히 나누면 작은 화면에서도 흐름을 놓치지 않아요. 🌈  (답변 종료),1,142,101,41,5218270
447,5,9.62,"[상태 값 조건이 있는 if-elif-elif-else 있는 경우 클래스화 고려] : 90.0 점 👍,
[인덱스 반환에 index 함수 사용] : 75.5 점,
[a = my_list[0], b = my_list[1] ... 대신 unpacking 사용 필요] : 52.1 점 🚨,
[함수의 인자가 유동적인 경우 처리 권장] : 20.4 점 🚨,
[조건문 중첩 대신 any, all 사용] : 18.8 점 🚨 (답변 시작)", 한 번 더 확인해 보니 조건문이 여러 겹으로 겹쳐 있어요. 부드럽게 여러 조건의 존재 여부는 any나 all에 맡기면 뜻이 훨씬 또렷해져요.  (답변 종료),1,160,121,39,5218270
448,5,10.57,"[한 줄의 길이는 일정 글자 이내로] : 98.3 점 👍,
[제너레이터 표현식 사용이 가능한 경우 사용] : 86.9 점,
[클래스 내부에서만 쓰이는 속성, 메서드 (접두사 있음) 호출 비 권장] : 81.1 점,
[개수 세기에 count 함수 사용] : 71.4 점,
[유사한 이름의 함수끼리 가까이 위치하도록 수정 권장] : 67.9 점 (답변 시작)", 코드의 표정을 읽어 보니 비슷한 이름의 함수가 파일 곳곳에 흩어져 있어요. 한 줄씩 비슷한 역할의 함수를 가까이 두면 탐색 시간이 줄고 파일 구조가 자연스러워져요.  (답변 종료),1,149,106,43,5218270
449,5,9.35,"[한 줄의 길이는 일정 글자 이내로] : 98.8 점 👍,
[함수의 인자가 유동적인 경우 처리 권장] : 91.6 점 👍,
[제너레이터 표현식 사용이 가능한 경우 사용] : 86.9 점,
[기존 배열의 원소 추가 대신 extend 함수 사용] : 64.9 점,
[중복되는 사항 common 으로 빼기] : 6.7 점 🚨 (답변 시작)", 가독성에 집중해 보면 같은 처리가 여러 곳에서 반복되고 있어요. 다음 변경 전에 공통 동작을 한곳으로 모으면 수정할 때 놓칠 구석이 줄어요.  (답변 종료),1,138,100,38,5218270
450,5,10.63,"[함수 docstring, 함수명 의미 일치] : 97.6 점 👍,
[주석 처리된 코드 제거] : 96.5 점 👍,
[경로를 path/to/file 이 아닌, pathlib 또는 os.path.join 사용] : 95.5 점 👍,
[동일한 인수 집합을 갖는 함수가 많은 경우 클래스화 고려] : 50.9 점 🚨,
[유사한 변수명 통일] : 39.9 점 🚨 (답변 시작)", 코드의 맥락을 보면 비슷한 역할의 변수 이름이 제각각이에요! 미래의 나를 위해 같은 개념에는 같은 이름 규칙을 쓰면 읽는 속도가 훨씬 빨라져요. 🙌  (답변 종료),1,149,106,43,5218270
451,5,10.55,"[개수 세기에 count 함수 사용] : 96.3 점 👍,
[key=itemgetter(""key"") 사용 권장] : 94.3 점 👍,
[숫자 값은 위쪽에 상수로] : 25.3 점 🚨,
[함수명, 반환값 간 일치] : 6.8 점 🚨,
[a = my_list[0], b = my_list[1] ... 대신 unpacking 사용 필요] : 0.3 점 🚨 (답변 시작)", 한 번 더 확인해 보니 목록의 원소를 하나씩 꺼내고 있어요. 다음 변경 전에 정해진 순서의 값은 unpacking으로 풀어 주면 한 번에 읽혀요! 🐣  (답변 종료),1,154,111,43,5218270
452,5,10.58,"[중복되는 사항 common 으로 빼기] : 99.5 점 👍,
[문자열 단순 연결보다는 f-string 사용] : 95.1 점 👍,
[파일 단순 읽기/쓰기는 Path 사용] : 93.8 점 👍,
[prefix, suffix 검사 시 startswith(), endswith() 사용] : 83.6 점,
[유사한 변수명 통일] : 18.2 점 🚨 (답변 시작)", 현재 흐름에서는 비슷한 역할의 변수 이름이 제각각이에요! 🔍 작은 정성으로 같은 개념에는 같은 이름 규칙을 쓰면 읽는 속도가 훨씬 빨라져요. 🌈  (답변 종료),1,143,100,43,5218270
453,5,8.88,"[함수의 인자가 하나로 묶을 수 있는 경우 처리 권장] : 96.3 점 👍,
[고정값 상수화 필요] : 91.9 점 👍,
[동일한 인수 집합을 갖는 함수가 많은 경우 클래스화 고려] : 54.4 점 🚨,
[조건문 중첩 대신 any, all 사용] : 7.6 점 🚨,
[한 줄의 길이는 일정 글자 이내로] : 3.1 점 🚨 (답변 시작)", 가독성에 집중해 보면 한 줄이 너무 길게 이어지는 곳이 있어요. 가능한 범위에서 줄을 적당히 나누면 작은 화면에서도 흐름을 놓치지 않아요!  (답변 종료),1,147,111,36,5218270
454,5,12.1,"[상태 값 조건이 있는 if-elif-elif-else 있는 경우 클래스화 고려] : 99.6 점 👍,
[지나치게 많은 들여쓰기 수정] : 94.8 점 👍,
[str 단순 += 대신 join 사용] : 77.0 점,
[리스트 컴프리헨션 사용이 가능한 경우 사용] : 69.6 점,
[key=itemgetter(""key"") 사용 권장] : 5.4 점 🚨 (답변 시작)"," 리뷰 돋보기를 대 보니 정렬 키를 lambda로 길게 꺼내고 있어요. 이왕이면 딕셔너리 키로 정렬할 때는 itemgetter(""key"")가 더 간결하게 뜻을 전해요! 🎯  (답변 종료)",1,152,103,49,5218270
455,5,10.85,"[중복되는 사항 common 으로 빼기] : 94.4 점 👍,
[매우 간결한 변환은 map 사용] : 93.3 점 👍,
[zip 사용 가능한 경우 사용] : 65.2 점,
[f = lambda x: ... 보다는 def f(x): return ... 를 사용] : 19.1 점 🚨,
[조건문 중첩 대신 any, all 사용] : 18.8 점 🚨 (답변 시작)", 가독성에 집중해 보면 조건문이 여러 겹으로 겹쳐 있어요. 가능한 범위에서 여러 조건의 존재 여부는 any나 all에 맡기면 뜻이 훨씬 또렷해져요! 🔍  (답변 종료),1,144,100,44,5218270
456,5,11.07,"[f = lambda x: ... 보다는 def f(x): return ... 를 사용] : 94.7 점 👍,
[prefix, suffix 검사 시 startswith(), endswith() 사용] : 94.5 점 👍,
[a = my_list[0], b = my_list[1] ... 대신 unpacking 사용 필요] : 83.8 점,
[지나치게 많은 들여쓰기 수정] : 29.1 점 🚨,
[동일 인자 type 통일] : 10.6 점 🚨 (답변 시작)", 리팩터링 관점에서는 같은 의미의 인수에서 type 표기가 통일되지 않았어요. 여유가 될 때 인수의 type을 한 방식으로 맞추면 호출하는 쪽도 덜 헷갈려요!  (답변 종료),1,161,116,45,5218270
457,5,9.38,"[중복되는 사항 common 으로 빼기] : 67.3 점,
[불필요한 print, logging 제거] : 35.6 점 🚨,
[정규 표현식 문자열은 r""..."" 권장] : 35.2 점 🚨,
[동일한 인수 집합을 갖는 함수가 많은 경우 클래스화 고려] : 29.7 점 🚨,
[불필요한 변수 생성 대신 defaultdict 권장] : 2.6 점 🚨 (답변 시작)", 작은 신호를 짚어 보니 키별 초기화를 직접 반복하고 있어요. 이왕이면 키별로 값을 모을 때는 defaultdict를 쓰면 분기와 보일러플레이트가 줄어들어요.  (답변 종료),1,141,103,38,5218270
458,5,9.84,"[조건문 중첩 대신 any, all 사용] : 95.2 점 👍,
[예외를 삼키는 경우가 없어야 함] : 94.4 점 👍,
[함수의 인수를 변경 가능한 default value로 하지 않아야 함] : 93.7 점 👍,
[key=itemgetter(""key"") 사용 권장] : 64.5 점,
[str 단순 += 대신 join 사용] : 49.4 점 🚨 (답변 시작)", 작은 개선을 찾다 보니 문자열을 반복해서 더하고 있어요! 과감하게 조각을 많이 합칠 때는 join으로 모으면 성능과 의도가 함께 좋아져요. 🐣  (답변 종료),1,140,100,40,5218270
459,5,9.67,"[파일 열기, 닫기 시 with open(...) 사용] : 92.8 점 👍,
[불필요한 변수 생성 대신 defaultdict 권장] : 85.3 점,
[함수의 인자가 하나로 묶을 수 있는 경우 처리 권장] : 50.6 점 🚨,
[100 line 이상 함수 분리, docstring 필요] : 18.0 점 🚨,
[함수 인수 type hint 필요] : 17.4 점 🚨 (답변 시작)", 가독성에 집중해 보면 함수 인수의 type hint가 비어 있어요. 명확하게 인수에 type hint를 달아 두면 들어오는 데이터가 무엇인지 바로 알 수 있어요. 🌈  (답변 종료),1,144,105,39,5218270
460,5,10.58,"[함수 docstring, 함수명 의미 일치] : 99.5 점 👍,
[import 순서 준수] : 96.7 점 👍,
[미 사용 변수/함수 제거] : 62.3 점,
[상태 값 조건이 있는 if-elif-elif-else 있는 경우 클래스화 고려] : 16.8 점 🚨,
[동일한 인수 집합을 갖는 함수가 많은 경우 클래스화 고려] : 2.5 점 🚨 (답변 시작)", 코드의 결을 살펴보면 같은 설정을 계속 받는 함수가 여러 개예요. 한 줄씩 공통 상태를 가진 객체로 묶으면 인자 전달이 가벼워지고 역할도 선명해져요.  (답변 종료),1,150,107,43,5218270
461,5,11.56,"[100 line 이상 함수 분리, docstring 필요] : 98.7 점 👍,
[비어 있는 문자열 여부 판단 간소화] : 91.4 점 👍,
[리스트 컴프리헨션 사용이 가능한 경우 사용] : 79.1 점,
[언패킹 시 숫자 인덱스 사용하지 말 것 (변수에 바로 할당)] : 73.2 점,
[함수의 인수를 변경 가능한 default value로 하지 않아야 함] : 60.0 점 (답변 시작)", 한 번 더 확인해 보니 기본 인수에 리스트나 딕셔너리를 넣고 있어요. 🔍 차분하게 리스트나 딕셔너리는 None으로 두고 함수 안에서 만들면 호출 사이에 상태가 섞이지 않아요.  (답변 종료),1,153,106,47,5218270
462,5,12.04,"[파일 열기, 닫기 시 with open(...) 사용] : 98.9 점 👍,
[유사한 이름의 함수끼리 가까이 위치하도록 수정 권장] : 97.0 점 👍,
[매우 간결한 변환은 map 사용] : 96.6 점 👍,
[경로를 path/to/file 이 아닌, pathlib 또는 os.path.join 사용] : 81.9 점,
[동일한 인수 집합을 갖는 함수가 많은 경우 클래스화 고려] : 66.4 점 (답변 시작)", 코드의 표정을 읽어 보니 같은 설정을 계속 받는 함수가 여러 개예요. 😺 한 번에 공통 상태를 가진 객체로 묶으면 인자 전달이 가벼워지고 역할도 선명해져요! 🚀  (답변 종료),1,157,108,49,5218270
463,5,10.17,"[a = my_list[0], b = my_list[1] ... 대신 unpacking 사용 필요] : 99.4 점 👍,
[함수 인수 type hint 필요] : 93.4 점 👍,
[클래스 내부에서만 쓰이는 속성, 메서드 (접두사 있음) 호출 비 권장] : 90.8 점 👍,
[함수의 인수를 변경 가능한 default value로 하지 않아야 함] : 34.5 점 🚨,
[불필요한 변수 생성 대신 defaultdict 권장] : 5.5 점 🚨 (답변 시작)", 작은 신호를 짚어 보니 키별 초기화를 직접 반복하고 있어요. 이왕이면 키별로 값을 모을 때는 defaultdict를 쓰면 분기와 보일러플레이트가 줄어들어요. 🌿  (답변 종료),1,165,124,41,5218270
464,5,11.8,"[함수명, 반환값 간 일치] : 94.9 점 👍,
[enumerate 사용 가능한 경우 사용] : 87.9 점,
[if a.get(""b"") ... 형태로 수정 필요] : 81.3 점,
[zip 사용 가능한 경우 사용] : 67.0 점,
[상태 값 조건이 있는 if-elif-elif-else 있는 경우 클래스화 고려] : 51.8 점 🚨 (답변 시작)", 코드의 결을 살펴보면 상태에 따라 갈라지는 조건문이 길게 이어져요. 한 번에 상태별 동작을 클래스로 나누면 새 상태를 더할 때 기존 조건문을 덜 건드려도 돼요.  (답변 종료),1,150,102,48,5218270
465,5,11.8,"[함수의 인수를 변경 가능한 default value로 하지 않아야 함] : 91.3 점 👍,
[유사한 이름의 함수끼리 가까이 위치하도록 수정 권장] : 91.2 점 👍,
[itertools.product 사용 가능한 경우 사용] : 82.5 점,
[enumerate 사용 가능한 경우 사용] : 81.7 점,
[상태 값 조건이 있는 if-elif-elif-else 있는 경우 클래스화 고려] : 59.4 점 🚨 (답변 시작)", 코드의 결을 살펴보면 상태에 따라 갈라지는 조건문이 길게 이어져요. 한 번에 상태별 동작을 클래스로 나누면 새 상태를 더할 때 기존 조건문을 덜 건드려도 돼요!  (답변 종료),1,157,109,48,5218270
466,5,10.57,"[itertools.product 사용 가능한 경우 사용] : 93.3 점 👍,
[고정값 상수화 필요] : 92.4 점 👍,
[의미 있는 함수명, 변수명 사용] : 80.6 점,
[str 단순 += 대신 join 사용] : 63.3 점,
[a = my_list[0], b = my_list[1] ... 대신 unpacking 사용 필요] : 41.1 점 🚨 (답변 시작)", 실행 경로를 훑어보니 목록의 원소를 하나씩 꺼내고 있어요. 다음 변경 전에 정해진 순서의 값은 unpacking으로 풀어 주면 한 번에 읽혀요! 🌈  (답변 종료),1,144,101,43,5218270
467,5,11.37,"[조건문 중첩 대신 any, all 사용] : 95.4 점 👍,
[비어 있는 문자열 여부 판단 간소화] : 91.1 점 👍,
[유사한 변수명 통일] : 79.7 점,
[prefix, suffix 검사 시 startswith(), endswith() 사용] : 74.5 점,
[assertion을 제어 메커니즘으로 사용하면 안됨] : 28.2 점 🚨 (답변 시작)", 가독성에 집중해 보면 assert가 실행 흐름을 대신하고 있어요. 🌈 기분 좋게 검증이 필요한 분기는 명시적인 예외 처리로 바꾸어야 배포 환경에서도 안전해요. 🌈  (답변 종료),1,144,98,46,5218270
468,5,10.66,"[a = my_list[0], b = my_list[1] ... 대신 unpacking 사용 필요] : 97.4 점 👍,
[if-elif-elif-else 구문은 되도록 dict로 수정] : 95.3 점 👍,
[리스트 컴프리헨션 사용이 가능한 경우 사용] : 81.2 점,
[지나치게 많은 들여쓰기 수정] : 75.1 점,
[동일한 인수 집합을 갖는 함수가 많은 경우 클래스화 고려] : 7.5 점 🚨 (답변 시작)", 다음 변경을 생각하면 같은 설정을 계속 받는 함수가 여러 개예요. 팀과 맞춰 보며 공통 상태를 가진 객체로 묶으면 인자 전달이 가벼워지고 역할도 선명해져요!  (답변 종료),1,161,118,43,5218270
469,5,12.27,"[빈도수, 반복문, 경로명 리스트 추출 시 collections, itertools, glob 사용] : 96.2 점 👍,
[제너레이터 표현식 사용이 가능한 경우 사용] : 95.9 점 👍,
[prefix, suffix 검사 시 startswith(), endswith() 사용] : 91.3 점 👍,
[주석 처리된 코드 제거] : 84.1 점,
[상태 값 조건이 있는 if-elif-elif-else 있는 경우 클래스화 고려] : 82.5 점 (답변 시작)", 리팩터링 관점에서는 상태에 따라 갈라지는 조건문이 길게 이어져요. 팀과 맞춰 보며 상태별 동작을 클래스로 나누면 새 상태를 더할 때 기존 조건문을 덜 건드려도 돼요.  (답변 종료),1,166,116,50,5218270
470,5,11.57,"[함수의 인자가 유동적인 경우 처리 권장] : 91.2 점 👍,
[zip 사용 가능한 경우 사용] : 50.0 점 🚨,
[100 line 이상 함수 분리, docstring 필요] : 47.1 점 🚨,
[상태 값 조건이 있는 if-elif-elif-else 있는 경우 클래스화 고려] : 13.1 점 🚨,
[동일 인자 type 통일] : 12.5 점 🚨 (답변 시작)", 가독성에 집중해 보면 같은 의미의 인수에서 type 표기가 통일되지 않았어요. 여유가 될 때 인수의 type을 한 방식으로 맞추면 호출하는 쪽도 덜 헷갈려요. 🌈  (답변 종료),1,156,109,47,5218270
471,5,11.58,"[비어 있는 문자열 여부 판단 간소화] : 98.2 점 👍,
[key=itemgetter(""key"") 사용 권장] : 94.4 점 👍,
[if-elif-elif-else 구문은 되도록 dict로 수정] : 21.6 점 🚨,
[파일 단순 읽기/쓰기는 Path 사용] : 11.5 점 🚨,
[동일 인자 type 통일] : 8.0 점 🚨 (답변 시작)", 가독성에 집중해 보면 같은 의미의 인수에서 type 표기가 통일되지 않았어요. 🌈 명확하게 인수의 type을 한 방식으로 맞추면 호출하는 쪽도 덜 헷갈려요! 📌  (답변 종료),1,149,102,47,5218270
472,5,9.66,"[조건문 중첩 대신 any, all 사용] : 97.2 점 👍,
[클래스 내부에서만 쓰이는 속성, 메서드 (접두사 있음) 호출 비 권장] : 83.8 점,
[함수 인수 type hint 필요] : 77.5 점,
[import 순서 준수] : 72.0 점,
[if-elif-elif-else 구문은 되도록 dict로 수정] : 24.8 점 🚨 (답변 시작)", 가독성에 집중해 보면 조건 분기가 길게 늘어진 곳이 있어요. 가능한 범위에서 값에 따른 선택이라면 dict 매핑으로 바꾸어 분기표를 단순하게 만들어 보세요!  (답변 종료),1,142,103,39,5218270
473,5,9.85,"[불필요한 변수 생성 대신 defaultdict 권장] : 99.5 점 👍,
[리스트 컴프리헨션 사용이 가능한 경우 사용] : 97.8 점 👍,
[미 사용 변수/함수 제거] : 96.0 점 👍,
[assertion을 제어 메커니즘으로 사용하면 안됨] : 92.6 점 👍,
[제너레이터 표현식 사용이 가능한 경우 사용] : 74.2 점 (답변 시작)", 작은 개선을 찾다 보니 한 번만 쓸 중간 목록이 만들어지고 있어요. 보너스처럼 한 번만 순회한다면 제너레이터 표현식으로 메모리를 아껴 볼 만해요!  (답변 종료),1,140,100,40,5218270
474,5,10.57,"[문자열 단순 연결보다는 f-string 사용] : 93.5 점 👍,
[매우 간결한 변환은 map 사용] : 91.8 점 👍,
[함수의 인수를 변경 가능한 default value로 하지 않아야 함] : 47.6 점 🚨,
[README.md, pyproject.toml 필요] : 36.9 점 🚨,
[파일 단순 읽기/쓰기는 Path 사용] : 13.9 점 🚨 (답변 시작)", 작은 신호를 짚어 보니 간단한 파일 작업이 장황하게 처리되고 있어요. 🌿 천천히 Path의 읽기와 쓰기 메서드를 쓰면 파일 작업이 짧고 단단해져요!  (답변 종료),1,150,107,43,5218270
475,5,10.35,"[문자열 단순 연결보다는 f-string 사용] : 96.4 점 👍,
[zip 사용 가능한 경우 사용] : 93.4 점 👍,
[유사한 변수명 통일] : 90.9 점 👍,
[기존 배열의 원소 추가 대신 extend 함수 사용] : 90.6 점 👍,
[경로를 path/to/file 이 아닌, pathlib 또는 os.path.join 사용] : 43.0 점 🚨 (답변 시작)", 가독성에 집중해 보면 파일 경로를 문자열로 이어 붙이고 있어요. 필요한 곳부터 pathlib이나 os.path.join으로 경로를 조립하면 운영체제가 달라도 안전해요. 🛠️  (답변 종료),1,146,104,42,5218270
476,5,8.88,"[예외를 삼키는 경우가 없어야 함] : 97.9 점 👍,
[정규 표현식 문자열은 r""..."" 권장] : 96.9 점 👍,
[zip 사용 가능한 경우 사용] : 91.3 점 👍,
[str 단순 += 대신 join 사용] : 81.9 점,
[중복되는 사항 common 으로 빼기] : 60.8 점 (답변 시작)", 코드의 표정을 읽어 보니 같은 처리가 여러 곳에서 반복되고 있어요. 우선 공통 동작을 한곳으로 모으면 수정할 때 놓칠 구석이 줄어요.  (답변 종료),1,126,90,36,5218270
477,5,11.36,"[지나치게 많은 들여쓰기 수정] : 99.0 점 👍,
[매우 간결한 변환은 map 사용] : 81.8 점,
[불필요한 print, logging 제거] : 70.8 점,
[비어 있는 문자열 여부 판단 간소화] : 51.0 점 🚨,
[동일 인자 type 통일] : 21.9 점 🚨 (답변 시작)", 조금 거리를 두고 읽어 보면 같은 의미의 인수에서 type 표기가 통일되지 않았어요. 기분 좋게 인수의 type을 한 방식으로 맞추면 호출하는 쪽도 덜 헷갈려요. 🌿  (답변 종료),1,133,87,46,5218270
478,5,8.13,"[지나치게 많은 들여쓰기 수정] : 97.4 점 👍,
[Python 예약어를 변수명으로 사용하지 않아야 함] : 90.7 점 👍,
[비어 있는 문자열 여부 판단 간소화] : 48.3 점 🚨,
[if-elif-elif-else 구문은 되도록 dict로 수정] : 24.4 점 🚨,
[기존 배열의 원소 추가 대신 extend 함수 사용] : 24.4 점 🚨 (답변 시작)", 가독성에 집중해 보면 목록 원소를 하나씩 추가하고 있어요. 🔍 가능한 범위에서 extend를 쓰면 의도가 정확히 전달돼요!  (답변 종료),1,141,108,33,5218270
479,5,10.09,"[assertion을 제어 메커니즘으로 사용하면 안됨] : 99.3 점 👍,
[함수명, 반환값 간 일치] : 90.6 점 👍,
[제너레이터 표현식 사용이 가능한 경우 사용] : 81.1 점,
[비어 있는 문자열 여부 판단 간소화] : 75.8 점,
[zip 사용 가능한 경우 사용] : 32.3 점 🚨 (답변 시작)", 팀원이 처음 본다고 생각하면 두 목록을 인덱스로 따로 읽고 있어요. 한 번에 나란히 읽는 값들은 zip으로 묶어 주면 인덱스 실수를 막을 수 있어요. 🎯  (답변 종료),1,135,94,41,5218270
480,5,12.76,"[숫자 값은 위쪽에 상수로] : 97.0 점 👍,
[if-elif-elif-else 구문은 되도록 dict로 수정] : 93.0 점 👍,
[고정값 상수화 필요] : 74.9 점,
[문자열 단순 연결보다는 f-string 사용] : 32.0 점 🚨,
[빈도수, 반복문, 경로명 리스트 추출 시 collections, itertools, glob 사용] : 6.0 점 🚨 (답변 시작)", 코드의 표정을 읽어 보니 표준 라이브러리로 줄일 수 있는 반복이 보여요. 다음 커밋에서 빈도에는 collections를 반복 조합에는 itertools를 경로 모으기에는 glob을 쓰면 표준 도구의 힘을 빌릴 수 있어요.  (답변 종료),1,164,112,52,5218270
481,5,10.13,"[숫자 값은 위쪽에 상수로] : 98.5 점 👍,
[고정값 상수화 필요] : 82.2 점,
[예외의 종류 (OOOError 등) 구체적 명시 권장] : 68.6 점,
[기존 배열의 원소 추가 대신 extend 함수 사용] : 63.4 점,
[100 line 이상 함수 분리, docstring 필요] : 12.6 점 🚨 (답변 시작)", 가독성에 집중해 보면 하나의 함수가 너무 많은 일을 하고 있어요. 테스트를 떠올리며 책임별로 나누고 docstring을 붙이면 테스트와 수정이 한결 수월해져요!  (답변 종료),1,139,98,41,5218270
482,5,10.34,"[동일한 인수 집합을 갖는 함수가 많은 경우 클래스화 고려] : 95.3 점 👍,
[동일 인자 type 통일] : 90.6 점 👍,
[함수의 인자가 유동적인 경우 처리 권장] : 64.1 점,
[if-elif-elif-else 구문은 되도록 dict로 수정] : 35.4 점 🚨,
[개수 세기에 count 함수 사용] : 18.4 점 🚨 (답변 시작)", 작은 신호를 짚어 보니 값의 개수를 세려고 직접 순회하고 있어요! 🔍 한 줄씩 단순한 횟수 확인은 count에 맡기면 코드가 짧고 분명해져요.  (답변 종료),1,148,106,42,5218270
483,5,10.83,"[조건문 중첩 대신 any, all 사용] : 97.2 점 👍,
[불필요한 print, logging 제거] : 95.5 점 👍,
[100 line 이상 함수 분리, docstring 필요] : 90.6 점 👍,
[파일 열기, 닫기 시 with open(...) 사용] : 90.3 점 👍,
[매우 간결한 변환은 map 사용] : 33.5 점 🚨 (답변 시작)", 가독성에 집중해 보면 아주 단순한 변환을 긴 반복문으로 풀고 있어요. 다음 커밋에서 변환 규칙이 단순하면 map으로 핵심 연산을 또렷하게 표현할 수 있어요. 🌿  (답변 종료),1,144,100,44,5218270
484,5,9.33,"[유사한 이름의 함수끼리 가까이 위치하도록 수정 권장] : 99.3 점 👍,
[enumerate 사용 가능한 경우 사용] : 74.2 점,
[한 줄의 길이는 일정 글자 이내로] : 43.2 점 🚨,
[함수의 인수를 변경 가능한 default value로 하지 않아야 함] : 39.9 점 🚨,
[중복되는 사항 common 으로 빼기] : 35.0 점 🚨 (답변 시작)", 가독성에 집중해 보면 같은 처리가 여러 곳에서 반복되고 있어요. 다음 변경 전에 공통 동작을 한곳으로 모으면 수정할 때 놓칠 구석이 줄어요.  (답변 종료),1,143,105,38,5218270
485,5,10.35,"[동일한 인수 집합을 갖는 함수가 많은 경우 클래스화 고려] : 98.5 점 👍,
[함수의 인수를 변경 가능한 default value로 하지 않아야 함] : 96.2 점 👍,
[빈 파일 TODO 표시 필요] : 66.0 점,
[리스트 컴프리헨션 사용이 가능한 경우 사용] : 44.2 점 🚨,
[기존 배열의 원소 추가 대신 extend 함수 사용] : 37.0 점 🚨 (답변 시작)", 한 번 더 확인해 보니 목록 원소를 하나씩 추가하고 있어요. 🔍 한 발 먼저 여러 값을 더할 때는 extend를 쓰면 의도가 정확히 전달돼요. 🌈  (답변 종료),1,151,109,42,5218270
486,5,12.29,"[f = lambda x: ... 보다는 def f(x): return ... 를 사용] : 96.2 점 👍,
[함수의 인자가 하나로 묶을 수 있는 경우 처리 권장] : 96.1 점 👍,
[key=itemgetter(""key"") 사용 권장] : 90.2 점 👍,
[고정값 상수화 필요] : 31.5 점 🚨,
[함수의 인수를 변경 가능한 default value로 하지 않아야 함] : 9.5 점 🚨 (답변 시작)", 한 번 더 확인해 보니 기본 인수에 리스트나 딕셔너리를 넣고 있어요. 🌈 다음 변경 전에 리스트나 딕셔너리는 None으로 두고 함수 안에서 만들면 호출 사이에 상태가 섞이지 않아요!  (답변 종료),1,164,114,50,5218270
487,5,8.87,"[함수의 인자가 하나로 묶을 수 있는 경우 처리 권장] : 97.7 점 👍,
[상태 값 조건이 있는 if-elif-elif-else 있는 경우 클래스화 고려] : 91.8 점 👍,
[함수 docstring, 함수명 의미 일치] : 90.5 점 👍,
[불필요한 변수 생성 대신 defaultdict 권장] : 69.2 점,
[인덱스 반환에 index 함수 사용] : 68.5 점 (답변 시작)", 작은 신호를 짚어 보니 위치를 찾기 위해 직접 반복하고 있어요! 우선 첫 위치가 필요할 때는 index를 쓰면 목적이 바로 보입니다. 🔍  (답변 종료),1,144,108,36,5218270
488,5,10.33,"[함수 docstring, 함수명 의미 일치] : 96.7 점 👍,
[동일한 인수 집합을 갖는 함수가 많은 경우 클래스화 고려] : 94.7 점 👍,
[미 사용 변수/함수 제거] : 62.1 점,
[100 line 이상 함수 분리, docstring 필요] : 22.9 점 🚨,
[지나치게 많은 들여쓰기 수정] : 18.8 점 🚨 (답변 시작)", 가독성에 집중해 보면 들여쓰기 단계가 깊어 흐름을 따라가기 어려워요. 가능한 범위에서 작은 함수로 쪼개거나 빠른 반환을 쓰면 조건의 미로가 얕아져요!  (답변 종료),1,144,102,42,5218270
489,5,11.31,"[예외를 삼키는 경우가 없어야 함] : 98.9 점 👍,
[100 line 이상 함수 분리, docstring 필요] : 97.6 점 👍,
[a = my_list[0], b = my_list[1] ... 대신 unpacking 사용 필요] : 94.4 점 👍,
[예외의 종류 (OOOError 등) 구체적 명시 권장] : 93.7 점 👍,
[파일 단순 읽기/쓰기는 Path 사용] : 84.4 점 (답변 시작)", 한 번 더 확인해 보니 간단한 파일 작업이 장황하게 처리되고 있어요. 다음 커밋에서 Path의 읽기와 쓰기 메서드를 쓰면 파일 작업이 짧고 단단해져요. 🔍  (답변 종료),1,161,115,46,5218270
490,5,9.16,"[경로를 path/to/file 이 아닌, pathlib 또는 os.path.join 사용] : 94.0 점 👍,
[함수 docstring, 함수명 의미 일치] : 83.6 점,
[if a.get(""b"") ... 형태로 수정 필요] : 72.7 점,
[prefix, suffix 검사 시 startswith(), endswith() 사용] : 62.9 점,
[str 단순 += 대신 join 사용] : 60.6 점 (답변 시작)", 작은 개선을 찾다 보니 문자열을 반복해서 더하고 있어요. 과감하게 조각을 많이 합칠 때는 join으로 모으면 성능과 의도가 함께 좋아져요!  (답변 종료),1,140,103,37,5218270
491,5,9.6,"[미 사용 변수/함수 제거] : 94.8 점 👍,
[유사한 이름의 함수끼리 가까이 위치하도록 수정 권장] : 86.6 점,
[a = my_list[0], b = my_list[1] ... 대신 unpacking 사용 필요] : 23.8 점 🚨,
[고정값 상수화 필요] : 22.7 점 🚨,
[str 단순 += 대신 join 사용] : 2.4 점 🚨 (답변 시작)", 실행 경로를 훑어보니 문자열을 반복해서 더하고 있어요. 과감하게 조각을 많이 합칠 때는 join으로 모으면 성능과 의도가 함께 좋아져요! 🐣  (답변 종료),1,146,107,39,5218270
492,5,9.84,"[함수의 인자가 유동적인 경우 처리 권장] : 92.8 점 👍,
[enumerate 사용 가능한 경우 사용] : 90.8 점 👍,
[정규 표현식 문자열은 r""..."" 권장] : 90.6 점 👍,
[if a.get(""b"") ... 형태로 수정 필요] : 15.9 점 🚨,
[의미 있는 함수명, 변수명 사용] : 8.7 점 🚨 (답변 시작)", 가독성에 집중해 보면 역할을 짐작하기 어려운 함수나 변수 이름이 보여요. 기분 좋게 무엇을 하는지 드러나는 이름으로 바꾸면 설명서 없이도 코드가 읽혀요!  (답변 종료),1,146,106,40,5218270
493,5,9.36,"[함수 docstring, 함수명 의미 일치] : 98.1 점 👍,
[유사한 이름의 함수끼리 가까이 위치하도록 수정 권장] : 90.8 점 👍,
[비어 있는 문자열 여부 판단 간소화] : 83.5 점,
[유사한 변수명 통일] : 64.7 점,
[itertools.product 사용 가능한 경우 사용] : 18.9 점 🚨 (답변 시작)", 코드의 표정을 읽어 보니 조합을 만들려고 중첩 반복문을 쓰고 있어요. 살짝 모든 조합이 필요할 때는 itertools.product로 의도를 또렷하게 드러내요.  (답변 종료),1,131,93,38,5218270
494,5,9.84,"[미 사용 변수/함수 제거] : 95.3 점 👍,
[함수 docstring, 함수명 의미 일치] : 74.4 점,
[유사한 이름의 함수끼리 가까이 위치하도록 수정 권장] : 67.6 점,
[중복되는 사항 common 으로 빼기] : 50.3 점 🚨,
[숫자 값은 위쪽에 상수로] : 13.4 점 🚨 (답변 시작)", 코드의 표정을 읽어 보니 로직 사이에 매직 넘버가 숨어 있어요. 살짝 매직 넘버를 파일 위쪽의 상수로 올리면 숫자가 왜 필요한지 바로 보여요! 📌  (답변 종료),1,136,96,40,5218270
495,5,9.65,"[함수의 인자가 유동적인 경우 처리 권장] : 67.5 점,
[인덱스 반환에 index 함수 사용] : 39.2 점 🚨,
[지나치게 많은 들여쓰기 수정] : 38.7 점 🚨,
[zip 사용 가능한 경우 사용] : 32.3 점 🚨,
[숫자 값은 위쪽에 상수로] : 25.5 점 🚨 (답변 시작)", 코드의 결을 살펴보면 로직 사이에 매직 넘버가 숨어 있어요! 꼼꼼하게 매직 넘버를 파일 위쪽의 상수로 올리면 숫자가 왜 필요한지 바로 보여요! 🔍  (답변 종료),1,135,96,39,5218270
496,5,9.84,"[지나치게 많은 들여쓰기 수정] : 94.1 점 👍,
[언패킹 시 숫자 인덱스 사용하지 말 것 (변수에 바로 할당)] : 92.2 점 👍,
[빈도수, 반복문, 경로명 리스트 추출 시 collections, itertools, glob 사용] : 74.6 점,
[유사한 변수명 통일] : 59.0 점 🚨,
[비어 있는 문자열 여부 판단 간소화] : 42.5 점 🚨 (답변 시작)", 수정할 곳을 찾다 보니 빈 문자열 검사식이 불필요하게 길어요. 🌈 다음 커밋에서 파이썬다운 조건 검사로 바꾸면 조건식이 가볍게 읽혀요.  (답변 종료),1,149,109,40,5218270
497,5,11.55,"[key=itemgetter(""key"") 사용 권장] : 90.0 점 👍,
[주석 처리된 코드 제거] : 68.5 점,
[if-elif-elif-else 구문은 되도록 dict로 수정] : 68.4 점,
[조건문 중첩 대신 any, all 사용] : 2.9 점 🚨,
[상태 값 조건이 있는 if-elif-elif-else 있는 경우 클래스화 고려] : 1.8 점 🚨 (답변 시작)", 작은 신호를 짚어 보니 상태에 따라 갈라지는 조건문이 길게 이어져요. 이왕이면 상태별 동작을 클래스로 나누면 새 상태를 더할 때 기존 조건문을 덜 건드려도 돼요!  (답변 종료),1,155,108,47,5218270
498,5,10.09,"[Python 예약어를 변수명으로 사용하지 않아야 함] : 92.3 점 👍,
[예외의 종류 (OOOError 등) 구체적 명시 권장] : 91.5 점 👍,
[매우 간결한 변환은 map 사용] : 87.2 점,
[언패킹 시 숫자 인덱스 사용하지 말 것 (변수에 바로 할당)] : 59.4 점 🚨,
[함수명, 반환값 간 일치] : 55.7 점 🚨 (답변 시작)", 리뷰 메모를 보면 함수 이름과 반환값의 약속이 어긋나는 곳이 있어요. 가볍게 반환하는 값을 이름에 맞추면 호출부에서 예상이 빗나가지 않아요.  (답변 종료),1,151,110,41,5218270
499,5,11.1,"[if a.get(""b"") ... 형태로 수정 필요] : 98.2 점 👍,
[유사한 변수명 통일] : 96.2 점 👍,
[언패킹 시 숫자 인덱스 사용하지 말 것 (변수에 바로 할당)] : 95.5 점 👍,
[상태 값 조건이 있는 if-elif-elif-else 있는 경우 클래스화 고려] : 68.8 점,
[함수 docstring, 함수명 의미 일치] : 22.8 점 🚨 (답변 시작)", 가독성에 집중해 보면 docstring과 함수 동작이 서로 다르게 읽혀요! 명확하게 docstring과 함수가 약속한 역할을 맞추면 다음 사람이 안심하고 호출할 수 있어요. 🌈  (답변 종료),1,160,115,45,5218270
500,6,10.76,"[주석 처리된 코드 제거] : 98.8 점 👍,
[import 순서 준수] : 76.1 점,
[enumerate 사용 가능한 경우 사용] : 75.6 점,
[불필요한 print, logging 제거] : 61.0 점,
[매우 간결한 변환은 map 사용] : 27.3 점 🚨 (답변 시작)", 작은 신호를 짚어 보니 아주 단순한 변환을 긴 반복문으로 풀고 있어요. 기분 좋게 변환 규칙이 단순하면 map으로 핵심 연산을 또렷하게 표현할 수 있어요. 🙌  (답변 종료),1,123,81,42,5218270
501,6,12.32,"[상태 값 조건이 있는 if-elif-elif-else 있는 경우 클래스화 고려] : 93.4 점 👍,
[파일 열기, 닫기 시 with open(...) 사용] : 92.7 점 👍,
[유사한 변수명 통일] : 90.7 점 👍,
[매우 간결한 변환은 map 사용] : 34.8 점 🚨,
[README.md, pyproject.toml 필요] : 31.6 점 🚨 (답변 시작)", 가독성에 집중해 보면 시작 방법을 알려 줄 README.md와 pyproject.toml이 필요해 보여요! 🔍 가능한 범위에서 설치 방법과 실행 환경을 적어 두면 처음 온 사람도 바로 출발할 수 있어요.  (답변 종료),1,158,108,50,5218270
502,6,10.81,"[의미 있는 함수명, 변수명 사용] : 98.9 점 👍,
[prefix, suffix 검사 시 startswith(), endswith() 사용] : 97.2 점 👍,
[if-elif-elif-else 구문은 되도록 dict로 수정] : 72.2 점,
[미 사용 변수/함수 제거] : 31.2 점 🚨,
[동일한 인수 집합을 갖는 함수가 많은 경우 클래스화 고려] : 23.2 점 🚨 (답변 시작)", 팀원이 처음 본다고 생각하면 같은 설정을 계속 받는 함수가 여러 개예요. 😉 작은 단계로 공통 상태를 가진 객체로 묶으면 인자 전달이 가벼워지고 역할도 선명해져요!  (답변 종료),1,156,112,44,5218270
503,6,8.85,"[문자열 단순 연결보다는 f-string 사용] : 97.4 점 👍,
[함수의 인자가 유동적인 경우 처리 권장] : 83.8 점,
[유사한 이름의 함수끼리 가까이 위치하도록 수정 권장] : 68.4 점,
[매우 간결한 변환은 map 사용] : 68.1 점,
[enumerate 사용 가능한 경우 사용] : 36.0 점 🚨 (답변 시작)", 현재 흐름에서는 반복문에서 번호를 직접 관리하고 있어요! 한 줄씩 순서와 값을 함께 쓸 때는 enumerate가 더 자연스럽고 안전해요.  (답변 종료),1,132,96,36,5218270
504,6,8.86,"[itertools.product 사용 가능한 경우 사용] : 92.3 점 👍,
[README.md, pyproject.toml 필요] : 90.9 점 👍,
[함수 인수 type hint 필요] : 90.4 점 👍,
[중복되는 사항 common 으로 빼기] : 88.9 점,
[str 단순 += 대신 join 사용] : 87.7 점 (답변 시작)", 다시 살펴보니 문자열을 반복해서 더하고 있어요. 과감하게 조각을 많이 합칠 때는 join으로 모으면 성능과 의도가 함께 좋아져요. 🍀  (답변 종료),1,123,87,36,5218270
505,6,11.11,"[함수의 인자가 하나로 묶을 수 있는 경우 처리 권장] : 97.8 점 👍,
[동일한 인수 집합을 갖는 함수가 많은 경우 클래스화 고려] : 93.5 점 👍,
[if a.get(""b"") ... 형태로 수정 필요] : 40.9 점 🚨,
[import 순서 준수] : 12.0 점 🚨,
[함수 docstring, 함수명 의미 일치] : 1.5 점 🚨 (답변 시작)", 다시 살펴보니 docstring과 함수 동작이 서로 다르게 읽혀요. 문맥을 확인하며 docstring과 함수가 약속한 역할을 맞추면 다음 사람이 안심하고 호출할 수 있어요! 🎯  (답변 종료),1,156,111,45,5218270
506,6,12.03,"[개수 세기에 count 함수 사용] : 99.5 점 👍,
[지나치게 많은 들여쓰기 수정] : 96.8 점 👍,
[enumerate 사용 가능한 경우 사용] : 90.8 점 👍,
[파일 단순 읽기/쓰기는 Path 사용] : 89.7 점,
[의미 있는 함수명, 변수명 사용] : 79.9 점 (답변 시작)", 실행 경로를 훑어보니 역할을 짐작하기 어려운 함수나 변수 이름이 보여요. 🔍 조금만 시간을 내서 무엇을 하는지 드러나는 이름으로 바꾸면 설명서 없이도 코드가 읽혀요. 🌈  (답변 종료),1,141,92,49,5218270
507,6,9.82,"[enumerate 사용 가능한 경우 사용] : 92.8 점 👍,
[파일 단순 읽기/쓰기는 Path 사용] : 92.2 점 👍,
[리스트 컴프리헨션 사용이 가능한 경우 사용] : 91.2 점 👍,
[매우 간결한 변환은 map 사용] : 79.5 점,
[if-elif-elif-else 구문은 되도록 dict로 수정] : 66.8 점 (답변 시작)", 작은 개선을 찾다 보니 조건 분기가 길게 늘어진 곳이 있어요. 과감하게 값에 따른 선택이라면 dict 매핑으로 바꾸어 분기표를 단순하게 만들어 보세요. 💡  (답변 종료),1,140,100,40,5218270
508,6,10.81,"[조건문 중첩 대신 any, all 사용] : 51.0 점 🚨,
[함수의 인수를 변경 가능한 default value로 하지 않아야 함] : 46.7 점 🚨,
[불필요한 print, logging 제거] : 44.5 점 🚨,
[빈도수, 반복문, 경로명 리스트 추출 시 collections, itertools, glob 사용] : 32.0 점 🚨,
[고정값 상수화 필요] : 17.4 점 🚨 (답변 시작)", 리뷰 메모를 보면 같은 고정값이 여러 곳에 흩어져 있어요. 호기심을 갖고 의미 있는 상수 이름으로 꺼내 두면 정책을 바꿀 때 한 번에 손볼 수 있어요. 🍀  (답변 종료),1,158,114,44,5218270
509,6,12.3,"[한 줄의 길이는 일정 글자 이내로] : 99.0 점 👍,
[prefix, suffix 검사 시 startswith(), endswith() 사용] : 69.0 점,
[클래스 내부에서만 쓰이는 속성, 메서드 (접두사 있음) 호출 비 권장] : 48.9 점 🚨,
[함수의 인자가 하나로 묶을 수 있는 경우 처리 권장] : 35.9 점 🚨,
[함수의 인자가 유동적인 경우 처리 권장] : 16.8 점 🚨 (답변 시작)", 테스트하는 마음으로 보면 개수가 바뀔 수 있는 인수를 고정해 두고 있어요. 📌 필요한 곳부터 가변 인수는 *args나 **kwargs를 알맞게 쓰면 확장에 더 유연해져요! 🔍  (답변 종료),1,173,123,50,5218270
510,6,11.78,"[파일 열기, 닫기 시 with open(...) 사용] : 98.7 점 👍,
[prefix, suffix 검사 시 startswith(), endswith() 사용] : 96.4 점 👍,
[제너레이터 표현식 사용이 가능한 경우 사용] : 93.2 점 👍,
[인덱스 반환에 index 함수 사용] : 92.5 점 👍,
[f = lambda x: ... 보다는 def f(x): return ... 를 사용] : 70.7 점 (답변 시작)", 리팩터링 관점에서는 이름이 필요한 동작이 lambda에 숨어 있어요. 다음 배포를 생각하며 재사용하거나 설명이 필요한 로직은 def로 꺼내면 디버깅과 테스트가 편해져요. 🍀  (답변 종료),1,157,109,48,5218270
511,6,9.59,"[함수 인수 type hint 필요] : 97.5 점 👍,
[동일 인자 type 통일] : 87.6 점,
[f = lambda x: ... 보다는 def f(x): return ... 를 사용] : 81.1 점,
[의미 있는 함수명, 변수명 사용] : 64.7 점,
[한 줄의 길이는 일정 글자 이내로] : 44.4 점 🚨 (답변 시작)", 한 발 물러서서 보면 한 줄이 너무 길게 이어지는 곳이 있어요. 💡 다음 변경 전에 줄을 적당히 나누면 작은 화면에서도 흐름을 놓치지 않아요!  (답변 종료),1,135,96,39,5218270
512,6,9.1,"[고정값 상수화 필요] : 99.5 점 👍,
[import 순서 준수] : 97.9 점 👍,
[리스트 컴프리헨션 사용이 가능한 경우 사용] : 96.2 점 👍,
[매우 간결한 변환은 map 사용] : 91.8 점 👍,
[예외의 종류 (OOOError 등) 구체적 명시 권장] : 65.6 점 (답변 시작)", 리뷰 메모를 보면 너무 넓은 예외를 잡고 있어요. 필요한 곳부터 예상한 OOOError처럼 구체적인 예외만 잡으면 버그가 숨어버리지 않아요. 🐣  (답변 종료),1,132,95,37,5218270
513,6,10.82,"[제너레이터 표현식 사용이 가능한 경우 사용] : 91.9 점 👍,
[함수명, 반환값 간 일치] : 90.7 점 👍,
[enumerate 사용 가능한 경우 사용] : 51.7 점 🚨,
[if a.get(""b"") ... 형태로 수정 필요] : 44.4 점 🚨,
[유사한 변수명 통일] : 24.4 점 🚨 (답변 시작)", 읽는 사람의 눈으로 보면 비슷한 역할의 변수 이름이 제각각이에요. ✨ 개발자 마음으로 같은 개념에는 같은 이름 규칙을 쓰면 읽는 속도가 훨씬 빨라져요. 🙌  (답변 종료),1,146,102,44,5218270
514,6,10.61,"[a = my_list[0], b = my_list[1] ... 대신 unpacking 사용 필요] : 77.1 점,
[함수의 인자가 하나로 묶을 수 있는 경우 처리 권장] : 75.8 점,
[if-elif-elif-else 구문은 되도록 dict로 수정] : 66.8 점,
[zip 사용 가능한 경우 사용] : 66.1 점,
[파일 열기, 닫기 시 with open(...) 사용] : 63.0 점 (답변 시작)", 파일의 흐름을 따라가 보니 파일을 열고 닫는 일을 직접 관리하고 있어요. 팀과 맞춰 보며 with open(...)으로 감싸면 예외가 나도 파일이 안전하게 닫혀요. 💫  (답변 종료),1,153,110,43,5218270
515,6,11.54,"[if a.get(""b"") ... 형태로 수정 필요] : 73.1 점,
[함수 인수 type hint 필요] : 53.3 점 🚨,
[중복되는 사항 common 으로 빼기] : 24.8 점 🚨,
[if-elif-elif-else 구문은 되도록 dict로 수정] : 10.5 점 🚨,
[함수명, 반환값 간 일치] : 5.1 점 🚨 (답변 시작)", 개발자 입장에서 보면 함수 이름과 반환값의 약속이 어긋나는 곳이 있어요! 기록을 남기듯 반환하는 값을 이름에 맞추면 호출부에서 예상이 빗나가지 않아요. 🍀  (답변 종료),1,152,105,47,5218270
516,6,11.06,"[클래스 내부에서만 쓰이는 속성, 메서드 (접두사 있음) 호출 비 권장] : 88.2 점,
[인덱스 반환에 index 함수 사용] : 80.9 점,
[중복되는 사항 common 으로 빼기] : 19.3 점 🚨,
[불필요한 print, logging 제거] : 7.3 점 🚨,
[함수명, 반환값 간 일치] : 7.1 점 🚨 (답변 시작)", 코드의 표정을 읽어 보니 함수 이름과 반환값의 약속이 어긋나는 곳이 있어요. 우선 반환하는 값을 이름에 맞추면 호출부에서 예상이 빗나가지 않아요. 😺  (답변 종료),1,148,103,45,5218270
517,6,12.32,"[함수 인수 type hint 필요] : 98.6 점 👍,
[100 line 이상 함수 분리, docstring 필요] : 96.2 점 👍,
[import 순서 준수] : 40.6 점 🚨,
[a = my_list[0], b = my_list[1] ... 대신 unpacking 사용 필요] : 27.6 점 🚨,
[if a.get(""b"") ... 형태로 수정 필요] : 13.9 점 🚨 (답변 시작)"," 파일을 다시 훑어보니 딕셔너리 키를 꺼내는 과정이 장황해요. 다음 커밋에서 a.get(""b"")처럼 안전하게 꺼내면 누락된 키에서도 흐름이 부드러워요. 🐣  (답변 종료)",1,161,111,50,5218270
518,6,10.34,"[주석 처리된 코드 제거] : 97.6 점 👍,
[예외를 삼키는 경우가 없어야 함] : 97.2 점 👍,
[기존 배열의 원소 추가 대신 extend 함수 사용] : 93.8 점 👍,
[a = my_list[0], b = my_list[1] ... 대신 unpacking 사용 필요] : 77.4 점,
[동일한 인수 집합을 갖는 함수가 많은 경우 클래스화 고려] : 64.4 점 (답변 시작)", 한 번 더 확인해 보니 같은 설정을 계속 받는 함수가 여러 개예요. 이왕이면 공통 상태를 가진 객체로 묶으면 인자 전달이 가벼워지고 역할도 선명해져요.  (답변 종료),1,151,109,42,5218270
519,6,10.57,"[매우 간결한 변환은 map 사용] : 98.4 점 👍,
[지나치게 많은 들여쓰기 수정] : 96.1 점 👍,
[함수의 인자가 유동적인 경우 처리 권장] : 91.1 점 👍,
[파일 열기, 닫기 시 with open(...) 사용] : 57.8 점 🚨,
[itertools.product 사용 가능한 경우 사용] : 5.5 점 🚨 (답변 시작)", 구현을 찬찬히 들여다보니 조합을 만들려고 중첩 반복문을 쓰고 있어요. 🔍 과감하게 모든 조합이 필요할 때는 itertools.product로 의도를 또렷하게 드러내요! 🔍  (답변 종료),1,142,99,43,5218270
520,6,10.07,"[중복되는 사항 common 으로 빼기] : 95.5 점 👍,
[제너레이터 표현식 사용이 가능한 경우 사용] : 90.8 점 👍,
[인덱스 반환에 index 함수 사용] : 74.5 점,
[매우 간결한 변환은 map 사용] : 48.1 점 🚨,
[itertools.product 사용 가능한 경우 사용] : 34.6 점 🚨 (답변 시작)", 작은 개선을 찾다 보니 조합을 만들려고 중첩 반복문을 쓰고 있어요. 과감하게 모든 조합이 필요할 때는 itertools.product로 의도를 또렷하게 드러내요! 🔍  (답변 종료),1,135,94,41,5218270
521,6,10.07,"[인덱스 반환에 index 함수 사용] : 92.8 점 👍,
[비어 있는 문자열 여부 판단 간소화] : 84.5 점,
[문자열 단순 연결보다는 f-string 사용] : 71.7 점,
[기존 배열의 원소 추가 대신 extend 함수 사용] : 43.5 점 🚨,
[의미 있는 함수명, 변수명 사용] : 24.7 점 🚨 (답변 시작)", 천천히 살펴보면 역할을 짐작하기 어려운 함수나 변수 이름이 보여요. 한 호흡 쉬고 무엇을 하는지 드러나는 이름으로 바꾸면 설명서 없이도 코드가 읽혀요! 📌  (답변 종료),1,138,97,41,5218270
522,6,11.1,"[prefix, suffix 검사 시 startswith(), endswith() 사용] : 94.4 점 👍,
[동일 인자 type 통일] : 91.8 점 👍,
[불필요한 print, logging 제거] : 91.2 점 👍,
[key=itemgetter(""key"") 사용 권장] : 91.0 점 👍,
[f = lambda x: ... 보다는 def f(x): return ... 를 사용] : 61.8 점 (답변 시작)", 변경 가능성을 살펴보니 이름이 필요한 동작이 lambda에 숨어 있어요. 🐣 살펴본 김에 재사용하거나 설명이 필요한 로직은 def로 꺼내면 디버깅과 테스트가 편해져요.  (답변 종료),1,147,102,45,5218270
523,6,11.06,"[함수명, 반환값 간 일치] : 92.8 점 👍,
[README.md, pyproject.toml 필요] : 86.7 점,
[경로를 path/to/file 이 아닌, pathlib 또는 os.path.join 사용] : 77.2 점,
[함수 인수 type hint 필요] : 68.1 점,
[파일 열기, 닫기 시 with open(...) 사용] : 5.4 점 🚨 (답변 시작)", 코드의 결을 살펴보면 파일을 열고 닫는 일을 직접 관리하고 있어요. 💫 다음 커밋에서 with open(...)으로 감싸면 예외가 나도 파일이 안전하게 닫혀요. 🧼  (답변 종료),1,144,99,45,5218270
524,6,10.56,"[assertion을 제어 메커니즘으로 사용하면 안됨] : 98.2 점 👍,
[빈도수, 반복문, 경로명 리스트 추출 시 collections, itertools, glob 사용] : 93.5 점 👍,
[중복되는 사항 common 으로 빼기] : 92.3 점 👍,
[인덱스 반환에 index 함수 사용] : 91.0 점 👍,
[함수 인수 type hint 필요] : 67.7 점 (답변 시작)", 실행 경로를 훑어보니 함수 인수의 type hint가 비어 있어요. 📌 코드의 맥락을 보며 인수에 type hint를 달아 두면 들어오는 데이터가 무엇인지 바로 알 수 있어요.  (답변 종료),1,145,102,43,5218270
525,6,10.8,"[함수명, 반환값 간 일치] : 100.0 점 👍,
[클래스 내부에서만 쓰이는 속성, 메서드 (접두사 있음) 호출 비 권장] : 78.1 점,
[함수의 인자가 유동적인 경우 처리 권장] : 61.2 점,
[매우 간결한 변환은 map 사용] : 42.3 점 🚨,
[고정값 상수화 필요] : 24.6 점 🚨 (답변 시작)", 리뷰 메모를 보면 같은 고정값이 여러 곳에 흩어져 있어요. 호기심을 갖고 의미 있는 상수 이름으로 꺼내 두면 정책을 바꿀 때 한 번에 손볼 수 있어요. 🍀  (답변 종료),1,148,104,44,5218270
526,6,9.37,"[예외를 삼키는 경우가 없어야 함] : 73.0 점,
[a = my_list[0], b = my_list[1] ... 대신 unpacking 사용 필요] : 72.6 점,
[if-elif-elif-else 구문은 되도록 dict로 수정] : 67.7 점,
[매우 간결한 변환은 map 사용] : 50.2 점 🚨,
[미 사용 변수/함수 제거] : 49.0 점 🚨 (답변 시작)", 리뷰 메모를 보면 쓰이지 않는 변수나 함수가 남아 있네요. 프로젝트를 아끼는 마음으로 참조되지 않는 선언을 걷어 내면 핵심 로직만 또렷하게 남아요.  (답변 종료),1,147,109,38,5218270
527,6,8.18,"[매우 간결한 변환은 map 사용] : 97.3 점 👍,
[조건문 중첩 대신 any, all 사용] : 92.2 점 👍,
[유사한 변수명 통일] : 91.5 점 👍,
[기존 배열의 원소 추가 대신 extend 함수 사용] : 67.2 점,
[한 줄의 길이는 일정 글자 이내로] : 6.5 점 🚨 (답변 시작)", 변경 가능성을 살펴보니 한 줄이 너무 길게 이어지는 곳이 있어요. 안전하게 줄을 적당히 나누면 작은 화면에서도 흐름을 놓치지 않아요.  (답변 종료),1,130,97,33,5218270
528,6,10.57,"[assertion을 제어 메커니즘으로 사용하면 안됨] : 92.8 점 👍,
[동일한 인수 집합을 갖는 함수가 많은 경우 클래스화 고려] : 79.6 점,
[함수 docstring, 함수명 의미 일치] : 77.1 점,
[클래스 내부에서만 쓰이는 속성, 메서드 (접두사 있음) 호출 비 권장] : 72.9 점,
[파일 단순 읽기/쓰기는 Path 사용] : 4.2 점 🚨 (답변 시작)", 다시 살펴보니 간단한 파일 작업이 장황하게 처리되고 있어요. 🎯 다음 커밋에서 Path의 읽기와 쓰기 메서드를 쓰면 파일 작업이 짧고 단단해져요.  (답변 종료),1,154,111,43,5218270
529,6,11.1,"[동일 인자 type 통일] : 97.2 점 👍,
[함수의 인자가 유동적인 경우 처리 권장] : 92.7 점 👍,
[제너레이터 표현식 사용이 가능한 경우 사용] : 75.9 점,
[언패킹 시 숫자 인덱스 사용하지 말 것 (변수에 바로 할당)] : 65.8 점,
[함수명, 반환값 간 일치] : 63.1 점 (답변 시작)", 한 발 물러서서 보면 함수 이름과 반환값의 약속이 어긋나는 곳이 있어요. 가볍게 반환하는 값을 이름에 맞추면 호출부에서 예상이 빗나가지 않아요. 🌈  (답변 종료),1,143,98,45,5218270
530,6,11.06,"[상태 값 조건이 있는 if-elif-elif-else 있는 경우 클래스화 고려] : 98.1 점 👍,
[불필요한 변수 생성 대신 defaultdict 권장] : 96.6 점 👍,
[import 순서 준수] : 93.5 점 👍,
[예외의 종류 (OOOError 등) 구체적 명시 권장] : 93.3 점 👍,
[함수의 인자가 하나로 묶을 수 있는 경우 처리 권장] : 44.4 점 🚨 (답변 시작)", 이 파일을 읽다 보면 함께 움직이는 인수가 따로따로 전달되고 있어요. 한 호흡 쉬고 함께 쓰는 값을 객체나 dataclass로 묶으면 호출부가 훨씬 덜 복잡해져요! 📌  (답변 종료),1,159,114,45,5218270
531,6,11.59,"[enumerate 사용 가능한 경우 사용] : 95.6 점 👍,
[함수 docstring, 함수명 의미 일치] : 93.4 점 👍,
[f = lambda x: ... 보다는 def f(x): return ... 를 사용] : 85.3 점,
[중복되는 사항 common 으로 빼기] : 54.7 점 🚨,
[고정값 상수화 필요] : 46.6 점 🚨 (답변 시작)", 개발자 입장에서 보면 같은 고정값이 여러 곳에 흩어져 있어요. 🔍 한 호흡 쉬고 의미 있는 상수 이름으로 꺼내 두면 정책을 바꿀 때 한 번에 손볼 수 있어요! 🚀  (답변 종료),1,147,100,47,5218270
532,6,10.82,"[정규 표현식 문자열은 r""..."" 권장] : 98.7 점 👍,
[동일한 인수 집합을 갖는 함수가 많은 경우 클래스화 고려] : 91.2 점 👍,
[동일 인자 type 통일] : 69.9 점,
[Python 예약어를 변수명으로 사용하지 않아야 함] : 68.1 점,
[의미 있는 함수명, 변수명 사용] : 6.8 점 🚨 (답변 시작)", 이 파일을 읽다 보면 역할을 짐작하기 어려운 함수나 변수 이름이 보여요. 작은 정성으로 무엇을 하는지 드러나는 이름으로 바꾸면 설명서 없이도 코드가 읽혀요! 🍀  (답변 종료),1,145,101,44,5218270
533,6,10.08,"[itertools.product 사용 가능한 경우 사용] : 85.4 점,
[파일 단순 읽기/쓰기는 Path 사용] : 82.8 점,
[유사한 변수명 통일] : 80.2 점,
[예외의 종류 (OOOError 등) 구체적 명시 권장] : 69.6 점,
[동일한 인수 집합을 갖는 함수가 많은 경우 클래스화 고려] : 64.8 점 (답변 시작)", 다시 살펴보니 같은 설정을 계속 받는 함수가 여러 개예요. 이번 수정에서는 공통 상태를 가진 객체로 묶으면 인자 전달이 가벼워지고 역할도 선명해져요.  (답변 종료),1,135,94,41,5218270
534,6,10.57,"[assertion을 제어 메커니즘으로 사용하면 안됨] : 99.0 점 👍,
[주석 처리된 코드 제거] : 93.0 점 👍,
[함수명, 반환값 간 일치] : 91.4 점 👍,
[zip 사용 가능한 경우 사용] : 88.2 점,
[제너레이터 표현식 사용이 가능한 경우 사용] : 74.7 점 (답변 시작)", 팀원이 처음 본다고 생각하면 한 번만 쓸 중간 목록이 만들어지고 있어요. 흐름을 따라 한 번만 순회한다면 제너레이터 표현식으로 메모리를 아껴 볼 만해요. 📌  (답변 종료),1,134,91,43,5218270
535,6,9.11,"[zip 사용 가능한 경우 사용] : 86.1 점,
[한 줄의 길이는 일정 글자 이내로] : 83.5 점,
[언패킹 시 숫자 인덱스 사용하지 말 것 (변수에 바로 할당)] : 67.9 점,
[주석 처리된 코드 제거] : 17.7 점 🚨,
[중복되는 사항 common 으로 빼기] : 0.6 점 🚨 (답변 시작)", 개발자 입장에서 보면 같은 처리가 여러 곳에서 반복되고 있어요. 차분하게 공통 동작을 한곳으로 모으면 수정할 때 놓칠 구석이 줄어요. 🔍  (답변 종료),1,132,95,37,5218270
536,6,12.56,"[한 줄의 길이는 일정 글자 이내로] : 91.8 점 👍,
[상태 값 조건이 있는 if-elif-elif-else 있는 경우 클래스화 고려] : 91.7 점 👍,
[파일 단순 읽기/쓰기는 Path 사용] : 90.2 점 👍,
[제너레이터 표현식 사용이 가능한 경우 사용] : 7.6 점 🚨,
[key=itemgetter(""key"") 사용 권장] : 4.6 점 🚨 (답변 시작)"," 파일의 흐름을 따라가 보니 정렬 키를 lambda로 길게 꺼내고 있어요. 다음 커밋에서 딕셔너리 키로 정렬할 때는 itemgetter(""key"")가 더 간결하게 뜻을 전해요. 🎯  (답변 종료)",1,164,113,51,5218270
537,6,9.83,"[클래스 내부에서만 쓰이는 속성, 메서드 (접두사 있음) 호출 비 권장] : 93.9 점 👍,
[enumerate 사용 가능한 경우 사용] : 86.9 점,
[주석 처리된 코드 제거] : 72.3 점,
[상태 값 조건이 있는 if-elif-elif-else 있는 경우 클래스화 고려] : 30.9 점 🚨,
[중복되는 사항 common 으로 빼기] : 5.2 점 🚨 (답변 시작)", 개발자 입장에서 보면 같은 처리가 여러 곳에서 반복되고 있어요. 🌈 명확하게 공통 동작을 한곳으로 모으면 수정할 때 놓칠 구석이 줄어요. 🔍  (답변 종료),1,150,110,40,5218270
538,6,12.51,"[상태 값 조건이 있는 if-elif-elif-else 있는 경우 클래스화 고려] : 98.8 점 👍,
[주석 처리된 코드 제거] : 92.3 점 👍,
[빈 파일 TODO 표시 필요] : 91.7 점 👍,
[예외를 삼키는 경우가 없어야 함] : 24.3 점 🚨,
[key=itemgetter(""key"") 사용 권장] : 11.6 점 🚨 (답변 시작)"," 파일의 흐름을 따라가 보니 정렬 키를 lambda로 길게 꺼내고 있어요. 다음 커밋에서 딕셔너리 키로 정렬할 때는 itemgetter(""key"")가 더 간결하게 뜻을 전해요. 📌  (답변 종료)",1,155,104,51,5218270
539,6,10.33,"[prefix, suffix 검사 시 startswith(), endswith() 사용] : 99.0 점 👍,
[if a.get(""b"") ... 형태로 수정 필요] : 98.8 점 👍,
[비어 있는 문자열 여부 판단 간소화] : 92.8 점 👍,
[예외의 종류 (OOOError 등) 구체적 명시 권장] : 61.4 점,
[함수 docstring, 함수명 의미 일치] : 28.2 점 🚨 (답변 시작)", 다시 살펴보니 docstring과 함수 동작이 서로 다르게 읽혀요. 문맥을 확인하며 docstring과 함수가 약속한 역할을 맞추면 다음 사람이 안심하고 호출할 수 있어요!  (답변 종료),1,151,109,42,5218270
540,6,10.13,"[한 줄의 길이는 일정 글자 이내로] : 94.5 점 👍,
[주석 처리된 코드 제거] : 90.2 점 👍,
[예외의 종류 (OOOError 등) 구체적 명시 권장] : 71.1 점,
[100 line 이상 함수 분리, docstring 필요] : 45.0 점 🚨,
[숫자 값은 위쪽에 상수로] : 35.9 점 🚨 (답변 시작)", 한 발 물러서서 보면 로직 사이에 매직 넘버가 숨어 있어요. 🔍 가능한 범위에서 매직 넘버를 파일 위쪽의 상수로 올리면 숫자가 왜 필요한지 바로 보여요.  (답변 종료),1,143,102,41,5218270
541,6,10.79,"[README.md, pyproject.toml 필요] : 94.8 점 👍,
[숫자 값은 위쪽에 상수로] : 91.3 점 👍,
[지나치게 많은 들여쓰기 수정] : 91.1 점 👍,
[상태 값 조건이 있는 if-elif-elif-else 있는 경우 클래스화 고려] : 86.2 점,
[itertools.product 사용 가능한 경우 사용] : 4.5 점 🚨 (답변 시작)", 변경 가능성을 살펴보니 조합을 만들려고 중첩 반복문을 쓰고 있어요. 💫 다음 커밋에서 모든 조합이 필요할 때는 itertools.product로 의도를 또렷하게 드러내요. 🔍  (답변 종료),1,148,104,44,5218270
542,6,10.06,"[함수명, 반환값 간 일치] : 99.7 점 👍,
[지나치게 많은 들여쓰기 수정] : 88.5 점,
[동일 인자 type 통일] : 83.6 점,
[숫자 값은 위쪽에 상수로] : 66.2 점,
[zip 사용 가능한 경우 사용] : 0.1 점 🚨 (답변 시작)", 미래의 나를 위해 보면 두 목록을 인덱스로 따로 읽고 있어요. 한 번에 나란히 읽는 값들은 zip으로 묶어 주면 인덱스 실수를 막을 수 있어요. 😺  (답변 종료),1,126,85,41,5218270
543,6,9.83,"[정규 표현식 문자열은 r""..."" 권장] : 99.1 점 👍,
[숫자 값은 위쪽에 상수로] : 94.4 점 👍,
[동일 인자 type 통일] : 91.0 점 👍,
[예외의 종류 (OOOError 등) 구체적 명시 권장] : 79.8 점,
[인덱스 반환에 index 함수 사용] : 74.5 점 (답변 시작)", 다음 커밋을 생각해 보면 위치를 찾기 위해 직접 반복하고 있어요. 리뷰 메모를 따라 첫 위치가 필요할 때는 index를 쓰면 목적이 바로 보입니다. 🍀  (답변 종료),1,135,95,40,5218270
544,6,10.33,"[클래스 내부에서만 쓰이는 속성, 메서드 (접두사 있음) 호출 비 권장] : 99.6 점 👍,
[f = lambda x: ... 보다는 def f(x): return ... 를 사용] : 97.7 점 👍,
[고정값 상수화 필요] : 90.0 점 👍,
[인덱스 반환에 index 함수 사용] : 65.9 점,
[import 순서 준수] : 62.9 점 (답변 시작)", 다음 커밋을 생각해 보면 import 배치가 섞여 있어요. 🐣 가능한 범위에서 표준 라이브러리와 외부 패키지와 내부 모듈을 차례로 정리하면 시작 화면이 말끔해져요!  (답변 종료),1,145,103,42,5218270
545,6,9.4,"[유사한 이름의 함수끼리 가까이 위치하도록 수정 권장] : 91.6 점 👍,
[import 순서 준수] : 81.3 점,
[경로를 path/to/file 이 아닌, pathlib 또는 os.path.join 사용] : 46.7 점 🚨,
[고정값 상수화 필요] : 21.4 점 🚨,
[지나치게 많은 들여쓰기 수정] : 1.2 점 🚨 (답변 시작)", 리뷰 메모를 보면 들여쓰기 단계가 깊어 흐름을 따라가기 어려워요. 작은 함수로 쪼개거나 빠른 반환을 쓰면 조건의 미로가 얕아져요.  (답변 종료),1,138,100,38,5218270
546,6,8.38,"[주석 처리된 코드 제거] : 97.3 점 👍,
[함수의 인자가 하나로 묶을 수 있는 경우 처리 권장] : 89.2 점,
[불필요한 변수 생성 대신 defaultdict 권장] : 67.0 점,
[예외의 종류 (OOOError 등) 구체적 명시 권장] : 62.7 점,
[한 줄의 길이는 일정 글자 이내로] : 38.6 점 🚨 (답변 시작)", 파일을 다시 훑어보니 한 줄이 너무 길게 이어지는 곳이 있어요. 살짝 줄을 적당히 나누면 작은 화면에서도 흐름을 놓치지 않아요!  (답변 종료),1,135,101,34,5218270
547,6,11.05,"[상태 값 조건이 있는 if-elif-elif-else 있는 경우 클래스화 고려] : 90.0 점 👍,
[인덱스 반환에 index 함수 사용] : 75.5 점,
[a = my_list[0], b = my_list[1] ... 대신 unpacking 사용 필요] : 52.1 점 🚨,
[함수의 인자가 유동적인 경우 처리 권장] : 20.4 점 🚨,
[조건문 중첩 대신 any, all 사용] : 18.8 점 🚨 (답변 시작)", 파일을 다시 훑어보니 조건문이 여러 겹으로 겹쳐 있어요. 다음 커밋에서 여러 조건의 존재 여부는 any나 all에 맡기면 뜻이 훨씬 또렷해져요! 📌  (답변 종료),1,166,121,45,5218270
548,6,10.8,"[한 줄의 길이는 일정 글자 이내로] : 98.3 점 👍,
[제너레이터 표현식 사용이 가능한 경우 사용] : 86.9 점,
[클래스 내부에서만 쓰이는 속성, 메서드 (접두사 있음) 호출 비 권장] : 81.1 점,
[개수 세기에 count 함수 사용] : 71.4 점,
[유사한 이름의 함수끼리 가까이 위치하도록 수정 권장] : 67.9 점 (답변 시작)", 코드의 표정을 읽어 보니 비슷한 이름의 함수가 파일 곳곳에 흩어져 있어요. 한 줄씩 비슷한 역할의 함수를 가까이 두면 탐색 시간이 줄고 파일 구조가 자연스러워져요. 😉  (답변 종료),1,150,106,44,5218270
549,6,10.12,"[한 줄의 길이는 일정 글자 이내로] : 98.8 점 👍,
[함수의 인자가 유동적인 경우 처리 권장] : 91.6 점 👍,
[제너레이터 표현식 사용이 가능한 경우 사용] : 86.9 점,
[기존 배열의 원소 추가 대신 extend 함수 사용] : 64.9 점,
[중복되는 사항 common 으로 빼기] : 6.7 점 🚨 (답변 시작)", 파일의 흐름을 따라가 보니 같은 처리가 여러 곳에서 반복되고 있어요. 🌿 한 발 먼저 공통 동작을 한곳으로 모으면 수정할 때 놓칠 구석이 줄어요.  (답변 종료),1,141,100,41,5218270
550,6,10.31,"[함수 docstring, 함수명 의미 일치] : 97.6 점 👍,
[주석 처리된 코드 제거] : 96.5 점 👍,
[경로를 path/to/file 이 아닌, pathlib 또는 os.path.join 사용] : 95.5 점 👍,
[동일한 인수 집합을 갖는 함수가 많은 경우 클래스화 고려] : 50.9 점 🚨,
[유사한 변수명 통일] : 39.9 점 🚨 (답변 시작)", 한 번 더 확인해 보니 비슷한 역할의 변수 이름이 제각각이에요. 🎯 살짝 같은 개념에는 같은 이름 규칙을 쓰면 읽는 속도가 훨씬 빨라져요. 🙌  (답변 종료),1,148,106,42,5218270
551,6,10.35,"[개수 세기에 count 함수 사용] : 96.3 점 👍,
[key=itemgetter(""key"") 사용 권장] : 94.3 점 👍,
[숫자 값은 위쪽에 상수로] : 25.3 점 🚨,
[함수명, 반환값 간 일치] : 6.8 점 🚨,
[a = my_list[0], b = my_list[1] ... 대신 unpacking 사용 필요] : 0.3 점 🚨 (답변 시작)", 한 발 물러서서 보면 목록의 원소를 하나씩 꺼내고 있어요. 한 호흡 쉬고 정해진 순서의 값은 unpacking으로 풀어 주면 한 번에 읽혀요. 📌  (답변 종료),1,153,111,42,5218270
552,6,10.9,"[중복되는 사항 common 으로 빼기] : 99.5 점 👍,
[문자열 단순 연결보다는 f-string 사용] : 95.1 점 👍,
[파일 단순 읽기/쓰기는 Path 사용] : 93.8 점 👍,
[prefix, suffix 검사 시 startswith(), endswith() 사용] : 83.6 점,
[유사한 변수명 통일] : 18.2 점 🚨 (답변 시작)", 가독성에 집중해 보면 비슷한 역할의 변수 이름이 제각각이에요. 📌 작은 정성으로 같은 개념에는 같은 이름 규칙을 쓰면 읽는 속도가 훨씬 빨라져요. 🙌  (답변 종료),1,144,100,44,5218270
553,6,9.12,"[함수의 인자가 하나로 묶을 수 있는 경우 처리 권장] : 96.3 점 👍,
[고정값 상수화 필요] : 91.9 점 👍,
[동일한 인수 집합을 갖는 함수가 많은 경우 클래스화 고려] : 54.4 점 🚨,
[조건문 중첩 대신 any, all 사용] : 7.6 점 🚨,
[한 줄의 길이는 일정 글자 이내로] : 3.1 점 🚨 (답변 시작)", 파일을 다시 훑어보니 한 줄이 너무 길게 이어지는 곳이 있어요. 다음 변경 전에 줄을 적당히 나누면 작은 화면에서도 흐름을 놓치지 않아요.  (답변 종료),1,148,111,37,5218270
554,6,12.54,"[상태 값 조건이 있는 if-elif-elif-else 있는 경우 클래스화 고려] : 99.6 점 👍,
[지나치게 많은 들여쓰기 수정] : 94.8 점 👍,
[str 단순 += 대신 join 사용] : 77.0 점,
[리스트 컴프리헨션 사용이 가능한 경우 사용] : 69.6 점,
[key=itemgetter(""key"") 사용 권장] : 5.4 점 🚨 (답변 시작)"," 리뷰 돋보기를 대 보니 정렬 키를 lambda로 길게 꺼내고 있어요. 다음 변경 전에 딕셔너리 키로 정렬할 때는 itemgetter(""key"")가 더 간결하게 뜻을 전해요. 🎯  (답변 종료)",1,154,103,51,5218270
555,6,10.64,"[중복되는 사항 common 으로 빼기] : 94.4 점 👍,
[매우 간결한 변환은 map 사용] : 93.3 점 👍,
[zip 사용 가능한 경우 사용] : 65.2 점,
[f = lambda x: ... 보다는 def f(x): return ... 를 사용] : 19.1 점 🚨,
[조건문 중첩 대신 any, all 사용] : 18.8 점 🚨 (답변 시작)", 수정할 곳을 찾다 보니 조건문이 여러 겹으로 겹쳐 있어요. 문맥을 확인하며 여러 조건의 존재 여부는 any나 all에 맡기면 뜻이 훨씬 또렷해져요.  (답변 종료),1,143,100,43,5218270
556,6,10.79,"[f = lambda x: ... 보다는 def f(x): return ... 를 사용] : 94.7 점 👍,
[prefix, suffix 검사 시 startswith(), endswith() 사용] : 94.5 점 👍,
[a = my_list[0], b = my_list[1] ... 대신 unpacking 사용 필요] : 83.8 점,
[지나치게 많은 들여쓰기 수정] : 29.1 점 🚨,
[동일 인자 type 통일] : 10.6 점 🚨 (답변 시작)", 파일을 다시 훑어보니 같은 의미의 인수에서 type 표기가 통일되지 않았어요. 천천히 인수의 type을 한 방식으로 맞추면 호출하는 쪽도 덜 헷갈려요. 🎯  (답변 종료),1,160,116,44,5218270
557,6,10.08,"[중복되는 사항 common 으로 빼기] : 67.3 점,
[불필요한 print, logging 제거] : 35.6 점 🚨,
[정규 표현식 문자열은 r""..."" 권장] : 35.2 점 🚨,
[동일한 인수 집합을 갖는 함수가 많은 경우 클래스화 고려] : 29.7 점 🚨,
[불필요한 변수 생성 대신 defaultdict 권장] : 2.6 점 🚨 (답변 시작)", 변경 가능성을 살펴보니 키별 초기화를 직접 반복하고 있어요. 한 줄씩 키별로 값을 모을 때는 defaultdict를 쓰면 분기와 보일러플레이트가 줄어들어요. 📌  (답변 종료),1,144,103,41,5218270
558,6,9.89,"[조건문 중첩 대신 any, all 사용] : 95.2 점 👍,
[예외를 삼키는 경우가 없어야 함] : 94.4 점 👍,
[함수의 인수를 변경 가능한 default value로 하지 않아야 함] : 93.7 점 👍,
[key=itemgetter(""key"") 사용 권장] : 64.5 점,
[str 단순 += 대신 join 사용] : 49.4 점 🚨 (답변 시작)", 파일의 흐름을 따라가 보니 문자열을 반복해서 더하고 있어요. 가능하다면 조각을 많이 합칠 때는 join으로 모으면 성능과 의도가 함께 좋아져요. 🍀  (답변 종료),1,140,100,40,5218270
559,6,9.82,"[파일 열기, 닫기 시 with open(...) 사용] : 92.8 점 👍,
[불필요한 변수 생성 대신 defaultdict 권장] : 85.3 점,
[함수의 인자가 하나로 묶을 수 있는 경우 처리 권장] : 50.6 점 🚨,
[100 line 이상 함수 분리, docstring 필요] : 18.0 점 🚨,
[함수 인수 type hint 필요] : 17.4 점 🚨 (답변 시작)", 한 번 더 확인해 보니 함수 인수의 type hint가 비어 있어요. 📌 지금 바로 인수에 type hint를 달아 두면 들어오는 데이터가 무엇인지 바로 알 수 있어요.  (답변 종료),1,145,105,40,5218270
560,6,11.29,"[함수 docstring, 함수명 의미 일치] : 99.5 점 👍,
[import 순서 준수] : 96.7 점 👍,
[미 사용 변수/함수 제거] : 62.3 점,
[상태 값 조건이 있는 if-elif-elif-else 있는 경우 클래스화 고려] : 16.8 점 🚨,
[동일한 인수 집합을 갖는 함수가 많은 경우 클래스화 고려] : 2.5 점 🚨 (답변 시작)", 코드의 결을 살펴보면 같은 설정을 계속 받는 함수가 여러 개예요. 😺 리뷰 메모를 따라 공통 상태를 가진 객체로 묶으면 인자 전달이 가벼워지고 역할도 선명해져요.  (답변 종료),1,153,107,46,5218270
561,6,12.75,"[100 line 이상 함수 분리, docstring 필요] : 98.7 점 👍,
[비어 있는 문자열 여부 판단 간소화] : 91.4 점 👍,
[리스트 컴프리헨션 사용이 가능한 경우 사용] : 79.1 점,
[언패킹 시 숫자 인덱스 사용하지 말 것 (변수에 바로 할당)] : 73.2 점,
[함수의 인수를 변경 가능한 default value로 하지 않아야 함] : 60.0 점 (답변 시작)", 바꿀 지점을 골라 보니 기본 인수에 리스트나 딕셔너리를 넣고 있어요. 🌈 다음 변경 전에 리스트나 딕셔너리는 None으로 두고 함수 안에서 만들면 호출 사이에 상태가 섞이지 않아요. 💫  (답변 종료),1,158,106,52,5218270
562,6,11.08,"[파일 열기, 닫기 시 with open(...) 사용] : 98.9 점 👍,
[유사한 이름의 함수끼리 가까이 위치하도록 수정 권장] : 97.0 점 👍,
[매우 간결한 변환은 map 사용] : 96.6 점 👍,
[경로를 path/to/file 이 아닌, pathlib 또는 os.path.join 사용] : 81.9 점,
[동일한 인수 집합을 갖는 함수가 많은 경우 클래스화 고려] : 66.4 점 (답변 시작)", 한 번 더 확인해 보니 같은 설정을 계속 받는 함수가 여러 개예요. 🎯 이왕이면 공통 상태를 가진 객체로 묶으면 인자 전달이 가벼워지고 역할도 선명해져요.  (답변 종료),1,153,108,45,5218270
563,6,9.38,"[a = my_list[0], b = my_list[1] ... 대신 unpacking 사용 필요] : 99.4 점 👍,
[함수 인수 type hint 필요] : 93.4 점 👍,
[클래스 내부에서만 쓰이는 속성, 메서드 (접두사 있음) 호출 비 권장] : 90.8 점 👍,
[함수의 인수를 변경 가능한 default value로 하지 않아야 함] : 34.5 점 🚨,
[불필요한 변수 생성 대신 defaultdict 권장] : 5.5 점 🚨 (답변 시작)", 이번 리뷰에서는 키별 초기화를 직접 반복하고 있어요. 흐름을 따라 키별로 값을 모을 때는 defaultdict를 쓰면 분기와 보일러플레이트가 줄어들어요.  (답변 종료),1,162,124,38,5218270
564,6,11.54,"[함수명, 반환값 간 일치] : 94.9 점 👍,
[enumerate 사용 가능한 경우 사용] : 87.9 점,
[if a.get(""b"") ... 형태로 수정 필요] : 81.3 점,
[zip 사용 가능한 경우 사용] : 67.0 점,
[상태 값 조건이 있는 if-elif-elif-else 있는 경우 클래스화 고려] : 51.8 점 🚨 (답변 시작)", 리뷰 메모를 보면 상태에 따라 갈라지는 조건문이 길게 이어져요. 작은 정성으로 상태별 동작을 클래스로 나누면 새 상태를 더할 때 기존 조건문을 덜 건드려도 돼요.  (답변 종료),1,149,102,47,5218270
565,6,11.78,"[함수의 인수를 변경 가능한 default value로 하지 않아야 함] : 91.3 점 👍,
[유사한 이름의 함수끼리 가까이 위치하도록 수정 권장] : 91.2 점 👍,
[itertools.product 사용 가능한 경우 사용] : 82.5 점,
[enumerate 사용 가능한 경우 사용] : 81.7 점,
[상태 값 조건이 있는 if-elif-elif-else 있는 경우 클래스화 고려] : 59.4 점 🚨 (답변 시작)", 코드의 결을 살펴보면 상태에 따라 갈라지는 조건문이 길게 이어져요. 한 발 먼저 상태별 동작을 클래스로 나누면 새 상태를 더할 때 기존 조건문을 덜 건드려도 돼요.  (답변 종료),1,157,109,48,5218270
566,6,9.61,"[itertools.product 사용 가능한 경우 사용] : 93.3 점 👍,
[고정값 상수화 필요] : 92.4 점 👍,
[의미 있는 함수명, 변수명 사용] : 80.6 점,
[str 단순 += 대신 join 사용] : 63.3 점,
[a = my_list[0], b = my_list[1] ... 대신 unpacking 사용 필요] : 41.1 점 🚨 (답변 시작)", 천천히 살펴보면 목록의 원소를 하나씩 꺼내고 있어요. 흐름을 따라 정해진 순서의 값은 unpacking으로 풀어 주면 한 번에 읽혀요. 📌  (답변 종료),1,140,101,39,5218270
567,6,11.36,"[조건문 중첩 대신 any, all 사용] : 95.4 점 👍,
[비어 있는 문자열 여부 판단 간소화] : 91.1 점 👍,
[유사한 변수명 통일] : 79.7 점,
[prefix, suffix 검사 시 startswith(), endswith() 사용] : 74.5 점,
[assertion을 제어 메커니즘으로 사용하면 안됨] : 28.2 점 🚨 (답변 시작)", 가독성에 집중해 보면 assert가 실행 흐름을 대신하고 있어요. 😺 작은 단계로 검증이 필요한 분기는 명시적인 예외 처리로 바꾸어야 배포 환경에서도 안전해요. 🌿  (답변 종료),1,144,98,46,5218270
568,6,10.57,"[a = my_list[0], b = my_list[1] ... 대신 unpacking 사용 필요] : 97.4 점 👍,
[if-elif-elif-else 구문은 되도록 dict로 수정] : 95.3 점 👍,
[리스트 컴프리헨션 사용이 가능한 경우 사용] : 81.2 점,
[지나치게 많은 들여쓰기 수정] : 75.1 점,
[동일한 인수 집합을 갖는 함수가 많은 경우 클래스화 고려] : 7.5 점 🚨 (답변 시작)", 리뷰 메모를 보면 같은 설정을 계속 받는 함수가 여러 개예요. 이번 수정에서는 공통 상태를 가진 객체로 묶으면 인자 전달이 가벼워지고 역할도 선명해져요!  (답변 종료),1,161,118,43,5218270
569,6,12.03,"[빈도수, 반복문, 경로명 리스트 추출 시 collections, itertools, glob 사용] : 96.2 점 👍,
[제너레이터 표현식 사용이 가능한 경우 사용] : 95.9 점 👍,
[prefix, suffix 검사 시 startswith(), endswith() 사용] : 91.3 점 👍,
[주석 처리된 코드 제거] : 84.1 점,
[상태 값 조건이 있는 if-elif-elif-else 있는 경우 클래스화 고려] : 82.5 점 (답변 시작)", 코드의 결을 살펴보면 상태에 따라 갈라지는 조건문이 길게 이어져요. 리뷰 메모를 따라 상태별 동작을 클래스로 나누면 새 상태를 더할 때 기존 조건문을 덜 건드려도 돼요.  (답변 종료),1,165,116,49,5218270
570,6,10.81,"[함수의 인자가 유동적인 경우 처리 권장] : 91.2 점 👍,
[zip 사용 가능한 경우 사용] : 50.0 점 🚨,
[100 line 이상 함수 분리, docstring 필요] : 47.1 점 🚨,
[상태 값 조건이 있는 if-elif-elif-else 있는 경우 클래스화 고려] : 13.1 점 🚨,
[동일 인자 type 통일] : 12.5 점 🚨 (답변 시작)", 변경 가능성을 살펴보니 같은 의미의 인수에서 type 표기가 통일되지 않았어요. 기분 좋게 인수의 type을 한 방식으로 맞추면 호출하는 쪽도 덜 헷갈려요. 🎯  (답변 종료),1,153,109,44,5218270
571,6,10.85,"[비어 있는 문자열 여부 판단 간소화] : 98.2 점 👍,
[key=itemgetter(""key"") 사용 권장] : 94.4 점 👍,
[if-elif-elif-else 구문은 되도록 dict로 수정] : 21.6 점 🚨,
[파일 단순 읽기/쓰기는 Path 사용] : 11.5 점 🚨,
[동일 인자 type 통일] : 8.0 점 🚨 (답변 시작)", 개발자 입장에서 보면 같은 의미의 인수에서 type 표기가 통일되지 않았어요. 여유가 될 때 인수의 type을 한 방식으로 맞추면 호출하는 쪽도 덜 헷갈려요. 😉  (답변 종료),1,146,102,44,5218270
572,6,10.32,"[조건문 중첩 대신 any, all 사용] : 97.2 점 👍,
[클래스 내부에서만 쓰이는 속성, 메서드 (접두사 있음) 호출 비 권장] : 83.8 점,
[함수 인수 type hint 필요] : 77.5 점,
[import 순서 준수] : 72.0 점,
[if-elif-elif-else 구문은 되도록 dict로 수정] : 24.8 점 🚨 (답변 시작)", 변경 가능성을 살펴보니 조건 분기가 길게 늘어진 곳이 있어요. 🌿 이번 수정에서는 값에 따른 선택이라면 dict 매핑으로 바꾸어 분기표를 단순하게 만들어 보세요.  (답변 종료),1,145,103,42,5218270
573,6,9.86,"[불필요한 변수 생성 대신 defaultdict 권장] : 99.5 점 👍,
[리스트 컴프리헨션 사용이 가능한 경우 사용] : 97.8 점 👍,
[미 사용 변수/함수 제거] : 96.0 점 👍,
[assertion을 제어 메커니즘으로 사용하면 안됨] : 92.6 점 👍,
[제너레이터 표현식 사용이 가능한 경우 사용] : 74.2 점 (답변 시작)", 작은 개선을 찾다 보니 한 번만 쓸 중간 목록이 만들어지고 있어요. 보너스처럼 한 번만 순회한다면 제너레이터 표현식으로 메모리를 아껴 볼 만해요.  (답변 종료),1,140,100,40,5218270
574,6,11.31,"[문자열 단순 연결보다는 f-string 사용] : 93.5 점 👍,
[매우 간결한 변환은 map 사용] : 91.8 점 👍,
[함수의 인수를 변경 가능한 default value로 하지 않아야 함] : 47.6 점 🚨,
[README.md, pyproject.toml 필요] : 36.9 점 🚨,
[파일 단순 읽기/쓰기는 Path 사용] : 13.9 점 🚨 (답변 시작)", 다시 살펴보니 간단한 파일 작업이 장황하게 처리되고 있어요. 🎯 다음 커밋에서 Path의 읽기와 쓰기 메서드를 쓰면 파일 작업이 짧고 단단해져요. 🧩  (답변 종료),1,153,107,46,5218270
575,6,10.1,"[문자열 단순 연결보다는 f-string 사용] : 96.4 점 👍,
[zip 사용 가능한 경우 사용] : 93.4 점 👍,
[유사한 변수명 통일] : 90.9 점 👍,
[기존 배열의 원소 추가 대신 extend 함수 사용] : 90.6 점 👍,
[경로를 path/to/file 이 아닌, pathlib 또는 os.path.join 사용] : 43.0 점 🚨 (답변 시작)", 협업 관점에서 보면 파일 경로를 문자열로 이어 붙이고 있어요. 필요한 곳부터 pathlib이나 os.path.join으로 경로를 조립하면 운영체제가 달라도 안전해요. 🛠️  (답변 종료),1,145,104,41,5218270
576,6,10.13,"[예외를 삼키는 경우가 없어야 함] : 97.9 점 👍,
[정규 표현식 문자열은 r""..."" 권장] : 96.9 점 👍,
[zip 사용 가능한 경우 사용] : 91.3 점 👍,
[str 단순 += 대신 join 사용] : 81.9 점,
[중복되는 사항 common 으로 빼기] : 60.8 점 (답변 시작)", 테스트하는 마음으로 보면 같은 처리가 여러 곳에서 반복되고 있어요. 🎯 명확하게 공통 동작을 한곳으로 모으면 수정할 때 놓칠 구석이 줄어요. 🔍  (답변 종료),1,131,90,41,5218270
577,6,10.81,"[지나치게 많은 들여쓰기 수정] : 99.0 점 👍,
[매우 간결한 변환은 map 사용] : 81.8 점,
[불필요한 print, logging 제거] : 70.8 점,
[비어 있는 문자열 여부 판단 간소화] : 51.0 점 🚨,
[동일 인자 type 통일] : 21.9 점 🚨 (답변 시작)", 구현을 찬찬히 들여다보니 같은 의미의 인수에서 type 표기가 통일되지 않았어요. 천천히 인수의 type을 한 방식으로 맞추면 호출하는 쪽도 덜 헷갈려요! 🎈  (답변 종료),1,131,87,44,5218270
578,6,9.58,"[지나치게 많은 들여쓰기 수정] : 97.4 점 👍,
[Python 예약어를 변수명으로 사용하지 않아야 함] : 90.7 점 👍,
[비어 있는 문자열 여부 판단 간소화] : 48.3 점 🚨,
[if-elif-elif-else 구문은 되도록 dict로 수정] : 24.4 점 🚨,
[기존 배열의 원소 추가 대신 extend 함수 사용] : 24.4 점 🚨 (답변 시작)", 천천히 살펴보면 목록 원소를 하나씩 추가하고 있어요. 💡 다음 배포를 생각하며 여러 값을 더할 때는 extend를 쓰면 의도가 정확히 전달돼요. 🎈  (답변 종료),1,147,108,39,5218270
579,6,10.32,"[assertion을 제어 메커니즘으로 사용하면 안됨] : 99.3 점 👍,
[함수명, 반환값 간 일치] : 90.6 점 👍,
[제너레이터 표현식 사용이 가능한 경우 사용] : 81.1 점,
[비어 있는 문자열 여부 판단 간소화] : 75.8 점,
[zip 사용 가능한 경우 사용] : 32.3 점 🚨 (답변 시작)", 파일의 흐름을 따라가 보니 두 목록을 인덱스로 따로 읽고 있어요. 필요한 곳부터 나란히 읽는 값들은 zip으로 묶어 주면 인덱스 실수를 막을 수 있어요. 🎈  (답변 종료),1,136,94,42,5218270
580,6,13.25,"[숫자 값은 위쪽에 상수로] : 97.0 점 👍,
[if-elif-elif-else 구문은 되도록 dict로 수정] : 93.0 점 👍,
[고정값 상수화 필요] : 74.9 점,
[문자열 단순 연결보다는 f-string 사용] : 32.0 점 🚨,
[빈도수, 반복문, 경로명 리스트 추출 시 collections, itertools, glob 사용] : 6.0 점 🚨 (답변 시작)", 리뷰 돋보기를 대 보니 표준 라이브러리로 줄일 수 있는 반복이 보여요. 🎯 가능한 범위에서 빈도에는 collections를 반복 조합에는 itertools를 경로 모으기에는 glob을 쓰면 표준 도구의 힘을 빌릴 수 있어요.  (답변 종료),1,166,112,54,5218270
581,6,10.32,"[숫자 값은 위쪽에 상수로] : 98.5 점 👍,
[고정값 상수화 필요] : 82.2 점,
[예외의 종류 (OOOError 등) 구체적 명시 권장] : 68.6 점,
[기존 배열의 원소 추가 대신 extend 함수 사용] : 63.4 점,
[100 line 이상 함수 분리, docstring 필요] : 12.6 점 🚨 (답변 시작)", 실행 경로를 훑어보니 하나의 함수가 너무 많은 일을 하고 있어요. 천천히 책임별로 나누고 docstring을 붙이면 테스트와 수정이 한결 수월해져요! 🧼  (답변 종료),1,140,98,42,5218270
582,6,10.07,"[동일한 인수 집합을 갖는 함수가 많은 경우 클래스화 고려] : 95.3 점 👍,
[동일 인자 type 통일] : 90.6 점 👍,
[함수의 인자가 유동적인 경우 처리 권장] : 64.1 점,
[if-elif-elif-else 구문은 되도록 dict로 수정] : 35.4 점 🚨,
[개수 세기에 count 함수 사용] : 18.4 점 🚨 (답변 시작)", 파일을 다시 훑어보니 값의 개수를 세려고 직접 순회하고 있어요. 다음 커밋에서 단순한 횟수 확인은 count에 맡기면 코드가 짧고 분명해져요. 😉  (답변 종료),1,147,106,41,5218270
583,6,10.09,"[조건문 중첩 대신 any, all 사용] : 97.2 점 👍,
[불필요한 print, logging 제거] : 95.5 점 👍,
[100 line 이상 함수 분리, docstring 필요] : 90.6 점 👍,
[파일 열기, 닫기 시 with open(...) 사용] : 90.3 점 👍,
[매우 간결한 변환은 map 사용] : 33.5 점 🚨 (답변 시작)", 천천히 살펴보면 아주 단순한 변환을 긴 반복문으로 풀고 있어요. 오늘의 마무리로 변환 규칙이 단순하면 map으로 핵심 연산을 또렷하게 표현할 수 있어요. 🙌  (답변 종료),1,141,100,41,5218270
584,6,10.1,"[유사한 이름의 함수끼리 가까이 위치하도록 수정 권장] : 99.3 점 👍,
[enumerate 사용 가능한 경우 사용] : 74.2 점,
[한 줄의 길이는 일정 글자 이내로] : 43.2 점 🚨,
[함수의 인수를 변경 가능한 default value로 하지 않아야 함] : 39.9 점 🚨,
[중복되는 사항 common 으로 빼기] : 35.0 점 🚨 (답변 시작)", 파일의 흐름을 따라가 보니 같은 처리가 여러 곳에서 반복되고 있어요. 🌿 한 발 먼저 공통 동작을 한곳으로 모으면 수정할 때 놓칠 구석이 줄어요.  (답변 종료),1,146,105,41,5218270
585,6,9.41,"[동일한 인수 집합을 갖는 함수가 많은 경우 클래스화 고려] : 98.5 점 👍,
[함수의 인수를 변경 가능한 default value로 하지 않아야 함] : 96.2 점 👍,
[빈 파일 TODO 표시 필요] : 66.0 점,
[리스트 컴프리헨션 사용이 가능한 경우 사용] : 44.2 점 🚨,
[기존 배열의 원소 추가 대신 extend 함수 사용] : 37.0 점 🚨 (답변 시작)", 파일의 흐름을 따라가 보니 목록 원소를 하나씩 추가하고 있어요. 천천히 여러 값을 더할 때는 extend를 쓰면 의도가 정확히 전달돼요. 🍀  (답변 종료),1,147,109,38,5218270
586,6,11.31,"[f = lambda x: ... 보다는 def f(x): return ... 를 사용] : 96.2 점 👍,
[함수의 인자가 하나로 묶을 수 있는 경우 처리 권장] : 96.1 점 👍,
[key=itemgetter(""key"") 사용 권장] : 90.2 점 👍,
[고정값 상수화 필요] : 31.5 점 🚨,
[함수의 인수를 변경 가능한 default value로 하지 않아야 함] : 9.5 점 🚨 (답변 시작)", 파일을 다시 훑어보니 기본 인수에 리스트나 딕셔너리를 넣고 있어요. 지금 바로 리스트나 딕셔너리는 None으로 두고 함수 안에서 만들면 호출 사이에 상태가 섞이지 않아요. 😉  (답변 종료),1,160,114,46,5218270
587,6,9.58,"[함수의 인자가 하나로 묶을 수 있는 경우 처리 권장] : 97.7 점 👍,
[상태 값 조건이 있는 if-elif-elif-else 있는 경우 클래스화 고려] : 91.8 점 👍,
[함수 docstring, 함수명 의미 일치] : 90.5 점 👍,
[불필요한 변수 생성 대신 defaultdict 권장] : 69.2 점,
[인덱스 반환에 index 함수 사용] : 68.5 점 (답변 시작)", 수정할 곳을 찾다 보니 위치를 찾기 위해 직접 반복하고 있어요. 테스트를 떠올리며 첫 위치가 필요할 때는 index를 쓰면 목적이 바로 보입니다. 🍀  (답변 종료),1,147,108,39,5218270
588,6,10.32,"[함수 docstring, 함수명 의미 일치] : 96.7 점 👍,
[동일한 인수 집합을 갖는 함수가 많은 경우 클래스화 고려] : 94.7 점 👍,
[미 사용 변수/함수 제거] : 62.1 점,
[100 line 이상 함수 분리, docstring 필요] : 22.9 점 🚨,
[지나치게 많은 들여쓰기 수정] : 18.8 점 🚨 (답변 시작)", 파일의 흐름을 따라가 보니 들여쓰기 단계가 깊어 흐름을 따라가기 어려워요. 보너스처럼 작은 함수로 쪼개거나 빠른 반환을 쓰면 조건의 미로가 얕아져요.  (답변 종료),1,144,102,42,5218270
589,6,10.61,"[예외를 삼키는 경우가 없어야 함] : 98.9 점 👍,
[100 line 이상 함수 분리, docstring 필요] : 97.6 점 👍,
[a = my_list[0], b = my_list[1] ... 대신 unpacking 사용 필요] : 94.4 점 👍,
[예외의 종류 (OOOError 등) 구체적 명시 권장] : 93.7 점 👍,
[파일 단순 읽기/쓰기는 Path 사용] : 84.4 점 (답변 시작)", 천천히 살펴보면 간단한 파일 작업이 장황하게 처리되고 있어요. 🎯 다음 커밋에서 Path의 읽기와 쓰기 메서드를 쓰면 파일 작업이 짧고 단단해져요.  (답변 종료),1,158,115,43,5218270
590,6,9.33,"[경로를 path/to/file 이 아닌, pathlib 또는 os.path.join 사용] : 94.0 점 👍,
[함수 docstring, 함수명 의미 일치] : 83.6 점,
[if a.get(""b"") ... 형태로 수정 필요] : 72.7 점,
[prefix, suffix 검사 시 startswith(), endswith() 사용] : 62.9 점,
[str 단순 += 대신 join 사용] : 60.6 점 (답변 시작)", 현재 흐름에서는 문자열을 반복해서 더하고 있어요. 과감하게 조각을 많이 합칠 때는 join으로 모으면 성능과 의도가 함께 좋아져요. 🍀  (답변 종료),1,141,103,38,5218270
591,6,11.05,"[미 사용 변수/함수 제거] : 94.8 점 👍,
[유사한 이름의 함수끼리 가까이 위치하도록 수정 권장] : 86.6 점,
[a = my_list[0], b = my_list[1] ... 대신 unpacking 사용 필요] : 23.8 점 🚨,
[고정값 상수화 필요] : 22.7 점 🚨,
[str 단순 += 대신 join 사용] : 2.4 점 🚨 (답변 시작)", 리뷰 돋보기를 대 보니 문자열을 반복해서 더하고 있어요. 🎯 가능한 범위에서 조각을 많이 합칠 때는 join으로 모으면 성능과 의도가 함께 좋아져요. 🐣  (답변 종료),1,152,107,45,5218270
592,6,9.82,"[함수의 인자가 유동적인 경우 처리 권장] : 92.8 점 👍,
[enumerate 사용 가능한 경우 사용] : 90.8 점 👍,
[정규 표현식 문자열은 r""..."" 권장] : 90.6 점 👍,
[if a.get(""b"") ... 형태로 수정 필요] : 15.9 점 🚨,
[의미 있는 함수명, 변수명 사용] : 8.7 점 🚨 (답변 시작)", 가독성에 집중해 보면 역할을 짐작하기 어려운 함수나 변수 이름이 보여요. 기분 좋게 무엇을 하는지 드러나는 이름으로 바꾸면 설명서 없이도 코드가 읽혀요!  (답변 종료),1,146,106,40,5218270
593,6,10.34,"[함수 docstring, 함수명 의미 일치] : 98.1 점 👍,
[유사한 이름의 함수끼리 가까이 위치하도록 수정 권장] : 90.8 점 👍,
[비어 있는 문자열 여부 판단 간소화] : 83.5 점,
[유사한 변수명 통일] : 64.7 점,
[itertools.product 사용 가능한 경우 사용] : 18.9 점 🚨 (답변 시작)", 코드의 표정을 읽어 보니 조합을 만들려고 중첩 반복문을 쓰고 있어요. 이왕이면 모든 조합이 필요할 때는 itertools.product로 의도를 또렷하게 드러내요. 🔍  (답변 종료),1,135,93,42,5218270
594,6,10.13,"[미 사용 변수/함수 제거] : 95.3 점 👍,
[함수 docstring, 함수명 의미 일치] : 74.4 점,
[유사한 이름의 함수끼리 가까이 위치하도록 수정 권장] : 67.6 점,
[중복되는 사항 common 으로 빼기] : 50.3 점 🚨,
[숫자 값은 위쪽에 상수로] : 13.4 점 🚨 (답변 시작)", 한 발 물러서서 보면 로직 사이에 매직 넘버가 숨어 있어요. 흐름을 따라 매직 넘버를 파일 위쪽의 상수로 올리면 숫자가 왜 필요한지 바로 보여요. 📌  (답변 종료),1,137,96,41,5218270
595,6,9.82,"[함수의 인자가 유동적인 경우 처리 권장] : 67.5 점,
[인덱스 반환에 index 함수 사용] : 39.2 점 🚨,
[지나치게 많은 들여쓰기 수정] : 38.7 점 🚨,
[zip 사용 가능한 경우 사용] : 32.3 점 🚨,
[숫자 값은 위쪽에 상수로] : 25.5 점 🚨 (답변 시작)", 코드의 표정을 읽어 보니 로직 사이에 매직 넘버가 숨어 있어요. 살짝 매직 넘버를 파일 위쪽의 상수로 올리면 숫자가 왜 필요한지 바로 보여요. 🔍  (답변 종료),1,136,96,40,5218270
596,6,9.58,"[지나치게 많은 들여쓰기 수정] : 94.1 점 👍,
[언패킹 시 숫자 인덱스 사용하지 말 것 (변수에 바로 할당)] : 92.2 점 👍,
[빈도수, 반복문, 경로명 리스트 추출 시 collections, itertools, glob 사용] : 74.6 점,
[유사한 변수명 통일] : 59.0 점 🚨,
[비어 있는 문자열 여부 판단 간소화] : 42.5 점 🚨 (답변 시작)", 수정할 곳을 찾다 보니 빈 문자열 검사식이 불필요하게 길어요. 이 기회에 파이썬다운 조건 검사로 바꾸면 조건식이 가볍게 읽혀요. 🎯  (답변 종료),1,148,109,39,5218270
597,6,12.75,"[key=itemgetter(""key"") 사용 권장] : 90.0 점 👍,
[주석 처리된 코드 제거] : 68.5 점,
[if-elif-elif-else 구문은 되도록 dict로 수정] : 68.4 점,
[조건문 중첩 대신 any, all 사용] : 2.9 점 🚨,
[상태 값 조건이 있는 if-elif-elif-else 있는 경우 클래스화 고려] : 1.8 점 🚨 (답변 시작)", 미래의 나를 위해 보면 상태에 따라 갈라지는 조건문이 길게 이어져요. 💫 다음 변경 전에 상태별 동작을 클래스로 나누면 새 상태를 더할 때 기존 조건문을 덜 건드려도 돼요.  (답변 종료),1,160,108,52,5218270
598,6,11.33,"[Python 예약어를 변수명으로 사용하지 않아야 함] : 92.3 점 👍,
[예외의 종류 (OOOError 등) 구체적 명시 권장] : 91.5 점 👍,
[매우 간결한 변환은 map 사용] : 87.2 점,
[언패킹 시 숫자 인덱스 사용하지 말 것 (변수에 바로 할당)] : 59.4 점 🚨,
[함수명, 반환값 간 일치] : 55.7 점 🚨 (답변 시작)", 리뷰 메모를 보면 함수 이름과 반환값의 약속이 어긋나는 곳이 있어요. 한 호흡 쉬고 반환하는 값을 이름에 맞추면 호출부에서 예상이 빗나가지 않아요. 🌿  (답변 종료),1,156,110,46,5218270
599,6,10.8,"[if a.get(""b"") ... 형태로 수정 필요] : 98.2 점 👍,
[유사한 변수명 통일] : 96.2 점 👍,
[언패킹 시 숫자 인덱스 사용하지 말 것 (변수에 바로 할당)] : 95.5 점 👍,
[상태 값 조건이 있는 if-elif-elif-else 있는 경우 클래스화 고려] : 68.8 점,
[함수 docstring, 함수명 의미 일치] : 22.8 점 🚨 (답변 시작)", 개발자 입장에서 보면 docstring과 함수 동작이 서로 다르게 읽혀요. 차분하게 docstring과 함수가 약속한 역할을 맞추면 다음 사람이 안심하고 호출할 수 있어요! 🎯  (답변 종료),1,159,115,44,5218270
600,7,10.83,"[주석 처리된 코드 제거] : 98.8 점 👍,
[import 순서 준수] : 76.1 점,
[enumerate 사용 가능한 경우 사용] : 75.6 점,
[불필요한 print, logging 제거] : 61.0 점,
[매우 간결한 변환은 map 사용] : 27.3 점 🚨 (답변 시작)", 작은 신호를 짚어 보니 아주 단순한 변환을 긴 반복문으로 풀고 있어요. 🔍 한 호흡 쉬고 변환 규칙이 단순하면 map으로 핵심 연산을 또렷하게 표현할 수 있어요. (답변 종료),1,123,81,42,5218271
601,7,12.16,"[상태 값 조건이 있는 if-elif-elif-else 있는 경우 클래스화 고려] : 93.4 점 👍,
[파일 열기, 닫기 시 with open(...) 사용] : 92.7 점 👍,
[유사한 변수명 통일] : 90.7 점 👍,
[매우 간결한 변환은 map 사용] : 34.8 점 🚨,
[README.md, pyproject.toml 필요] : 31.6 점 🚨 (답변 시작)", 작은 개선을 찾다 보니 시작 방법을 알려 줄 README.md와 pyproject.toml이 필요해 보여요! 기록을 남기듯 설치 방법과 실행 환경을 적어 두면 처음 온 사람도 바로 출발할 수 있어요! 🎯  (답변 종료),1,160,108,52,5218271
602,7,10.28,"[의미 있는 함수명, 변수명 사용] : 98.9 점 👍,
[prefix, suffix 검사 시 startswith(), endswith() 사용] : 97.2 점 👍,
[if-elif-elif-else 구문은 되도록 dict로 수정] : 72.2 점,
[미 사용 변수/함수 제거] : 31.2 점 🚨,
[동일한 인수 집합을 갖는 함수가 많은 경우 클래스화 고려] : 23.2 점 🚨 (답변 시작)", 팀원이 처음 본다고 생각하면 같은 설정을 계속 받는 함수가 여러 개예요. 😉 한 번에 공통 상태를 가진 객체로 묶으면 인자 전달이 가벼워지고 역할도 선명해져요!  (답변 종료),1,156,112,44,5218271
603,7,8.94,"[문자열 단순 연결보다는 f-string 사용] : 97.4 점 👍,
[함수의 인자가 유동적인 경우 처리 권장] : 83.8 점,
[유사한 이름의 함수끼리 가까이 위치하도록 수정 권장] : 68.4 점,
[매우 간결한 변환은 map 사용] : 68.1 점,
[enumerate 사용 가능한 경우 사용] : 36.0 점 🚨 (답변 시작)", 작은 개선을 찾다 보니 반복문에서 번호를 직접 관리하고 있어요. 테스트를 떠올리며 순서와 값을 함께 쓸 때는 enumerate가 더 자연스럽고 안전해요.  (답변 종료),1,134,96,38,5218271
604,7,8.47,"[itertools.product 사용 가능한 경우 사용] : 92.3 점 👍,
[README.md, pyproject.toml 필요] : 90.9 점 👍,
[함수 인수 type hint 필요] : 90.4 점 👍,
[중복되는 사항 common 으로 빼기] : 88.9 점,
[str 단순 += 대신 join 사용] : 87.7 점 (답변 시작)", 다시 살펴보니 문자열을 반복해서 더하고 있어요. 과감하게 조각을 많이 합칠 때는 join으로 모으면 성능과 의도가 함께 좋아져요. 🍀  (답변 종료),1,123,87,36,5218271
605,7,10.81,"[함수의 인자가 하나로 묶을 수 있는 경우 처리 권장] : 97.8 점 👍,
[동일한 인수 집합을 갖는 함수가 많은 경우 클래스화 고려] : 93.5 점 👍,
[if a.get(""b"") ... 형태로 수정 필요] : 40.9 점 🚨,
[import 순서 준수] : 12.0 점 🚨,
[함수 docstring, 함수명 의미 일치] : 1.5 점 🚨 (답변 시작)", 다음 커밋을 생각해 보면 docstring과 함수 동작이 서로 다르게 읽혀요. 가능하다면 docstring과 함수가 약속한 역할을 맞추면 다음 사람이 안심하고 호출할 수 있어요! 🔍  (답변 종료),1,157,111,46,5218271
606,7,11.22,"[개수 세기에 count 함수 사용] : 99.5 점 👍,
[지나치게 많은 들여쓰기 수정] : 96.8 점 👍,
[enumerate 사용 가능한 경우 사용] : 90.8 점 👍,
[파일 단순 읽기/쓰기는 Path 사용] : 89.7 점,
[의미 있는 함수명, 변수명 사용] : 79.9 점 (답변 시작)", 코드의 맥락을 보면 역할을 짐작하기 어려운 함수나 변수 이름이 보여요. 💫 조금만 시간을 내서 무엇을 하는지 드러나는 이름으로 바꾸면 설명서 없이도 코드가 읽혀요. 📌  (답변 종료),1,140,92,48,5218271
607,7,8.92,"[enumerate 사용 가능한 경우 사용] : 92.8 점 👍,
[파일 단순 읽기/쓰기는 Path 사용] : 92.2 점 👍,
[리스트 컴프리헨션 사용이 가능한 경우 사용] : 91.2 점 👍,
[매우 간결한 변환은 map 사용] : 79.5 점,
[if-elif-elif-else 구문은 되도록 dict로 수정] : 66.8 점 (답변 시작)", 작은 개선을 찾다 보니 조건 분기가 길게 늘어진 곳이 있어요. 과감하게 값에 따른 선택이라면 dict 매핑으로 바꾸어 분기표를 단순하게 만들어 보세요!  (답변 종료),1,138,100,38,5218271
608,7,9.59,"[조건문 중첩 대신 any, all 사용] : 51.0 점 🚨,
[함수의 인수를 변경 가능한 default value로 하지 않아야 함] : 46.7 점 🚨,
[불필요한 print, logging 제거] : 44.5 점 🚨,
[빈도수, 반복문, 경로명 리스트 추출 시 collections, itertools, glob 사용] : 32.0 점 🚨,
[고정값 상수화 필요] : 17.4 점 🚨 (답변 시작)", 리뷰 메모를 보면 같은 고정값이 여러 곳에 흩어져 있어요. 호기심을 갖고 의미 있는 상수 이름으로 꺼내 두면 정책을 바꿀 때 한 번에 손볼 수 있어요!  (답변 종료),1,155,114,41,5218271
609,7,11.31,"[한 줄의 길이는 일정 글자 이내로] : 99.0 점 👍,
[prefix, suffix 검사 시 startswith(), endswith() 사용] : 69.0 점,
[클래스 내부에서만 쓰이는 속성, 메서드 (접두사 있음) 호출 비 권장] : 48.9 점 🚨,
[함수의 인자가 하나로 묶을 수 있는 경우 처리 권장] : 35.9 점 🚨,
[함수의 인자가 유동적인 경우 처리 권장] : 16.8 점 🚨 (답변 시작)", 전체 흐름을 놓고 보면 개수가 바뀔 수 있는 인수를 고정해 두고 있어요. 🌿 문맥을 확인하며 가변 인수는 *args나 **kwargs를 알맞게 쓰면 확장에 더 유연해져요!  (답변 종료),1,171,123,48,5218271
610,7,11.21,"[파일 열기, 닫기 시 with open(...) 사용] : 98.7 점 👍,
[prefix, suffix 검사 시 startswith(), endswith() 사용] : 96.4 점 👍,
[제너레이터 표현식 사용이 가능한 경우 사용] : 93.2 점 👍,
[인덱스 반환에 index 함수 사용] : 92.5 점 👍,
[f = lambda x: ... 보다는 def f(x): return ... 를 사용] : 70.7 점 (답변 시작)", 리팩터링 관점에서는 이름이 필요한 동작이 lambda에 숨어 있어요. 다음 배포를 생각하며 재사용하거나 설명이 필요한 로직은 def로 꺼내면 디버깅과 테스트가 편해져요. 🍀  (답변 종료),1,157,109,48,5218271
611,7,9.36,"[함수 인수 type hint 필요] : 97.5 점 👍,
[동일 인자 type 통일] : 87.6 점,
[f = lambda x: ... 보다는 def f(x): return ... 를 사용] : 81.1 점,
[의미 있는 함수명, 변수명 사용] : 64.7 점,
[한 줄의 길이는 일정 글자 이내로] : 44.4 점 🚨 (답변 시작)", 조금 거리를 두고 읽어 보면 한 줄이 너무 길게 이어지는 곳이 있어요. 💡 다음 변경 전에 줄을 적당히 나누면 작은 화면에서도 흐름을 놓치지 않아요!  (답변 종료),1,136,96,40,5218271
612,7,7.74,"[고정값 상수화 필요] : 99.5 점 👍,
[import 순서 준수] : 97.9 점 👍,
[리스트 컴프리헨션 사용이 가능한 경우 사용] : 96.2 점 👍,
[매우 간결한 변환은 map 사용] : 91.8 점 👍,
[예외의 종류 (OOOError 등) 구체적 명시 권장] : 65.6 점 (답변 시작)", 리뷰 메모를 보면 너무 넓은 예외를 잡고 있어요. 지금 바로 예상한 OOOError처럼 구체적인 예외만 잡으면 버그가 숨어버리지 않아요.  (답변 종료),1,128,95,33,5218271
613,7,9.61,"[제너레이터 표현식 사용이 가능한 경우 사용] : 91.9 점 👍,
[함수명, 반환값 간 일치] : 90.7 점 👍,
[enumerate 사용 가능한 경우 사용] : 51.7 점 🚨,
[if a.get(""b"") ... 형태로 수정 필요] : 44.4 점 🚨,
[유사한 변수명 통일] : 24.4 점 🚨 (답변 시작)", 리팩터링 관점에서는 비슷한 역할의 변수 이름이 제각각이에요. 미래의 나를 위해 같은 개념에는 같은 이름 규칙을 쓰면 읽는 속도가 훨씬 빨라져요.  (답변 종료),1,143,102,41,5218271
614,7,9.66,"[a = my_list[0], b = my_list[1] ... 대신 unpacking 사용 필요] : 77.1 점,
[함수의 인자가 하나로 묶을 수 있는 경우 처리 권장] : 75.8 점,
[if-elif-elif-else 구문은 되도록 dict로 수정] : 66.8 점,
[zip 사용 가능한 경우 사용] : 66.1 점,
[파일 열기, 닫기 시 with open(...) 사용] : 63.0 점 (답변 시작)", 미래의 나를 위해 보면 파일을 열고 닫는 일을 직접 관리하고 있어요. 팀과 맞춰 보며 with open(...)으로 감싸면 예외가 나도 파일이 안전하게 닫혀요.  (답변 종료),1,151,110,41,5218271
615,7,11.0,"[if a.get(""b"") ... 형태로 수정 필요] : 73.1 점,
[함수 인수 type hint 필요] : 53.3 점 🚨,
[중복되는 사항 common 으로 빼기] : 24.8 점 🚨,
[if-elif-elif-else 구문은 되도록 dict로 수정] : 10.5 점 🚨,
[함수명, 반환값 간 일치] : 5.1 점 🚨 (답변 시작)", 개발자 입장에서 보면 함수 이름과 반환값의 약속이 어긋나는 곳이 있어요! 기록을 남기듯 반환하는 값을 이름에 맞추면 호출부에서 예상이 빗나가지 않아요. 🧼  (답변 종료),1,152,105,47,5218271
616,7,10.1,"[클래스 내부에서만 쓰이는 속성, 메서드 (접두사 있음) 호출 비 권장] : 88.2 점,
[인덱스 반환에 index 함수 사용] : 80.9 점,
[중복되는 사항 common 으로 빼기] : 19.3 점 🚨,
[불필요한 print, logging 제거] : 7.3 점 🚨,
[함수명, 반환값 간 일치] : 7.1 점 🚨 (답변 시작)", 코드의 표정을 읽어 보니 함수 이름과 반환값의 약속이 어긋나는 곳이 있어요. 우선 반환하는 값을 이름에 맞추면 호출부에서 예상이 빗나가지 않아요.  (답변 종료),1,146,103,43,5218271
617,7,11.68,"[함수 인수 type hint 필요] : 98.6 점 👍,
[100 line 이상 함수 분리, docstring 필요] : 96.2 점 👍,
[import 순서 준수] : 40.6 점 🚨,
[a = my_list[0], b = my_list[1] ... 대신 unpacking 사용 필요] : 27.6 점 🚨,
[if a.get(""b"") ... 형태로 수정 필요] : 13.9 점 🚨 (답변 시작)"," 한 번 더 확인해 보니 딕셔너리 키를 꺼내는 과정이 장황해요. 다음 배포를 생각하며 a.get(""b"")처럼 안전하게 꺼내면 누락된 키에서도 흐름이 부드러워요. 🐣  (답변 종료)",1,161,111,50,5218271
618,7,9.89,"[주석 처리된 코드 제거] : 97.6 점 👍,
[예외를 삼키는 경우가 없어야 함] : 97.2 점 👍,
[기존 배열의 원소 추가 대신 extend 함수 사용] : 93.8 점 👍,
[a = my_list[0], b = my_list[1] ... 대신 unpacking 사용 필요] : 77.4 점,
[동일한 인수 집합을 갖는 함수가 많은 경우 클래스화 고려] : 64.4 점 (답변 시작)", 한 번 더 확인해 보니 같은 설정을 계속 받는 함수가 여러 개예요. 이왕이면 공통 상태를 가진 객체로 묶으면 인자 전달이 가벼워지고 역할도 선명해져요!  (답변 종료),1,151,109,42,5218271
619,7,10.54,"[매우 간결한 변환은 map 사용] : 98.4 점 👍,
[지나치게 많은 들여쓰기 수정] : 96.1 점 👍,
[함수의 인자가 유동적인 경우 처리 권장] : 91.1 점 👍,
[파일 열기, 닫기 시 with open(...) 사용] : 57.8 점 🚨,
[itertools.product 사용 가능한 경우 사용] : 5.5 점 🚨 (답변 시작)", 구현을 찬찬히 들여다보니 조합을 만들려고 중첩 반복문을 쓰고 있어요. 🔍 한 번에 모든 조합이 필요할 때는 itertools.product로 의도를 또렷하게 드러내요! 🔍  (답변 종료),1,144,99,45,5218271
620,7,9.6,"[중복되는 사항 common 으로 빼기] : 95.5 점 👍,
[제너레이터 표현식 사용이 가능한 경우 사용] : 90.8 점 👍,
[인덱스 반환에 index 함수 사용] : 74.5 점,
[매우 간결한 변환은 map 사용] : 48.1 점 🚨,
[itertools.product 사용 가능한 경우 사용] : 34.6 점 🚨 (답변 시작)", 작은 개선을 찾다 보니 조합을 만들려고 중첩 반복문을 쓰고 있어요. 과감하게 모든 조합이 필요할 때는 itertools.product로 의도를 또렷하게 드러내요! 🚀  (답변 종료),1,135,94,41,5218271
621,7,9.63,"[인덱스 반환에 index 함수 사용] : 92.8 점 👍,
[비어 있는 문자열 여부 판단 간소화] : 84.5 점,
[문자열 단순 연결보다는 f-string 사용] : 71.7 점,
[기존 배열의 원소 추가 대신 extend 함수 사용] : 43.5 점 🚨,
[의미 있는 함수명, 변수명 사용] : 24.7 점 🚨 (답변 시작)", 조금 거리를 두고 읽어 보면 역할을 짐작하기 어려운 함수나 변수 이름이 보여요. 기분 좋게 무엇을 하는지 드러나는 이름으로 바꾸면 설명서 없이도 코드가 읽혀요!  (답변 종료),1,138,97,41,5218271
622,7,11.56,"[prefix, suffix 검사 시 startswith(), endswith() 사용] : 94.4 점 👍,
[동일 인자 type 통일] : 91.8 점 👍,
[불필요한 print, logging 제거] : 91.2 점 👍,
[key=itemgetter(""key"") 사용 권장] : 91.0 점 👍,
[f = lambda x: ... 보다는 def f(x): return ... 를 사용] : 61.8 점 (답변 시작)", 리팩터링 관점에서는 이름이 필요한 동작이 lambda에 숨어 있어요. 다음 배포를 생각하며 재사용하거나 설명이 필요한 로직은 def로 꺼내면 디버깅과 테스트가 편해져요. 🛠️  (답변 종료),1,151,102,49,5218271
623,7,10.34,"[함수명, 반환값 간 일치] : 92.8 점 👍,
[README.md, pyproject.toml 필요] : 86.7 점,
[경로를 path/to/file 이 아닌, pathlib 또는 os.path.join 사용] : 77.2 점,
[함수 인수 type hint 필요] : 68.1 점,
[파일 열기, 닫기 시 with open(...) 사용] : 5.4 점 🚨 (답변 시작)", 실행 경로를 훑어보니 파일을 열고 닫는 일을 직접 관리하고 있어요. 🧠 한 번에 with open(...)으로 감싸면 예외가 나도 파일이 안전하게 닫혀요. 😺  (답변 종료),1,143,99,44,5218271
624,7,10.76,"[assertion을 제어 메커니즘으로 사용하면 안됨] : 98.2 점 👍,
[빈도수, 반복문, 경로명 리스트 추출 시 collections, itertools, glob 사용] : 93.5 점 👍,
[중복되는 사항 common 으로 빼기] : 92.3 점 👍,
[인덱스 반환에 index 함수 사용] : 91.0 점 👍,
[함수 인수 type hint 필요] : 67.7 점 (답변 시작)", 실행 경로를 훑어보니 함수 인수의 type hint가 비어 있어요. 📌 코드의 맥락을 보며 인수에 type hint를 달아 두면 들어오는 데이터가 무엇인지 바로 알 수 있어요. 🍀  (답변 종료),1,148,102,46,5218271
625,7,9.6,"[함수명, 반환값 간 일치] : 100.0 점 👍,
[클래스 내부에서만 쓰이는 속성, 메서드 (접두사 있음) 호출 비 권장] : 78.1 점,
[함수의 인자가 유동적인 경우 처리 권장] : 61.2 점,
[매우 간결한 변환은 map 사용] : 42.3 점 🚨,
[고정값 상수화 필요] : 24.6 점 🚨 (답변 시작)", 리뷰 메모를 보면 같은 고정값이 여러 곳에 흩어져 있어요. 호기심을 갖고 의미 있는 상수 이름으로 꺼내 두면 정책을 바꿀 때 한 번에 손볼 수 있어요!  (답변 종료),1,145,104,41,5218271
626,7,8.66,"[예외를 삼키는 경우가 없어야 함] : 73.0 점,
[a = my_list[0], b = my_list[1] ... 대신 unpacking 사용 필요] : 72.6 점,
[if-elif-elif-else 구문은 되도록 dict로 수정] : 67.7 점,
[매우 간결한 변환은 map 사용] : 50.2 점 🚨,
[미 사용 변수/함수 제거] : 49.0 점 🚨 (답변 시작)", 리뷰 메모를 보면 쓰이지 않는 변수나 함수가 남아 있네요. 읽는 사람을 위해 참조되지 않는 선언을 걷어 내면 핵심 로직만 또렷하게 남아요.  (답변 종료),1,146,109,37,5218271
627,7,7.35,"[매우 간결한 변환은 map 사용] : 97.3 점 👍,
[조건문 중첩 대신 any, all 사용] : 92.2 점 👍,
[유사한 변수명 통일] : 91.5 점 👍,
[기존 배열의 원소 추가 대신 extend 함수 사용] : 67.2 점,
[한 줄의 길이는 일정 글자 이내로] : 6.5 점 🚨 (답변 시작)", 천천히 살펴보면 한 줄이 너무 길게 이어지는 곳이 있어요. 안전하게 줄을 적당히 나누면 작은 화면에서도 흐름을 놓치지 않아요!  (답변 종료),1,128,97,31,5218271
628,7,10.09,"[assertion을 제어 메커니즘으로 사용하면 안됨] : 92.8 점 👍,
[동일한 인수 집합을 갖는 함수가 많은 경우 클래스화 고려] : 79.6 점,
[함수 docstring, 함수명 의미 일치] : 77.1 점,
[클래스 내부에서만 쓰이는 속성, 메서드 (접두사 있음) 호출 비 권장] : 72.9 점,
[파일 단순 읽기/쓰기는 Path 사용] : 4.2 점 🚨 (답변 시작)", 실행 경로를 훑어보니 간단한 파일 작업이 장황하게 처리되고 있어요. 🧠 과감하게 Path의 읽기와 쓰기 메서드를 쓰면 파일 작업이 짧고 단단해져요.  (답변 종료),1,154,111,43,5218271
629,7,10.52,"[동일 인자 type 통일] : 97.2 점 👍,
[함수의 인자가 유동적인 경우 처리 권장] : 92.7 점 👍,
[제너레이터 표현식 사용이 가능한 경우 사용] : 75.9 점,
[언패킹 시 숫자 인덱스 사용하지 말 것 (변수에 바로 할당)] : 65.8 점,
[함수명, 반환값 간 일치] : 63.1 점 (답변 시작)", 코드의 표정을 읽어 보니 함수 이름과 반환값의 약속이 어긋나는 곳이 있어요. 먼저 반환하는 값을 이름에 맞추면 호출부에서 예상이 빗나가지 않아요. 😺  (답변 종료),1,143,98,45,5218271
630,7,11.21,"[상태 값 조건이 있는 if-elif-elif-else 있는 경우 클래스화 고려] : 98.1 점 👍,
[불필요한 변수 생성 대신 defaultdict 권장] : 96.6 점 👍,
[import 순서 준수] : 93.5 점 👍,
[예외의 종류 (OOOError 등) 구체적 명시 권장] : 93.3 점 👍,
[함수의 인자가 하나로 묶을 수 있는 경우 처리 권장] : 44.4 점 🚨 (답변 시작)", 이 파일을 읽다 보면 함께 움직이는 인수가 따로따로 전달되고 있어요. 🔍 한 호흡 쉬고 함께 쓰는 값을 객체나 dataclass로 묶으면 호출부가 훨씬 덜 복잡해져요! 📌  (답변 종료),1,162,114,48,5218271
631,7,6.13,"[enumerate 사용 가능한 경우 사용] : 95.6 점 👍,
[함수 docstring, 함수명 의미 일치] : 93.4 점 👍,
[f = lambda x: ... 보다는 def f(x): return ... 를 사용] : 85.3 점,
[중복되는 사항 common 으로 빼기] : 54.7 점 🚨,
[고정값 상수화 필요] : 46.6 점 🚨 (답변 시작)", 한 발 먼저 공통 동작을 한곳으로 모으면 수정할 때 놓칠 구석이 줄어요. 🔍  (답변 종료),1,126,100,26,5218271
632,7,9.66,"[정규 표현식 문자열은 r""..."" 권장] : 98.7 점 👍,
[동일한 인수 집합을 갖는 함수가 많은 경우 클래스화 고려] : 91.2 점 👍,
[동일 인자 type 통일] : 69.9 점,
[Python 예약어를 변수명으로 사용하지 않아야 함] : 68.1 점,
[의미 있는 함수명, 변수명 사용] : 6.8 점 🚨 (답변 시작)", 이 파일을 읽다 보면 역할을 짐작하기 어려운 함수나 변수 이름이 보여요. 작은 정성으로 무엇을 하는지 드러나는 이름으로 바꾸면 설명서 없이도 코드가 읽혀요!  (답변 종료),1,142,101,41,5218271
633,7,9.69,"[itertools.product 사용 가능한 경우 사용] : 85.4 점,
[파일 단순 읽기/쓰기는 Path 사용] : 82.8 점,
[유사한 변수명 통일] : 80.2 점,
[예외의 종류 (OOOError 등) 구체적 명시 권장] : 69.6 점,
[동일한 인수 집합을 갖는 함수가 많은 경우 클래스화 고려] : 64.8 점 (답변 시작)", 천천히 살펴보면 같은 설정을 계속 받는 함수가 여러 개예요. 이번 수정에서는 공통 상태를 가진 객체로 묶으면 인자 전달이 가벼워지고 역할도 선명해져요!  (답변 종료),1,135,94,41,5218271
634,7,10.08,"[assertion을 제어 메커니즘으로 사용하면 안됨] : 99.0 점 👍,
[주석 처리된 코드 제거] : 93.0 점 👍,
[함수명, 반환값 간 일치] : 91.4 점 👍,
[zip 사용 가능한 경우 사용] : 88.2 점,
[제너레이터 표현식 사용이 가능한 경우 사용] : 74.7 점 (답변 시작)", 팀원이 처음 본다고 생각하면 한 번만 쓸 중간 목록이 만들어지고 있어요. 흐름을 따라 한 번만 순회한다면 제너레이터 표현식으로 메모리를 아껴 볼 만해요. 📌  (답변 종료),1,134,91,43,5218271
635,7,9.37,"[zip 사용 가능한 경우 사용] : 86.1 점,
[한 줄의 길이는 일정 글자 이내로] : 83.5 점,
[언패킹 시 숫자 인덱스 사용하지 말 것 (변수에 바로 할당)] : 67.9 점,
[주석 처리된 코드 제거] : 17.7 점 🚨,
[중복되는 사항 common 으로 빼기] : 0.6 점 🚨 (답변 시작)", 개발자 입장에서 보면 같은 처리가 여러 곳에서 반복되고 있어요. 🔍 차분하게 공통 동작을 한곳으로 모으면 수정할 때 놓칠 구석이 줄어요. 🔍  (답변 종료),1,135,95,40,5218271
636,7,11.71,"[한 줄의 길이는 일정 글자 이내로] : 91.8 점 👍,
[상태 값 조건이 있는 if-elif-elif-else 있는 경우 클래스화 고려] : 91.7 점 👍,
[파일 단순 읽기/쓰기는 Path 사용] : 90.2 점 👍,
[제너레이터 표현식 사용이 가능한 경우 사용] : 7.6 점 🚨,
[key=itemgetter(""key"") 사용 권장] : 4.6 점 🚨 (답변 시작)"," 코드의 결을 살펴보면 정렬 키를 lambda로 길게 꺼내고 있어요. 다음 커밋에서 딕셔너리 키로 정렬할 때는 itemgetter(""key"")가 더 간결하게 뜻을 전해요. 📌  (답변 종료)",1,163,113,50,5218271
637,7,9.19,"[클래스 내부에서만 쓰이는 속성, 메서드 (접두사 있음) 호출 비 권장] : 93.9 점 👍,
[enumerate 사용 가능한 경우 사용] : 86.9 점,
[주석 처리된 코드 제거] : 72.3 점,
[상태 값 조건이 있는 if-elif-elif-else 있는 경우 클래스화 고려] : 30.9 점 🚨,
[중복되는 사항 common 으로 빼기] : 5.2 점 🚨 (답변 시작)", 리팩터링 관점에서는 같은 처리가 여러 곳에서 반복되고 있어요. 다음 변경 전에 공통 동작을 한곳으로 모으면 수정할 때 놓칠 구석이 줄어요.  (답변 종료),1,149,110,39,5218271
638,7,11.68,"[상태 값 조건이 있는 if-elif-elif-else 있는 경우 클래스화 고려] : 98.8 점 👍,
[주석 처리된 코드 제거] : 92.3 점 👍,
[빈 파일 TODO 표시 필요] : 91.7 점 👍,
[예외를 삼키는 경우가 없어야 함] : 24.3 점 🚨,
[key=itemgetter(""key"") 사용 권장] : 11.6 점 🚨 (답변 시작)"," 실행 경로를 훑어보니 정렬 키를 lambda로 길게 꺼내고 있어요. 다음 커밋에서 딕셔너리 키로 정렬할 때는 itemgetter(""key"")가 더 간결하게 뜻을 전해요. 📌  (답변 종료)",1,154,104,50,5218271
639,7,10.53,"[prefix, suffix 검사 시 startswith(), endswith() 사용] : 99.0 점 👍,
[if a.get(""b"") ... 형태로 수정 필요] : 98.8 점 👍,
[비어 있는 문자열 여부 판단 간소화] : 92.8 점 👍,
[예외의 종류 (OOOError 등) 구체적 명시 권장] : 61.4 점,
[함수 docstring, 함수명 의미 일치] : 28.2 점 🚨 (답변 시작)", 차분히 검토해 보니 docstring과 함수 동작이 서로 다르게 읽혀요. 필요한 곳부터 docstring과 함수가 약속한 역할을 맞추면 다음 사람이 안심하고 호출할 수 있어요! 🧼  (답변 종료),1,154,109,45,5218271
640,7,9.16,"[한 줄의 길이는 일정 글자 이내로] : 94.5 점 👍,
[주석 처리된 코드 제거] : 90.2 점 👍,
[예외의 종류 (OOOError 등) 구체적 명시 권장] : 71.1 점,
[100 line 이상 함수 분리, docstring 필요] : 45.0 점 🚨,
[숫자 값은 위쪽에 상수로] : 35.9 점 🚨 (답변 시작)", 차분히 검토해 보니 로직 사이에 매직 넘버가 숨어 있어요. 📌 호기심을 갖고 매직 넘버를 파일 위쪽의 상수로 올리면 숫자가 왜 필요한지 바로 보여요.  (답변 종료),1,141,102,39,5218271
641,7,9.84,"[README.md, pyproject.toml 필요] : 94.8 점 👍,
[숫자 값은 위쪽에 상수로] : 91.3 점 👍,
[지나치게 많은 들여쓰기 수정] : 91.1 점 👍,
[상태 값 조건이 있는 if-elif-elif-else 있는 경우 클래스화 고려] : 86.2 점,
[itertools.product 사용 가능한 경우 사용] : 4.5 점 🚨 (답변 시작)", 변경 가능성을 살펴보니 조합을 만들려고 중첩 반복문을 쓰고 있어요. 💫 기분 좋게 모든 조합이 필요할 때는 itertools.product로 의도를 또렷하게 드러내요! 🎯  (답변 종료),1,146,104,42,5218271
642,7,9.59,"[함수명, 반환값 간 일치] : 99.7 점 👍,
[지나치게 많은 들여쓰기 수정] : 88.5 점,
[동일 인자 type 통일] : 83.6 점,
[숫자 값은 위쪽에 상수로] : 66.2 점,
[zip 사용 가능한 경우 사용] : 0.1 점 🚨 (답변 시작)", 미래의 나를 위해 보면 두 목록을 인덱스로 따로 읽고 있어요. 한 번에 나란히 읽는 값들은 zip으로 묶어 주면 인덱스 실수를 막을 수 있어요. 😺  (답변 종료),1,126,85,41,5218271
643,7,8.67,"[정규 표현식 문자열은 r""..."" 권장] : 99.1 점 👍,
[숫자 값은 위쪽에 상수로] : 94.4 점 👍,
[동일 인자 type 통일] : 91.0 점 👍,
[예외의 종류 (OOOError 등) 구체적 명시 권장] : 79.8 점,
[인덱스 반환에 index 함수 사용] : 74.5 점 (답변 시작)", 다음 커밋을 생각해 보면 위치를 찾기 위해 직접 반복하고 있어요. 리뷰 메모를 따라 첫 위치가 필요할 때는 index를 쓰면 목적이 바로 보입니다.  (답변 종료),1,132,95,37,5218271
644,7,9.83,"[클래스 내부에서만 쓰이는 속성, 메서드 (접두사 있음) 호출 비 권장] : 99.6 점 👍,
[f = lambda x: ... 보다는 def f(x): return ... 를 사용] : 97.7 점 👍,
[고정값 상수화 필요] : 90.0 점 👍,
[인덱스 반환에 index 함수 사용] : 65.9 점,
[import 순서 준수] : 62.9 점 (답변 시작)", 다음 커밋을 생각해 보면 import 배치가 섞여 있어요! 🐣 가능한 범위에서 표준 라이브러리와 외부 패키지와 내부 모듈을 차례로 정리하면 시작 화면이 말끔해져요.  (답변 종료),1,145,103,42,5218271
645,7,9.86,"[유사한 이름의 함수끼리 가까이 위치하도록 수정 권장] : 91.6 점 👍,
[import 순서 준수] : 81.3 점,
[경로를 path/to/file 이 아닌, pathlib 또는 os.path.join 사용] : 46.7 점 🚨,
[고정값 상수화 필요] : 21.4 점 🚨,
[지나치게 많은 들여쓰기 수정] : 1.2 점 🚨 (답변 시작)", 가독성에 집중해 보면 들여쓰기 단계가 깊어 흐름을 따라가기 어려워요. 가능한 범위에서 작은 함수로 쪼개거나 빠른 반환을 쓰면 조건의 미로가 얕아져요!  (답변 종료),1,142,100,42,5218271
646,7,7.56,"[주석 처리된 코드 제거] : 97.3 점 👍,
[함수의 인자가 하나로 묶을 수 있는 경우 처리 권장] : 89.2 점,
[불필요한 변수 생성 대신 defaultdict 권장] : 67.0 점,
[예외의 종류 (OOOError 등) 구체적 명시 권장] : 62.7 점,
[한 줄의 길이는 일정 글자 이내로] : 38.6 점 🚨 (답변 시작)", 차분히 검토해 보니 한 줄이 너무 길게 이어지는 곳이 있어요. 안전하게 줄을 적당히 나누면 작은 화면에서도 흐름을 놓치지 않아요.  (답변 종료),1,133,101,32,5218271
647,7,9.59,"[상태 값 조건이 있는 if-elif-elif-else 있는 경우 클래스화 고려] : 90.0 점 👍,
[인덱스 반환에 index 함수 사용] : 75.5 점,
[a = my_list[0], b = my_list[1] ... 대신 unpacking 사용 필요] : 52.1 점 🚨,
[함수의 인자가 유동적인 경우 처리 권장] : 20.4 점 🚨,
[조건문 중첩 대신 any, all 사용] : 18.8 점 🚨 (답변 시작)", 이 파일을 읽다 보면 조건문이 여러 겹으로 겹쳐 있어요. 가능한 범위에서 여러 조건의 존재 여부는 any나 all에 맡기면 뜻이 훨씬 또렷해져요!  (답변 종료),1,162,121,41,5218271
648,7,10.29,"[한 줄의 길이는 일정 글자 이내로] : 98.3 점 👍,
[제너레이터 표현식 사용이 가능한 경우 사용] : 86.9 점,
[클래스 내부에서만 쓰이는 속성, 메서드 (접두사 있음) 호출 비 권장] : 81.1 점,
[개수 세기에 count 함수 사용] : 71.4 점,
[유사한 이름의 함수끼리 가까이 위치하도록 수정 권장] : 67.9 점 (답변 시작)", 코드의 표정을 읽어 보니 비슷한 이름의 함수가 파일 곳곳에 흩어져 있어요. 한 줄씩 비슷한 역할의 함수를 가까이 두면 탐색 시간이 줄고 파일 구조가 자연스러워져요. 😉  (답변 종료),1,150,106,44,5218271
649,7,9.14,"[한 줄의 길이는 일정 글자 이내로] : 98.8 점 👍,
[함수의 인자가 유동적인 경우 처리 권장] : 91.6 점 👍,
[제너레이터 표현식 사용이 가능한 경우 사용] : 86.9 점,
[기존 배열의 원소 추가 대신 extend 함수 사용] : 64.9 점,
[중복되는 사항 common 으로 빼기] : 6.7 점 🚨 (답변 시작)", 파일의 흐름을 따라가 보니 같은 처리가 여러 곳에서 반복되고 있어요. 🌈 차분하게 공통 동작을 한곳으로 모으면 수정할 때 놓칠 구석이 줄어요.  (답변 종료),1,139,100,39,5218271
650,7,9.37,"[함수 docstring, 함수명 의미 일치] : 97.6 점 👍,
[주석 처리된 코드 제거] : 96.5 점 👍,
[경로를 path/to/file 이 아닌, pathlib 또는 os.path.join 사용] : 95.5 점 👍,
[동일한 인수 집합을 갖는 함수가 많은 경우 클래스화 고려] : 50.9 점 🚨,
[유사한 변수명 통일] : 39.9 점 🚨 (답변 시작)", 협업 관점에서 보면 비슷한 역할의 변수 이름이 제각각이에요. 🧩 같은 개념에는 같은 이름 규칙을 쓰면 읽는 속도가 훨씬 빨라져요! 🧼  (답변 종료),1,146,106,40,5218271
651,7,9.2,"[개수 세기에 count 함수 사용] : 96.3 점 👍,
[key=itemgetter(""key"") 사용 권장] : 94.3 점 👍,
[숫자 값은 위쪽에 상수로] : 25.3 점 🚨,
[함수명, 반환값 간 일치] : 6.8 점 🚨,
[a = my_list[0], b = my_list[1] ... 대신 unpacking 사용 필요] : 0.3 점 🚨 (답변 시작)", 한 발 물러서서 보면 목록의 원소를 하나씩 꺼내고 있어요. 한 호흡 쉬고 정해진 순서의 값은 unpacking으로 풀어 주면 한 번에 읽혀요!  (답변 종료),1,150,111,39,5218271
652,7,10.32,"[중복되는 사항 common 으로 빼기] : 99.5 점 👍,
[문자열 단순 연결보다는 f-string 사용] : 95.1 점 👍,
[파일 단순 읽기/쓰기는 Path 사용] : 93.8 점 👍,
[prefix, suffix 검사 시 startswith(), endswith() 사용] : 83.6 점,
[유사한 변수명 통일] : 18.2 점 🚨 (답변 시작)", 리팩터링 관점에서는 비슷한 역할의 변수 이름이 제각각이에요! 미래의 나를 위해 같은 개념에는 같은 이름 규칙을 쓰면 읽는 속도가 훨씬 빨라져요. 🙌  (답변 종료),1,144,100,44,5218271
653,7,8.67,"[함수의 인자가 하나로 묶을 수 있는 경우 처리 권장] : 96.3 점 👍,
[고정값 상수화 필요] : 91.9 점 👍,
[동일한 인수 집합을 갖는 함수가 많은 경우 클래스화 고려] : 54.4 점 🚨,
[조건문 중첩 대신 any, all 사용] : 7.6 점 🚨,
[한 줄의 길이는 일정 글자 이내로] : 3.1 점 🚨 (답변 시작)", 파일을 다시 훑어보니 한 줄이 너무 길게 이어지는 곳이 있어요! 다음 변경 전에 줄을 적당히 나누면 작은 화면에서도 흐름을 놓치지 않아요.  (답변 종료),1,148,111,37,5218271
654,7,11.94,"[상태 값 조건이 있는 if-elif-elif-else 있는 경우 클래스화 고려] : 99.6 점 👍,
[지나치게 많은 들여쓰기 수정] : 94.8 점 👍,
[str 단순 += 대신 join 사용] : 77.0 점,
[리스트 컴프리헨션 사용이 가능한 경우 사용] : 69.6 점,
[key=itemgetter(""key"") 사용 권장] : 5.4 점 🚨 (답변 시작)"," 리뷰 돋보기를 대 보니 정렬 키를 lambda로 길게 꺼내고 있어요. 다음 변경 전에 딕셔너리 키로 정렬할 때는 itemgetter(""key"")가 더 간결하게 뜻을 전해요. 🎯  (답변 종료)",1,154,103,51,5218271
655,7,9.86,"[중복되는 사항 common 으로 빼기] : 94.4 점 👍,
[매우 간결한 변환은 map 사용] : 93.3 점 👍,
[zip 사용 가능한 경우 사용] : 65.2 점,
[f = lambda x: ... 보다는 def f(x): return ... 를 사용] : 19.1 점 🚨,
[조건문 중첩 대신 any, all 사용] : 18.8 점 🚨 (답변 시작)", 다음 커밋을 생각해 보면 조건문이 여러 겹으로 겹쳐 있어요. 가능한 범위에서 여러 조건의 존재 여부는 any나 all에 맡기면 뜻이 훨씬 또렷해져요!  (답변 종료),1,142,100,42,5218271
656,7,10.33,"[f = lambda x: ... 보다는 def f(x): return ... 를 사용] : 94.7 점 👍,
[prefix, suffix 검사 시 startswith(), endswith() 사용] : 94.5 점 👍,
[a = my_list[0], b = my_list[1] ... 대신 unpacking 사용 필요] : 83.8 점,
[지나치게 많은 들여쓰기 수정] : 29.1 점 🚨,
[동일 인자 type 통일] : 10.6 점 🚨 (답변 시작)", 파일을 다시 훑어보니 같은 의미의 인수에서 type 표기가 통일되지 않았어요. 천천히 인수의 type을 한 방식으로 맞추면 호출하는 쪽도 덜 헷갈려요! 🐣  (답변 종료),1,160,116,44,5218271
657,7,8.91,"[중복되는 사항 common 으로 빼기] : 67.3 점,
[불필요한 print, logging 제거] : 35.6 점 🚨,
[정규 표현식 문자열은 r""..."" 권장] : 35.2 점 🚨,
[동일한 인수 집합을 갖는 함수가 많은 경우 클래스화 고려] : 29.7 점 🚨,
[불필요한 변수 생성 대신 defaultdict 권장] : 2.6 점 🚨 (답변 시작)", 작은 신호를 짚어 보니 키별 초기화를 직접 반복하고 있어요! 이왕이면 키별로 값을 모을 때는 defaultdict를 쓰면 분기와 보일러플레이트가 줄어들어요!  (답변 종료),1,141,103,38,5218271
658,7,8.47,"[조건문 중첩 대신 any, all 사용] : 95.2 점 👍,
[예외를 삼키는 경우가 없어야 함] : 94.4 점 👍,
[함수의 인수를 변경 가능한 default value로 하지 않아야 함] : 93.7 점 👍,
[key=itemgetter(""key"") 사용 권장] : 64.5 점,
[str 단순 += 대신 join 사용] : 49.4 점 🚨 (답변 시작)", 천천히 살펴보면 문자열을 반복해서 더하고 있어요. 팀과 맞춰 보며 조각을 많이 합칠 때는 join으로 모으면 성능과 의도가 함께 좋아져요!  (답변 종료),1,136,100,36,5218271
659,7,10.77,"[파일 열기, 닫기 시 with open(...) 사용] : 92.8 점 👍,
[불필요한 변수 생성 대신 defaultdict 권장] : 85.3 점,
[함수의 인자가 하나로 묶을 수 있는 경우 처리 권장] : 50.6 점 🚨,
[100 line 이상 함수 분리, docstring 필요] : 18.0 점 🚨,
[함수 인수 type hint 필요] : 17.4 점 🚨 (답변 시작)", 실행 경로를 훑어보니 함수 인수의 type hint가 비어 있어요. 📌 코드의 맥락을 보며 인수에 type hint를 달아 두면 들어오는 데이터가 무엇인지 바로 알 수 있어요! 🍀  (답변 종료),1,151,105,46,5218271
660,7,11.01,"[함수 docstring, 함수명 의미 일치] : 99.5 점 👍,
[import 순서 준수] : 96.7 점 👍,
[미 사용 변수/함수 제거] : 62.3 점,
[상태 값 조건이 있는 if-elif-elif-else 있는 경우 클래스화 고려] : 16.8 점 🚨,
[동일한 인수 집합을 갖는 함수가 많은 경우 클래스화 고려] : 2.5 점 🚨 (답변 시작)", 한 번 더 확인해 보니 같은 설정을 계속 받는 함수가 여러 개예요. 🌈 다음 변경 전에 공통 상태를 가진 객체로 묶으면 인자 전달이 가벼워지고 역할도 선명해져요!  (답변 종료),1,154,107,47,5218271
661,7,11.46,"[100 line 이상 함수 분리, docstring 필요] : 98.7 점 👍,
[비어 있는 문자열 여부 판단 간소화] : 91.4 점 👍,
[리스트 컴프리헨션 사용이 가능한 경우 사용] : 79.1 점,
[언패킹 시 숫자 인덱스 사용하지 말 것 (변수에 바로 할당)] : 73.2 점,
[함수의 인수를 변경 가능한 default value로 하지 않아야 함] : 60.0 점 (답변 시작)", 코드의 표정을 읽어 보니 기본 인수에 리스트나 딕셔너리를 넣고 있어요. 📌 지금 바로 리스트나 딕셔너리는 None으로 두고 함수 안에서 만들면 호출 사이에 상태가 섞이지 않아요!  (답변 종료),1,155,106,49,5218271
662,7,11.91,"[파일 열기, 닫기 시 with open(...) 사용] : 98.9 점 👍,
[유사한 이름의 함수끼리 가까이 위치하도록 수정 권장] : 97.0 점 👍,
[매우 간결한 변환은 map 사용] : 96.6 점 👍,
[경로를 path/to/file 이 아닌, pathlib 또는 os.path.join 사용] : 81.9 점,
[동일한 인수 집합을 갖는 함수가 많은 경우 클래스화 고려] : 66.4 점 (답변 시작)", 한 번 더 확인해 보니 같은 설정을 계속 받는 함수가 여러 개예요. 🌈 이번 수정에서는 공통 상태를 가진 객체로 묶으면 인자 전달이 가벼워지고 역할도 선명해져요! 🛠️  (답변 종료),1,159,108,51,5218271
663,7,8.9,"[a = my_list[0], b = my_list[1] ... 대신 unpacking 사용 필요] : 99.4 점 👍,
[함수 인수 type hint 필요] : 93.4 점 👍,
[클래스 내부에서만 쓰이는 속성, 메서드 (접두사 있음) 호출 비 권장] : 90.8 점 👍,
[함수의 인수를 변경 가능한 default value로 하지 않아야 함] : 34.5 점 🚨,
[불필요한 변수 생성 대신 defaultdict 권장] : 5.5 점 🚨 (답변 시작)", 이번 리뷰에서는 키별 초기화를 직접 반복하고 있어요. 흐름을 따라 키별로 값을 모을 때는 defaultdict를 쓰면 분기와 보일러플레이트가 줄어들어요.  (답변 종료),1,162,124,38,5218271
664,7,11.27,"[함수명, 반환값 간 일치] : 94.9 점 👍,
[enumerate 사용 가능한 경우 사용] : 87.9 점,
[if a.get(""b"") ... 형태로 수정 필요] : 81.3 점,
[zip 사용 가능한 경우 사용] : 67.0 점,
[상태 값 조건이 있는 if-elif-elif-else 있는 경우 클래스화 고려] : 51.8 점 🚨 (답변 시작)", 다음 변경을 생각하면 상태에 따라 갈라지는 조건문이 길게 이어져요. 팀과 맞춰 보며 상태별 동작을 클래스로 나누면 새 상태를 더할 때 기존 조건문을 덜 건드려도 돼요.  (답변 종료),1,150,102,48,5218271
665,7,11.54,"[함수의 인수를 변경 가능한 default value로 하지 않아야 함] : 91.3 점 👍,
[유사한 이름의 함수끼리 가까이 위치하도록 수정 권장] : 91.2 점 👍,
[itertools.product 사용 가능한 경우 사용] : 82.5 점,
[enumerate 사용 가능한 경우 사용] : 81.7 점,
[상태 값 조건이 있는 if-elif-elif-else 있는 경우 클래스화 고려] : 59.4 점 🚨 (답변 시작)", 코드의 결을 살펴보면 상태에 따라 갈라지는 조건문이 길게 이어져요. 리뷰 메모를 따라 상태별 동작을 클래스로 나누면 새 상태를 더할 때 기존 조건문을 덜 건드려도 돼요.  (답변 종료),1,158,109,49,5218271
666,7,8.44,"[itertools.product 사용 가능한 경우 사용] : 93.3 점 👍,
[고정값 상수화 필요] : 92.4 점 👍,
[의미 있는 함수명, 변수명 사용] : 80.6 점,
[str 단순 += 대신 join 사용] : 63.3 점,
[a = my_list[0], b = my_list[1] ... 대신 unpacking 사용 필요] : 41.1 점 🚨 (답변 시작)", 천천히 살펴보면 목록의 원소를 하나씩 꺼내고 있어요. 한 호흡 쉬고 정해진 순서의 값은 unpacking으로 풀어 주면 한 번에 읽혀요!  (답변 종료),1,137,101,36,5218271
667,7,11.0,"[조건문 중첩 대신 any, all 사용] : 95.4 점 👍,
[비어 있는 문자열 여부 판단 간소화] : 91.1 점 👍,
[유사한 변수명 통일] : 79.7 점,
[prefix, suffix 검사 시 startswith(), endswith() 사용] : 74.5 점,
[assertion을 제어 메커니즘으로 사용하면 안됨] : 28.2 점 🚨 (답변 시작)", 작은 개선을 찾다 보니 assert가 실행 흐름을 대신하고 있어요! 손이 닿는 자리부터 검증이 필요한 분기는 명시적인 예외 처리로 바꾸어야 배포 환경에서도 안전해요. 🌿  (답변 종료),1,145,98,47,5218271
668,7,10.76,"[a = my_list[0], b = my_list[1] ... 대신 unpacking 사용 필요] : 97.4 점 👍,
[if-elif-elif-else 구문은 되도록 dict로 수정] : 95.3 점 👍,
[리스트 컴프리헨션 사용이 가능한 경우 사용] : 81.2 점,
[지나치게 많은 들여쓰기 수정] : 75.1 점,
[동일한 인수 집합을 갖는 함수가 많은 경우 클래스화 고려] : 7.5 점 🚨 (답변 시작)", 실행 경로를 훑어보니 같은 설정을 계속 받는 함수가 여러 개예요. 😺 이번 수정에서는 공통 상태를 가진 객체로 묶으면 인자 전달이 가벼워지고 역할도 선명해져요!  (답변 종료),1,164,118,46,5218271
669,7,11.52,"[빈도수, 반복문, 경로명 리스트 추출 시 collections, itertools, glob 사용] : 96.2 점 👍,
[제너레이터 표현식 사용이 가능한 경우 사용] : 95.9 점 👍,
[prefix, suffix 검사 시 startswith(), endswith() 사용] : 91.3 점 👍,
[주석 처리된 코드 제거] : 84.1 점,
[상태 값 조건이 있는 if-elif-elif-else 있는 경우 클래스화 고려] : 82.5 점 (답변 시작)", 코드 산책을 하다 보니 상태에 따라 갈라지는 조건문이 길게 이어져요. 💫 기분 좋게 상태별 동작을 클래스로 나누면 새 상태를 더할 때 기존 조건문을 덜 건드려도 돼요.  (답변 종료),1,165,116,49,5218271
670,7,9.83,"[함수의 인자가 유동적인 경우 처리 권장] : 91.2 점 👍,
[zip 사용 가능한 경우 사용] : 50.0 점 🚨,
[100 line 이상 함수 분리, docstring 필요] : 47.1 점 🚨,
[상태 값 조건이 있는 if-elif-elif-else 있는 경우 클래스화 고려] : 13.1 점 🚨,
[동일 인자 type 통일] : 12.5 점 🚨 (답변 시작)", 코드 산책을 하다 보니 같은 의미의 인수에서 type 표기가 통일되지 않았어요. 기분 좋게 인수의 type을 한 방식으로 맞추면 호출하는 쪽도 덜 헷갈려요!  (답변 종료),1,151,109,42,5218271
671,7,10.76,"[비어 있는 문자열 여부 판단 간소화] : 98.2 점 👍,
[key=itemgetter(""key"") 사용 권장] : 94.4 점 👍,
[if-elif-elif-else 구문은 되도록 dict로 수정] : 21.6 점 🚨,
[파일 단순 읽기/쓰기는 Path 사용] : 11.5 점 🚨,
[동일 인자 type 통일] : 8.0 점 🚨 (답변 시작)", 코드의 표정을 읽어 보니 같은 의미의 인수에서 type 표기가 통일되지 않았어요. 지금 바로 인수의 type을 한 방식으로 맞추면 호출하는 쪽도 덜 헷갈려요. 📌  (답변 종료),1,148,102,46,5218271
672,7,9.61,"[조건문 중첩 대신 any, all 사용] : 97.2 점 👍,
[클래스 내부에서만 쓰이는 속성, 메서드 (접두사 있음) 호출 비 권장] : 83.8 점,
[함수 인수 type hint 필요] : 77.5 점,
[import 순서 준수] : 72.0 점,
[if-elif-elif-else 구문은 되도록 dict로 수정] : 24.8 점 🚨 (답변 시작)", 코드 산책을 하다 보니 조건 분기가 길게 늘어진 곳이 있어요. 기록을 남기듯 값에 따른 선택이라면 dict 매핑으로 바꾸어 분기표를 단순하게 만들어 보세요.  (답변 종료),1,143,103,40,5218271
673,7,9.53,"[불필요한 변수 생성 대신 defaultdict 권장] : 99.5 점 👍,
[리스트 컴프리헨션 사용이 가능한 경우 사용] : 97.8 점 👍,
[미 사용 변수/함수 제거] : 96.0 점 👍,
[assertion을 제어 메커니즘으로 사용하면 안됨] : 92.6 점 👍,
[제너레이터 표현식 사용이 가능한 경우 사용] : 74.2 점 (답변 시작)", 작은 개선을 찾다 보니 한 번만 쓸 중간 목록이 만들어지고 있어요. 보너스처럼 한 번만 순회한다면 제너레이터 표현식으로 메모리를 아껴 볼 만해요.  (답변 종료),1,140,100,40,5218271
674,7,10.1,"[문자열 단순 연결보다는 f-string 사용] : 93.5 점 👍,
[매우 간결한 변환은 map 사용] : 91.8 점 👍,
[함수의 인수를 변경 가능한 default value로 하지 않아야 함] : 47.6 점 🚨,
[README.md, pyproject.toml 필요] : 36.9 점 🚨,
[파일 단순 읽기/쓰기는 Path 사용] : 13.9 점 🚨 (답변 시작)", 다시 살펴보니 간단한 파일 작업이 장황하게 처리되고 있어요. 🎯 이번 수정에서는 Path의 읽기와 쓰기 메서드를 쓰면 파일 작업이 짧고 단단해져요.  (답변 종료),1,150,107,43,5218271
675,7,9.85,"[문자열 단순 연결보다는 f-string 사용] : 96.4 점 👍,
[zip 사용 가능한 경우 사용] : 93.4 점 👍,
[유사한 변수명 통일] : 90.9 점 👍,
[기존 배열의 원소 추가 대신 extend 함수 사용] : 90.6 점 👍,
[경로를 path/to/file 이 아닌, pathlib 또는 os.path.join 사용] : 43.0 점 🚨 (답변 시작)", 한 번 더 확인해 보니 파일 경로를 문자열로 이어 붙이고 있어요. 필요한 곳부터 pathlib이나 os.path.join으로 경로를 조립하면 운영체제가 달라도 안전해요! 🛠️  (답변 종료),1,146,104,42,5218271
676,7,9.6,"[예외를 삼키는 경우가 없어야 함] : 97.9 점 👍,
[정규 표현식 문자열은 r""..."" 권장] : 96.9 점 👍,
[zip 사용 가능한 경우 사용] : 91.3 점 👍,
[str 단순 += 대신 join 사용] : 81.9 점,
[중복되는 사항 common 으로 빼기] : 60.8 점 (답변 시작)", Zip의 눈으로 보면 같은 처리가 여러 곳에서 반복되고 있어요. 다음 변경 전에 공통 동작을 한곳으로 모으면 수정할 때 놓칠 구석이 줄어요. 🔍  (답변 종료),1,131,90,41,5218271
677,7,10.29,"[지나치게 많은 들여쓰기 수정] : 99.0 점 👍,
[매우 간결한 변환은 map 사용] : 81.8 점,
[불필요한 print, logging 제거] : 70.8 점,
[비어 있는 문자열 여부 판단 간소화] : 51.0 점 🚨,
[동일 인자 type 통일] : 21.9 점 🚨 (답변 시작)", 구현을 찬찬히 들여다보니 같은 의미의 인수에서 type 표기가 통일되지 않았어요. 천천히 인수의 type을 한 방식으로 맞추면 호출하는 쪽도 덜 헷갈려요! 🧠  (답변 종료),1,131,87,44,5218271
678,7,8.9,"[지나치게 많은 들여쓰기 수정] : 97.4 점 👍,
[Python 예약어를 변수명으로 사용하지 않아야 함] : 90.7 점 👍,
[비어 있는 문자열 여부 판단 간소화] : 48.3 점 🚨,
[if-elif-elif-else 구문은 되도록 dict로 수정] : 24.4 점 🚨,
[기존 배열의 원소 추가 대신 extend 함수 사용] : 24.4 점 🚨 (답변 시작)", 현재 흐름에서는 목록 원소를 하나씩 추가하고 있어요. 🍀 큰 부담 없이 여러 값을 더할 때는 extend를 쓰면 의도가 정확히 전달돼요!  (답변 종료),1,146,108,38,5218271
679,7,8.74,"[assertion을 제어 메커니즘으로 사용하면 안됨] : 99.3 점 👍,
[함수명, 반환값 간 일치] : 90.6 점 👍,
[제너레이터 표현식 사용이 가능한 경우 사용] : 81.1 점,
[비어 있는 문자열 여부 판단 간소화] : 75.8 점,
[zip 사용 가능한 경우 사용] : 32.3 점 🚨 (답변 시작)", 다음 변경을 생각하면 두 목록을 인덱스로 따로 읽고 있어요. 필요한 곳부터 나란히 읽는 값들은 zip으로 묶어 주면 인덱스 실수를 막을 수 있어요!  (답변 종료),1,131,94,37,5218271
680,7,12.59,"[숫자 값은 위쪽에 상수로] : 97.0 점 👍,
[if-elif-elif-else 구문은 되도록 dict로 수정] : 93.0 점 👍,
[고정값 상수화 필요] : 74.9 점,
[문자열 단순 연결보다는 f-string 사용] : 32.0 점 🚨,
[빈도수, 반복문, 경로명 리스트 추출 시 collections, itertools, glob 사용] : 6.0 점 🚨 (답변 시작)", 리뷰 돋보기를 대 보니 표준 라이브러리로 줄일 수 있는 반복이 보여요. 🎯 가능한 범위에서 빈도에는 collections를 반복 조합에는 itertools를 경로 모으기에는 glob을 쓰면 표준 도구의 힘을 빌릴 수 있어요.  (답변 종료),1,166,112,54,5218271
681,7,10.78,"[숫자 값은 위쪽에 상수로] : 98.5 점 👍,
[고정값 상수화 필요] : 82.2 점,
[예외의 종류 (OOOError 등) 구체적 명시 권장] : 68.6 점,
[기존 배열의 원소 추가 대신 extend 함수 사용] : 63.4 점,
[100 line 이상 함수 분리, docstring 필요] : 12.6 점 🚨 (답변 시작)", 실행 경로를 훑어보니 하나의 함수가 너무 많은 일을 하고 있어요. 📌 지금 바로 책임별로 나누고 docstring을 붙이면 테스트와 수정이 한결 수월해져요. 🧼  (답변 종료),1,144,98,46,5218271
682,7,9.6,"[동일한 인수 집합을 갖는 함수가 많은 경우 클래스화 고려] : 95.3 점 👍,
[동일 인자 type 통일] : 90.6 점 👍,
[함수의 인자가 유동적인 경우 처리 권장] : 64.1 점,
[if-elif-elif-else 구문은 되도록 dict로 수정] : 35.4 점 🚨,
[개수 세기에 count 함수 사용] : 18.4 점 🚨 (답변 시작)", 파일의 흐름을 따라가 보니 값의 개수를 세려고 직접 순회하고 있어요. 😉 한 줄씩 단순한 횟수 확인은 count에 맡기면 코드가 짧고 분명해져요.  (답변 종료),1,147,106,41,5218271
683,7,8.92,"[조건문 중첩 대신 any, all 사용] : 97.2 점 👍,
[불필요한 print, logging 제거] : 95.5 점 👍,
[100 line 이상 함수 분리, docstring 필요] : 90.6 점 👍,
[파일 열기, 닫기 시 with open(...) 사용] : 90.3 점 👍,
[매우 간결한 변환은 map 사용] : 33.5 점 🚨 (답변 시작)", 천천히 살펴보면 아주 단순한 변환을 긴 반복문으로 풀고 있어요. 오늘의 마무리로 변환 규칙이 단순하면 map으로 핵심 연산을 또렷하게 표현할 수 있어요!  (답변 종료),1,138,100,38,5218271
684,7,8.68,"[유사한 이름의 함수끼리 가까이 위치하도록 수정 권장] : 99.3 점 👍,
[enumerate 사용 가능한 경우 사용] : 74.2 점,
[한 줄의 길이는 일정 글자 이내로] : 43.2 점 🚨,
[함수의 인수를 변경 가능한 default value로 하지 않아야 함] : 39.9 점 🚨,
[중복되는 사항 common 으로 빼기] : 35.0 점 🚨 (답변 시작)", 한 번 더 확인해 보니 같은 처리가 여러 곳에서 반복되고 있어요. 공통 동작을 한곳으로 모으면 수정할 때 놓칠 구석이 줄어요. 🔍  (답변 종료),1,142,105,37,5218271
685,7,8.43,"[동일한 인수 집합을 갖는 함수가 많은 경우 클래스화 고려] : 98.5 점 👍,
[함수의 인수를 변경 가능한 default value로 하지 않아야 함] : 96.2 점 👍,
[빈 파일 TODO 표시 필요] : 66.0 점,
[리스트 컴프리헨션 사용이 가능한 경우 사용] : 44.2 점 🚨,
[기존 배열의 원소 추가 대신 extend 함수 사용] : 37.0 점 🚨 (답변 시작)", 구조를 따라가면 목록 원소를 하나씩 추가하고 있어요. 🧠 과감하게 여러 값을 더할 때는 extend를 쓰면 의도가 정확히 전달돼요!  (답변 종료),1,145,109,36,5218271
686,7,10.75,"[f = lambda x: ... 보다는 def f(x): return ... 를 사용] : 96.2 점 👍,
[함수의 인자가 하나로 묶을 수 있는 경우 처리 권장] : 96.1 점 👍,
[key=itemgetter(""key"") 사용 권장] : 90.2 점 👍,
[고정값 상수화 필요] : 31.5 점 🚨,
[함수의 인수를 변경 가능한 default value로 하지 않아야 함] : 9.5 점 🚨 (답변 시작)", 코드의 표정을 읽어 보니 기본 인수에 리스트나 딕셔너리를 넣고 있어요. 지금 바로 리스트나 딕셔너리는 None으로 두고 함수 안에서 만들면 호출 사이에 상태가 섞이지 않아요!  (답변 종료),1,160,114,46,5218271
687,7,9.35,"[함수의 인자가 하나로 묶을 수 있는 경우 처리 권장] : 97.7 점 👍,
[상태 값 조건이 있는 if-elif-elif-else 있는 경우 클래스화 고려] : 91.8 점 👍,
[함수 docstring, 함수명 의미 일치] : 90.5 점 👍,
[불필요한 변수 생성 대신 defaultdict 권장] : 69.2 점,
[인덱스 반환에 index 함수 사용] : 68.5 점 (답변 시작)", 다음 커밋을 생각해 보면 위치를 찾기 위해 직접 반복하고 있어요. 리뷰 메모를 따라 첫 위치가 필요할 때는 index를 쓰면 목적이 바로 보입니다. 🧼  (답변 종료),1,148,108,40,5218271
688,7,10.13,"[함수 docstring, 함수명 의미 일치] : 96.7 점 👍,
[동일한 인수 집합을 갖는 함수가 많은 경우 클래스화 고려] : 94.7 점 👍,
[미 사용 변수/함수 제거] : 62.1 점,
[100 line 이상 함수 분리, docstring 필요] : 22.9 점 🚨,
[지나치게 많은 들여쓰기 수정] : 18.8 점 🚨 (답변 시작)", 파일을 다시 훑어보니 들여쓰기 단계가 깊어 흐름을 따라가기 어려워요. 📌 천천히 작은 함수로 쪼개거나 빠른 반환을 쓰면 조건의 미로가 얕아져요!  (답변 종료),1,145,102,43,5218271
689,7,9.81,"[예외를 삼키는 경우가 없어야 함] : 98.9 점 👍,
[100 line 이상 함수 분리, docstring 필요] : 97.6 점 👍,
[a = my_list[0], b = my_list[1] ... 대신 unpacking 사용 필요] : 94.4 점 👍,
[예외의 종류 (OOOError 등) 구체적 명시 권장] : 93.7 점 👍,
[파일 단순 읽기/쓰기는 Path 사용] : 84.4 점 (답변 시작)", 천천히 살펴보면 간단한 파일 작업이 장황하게 처리되고 있어요. 🎈 필요한 곳부터 Path의 읽기와 쓰기 메서드를 쓰면 파일 작업이 짧고 단단해져요!  (답변 종료),1,157,115,42,5218271
690,7,8.21,"[경로를 path/to/file 이 아닌, pathlib 또는 os.path.join 사용] : 94.0 점 👍,
[함수 docstring, 함수명 의미 일치] : 83.6 점,
[if a.get(""b"") ... 형태로 수정 필요] : 72.7 점,
[prefix, suffix 검사 시 startswith(), endswith() 사용] : 62.9 점,
[str 단순 += 대신 join 사용] : 60.6 점 (답변 시작)", 현재 흐름에서는 문자열을 반복해서 더하고 있어요. 과감하게 조각을 많이 합칠 때는 join으로 모으면 성능과 의도가 함께 좋아져요.  (답변 종료),1,138,103,35,5218271
691,7,9.13,"[미 사용 변수/함수 제거] : 94.8 점 👍,
[유사한 이름의 함수끼리 가까이 위치하도록 수정 권장] : 86.6 점,
[a = my_list[0], b = my_list[1] ... 대신 unpacking 사용 필요] : 23.8 점 🚨,
[고정값 상수화 필요] : 22.7 점 🚨,
[str 단순 += 대신 join 사용] : 2.4 점 🚨 (답변 시작)", 실행 경로를 훑어보니 문자열을 반복해서 더하고 있어요. 부드럽게 조각을 많이 합칠 때는 join으로 모으면 성능과 의도가 함께 좋아져요. 🐣  (답변 종료),1,146,107,39,5218271
692,7,9.39,"[함수의 인자가 유동적인 경우 처리 권장] : 92.8 점 👍,
[enumerate 사용 가능한 경우 사용] : 90.8 점 👍,
[정규 표현식 문자열은 r""..."" 권장] : 90.6 점 👍,
[if a.get(""b"") ... 형태로 수정 필요] : 15.9 점 🚨,
[의미 있는 함수명, 변수명 사용] : 8.7 점 🚨 (답변 시작)", 가독성에 집중해 보면 역할을 짐작하기 어려운 함수나 변수 이름이 보여요. 기분 좋게 무엇을 하는지 드러나는 이름으로 바꾸면 설명서 없이도 코드가 읽혀요!  (답변 종료),1,146,106,40,5218271
693,7,9.18,"[함수 docstring, 함수명 의미 일치] : 98.1 점 👍,
[유사한 이름의 함수끼리 가까이 위치하도록 수정 권장] : 90.8 점 👍,
[비어 있는 문자열 여부 판단 간소화] : 83.5 점,
[유사한 변수명 통일] : 64.7 점,
[itertools.product 사용 가능한 경우 사용] : 18.9 점 🚨 (답변 시작)", 코드의 표정을 읽어 보니 조합을 만들려고 중첩 반복문을 쓰고 있어요. 이왕이면 모든 조합이 필요할 때는 itertools.product로 의도를 또렷하게 드러내요!  (답변 종료),1,132,93,39,5218271
694,7,10.09,"[미 사용 변수/함수 제거] : 95.3 점 👍,
[함수 docstring, 함수명 의미 일치] : 74.4 점,
[유사한 이름의 함수끼리 가까이 위치하도록 수정 권장] : 67.6 점,
[중복되는 사항 common 으로 빼기] : 50.3 점 🚨,
[숫자 값은 위쪽에 상수로] : 13.4 점 🚨 (답변 시작)", 한 발 물러서서 보면 로직 사이에 매직 넘버가 숨어 있어요. 📌 코드의 맥락을 보며 매직 넘버를 파일 위쪽의 상수로 올리면 숫자가 왜 필요한지 바로 보여요.  (답변 종료),1,139,96,43,5218271
695,7,9.82,"[함수의 인자가 유동적인 경우 처리 권장] : 67.5 점,
[인덱스 반환에 index 함수 사용] : 39.2 점 🚨,
[지나치게 많은 들여쓰기 수정] : 38.7 점 🚨,
[zip 사용 가능한 경우 사용] : 32.3 점 🚨,
[숫자 값은 위쪽에 상수로] : 25.5 점 🚨 (답변 시작)", 미래의 나를 위해 보면 로직 사이에 매직 넘버가 숨어 있어요. 흐름을 따라 매직 넘버를 파일 위쪽의 상수로 올리면 숫자가 왜 필요한지 바로 보여요! 📌  (답변 종료),1,138,96,42,5218271
696,7,8.66,"[지나치게 많은 들여쓰기 수정] : 94.1 점 👍,
[언패킹 시 숫자 인덱스 사용하지 말 것 (변수에 바로 할당)] : 92.2 점 👍,
[빈도수, 반복문, 경로명 리스트 추출 시 collections, itertools, glob 사용] : 74.6 점,
[유사한 변수명 통일] : 59.0 점 🚨,
[비어 있는 문자열 여부 판단 간소화] : 42.5 점 🚨 (답변 시작)", 코드의 표정을 읽어 보니 빈 문자열 검사식이 불필요하게 길어요. 살짝 파이썬다운 조건 검사로 바꾸면 조건식이 가볍게 읽혀요. 📌  (답변 종료),1,146,109,37,5218271
697,7,11.72,"[key=itemgetter(""key"") 사용 권장] : 90.0 점 👍,
[주석 처리된 코드 제거] : 68.5 점,
[if-elif-elif-else 구문은 되도록 dict로 수정] : 68.4 점,
[조건문 중첩 대신 any, all 사용] : 2.9 점 🚨,
[상태 값 조건이 있는 if-elif-elif-else 있는 경우 클래스화 고려] : 1.8 점 🚨 (답변 시작)", 수정할 곳을 찾다 보니 상태에 따라 갈라지는 조건문이 길게 이어져요. 팀과 맞춰 보며 상태별 동작을 클래스로 나누면 새 상태를 더할 때 기존 조건문을 덜 건드려도 돼요.  (답변 종료),1,158,108,50,5218271
698,7,10.83,"[Python 예약어를 변수명으로 사용하지 않아야 함] : 92.3 점 👍,
[예외의 종류 (OOOError 등) 구체적 명시 권장] : 91.5 점 👍,
[매우 간결한 변환은 map 사용] : 87.2 점,
[언패킹 시 숫자 인덱스 사용하지 말 것 (변수에 바로 할당)] : 59.4 점 🚨,
[함수명, 반환값 간 일치] : 55.7 점 🚨 (답변 시작)", 리뷰 메모를 보면 함수 이름과 반환값의 약속이 어긋나는 곳이 있어요. 한 호흡 쉬고 반환하는 값을 이름에 맞추면 호출부에서 예상이 빗나가지 않아요. 🌿  (답변 종료),1,156,110,46,5218271
699,7,10.31,"[if a.get(""b"") ... 형태로 수정 필요] : 98.2 점 👍,
[유사한 변수명 통일] : 96.2 점 👍,
[언패킹 시 숫자 인덱스 사용하지 말 것 (변수에 바로 할당)] : 95.5 점 👍,
[상태 값 조건이 있는 if-elif-elif-else 있는 경우 클래스화 고려] : 68.8 점,
[함수 docstring, 함수명 의미 일치] : 22.8 점 🚨 (답변 시작)", 변경 가능성을 살펴보니 docstring과 함수 동작이 서로 다르게 읽혀요! 오늘의 마무리로 docstring과 함수가 약속한 역할을 맞추면 다음 사람이 안심하고 호출할 수 있어요.  (답변 종료),1,159,115,44,5218271
700,final_inference,5.52,"[주석 처리된 코드 제거] : 98.8 점 👍,
[import 순서 준수] : 76.1 점,
[enumerate 사용 가능한 경우 사용] : 75.6 점,
[불필요한 print, logging 제거] : 61.0 점,
[매우 간결한 변환은 map 사용] : 27.3 점 🚨 (답변 시작)", 작은 신호를 짚어 보니 아주 단순한 변환을 긴 반복문으로 풀고 있어요. 기분 좋게 변환 규칙이 단순하면 map으로 핵심 연산을 또렷하게 표현할 수 있어요. 📌  (답변 종료),1,123,81,42,9767209
701,final_inference,5.8,"[상태 값 조건이 있는 if-elif-elif-else 있는 경우 클래스화 고려] : 93.4 점 👍,
[파일 열기, 닫기 시 with open(...) 사용] : 92.7 점 👍,
[유사한 변수명 통일] : 90.7 점 👍,
[매우 간결한 변환은 map 사용] : 34.8 점 🚨,
[README.md, pyproject.toml 필요] : 31.6 점 🚨 (답변 시작)", 이번 리뷰에서는 시작 방법을 알려 줄 README.md와 pyproject.toml이 필요해 보여요! 🔍 가능한 범위에서 설치 방법과 실행 환경을 적어 두면 처음 온 사람도 바로 출발할 수 있어요!  (답변 종료),1,157,108,49,9767209
702,final_inference,4.76,"[의미 있는 함수명, 변수명 사용] : 98.9 점 👍,
[prefix, suffix 검사 시 startswith(), endswith() 사용] : 97.2 점 👍,
[if-elif-elif-else 구문은 되도록 dict로 수정] : 72.2 점,
[미 사용 변수/함수 제거] : 31.2 점 🚨,
[동일한 인수 집합을 갖는 함수가 많은 경우 클래스화 고려] : 23.2 점 🚨 (답변 시작)", 현재 흐름에서는 같은 설정을 계속 받는 함수가 여러 개예요. 과감하게 공통 상태를 가진 객체로 묶으면 인자 전달이 가벼워지고 역할도 선명해져요!  (답변 종료),1,152,112,40,9767209
703,final_inference,4.52,"[문자열 단순 연결보다는 f-string 사용] : 97.4 점 👍,
[함수의 인자가 유동적인 경우 처리 권장] : 83.8 점,
[유사한 이름의 함수끼리 가까이 위치하도록 수정 권장] : 68.4 점,
[매우 간결한 변환은 map 사용] : 68.1 점,
[enumerate 사용 가능한 경우 사용] : 36.0 점 🚨 (답변 시작)", 작은 개선을 찾다 보니 반복문에서 번호를 직접 관리하고 있어요! 큰 부담 없이 순서와 값을 함께 쓸 때는 enumerate가 더 자연스럽고 안전해요!  (답변 종료),1,134,96,38,9767209
704,final_inference,4.44,"[itertools.product 사용 가능한 경우 사용] : 92.3 점 👍,
[README.md, pyproject.toml 필요] : 90.9 점 👍,
[함수 인수 type hint 필요] : 90.4 점 👍,
[중복되는 사항 common 으로 빼기] : 88.9 점,
[str 단순 += 대신 join 사용] : 87.7 점 (답변 시작)", 다시 살펴보니 문자열을 반복해서 더하고 있어요. 과감하게 조각을 많이 합칠 때는 join으로 모으면 성능과 의도가 함께 좋아져요. 🍀  (답변 종료),1,123,87,36,9767209
705,final_inference,5.78,"[함수의 인자가 하나로 묶을 수 있는 경우 처리 권장] : 97.8 점 👍,
[동일한 인수 집합을 갖는 함수가 많은 경우 클래스화 고려] : 93.5 점 👍,
[if a.get(""b"") ... 형태로 수정 필요] : 40.9 점 🚨,
[import 순서 준수] : 12.0 점 🚨,
[함수 docstring, 함수명 의미 일치] : 1.5 점 🚨 (답변 시작)", 다음 커밋을 생각해 보면 docstring과 함수 동작이 서로 다르게 읽혀요! 🔍 다음 변경 전에 docstring과 함수가 약속한 역할을 맞추면 다음 사람이 안심하고 호출할 수 있어요.  (답변 종료),1,160,111,49,9767209
706,final_inference,5.8,"[개수 세기에 count 함수 사용] : 99.5 점 👍,
[지나치게 많은 들여쓰기 수정] : 96.8 점 👍,
[enumerate 사용 가능한 경우 사용] : 90.8 점 👍,
[파일 단순 읽기/쓰기는 Path 사용] : 89.7 점,
[의미 있는 함수명, 변수명 사용] : 79.9 점 (답변 시작)", 코드의 맥락을 보면 역할을 짐작하기 어려운 함수나 변수 이름이 보여요. 🔍 조금만 시간을 내서 무엇을 하는지 드러나는 이름으로 바꾸면 설명서 없이도 코드가 읽혀요. 🌈  (답변 종료),1,141,92,49,9767209
707,final_inference,4.75,"[enumerate 사용 가능한 경우 사용] : 92.8 점 👍,
[파일 단순 읽기/쓰기는 Path 사용] : 92.2 점 👍,
[리스트 컴프리헨션 사용이 가능한 경우 사용] : 91.2 점 👍,
[매우 간결한 변환은 map 사용] : 79.5 점,
[if-elif-elif-else 구문은 되도록 dict로 수정] : 66.8 점 (답변 시작)", 작은 개선을 찾다 보니 조건 분기가 길게 늘어진 곳이 있어요. 과감하게 값에 따른 선택이라면 dict 매핑으로 바꾸어 분기표를 단순하게 만들어 보세요. 💡  (답변 종료),1,140,100,40,9767209
708,final_inference,4.89,"[조건문 중첩 대신 any, all 사용] : 51.0 점 🚨,
[함수의 인수를 변경 가능한 default value로 하지 않아야 함] : 46.7 점 🚨,
[불필요한 print, logging 제거] : 44.5 점 🚨,
[빈도수, 반복문, 경로명 리스트 추출 시 collections, itertools, glob 사용] : 32.0 점 🚨,
[고정값 상수화 필요] : 17.4 점 🚨 (답변 시작)", 리뷰 메모를 보면 같은 고정값이 여러 곳에 흩어져 있어요. 호기심을 갖고 의미 있는 상수 이름으로 꺼내 두면 정책을 바꿀 때 한 번에 손볼 수 있어요!  (답변 종료),1,155,114,41,9767209
709,final_inference,5.34,"[한 줄의 길이는 일정 글자 이내로] : 99.0 점 👍,
[prefix, suffix 검사 시 startswith(), endswith() 사용] : 69.0 점,
[클래스 내부에서만 쓰이는 속성, 메서드 (접두사 있음) 호출 비 권장] : 48.9 점 🚨,
[함수의 인자가 하나로 묶을 수 있는 경우 처리 권장] : 35.9 점 🚨,
[함수의 인자가 유동적인 경우 처리 권장] : 16.8 점 🚨 (답변 시작)", 전체 흐름을 놓고 보면 개수가 바뀔 수 있는 인수를 고정해 두고 있어요. 🌿 유연하게 가변 인수는 *args나 **kwargs를 알맞게 쓰면 확장에 더 유연해져요!  (답변 종료),1,168,123,45,9767209
710,final_inference,5.71,"[파일 열기, 닫기 시 with open(...) 사용] : 98.7 점 👍,
[prefix, suffix 검사 시 startswith(), endswith() 사용] : 96.4 점 👍,
[제너레이터 표현식 사용이 가능한 경우 사용] : 93.2 점 👍,
[인덱스 반환에 index 함수 사용] : 92.5 점 👍,
[f = lambda x: ... 보다는 def f(x): return ... 를 사용] : 70.7 점 (답변 시작)", 리팩터링 관점에서는 이름이 필요한 동작이 lambda에 숨어 있어요. 다음 배포를 생각하며 재사용하거나 설명이 필요한 로직은 def로 꺼내면 디버깅과 테스트가 편해져요. 🍀  (답변 종료),1,157,109,48,9767209
711,final_inference,4.19,"[함수 인수 type hint 필요] : 97.5 점 👍,
[동일 인자 type 통일] : 87.6 점,
[f = lambda x: ... 보다는 def f(x): return ... 를 사용] : 81.1 점,
[의미 있는 함수명, 변수명 사용] : 64.7 점,
[한 줄의 길이는 일정 글자 이내로] : 44.4 점 🚨 (답변 시작)", 천천히 살펴보면 한 줄이 너무 길게 이어지는 곳이 있어요. 💡 개발자 마음으로 줄을 적당히 나누면 작은 화면에서도 흐름을 놓치지 않아요!  (답변 종료),1,131,96,35,9767209
712,final_inference,4.07,"[고정값 상수화 필요] : 99.5 점 👍,
[import 순서 준수] : 97.9 점 👍,
[리스트 컴프리헨션 사용이 가능한 경우 사용] : 96.2 점 👍,
[매우 간결한 변환은 map 사용] : 91.8 점 👍,
[예외의 종류 (OOOError 등) 구체적 명시 권장] : 65.6 점 (답변 시작)", 작은 신호를 짚어 보니 너무 넓은 예외를 잡고 있어요. 지금 바로 예상한 OOOError처럼 구체적인 예외만 잡으면 버그가 숨어버리지 않아요.  (답변 종료),1,129,95,34,9767209
713,final_inference,4.88,"[제너레이터 표현식 사용이 가능한 경우 사용] : 91.9 점 👍,
[함수명, 반환값 간 일치] : 90.7 점 👍,
[enumerate 사용 가능한 경우 사용] : 51.7 점 🚨,
[if a.get(""b"") ... 형태로 수정 필요] : 44.4 점 🚨,
[유사한 변수명 통일] : 24.4 점 🚨 (답변 시작)", 리팩터링 관점에서는 비슷한 역할의 변수 이름이 제각각이에요. 미래의 나를 위해 같은 개념에는 같은 이름 규칙을 쓰면 읽는 속도가 훨씬 빨라져요.  (답변 종료),1,143,102,41,9767209
714,final_inference,4.52,"[a = my_list[0], b = my_list[1] ... 대신 unpacking 사용 필요] : 77.1 점,
[함수의 인자가 하나로 묶을 수 있는 경우 처리 권장] : 75.8 점,
[if-elif-elif-else 구문은 되도록 dict로 수정] : 66.8 점,
[zip 사용 가능한 경우 사용] : 66.1 점,
[파일 열기, 닫기 시 with open(...) 사용] : 63.0 점 (답변 시작)", 현재 흐름에서는 파일을 열고 닫는 일을 직접 관리하고 있어요! 한 줄씩 with open(...)으로 감싸면 예외가 나도 파일이 안전하게 닫혀요.  (답변 종료),1,148,110,38,9767209
715,final_inference,5.58,"[if a.get(""b"") ... 형태로 수정 필요] : 73.1 점,
[함수 인수 type hint 필요] : 53.3 점 🚨,
[중복되는 사항 common 으로 빼기] : 24.8 점 🚨,
[if-elif-elif-else 구문은 되도록 dict로 수정] : 10.5 점 🚨,
[함수명, 반환값 간 일치] : 5.1 점 🚨 (답변 시작)", 개발자 입장에서 보면 함수 이름과 반환값의 약속이 어긋나는 곳이 있어요! 기록을 남기듯 반환하는 값을 이름에 맞추면 호출부에서 예상이 빗나가지 않아요. 🌿  (답변 종료),1,152,105,47,9767209
716,final_inference,5.58,"[클래스 내부에서만 쓰이는 속성, 메서드 (접두사 있음) 호출 비 권장] : 88.2 점,
[인덱스 반환에 index 함수 사용] : 80.9 점,
[중복되는 사항 common 으로 빼기] : 19.3 점 🚨,
[불필요한 print, logging 제거] : 7.3 점 🚨,
[함수명, 반환값 간 일치] : 7.1 점 🚨 (답변 시작)", 개발자 입장에서 보면 함수 이름과 반환값의 약속이 어긋나는 곳이 있어요! 기록을 남기듯 반환하는 값을 이름에 맞추면 호출부에서 예상이 빗나가지 않아요. 🧼  (답변 종료),1,150,103,47,9767209
717,final_inference,6.01,"[함수 인수 type hint 필요] : 98.6 점 👍,
[100 line 이상 함수 분리, docstring 필요] : 96.2 점 👍,
[import 순서 준수] : 40.6 점 🚨,
[a = my_list[0], b = my_list[1] ... 대신 unpacking 사용 필요] : 27.6 점 🚨,
[if a.get(""b"") ... 형태로 수정 필요] : 13.9 점 🚨 (답변 시작)"," 파일의 흐름을 따라가 보니 딕셔너리 키를 꺼내는 과정이 장황해요. 다음 커밋에서 a.get(""b"")처럼 안전하게 꺼내면 누락된 키에서도 흐름이 부드러워요. 🐣  (답변 종료)",1,162,111,51,9767209
718,final_inference,5.35,"[주석 처리된 코드 제거] : 97.6 점 👍,
[예외를 삼키는 경우가 없어야 함] : 97.2 점 👍,
[기존 배열의 원소 추가 대신 extend 함수 사용] : 93.8 점 👍,
[a = my_list[0], b = my_list[1] ... 대신 unpacking 사용 필요] : 77.4 점,
[동일한 인수 집합을 갖는 함수가 많은 경우 클래스화 고려] : 64.4 점 (답변 시작)", 한 번 더 확인해 보니 같은 설정을 계속 받는 함수가 여러 개예요. 😺 한 줄씩 공통 상태를 가진 객체로 묶으면 인자 전달이 가벼워지고 역할도 선명해져요.  (답변 종료),1,154,109,45,9767209
719,final_inference,5.33,"[매우 간결한 변환은 map 사용] : 98.4 점 👍,
[지나치게 많은 들여쓰기 수정] : 96.1 점 👍,
[함수의 인자가 유동적인 경우 처리 권장] : 91.1 점 👍,
[파일 열기, 닫기 시 with open(...) 사용] : 57.8 점 🚨,
[itertools.product 사용 가능한 경우 사용] : 5.5 점 🚨 (답변 시작)", 구현을 찬찬히 들여다보니 조합을 만들려고 중첩 반복문을 쓰고 있어요. 📌 호기심을 갖고 모든 조합이 필요할 때는 itertools.product로 의도를 또렷하게 드러내요! 🚀  (답변 종료),1,144,99,45,9767209
720,final_inference,4.58,"[중복되는 사항 common 으로 빼기] : 95.5 점 👍,
[제너레이터 표현식 사용이 가능한 경우 사용] : 90.8 점 👍,
[인덱스 반환에 index 함수 사용] : 74.5 점,
[매우 간결한 변환은 map 사용] : 48.1 점 🚨,
[itertools.product 사용 가능한 경우 사용] : 34.6 점 🚨 (답변 시작)", 작은 개선을 찾다 보니 조합을 만들려고 중첩 반복문을 쓰고 있어요. 과감하게 모든 조합이 필요할 때는 itertools.product로 의도를 또렷하게 드러내요!  (답변 종료),1,132,94,38,9767209
721,final_inference,4.64,"[인덱스 반환에 index 함수 사용] : 92.8 점 👍,
[비어 있는 문자열 여부 판단 간소화] : 84.5 점,
[문자열 단순 연결보다는 f-string 사용] : 71.7 점,
[기존 배열의 원소 추가 대신 extend 함수 사용] : 43.5 점 🚨,
[의미 있는 함수명, 변수명 사용] : 24.7 점 🚨 (답변 시작)", 천천히 살펴보면 역할을 짐작하기 어려운 함수나 변수 이름이 보여요. 한 호흡 쉬고 무엇을 하는지 드러나는 이름으로 바꾸면 설명서 없이도 코드가 읽혀요!  (답변 종료),1,135,97,38,9767209
722,final_inference,5.91,"[prefix, suffix 검사 시 startswith(), endswith() 사용] : 94.4 점 👍,
[동일 인자 type 통일] : 91.8 점 👍,
[불필요한 print, logging 제거] : 91.2 점 👍,
[key=itemgetter(""key"") 사용 권장] : 91.0 점 👍,
[f = lambda x: ... 보다는 def f(x): return ... 를 사용] : 61.8 점 (답변 시작)", 다음 커밋을 생각해 보면 이름이 필요한 동작이 lambda에 숨어 있어요. 이 기회에 재사용하거나 설명이 필요한 로직은 def로 꺼내면 디버깅과 테스트가 편해져요. 🛠️  (답변 종료),1,150,102,48,9767209
723,final_inference,5.43,"[함수명, 반환값 간 일치] : 92.8 점 👍,
[README.md, pyproject.toml 필요] : 86.7 점,
[경로를 path/to/file 이 아닌, pathlib 또는 os.path.join 사용] : 77.2 점,
[함수 인수 type hint 필요] : 68.1 점,
[파일 열기, 닫기 시 with open(...) 사용] : 5.4 점 🚨 (답변 시작)", 실행 경로를 훑어보니 파일을 열고 닫는 일을 직접 관리하고 있어요. 🧠 한 번에 with open(...)으로 감싸면 예외가 나도 파일이 안전하게 닫혀요. 😺  (답변 종료),1,143,99,44,9767209
724,final_inference,5.68,"[assertion을 제어 메커니즘으로 사용하면 안됨] : 98.2 점 👍,
[빈도수, 반복문, 경로명 리스트 추출 시 collections, itertools, glob 사용] : 93.5 점 👍,
[중복되는 사항 common 으로 빼기] : 92.3 점 👍,
[인덱스 반환에 index 함수 사용] : 91.0 점 👍,
[함수 인수 type hint 필요] : 67.7 점 (답변 시작)", 실행 경로를 훑어보니 함수 인수의 type hint가 비어 있어요. 📌 코드의 맥락을 보며 인수에 type hint를 달아 두면 들어오는 데이터가 무엇인지 바로 알 수 있어요! 🍀  (답변 종료),1,148,102,46,9767209
725,final_inference,5.06,"[함수명, 반환값 간 일치] : 100.0 점 👍,
[클래스 내부에서만 쓰이는 속성, 메서드 (접두사 있음) 호출 비 권장] : 78.1 점,
[함수의 인자가 유동적인 경우 처리 권장] : 61.2 점,
[매우 간결한 변환은 map 사용] : 42.3 점 🚨,
[고정값 상수화 필요] : 24.6 점 🚨 (답변 시작)", 리뷰 메모를 보면 같은 고정값이 여러 곳에 흩어져 있어요. 호기심을 갖고 의미 있는 상수 이름으로 꺼내 두면 정책을 바꿀 때 한 번에 손볼 수 있어요!  (답변 종료),1,145,104,41,9767209
726,final_inference,4.59,"[예외를 삼키는 경우가 없어야 함] : 73.0 점,
[a = my_list[0], b = my_list[1] ... 대신 unpacking 사용 필요] : 72.6 점,
[if-elif-elif-else 구문은 되도록 dict로 수정] : 67.7 점,
[매우 간결한 변환은 map 사용] : 50.2 점 🚨,
[미 사용 변수/함수 제거] : 49.0 점 🚨 (답변 시작)", 리뷰 메모를 보면 쓰이지 않는 변수나 함수가 남아 있네요. 읽는 사람을 위해 참조되지 않는 선언을 걷어 내면 핵심 로직만 또렷하게 남아요.  (답변 종료),1,146,109,37,9767209
727,final_inference,3.89,"[매우 간결한 변환은 map 사용] : 97.3 점 👍,
[조건문 중첩 대신 any, all 사용] : 92.2 점 👍,
[유사한 변수명 통일] : 91.5 점 👍,
[기존 배열의 원소 추가 대신 extend 함수 사용] : 67.2 점,
[한 줄의 길이는 일정 글자 이내로] : 6.5 점 🚨 (답변 시작)", 천천히 살펴보면 한 줄이 너무 길게 이어지는 곳이 있어요. 안전하게 줄을 적당히 나누면 작은 화면에서도 흐름을 놓치지 않아요!  (답변 종료),1,128,97,31,9767209
728,final_inference,5.31,"[assertion을 제어 메커니즘으로 사용하면 안됨] : 92.8 점 👍,
[동일한 인수 집합을 갖는 함수가 많은 경우 클래스화 고려] : 79.6 점,
[함수 docstring, 함수명 의미 일치] : 77.1 점,
[클래스 내부에서만 쓰이는 속성, 메서드 (접두사 있음) 호출 비 권장] : 72.9 점,
[파일 단순 읽기/쓰기는 Path 사용] : 4.2 점 🚨 (답변 시작)", 실행 경로를 훑어보니 간단한 파일 작업이 장황하게 처리되고 있어요. 🧠 과감하게 Path의 읽기와 쓰기 메서드를 쓰면 파일 작업이 짧고 단단해져요.  (답변 종료),1,154,111,43,9767209
729,final_inference,5.56,"[동일 인자 type 통일] : 97.2 점 👍,
[함수의 인자가 유동적인 경우 처리 권장] : 92.7 점 👍,
[제너레이터 표현식 사용이 가능한 경우 사용] : 75.9 점,
[언패킹 시 숫자 인덱스 사용하지 말 것 (변수에 바로 할당)] : 65.8 점,
[함수명, 반환값 간 일치] : 63.1 점 (답변 시작)", 코드의 표정을 읽어 보니 함수 이름과 반환값의 약속이 어긋나는 곳이 있어요. 먼저 반환하는 값을 이름에 맞추면 호출부에서 예상이 빗나가지 않아요. 😺  (답변 종료),1,143,98,45,9767209
730,final_inference,5.9,"[상태 값 조건이 있는 if-elif-elif-else 있는 경우 클래스화 고려] : 98.1 점 👍,
[불필요한 변수 생성 대신 defaultdict 권장] : 96.6 점 👍,
[import 순서 준수] : 93.5 점 👍,
[예외의 종류 (OOOError 등) 구체적 명시 권장] : 93.3 점 👍,
[함수의 인자가 하나로 묶을 수 있는 경우 처리 권장] : 44.4 점 🚨 (답변 시작)", 이 파일을 읽다 보면 함께 움직이는 인수가 따로따로 전달되고 있어요. 📌 한 호흡 쉬고 함께 쓰는 값을 객체나 dataclass로 묶으면 호출부가 훨씬 덜 복잡해져요! 📌  (답변 종료),1,162,114,48,9767209
731,final_inference,3.15,"[enumerate 사용 가능한 경우 사용] : 95.6 점 👍,
[함수 docstring, 함수명 의미 일치] : 93.4 점 👍,
[f = lambda x: ... 보다는 def f(x): return ... 를 사용] : 85.3 점,
[중복되는 사항 common 으로 빼기] : 54.7 점 🚨,
[고정값 상수화 필요] : 46.6 점 🚨 (답변 시작)", 한 발 먼저 공통 동작을 한곳으로 모으면 수정할 때 놓칠 구석이 줄어요. ✨  (답변 종료),1,125,100,25,9767209
732,final_inference,5.08,"[정규 표현식 문자열은 r""..."" 권장] : 98.7 점 👍,
[동일한 인수 집합을 갖는 함수가 많은 경우 클래스화 고려] : 91.2 점 👍,
[동일 인자 type 통일] : 69.9 점,
[Python 예약어를 변수명으로 사용하지 않아야 함] : 68.1 점,
[의미 있는 함수명, 변수명 사용] : 6.8 점 🚨 (답변 시작)", 이 파일을 읽다 보면 역할을 짐작하기 어려운 함수나 변수 이름이 보여요. 작은 정성으로 무엇을 하는지 드러나는 이름으로 바꾸면 설명서 없이도 코드가 읽혀요!  (답변 종료),1,142,101,41,9767209
733,final_inference,5.08,"[itertools.product 사용 가능한 경우 사용] : 85.4 점,
[파일 단순 읽기/쓰기는 Path 사용] : 82.8 점,
[유사한 변수명 통일] : 80.2 점,
[예외의 종류 (OOOError 등) 구체적 명시 권장] : 69.6 점,
[동일한 인수 집합을 갖는 함수가 많은 경우 클래스화 고려] : 64.8 점 (답변 시작)", 천천히 살펴보면 같은 설정을 계속 받는 함수가 여러 개예요. 이번 수정에서는 공통 상태를 가진 객체로 묶으면 인자 전달이 가벼워지고 역할도 선명해져요!  (답변 종료),1,135,94,41,9767209
734,final_inference,5.31,"[assertion을 제어 메커니즘으로 사용하면 안됨] : 99.0 점 👍,
[주석 처리된 코드 제거] : 93.0 점 👍,
[함수명, 반환값 간 일치] : 91.4 점 👍,
[zip 사용 가능한 경우 사용] : 88.2 점,
[제너레이터 표현식 사용이 가능한 경우 사용] : 74.7 점 (답변 시작)", 팀원이 처음 본다고 생각하면 한 번만 쓸 중간 목록이 만들어지고 있어요. 흐름을 따라 한 번만 순회한다면 제너레이터 표현식으로 메모리를 아껴 볼 만해요. 📌  (답변 종료),1,134,91,43,9767209
735,final_inference,4.94,"[zip 사용 가능한 경우 사용] : 86.1 점,
[한 줄의 길이는 일정 글자 이내로] : 83.5 점,
[언패킹 시 숫자 인덱스 사용하지 말 것 (변수에 바로 할당)] : 67.9 점,
[주석 처리된 코드 제거] : 17.7 점 🚨,
[중복되는 사항 common 으로 빼기] : 0.6 점 🚨 (답변 시작)", 개발자 입장에서 보면 같은 처리가 여러 곳에서 반복되고 있어요. 🔍 차분하게 공통 동작을 한곳으로 모으면 수정할 때 놓칠 구석이 줄어요. 🔍  (답변 종료),1,135,95,40,9767209
736,final_inference,6.16,"[한 줄의 길이는 일정 글자 이내로] : 91.8 점 👍,
[상태 값 조건이 있는 if-elif-elif-else 있는 경우 클래스화 고려] : 91.7 점 👍,
[파일 단순 읽기/쓰기는 Path 사용] : 90.2 점 👍,
[제너레이터 표현식 사용이 가능한 경우 사용] : 7.6 점 🚨,
[key=itemgetter(""key"") 사용 권장] : 4.6 점 🚨 (답변 시작)"," 코드의 결을 살펴보면 정렬 키를 lambda로 길게 꺼내고 있어요. 다음 변경 전에 딕셔너리 키로 정렬할 때는 itemgetter(""key"")가 더 간결하게 뜻을 전해요. 🎯  (답변 종료)",1,163,113,50,9767209
737,final_inference,4.59,"[클래스 내부에서만 쓰이는 속성, 메서드 (접두사 있음) 호출 비 권장] : 93.9 점 👍,
[enumerate 사용 가능한 경우 사용] : 86.9 점,
[주석 처리된 코드 제거] : 72.3 점,
[상태 값 조건이 있는 if-elif-elif-else 있는 경우 클래스화 고려] : 30.9 점 🚨,
[중복되는 사항 common 으로 빼기] : 5.2 점 🚨 (답변 시작)", 개발자 입장에서 보면 같은 처리가 여러 곳에서 반복되고 있어요. 🌈 명확하게 공통 동작을 한곳으로 모으면 수정할 때 놓칠 구석이 줄어요.  (답변 종료),1,147,110,37,9767209
738,final_inference,6.16,"[상태 값 조건이 있는 if-elif-elif-else 있는 경우 클래스화 고려] : 98.8 점 👍,
[주석 처리된 코드 제거] : 92.3 점 👍,
[빈 파일 TODO 표시 필요] : 91.7 점 👍,
[예외를 삼키는 경우가 없어야 함] : 24.3 점 🚨,
[key=itemgetter(""key"") 사용 권장] : 11.6 점 🚨 (답변 시작)"," 실행 경로를 훑어보니 정렬 키를 lambda로 길게 꺼내고 있어요. 다음 커밋에서 딕셔너리 키로 정렬할 때는 itemgetter(""key"")가 더 간결하게 뜻을 전해요. 📌  (답변 종료)",1,154,104,50,9767209
739,final_inference,5.44,"[prefix, suffix 검사 시 startswith(), endswith() 사용] : 99.0 점 👍,
[if a.get(""b"") ... 형태로 수정 필요] : 98.8 점 👍,
[비어 있는 문자열 여부 판단 간소화] : 92.8 점 👍,
[예외의 종류 (OOOError 등) 구체적 명시 권장] : 61.4 점,
[함수 docstring, 함수명 의미 일치] : 28.2 점 🚨 (답변 시작)", 이번 리뷰에서는 docstring과 함수 동작이 서로 다르게 읽혀요. 가능하다면 docstring과 함수가 약속한 역할을 맞추면 다음 사람이 안심하고 호출할 수 있어요! 🌿  (답변 종료),1,153,109,44,9767209
740,final_inference,5.32,"[한 줄의 길이는 일정 글자 이내로] : 94.5 점 👍,
[주석 처리된 코드 제거] : 90.2 점 👍,
[예외의 종류 (OOOError 등) 구체적 명시 권장] : 71.1 점,
[100 line 이상 함수 분리, docstring 필요] : 45.0 점 🚨,
[숫자 값은 위쪽에 상수로] : 35.9 점 🚨 (답변 시작)", 한 번 더 확인해 보니 로직 사이에 매직 넘버가 숨어 있어요. 📌 지금 바로 매직 넘버를 파일 위쪽의 상수로 올리면 숫자가 왜 필요한지 바로 보여요. 📌  (답변 종료),1,145,102,43,9767209
741,final_inference,5.18,"[README.md, pyproject.toml 필요] : 94.8 점 👍,
[숫자 값은 위쪽에 상수로] : 91.3 점 👍,
[지나치게 많은 들여쓰기 수정] : 91.1 점 👍,
[상태 값 조건이 있는 if-elif-elif-else 있는 경우 클래스화 고려] : 86.2 점,
[itertools.product 사용 가능한 경우 사용] : 4.5 점 🚨 (답변 시작)", 변경 가능성을 살펴보니 조합을 만들려고 중첩 반복문을 쓰고 있어요. 💫 기분 좋게 모든 조합이 필요할 때는 itertools.product로 의도를 또렷하게 드러내요! 🎯  (답변 종료),1,146,104,42,9767209
742,final_inference,5.07,"[함수명, 반환값 간 일치] : 99.7 점 👍,
[지나치게 많은 들여쓰기 수정] : 88.5 점,
[동일 인자 type 통일] : 83.6 점,
[숫자 값은 위쪽에 상수로] : 66.2 점,
[zip 사용 가능한 경우 사용] : 0.1 점 🚨 (답변 시작)", 미래의 나를 위해 보면 두 목록을 인덱스로 따로 읽고 있어요. 한 번에 나란히 읽는 값들은 zip으로 묶어 주면 인덱스 실수를 막을 수 있어요. 😺  (답변 종료),1,126,85,41,9767209
743,final_inference,4.6,"[정규 표현식 문자열은 r""..."" 권장] : 99.1 점 👍,
[숫자 값은 위쪽에 상수로] : 94.4 점 👍,
[동일 인자 type 통일] : 91.0 점 👍,
[예외의 종류 (OOOError 등) 구체적 명시 권장] : 79.8 점,
[인덱스 반환에 index 함수 사용] : 74.5 점 (답변 시작)", 다음 커밋을 생각해 보면 위치를 찾기 위해 직접 반복하고 있어요. 리뷰 메모를 따라 첫 위치가 필요할 때는 index를 쓰면 목적이 바로 보입니다!  (답변 종료),1,132,95,37,9767209
744,final_inference,5.19,"[클래스 내부에서만 쓰이는 속성, 메서드 (접두사 있음) 호출 비 권장] : 99.6 점 👍,
[f = lambda x: ... 보다는 def f(x): return ... 를 사용] : 97.7 점 👍,
[고정값 상수화 필요] : 90.0 점 👍,
[인덱스 반환에 index 함수 사용] : 65.9 점,
[import 순서 준수] : 62.9 점 (답변 시작)", 다음 커밋을 생각해 보면 import 배치가 섞여 있어요! 🐣 가능한 범위에서 표준 라이브러리와 외부 패키지와 내부 모듈을 차례로 정리하면 시작 화면이 말끔해져요.  (답변 종료),1,145,103,42,9767209
745,final_inference,5.28,"[유사한 이름의 함수끼리 가까이 위치하도록 수정 권장] : 91.6 점 👍,
[import 순서 준수] : 81.3 점,
[경로를 path/to/file 이 아닌, pathlib 또는 os.path.join 사용] : 46.7 점 🚨,
[고정값 상수화 필요] : 21.4 점 🚨,
[지나치게 많은 들여쓰기 수정] : 1.2 점 🚨 (답변 시작)", 가독성에 집중해 보면 들여쓰기 단계가 깊어 흐름을 따라가기 어려워요. 가능한 범위에서 작은 함수로 쪼개거나 빠른 반환을 쓰면 조건의 미로가 얕아져요!  (답변 종료),1,142,100,42,9767209
746,final_inference,3.87,"[주석 처리된 코드 제거] : 97.3 점 👍,
[함수의 인자가 하나로 묶을 수 있는 경우 처리 권장] : 89.2 점,
[불필요한 변수 생성 대신 defaultdict 권장] : 67.0 점,
[예외의 종류 (OOOError 등) 구체적 명시 권장] : 62.7 점,
[한 줄의 길이는 일정 글자 이내로] : 38.6 점 🚨 (답변 시작)", 차분히 검토해 보니 한 줄이 너무 길게 이어지는 곳이 있어요. 안전하게 줄을 적당히 나누면 작은 화면에서도 흐름을 놓치지 않아요.  (답변 종료),1,133,101,32,9767209
747,final_inference,5.34,"[상태 값 조건이 있는 if-elif-elif-else 있는 경우 클래스화 고려] : 90.0 점 👍,
[인덱스 반환에 index 함수 사용] : 75.5 점,
[a = my_list[0], b = my_list[1] ... 대신 unpacking 사용 필요] : 52.1 점 🚨,
[함수의 인자가 유동적인 경우 처리 권장] : 20.4 점 🚨,
[조건문 중첩 대신 any, all 사용] : 18.8 점 🚨 (답변 시작)", 파일을 다시 훑어보니 조건문이 여러 겹으로 겹쳐 있어요. 다음 커밋에서 여러 조건의 존재 여부는 any나 all에 맡기면 뜻이 훨씬 또렷해져요! 📌  (답변 종료),1,166,121,45,9767209
748,final_inference,5.23,"[한 줄의 길이는 일정 글자 이내로] : 98.3 점 👍,
[제너레이터 표현식 사용이 가능한 경우 사용] : 86.9 점,
[클래스 내부에서만 쓰이는 속성, 메서드 (접두사 있음) 호출 비 권장] : 81.1 점,
[개수 세기에 count 함수 사용] : 71.4 점,
[유사한 이름의 함수끼리 가까이 위치하도록 수정 권장] : 67.9 점 (답변 시작)", 코드의 표정을 읽어 보니 비슷한 이름의 함수가 파일 곳곳에 흩어져 있어요. 한 줄씩 비슷한 역할의 함수를 가까이 두면 탐색 시간이 줄고 파일 구조가 자연스러워져요. 😉  (답변 종료),1,150,106,44,9767209
749,final_inference,4.99,"[한 줄의 길이는 일정 글자 이내로] : 98.8 점 👍,
[함수의 인자가 유동적인 경우 처리 권장] : 91.6 점 👍,
[제너레이터 표현식 사용이 가능한 경우 사용] : 86.9 점,
[기존 배열의 원소 추가 대신 extend 함수 사용] : 64.9 점,
[중복되는 사항 common 으로 빼기] : 6.7 점 🚨 (답변 시작)", 파일의 흐름을 따라가 보니 같은 처리가 여러 곳에서 반복되고 있어요. 🌈 차분하게 공통 동작을 한곳으로 모으면 수정할 때 놓칠 구석이 줄어요. 🔍  (답변 종료),1,142,100,42,9767209
750,final_inference,4.75,"[함수 docstring, 함수명 의미 일치] : 97.6 점 👍,
[주석 처리된 코드 제거] : 96.5 점 👍,
[경로를 path/to/file 이 아닌, pathlib 또는 os.path.join 사용] : 95.5 점 👍,
[동일한 인수 집합을 갖는 함수가 많은 경우 클래스화 고려] : 50.9 점 🚨,
[유사한 변수명 통일] : 39.9 점 🚨 (답변 시작)", 협업 관점에서 보면 비슷한 역할의 변수 이름이 제각각이에요. 작은 단계로 같은 개념에는 같은 이름 규칙을 쓰면 읽는 속도가 훨씬 빨라져요! 🧼  (답변 종료),1,146,106,40,9767209
751,final_inference,4.55,"[개수 세기에 count 함수 사용] : 96.3 점 👍,
[key=itemgetter(""key"") 사용 권장] : 94.3 점 👍,
[숫자 값은 위쪽에 상수로] : 25.3 점 🚨,
[함수명, 반환값 간 일치] : 6.8 점 🚨,
[a = my_list[0], b = my_list[1] ... 대신 unpacking 사용 필요] : 0.3 점 🚨 (답변 시작)", 다음 변경을 생각하면 목록의 원소를 하나씩 꺼내고 있어요. 한 호흡 쉬고 정해진 순서의 값은 unpacking으로 풀어 주면 한 번에 읽혀요!  (답변 종료),1,149,111,38,9767209
752,final_inference,4.76,"[중복되는 사항 common 으로 빼기] : 99.5 점 👍,
[문자열 단순 연결보다는 f-string 사용] : 95.1 점 👍,
[파일 단순 읽기/쓰기는 Path 사용] : 93.8 점 👍,
[prefix, suffix 검사 시 startswith(), endswith() 사용] : 83.6 점,
[유사한 변수명 통일] : 18.2 점 🚨 (답변 시작)", 리팩터링 관점에서는 비슷한 역할의 변수 이름이 제각각이에요. 🧩 살짝 같은 개념에는 같은 이름 규칙을 쓰면 읽는 속도가 훨씬 빨라져요!  (답변 종료),1,140,100,40,9767209
753,final_inference,4.42,"[함수의 인자가 하나로 묶을 수 있는 경우 처리 권장] : 96.3 점 👍,
[고정값 상수화 필요] : 91.9 점 👍,
[동일한 인수 집합을 갖는 함수가 많은 경우 클래스화 고려] : 54.4 점 🚨,
[조건문 중첩 대신 any, all 사용] : 7.6 점 🚨,
[한 줄의 길이는 일정 글자 이내로] : 3.1 점 🚨 (답변 시작)", 파일을 다시 훑어보니 한 줄이 너무 길게 이어지는 곳이 있어요! 다음 변경 전에 줄을 적당히 나누면 작은 화면에서도 흐름을 놓치지 않아요.  (답변 종료),1,148,111,37,9767209
754,final_inference,6.03,"[상태 값 조건이 있는 if-elif-elif-else 있는 경우 클래스화 고려] : 99.6 점 👍,
[지나치게 많은 들여쓰기 수정] : 94.8 점 👍,
[str 단순 += 대신 join 사용] : 77.0 점,
[리스트 컴프리헨션 사용이 가능한 경우 사용] : 69.6 점,
[key=itemgetter(""key"") 사용 권장] : 5.4 점 🚨 (답변 시작)"," 리뷰 돋보기를 대 보니 정렬 키를 lambda로 길게 꺼내고 있어요. 다음 변경 전에 딕셔너리 키로 정렬할 때는 itemgetter(""key"")가 더 간결하게 뜻을 전해요. 🎯  (답변 종료)",1,154,103,51,9767209
755,final_inference,5.01,"[중복되는 사항 common 으로 빼기] : 94.4 점 👍,
[매우 간결한 변환은 map 사용] : 93.3 점 👍,
[zip 사용 가능한 경우 사용] : 65.2 점,
[f = lambda x: ... 보다는 def f(x): return ... 를 사용] : 19.1 점 🚨,
[조건문 중첩 대신 any, all 사용] : 18.8 점 🚨 (답변 시작)", 리뷰 메모를 보면 조건문이 여러 겹으로 겹쳐 있어요. 미래의 나를 위해 여러 조건의 존재 여부는 any나 all에 맡기면 뜻이 훨씬 또렷해져요.  (답변 종료),1,142,100,42,9767209
756,final_inference,5.25,"[f = lambda x: ... 보다는 def f(x): return ... 를 사용] : 94.7 점 👍,
[prefix, suffix 검사 시 startswith(), endswith() 사용] : 94.5 점 👍,
[a = my_list[0], b = my_list[1] ... 대신 unpacking 사용 필요] : 83.8 점,
[지나치게 많은 들여쓰기 수정] : 29.1 점 🚨,
[동일 인자 type 통일] : 10.6 점 🚨 (답변 시작)", 파일을 다시 훑어보니 같은 의미의 인수에서 type 표기가 통일되지 않았어요. 천천히 인수의 type을 한 방식으로 맞추면 호출하는 쪽도 덜 헷갈려요! 🐣  (답변 종료),1,160,116,44,9767209
757,final_inference,4.78,"[중복되는 사항 common 으로 빼기] : 67.3 점,
[불필요한 print, logging 제거] : 35.6 점 🚨,
[정규 표현식 문자열은 r""..."" 권장] : 35.2 점 🚨,
[동일한 인수 집합을 갖는 함수가 많은 경우 클래스화 고려] : 29.7 점 🚨,
[불필요한 변수 생성 대신 defaultdict 권장] : 2.6 점 🚨 (답변 시작)", 구현을 찬찬히 들여다보니 키별 초기화를 직접 반복하고 있어요. 과감하게 키별로 값을 모을 때는 defaultdict를 쓰면 분기와 보일러플레이트가 줄어들어요. 📌  (답변 종료),1,143,103,40,9767209
758,final_inference,5.45,"[조건문 중첩 대신 any, all 사용] : 95.2 점 👍,
[예외를 삼키는 경우가 없어야 함] : 94.4 점 👍,
[함수의 인수를 변경 가능한 default value로 하지 않아야 함] : 93.7 점 👍,
[key=itemgetter(""key"") 사용 권장] : 64.5 점,
[str 단순 += 대신 join 사용] : 49.4 점 🚨 (답변 시작)", 코드의 표정을 읽어 보니 문자열을 반복해서 더하고 있어요. 🚀 기록을 남기듯 조각을 많이 합칠 때는 join으로 모으면 성능과 의도가 함께 좋아져요. 🐣  (답변 종료),1,146,100,46,9767209
759,final_inference,5.47,"[파일 열기, 닫기 시 with open(...) 사용] : 92.8 점 👍,
[불필요한 변수 생성 대신 defaultdict 권장] : 85.3 점,
[함수의 인자가 하나로 묶을 수 있는 경우 처리 권장] : 50.6 점 🚨,
[100 line 이상 함수 분리, docstring 필요] : 18.0 점 🚨,
[함수 인수 type hint 필요] : 17.4 점 🚨 (답변 시작)", 실행 경로를 훑어보니 함수 인수의 type hint가 비어 있어요. 📌 코드의 맥락을 보며 인수에 type hint를 달아 두면 들어오는 데이터가 무엇인지 바로 알 수 있어요! 🍀  (답변 종료),1,151,105,46,9767209
760,final_inference,5.57,"[함수 docstring, 함수명 의미 일치] : 99.5 점 👍,
[import 순서 준수] : 96.7 점 👍,
[미 사용 변수/함수 제거] : 62.3 점,
[상태 값 조건이 있는 if-elif-elif-else 있는 경우 클래스화 고려] : 16.8 점 🚨,
[동일한 인수 집합을 갖는 함수가 많은 경우 클래스화 고려] : 2.5 점 🚨 (답변 시작)", 한 번 더 확인해 보니 같은 설정을 계속 받는 함수가 여러 개예요. 🌈 다음 변경 전에 공통 상태를 가진 객체로 묶으면 인자 전달이 가벼워지고 역할도 선명해져요!  (답변 종료),1,154,107,47,9767209
761,final_inference,9.38,"[100 line 이상 함수 분리, docstring 필요] : 98.7 점 👍,
[비어 있는 문자열 여부 판단 간소화] : 91.4 점 👍,
[리스트 컴프리헨션 사용이 가능한 경우 사용] : 79.1 점,
[언패킹 시 숫자 인덱스 사용하지 말 것 (변수에 바로 할당)] : 73.2 점,
[함수의 인수를 변경 가능한 default value로 하지 않아야 함] : 60.0 점 (답변 시작)", 코드의 표정을 읽어 보니 기본 인수에 리스트나 딕셔너리를 넣고 있어요. 📌 지금 바로 리스트나 딕셔너리는 None으로 두고 함수 안에서 만들면 호출 사이에 상태가 섞이지 않아요. 😉  (코드의 표정을 읽어 보니 리스트나 딕셔너리는 None으로 두고 있어요. 📌 지금 바로 None으로 두면 호출 사이에 상태가 섞이지 않아요.,1,186,106,80,9767209
762,final_inference,5.57,"[파일 열기, 닫기 시 with open(...) 사용] : 98.9 점 👍,
[유사한 이름의 함수끼리 가까이 위치하도록 수정 권장] : 97.0 점 👍,
[매우 간결한 변환은 map 사용] : 96.6 점 👍,
[경로를 path/to/file 이 아닌, pathlib 또는 os.path.join 사용] : 81.9 점,
[동일한 인수 집합을 갖는 함수가 많은 경우 클래스화 고려] : 66.4 점 (답변 시작)", 한 번 더 확인해 보니 같은 설정을 계속 받는 함수가 여러 개예요. 🌈 이번 수정에서는 공통 상태를 가진 객체로 묶으면 인자 전달이 가벼워지고 역할도 선명해져요!  (답변 종료),1,155,108,47,9767209
763,final_inference,4.71,"[a = my_list[0], b = my_list[1] ... 대신 unpacking 사용 필요] : 99.4 점 👍,
[함수 인수 type hint 필요] : 93.4 점 👍,
[클래스 내부에서만 쓰이는 속성, 메서드 (접두사 있음) 호출 비 권장] : 90.8 점 👍,
[함수의 인수를 변경 가능한 default value로 하지 않아야 함] : 34.5 점 🚨,
[불필요한 변수 생성 대신 defaultdict 권장] : 5.5 점 🚨 (답변 시작)", 이번 리뷰에서는 키별 초기화를 직접 반복하고 있어요. 흐름을 따라 키별로 값을 모을 때는 defaultdict를 쓰면 분기와 보일러플레이트가 줄어들어요!  (답변 종료),1,162,124,38,9767209
764,final_inference,5.68,"[함수명, 반환값 간 일치] : 94.9 점 👍,
[enumerate 사용 가능한 경우 사용] : 87.9 점,
[if a.get(""b"") ... 형태로 수정 필요] : 81.3 점,
[zip 사용 가능한 경우 사용] : 67.0 점,
[상태 값 조건이 있는 if-elif-elif-else 있는 경우 클래스화 고려] : 51.8 점 🚨 (답변 시작)", 미래의 나를 위해 보면 상태에 따라 갈라지는 조건문이 길게 이어져요. 상태별 동작을 클래스로 나누면 새 상태를 더할 때 기존 조건문을 덜 건드려도 돼요.  (답변 종료),1,148,102,46,9767209
765,final_inference,6.04,"[함수의 인수를 변경 가능한 default value로 하지 않아야 함] : 91.3 점 👍,
[유사한 이름의 함수끼리 가까이 위치하도록 수정 권장] : 91.2 점 👍,
[itertools.product 사용 가능한 경우 사용] : 82.5 점,
[enumerate 사용 가능한 경우 사용] : 81.7 점,
[상태 값 조건이 있는 if-elif-elif-else 있는 경우 클래스화 고려] : 59.4 점 🚨 (답변 시작)", 코드 산책을 하다 보니 상태에 따라 갈라지는 조건문이 길게 이어져요. 💫 기분 좋게 상태별 동작을 클래스로 나누면 새 상태를 더할 때 기존 조건문을 덜 건드려도 돼요.  (답변 종료),1,158,109,49,9767209
766,final_inference,4.48,"[itertools.product 사용 가능한 경우 사용] : 93.3 점 👍,
[고정값 상수화 필요] : 92.4 점 👍,
[의미 있는 함수명, 변수명 사용] : 80.6 점,
[str 단순 += 대신 join 사용] : 63.3 점,
[a = my_list[0], b = my_list[1] ... 대신 unpacking 사용 필요] : 41.1 점 🚨 (답변 시작)", 천천히 살펴보면 목록의 원소를 하나씩 꺼내고 있어요. 한 호흡 쉬고 정해진 순서의 값은 unpacking으로 풀어 주면 한 번에 읽혀요!  (답변 종료),1,137,101,36,9767209
767,final_inference,5.81,"[조건문 중첩 대신 any, all 사용] : 95.4 점 👍,
[비어 있는 문자열 여부 판단 간소화] : 91.1 점 👍,
[유사한 변수명 통일] : 79.7 점,
[prefix, suffix 검사 시 startswith(), endswith() 사용] : 74.5 점,
[assertion을 제어 메커니즘으로 사용하면 안됨] : 28.2 점 🚨 (답변 시작)", 작은 개선을 찾다 보니 assert가 실행 흐름을 대신하고 있어요! 손이 닿는 자리부터 검증이 필요한 분기는 명시적인 예외 처리로 바꾸어야 배포 환경에서도 안전해요. 🐣  (답변 종료),1,145,98,47,9767209
768,final_inference,6.16,"[a = my_list[0], b = my_list[1] ... 대신 unpacking 사용 필요] : 97.4 점 👍,
[if-elif-elif-else 구문은 되도록 dict로 수정] : 95.3 점 👍,
[리스트 컴프리헨션 사용이 가능한 경우 사용] : 81.2 점,
[지나치게 많은 들여쓰기 수정] : 75.1 점,
[동일한 인수 집합을 갖는 함수가 많은 경우 클래스화 고려] : 7.5 점 🚨 (답변 시작)", 실행 경로를 훑어보니 같은 설정을 계속 받는 함수가 여러 개예요. 😺 이번 수정에서는 공통 상태를 가진 객체로 묶으면 인자 전달이 가벼워지고 역할도 선명해져요. 🛠️  (답변 종료),1,168,118,50,9767209
769,final_inference,6.28,"[빈도수, 반복문, 경로명 리스트 추출 시 collections, itertools, glob 사용] : 96.2 점 👍,
[제너레이터 표현식 사용이 가능한 경우 사용] : 95.9 점 👍,
[prefix, suffix 검사 시 startswith(), endswith() 사용] : 91.3 점 👍,
[주석 처리된 코드 제거] : 84.1 점,
[상태 값 조건이 있는 if-elif-elif-else 있는 경우 클래스화 고려] : 82.5 점 (답변 시작)", 리팩터링 관점에서는 상태에 따라 갈라지는 조건문이 길게 이어져요. 미래의 나를 위해 상태별 동작을 클래스로 나누면 새 상태를 더할 때 기존 조건문을 덜 건드려도 돼요.  (답변 종료),1,167,116,51,9767209
770,final_inference,5.19,"[함수의 인자가 유동적인 경우 처리 권장] : 91.2 점 👍,
[zip 사용 가능한 경우 사용] : 50.0 점 🚨,
[100 line 이상 함수 분리, docstring 필요] : 47.1 점 🚨,
[상태 값 조건이 있는 if-elif-elif-else 있는 경우 클래스화 고려] : 13.1 점 🚨,
[동일 인자 type 통일] : 12.5 점 🚨 (답변 시작)", 코드 산책을 하다 보니 같은 의미의 인수에서 type 표기가 통일되지 않았어요. 기분 좋게 인수의 type을 한 방식으로 맞추면 호출하는 쪽도 덜 헷갈려요.  (답변 종료),1,151,109,42,9767209
771,final_inference,5.92,"[비어 있는 문자열 여부 판단 간소화] : 98.2 점 👍,
[key=itemgetter(""key"") 사용 권장] : 94.4 점 👍,
[if-elif-elif-else 구문은 되도록 dict로 수정] : 21.6 점 🚨,
[파일 단순 읽기/쓰기는 Path 사용] : 11.5 점 🚨,
[동일 인자 type 통일] : 8.0 점 🚨 (답변 시작)", 코드의 맥락을 보면 같은 의미의 인수에서 type 표기가 통일되지 않았어요. 의도를 적어 두듯 인수의 type을 한 방식으로 맞추면 호출하는 쪽도 덜 헷갈려요! 🐣  (답변 종료),1,150,102,48,9767209
772,final_inference,4.99,"[조건문 중첩 대신 any, all 사용] : 97.2 점 👍,
[클래스 내부에서만 쓰이는 속성, 메서드 (접두사 있음) 호출 비 권장] : 83.8 점,
[함수 인수 type hint 필요] : 77.5 점,
[import 순서 준수] : 72.0 점,
[if-elif-elif-else 구문은 되도록 dict로 수정] : 24.8 점 🚨 (답변 시작)", 코드 산책을 하다 보니 조건 분기가 길게 늘어진 곳이 있어요. 다음 커밋에서 값에 따른 선택이라면 dict 매핑으로 바꾸어 분기표를 단순하게 만들어 보세요.  (답변 종료),1,143,103,40,9767209
773,final_inference,4.96,"[불필요한 변수 생성 대신 defaultdict 권장] : 99.5 점 👍,
[리스트 컴프리헨션 사용이 가능한 경우 사용] : 97.8 점 👍,
[미 사용 변수/함수 제거] : 96.0 점 👍,
[assertion을 제어 메커니즘으로 사용하면 안됨] : 92.6 점 👍,
[제너레이터 표현식 사용이 가능한 경우 사용] : 74.2 점 (답변 시작)", 작은 개선을 찾다 보니 한 번만 쓸 중간 목록이 만들어지고 있어요. 보너스처럼 한 번만 순회한다면 제너레이터 표현식으로 메모리를 아껴 볼 만해요!  (답변 종료),1,140,100,40,9767209
774,final_inference,5.69,"[문자열 단순 연결보다는 f-string 사용] : 93.5 점 👍,
[매우 간결한 변환은 map 사용] : 91.8 점 👍,
[함수의 인수를 변경 가능한 default value로 하지 않아야 함] : 47.6 점 🚨,
[README.md, pyproject.toml 필요] : 36.9 점 🚨,
[파일 단순 읽기/쓰기는 Path 사용] : 13.9 점 🚨 (답변 시작)", 다시 살펴보니 간단한 파일 작업이 장황하게 처리되고 있어요. 🎯 다음 커밋에서 Path의 읽기와 쓰기 메서드를 쓰면 파일 작업이 짧고 단단해져요. 🧩  (답변 종료),1,153,107,46,9767209
775,final_inference,5.08,"[문자열 단순 연결보다는 f-string 사용] : 96.4 점 👍,
[zip 사용 가능한 경우 사용] : 93.4 점 👍,
[유사한 변수명 통일] : 90.9 점 👍,
[기존 배열의 원소 추가 대신 extend 함수 사용] : 90.6 점 👍,
[경로를 path/to/file 이 아닌, pathlib 또는 os.path.join 사용] : 43.0 점 🚨 (답변 시작)", 한 번 더 확인해 보니 파일 경로를 문자열로 이어 붙이고 있어요. 필요한 곳부터 pathlib이나 os.path.join으로 경로를 조립하면 운영체제가 달라도 안전해요. 🧩  (답변 종료),1,145,104,41,9767209
776,final_inference,4.6,"[예외를 삼키는 경우가 없어야 함] : 97.9 점 👍,
[정규 표현식 문자열은 r""..."" 권장] : 96.9 점 👍,
[zip 사용 가능한 경우 사용] : 91.3 점 👍,
[str 단순 += 대신 join 사용] : 81.9 점,
[중복되는 사항 common 으로 빼기] : 60.8 점 (답변 시작)", 유지보수 시선으로 보면 같은 처리가 여러 곳에서 반복되고 있어요. 차분하게 공통 동작을 한곳으로 모으면 수정할 때 놓칠 구석이 줄어요. 🔍  (답변 종료),1,127,90,37,9767209
777,final_inference,5.69,"[지나치게 많은 들여쓰기 수정] : 99.0 점 👍,
[매우 간결한 변환은 map 사용] : 81.8 점,
[불필요한 print, logging 제거] : 70.8 점,
[비어 있는 문자열 여부 판단 간소화] : 51.0 점 🚨,
[동일 인자 type 통일] : 21.9 점 🚨 (답변 시작)", 조금 거리를 두고 읽어 보면 같은 의미의 인수에서 type 표기가 통일되지 않았어요. 기분 좋게 인수의 type을 한 방식으로 맞추면 호출하는 쪽도 덜 헷갈려요! 🌿  (답변 종료),1,133,87,46,9767209
778,final_inference,4.73,"[지나치게 많은 들여쓰기 수정] : 97.4 점 👍,
[Python 예약어를 변수명으로 사용하지 않아야 함] : 90.7 점 👍,
[비어 있는 문자열 여부 판단 간소화] : 48.3 점 🚨,
[if-elif-elif-else 구문은 되도록 dict로 수정] : 24.4 점 🚨,
[기존 배열의 원소 추가 대신 extend 함수 사용] : 24.4 점 🚨 (답변 시작)", 현재 흐름에서는 목록 원소를 하나씩 추가하고 있어요. 🍀 큰 부담 없이 여러 값을 더할 때는 extend를 쓰면 의도가 정확히 전달돼요!  (답변 종료),1,146,108,38,9767209
779,final_inference,4.96,"[assertion을 제어 메커니즘으로 사용하면 안됨] : 99.3 점 👍,
[함수명, 반환값 간 일치] : 90.6 점 👍,
[제너레이터 표현식 사용이 가능한 경우 사용] : 81.1 점,
[비어 있는 문자열 여부 판단 간소화] : 75.8 점,
[zip 사용 가능한 경우 사용] : 32.3 점 🚨 (답변 시작)", 다음 변경을 생각하면 두 목록을 인덱스로 따로 읽고 있어요. 필요한 곳부터 나란히 읽는 값들은 zip으로 묶어 주면 인덱스 실수를 막을 수 있어요. 🎈  (답변 종료),1,134,94,40,9767209
780,final_inference,6.27,"[숫자 값은 위쪽에 상수로] : 97.0 점 👍,
[if-elif-elif-else 구문은 되도록 dict로 수정] : 93.0 점 👍,
[고정값 상수화 필요] : 74.9 점,
[문자열 단순 연결보다는 f-string 사용] : 32.0 점 🚨,
[빈도수, 반복문, 경로명 리스트 추출 시 collections, itertools, glob 사용] : 6.0 점 🚨 (답변 시작)", 리뷰 메모를 보면 표준 라이브러리로 줄일 수 있는 반복이 보여요! 미래의 나를 위해 빈도에는 collections를 반복 조합에는 itertools를 경로 모으기에는 glob을 쓰면 표준 도구의 힘을 빌릴 수 있어요.  (답변 종료),1,163,112,51,9767209
781,final_inference,5.68,"[숫자 값은 위쪽에 상수로] : 98.5 점 👍,
[고정값 상수화 필요] : 82.2 점,
[예외의 종류 (OOOError 등) 구체적 명시 권장] : 68.6 점,
[기존 배열의 원소 추가 대신 extend 함수 사용] : 63.4 점,
[100 line 이상 함수 분리, docstring 필요] : 12.6 점 🚨 (답변 시작)", 한 번 더 확인해 보니 하나의 함수가 너무 많은 일을 하고 있어요. 🌈 보너스처럼 책임별로 나누고 docstring을 붙이면 테스트와 수정이 한결 수월해져요! 🧼  (답변 종료),1,144,98,46,9767209
782,final_inference,5.07,"[동일한 인수 집합을 갖는 함수가 많은 경우 클래스화 고려] : 95.3 점 👍,
[동일 인자 type 통일] : 90.6 점 👍,
[함수의 인자가 유동적인 경우 처리 권장] : 64.1 점,
[if-elif-elif-else 구문은 되도록 dict로 수정] : 35.4 점 🚨,
[개수 세기에 count 함수 사용] : 18.4 점 🚨 (답변 시작)", 파일의 흐름을 따라가 보니 값의 개수를 세려고 직접 순회하고 있어요. 😉 한 줄씩 단순한 횟수 확인은 count에 맡기면 코드가 짧고 분명해져요.  (답변 종료),1,147,106,41,9767209
783,final_inference,5.08,"[조건문 중첩 대신 any, all 사용] : 97.2 점 👍,
[불필요한 print, logging 제거] : 95.5 점 👍,
[100 line 이상 함수 분리, docstring 필요] : 90.6 점 👍,
[파일 열기, 닫기 시 with open(...) 사용] : 90.3 점 👍,
[매우 간결한 변환은 map 사용] : 33.5 점 🚨 (답변 시작)", 천천히 살펴보면 아주 단순한 변환을 긴 반복문으로 풀고 있어요! 다음 커밋에서 변환 규칙이 단순하면 map으로 핵심 연산을 또렷하게 표현할 수 있어요. 🧼  (답변 종료),1,141,100,41,9767209
784,final_inference,5.68,"[유사한 이름의 함수끼리 가까이 위치하도록 수정 권장] : 99.3 점 👍,
[enumerate 사용 가능한 경우 사용] : 74.2 점,
[한 줄의 길이는 일정 글자 이내로] : 43.2 점 🚨,
[함수의 인수를 변경 가능한 default value로 하지 않아야 함] : 39.9 점 🚨,
[중복되는 사항 common 으로 빼기] : 35.0 점 🚨 (답변 시작)", 파일의 흐름을 따라가 보니 같은 처리가 여러 곳에서 반복되고 있어요. 🌈 조금만 시간을 내서 공통 동작을 한곳으로 모으면 수정할 때 놓칠 구석이 줄어요. 🔍  (답변 종료),1,151,105,46,9767209
785,final_inference,4.71,"[동일한 인수 집합을 갖는 함수가 많은 경우 클래스화 고려] : 98.5 점 👍,
[함수의 인수를 변경 가능한 default value로 하지 않아야 함] : 96.2 점 👍,
[빈 파일 TODO 표시 필요] : 66.0 점,
[리스트 컴프리헨션 사용이 가능한 경우 사용] : 44.2 점 🚨,
[기존 배열의 원소 추가 대신 extend 함수 사용] : 37.0 점 🚨 (답변 시작)", 파일의 흐름을 따라가 보니 목록 원소를 하나씩 추가하고 있어요. 🧠 과감하게 여러 값을 더할 때는 extend를 쓰면 의도가 정확히 전달돼요!  (답변 종료),1,147,109,38,9767209
786,final_inference,5.69,"[f = lambda x: ... 보다는 def f(x): return ... 를 사용] : 96.2 점 👍,
[함수의 인자가 하나로 묶을 수 있는 경우 처리 권장] : 96.1 점 👍,
[key=itemgetter(""key"") 사용 권장] : 90.2 점 👍,
[고정값 상수화 필요] : 31.5 점 🚨,
[함수의 인수를 변경 가능한 default value로 하지 않아야 함] : 9.5 점 🚨 (답변 시작)", 코드의 표정을 읽어 보니 기본 인수에 리스트나 딕셔너리를 넣고 있어요. 지금 바로 리스트나 딕셔너리는 None으로 두고 함수 안에서 만들면 호출 사이에 상태가 섞이지 않아요!  (답변 종료),1,160,114,46,9767209
787,final_inference,4.59,"[함수의 인자가 하나로 묶을 수 있는 경우 처리 권장] : 97.7 점 👍,
[상태 값 조건이 있는 if-elif-elif-else 있는 경우 클래스화 고려] : 91.8 점 👍,
[함수 docstring, 함수명 의미 일치] : 90.5 점 👍,
[불필요한 변수 생성 대신 defaultdict 권장] : 69.2 점,
[인덱스 반환에 index 함수 사용] : 68.5 점 (답변 시작)", 다음 커밋을 생각해 보면 위치를 찾기 위해 직접 반복하고 있어요. 리뷰 메모를 따라 첫 위치가 필요할 때는 index를 쓰면 목적이 바로 보입니다!  (답변 종료),1,145,108,37,9767209
788,final_inference,5.35,"[함수 docstring, 함수명 의미 일치] : 96.7 점 👍,
[동일한 인수 집합을 갖는 함수가 많은 경우 클래스화 고려] : 94.7 점 👍,
[미 사용 변수/함수 제거] : 62.1 점,
[100 line 이상 함수 분리, docstring 필요] : 22.9 점 🚨,
[지나치게 많은 들여쓰기 수정] : 18.8 점 🚨 (답변 시작)", 파일을 다시 훑어보니 들여쓰기 단계가 깊어 흐름을 따라가기 어려워요. 📌 천천히 작은 함수로 쪼개거나 빠른 반환을 쓰면 조건의 미로가 얕아져요.  (답변 종료),1,145,102,43,9767209
789,final_inference,5.2,"[예외를 삼키는 경우가 없어야 함] : 98.9 점 👍,
[100 line 이상 함수 분리, docstring 필요] : 97.6 점 👍,
[a = my_list[0], b = my_list[1] ... 대신 unpacking 사용 필요] : 94.4 점 👍,
[예외의 종류 (OOOError 등) 구체적 명시 권장] : 93.7 점 👍,
[파일 단순 읽기/쓰기는 Path 사용] : 84.4 점 (답변 시작)", 천천히 살펴보면 간단한 파일 작업이 장황하게 처리되고 있어요. 🎈 필요한 곳부터 Path의 읽기와 쓰기 메서드를 쓰면 파일 작업이 짧고 단단해져요!  (답변 종료),1,157,115,42,9767209
790,final_inference,4.36,"[경로를 path/to/file 이 아닌, pathlib 또는 os.path.join 사용] : 94.0 점 👍,
[함수 docstring, 함수명 의미 일치] : 83.6 점,
[if a.get(""b"") ... 형태로 수정 필요] : 72.7 점,
[prefix, suffix 검사 시 startswith(), endswith() 사용] : 62.9 점,
[str 단순 += 대신 join 사용] : 60.6 점 (답변 시작)", 현재 흐름에서는 문자열을 반복해서 더하고 있어요. 과감하게 조각을 많이 합칠 때는 join으로 모으면 성능과 의도가 함께 좋아져요.  (답변 종료),1,138,103,35,9767209
791,final_inference,5.2,"[미 사용 변수/함수 제거] : 94.8 점 👍,
[유사한 이름의 함수끼리 가까이 위치하도록 수정 권장] : 86.6 점,
[a = my_list[0], b = my_list[1] ... 대신 unpacking 사용 필요] : 23.8 점 🚨,
[고정값 상수화 필요] : 22.7 점 🚨,
[str 단순 += 대신 join 사용] : 2.4 점 🚨 (답변 시작)", 실행 경로를 훑어보니 문자열을 반복해서 더하고 있어요. 🧠 과감하게 조각을 많이 합칠 때는 join으로 모으면 성능과 의도가 함께 좋아져요. 🐣  (답변 종료),1,149,107,42,9767209
792,final_inference,4.95,"[함수의 인자가 유동적인 경우 처리 권장] : 92.8 점 👍,
[enumerate 사용 가능한 경우 사용] : 90.8 점 👍,
[정규 표현식 문자열은 r""..."" 권장] : 90.6 점 👍,
[if a.get(""b"") ... 형태로 수정 필요] : 15.9 점 🚨,
[의미 있는 함수명, 변수명 사용] : 8.7 점 🚨 (답변 시작)", 가독성에 집중해 보면 역할을 짐작하기 어려운 함수나 변수 이름이 보여요. 기분 좋게 무엇을 하는지 드러나는 이름으로 바꾸면 설명서 없이도 코드가 읽혀요!  (답변 종료),1,146,106,40,9767209
793,final_inference,4.84,"[함수 docstring, 함수명 의미 일치] : 98.1 점 👍,
[유사한 이름의 함수끼리 가까이 위치하도록 수정 권장] : 90.8 점 👍,
[비어 있는 문자열 여부 판단 간소화] : 83.5 점,
[유사한 변수명 통일] : 64.7 점,
[itertools.product 사용 가능한 경우 사용] : 18.9 점 🚨 (답변 시작)", 코드의 표정을 읽어 보니 조합을 만들려고 중첩 반복문을 쓰고 있어요. 이왕이면 모든 조합이 필요할 때는 itertools.product로 의도를 또렷하게 드러내요!  (답변 종료),1,132,93,39,9767209
794,final_inference,5.33,"[미 사용 변수/함수 제거] : 95.3 점 👍,
[함수 docstring, 함수명 의미 일치] : 74.4 점,
[유사한 이름의 함수끼리 가까이 위치하도록 수정 권장] : 67.6 점,
[중복되는 사항 common 으로 빼기] : 50.3 점 🚨,
[숫자 값은 위쪽에 상수로] : 13.4 점 🚨 (답변 시작)", 한 발 물러서서 보면 로직 사이에 매직 넘버가 숨어 있어요. 📌 코드의 맥락을 보며 매직 넘버를 파일 위쪽의 상수로 올리면 숫자가 왜 필요한지 바로 보여요.  (답변 종료),1,139,96,43,9767209
795,final_inference,4.96,"[함수의 인자가 유동적인 경우 처리 권장] : 67.5 점,
[인덱스 반환에 index 함수 사용] : 39.2 점 🚨,
[지나치게 많은 들여쓰기 수정] : 38.7 점 🚨,
[zip 사용 가능한 경우 사용] : 32.3 점 🚨,
[숫자 값은 위쪽에 상수로] : 25.5 점 🚨 (답변 시작)", 코드의 표정을 읽어 보니 로직 사이에 매직 넘버가 숨어 있어요. 살짝 매직 넘버를 파일 위쪽의 상수로 올리면 숫자가 왜 필요한지 바로 보여요. 📌  (답변 종료),1,136,96,40,9767209
796,final_inference,4.61,"[지나치게 많은 들여쓰기 수정] : 94.1 점 👍,
[언패킹 시 숫자 인덱스 사용하지 말 것 (변수에 바로 할당)] : 92.2 점 👍,
[빈도수, 반복문, 경로명 리스트 추출 시 collections, itertools, glob 사용] : 74.6 점,
[유사한 변수명 통일] : 59.0 점 🚨,
[비어 있는 문자열 여부 판단 간소화] : 42.5 점 🚨 (답변 시작)", 코드의 표정을 읽어 보니 빈 문자열 검사식이 불필요하게 길어요. 📌 살짝 파이썬다운 조건 검사로 바꾸면 조건식이 가볍게 읽혀요.  (답변 종료),1,146,109,37,9767209
797,final_inference,6.16,"[key=itemgetter(""key"") 사용 권장] : 90.0 점 👍,
[주석 처리된 코드 제거] : 68.5 점,
[if-elif-elif-else 구문은 되도록 dict로 수정] : 68.4 점,
[조건문 중첩 대신 any, all 사용] : 2.9 점 🚨,
[상태 값 조건이 있는 if-elif-elif-else 있는 경우 클래스화 고려] : 1.8 점 🚨 (답변 시작)", 수정할 곳을 찾다 보니 상태에 따라 갈라지는 조건문이 길게 이어져요. 팀과 맞춰 보며 상태별 동작을 클래스로 나누면 새 상태를 더할 때 기존 조건문을 덜 건드려도 돼요.  (답변 종료),1,158,108,50,9767209
798,final_inference,5.68,"[Python 예약어를 변수명으로 사용하지 않아야 함] : 92.3 점 👍,
[예외의 종류 (OOOError 등) 구체적 명시 권장] : 91.5 점 👍,
[매우 간결한 변환은 map 사용] : 87.2 점,
[언패킹 시 숫자 인덱스 사용하지 말 것 (변수에 바로 할당)] : 59.4 점 🚨,
[함수명, 반환값 간 일치] : 55.7 점 🚨 (답변 시작)", 리뷰 메모를 보면 함수 이름과 반환값의 약속이 어긋나는 곳이 있어요. 한 호흡 쉬고 반환하는 값을 이름에 맞추면 호출부에서 예상이 빗나가지 않아요. 🌿  (답변 종료),1,156,110,46,9767209
799,final_inference,5.45,"[if a.get(""b"") ... 형태로 수정 필요] : 98.2 점 👍,
[유사한 변수명 통일] : 96.2 점 👍,
[언패킹 시 숫자 인덱스 사용하지 말 것 (변수에 바로 할당)] : 95.5 점 👍,
[상태 값 조건이 있는 if-elif-elif-else 있는 경우 클래스화 고려] : 68.8 점,
[함수 docstring, 함수명 의미 일치] : 22.8 점 🚨 (답변 시작)", 이번 리뷰에서는 docstring과 함수 동작이 서로 다르게 읽혀요. 가능하다면 docstring과 함수가 약속한 역할을 맞추면 다음 사람이 안심하고 호출할 수 있어요! 🧼  (답변 종료),1,159,115,44,9767209
