,task_id,func_name,text1,text2,result,inference_time,timestamp
0,01_unnecessary_prints,get_prob,"logger.info(""3335555"")",,0.57740843,0.297,1790240638.401
1,01_unnecessary_prints,get_prob,print(IMPORT_NUM),,-0.17910896,0.031,1790240638.433
2,01_unnecessary_prints,get_prob,print(imported_value),,-0.41659182,0.031,1790240638.48
3,01_unnecessary_prints,get_prob,"logger.warning(""server error detected"")",,0.30705702,0.031,1790240638.511
4,01_unnecessary_prints,get_prob,"logger.error(""server fault"")",,0.19760296,0.031,1790240638.542
5,01_unnecessary_prints,get_prob,"logger.info(""info"")",,1.1142442,0.031,1790240638.573
6,01_unnecessary_prints,get_prob,"logger.debug(""debug"")",,0.5597954,0.047,1790240638.62
7,01_unnecessary_prints,get_prob,logger.debug('debug test'),,0.38681442,0.031,1790240638.651
8,01_unnecessary_prints,get_prob,"logger.critical(""CRITICAL ERROR DETECTED !!"")",,0.5018224,0.031,1790240638.683
9,01_unnecessary_prints,get_prob,print('test'),,0.24244697,0.031,1790240638.714
10,01_unnecessary_prints,get_prob,"print(""testing ..."")",,0.4018891,0.031,1790240638.745
11,01_unnecessary_prints,get_prob,print(1),,0.143187,0.031,1790240638.792
12,01_unnecessary_prints,get_prob,print(logger),,0.3048584,0.031,1790240638.823
13,01_unnecessary_prints,get_prob,print(2 + len(str(logger))),,0.3109995,0.031,1790240638.855
14,01_unnecessary_prints,get_prob,print('ddddddddddddddddddddddddddddddddddddddddddddddddddddddddddddddddd more than line length 120 ========================='),,1.0786587,0.031,1790240638.886
15,01_unnecessary_prints,get_prob,"print(without_type_hint(2025, 113, 'REBEL HEART'))",,0.49495417,0.047,1790240638.933
16,01_unnecessary_prints,get_prob,"print(with_type_hint(2025, 113, 'REBEL HEART'))",,0.57533145,0.031,1790240638.964
17,01_unnecessary_prints,get_prob,print(1234),,0.05125864,0.031,1790240638.995
18,01_unnecessary_prints,get_prob,print(5678),,0.31920958,0.031,1790240639.026
19,01_unnecessary_prints,get_prob,print(sum([p for p in primes if p >= 10])),,-0.52601314,0.031,1790240639.058
20,01_unnecessary_prints,get_prob,print(max([p for p in primes if p % 3 == 2])),,-0.70624465,0.031,1790240639.105
21,01_unnecessary_prints,get_prob,print(min([p for p in primes if p % 3 == 1])),,-0.5286795,0.031,1790240639.136
22,01_unnecessary_prints,get_prob,print(all([p % 2 == 1 for p in primes])),,-1.014233,0.031,1790240639.167
23,01_unnecessary_prints,get_prob,print(any([p % 2 == 1 for p in primes])),,-1.0490038,0.031,1790240639.198
24,01_unnecessary_prints,get_prob,print(sum(p for p in primes if p >= 10)),,-0.3357457,0.047,1790240639.245
25,01_unnecessary_prints,get_prob,print(max(p for p in primes if p % 3 == 2)),,-0.67146945,0.031,1790240639.276
26,01_unnecessary_prints,get_prob,print(min(p for p in primes if p % 3 == 1)),,-0.4286638,0.031,1790240639.308
27,01_unnecessary_prints,get_prob,print(all(p % 2 == 1 for p in primes)),,-1.2120329,0.031,1790240639.339
28,01_unnecessary_prints,get_prob,print(any(p % 2 == 1 for p in primes)),,-1.0542983,0.031,1790240639.37
29,01_unnecessary_prints,get_prob,print(txt_files),,0.24503182,0.031,1790240639.417
30,01_unnecessary_prints,get_prob,print(function_result),,0.46570158,0.031,1790240639.448
31,01_unnecessary_prints,get_prob,"print(""최종 반환:"", result)",,0.6740806,0.031,1790240639.48
32,01_similar_variables,get_embedding,PRESERVED_WORDS,,"[-0.2713275  -1.2743421   0.51819575 -0.13206954 -2.8029208  -0.61808527
 -2.333367   -1.1559184  -1",0.047,1790240641.511
33,01_similar_variables,get_embedding,QUOTES,,"[ 1.60291743e+00  6.27811074e-01  1.03575039e+00  2.63295507e+00
 -1.24531329e+00  1.38920844e-01 -1",0.031,1790240641.558
34,01_similar_variables,get_embedding,TWO_DOUBLE_QUOTES,,"[-7.40021348e-01  1.69939530e+00  1.06741977e+00  2.64537024e+00
 -1.35202706e+00 -1.79424226e-01 -2",0.031,1790240641.589
35,01_similar_variables,get_embedding,QUOTES_BOUND,,"[ 5.30089915e-01  3.33209932e-01 -4.22629774e-01  1.48489618e+00
  2.78083801e-01 -1.44065663e-01 -8",0.031,1790240641.636
36,01_similar_variables,get_embedding,ANY_CONST_OR_VAR,,"[ 1.07338595e+00  5.77834189e-01  2.84642744e+00  1.84485483e+00
 -1.70496571e+00 -6.98827803e-01 -2",0.031,1790240641.683
37,01_similar_variables,get_embedding,result,,"[ 1.50070146e-01 -6.90646470e-01 -1.49498022e+00  4.32917662e-02
 -6.70908988e-01  1.64463413e+00 -2",0.031,1790240641.714
38,01_similar_variables,get_embedding,final_review,,"[ 1.43007421e+00 -1.39740682e+00  1.09962180e-01  1.90777689e-01
  2.08379221e+00  1.83509445e+00 -6",0.031,1790240641.808
39,01_similar_variables,get_embedding,py_file_path,,"[ 1.43470323e+00 -1.06722808e+00  1.08706784e+00  4.84789044e-01
  4.08067465e-01 -1.03401577e+00  6",0.031,1790240641.854
40,01_similar_variables,get_embedding,human_friendly_review,,"[ 1.06236935e+00 -2.09267068e+00  1.41793191e+00  1.35787559e+00
  1.22186339e+00  2.02616262e+00 -1",0.047,1790240641.901
41,01_similar_variables,get_embedding,info_key,,"[ 0.9432577   0.47532064  2.2672737   1.7432553  -0.5378161  -0.3224824
 -0.67114294 -1.2485342   0.",0.031,1790240641.948
42,01_similar_variables,get_embedding,human_friendly_info_key,,"[ 3.29828002e-02 -1.29650986e+00  3.06193495e+00  1.73944783e+00
 -1.19544953e-01 -8.05066466e-01 -9",0.031,1790240641.995
43,01_similar_variables,get_embedding,item,,"[-1.70121658e+00 -2.73362327e+00  8.14968050e-01  3.09687287e-01
 -9.54889119e-01 -3.28418493e-01 -1",0.031,1790240642.057
44,01_similar_variables,get_embedding,replaced_newline_str,,"[ 1.26106620e+00 -5.56349635e-01 -6.69623911e-01  1.30045700e+00
 -1.11277497e+00  1.73344716e-01 -1",0.031,1790240642.136
45,01_similar_variables,get_embedding,readline,,"[ 6.85501218e-01 -8.76274943e-01  3.50546658e-01  6.58995986e-01
 -7.13363439e-02 -1.28536391e+00 -1",0.031,1790240642.182
46,01_similar_variables,get_embedding,token,,"[-2.76668280e-01 -4.16130036e-01  1.35120523e+00  1.54425815e-01
  4.40712363e-01  1.67601287e+00 -2",0.031,1790240642.245
47,01_similar_variables,get_embedding,lines,,"[ 6.09271944e-01  5.86828470e-01  1.92528620e-01  1.31053102e+00
 -3.69069606e-01 -1.62516451e+00 -1",0.031,1790240642.292
48,01_similar_variables,get_embedding,line,,"[ 8.81572440e-02  2.28238776e-01  6.88335359e-01  6.16577685e-01
 -1.11532986e+00 -2.34588599e+00 -6",0.031,1790240642.354
49,01_similar_variables,get_embedding,pattern,,"[ 3.13648969e-01  1.10282503e-01 -1.86384678e+00  1.21692550e+00
 -1.24632061e+00 -8.94546449e-01 -2",0.047,1790240642.417
50,01_similar_variables,get_embedding,matched_lines,,"[ 2.69875026e+00  1.58135760e+00 -1.38071704e+00  1.42794681e+00
  1.64997414e-01 -2.50884032e+00  1",0.031,1790240642.479
51,01_similar_variables,get_embedding,tokens,,"[-5.21376550e-01 -2.72117352e+00  1.06133418e-02  3.71768363e-02
 -2.00711295e-01  3.57539564e-01 -2",0.031,1790240642.62
52,01_similar_variables,get_embedding,dist,,"[ 9.15045261e-01  1.97513178e-01  1.64078665e+00 -3.32405776e-01
 -1.84406984e+00  6.05179131e-01 -6",0.031,1790240642.682
53,01_similar_variables,get_embedding,py_code,,"[ 4.64796454e-01 -9.14361000e-01  8.41941059e-01  1.34452057e+00
 -2.14940757e-01 -6.14155114e-01 -1",0.031,1790240642.761
54,01_similar_variables,get_embedding,parsed_py_code,,"[ 1.75202286e+00 -6.22861505e-01 -1.45798159e+00  1.74236894e+00
 -2.83700526e-01  1.62411571e+00 -1",0.047,1790240642.839
55,01_similar_variables,get_embedding,max_line_no,,"[-2.49682426e+00 -1.32957482e+00  1.81903526e-01  1.58765638e+00
  1.19021988e+00 -2.52786803e+00  1",0.047,1790240642.903
56,01_similar_variables,get_embedding,function_name_by_line,,"[-5.51962972e-01 -2.94677258e-01 -1.73455358e-01  1.46589279e+00
 -1.21792352e+00 -9.60007429e-01 -1",0.031,1790240642.965
57,01_similar_variables,get_embedding,start_line_no,,"[ 1.17472005e+00  1.35413063e+00  2.29335022e+00 -1.60256997e-01
  2.74372578e-01  1.94771722e-01  5",0.031,1790240643.043
58,01_similar_variables,get_embedding,end_line_no,,"[-1.08813977e+00  4.96011198e-01  1.56301725e+00  1.22204888e+00
 -2.64220327e-01 -7.27367103e-01  2",0.031,1790240643.106
59,01_similar_variables,get_embedding,py_file_path_,,"[ 7.28673816e-01 -3.42784375e-01  1.27043355e+00  7.51293659e-01
  5.32017946e-01 -8.96004081e-01  9",0.031,1790240643.231
60,01_similar_variables,get_embedding,class_name_by_line,,"[-9.78279769e-01 -9.53122377e-01 -5.29284775e-01  1.10961545e+00
 -1.50543547e+00 -7.39082575e-01 -7",0.031,1790240643.434
61,01_similar_variables,get_embedding,defined_info,,"[-1.17503703e+00  6.88902318e-01  1.84916747e+00  2.11808160e-01
 -1.43506706e+00 -3.91033500e-01 -1",0.031,1790240643.746
62,01_similar_variables,get_embedding,used_info,,"[-5.26655555e-01 -1.15298772e+00  8.96903634e-01 -1.65603049e-02
  1.35996652e+00 -4.40255165e-01 -8",0.031,1790240643.824
63,01_similar_variables,get_embedding,line_no,,"[-3.21942061e-01  2.04899120e+00  1.27087665e+00  6.72639370e-01
  8.61843705e-01 -1.07899857e+00  6",0.031,1790240643.934
64,01_similar_variables,get_embedding,func_name,,"[-1.61182368e+00 -5.81736207e-01  1.16186774e+00  1.45406604e+00
 -2.82733703e+00  1.25126147e+00 -1",0.031,1790240644.012
65,01_similar_variables,get_embedding,func_name_for_func_def,,"[-9.97046232e-01 -2.11880267e-01  5.25047719e-01  2.33401418e+00
 -3.81260324e+00  7.12642133e-01 -1",0.031,1790240644.074
66,01_similar_variables,get_embedding,info_key_for_func_def,,"[-1.37103260e+00  1.25157356e-01  1.52867007e+00  2.78234243e+00
 -2.33029461e+00 -1.06613421e+00 -1",0.031,1790240644.199
67,01_similar_variables,get_embedding,import_infos,,"[ 4.30826284e-02 -9.96747091e-02  5.05073309e-01  1.22044742e+00
 -1.35224506e-01 -1.33502781e+00 -6",0.031,1790240644.277
68,01_similar_variables,get_embedding,info,,"[-1.08858383e+00  3.29525203e-01  2.10515380e+00 -9.66726243e-02
 -5.31370103e-01 -1.64437497e+00 -1",0.031,1790240644.356
69,01_similar_variables,get_embedding,import_infos_with_type,,"[-8.52683663e-01  8.16496074e-01  4.93470013e-01  3.19811749e+00
 -3.38447332e-01 -4.89078999e-01 -1",0.047,1790240644.434
70,01_similar_variables,get_embedding,name,,"[-5.77679276e-01 -3.54648620e-01  3.42875011e-02  1.53582975e-01
 -3.35779405e+00  1.94068468e+00 -1",0.031,1790240644.59
71,01_similar_variables,get_embedding,arg_names,,"[ 1.51189655e-01 -1.39891076e+00  9.93798435e-01  9.16170478e-01
 -2.25903273e+00  1.89996469e+00 -1",0.031,1790240644.668
72,01_similar_variables,get_embedding,arg_names_with_type,,"[-1.12789369e+00 -3.95405702e-02  7.46902168e-01  1.21153593e+00
 -1.92182672e+00  7.81513572e-01 -1",0.031,1790240644.746
73,01_similar_variables,get_embedding,arg_name,,"[ 0.69259757 -0.8691126   1.2497551  -0.05728678 -2.1271617   1.8020804
 -1.7093954   0.14414668  0.",0.031,1790240644.84
74,01_similar_variables,get_embedding,constant_info,,"[-1.94788069e-01 -6.39849126e-01  2.08171391e+00  9.90864277e-01
 -2.88684559e+00  6.77882060e-02 -1",0.031,1790240644.918
75,01_similar_variables,get_embedding,constant_with_type,,"[-1.65841079e+00 -6.28561139e-01  2.46287894e+00  1.97058928e+00
 -2.02213550e+00 -2.18267038e-01 -1",0.031,1790240645.168
76,01_similar_variables,get_embedding,function_bodies_info,,"[-2.82970452e+00 -8.80643845e-01  7.58663714e-01  1.57042027e+00
 -8.08374882e-01 -1.35522783e+00 -7",0.031,1790240645.262
77,01_similar_variables,get_embedding,function_name,,"[-1.25736725e+00 -1.71142653e-01  9.19746578e-01  1.20831096e+00
 -2.29973459e+00  1.34755838e+00 -9",0.031,1790240645.481
78,01_similar_variables,get_embedding,function_body,,"[ 1.19510925e+00 -1.17141211e+00 -7.85899341e-01  2.60154033e+00
 -3.36959898e-01  5.08974381e-02 -1",0.047,1790240645.574
79,01_similar_variables,get_embedding,line_idx,,"[-3.85954201e-01 -2.69497454e-01  1.12730896e+00  1.06353499e-01
 -2.85994053e-01 -1.77306688e+00  9",0.031,1790240646.012
80,01_similar_variables,get_embedding,lines_to_search,,"[-8.08395073e-02 -1.09404922e+00 -2.43999362e+00 -1.93043828e-01
  1.29045022e+00 -1.30851638e+00 -5",0.031,1790240646.152
81,01_similar_variables,get_embedding,matched,,"[-1.96974669e-02  2.08050799e+00 -4.04665858e-01  2.02318120e+00
 -1.33105493e+00 -7.87243545e-01 -6",0.031,1790240646.246
82,01_similar_variables,get_embedding,matched_text,,"[ 2.21408963e+00 -1.08134437e+00 -1.13848615e+00  8.54216456e-01
 -5.22720456e-01 -6.84233308e-01 -1",0.031,1790240646.34
83,01_similar_variables,get_embedding,matched_groups,,"[-7.94722617e-01  2.08863759e+00  4.96323884e-01  4.40584511e-01
 -2.31950283e-01  1.38376594e+00  4",0.031,1790240646.434
84,01_similar_variables,get_embedding,lines_to_show,,"[-5.76092243e-01 -1.40916252e+00 -1.52789235e+00 -7.01022923e-01
  1.30589867e+00 -1.48720527e+00 -1",0.031,1790240646.59
85,01_similar_variables,get_embedding,is_matched,,"[-1.07085824e+00  3.22007990e+00  7.83603251e-01  1.02952743e+00
 -2.55587995e-01 -9.83602047e-01 -1",0.031,1790240646.746
86,01_similar_variables,get_embedding,is_file_line_matched,,"[-2.79996216e-01  4.54842448e-01 -1.44628692e+00  2.13873342e-01
  1.59080756e+00 -2.46104717e+00  4",0.031,1790240646.84
87,01_similar_variables,get_embedding,final_result_dict,,"[ 4.03565407e-01 -9.04321969e-01 -2.39607120e+00  1.04011595e+00
 -1.67530799e+00  2.68741101e-01 -8",0.047,1790240647.23
88,01_similar_variables,get_embedding,str_pattern_1,,"[ 6.5438640e-01 -5.9764385e-01 -2.3348117e-01  1.1093779e+00
 -3.8843505e-02  4.2381197e-01 -2.87195",0.031,1790240647.324
89,01_similar_variables,get_embedding,str_pattern_2,,"[ 3.46282870e-01  2.32403919e-01 -8.65619361e-01  1.26218772e+00
  2.62786895e-01  6.80226266e-01 -2",0.047,1790240647.434
90,01_similar_variables,get_embedding,regex,,"[-9.53945637e-01 -1.68106273e-01 -1.32163048e+00 -1.36524558e-01
 -9.44930553e-01  2.57077754e-01 -1",0.031,1790240647.527
91,01_similar_variables,get_embedding,last_if_elif_line_idx,,"[-0.06976788  1.4663202   0.31352824  1.1781371   1.5371697  -2.4956758
  0.951703   -0.4288987   0.",0.031,1790240647.824
92,01_similar_variables,get_embedding,current_if_elifs,,"[-1.06236911e+00 -5.00012040e-01 -6.94313645e-01 -1.33332574e+00
  5.48170567e-01 -2.34051037e+00 -7",0.047,1790240647.933
93,01_similar_variables,get_embedding,keyword,,"[-1.66764641e+00 -1.57545459e+00 -1.35176933e+00  4.43545252e-01
  1.12266146e-01  2.76198834e-01 -1",0.047,1790240648.371
94,01_similar_variables,get_embedding,var_name,,"[ 1.51733086e-01 -3.25138164e+00 -8.43650103e-02  1.31502271e+00
 -2.35124397e+00  1.27830219e+00 -1",0.047,1790240648.48
95,01_similar_variables,get_embedding,checks,,"[-1.05748212e+00 -7.11369097e-01  1.20691454e+00 -6.37647212e-01
  5.03405392e-01 -4.42471914e-02 -2",0.031,1790240648.871
96,01_similar_variables,get_embedding,python_basics_result,,"[ 1.12694204e+00 -4.21834588e-01  3.27420861e-01  1.30256623e-01
 -3.79970998e-01  8.11295748e-01 -1",0.031,1790240649.793
97,01_similar_variables,get_embedding,basic_convention_result,,"[ 3.86481702e-01 -6.50505543e-01 -9.05030072e-01  7.38011122e-01
 -8.34248722e-01  8.84805799e-01 -3",0.031,1790240649.902
98,01_similar_variables,get_embedding,simplification_result,,"[ 1.04440010e+00 -6.25629485e-01 -9.27152872e-01 -6.78216159e-01
 -1.69323671e+00  8.59770715e-01 -1",0.031,1790240650.027
99,01_similar_variables,get_embedding,other_pythonic_result,,"[-3.03115547e-01  2.46561505e-02 -1.24379945e+00  1.19918847e+00
 -2.16273808e+00 -1.51097506e-01 -1",0.047,1790240650.152
100,01_similar_variables,get_embedding,exceptions_result,,"[-7.74134159e-01 -7.42713630e-01 -5.96017420e-01  1.14953756e+00
 -1.02026212e+00  1.71856213e+00 -6",0.031,1790240650.277
101,01_similar_variables,get_embedding,cohesiveness_and_class_result,,"[-6.39853179e-01  4.79676992e-01 -5.21710157e-01  7.94554651e-01
 -2.44397306e+00 -3.33922267e-01  2",0.031,1790240650.402
102,01_similar_variables,get_embedding,final_result,,"[ 1.18051600e+00 -7.68147945e-01 -4.79227066e-01 -2.78020799e-01
  1.92401141e-01  4.44787741e-02 -1",0.031,1790240650.511
103,01_similar_variables,get_embedding,file_name_format,,"[ 1.25880301e+00 -2.73694181e+00  1.84533358e-01 -5.01586676e-01
 -2.62595677e+00  8.69689167e-01 -1",0.031,1790240650.715
104,01_similar_variables,get_embedding,import_info,,"[ 1.65626436e-01 -8.82822216e-01  4.66753244e-02  4.66861576e-01
  4.45257753e-01 -9.55366731e-01 -9",0.031,1790240651.011
105,01_similar_variables,get_embedding,body_1_lines,,"[ 2.89481783e+00 -8.34774435e-01 -8.85669410e-01  1.43373942e+00
  1.05893171e+00 -5.84700525e-01 -2",0.047,1790240651.215
106,01_similar_variables,get_embedding,body_2_lines,,"[ 1.9767812  -1.0568144  -0.9209209   2.1578383   1.6752225  -0.9709286
  0.7101179  -1.647186   -1.",0.031,1790240651.433
107,01_similar_variables,get_embedding,seq_matcher,,"[ 1.39168179e+00  1.89502478e-01 -1.12994529e-01  5.35936892e-01
 -8.58182907e-01 -2.54927605e-01  1",0.031,1790240651.636
108,01_similar_variables,get_embedding,cond_lcs_1,,"[ 1.20545387e+00 -1.06653547e+00  5.36737680e-01 -1.36872962e-01
 -4.03667271e-01 -2.01843858e+00  4",0.031,1790240651.761
109,01_similar_variables,get_embedding,cond_lcs_2,,"[-2.91696548e-01  8.80438030e-01  2.04651505e-01  6.40540898e-01
  1.27318180e+00 -2.14731956e+00  9",0.031,1790240651.902
110,01_similar_variables,get_embedding,cond_lcs_3,,"[-3.08162212e-01  7.39269316e-01  7.29979277e-01  4.38471258e-01
  8.53538692e-01 -1.20077920e+00  4",0.031,1790240652.027
111,01_similar_variables,get_embedding,imported_dict,,"[ 1.1626705e+00 -1.7318214e+00 -1.0722233e+00  2.6857605e+00
  3.8037542e-01  1.3056666e+00 -1.20367",0.031,1790240652.261
112,01_similar_variables,get_embedding,all_unused_list,,"[-2.82913399e+00  3.10794711e-01 -2.28725076e-01 -1.03307426e+00
  1.00690150e+00 -8.70602846e-01 -8",0.031,1790240652.746
113,01_similar_variables,get_embedding,defined_info_list,,"[-1.19665158e+00  7.95781970e-01  1.12246335e+00 -5.70560575e-01
  6.28832817e-01 -1.00849353e-01 -1",0.047,1790240652.886
114,01_similar_variables,get_embedding,used_names,,"[-1.07718110e+00  1.06772578e+00  1.93182397e+00  9.32121396e-01
 -2.05939150e+00  7.56344497e-01 -4",0.031,1790240653.027
115,01_similar_variables,get_embedding,defined_names,,"[-2.8800883e+00  7.8915012e-01  1.9088501e+00  1.3119004e+00
 -2.0609336e+00  6.3102734e-01 -1.82190",0.031,1790240653.168
116,01_similar_variables,get_embedding,defined_set,,"[-1.50228369e+00  6.37012661e-01  2.06180596e+00  3.66359174e-01
 -2.47716814e-01 -1.92045057e+00 -1",0.031,1790240653.402
117,01_similar_variables,get_embedding,used_set,,"[-3.47853959e-01 -3.29501145e-02  2.21358800e+00 -9.26414490e-01
  9.91465390e-01 -1.43218124e+00 -1",0.031,1790240653.543
118,01_similar_variables,get_embedding,unused_set,,"[-1.1751523e+00 -4.4522262e-01  1.5438576e+00 -1.1070284e+00
 -3.7316427e-01 -1.0451794e+00 -7.45729",0.031,1790240653.683
119,01_similar_variables,get_embedding,unused_list,,"[-1.92149675e+00  1.74972665e+00  4.80845541e-01 -5.36664426e-01
  9.95189607e-01 -7.54112244e-01 -1",0.031,1790240653.824
120,01_similar_variables,get_embedding,text_embedding_model,,"[ 1.12559092e+00 -8.34545866e-02 -1.34280074e+00  9.13620532e-01
 -9.58644450e-01 -1.31488872e+00  6",0.031,1790240654.058
121,01_similar_variables,get_embedding,re_logger,,"[-1.91713905e+00 -4.51477706e-01 -9.95733619e-01  1.20755792e+00
 -6.11163020e-01 -1.51415821e-02 -6",0.031,1790240654.308
122,01_similar_variables,get_embedding,re_print,,"[ 2.4237151e-01 -6.6327131e-01  1.8642629e+00  2.1522188e-01
  6.0190701e-01 -7.8412712e-01 -4.31447",0.031,1790240654.449
123,01_similar_variables,get_embedding,py_code_lines,,"[-8.03950489e-01 -3.12892616e-01  1.20505071e+00  2.15731859e+00
  1.02745128e+00 -1.97774398e+00 -3",0.031,1790240654.777
124,01_similar_variables,get_embedding,logger_loggings,,"[-3.81940991e-01 -5.55326462e-01 -1.91648686e+00  1.94676995e+00
 -9.58684325e-01 -1.39148995e-01  7",0.031,1790240654.918
125,01_similar_variables,get_embedding,prints,,"[ 2.0978077e-01 -2.0441945e+00  1.1741563e+00  1.3674842e+00
 -1.0329825e+00  2.5491261e-01 -1.14505",0.031,1790240655.261
126,01_similar_variables,get_embedding,print_types,,"[-2.75853729e+00 -6.78720832e-01  1.73301435e+00  2.37202311e+00
 -2.55102420e+00 -1.74824405e+00 -2",0.031,1790240655.621
127,01_similar_variables,get_embedding,print_collection,,"[-2.14987946e+00 -1.88279605e+00 -1.84285164e+00  3.99020851e-01
 -5.88789582e-01 -1.79800546e+00 -1",0.047,1790240655.761
128,01_similar_variables,get_embedding,print_type,,"[-1.25079215e+00 -1.86799979e+00  1.97524321e+00  1.35142195e+00
 -2.16547251e+00 -7.95587152e-02 -1",0.031,1790240655.902
129,01_similar_variables,get_embedding,defined_constant_names,,"[-1.58433938e+00 -7.16010511e-01  1.46771801e+00  1.84757400e+00
 -2.99865842e+00  1.25055850e+00 -1",0.047,1790240656.48
130,01_similar_variables,get_embedding,repeated_long_strs,,"[ 1.31009769e+00 -3.54424149e-01 -1.15442133e+00  1.80324686e+00
  5.61017811e-01  1.15343668e-02  3",0.031,1790240656.637
131,01_similar_variables,get_embedding,simplified_function_body_list,,"[-6.16096631e-02 -2.38960654e-01 -2.61799550e+00  2.12902522e+00
 -2.92483084e-02  3.88448715e-01 -1",0.031,1790240656.777
132,01_similar_variables,get_embedding,constant_value_info,,"[ 5.76487541e-01 -2.10190378e-02  2.93299270e+00  9.26656425e-01
 -2.71361732e+00  9.78968680e-01 -1",0.031,1790240657.371
133,01_similar_variables,get_embedding,defind_constants_info,,"[-2.53063583e+00 -4.69349653e-01  6.09449685e-01  1.23557091e+00
 -2.97399235e+00 -2.11151302e-01 -1",0.031,1790240657.511
134,01_similar_variables,get_embedding,func,,"[ 7.56066024e-01  8.65344524e-01  7.04018116e-01  4.78264332e-01
 -2.12490177e+00  9.61741149e-01 -1",0.031,1790240657.777
135,01_similar_variables,get_embedding,info_list,,"[ 2.39379946e-02  2.21329853e-01  1.71417999e+00 -1.07117021e+00
  1.01043630e+00 -8.84863496e-01  4",0.031,1790240657.933
136,01_similar_variables,get_embedding,long_constant_value_info,,"[ 7.29635656e-01 -2.90546864e-01  1.99279106e+00  8.54353666e-01
  2.36131772e-01 -1.10120833e-01 -8",0.031,1790240658.09
137,01_similar_variables,get_embedding,function_body_items,,"[-1.11533546e+00 -8.63285124e-01 -1.78739607e+00  2.41066313e+00
 -6.05616271e-01 -4.77379024e-01 -1",0.031,1790240659.512
138,01_similar_variables,get_embedding,start_line,,"[ 1.40510345e+00  6.40239716e-01  1.83258796e+00 -7.60661483e-01
 -7.92866230e-01 -8.09186757e-01 -2",0.031,1790240660.043
139,01_similar_variables,get_embedding,simplified_body,,"[ 2.3608458  -0.71682453 -2.3264031   1.9132863  -0.8486252   0.84307146
 -0.58825773 -0.30033055 -0",0.031,1790240660.199
140,01_similar_variables,get_embedding,existing_simplified_body,,"[ 1.94401455e+00  1.59280562e+00 -2.21597815e+00  7.11152613e-01
 -3.40424746e-01 -8.91773462e-01 -6",0.031,1790240660.371
141,01_similar_variables,get_embedding,text_embedding_logs,,"[ 1.27378023e+00 -1.32166004e+00 -2.39169312e+00  2.21686363e+00
 -6.47071719e-01 -1.66277528e+00  1",0.031,1790240660.527
142,01_similar_variables,get_embedding,all_similar_text_pairs,,"[ 9.66372848e-01 -1.38851449e-01 -2.75321752e-02  1.56319547e+00
  8.81870866e-01 -2.41929129e-01 -7",0.047,1790240660.699
143,01_similar_variables,get_embedding,embedding_vector,,"[ 0.77378607 -3.2918358   0.14419366  1.7373449  -0.88166505 -1.6661209
  1.7984248  -0.5917021   0.",0.031,1790240661.355
144,01_similar_variables,get_embedding,cos_sim,,"[ 1.21633506e+00  1.43043268e+00  4.23267663e-01  1.80095935e+00
 -1.43820331e-01  4.05100405e-01 -2",0.031,1790240661.527
145,01_similar_variables,get_embedding,all_variables_dict,,"[-7.82971561e-01 -1.76426017e+00  7.90479779e-01  1.05435300e+00
 -2.90324450e-01 -9.24210668e-01 -1",0.031,1790240661.949
146,01_similar_variables,get_embedding,variable_info,,"[-6.58567529e-03 -2.14765692e+00  1.80531728e+00  9.15160179e-01
 -1.75851893e+00 -9.75909352e-01 -8",0.031,1790240662.636
147,01_similar_variables,get_embedding,func_annot_dict,,"[-7.75088891e-02 -3.67191821e-01  2.13117838e-01  2.46413207e+00
 -2.18391347e+00 -4.32349443e-02 -1",0.047,1790240663.871
148,01_similar_variables,get_embedding,function_defs,,"[-1.19859552e+00  7.10925102e-01  1.01086128e+00  2.23899245e+00
 -2.35306358e+00 -8.20414603e-01 -1",0.031,1790240664.73
149,01_similar_variables,get_embedding,func_args,,"[ 0.46136728 -0.5132641   0.74891365  1.600275   -0.3295025   2.5454187
 -1.4101502  -0.5825755  -0.",0.031,1790240665.183
150,01_similar_variables,get_embedding,func_arg_names,,"[ 0.2879214  -1.0713537   0.7017388   1.8502359  -2.695853    2.1834192
 -1.6852496  -0.25724694  1.",0.047,1790240665.511
151,01_similar_variables,get_embedding,func_annots,,"[-1.55123556e+00 -5.78758776e-01  2.06549242e-01  3.28549862e-01
 -1.85865772e+00 -8.89716864e-01 -1",0.031,1790240665.699
152,01_similar_variables,get_embedding,annot,,"[-1.57410336e+00 -1.04213274e+00  2.77915311e+00  1.02722907e+00
 -2.18673205e+00 -1.58818781e+00 -8",0.031,1790240666.011
153,01_similar_variables,get_embedding,existing_annot,,"[-1.53882194e+00  2.17507625e+00  9.60407257e-01  1.02357221e+00
  8.11736465e-01 -2.93184900e+00 -6",0.031,1790240666.199
154,01_similar_variables,get_embedding,var_names,,"[-1.20025706e+00 -2.71730280e+00  6.79088980e-02  1.93468797e+00
 -2.60687327e+00  1.27923262e+00 -1",0.031,1790240667.105
155,01_similar_variables,get_embedding,func_names,,"[-1.71259475e+00 -1.69137985e-01  9.85113323e-01  2.36163592e+00
 -2.93726802e+00  4.28651869e-01 -1",0.031,1790240667.449
156,01_similar_variables,get_embedding,names,,"[-4.49412912e-01 -3.14723760e-01  4.63246822e-01  8.15437555e-01
 -3.38148880e+00  1.44477141e+00 -1",0.031,1790240667.792
157,01_similar_variables,get_embedding,name_info,,"[-1.03056359e+00 -3.22161078e-01  7.39122748e-01 -8.57893825e-01
 -2.91652989e+00  1.88728142e+00  3",0.031,1790240667.98
158,01_similar_variables,get_embedding,py_file_paths,,"[ 4.65471804e-01 -4.96340215e-01  6.99335098e-01  6.43617272e-01
 -1.45259947e-01 -1.41693366e+00  4",0.031,1790240668.917
159,01_similar_variables,get_embedding,py_file_names,,"[-3.71937335e-01 -1.35774779e+00  8.99883389e-01  1.36336398e+00
 -1.28817046e+00 -5.49729407e-01  6",0.031,1790240669.105
160,01_similar_variables,get_embedding,path,,"[-2.64360547e-01 -1.30786312e+00 -1.31602615e-01 -8.81860197e-01
 -6.38343096e-01 -1.57568645e+00 -8",0.031,1790240669.308
161,01_similar_variables,get_embedding,py_file_names_set,,"[ 2.72093445e-01 -1.01846731e+00  1.46738673e-02  1.34217739e+00
 -1.01665640e+00 -8.20511162e-01  4",0.031,1790240669.495
162,01_similar_variables,get_embedding,return_pattern_dict,,"[-4.06914234e-01 -3.97664607e-01 -2.84655905e+00  1.65678370e+00
 -1.04748964e-01 -4.42108870e-01 -2",0.047,1790240669.699
163,01_similar_variables,get_embedding,func_names_info,,"[-2.88099408e+00  6.42652512e-01  6.72366977e-01  2.52073669e+00
 -3.59231639e+00  2.15254799e-01 -1",0.031,1790240670.355
164,01_similar_variables,get_embedding,imported_names_info,,"[ 0.03791185 -0.73138535  0.85137343  1.2679201  -0.7445743   0.7223878
 -1.010189    1.0505772   0.",0.031,1790240670.714
165,01_similar_variables,get_embedding,imported_names,,"[ 5.98922789e-01 -1.27485693e+00  2.30648592e-01  1.61010587e+00
 -5.78658998e-01  9.77917016e-01 -2",0.031,1790240671.542
166,01_similar_variables,get_embedding,func_and_imported_names,,"[ 0.281539    0.6247647   1.0327194   3.5640845  -2.491169   -0.8498899
 -1.2708492   0.51354915  0.",0.031,1790240671.917
167,01_similar_variables,get_embedding,func_list,,"[-1.68237710e+00  1.50253817e-01  1.86991647e-01  9.47397113e-01
 -1.70410311e+00 -3.96183759e-01 -1",0.031,1790240672.121
168,01_similar_variables,get_embedding,match,,"[-1.47398436e+00  2.28869247e+00 -4.86714125e-01  1.33930814e+00
 -2.63681340e+00  5.65152824e-01 -1",0.047,1790240673.653
169,01_similar_variables,get_embedding,third_party_imported,,"[-0.62772536 -0.5229331  -0.502276    2.1055932   1.5273572  -0.03673296
 -0.42537862 -0.9561007  -1",0.031,1790240674.872
170,01_similar_variables,get_embedding,local_imported,,"[ 2.26204515e+00  3.32013577e-01  1.04033852e+00  1.77332747e+00
  7.12034523e-01 -2.43835807e+00 -1",0.031,1790240675.075
171,01_similar_variables,get_embedding,parsed_imports,,"[ 2.18867469e+00 -4.40638989e-01 -2.58735156e+00  1.87030804e+00
 -3.92336305e-03 -4.08012122e-01 -1",0.031,1790240675.294
172,01_similar_variables,get_embedding,lib_names_import,,"[ 2.73491651e-01 -1.43904793e+00 -9.27942932e-01  1.95751035e+00
 -2.01040864e+00  1.34418577e-01  4",0.031,1790240675.684
173,01_similar_variables,get_embedding,lib_names_import_from,,"[ 1.55713284e+00 -1.54624939e+00 -9.24640536e-01  1.77143669e+00
 -1.81759179e+00  1.67779073e-01  2",0.047,1790240676.591
174,01_similar_variables,get_embedding,imported_lib_names,,"[ 0.73438317 -1.3878278  -0.392848    2.2529478   0.22437048 -0.6630359
  0.5664531   1.1141739   0.",0.031,1790240676.981
175,01_similar_variables,get_embedding,text_embedding_model_single_responsibility,,"[-3.76560867e-01  7.67578244e-01 -7.77961731e-01  2.05080557e+00
 -1.43883193e+00 -1.50088418e+00 -6",0.031,1790240678.262
176,01_similar_variables,get_embedding,text_embedding_model_docstring_and_name,,"[-1.74192898e-02 -7.21777618e-01  6.65771723e-01  2.38776255e+00
 -1.37373424e+00  1.31346583e-01 -1",0.047,1790240678.481
177,01_similar_variables,get_embedding,func_defs,,"[-5.74721873e-01  6.38183594e-01  1.21139359e+00  2.33606410e+00
 -2.91858411e+00  8.50727037e-02 -1",0.047,1790240679.247
178,01_similar_variables,get_embedding,func_docstrings_info,,"[-9.61251140e-01 -1.05312204e+00  8.51566419e-02  2.67669153e+00
 -1.31999588e+00 -5.49290240e-01 -5",0.031,1790240679.653
179,01_similar_variables,get_embedding,comments,,"[-5.4854095e-01 -6.3856214e-01  3.9934206e-01  6.3155401e-01
  1.4665583e+00 -8.4935123e-01 -3.37293",0.031,1790240681.92
180,01_similar_variables,get_embedding,current_comment,,"[ 6.97481513e-01 -5.20081997e-01  1.91304266e+00 -6.48321033e-01
  1.16630650e+00  7.63461828e-01 -1",0.047,1790240682.154
181,01_similar_variables,get_embedding,comment,,"[ 5.99126637e-01 -3.14519495e-01  1.49240768e+00  5.03140628e-01
  2.32262220e-02  1.31118372e-01 -2",0.047,1790240682.764
182,01_similar_variables,get_embedding,is_empty,,"[-1.94162631e+00 -5.27107537e-01  3.58396769e-03 -2.43696243e-01
 -8.11034560e-01 -1.41034830e+00 -9",0.031,1790240684.732
183,01_similar_variables,get_embedding,code_path_str,,"[-2.25958303e-01 -1.33235681e+00  8.70277941e-01 -5.68164587e-02
 -1.02336323e+00  2.34687120e-01 -8",0.062,1790240689.014
184,01_similar_variables,get_embedding,required_files,,"[-1.73410267e-01 -2.56870210e-01  1.18211758e+00 -5.22360563e-01
  1.95756048e-01 -1.54325461e+00  1",0.062,1790240689.498
185,01_similar_variables,get_embedding,required_file,,"[ 8.43054473e-01  4.85088050e-01  2.22728443e+00 -2.79646963e-01
  2.80122280e-01 -3.20620000e-01 -5",0.063,1790240689.779
186,01_similar_variables,get_embedding,end_line,,"[-0.08432607 -0.6745626   1.0577215   0.5635707  -1.050463   -1.0309328
 -0.5520058  -2.0193286  -2.",0.094,1790240691.764
187,01_similar_variables,get_embedding,func_length,,"[ 9.08897519e-02  1.36828554e+00  1.24262309e+00  1.93939209e+00
 -1.60941541e+00 -7.64303189e-03 -1",0.031,1790240692.233
188,01_similar_variables,get_embedding,annotations,,"[-2.15821481e+00 -2.50410438e-02  1.11112273e+00  1.40307173e-01
 -8.24093044e-01 -1.23159397e+00 -1",0.031,1790240692.498
189,01_similar_variables,get_embedding,return_type,,"[-1.45996881e+00 -6.40073359e-01  1.21201301e+00  6.96497619e-01
 -2.39331341e+00 -6.91197515e-01 -2",0.047,1790240692.748
190,01_similar_variables,get_embedding,current_base_indent,,"[-1.14913568e-01 -2.31392837e+00  9.73091125e-01 -2.09186912e+00
 -6.39675617e-01 -1.05337963e-01  5",0.031,1790240693.873
191,01_similar_variables,get_embedding,current_depth,,"[-7.52998710e-01 -2.83653069e+00  1.47498345e+00 -1.74743056e+00
 -2.01467797e-01 -2.71209407e+00  1",0.031,1790240694.124
192,01_similar_variables,get_embedding,current_indent,,"[ 1.08325374e+00 -2.37681723e+00  1.10306203e+00 -1.90710139e+00
 -4.36420918e-01 -5.79937339e-01  3",0.031,1790240695.045
193,01_similar_variables,get_embedding,definition_lines,,"[ 1.12740266e+00 -1.12250221e+00 -2.79141128e-01  6.72371387e-01
 -2.85096943e-01 -1.23954558e+00  1",0.031,1790240697.53
194,01_similar_variables,get_embedding,value_definition_lines,,"[ 1.20409334e+00 -2.51160765e+00  9.75766599e-01  1.31239319e+00
 -2.37726283e+00 -2.00390950e-01 -1",0.031,1790240697.795
195,01_similar_variables,get_embedding,def_line,,"[ 1.90772444e-01 -1.49729514e+00 -2.16087744e-01  2.10911423e-01
 -1.28536141e+00 -5.87375879e-01 -9",0.031,1790240698.061
196,01_similar_variables,get_embedding,val_line,,"[ 1.16877222e+00 -2.78318107e-01  1.38843882e+00  5.45869350e-01
 -1.31150281e+00  1.72334965e-02 -4",0.047,1790240698.326
197,01_similar_variables,get_embedding,val_line_no,,"[ 8.55609309e-03  1.38745880e+00  2.10507560e+00  8.38852763e-01
 -5.83496392e-01  1.98085994e-01  3",0.031,1790240698.592
198,01_similar_variables,get_embedding,def_line_no,,"[-9.87451077e-02  1.35756508e-01  8.86667550e-01  5.61543047e-01
 -9.90867734e-01  5.83457015e-02  7",0.031,1790240698.858
199,01_similar_variables,get_embedding,val_line_,,"[ 2.80098379e-01  5.61012566e-01  9.06050861e-01  6.04667008e-01
 -1.01979876e+00 -1.04390824e+00 -7",0.031,1790240699.139
200,01_similar_variables,get_embedding,def_line_,,"[ 1.58413023e-01 -1.20071840e+00 -5.56517363e-01  3.46370578e-01
 -1.30279505e+00 -6.35883331e-01 -3",0.047,1790240699.404
201,01_similar_variables,get_embedding,idx_matched,,"[-4.01352704e-01  7.22748101e-01  4.81934845e-01  1.51231122e+00
 -9.92971584e-02 -2.44476587e-01  1",0.031,1790240699.904
202,01_similar_variables,get_embedding,name_matched,,"[ 1.25429064e-01  1.32712841e+00 -2.68577576e-01  1.87761188e+00
 -2.96576619e+00  1.34602952e+00 -1",0.031,1790240700.186
203,01_similar_variables,get_embedding,regex_for_in_range,,"[-1.59839332e+00  8.48844290e-01 -5.35396755e-01 -9.80727911e-01
  7.73847818e-01 -2.97340006e-01 -1",0.031,1790240700.451
204,01_similar_variables,get_embedding,value_assign,,"[ 1.11614749e-01 -4.70747292e-01  1.46104228e+00  8.61588478e-01
 -1.91968668e+00  1.33086467e+00 -1",0.031,1790240700.733
205,01_similar_variables,get_embedding,text_embedding_model_bindable,,"[-1.14107102e-01 -1.65828705e-01 -8.84059906e-01  2.96921515e+00
 -5.90134025e-01 -6.39238000e-01 -5",0.031,1790240701.232
206,01_similar_variables,get_embedding,text_embedding_model_dynamic,,"[ 3.7457615e-01  6.7708775e-02 -1.0900407e+00  1.9748449e+00
 -1.3469441e+00 -2.0911057e+00  7.90131",0.047,1790240701.514
207,01_similar_variables,get_embedding,arg_name_list,,"[-2.07617268e-01 -4.12512153e-01  3.13454360e-01  2.34647974e-01
 -1.02876437e+00  2.08135915e+00 -2",0.031,1790240703.67
208,01_similar_variables,get_embedding,stored_name_dict,,"[-3.75159115e-01 -1.91077101e+00 -9.81775761e-01  1.27480912e+00
 -1.25622809e+00  1.38716376e+00 -7",0.031,1790240703.951
209,01_similar_variables,get_embedding,stored_names,,"[-1.05139053e+00 -1.73566592e+00 -8.67003381e-01  1.34596157e+00
 -1.68145525e+00  5.11303186e-01 -8",0.047,1790240704.717
210,01_similar_variables,get_embedding,class_name,,"[-1.25850320e+00 -3.89452547e-01  7.47083902e-01  1.14182472e+00
 -2.65638113e+00  1.28031278e+00 -1",0.031,1790240705.967
211,01_similar_variables,get_embedding,stored_arg_name_dict,,"[-1.07152201e-01 -9.62649643e-01 -9.04899776e-01  1.19462085e+00
 -9.64452565e-01  2.38249350e+00 -1",0.031,1790240706.248
212,01_similar_variables,get_embedding,def_end_line,,"[ 5.08474469e-01 -6.85860753e-01 -5.80708683e-01  1.25650311e+00
 -7.23537564e-01 -8.04905474e-01 -7",0.031,1790240708.248
213,01_similar_variables,get_embedding,store_cases,,"[ 1.51240861e+00 -1.20486319e+00 -1.20530081e+00  1.25257874e+00
 -1.33822739e-01 -1.95416009e+00 -6",0.031,1790240709.529
214,01_similar_variables,get_embedding,store_cases_bad,,"[-1.09102595e+00 -1.67938143e-01 -1.07477956e-01  1.23568714e+00
 -6.39001429e-01  6.15365982e-01 -3",0.031,1790240710.076
215,01_similar_variables,get_embedding,function_args,,"[-2.96707153e-01 -4.18360293e-01  1.95829809e+00  1.65071869e+00
  1.16796412e-01  1.18197238e+00 -1",0.047,1790240711.873
216,01_similar_variables,get_embedding,function_args_bad,,"[-8.71131241e-01 -7.61631370e-01  1.33342195e+00  1.07844722e+00
 -3.31323385e-01  2.00664020e+00 -9",0.031,1790240712.42
217,01_similar_variables,get_embedding,function_and_args,,"[-3.58387738e-01  1.98762167e+00  1.15515065e+00  2.90141082e+00
 -8.99110794e-01 -3.41241881e-02 -1",0.031,1790240716.076
218,01_similar_variables,get_embedding,function_and_args_,,"[-8.69929314e-01  2.13726830e+00  1.13503337e+00  2.62072158e+00
 -7.02221036e-01 -1.24757409e-01 -1",0.031,1790240716.654
219,01_similar_variables,get_embedding,items,,"[-1.70175076e+00 -1.84709740e+00 -1.77382374e+00  1.05048704e+00
  7.64246881e-01 -5.53611331e-02 -2",0.031,1790240717.216
220,01_similar_variables,get_embedding,duplicate_count_except_first,,"[-7.20091105e-01  2.46281147e+00  1.20385492e+00  7.48519599e-01
  8.22988689e-01 -1.19589412e+00 -2",0.031,1790240717.529
221,01_similar_variables,get_embedding,arg_name_discovered,,"[-7.5662382e-02  2.5697038e-01  4.6456099e-01 -6.5443993e-01
 -8.8173532e-01  1.5753970e+00 -8.78069",0.031,1790240717.841
222,01_similar_variables,get_embedding,items_,,"[-6.27283335e-01 -2.16440725e+00 -1.63027096e+00  1.06208587e+00
  1.35095191e+00  3.15402567e-01 -1",0.031,1790240718.138
223,01_similar_variables,get_embedding,arg_name_set,,"[-3.52831364e-01 -7.66451955e-01  1.34260643e+00  8.03544819e-01
 -2.31563926e+00  1.48803198e+00 -1",0.031,1790240718.716
224,01_similar_variables,get_embedding,intersection_size,,"[ 2.59952158e-01 -4.08998579e-01  8.08942080e-01  1.08711350e+00
  3.32992941e-01 -1.32503402e+00  4",0.047,1790240719.029
225,01_similar_variables,get_embedding,text,,"[ 1.00542986e+00 -3.12609982e+00 -3.48973036e-01  2.95112401e-01
 -1.86404097e+00  4.59997803e-01 -3",0.031,1790240720.154
226,01_similar_variables,get_embedding,func_count,,"[-9.21042442e-01  1.70123136e+00  2.07179689e+00  1.96463907e+00
 -1.98759627e+00  6.56527877e-01 -1",0.031,1790240722.091
227,01_similar_variables,get_embedding,func_sim_matrix,,"[ 2.51377940e+00  7.13225663e-01  1.05748606e+00  1.49833071e+00
 -1.10558569e+00  1.10323298e+00  3",0.031,1790240722.404
228,01_similar_variables,get_embedding,embeddings_0,,"[ 7.01426208e-01 -1.12770617e+00  1.51066160e+00  7.96986759e-01
 -1.99466929e-01 -1.85097802e+00  5",0.031,1790240722.732
229,01_similar_variables,get_embedding,embeddings_1,,"[ 8.65364552e-01 -2.88971245e-01  1.12895477e+00  1.55859709e+00
 -3.47554535e-01 -1.09536529e+00  6",0.047,1790240723.044
230,01_similar_variables,get_embedding,idx_0,,"[-0.5049471   0.07919402  3.5240052   0.00894138 -0.7125994  -1.2837229
  1.1506535  -1.1639725   2.",0.031,1790240724.185
231,01_similar_variables,get_embedding,emb_0,,"[ 1.30000424e+00  1.91893622e-01  1.10972321e+00  1.33764613e+00
 -5.55632472e-01 -1.47873306e+00 -3",0.031,1790240724.513
232,01_similar_variables,get_embedding,idx_1,,"[-6.60233080e-01  1.07349157e-01  3.47914457e+00  5.12900233e-01
 -1.00878549e+00 -5.69657683e-01  1",0.031,1790240724.825
233,01_similar_variables,get_embedding,emb_1,,"[ 1.30822241e+00  7.47914374e-01  9.47793603e-01  2.03107786e+00
 -7.49505341e-01 -5.44009626e-01  3",0.031,1790240725.153
234,01_similar_variables,get_embedding,func_name_item,,"[-3.09838915e+00 -1.72427773e+00  3.04698527e-01  7.56829381e-01
 -2.84265494e+00  8.63638580e-01 -1",0.031,1790240726.028
235,01_similar_variables,get_embedding,first_similar_idx,,"[ 6.20655835e-01  6.32785380e-01  8.83831680e-01  1.13885331e+00
 -8.67502868e-01 -8.84421885e-01  9",0.031,1790240726.341
236,01_similar_variables,get_embedding,func_reorder_needed,,"[ 7.82159567e-01 -8.81041661e-02  2.33244658e+00  1.32999942e-01
 -1.82676184e+00  7.56313682e-01 -1",0.031,1790240726.669
237,01_similar_variables,get_embedding,default_code_checker,,"[-8.93835366e-01 -1.79370522e+00  6.59710944e-01 -1.23166844e-01
  2.55275667e-01 -2.13988036e-01 -2",0.031,1790240728.403
238,01_similar_variables,get_embedding,unused_variable,,"[-9.02243137e-01 -1.28695738e+00  1.05770051e+00 -5.14087565e-02
 -4.28969771e-01 -6.68708980e-01 -1",0.031,1790240728.731
239,01_similar_variables,get_embedding,TEST_DUPLICATED,,"[ 5.63643932e-01 -9.46307242e-01  1.62928402e+00  2.20899284e-01
  5.68672717e-01 -7.44102597e-02 -1",0.031,1790240729.059
240,01_similar_variables,get_embedding,IMPORT_NUM,,"[ 1.37002766e+00 -1.10486996e+00  3.14049435e+00  7.91878462e-01
 -9.36202466e-01  7.11519539e-01 -3",0.031,1790240729.388
241,01_similar_variables,get_embedding,logger,,"[-2.66630173e+00  1.89347267e-02 -1.66831720e+00  2.58763719e+00
 -1.22584581e+00 -9.16818455e-02 -9",0.031,1790240729.731
242,01_similar_variables,get_embedding,nparray,,"[-8.57184231e-01 -1.04736078e+00  5.84279656e-01  3.49711418e-01
 -9.27095771e-01 -1.56473744e+00 -2",0.031,1790240730.059
243,01_similar_variables,get_embedding,nparray2,,"[-5.25940597e-01 -4.58279699e-01  1.02230823e+00  2.35258222e-01
  1.64048150e-01 -1.09917545e+00 -1",0.031,1790240730.388
244,01_similar_variables,get_embedding,default_version,,"[ 1.4053768   0.7633213   1.5335966  -0.43205088 -0.02232521  1.2135837
 -0.21277253  0.04626443 -0.",0.047,1790240730.716
245,01_similar_variables,get_embedding,next_level,,"[-1.90980148e+00  4.14689071e-02  4.22048420e-01 -5.67970499e-02
 -1.29811978e+00 -3.00084710e+00  5",0.031,1790240731.044
246,01_similar_variables,get_embedding,python_code_no,,"[-1.41347826e-01 -1.30982727e-01  2.07401514e+00  5.53330481e-01
  9.34499085e-01 -7.69946933e-01 -1",0.031,1790240731.387
247,01_similar_variables,get_embedding,python_code_num,,"[-1.1315013   0.4400297   2.749932    1.9571037   0.33319214 -0.04284165
 -0.8018252   0.68417865  0",0.047,1790240731.716
248,01_similar_variables,get_embedding,test,,"[-8.31079960e-01 -5.31903028e-01  3.90808344e-01 -5.20422041e-01
 -9.18743372e-01 -2.18325123e-01 -1",0.031,1790240732.044
249,01_similar_variables,get_embedding,imported_value,,"[ 8.71251404e-01 -1.24002469e+00  1.17404358e-02  2.47950530e+00
  8.86275470e-01  1.94599676e+00 -1",0.031,1790240732.387
250,01_similar_variables,get_embedding,imported_but_unused_value,,"[ 0.07280225 -1.7218295   2.1430242   2.2350438  -1.2379727   1.3095824
 -0.6857572  -0.9876722   0.",0.031,1790240732.716
251,01_similar_variables,get_embedding,common_value,,"[ 1.08720911e+00  8.04378152e-01  6.48990154e-01  8.27101111e-01
 -1.30002177e+00 -5.22664413e-02 -1",0.031,1790240733.059
252,01_similar_variables,get_embedding,TEST_STR,,"[ 1.62878156e+00 -1.43068802e+00 -2.30946377e-01  7.01735377e-01
 -1.73441315e+00  1.50507867e+00 -4",0.031,1790240733.981
253,01_similar_variables,get_embedding,test_dict_test_dict,,"[-0.80676967 -0.66162616 -0.31126466  1.3405253  -1.797266   -0.88957405
 -0.9941477  -1.279922   -0",0.031,1790240734.606
254,01_similar_variables,get_embedding,new_arr,,"[ 5.87180138e-01 -1.60952473e+00  4.62832123e-01  2.65083134e-01
 -2.43970677e-01 -1.09349084e+00  8",0.047,1790240735.247
255,01_similar_variables,get_embedding,primes,,"[ 5.89328408e-01  5.88615954e-01  1.34869218e+00 -9.43816900e-02
 -7.66678333e-01  1.99333310e-01 -8",0.031,1790240738.575
256,01_similar_variables,get_embedding,test_abc,,"[-8.74352098e-01  3.95740181e-01 -4.57599275e-02  1.44433454e-01
 -1.24737883e+00 -9.03320536e-02 -1",0.031,1790240739.231
257,01_similar_variables,get_embedding,test_def,,"[-1.43776011e+00 -4.75951433e-02  1.33698618e+00  1.67588696e-01
 -2.10780883e+00  1.21097468e-01 -1",0.031,1790240739.574
258,01_similar_variables,get_embedding,non_path,,"[-2.70514727e+00  6.10807121e-01  6.80228770e-01 -4.49293703e-01
 -1.77292120e+00 -2.93301177e+00 -6",0.031,1790240740.215
259,01_similar_variables,get_embedding,data,,"[ 1.84451926e+00 -1.60416472e+00 -5.91601789e-01  7.46934474e-01
  4.36197191e-01 -4.44296747e-01 -2",0.031,1790240740.574
260,01_similar_variables,get_embedding,groups,,"[-1.20797777e+00 -6.32304668e-01 -4.64962989e-01  5.29572427e-01
 -7.98744857e-01  1.84974563e+00 -1",0.047,1790240740.918
261,01_similar_variables,get_embedding,category,,"[ 5.57372570e-01 -7.12182894e-02 -1.02129412e+00  7.49595582e-01
 -7.81573057e-01  4.14800018e-01 -2",0.031,1790240741.262
262,01_similar_variables,get_embedding,words,,"[ 9.68819916e-01 -2.06215310e+00  8.44718143e-02  3.54772329e-01
 -1.68444681e+00  3.37807864e-01 -1",0.031,1790240741.918
263,01_similar_variables,get_embedding,counts,,"[ 7.29984939e-01  1.20359397e+00  2.42806411e+00  4.84960824e-01
 -1.28030229e+00  2.99943745e-01 -7",0.031,1790240742.277
264,01_similar_variables,get_embedding,word,,"[ 1.39739943e+00 -2.50395131e+00 -1.25381351e-01 -1.27867377e+00
 -2.13151860e+00  1.79588127e+00 -1",0.031,1790240742.621
265,01_similar_variables,get_embedding,test_dict,,"[-9.91757989e-01 -1.09651244e+00  1.02247313e-01  6.51091695e-01
 -1.97640347e+00 -1.26142001e+00 -1",0.031,1790240742.981
266,01_similar_variables,get_embedding,numbers,,"[-6.31876945e-01  4.85432625e-01  2.70873904e+00  1.45626736e+00
 -2.10942292e+00  7.28299141e-01 -1",0.031,1790240743.324
267,01_similar_variables,get_embedding,has_negative,,"[-2.40512681e+00 -1.03234828e+00  4.55721676e-01 -9.00517941e-01
 -2.36435980e-01 -3.33810419e-01  3",0.031,1790240743.684
268,01_similar_variables,get_embedding,scores,,"[ 2.08133554e+00 -4.23082203e-01 -1.23264325e+00 -1.70333660e+00
 -7.66049564e-01  3.25778770e+00 -1",0.047,1790240744.653
269,01_similar_variables,get_embedding,keys,,"[-1.83625638e+00 -4.68064874e-01  8.34891319e-01  1.31003559e+00
 -1.79264700e+00  3.82077783e-01 -1",0.047,1790240745.012
270,01_similar_variables,get_embedding,values,,"[-8.64083350e-01 -1.76036692e+00 -1.44982636e-01  3.59851837e-01
 -5.07525384e-01  9.33474541e-01 -3",0.031,1790240745.371
271,01_similar_variables,get_embedding,user_info,,"[-2.6079553e-01  1.8030174e+00  2.2253530e+00  7.4795449e-01
 -1.1588295e-01 -2.9115573e-01 -1.28249",0.031,1790240745.731
272,01_similar_variables,get_embedding,k_list,,"[-3.36118579e-01  2.22898412e+00  2.11676097e+00  1.49889052e+00
  1.83013463e+00 -8.78097653e-01 -8",0.031,1790240746.075
273,01_similar_variables,get_embedding,v_list,,"[ 2.22522825e-01  1.51248664e-01  2.65022814e-01 -9.16530639e-02
  5.41783929e-01 -1.02340829e+00 -2",0.031,1790240746.434
274,01_similar_variables,get_embedding,target,,"[-3.71230578e+00 -7.14367330e-01  7.77249157e-01 -9.59601223e-01
 -9.75030661e-01  4.94545221e-01 -2",0.031,1790240746.793
275,01_similar_variables,get_embedding,itertool1,,"[-4.42811370e-01 -1.90810335e+00  1.50973570e+00 -1.16440691e-01
  1.98789343e-01  4.12070662e-01 -5",0.031,1790240747.153
276,01_similar_variables,get_embedding,itertool2,,"[-1.54527426e+00 -9.72100019e-01  2.38935685e+00 -2.61978716e-01
  6.57325447e-01  5.01718760e-01 -9",0.031,1790240747.512
277,01_similar_variables,get_embedding,content1,,"[ 6.78340971e-01 -4.73132551e-01  3.06382149e-01  1.46287441e+00
 -1.18436888e-02 -5.07971287e-01 -4",0.031,1790240747.871
278,01_similar_variables,get_embedding,content2,,"[ 5.14684081e-01 -1.20724276e-01 -1.06436718e+00  1.24110401e+00
  1.04958963e+00 -1.01207638e+00 -8",0.031,1790240748.231
279,01_similar_variables,get_embedding,sentence,,"[ 3.87011123e+00 -2.06034279e+00  1.57575998e-02  5.10171711e-01
 -1.14071834e+00  1.42830849e+00 -1",0.031,1790240748.59
280,01_similar_variables,get_embedding,dddd,,"[-2.50042945e-01  1.16895127e+00  1.39441895e+00  3.64386469e-01
 -1.45556307e+00  1.25324321e+00  4",0.031,1790240748.965
281,01_similar_variables,get_embedding,eeee,,"[ 9.65324104e-01 -2.30959579e-01 -7.59819269e-01  4.17907029e-01
 -1.35320485e+00  8.47355306e-01 -3",0.031,1790240749.324
282,01_similar_variables,get_embedding,fruits,,"[ 2.62783140e-01 -3.23213398e-01  2.18543246e-01 -1.00462365e+00
 -4.49578047e-01  1.61696851e+00 -2",0.031,1790240749.684
283,01_similar_variables,get_embedding,new_fruits,,"[ 3.72329742e-01 -9.15870249e-01  6.25234425e-01 -5.97076118e-01
  6.82599619e-02  8.83035123e-01 -1",0.031,1790240750.059
284,01_similar_variables,get_embedding,fruit,,"[ 7.90856600e-01 -7.37585798e-02  8.73850822e-01 -1.44165373e+00
 -1.20450544e+00  1.23526525e+00 -2",0.047,1790240750.419
285,01_similar_variables,get_embedding,apple_count,,"[ 7.10140526e-01 -3.75731617e-01  1.56854784e+00 -1.27789664e+00
  7.73635209e-01  1.85396317e-02 -4",0.031,1790240750.778
286,01_similar_variables,get_embedding,perfect_scores,,"[ 1.52473152e+00 -4.09993947e-01 -1.14696395e+00 -1.72602487e+00
 -6.21949136e-01  8.98266673e-01 -2",0.031,1790240752.106
287,01_similar_variables,get_embedding,score,,"[ 2.73851585e+00  3.46496016e-01 -1.12075245e+00 -1.84171450e+00
 -5.39885819e-01  3.32843041e+00 -9",0.031,1790240752.481
288,01_similar_variables,get_embedding,users,,"[-5.98233342e-01  1.18779051e+00  1.67578208e+00  1.40335405e+00
 -4.33283180e-01  8.09661388e-01 -1",0.031,1790240752.84
289,01_similar_variables,get_embedding,admin_count,,"[-1.14341760e+00  3.44824851e-01  1.60994971e+00  8.70194554e-01
 -2.21288607e-01  2.37034410e-01 -1",0.031,1790240753.215
290,01_similar_variables,get_embedding,found_index,,"[-2.71595836e+00  2.47094131e+00  6.21761501e-01  3.52840006e-01
  2.00880766e-01  7.49632716e-01  1",0.031,1790240754.231
291,01_similar_variables,get_embedding,strs,,"[ 1.56733060e+00 -1.51628280e+00 -8.38371336e-01  1.36366141e+00
 -2.03495264e+00  1.25534737e+00 -1",0.031,1790240756.887
292,01_similar_variables,get_embedding,active_users,,"[ 6.66945815e-01  1.24117470e+00  1.32549524e+00 -9.89461422e-01
  1.63264179e+00  2.44325832e-01 -8",0.078,1790240762.277
293,01_similar_variables,get_embedding,user,,"[-1.02030838e+00  8.08976114e-01  1.19948363e+00  1.61775172e+00
 -9.40059125e-01  2.87942022e-01 -1",0.062,1790240762.699
294,01_similar_variables,get_embedding,my_list,,"[-8.10258985e-02  6.06872499e-01  1.68397677e+00  8.37526679e-01
  1.02509856e+00 -1.15009248e+00 -6",0.062,1790240763.106
295,01_similar_variables,get_embedding,first,,"[ 9.04044151e-01 -1.17412768e-01  1.20496881e+00 -8.74528348e-01
 -2.06490397e+00 -6.28790736e-01 -1",0.062,1790240763.871
296,01_similar_variables,get_embedding,rest,,"[-8.45995486e-01  8.08735192e-01 -1.32037449e+00  6.23044550e-01
 -3.38203341e-01 -8.79846334e-01 -2",0.078,1790240764.465
297,01_similar_variables,get_embedding,position,,"[-1.33675262e-01 -6.85534954e-01  1.28613460e+00 -1.40972471e+00
 -1.25523794e+00 -6.37454465e-02  9",0.062,1790240765.215
298,01_similar_variables,get_embedding,rgb_color,,"[ 1.67103958e+00 -4.80716139e-01  5.30391097e-01  1.73809552e+00
 -1.36967826e+00  4.30551815e+00 -2",0.078,1790240765.637
299,01_similar_variables,get_embedding,file,,"[ 1.48805141e+00 -1.00323284e+00 -5.63329272e-02  1.10987566e-01
 -6.20818794e-01 -1.73781586e+00 -8",0.062,1790240766.058
300,01_similar_variables,get_embedding,open_test,,"[-1.24912715e+00  2.41030045e-02  1.20283949e+00 -1.22962415e-01
 -6.89373434e-01 -1.35699022e+00 -3",0.062,1790240766.465
301,01_similar_variables,get_embedding,test_array,,"[ 0.2788333  -0.27856746  0.7817917  -0.06542332 -1.302013   -0.986358
 -1.4508216  -0.7532271  -0.1",0.063,1790240766.887
302,01_similar_variables,get_embedding,key_name,,"[ 7.56362081e-01  7.72094905e-01  1.90573812e+00  2.21674514e+00
 -1.97329807e+00  2.33783674e+00 -6",0.078,1790240767.309
303,01_similar_variables,get_embedding,numeric,,"[-4.68805045e-01 -6.32899642e-01  2.05034065e+00  7.91617393e-01
 -1.57066917e+00  1.66545331e+00 -1",0.078,1790240767.731
304,01_similar_variables,get_embedding,word_counts,,"[ 1.31014431e+00 -6.20576799e-01  4.01906729e-01  3.59882146e-01
 -3.40183944e-01  1.26158202e+00 -2",0.063,1790240768.497
305,01_similar_variables,get_embedding,matrix,,"[ 1.30987859e+00 -2.37483096e+00  8.62448037e-01  4.74065781e-01
 -4.78724718e-01  4.28344369e-01 -1",0.062,1790240769.95
306,01_similar_variables,get_embedding,flattened,,"[ 2.59955794e-01 -2.29348564e+00 -7.19391465e-01 -4.39602673e-01
 -5.50084472e-01 -1.02388024e+00  5",0.063,1790240770.387
307,01_similar_variables,get_embedding,my_tuple,,"[ 1.3689775e+00 -1.2463551e+00  1.1842308e+00  2.5163739e+00
 -2.9443806e-01 -7.4840993e-01 -1.22008",0.062,1790240771.512
308,01_similar_variables,get_embedding,my_set,,"[-3.37642103e-01 -1.06300019e-01  2.83754969e+00  9.57962394e-01
 -5.05203009e-01 -3.60099483e+00 -5",0.078,1790240771.934
309,01_similar_variables,get_embedding,combined,,"[ 4.38139379e-01  5.35677493e-01 -1.62725234e+00  1.19505636e-01
  6.71085954e-01 -5.38290858e-01  1",0.062,1790240772.356
310,01_similar_variables,get_embedding,dict_a,,"[ 1.71762947e-02 -1.14873254e+00  1.62005877e+00  2.49974012e+00
 -1.26680255e+00 -1.64844644e+00 -7",0.078,1790240773.137
311,01_similar_variables,get_embedding,dict_b,,"[-1.55798745e+00 -4.06499714e-01  1.06024432e+00  2.11705208e+00
 -1.83594927e-01 -1.54023838e+00 -2",0.062,1790240773.559
312,01_similar_variables,get_embedding,all_values,,"[-2.73588896e+00 -1.32317710e+00 -2.48475358e-01 -5.54454803e-01
 -1.14879167e+00 -2.51960421e+00 -1",0.062,1790240773.996
313,01_similar_variables,get_embedding,all_values_,,"[-2.3400667  -1.4628104   0.18637395 -0.85634166 -0.77755    -1.8232323
 -0.93872374 -0.5318723   0.",0.062,1790240774.418
314,01_similar_variables,get_embedding,target_dir,,"[-1.30007911e+00 -1.39367604e+00  7.01657057e-01 -1.36421311e+00
  4.82206345e-01  1.74280256e-01 -4",0.062,1790240774.856
315,01_similar_variables,get_embedding,txt_files,,"[ 4.33839969e-02 -8.24408174e-01  6.07157826e-01  5.46397924e-01
  7.96310604e-01 -2.13817620e+00 -2",0.062,1790240775.277
316,01_similar_variables,get_embedding,filename,,"[ 1.1661094e+00 -2.1532815e+00 -3.9478454e-01 -3.2346162e-01
 -1.6015166e+00 -4.2337123e-01 -8.77112",0.078,1790240775.715
317,01_similar_variables,get_embedding,full_path,,"[ 1.56199962e-01 -8.18381310e-01  6.62419051e-02 -7.03531086e-01
  7.27390170e-01 -2.24944305e+00  3",0.078,1790240776.153
318,01_similar_variables,get_embedding,setting_key,,"[ 7.06568420e-01 -5.63565135e-01  1.59603250e+00  1.56023335e+00
 -1.58267903e+00  2.09834409e+00 -8",0.062,1790240776.934
319,01_similar_variables,get_embedding,value,,"[ 1.57814231e-02 -1.44221830e+00  5.13998091e-01  4.57879066e-01
 -1.98583376e+00  1.85771930e+00 -3",0.062,1790240777.371
320,01_similar_variables,get_embedding,bad_compile,,"[ 1.33077013e+00  4.83189166e-01  1.46553978e-01  2.85593122e-01
  1.07587409e+00  1.21687865e+00  1",0.078,1790240779.948
321,01_similar_variables,get_embedding,bad_match,,"[-1.4324634e+00  2.2494006e+00 -3.1030908e-01  8.0216920e-01
 -6.8919408e-01  9.1203517e-01 -2.98335",0.078,1790240780.386
322,01_similar_variables,get_embedding,bad_search,,"[-1.68075180e+00  1.33424258e+00 -1.68220210e+00  5.23578942e-01
  1.58779293e-01  1.70795894e+00 -1",0.078,1790240780.823
323,01_similar_variables,get_embedding,bad_fullmatch,,"[-1.21110642e+00  1.35371351e+00 -5.73098361e-01  2.53652453e-01
 -3.30611199e-01 -5.85288227e-01  3",0.078,1790240781.261
324,01_similar_variables,get_embedding,bad_findall,,"[-2.39169669e+00  8.83011639e-01 -1.00487244e+00  1.74158439e-01
 -9.31894004e-01  6.32386953e-02  4",0.078,1790240781.698
325,01_similar_variables,get_embedding,bad_finditer,,"[-1.61101949e+00 -9.25944805e-01 -4.56665158e-02  4.51912880e-01
  1.72079846e-01  2.60555476e-01 -3",0.078,1790240782.136
326,01_similar_variables,get_embedding,bad_split,,"[ 1.37480783e+00  5.62565997e-02 -3.63056868e-01  1.40224910e+00
 -9.64917481e-01  1.54236293e+00  6",0.062,1790240782.573
327,01_similar_variables,get_embedding,bad_sub,,"[-1.20311940e+00  1.22591591e+00  6.89600646e-01  9.51332867e-01
 -2.77059019e-01  1.00542569e+00 -4",0.062,1790240783.011
328,01_similar_variables,get_embedding,function,,"[-5.27682841e-01  2.51222849e-01  7.29871929e-01  6.34921491e-01
 -2.30522704e+00  3.47846031e-01 -1",0.062,1790240783.464
329,01_similar_variables,get_embedding,distance,,"[-5.83679266e-02  2.25916147e-01  4.49939877e-01 -7.56261721e-02
 -2.89042282e+00 -4.38698083e-01 -1",0.078,1790240783.901
330,01_similar_variables,get_embedding,function_result,,"[-1.94514066e-01 -5.71567416e-01  3.45440298e-01  4.42512035e-01
 -1.35804391e+00  1.70232046e+00 -2",0.062,1790240784.339
331,01_similar_variables,get_embedding,test_str,,"[ 1.28137493e+00  6.19933791e-02  5.40333569e-01 -1.76966593e-01
 -9.34516251e-01  1.33578718e+00 -5",0.062,1790240784.776
332,01_similar_variables,get_embedding,dict,,"[-4.12806183e-01 -1.78317821e+00  4.05626535e-01  2.11078238e+00
 -2.29211879e+00 -7.28687942e-01 -3",0.063,1790240785.589
333,01_similar_variables,get_embedding,balance,,"[ 2.01463985e+00 -1.28384292e+00 -1.02056110e+00  2.74020340e-02
 -1.22434580e+00 -1.07919884e+00 -2",0.062,1790240786.026
334,01_similar_variables,get_embedding,db_response,,"[ 7.20296383e-01  4.34690237e-01 -2.30571508e+00  5.00134468e-01
  4.12263572e-01  1.78158015e-01 -1",0.062,1790240786.479
335,01_similar_variables,get_embedding,item_name,,"[-4.79302227e-01 -2.03320956e+00  8.32803696e-02 -5.44104040e-01
 -1.04303300e+00  1.90414906e+00 -1",0.062,1790240787.292
336,01_similar_variables,get_embedding,price,,"[ 1.81186065e-01 -1.21686447e+00  1.31807768e+00  1.06453383e+00
 -3.91142535e+00  2.36719704e+00 -9",0.062,1790240787.745
337,01_similar_variables,get_embedding,quantity,,"[ 1.09555006e-01 -8.15398514e-01  1.66000807e+00  1.58108807e+00
 -1.65765941e+00  2.23217392e+00 -9",0.078,1790240788.182
338,01_similar_variables,get_embedding,address,,"[ 1.08510113e+00  5.92522323e-02  1.31472409e+00 -7.21320152e-01
 -1.69199419e+00  7.35552013e-01 -2",0.062,1790240788.635
339,01_similar_variables,get_embedding,my_pc,,"[ 1.26693308e-01  2.63679117e-01  4.00809431e+00  3.28622639e-01
  1.84334874e+00  2.06122899e+00 -1",0.063,1790240789.073
340,01_similar_variables,get_embedding,phone,,"[-3.02300602e-01  1.80093372e+00  2.61142761e-01 -7.75698125e-01
 -1.77006876e+00  3.16106105e+00 -8",0.063,1790240789.526
341,01_similar_variables,get_embedding,base_price,,"[ 2.1826005e-01 -5.0664264e-01  1.2608223e+00  1.1651598e+00
 -3.5178814e+00  3.0045352e+00 -6.51261",0.063,1790240790.338
342,01_similar_variables,get_embedding,shipping_fee,,"[ 8.74002934e-01  3.69192250e-02  1.13311636e+00  1.22376096e+00
 -1.93563271e+00  1.85045719e+00 -3",0.078,1790240790.792
343,01_similar_variables,get_embedding,total,,"[ 2.02757325e-02  1.75397277e-01  8.99350107e-01  3.08118910e-01
 -2.19701624e+00 -1.68171719e-01 -1",0.062,1790240791.62
344,01_similar_variables,get_embedding,shipping,,"[-4.06525910e-01 -9.37218785e-01 -1.26219034e+00  1.01965451e+00
 -1.08098590e+00 -2.94072688e-01 -1",0.062,1790240792.073
345,01_names,get_prob,PRESERVED_WORDS,,0.19737802,0.031,1790240794.698
346,01_names,get_prob,PRESERVED_WORDS,,0.19737802,0.031,1790240794.744
347,01_names,get_prob,QUOTES,,-0.15095682,0.031,1790240794.776
348,01_names,get_prob,QUOTES,,-0.15095682,0.047,1790240794.823
349,01_names,get_prob,TWO_DOUBLE_QUOTES,,0.15286528,0.031,1790240794.854
350,01_names,get_prob,TWO_DOUBLE_QUOTES,,0.15286528,0.031,1790240794.885
351,01_names,get_prob,QUOTES_BOUND,,-0.09378901,0.031,1790240794.932
352,01_names,get_prob,QUOTES_BOUND,,-0.09378901,0.031,1790240794.963
353,01_names,get_prob,ANY_CONST_OR_VAR,,-0.23365796,0.031,1790240794.994
354,01_names,get_prob,ANY_CONST_OR_VAR,,-0.23365796,0.031,1790240795.041
355,01_names,get_prob,result,,0.6176761,0.031,1790240795.073
356,01_names,get_prob,result,,0.6176761,0.047,1790240795.119
357,01_names,get_prob,result,,0.6176761,0.031,1790240795.151
358,01_names,get_prob,result,,0.6176761,0.031,1790240795.182
359,01_names,get_prob,result,,0.6176761,0.031,1790240795.229
360,01_names,get_prob,result,,0.6176761,0.031,1790240795.26
361,01_names,get_prob,result,,0.6176761,0.031,1790240795.291
362,01_names,get_prob,result,,0.6176761,0.031,1790240795.338
363,01_names,get_prob,result,,0.6176761,0.031,1790240795.369
364,01_names,get_prob,result,,0.6176761,0.047,1790240795.416
365,01_names,get_prob,result,,0.6176761,0.031,1790240795.448
366,01_names,get_prob,result,,0.6176761,0.031,1790240795.479
367,01_names,get_prob,result,,0.6176761,0.031,1790240795.526
368,01_names,get_prob,result,,0.6176761,0.031,1790240795.557
369,01_names,get_prob,result,,0.6176761,0.047,1790240795.604
370,01_names,get_prob,result,,0.6176761,0.031,1790240795.635
371,01_names,get_prob,result,,0.6176761,0.031,1790240795.666
372,01_names,get_prob,result,,0.6176761,0.031,1790240795.713
373,01_names,get_prob,final_review,,0.26533243,0.031,1790240795.744
374,01_names,get_prob,final_review,,0.26533243,0.047,1790240795.791
375,01_names,get_prob,py_file_path,,0.06998543,0.031,1790240795.823
376,01_names,get_prob,py_file_path,,0.06998543,0.031,1790240795.854
377,01_names,get_prob,human_friendly_review,,-0.08869543,0.031,1790240795.901
378,01_names,get_prob,human_friendly_review,,-0.08869543,0.031,1790240795.932
379,01_names,get_prob,info_key,,0.038879536,0.031,1790240795.963
380,01_names,get_prob,info_key,,0.038879536,0.031,1790240796.01
381,01_names,get_prob,human_friendly_info_key,,-0.14384632,0.031,1790240796.041
382,01_names,get_prob,human_friendly_info_key,,-0.14384632,0.031,1790240796.088
383,01_names,get_prob,result,,0.6176761,0.031,1790240796.119
384,01_names,get_prob,result,,0.6176761,0.047,1790240796.166
385,01_names,get_prob,item,,-0.04368698,0.031,1790240796.198
386,01_names,get_prob,item,,-0.04368698,0.031,1790240796.229
387,01_names,get_prob,human_friendly_review,,-0.08869543,0.031,1790240796.276
388,01_names,get_prob,human_friendly_review,,-0.08869543,0.031,1790240796.307
389,01_names,get_prob,final_review,,0.26533243,0.031,1790240796.338
390,01_names,get_prob,final_review,,0.26533243,0.031,1790240796.385
391,01_names,get_prob,replaced_newline_str,,-0.6300983,0.031,1790240796.416
392,01_names,get_prob,replaced_newline_str,,-0.6300983,0.031,1790240796.463
393,01_names,get_prob,readline,,-0.045960985,0.031,1790240796.494
394,01_names,get_prob,readline,,-0.045960985,0.031,1790240796.526
395,01_names,get_prob,token,,-0.07009042,0.031,1790240796.572
396,01_names,get_prob,token,,-0.07009042,0.031,1790240796.604
397,01_names,get_prob,lines,,-0.12254765,0.047,1790240796.651
398,01_names,get_prob,lines,,-0.12254765,0.031,1790240796.682
399,01_names,get_prob,lines,,-0.12254765,0.031,1790240796.713
400,01_names,get_prob,lines,,-0.12254765,0.031,1790240796.76
401,01_names,get_prob,i,,-0.2757378,0.031,1790240796.791
402,01_names,get_prob,i,,-0.2757378,0.047,1790240796.838
403,01_names,get_prob,line,,-0.20266621,0.031,1790240796.869
404,01_names,get_prob,line,,-0.20266621,0.031,1790240796.901
405,01_names,get_prob,pattern,,-0.017360708,0.031,1790240796.947
406,01_names,get_prob,pattern,,-0.017360708,0.031,1790240796.979
407,01_names,get_prob,matched_lines,,-0.429675,0.047,1790240797.026
408,01_names,get_prob,matched_lines,,-0.429675,0.031,1790240797.057
409,01_names,get_prob,line,,-0.20266621,0.031,1790240797.088
410,01_names,get_prob,line,,-0.20266621,0.031,1790240797.135
411,01_names,get_prob,matched_lines,,-0.429675,0.031,1790240797.166
412,01_names,get_prob,matched_lines,,-0.429675,0.031,1790240797.197
413,01_names,get_prob,line,,-0.20266621,0.031,1790240797.244
414,01_names,get_prob,line,,-0.20266621,0.031,1790240797.276
415,01_names,get_prob,matched_lines,,-0.429675,0.031,1790240797.322
416,01_names,get_prob,matched_lines,,-0.429675,0.031,1790240797.354
417,01_names,get_prob,line,,-0.20266621,0.031,1790240797.401
418,01_names,get_prob,line,,-0.20266621,0.031,1790240797.432
419,01_names,get_prob,tokens,,0.07732994,0.031,1790240797.463
420,01_names,get_prob,tokens,,0.07732994,0.031,1790240797.51
421,01_names,get_prob,dist,,0.29383737,0.031,1790240797.541
422,01_names,get_prob,dist,,0.29383737,0.031,1790240797.572
423,01_names,get_prob,py_file_path,,0.06998543,0.031,1790240797.619
424,01_names,get_prob,py_file_path,,0.06998543,0.031,1790240797.651
425,01_names,get_prob,py_code,,0.10835802,0.031,1790240797.697
426,01_names,get_prob,py_code,,0.10835802,0.031,1790240797.729
427,01_names,get_prob,py_file_path,,0.06998543,0.031,1790240797.76
428,01_names,get_prob,py_file_path,,0.06998543,0.031,1790240797.807
429,01_names,get_prob,parsed_py_code,,0.08607463,0.031,1790240797.838
430,01_names,get_prob,parsed_py_code,,0.08607463,0.031,1790240797.885
431,01_names,get_prob,max_line_no,,-0.45051774,0.031,1790240797.916
432,01_names,get_prob,max_line_no,,-0.45051774,0.047,1790240797.963
433,01_names,get_prob,function_name_by_line,,-0.4968553,0.031,1790240797.994
434,01_names,get_prob,function_name_by_line,,-0.4968553,0.031,1790240798.026
435,01_names,get_prob,_,,0.33808908,0.031,1790240798.072
436,01_names,get_prob,_,,0.33808908,0.031,1790240798.104
437,01_names,get_prob,item,,-0.04368698,0.047,1790240798.151
438,01_names,get_prob,item,,-0.04368698,0.031,1790240798.182
439,01_names,get_prob,start_line_no,,-0.3261131,0.031,1790240798.213
440,01_names,get_prob,start_line_no,,-0.3261131,0.031,1790240798.26
441,01_names,get_prob,end_line_no,,-0.24436301,0.031,1790240798.291
442,01_names,get_prob,end_line_no,,-0.24436301,0.031,1790240798.338
443,01_names,get_prob,i,,-0.2757378,0.031,1790240798.369
444,01_names,get_prob,i,,-0.2757378,0.047,1790240798.416
445,01_names,get_prob,py_file_path,,0.06998543,0.031,1790240798.447
446,01_names,get_prob,py_file_path,,0.06998543,0.031,1790240798.479
447,01_names,get_prob,parsed_py_code,,0.08607463,0.031,1790240798.526
448,01_names,get_prob,parsed_py_code,,0.08607463,0.031,1790240798.557
449,01_names,get_prob,py_file_path_,,0.19542311,0.047,1790240798.604
450,01_names,get_prob,py_file_path_,,0.19542311,0.031,1790240798.635
451,01_names,get_prob,max_line_no,,-0.45051774,0.031,1790240798.666
452,01_names,get_prob,max_line_no,,-0.45051774,0.031,1790240798.713
453,01_names,get_prob,function_name_by_line,,-0.4968553,0.031,1790240798.744
454,01_names,get_prob,function_name_by_line,,-0.4968553,0.031,1790240798.791
455,01_names,get_prob,_,,0.33808908,0.031,1790240798.822
456,01_names,get_prob,_,,0.33808908,0.047,1790240798.869
457,01_names,get_prob,py_file_path,,0.06998543,0.031,1790240798.9
458,01_names,get_prob,py_file_path,,0.06998543,0.031,1790240798.932
459,01_names,get_prob,parsed_py_code,,0.08607463,0.031,1790240798.979
460,01_names,get_prob,parsed_py_code,,0.08607463,0.031,1790240799.01
461,01_names,get_prob,max_line_no,,-0.45051774,0.047,1790240799.057
462,01_names,get_prob,max_line_no,,-0.45051774,0.031,1790240799.088
463,01_names,get_prob,class_name_by_line,,-0.60855645,0.031,1790240799.119
464,01_names,get_prob,class_name_by_line,,-0.60855645,0.031,1790240799.166
465,01_names,get_prob,_,,0.33808908,0.031,1790240799.197
466,01_names,get_prob,_,,0.33808908,0.031,1790240799.244
467,01_names,get_prob,item,,-0.04368698,0.031,1790240799.275
468,01_names,get_prob,item,,-0.04368698,0.047,1790240799.322
469,01_names,get_prob,start_line_no,,-0.3261131,0.031,1790240799.354
470,01_names,get_prob,start_line_no,,-0.3261131,0.031,1790240799.385
471,01_names,get_prob,end_line_no,,-0.24436301,0.031,1790240799.432
472,01_names,get_prob,end_line_no,,-0.24436301,0.031,1790240799.463
473,01_names,get_prob,i,,-0.2757378,0.026,1790240799.504
474,01_names,get_prob,i,,-0.2757378,0.031,1790240799.536
475,01_names,get_prob,py_file_path,,0.06998543,0.031,1790240799.583
476,01_names,get_prob,py_file_path,,0.06998543,0.031,1790240799.614
477,01_names,get_prob,parsed_py_code,,0.08607463,0.031,1790240799.661
478,01_names,get_prob,parsed_py_code,,0.08607463,0.031,1790240799.692
479,01_names,get_prob,py_file_path_,,0.19542311,0.047,1790240799.739
480,01_names,get_prob,py_file_path_,,0.19542311,0.031,1790240799.77
481,01_names,get_prob,max_line_no,,-0.45051774,0.031,1790240799.801
482,01_names,get_prob,max_line_no,,-0.45051774,0.031,1790240799.848
483,01_names,get_prob,class_name_by_line,,-0.60855645,0.031,1790240799.879
484,01_names,get_prob,class_name_by_line,,-0.60855645,0.047,1790240799.926
485,01_names,get_prob,_,,0.33808908,0.031,1790240799.958
486,01_names,get_prob,_,,0.33808908,0.031,1790240799.989
487,01_names,get_prob,defined_info,,0.04186844,0.031,1790240800.036
488,01_names,get_prob,defined_info,,0.04186844,0.031,1790240800.067
489,01_names,get_prob,used_info,,-0.0076005664,0.031,1790240800.114
490,01_names,get_prob,used_info,,-0.0076005664,0.031,1790240800.145
491,01_names,get_prob,item,,-0.04368698,0.031,1790240800.176
492,01_names,get_prob,item,,-0.04368698,0.031,1790240800.223
493,01_names,get_prob,line_no,,-0.04406003,0.031,1790240800.254
494,01_names,get_prob,line_no,,-0.04406003,0.031,1790240800.301
495,01_names,get_prob,func_name,,-0.44983828,0.031,1790240800.333
496,01_names,get_prob,func_name,,-0.44983828,0.031,1790240800.379
497,01_names,get_prob,func_name_for_func_def,,-0.27653834,0.031,1790240800.411
498,01_names,get_prob,func_name_for_func_def,,-0.27653834,0.047,1790240800.458
499,01_names,get_prob,info_key,,0.038879536,0.031,1790240800.489
500,01_names,get_prob,info_key,,0.038879536,0.031,1790240800.52
501,01_names,get_prob,info_key_for_func_def,,-0.09079549,0.031,1790240800.567
502,01_names,get_prob,info_key_for_func_def,,-0.09079549,0.031,1790240800.598
503,01_names,get_prob,import_infos,,-0.021117082,0.031,1790240800.645
504,01_names,get_prob,import_infos,,-0.021117082,0.031,1790240800.676
505,01_names,get_prob,info,,0.8702895,0.047,1790240800.723
506,01_names,get_prob,info,,0.8702895,0.031,1790240800.754
507,01_names,get_prob,import_infos_with_type,,-0.16108118,0.047,1790240800.801
508,01_names,get_prob,import_infos_with_type,,-0.16108118,0.031,1790240800.833
509,01_names,get_prob,info,,0.8702895,0.031,1790240800.864
510,01_names,get_prob,info,,0.8702895,0.031,1790240800.911
511,01_names,get_prob,info,,0.8702895,0.031,1790240800.942
512,01_names,get_prob,info,,0.8702895,0.031,1790240800.989
513,01_names,get_prob,name,,-0.22315958,0.031,1790240801.02
514,01_names,get_prob,name,,-0.22315958,0.047,1790240801.067
515,01_names,get_prob,arg_names,,-0.34083304,0.031,1790240801.098
516,01_names,get_prob,arg_names,,-0.34083304,0.031,1790240801.129
517,01_names,get_prob,arg_names_with_type,,-0.519762,0.031,1790240801.176
518,01_names,get_prob,arg_names_with_type,,-0.519762,0.031,1790240801.208
519,01_names,get_prob,arg_name,,-0.51668566,0.031,1790240801.254
520,01_names,get_prob,arg_name,,-0.51668566,0.031,1790240801.286
521,01_names,get_prob,constant_info,,-0.13845839,0.031,1790240801.332
522,01_names,get_prob,constant_info,,-0.13845839,0.031,1790240801.364
523,01_names,get_prob,item,,-0.04368698,0.047,1790240801.411
524,01_names,get_prob,item,,-0.04368698,0.031,1790240801.442
525,01_names,get_prob,line_no,,-0.04406003,0.031,1790240801.473
526,01_names,get_prob,line_no,,-0.04406003,0.031,1790240801.52
527,01_names,get_prob,func_name,,-0.44983828,0.031,1790240801.551
528,01_names,get_prob,func_name,,-0.44983828,0.031,1790240801.598
529,01_names,get_prob,info_key,,0.038879536,0.031,1790240801.629
530,01_names,get_prob,info_key,,0.038879536,0.047,1790240801.676
531,01_names,get_prob,constant_with_type,,-0.36183017,0.031,1790240801.707
532,01_names,get_prob,constant_with_type,,-0.36183017,0.031,1790240801.739
533,01_names,get_prob,function_bodies_info,,0.23791914,0.031,1790240801.786
534,01_names,get_prob,function_bodies_info,,0.23791914,0.031,1790240801.817
535,01_names,get_prob,py_file_path,,0.06998543,0.031,1790240801.864
536,01_names,get_prob,py_file_path,,0.06998543,0.031,1790240801.895
537,01_names,get_prob,parsed_py_code,,0.08607463,0.047,1790240801.942
538,01_names,get_prob,parsed_py_code,,0.08607463,0.031,1790240801.973
539,01_names,get_prob,item,,-0.04368698,0.031,1790240802.004
540,01_names,get_prob,item,,-0.04368698,0.031,1790240802.051
541,01_names,get_prob,function_name,,-0.23061107,0.031,1790240802.082
542,01_names,get_prob,function_name,,-0.23061107,0.031,1790240802.129
543,01_names,get_prob,function_body,,0.24439122,0.031,1790240802.161
544,01_names,get_prob,function_body,,0.24439122,0.031,1790240802.207
545,01_names,get_prob,start_line_no,,-0.3261131,0.031,1790240802.239
546,01_names,get_prob,start_line_no,,-0.3261131,0.047,1790240802.286
547,01_names,get_prob,py_file_path,,0.06998543,0.031,1790240802.317
548,01_names,get_prob,py_file_path,,0.06998543,0.031,1790240802.348
549,01_names,get_prob,py_code,,0.10835802,0.031,1790240802.395
550,01_names,get_prob,py_code,,0.10835802,0.031,1790240802.426
551,01_names,get_prob,lines,,-0.12254765,0.031,1790240802.473
552,01_names,get_prob,lines,,-0.12254765,0.031,1790240802.504
553,01_names,get_prob,line,,-0.20266621,0.031,1790240802.551
554,01_names,get_prob,line,,-0.20266621,0.031,1790240802.582
555,01_names,get_prob,lines,,-0.12254765,0.047,1790240802.629
556,01_names,get_prob,lines,,-0.12254765,0.031,1790240802.661
557,01_names,get_prob,line,,-0.20266621,0.031,1790240802.692
558,01_names,get_prob,line,,-0.20266621,0.031,1790240802.739
559,01_names,get_prob,line_idx,,-0.37433207,0.031,1790240802.77
560,01_names,get_prob,line_idx,,-0.37433207,0.031,1790240802.817
561,01_names,get_prob,line_no,,-0.04406003,0.031,1790240802.848
562,01_names,get_prob,line_no,,-0.04406003,0.031,1790240802.895
563,01_names,get_prob,lines_to_search,,-0.00024226867,0.031,1790240802.926
564,01_names,get_prob,lines_to_search,,-0.00024226867,0.047,1790240802.973
565,01_names,get_prob,matched,,0.024825925,0.031,1790240803.004
566,01_names,get_prob,matched,,0.024825925,0.031,1790240803.036
567,01_names,get_prob,matched_text,,-0.37366578,0.031,1790240803.082
568,01_names,get_prob,matched_text,,-0.37366578,0.031,1790240803.114
569,01_names,get_prob,matched_groups,,-0.010809204,0.031,1790240803.161
570,01_names,get_prob,matched_groups,,-0.010809204,0.031,1790240803.192
571,01_names,get_prob,func_name,,-0.44983828,0.031,1790240803.239
572,01_names,get_prob,func_name,,-0.44983828,0.031,1790240803.27
573,01_names,get_prob,lines_to_show,,-0.10360091,0.031,1790240803.317
574,01_names,get_prob,lines_to_show,,-0.10360091,0.031,1790240803.348
575,01_names,get_prob,lines_to_show,,-0.10360091,0.047,1790240803.395
576,01_names,get_prob,lines_to_show,,-0.10360091,0.031,1790240803.426
577,01_names,get_prob,is_matched,,-0.04434853,0.031,1790240803.457
578,01_names,get_prob,is_matched,,-0.04434853,0.031,1790240803.504
579,01_names,get_prob,is_file_line_matched,,-0.24035604,0.031,1790240803.535
580,01_names,get_prob,is_file_line_matched,,-0.24035604,0.031,1790240803.582
581,01_names,get_prob,line_idx,,-0.37433207,0.031,1790240803.614
582,01_names,get_prob,line_idx,,-0.37433207,0.031,1790240803.66
583,01_names,get_prob,line_idx,,-0.37433207,0.031,1790240803.692
584,01_names,get_prob,line_idx,,-0.37433207,0.031,1790240803.739
585,01_names,get_prob,line_idx,,-0.37433207,0.031,1790240803.77
586,01_names,get_prob,line_idx,,-0.37433207,0.047,1790240803.817
587,01_names,get_prob,py_file_path,,0.06998543,0.031,1790240803.848
588,01_names,get_prob,py_file_path,,0.06998543,0.031,1790240803.879
589,01_names,get_prob,py_code,,0.10835802,0.031,1790240803.926
590,01_names,get_prob,py_code,,0.10835802,0.031,1790240803.957
591,01_names,get_prob,final_result_dict,,-0.02526722,0.031,1790240804.004
592,01_names,get_prob,final_result_dict,,-0.02526722,0.031,1790240804.035
593,01_names,get_prob,str_pattern_1,,-0.20546444,0.031,1790240804.082
594,01_names,get_prob,str_pattern_1,,-0.20546444,0.031,1790240804.114
595,01_names,get_prob,str_pattern_2,,-0.15564163,0.031,1790240804.16
596,01_names,get_prob,str_pattern_2,,-0.15564163,0.031,1790240804.192
597,01_names,get_prob,regex,,-0.46946874,0.047,1790240804.239
598,01_names,get_prob,regex,,-0.46946874,0.031,1790240804.27
599,01_names,get_prob,info,,0.8702895,0.031,1790240804.301
600,01_names,get_prob,info,,0.8702895,0.031,1790240804.348
601,01_names,get_prob,info,,0.8702895,0.031,1790240804.379
602,01_names,get_prob,info,,0.8702895,0.031,1790240804.426
603,01_names,get_prob,func_name,,-0.44983828,0.031,1790240804.457
604,01_names,get_prob,func_name,,-0.44983828,0.031,1790240804.504
605,01_names,get_prob,py_file_path,,0.06998543,0.031,1790240804.535
606,01_names,get_prob,py_file_path,,0.06998543,0.031,1790240804.582
607,01_names,get_prob,py_code,,0.10835802,0.031,1790240804.614
608,01_names,get_prob,py_code,,0.10835802,0.031,1790240804.66
609,01_names,get_prob,lines,,-0.12254765,0.031,1790240804.692
610,01_names,get_prob,lines,,-0.12254765,0.031,1790240804.739
611,01_names,get_prob,last_if_elif_line_idx,,-0.12732482,0.031,1790240804.77
612,01_names,get_prob,last_if_elif_line_idx,,-0.12732482,0.047,1790240804.817
613,01_names,get_prob,current_if_elifs,,0.122854955,0.031,1790240804.848
614,01_names,get_prob,current_if_elifs,,0.122854955,0.047,1790240804.895
615,01_names,get_prob,line_idx,,-0.37433207,0.031,1790240804.926
616,01_names,get_prob,line_idx,,-0.37433207,0.031,1790240804.957
617,01_names,get_prob,line,,-0.20266621,0.031,1790240805.004
618,01_names,get_prob,line,,-0.20266621,0.031,1790240805.035
619,01_names,get_prob,line_no,,-0.04406003,0.031,1790240805.082
620,01_names,get_prob,line_no,,-0.04406003,0.031,1790240805.114
621,01_names,get_prob,matched,,0.024825925,0.031,1790240805.16
622,01_names,get_prob,matched,,0.024825925,0.031,1790240805.192
623,01_names,get_prob,matched_groups,,-0.010809204,0.031,1790240805.239
624,01_names,get_prob,matched_groups,,-0.010809204,0.031,1790240805.27
625,01_names,get_prob,keyword,,-0.15359114,0.031,1790240805.317
626,01_names,get_prob,keyword,,-0.15359114,0.031,1790240805.348
627,01_names,get_prob,var_name,,-0.049169265,0.047,1790240805.395
628,01_names,get_prob,var_name,,-0.049169265,0.031,1790240805.426
629,01_names,get_prob,last_if_elif_line_idx,,-0.12732482,0.047,1790240805.473
630,01_names,get_prob,last_if_elif_line_idx,,-0.12732482,0.031,1790240805.504
631,01_names,get_prob,py_file_path,,0.06998543,0.031,1790240805.535
632,01_names,get_prob,py_file_path,,0.06998543,0.031,1790240805.582
633,01_names,get_prob,file_name_format,,-0.21843897,0.031,1790240805.613
634,01_names,get_prob,file_name_format,,-0.21843897,0.031,1790240805.66
635,01_names,get_prob,item,,-0.04368698,0.031,1790240805.692
636,01_names,get_prob,item,,-0.04368698,0.031,1790240805.738
637,01_names,get_prob,py_file_path,,0.06998543,0.031,1790240805.77
638,01_names,get_prob,py_file_path,,0.06998543,0.031,1790240805.817
639,01_names,get_prob,import_info,,-0.098137446,0.031,1790240805.848
640,01_names,get_prob,import_info,,-0.098137446,0.031,1790240805.895
641,01_names,get_prob,info,,0.8702895,0.031,1790240805.926
642,01_names,get_prob,info,,0.8702895,0.047,1790240805.973
643,01_names,get_prob,body_1_lines,,-0.16122757,0.031,1790240806.004
644,01_names,get_prob,body_1_lines,,-0.16122757,0.047,1790240806.051
645,01_names,get_prob,line,,-0.20266621,0.031,1790240806.082
646,01_names,get_prob,line,,-0.20266621,0.047,1790240806.129
647,01_names,get_prob,body_2_lines,,-0.007236665,0.031,1790240806.16
648,01_names,get_prob,body_2_lines,,-0.007236665,0.047,1790240806.207
649,01_names,get_prob,line,,-0.20266621,0.031,1790240806.239
650,01_names,get_prob,line,,-0.20266621,0.031,1790240806.27
651,01_names,get_prob,seq_matcher,,-0.3330228,0.031,1790240806.317
652,01_names,get_prob,seq_matcher,,-0.3330228,0.031,1790240806.348
653,01_names,get_prob,lcs,,0.22600517,0.031,1790240806.395
654,01_names,get_prob,lcs,,0.22600517,0.031,1790240806.426
655,01_names,get_prob,cond_lcs_1,,0.041649498,0.031,1790240806.473
656,01_names,get_prob,cond_lcs_1,,0.041649498,0.031,1790240806.504
657,01_names,get_prob,cond_lcs_2,,0.09515003,0.031,1790240806.551
658,01_names,get_prob,cond_lcs_2,,0.09515003,0.031,1790240806.582
659,01_names,get_prob,cond_lcs_3,,-0.021751603,0.031,1790240806.629
660,01_names,get_prob,cond_lcs_3,,-0.021751603,0.031,1790240806.66
661,01_names,get_prob,final_result_dict,,-0.02526722,0.031,1790240806.707
662,01_names,get_prob,final_result_dict,,-0.02526722,0.031,1790240806.738
663,01_names,get_prob,imported_dict,,-0.25542742,0.031,1790240806.785
664,01_names,get_prob,imported_dict,,-0.25542742,0.031,1790240806.817
665,01_names,get_prob,py_file_path,,0.06998543,0.031,1790240806.863
666,01_names,get_prob,py_file_path,,0.06998543,0.031,1790240806.895
667,01_names,get_prob,parsed_py_code,,0.08607463,0.047,1790240806.942
668,01_names,get_prob,parsed_py_code,,0.08607463,0.031,1790240806.973
669,01_names,get_prob,defined_info,,0.04186844,0.047,1790240807.02
670,01_names,get_prob,defined_info,,0.04186844,0.031,1790240807.051
671,01_names,get_prob,used_info,,-0.0076005664,0.047,1790240807.098
672,01_names,get_prob,used_info,,-0.0076005664,0.031,1790240807.129
673,01_names,get_prob,all_unused_list,,-0.03934952,0.031,1790240807.16
674,01_names,get_prob,all_unused_list,,-0.03934952,0.031,1790240807.207
675,01_names,get_prob,k,,0.33553678,0.031,1790240807.238
676,01_names,get_prob,k,,0.33553678,0.031,1790240807.285
677,01_names,get_prob,defined_info_list,,-0.11143864,0.031,1790240807.317
678,01_names,get_prob,defined_info_list,,-0.11143864,0.031,1790240807.363
679,01_names,get_prob,used_names,,-0.119487666,0.031,1790240807.395
680,01_names,get_prob,used_names,,-0.119487666,0.031,1790240807.442
681,01_names,get_prob,defined_names,,-0.10512837,0.031,1790240807.473
682,01_names,get_prob,defined_names,,-0.10512837,0.031,1790240807.52
683,01_names,get_prob,item,,-0.04368698,0.031,1790240807.551
684,01_names,get_prob,item,,-0.04368698,0.031,1790240807.598
685,01_names,get_prob,defined_set,,0.5901976,0.031,1790240807.629
686,01_names,get_prob,defined_set,,0.5901976,0.031,1790240807.676
687,01_names,get_prob,used_set,,0.5103769,0.031,1790240807.707
688,01_names,get_prob,used_set,,0.5103769,0.031,1790240807.754
689,01_names,get_prob,unused_set,,0.65483314,0.031,1790240807.785
690,01_names,get_prob,unused_set,,0.65483314,0.031,1790240807.832
691,01_names,get_prob,unused_list,,0.009348581,0.031,1790240807.863
692,01_names,get_prob,unused_list,,0.009348581,0.031,1790240807.91
693,01_names,get_prob,item,,-0.04368698,0.031,1790240807.941
694,01_names,get_prob,item,,-0.04368698,0.031,1790240807.988
695,01_names,get_prob,text_embedding_model,,-0.14634466,0.031,1790240808.02
696,01_names,get_prob,text_embedding_model,,-0.14634466,0.031,1790240808.067
697,01_names,get_prob,final_result_dict,,-0.02526722,0.031,1790240808.098
698,01_names,get_prob,final_result_dict,,-0.02526722,0.047,1790240808.145
699,01_names,get_prob,re_logger,,-0.068080924,0.031,1790240808.176
700,01_names,get_prob,re_logger,,-0.068080924,0.031,1790240808.223
701,01_names,get_prob,re_print,,-0.17763491,0.031,1790240808.254
702,01_names,get_prob,re_print,,-0.17763491,0.031,1790240808.301
703,01_names,get_prob,py_file_path,,0.06998543,0.031,1790240808.332
704,01_names,get_prob,py_file_path,,0.06998543,0.031,1790240808.379
705,01_names,get_prob,py_code,,0.10835802,0.031,1790240808.426
706,01_names,get_prob,py_code,,0.10835802,0.031,1790240808.457
707,01_names,get_prob,py_code_lines,,-0.2568982,0.031,1790240808.504
708,01_names,get_prob,py_code_lines,,-0.2568982,0.031,1790240808.535
709,01_names,get_prob,logger_loggings,,-0.69679916,0.031,1790240808.582
710,01_names,get_prob,logger_loggings,,-0.69679916,0.031,1790240808.613
711,01_names,get_prob,line_no,,-0.04406003,0.031,1790240808.66
712,01_names,get_prob,line_no,,-0.04406003,0.031,1790240808.691
713,01_names,get_prob,line,,-0.20266621,0.031,1790240808.738
714,01_names,get_prob,line,,-0.20266621,0.031,1790240808.77
715,01_names,get_prob,prints,,0.09383453,0.031,1790240808.816
716,01_names,get_prob,prints,,0.09383453,0.031,1790240808.848
717,01_names,get_prob,line_no,,-0.04406003,0.031,1790240808.895
718,01_names,get_prob,line_no,,-0.04406003,0.031,1790240808.926
719,01_names,get_prob,line,,-0.20266621,0.031,1790240808.973
720,01_names,get_prob,line,,-0.20266621,0.031,1790240809.004
721,01_names,get_prob,print_types,,-0.032909848,0.047,1790240809.051
722,01_names,get_prob,print_types,,-0.032909848,0.031,1790240809.082
723,01_names,get_prob,print_collection,,-0.06363355,0.047,1790240809.129
724,01_names,get_prob,print_collection,,-0.06363355,0.031,1790240809.16
725,01_names,get_prob,print_type,,-0.032076992,0.031,1790240809.207
726,01_names,get_prob,print_type,,-0.032076992,0.031,1790240809.238
727,01_names,get_prob,line_no,,-0.04406003,0.047,1790240809.285
728,01_names,get_prob,line_no,,-0.04406003,0.031,1790240809.316
729,01_names,get_prob,line,,-0.20266621,0.047,1790240809.363
730,01_names,get_prob,line,,-0.20266621,0.031,1790240809.395
731,01_names,get_prob,func_name,,-0.44983828,0.047,1790240809.441
732,01_names,get_prob,func_name,,-0.44983828,0.031,1790240809.473
733,01_names,get_prob,final_result_dict,,-0.02526722,0.047,1790240809.52
734,01_names,get_prob,final_result_dict,,-0.02526722,0.031,1790240809.551
735,01_names,get_prob,defined_constant_names,,-0.6321077,0.047,1790240809.598
736,01_names,get_prob,defined_constant_names,,-0.6321077,0.031,1790240809.629
737,01_names,get_prob,repeated_long_strs,,-0.2299406,0.038,1790240809.667
738,01_names,get_prob,repeated_long_strs,,-0.2299406,0.031,1790240809.714
739,01_names,get_prob,simplified_function_body_list,,-0.24574594,0.031,1790240809.746
740,01_names,get_prob,simplified_function_body_list,,-0.24574594,0.031,1790240809.792
741,01_names,get_prob,py_file_path,,0.06998543,0.031,1790240809.824
742,01_names,get_prob,py_file_path,,0.06998543,0.031,1790240809.871
743,01_names,get_prob,parsed_py_code,,0.08607463,0.031,1790240809.902
744,01_names,get_prob,parsed_py_code,,0.08607463,0.031,1790240809.949
745,01_names,get_prob,defined_info,,0.04186844,0.031,1790240809.98
746,01_names,get_prob,defined_info,,0.04186844,0.031,1790240810.027
747,01_names,get_prob,used_info,,-0.0076005664,0.031,1790240810.058
748,01_names,get_prob,used_info,,-0.0076005664,0.031,1790240810.105
749,01_names,get_prob,constant_value_info,,-0.25797987,0.031,1790240810.136
750,01_names,get_prob,constant_value_info,,-0.25797987,0.031,1790240810.183
751,01_names,get_prob,defind_constants_info,,-0.0122618135,0.031,1790240810.214
752,01_names,get_prob,defind_constants_info,,-0.0122618135,0.031,1790240810.261
753,01_names,get_prob,info,,0.8702895,0.031,1790240810.292
754,01_names,get_prob,info,,0.8702895,0.031,1790240810.339
755,01_names,get_prob,func,,0.2898531,0.031,1790240810.371
756,01_names,get_prob,func,,0.2898531,0.031,1790240810.417
757,01_names,get_prob,info_list,,0.04111287,0.031,1790240810.449
758,01_names,get_prob,info_list,,0.04111287,0.031,1790240810.495
759,01_names,get_prob,long_constant_value_info,,-0.42091957,0.031,1790240810.527
760,01_names,get_prob,long_constant_value_info,,-0.42091957,0.031,1790240810.574
761,01_names,get_prob,info,,0.8702895,0.031,1790240810.605
762,01_names,get_prob,info,,0.8702895,0.031,1790240810.652
763,01_names,get_prob,func,,0.2898531,0.031,1790240810.683
764,01_names,get_prob,func,,0.2898531,0.031,1790240810.73
765,01_names,get_prob,info_list,,0.04111287,0.031,1790240810.761
766,01_names,get_prob,info_list,,0.04111287,0.031,1790240810.808
767,01_names,get_prob,func_name,,-0.44983828,0.031,1790240810.839
768,01_names,get_prob,func_name,,-0.44983828,0.031,1790240810.886
769,01_names,get_prob,info_list,,0.04111287,0.031,1790240810.917
770,01_names,get_prob,info_list,,0.04111287,0.031,1790240810.964
771,01_names,get_prob,info,,0.8702895,0.031,1790240810.995
772,01_names,get_prob,info,,0.8702895,0.031,1790240811.042
773,01_names,get_prob,func_name,,-0.44983828,0.031,1790240811.074
774,01_names,get_prob,func_name,,-0.44983828,0.031,1790240811.12
775,01_names,get_prob,info_list,,0.04111287,0.031,1790240811.152
776,01_names,get_prob,info_list,,0.04111287,0.031,1790240811.199
777,01_names,get_prob,info,,0.8702895,0.031,1790240811.23
778,01_names,get_prob,info,,0.8702895,0.031,1790240811.277
779,01_names,get_prob,function_bodies_info,,0.23791914,0.031,1790240811.308
780,01_names,get_prob,function_bodies_info,,0.23791914,0.031,1790240811.355
781,01_names,get_prob,py_file_path,,0.06998543,0.031,1790240811.386
782,01_names,get_prob,py_file_path,,0.06998543,0.031,1790240811.433
783,01_names,get_prob,function_body_items,,-0.179175,0.031,1790240811.464
784,01_names,get_prob,function_body_items,,-0.179175,0.031,1790240811.511
785,01_names,get_prob,item,,-0.04368698,0.031,1790240811.542
786,01_names,get_prob,item,,-0.04368698,0.031,1790240811.589
787,01_names,get_prob,function_name,,-0.23061107,0.031,1790240811.62
788,01_names,get_prob,function_name,,-0.23061107,0.031,1790240811.667
789,01_names,get_prob,function_body,,0.24439122,0.047,1790240811.714
790,01_names,get_prob,function_body,,0.24439122,0.031,1790240811.746
791,01_names,get_prob,start_line,,-0.3560166,0.047,1790240811.792
792,01_names,get_prob,start_line,,-0.3560166,0.031,1790240811.824
793,01_names,get_prob,simplified_body,,0.042182595,0.047,1790240811.871
794,01_names,get_prob,simplified_body,,0.042182595,0.031,1790240811.902
795,01_names,get_prob,existing_simplified_body,,-0.05846598,0.031,1790240811.949
796,01_names,get_prob,existing_simplified_body,,-0.05846598,0.031,1790240811.98
797,01_names,get_prob,text_embedding_logs,,-0.19812617,0.031,1790240812.027
798,01_names,get_prob,text_embedding_logs,,-0.19812617,0.031,1790240812.058
799,01_names,get_prob,all_similar_text_pairs,,0.11740021,0.031,1790240812.105
800,01_names,get_prob,all_similar_text_pairs,,0.11740021,0.031,1790240812.136
801,01_names,get_prob,embedding_vector,,-0.17937349,0.031,1790240812.183
802,01_names,get_prob,embedding_vector,,-0.17937349,0.031,1790240812.214
803,01_names,get_prob,log,,-0.1371817,0.031,1790240812.261
804,01_names,get_prob,log,,-0.1371817,0.031,1790240812.292
805,01_names,get_prob,cos_sim,,-0.1084713,0.031,1790240812.339
806,01_names,get_prob,cos_sim,,-0.1084713,0.031,1790240812.371
807,01_names,get_prob,py_file_path,,0.06998543,0.031,1790240812.417
808,01_names,get_prob,py_file_path,,0.06998543,0.031,1790240812.449
809,01_names,get_prob,func_name,,-0.44983828,0.031,1790240812.496
810,01_names,get_prob,func_name,,-0.44983828,0.031,1790240812.527
811,01_names,get_prob,info_list,,0.04111287,0.031,1790240812.574
812,01_names,get_prob,info_list,,0.04111287,0.047,1790240812.621
813,01_names,get_prob,info,,0.8702895,0.031,1790240812.652
814,01_names,get_prob,info,,0.8702895,0.047,1790240812.699
815,01_names,get_prob,text_embedding_model,,-0.14634466,0.031,1790240812.73
816,01_names,get_prob,text_embedding_model,,-0.14634466,0.031,1790240812.777
817,01_names,get_prob,final_result_dict,,-0.02526722,0.031,1790240812.808
818,01_names,get_prob,final_result_dict,,-0.02526722,0.031,1790240812.855
819,01_names,get_prob,all_variables_dict,,-0.124452315,0.031,1790240812.886
820,01_names,get_prob,all_variables_dict,,-0.124452315,0.031,1790240812.933
821,01_names,get_prob,py_file_path,,0.06998543,0.031,1790240812.964
822,01_names,get_prob,py_file_path,,0.06998543,0.031,1790240813.011
823,01_names,get_prob,py_file_path,,0.06998543,0.031,1790240813.042
824,01_names,get_prob,py_file_path,,0.06998543,0.031,1790240813.089
825,01_names,get_prob,parsed_py_code,,0.08607463,0.031,1790240813.12
826,01_names,get_prob,parsed_py_code,,0.08607463,0.031,1790240813.167
827,01_names,get_prob,defined_info,,0.04186844,0.047,1790240813.214
828,01_names,get_prob,defined_info,,0.04186844,0.031,1790240813.245
829,01_names,get_prob,_,,0.33808908,0.047,1790240813.292
830,01_names,get_prob,_,,0.33808908,0.031,1790240813.324
831,01_names,get_prob,variable_info,,-0.055705056,0.031,1790240813.37
832,01_names,get_prob,variable_info,,-0.055705056,0.031,1790240813.402
833,01_names,get_prob,info,,0.8702895,0.031,1790240813.449
834,01_names,get_prob,info,,0.8702895,0.031,1790240813.48
835,01_names,get_prob,func,,0.2898531,0.031,1790240813.527
836,01_names,get_prob,func,,0.2898531,0.031,1790240813.558
837,01_names,get_prob,info_list,,0.04111287,0.031,1790240813.605
838,01_names,get_prob,info_list,,0.04111287,0.031,1790240813.636
839,01_names,get_prob,all_similar_text_pairs,,0.11740021,0.031,1790240813.683
840,01_names,get_prob,all_similar_text_pairs,,0.11740021,0.031,1790240813.714
841,01_names,get_prob,info,,0.8702895,0.031,1790240813.761
842,01_names,get_prob,info,,0.8702895,0.047,1790240813.808
843,01_names,get_prob,line_no,,-0.04406003,0.031,1790240813.839
844,01_names,get_prob,line_no,,-0.04406003,0.047,1790240813.886
845,01_names,get_prob,py_file_path,,0.06998543,0.031,1790240813.917
846,01_names,get_prob,py_file_path,,0.06998543,0.031,1790240813.964
847,01_names,get_prob,func_name,,-0.44983828,0.031,1790240813.995
848,01_names,get_prob,func_name,,-0.44983828,0.031,1790240814.042
849,01_names,get_prob,func_annot_dict,,-0.5737369,0.031,1790240814.074
850,01_names,get_prob,func_annot_dict,,-0.5737369,0.031,1790240814.12
851,01_names,get_prob,final_result_dict,,-0.02526722,0.031,1790240814.152
852,01_names,get_prob,final_result_dict,,-0.02526722,0.031,1790240814.199
853,01_names,get_prob,py_file_path,,0.06998543,0.031,1790240814.23
854,01_names,get_prob,py_file_path,,0.06998543,0.031,1790240814.277
855,01_names,get_prob,parsed_py_code,,0.08607463,0.031,1790240814.308
856,01_names,get_prob,parsed_py_code,,0.08607463,0.031,1790240814.355
857,01_names,get_prob,py_file_path,,0.06998543,0.047,1790240814.402
858,01_names,get_prob,py_file_path,,0.06998543,0.031,1790240814.433
859,01_names,get_prob,parsed_py_code,,0.08607463,0.047,1790240814.48
860,01_names,get_prob,parsed_py_code,,0.08607463,0.031,1790240814.511
861,01_names,get_prob,function_defs,,0.12478372,0.031,1790240814.558
862,01_names,get_prob,function_defs,,0.12478372,0.031,1790240814.589
863,01_names,get_prob,item,,-0.04368698,0.031,1790240814.636
864,01_names,get_prob,item,,-0.04368698,0.031,1790240814.667
865,01_names,get_prob,item,,-0.04368698,0.031,1790240814.714
866,01_names,get_prob,item,,-0.04368698,0.031,1790240814.745
867,01_names,get_prob,func_args,,-0.3913885,0.031,1790240814.792
868,01_names,get_prob,func_args,,-0.3913885,0.031,1790240814.824
869,01_names,get_prob,line_no,,-0.04406003,0.031,1790240814.87
870,01_names,get_prob,line_no,,-0.04406003,0.047,1790240814.917
871,01_names,get_prob,func_arg_names,,-0.5274847,0.031,1790240814.949
872,01_names,get_prob,func_arg_names,,-0.5274847,0.031,1790240814.995
873,01_names,get_prob,func_annots,,-0.34909567,0.031,1790240815.027
874,01_names,get_prob,func_annots,,-0.34909567,0.031,1790240815.074
875,01_names,get_prob,arg_name,,-0.51668566,0.031,1790240815.105
876,01_names,get_prob,arg_name,,-0.51668566,0.031,1790240815.152
877,01_names,get_prob,annot,,-0.4551271,0.031,1790240815.183
878,01_names,get_prob,annot,,-0.4551271,0.031,1790240815.23
879,01_names,get_prob,existing_annot,,-0.3108987,0.031,1790240815.261
880,01_names,get_prob,existing_annot,,-0.3108987,0.031,1790240815.308
881,01_names,get_prob,func_name,,-0.44983828,0.047,1790240815.355
882,01_names,get_prob,func_name,,-0.44983828,0.031,1790240815.386
883,01_names,get_prob,text_embedding_model,,-0.14634466,0.031,1790240815.433
884,01_names,get_prob,text_embedding_model,,-0.14634466,0.031,1790240815.464
885,01_names,get_prob,final_result_dict,,-0.02526722,0.031,1790240815.511
886,01_names,get_prob,final_result_dict,,-0.02526722,0.031,1790240815.542
887,01_names,get_prob,py_file_path,,0.06998543,0.031,1790240815.589
888,01_names,get_prob,py_file_path,,0.06998543,0.031,1790240815.62
889,01_names,get_prob,parsed_py_code,,0.08607463,0.031,1790240815.667
890,01_names,get_prob,parsed_py_code,,0.08607463,0.031,1790240815.698
891,01_names,get_prob,var_names,,0.03825154,0.031,1790240815.745
892,01_names,get_prob,var_names,,0.03825154,0.047,1790240815.792
893,01_names,get_prob,item,,-0.04368698,0.031,1790240815.823
894,01_names,get_prob,item,,-0.04368698,0.031,1790240815.87
895,01_names,get_prob,func_names,,-0.29134384,0.031,1790240815.902
896,01_names,get_prob,func_names,,-0.29134384,0.031,1790240815.948
897,01_names,get_prob,item,,-0.04368698,0.031,1790240815.98
898,01_names,get_prob,item,,-0.04368698,0.031,1790240816.027
899,01_names,get_prob,names,,-0.0009823609,0.031,1790240816.058
900,01_names,get_prob,names,,-0.0009823609,0.031,1790240816.105
901,01_names,get_prob,name_info,,-0.3781691,0.047,1790240816.152
902,01_names,get_prob,name_info,,-0.3781691,0.031,1790240816.183
903,01_names,get_prob,line_no,,-0.04406003,0.031,1790240816.23
904,01_names,get_prob,line_no,,-0.04406003,0.031,1790240816.261
905,01_names,get_prob,name,,-0.22315958,0.031,1790240816.308
906,01_names,get_prob,name,,-0.22315958,0.031,1790240816.339
907,01_names,get_prob,func_name,,-0.44983828,0.031,1790240816.386
908,01_names,get_prob,func_name,,-0.44983828,0.031,1790240816.417
909,01_names,get_prob,text_embedding_model,,-0.14634466,0.031,1790240816.464
910,01_names,get_prob,text_embedding_model,,-0.14634466,0.047,1790240816.511
911,01_names,get_prob,final_result_dict,,-0.02526722,0.031,1790240816.542
912,01_names,get_prob,final_result_dict,,-0.02526722,0.031,1790240816.589
913,01_names,get_prob,py_file_paths,,0.25384712,0.031,1790240816.62
914,01_names,get_prob,py_file_paths,,0.25384712,0.031,1790240816.667
915,01_names,get_prob,py_file_names,,-0.09556734,0.031,1790240816.698
916,01_names,get_prob,py_file_names,,-0.09556734,0.031,1790240816.745
917,01_names,get_prob,path,,0.17991306,0.031,1790240816.777
918,01_names,get_prob,path,,0.17991306,0.031,1790240816.823
919,01_names,get_prob,py_file_names_set,,0.33640042,0.047,1790240816.87
920,01_names,get_prob,py_file_names_set,,0.33640042,0.031,1790240816.902
921,01_names,get_prob,return_pattern_dict,,-0.34577772,0.031,1790240816.948
922,01_names,get_prob,return_pattern_dict,,-0.34577772,0.031,1790240816.98
923,01_names,get_prob,py_file_path,,0.06998543,0.031,1790240817.027
924,01_names,get_prob,py_file_path,,0.06998543,0.031,1790240817.058
925,01_names,get_prob,_,,0.33808908,0.031,1790240817.105
926,01_names,get_prob,_,,0.33808908,0.031,1790240817.136
927,01_names,get_prob,py_file_path,,0.06998543,0.031,1790240817.183
928,01_names,get_prob,py_file_path,,0.06998543,0.047,1790240817.23
929,01_names,get_prob,parsed_py_code,,0.08607463,0.031,1790240817.261
930,01_names,get_prob,parsed_py_code,,0.08607463,0.031,1790240817.308
931,01_names,get_prob,func_names_info,,-0.2970436,0.031,1790240817.339
932,01_names,get_prob,func_names_info,,-0.2970436,0.031,1790240817.386
933,01_names,get_prob,item,,-0.04368698,0.031,1790240817.417
934,01_names,get_prob,item,,-0.04368698,0.031,1790240817.464
935,01_names,get_prob,imported_names_info,,-0.23944868,0.047,1790240817.511
936,01_names,get_prob,imported_names_info,,-0.23944868,0.031,1790240817.542
937,01_names,get_prob,info,,0.8702895,0.031,1790240817.589
938,01_names,get_prob,info,,0.8702895,0.031,1790240817.62
939,01_names,get_prob,item,,-0.04368698,0.031,1790240817.667
940,01_names,get_prob,item,,-0.04368698,0.031,1790240817.698
941,01_names,get_prob,func_names,,-0.29134384,0.031,1790240817.745
942,01_names,get_prob,func_names,,-0.29134384,0.031,1790240817.776
943,01_names,get_prob,info,,0.8702895,0.031,1790240817.823
944,01_names,get_prob,info,,0.8702895,0.047,1790240817.87
945,01_names,get_prob,imported_names,,-0.24351501,0.031,1790240817.901
946,01_names,get_prob,imported_names,,-0.24351501,0.031,1790240817.948
947,01_names,get_prob,info,,0.8702895,0.031,1790240817.98
948,01_names,get_prob,info,,0.8702895,0.031,1790240818.026
949,01_names,get_prob,func_and_imported_names,,-0.34277937,0.031,1790240818.058
950,01_names,get_prob,func_and_imported_names,,-0.34277937,0.031,1790240818.105
951,01_names,get_prob,func_list,,-0.28159127,0.047,1790240818.151
952,01_names,get_prob,func_list,,-0.28159127,0.031,1790240818.183
953,01_names,get_prob,pattern,,-0.017360708,0.031,1790240818.23
954,01_names,get_prob,pattern,,-0.017360708,0.031,1790240818.261
955,01_names,get_prob,py_file_path_,,0.19542311,0.031,1790240818.308
956,01_names,get_prob,py_file_path_,,0.19542311,0.031,1790240818.339
957,01_names,get_prob,py_file_path,,0.06998543,0.031,1790240818.386
958,01_names,get_prob,py_file_path,,0.06998543,0.047,1790240818.433
959,01_names,get_prob,py_code,,0.10835802,0.031,1790240818.464
960,01_names,get_prob,py_code,,0.10835802,0.031,1790240818.511
961,01_names,get_prob,py_file_path_,,0.19542311,0.031,1790240818.542
962,01_names,get_prob,py_file_path_,,0.19542311,0.031,1790240818.589
963,01_names,get_prob,pattern,,-0.017360708,0.031,1790240818.62
964,01_names,get_prob,pattern,,-0.017360708,0.031,1790240818.667
965,01_names,get_prob,line_no,,-0.04406003,0.031,1790240818.698
966,01_names,get_prob,line_no,,-0.04406003,0.031,1790240818.745
967,01_names,get_prob,line,,-0.20266621,0.047,1790240818.792
968,01_names,get_prob,line,,-0.20266621,0.031,1790240818.823
969,01_names,get_prob,match,,0.17193283,0.031,1790240818.87
970,01_names,get_prob,match,,0.17193283,0.031,1790240818.901
971,01_names,get_prob,var_name,,-0.049169265,0.031,1790240818.948
972,01_names,get_prob,var_name,,-0.049169265,0.031,1790240818.98
973,01_names,get_prob,func_name,,-0.44983828,0.031,1790240819.026
974,01_names,get_prob,func_name,,-0.44983828,0.047,1790240819.073
975,01_names,get_prob,func_name,,-0.44983828,0.031,1790240819.105
976,01_names,get_prob,func_name,,-0.44983828,0.031,1790240819.151
977,01_names,get_prob,final_result_dict,,-0.02526722,0.031,1790240819.183
978,01_names,get_prob,final_result_dict,,-0.02526722,0.031,1790240819.23
979,01_names,get_prob,py_file_path,,0.06998543,0.047,1790240819.276
980,01_names,get_prob,py_file_path,,0.06998543,0.031,1790240819.308
981,01_names,get_prob,parsed_py_code,,0.08607463,0.031,1790240819.355
982,01_names,get_prob,parsed_py_code,,0.08607463,0.031,1790240819.386
983,01_names,get_prob,third_party_imported,,-0.18242417,0.031,1790240819.433
984,01_names,get_prob,third_party_imported,,-0.18242417,0.031,1790240819.464
985,01_names,get_prob,local_imported,,-0.055074282,0.031,1790240819.511
986,01_names,get_prob,local_imported,,-0.055074282,0.047,1790240819.558
987,01_names,get_prob,parsed_imports,,-0.113834545,0.031,1790240819.589
988,01_names,get_prob,parsed_imports,,-0.113834545,0.031,1790240819.636
989,01_names,get_prob,item,,-0.04368698,0.031,1790240819.667
990,01_names,get_prob,item,,-0.04368698,0.031,1790240819.714
991,01_names,get_prob,lib_names_import,,-0.29759324,0.031,1790240819.745
992,01_names,get_prob,lib_names_import,,-0.29759324,0.031,1790240819.792
993,01_names,get_prob,item,,-0.04368698,0.047,1790240819.839
994,01_names,get_prob,item,,-0.04368698,0.031,1790240819.87
995,01_names,get_prob,lib_names_import,,-0.29759324,0.031,1790240819.917
996,01_names,get_prob,lib_names_import,,-0.29759324,0.031,1790240819.948
997,01_names,get_prob,info,,0.8702895,0.031,1790240819.995
998,01_names,get_prob,info,,0.8702895,0.047,1790240820.042
999,01_names,get_prob,item,,-0.04368698,0.031,1790240820.073
1000,01_names,get_prob,item,,-0.04368698,0.031,1790240820.12
1001,01_names,get_prob,lib_names_import_from,,0.0017982665,0.031,1790240820.167
1002,01_names,get_prob,lib_names_import_from,,0.0017982665,0.031,1790240820.198
1003,01_names,get_prob,item,,-0.04368698,0.031,1790240820.245
1004,01_names,get_prob,item,,-0.04368698,0.031,1790240820.276
1005,01_names,get_prob,imported_lib_names,,-0.029792314,0.03,1790240820.322
1006,01_names,get_prob,imported_lib_names,,-0.029792314,0.031,1790240820.369
1007,01_names,get_prob,info,,0.8702895,0.031,1790240820.4
1008,01_names,get_prob,info,,0.8702895,0.031,1790240820.447
1009,01_names,get_prob,line_no,,-0.04406003,0.031,1790240820.478
1010,01_names,get_prob,line_no,,-0.04406003,0.031,1790240820.525
1011,01_names,get_prob,func_name,,-0.44983828,0.047,1790240820.572
1012,01_names,get_prob,func_name,,-0.44983828,0.031,1790240820.603
1013,01_names,get_prob,name,,-0.22315958,0.031,1790240820.65
1014,01_names,get_prob,name,,-0.22315958,0.031,1790240820.681
1015,01_names,get_prob,third_party_imported,,-0.18242417,0.031,1790240820.728
1016,01_names,get_prob,third_party_imported,,-0.18242417,0.047,1790240820.775
1017,01_names,get_prob,local_imported,,-0.055074282,0.031,1790240820.806
1018,01_names,get_prob,local_imported,,-0.055074282,0.031,1790240820.853
1019,01_names,get_prob,text_embedding_model_single_responsibility,,0.4202334,0.031,1790240820.884
1020,01_names,get_prob,text_embedding_model_single_responsibility,,0.4202334,0.031,1790240820.931
1021,01_names,get_prob,text_embedding_model_docstring_and_name,,-0.34601757,0.031,1790240820.963
1022,01_names,get_prob,text_embedding_model_docstring_and_name,,-0.34601757,0.031,1790240821.009
1023,01_names,get_prob,final_result_dict,,-0.02526722,0.031,1790240821.056
1024,01_names,get_prob,final_result_dict,,-0.02526722,0.031,1790240821.088
1025,01_names,get_prob,py_file_path,,0.06998543,0.031,1790240821.134
1026,01_names,get_prob,py_file_path,,0.06998543,0.031,1790240821.166
1027,01_names,get_prob,parsed_py_code,,0.08607463,0.031,1790240821.213
1028,01_names,get_prob,parsed_py_code,,0.08607463,0.031,1790240821.259
1029,01_names,get_prob,func_defs,,-0.028376123,0.031,1790240821.291
1030,01_names,get_prob,func_defs,,-0.028376123,0.031,1790240821.338
1031,01_names,get_prob,item,,-0.04368698,0.047,1790240821.384
1032,01_names,get_prob,item,,-0.04368698,0.031,1790240821.416
1033,01_names,get_prob,func_docstrings_info,,-0.31746763,0.031,1790240821.463
1034,01_names,get_prob,func_docstrings_info,,-0.31746763,0.031,1790240821.494
1035,01_names,get_prob,item,,-0.04368698,0.031,1790240821.541
1036,01_names,get_prob,item,,-0.04368698,0.047,1790240821.588
1037,01_names,get_prob,func_docstrings_info,,-0.31746763,0.031,1790240821.619
1038,01_names,get_prob,func_docstrings_info,,-0.31746763,0.031,1790240821.666
1039,01_names,get_prob,item,,-0.04368698,0.031,1790240821.697
1040,01_names,get_prob,item,,-0.04368698,0.031,1790240821.744
1041,01_names,get_prob,item,,-0.04368698,0.031,1790240821.791
1042,01_names,get_prob,item,,-0.04368698,0.031,1790240821.822
1043,01_names,get_prob,line_no,,-0.04406003,0.031,1790240821.869
1044,01_names,get_prob,line_no,,-0.04406003,0.031,1790240821.9
1045,01_names,get_prob,func_name,,-0.44983828,0.031,1790240821.947
1046,01_names,get_prob,func_name,,-0.44983828,0.031,1790240821.994
1047,01_names,get_prob,text_embedding_model,,-0.14634466,0.031,1790240822.025
1048,01_names,get_prob,text_embedding_model,,-0.14634466,0.031,1790240822.072
1049,01_names,get_prob,final_result_dict,,-0.02526722,0.047,1790240822.119
1050,01_names,get_prob,final_result_dict,,-0.02526722,0.031,1790240822.15
1051,01_names,get_prob,py_file_path,,0.06998543,0.031,1790240822.197
1052,01_names,get_prob,py_file_path,,0.06998543,0.031,1790240822.228
1053,01_names,get_prob,py_code,,0.10835802,0.031,1790240822.275
1054,01_names,get_prob,py_code,,0.10835802,0.031,1790240822.306
1055,01_names,get_prob,py_code_lines,,-0.2568982,0.031,1790240822.353
1056,01_names,get_prob,py_code_lines,,-0.2568982,0.031,1790240822.4
1057,01_names,get_prob,comments,,0.34956416,0.031,1790240822.431
1058,01_names,get_prob,comments,,0.34956416,0.031,1790240822.478
1059,01_names,get_prob,current_comment,,-0.38419497,0.031,1790240822.509
1060,01_names,get_prob,current_comment,,-0.38419497,0.031,1790240822.556
1061,01_names,get_prob,line_idx,,-0.37433207,0.031,1790240822.603
1062,01_names,get_prob,line_idx,,-0.37433207,0.031,1790240822.634
1063,01_names,get_prob,line,,-0.20266621,0.031,1790240822.681
1064,01_names,get_prob,line,,-0.20266621,0.047,1790240822.728
1065,01_names,get_prob,comment,,-0.24400084,0.031,1790240822.759
1066,01_names,get_prob,comment,,-0.24400084,0.031,1790240822.806
1067,01_names,get_prob,current_comment,,-0.38419497,0.031,1790240822.837
1068,01_names,get_prob,current_comment,,-0.38419497,0.031,1790240822.884
1069,01_names,get_prob,current_comment,,-0.38419497,0.047,1790240822.931
1070,01_names,get_prob,current_comment,,-0.38419497,0.031,1790240822.962
1071,01_names,get_prob,comment,,-0.24400084,0.031,1790240823.009
1072,01_names,get_prob,comment,,-0.24400084,0.031,1790240823.041
1073,01_names,get_prob,line_no,,-0.04406003,0.031,1790240823.087
1074,01_names,get_prob,line_no,,-0.04406003,0.047,1790240823.134
1075,01_names,get_prob,func_name,,-0.44983828,0.031,1790240823.166
1076,01_names,get_prob,func_name,,-0.44983828,0.031,1790240823.212
1077,01_names,get_prob,final_result_dict,,-0.02526722,0.031,1790240823.244
1078,01_names,get_prob,final_result_dict,,-0.02526722,0.031,1790240823.291
1079,01_names,get_prob,py_file_path,,0.06998543,0.031,1790240823.338
1080,01_names,get_prob,py_file_path,,0.06998543,0.031,1790240823.369
1081,01_names,get_prob,py_code,,0.10835802,0.031,1790240823.416
1082,01_names,get_prob,py_code,,0.10835802,0.047,1790240823.462
1083,01_names,get_prob,py_code_lines,,-0.2568982,0.031,1790240823.494
1084,01_names,get_prob,py_code_lines,,-0.2568982,0.031,1790240823.541
1085,01_names,get_prob,is_empty,,0.028616617,0.031,1790240823.572
1086,01_names,get_prob,is_empty,,0.028616617,0.031,1790240823.619
1087,01_names,get_prob,line_idx,,-0.37433207,0.047,1790240823.666
1088,01_names,get_prob,line_idx,,-0.37433207,0.031,1790240823.697
1089,01_names,get_prob,line,,-0.20266621,0.031,1790240823.744
1090,01_names,get_prob,line,,-0.20266621,0.031,1790240823.775
1091,01_names,get_prob,comment,,-0.24400084,0.031,1790240823.822
1092,01_names,get_prob,comment,,-0.24400084,0.047,1790240823.869
1093,01_names,get_prob,is_empty,,0.028616617,0.031,1790240823.9
1094,01_names,get_prob,is_empty,,0.028616617,0.031,1790240823.947
1095,01_names,get_prob,checks,,-0.11107712,0.031,1790240823.978
1096,01_names,get_prob,checks,,-0.11107712,0.031,1790240824.025
1097,01_names,get_prob,name,,-0.22315958,0.031,1790240824.072
1098,01_names,get_prob,name,,-0.22315958,0.031,1790240824.103
1099,01_names,get_prob,text_embedding_model,,-0.14634466,0.031,1790240824.15
1100,01_names,get_prob,text_embedding_model,,-0.14634466,0.047,1790240824.197
1101,01_names,get_prob,final_result_dict,,-0.02526722,0.031,1790240824.228
1102,01_names,get_prob,final_result_dict,,-0.02526722,0.031,1790240824.275
1103,01_names,get_prob,py_file_path,,0.06998543,0.031,1790240824.306
1104,01_names,get_prob,py_file_path,,0.06998543,0.031,1790240824.353
1105,01_names,get_prob,py_code,,0.10835802,0.047,1790240824.4
1106,01_names,get_prob,py_code,,0.10835802,0.031,1790240824.431
1107,01_names,get_prob,matched_lines,,-0.429675,0.031,1790240824.478
1108,01_names,get_prob,matched_lines,,-0.429675,0.031,1790240824.509
1109,01_names,get_prob,line,,-0.20266621,0.031,1790240824.556
1110,01_names,get_prob,line,,-0.20266621,0.031,1790240824.603
1111,01_names,get_prob,line_no,,-0.04406003,0.031,1790240824.634
1112,01_names,get_prob,line_no,,-0.04406003,0.031,1790240824.681
1113,01_names,get_prob,func_name,,-0.44983828,0.031,1790240824.712
1114,01_names,get_prob,func_name,,-0.44983828,0.031,1790240824.759
1115,01_names,get_prob,final_result_dict,,-0.02526722,0.031,1790240824.806
1116,01_names,get_prob,final_result_dict,,-0.02526722,0.031,1790240824.837
1117,01_names,get_prob,py_file_path,,0.06998543,0.031,1790240824.884
1118,01_names,get_prob,py_file_path,,0.06998543,0.047,1790240824.931
1119,01_names,get_prob,py_code,,0.10835802,0.031,1790240824.962
1120,01_names,get_prob,py_code,,0.10835802,0.031,1790240825.009
1121,01_names,get_prob,lines,,-0.12254765,0.031,1790240825.04
1122,01_names,get_prob,lines,,-0.12254765,0.031,1790240825.087
1123,01_names,get_prob,line_idx,,-0.37433207,0.031,1790240825.134
1124,01_names,get_prob,line_idx,,-0.37433207,0.031,1790240825.165
1125,01_names,get_prob,line,,-0.20266621,0.031,1790240825.212
1126,01_names,get_prob,line,,-0.20266621,0.047,1790240825.259
1127,01_names,get_prob,line_no,,-0.04406003,0.031,1790240825.29
1128,01_names,get_prob,line_no,,-0.04406003,0.031,1790240825.337
1129,01_names,get_prob,func_name,,-0.44983828,0.031,1790240825.369
1130,01_names,get_prob,func_name,,-0.44983828,0.031,1790240825.415
1131,01_names,get_prob,code_path_str,,-0.27801457,0.031,1790240825.462
1132,01_names,get_prob,code_path_str,,-0.27801457,0.031,1790240825.494
1133,01_names,get_prob,final_result_dict,,-0.02526722,0.031,1790240825.54
1134,01_names,get_prob,final_result_dict,,-0.02526722,0.047,1790240825.587
1135,01_names,get_prob,required_files,,0.08380846,0.031,1790240825.619
1136,01_names,get_prob,required_files,,0.08380846,0.031,1790240825.665
1137,01_names,get_prob,required_file,,-0.10995128,0.031,1790240825.697
1138,01_names,get_prob,required_file,,-0.10995128,0.031,1790240825.744
1139,01_names,get_prob,final_result_dict,,-0.02526722,0.031,1790240825.79
1140,01_names,get_prob,final_result_dict,,-0.02526722,0.031,1790240825.822
1141,01_names,get_prob,py_file_path,,0.06998543,0.031,1790240825.869
1142,01_names,get_prob,py_file_path,,0.06998543,0.047,1790240825.915
1143,01_names,get_prob,parsed_py_code,,0.08607463,0.031,1790240825.947
1144,01_names,get_prob,parsed_py_code,,0.08607463,0.031,1790240825.994
1145,01_names,get_prob,func_defs,,-0.028376123,0.031,1790240826.025
1146,01_names,get_prob,func_defs,,-0.028376123,0.031,1790240826.072
1147,01_names,get_prob,item,,-0.04368698,0.031,1790240826.119
1148,01_names,get_prob,item,,-0.04368698,0.031,1790240826.15
1149,01_names,get_prob,item,,-0.04368698,0.031,1790240826.197
1150,01_names,get_prob,item,,-0.04368698,0.047,1790240826.244
1151,01_names,get_prob,line_no,,-0.04406003,0.031,1790240826.275
1152,01_names,get_prob,line_no,,-0.04406003,0.031,1790240826.322
1153,01_names,get_prob,start_line,,-0.3560166,0.031,1790240826.353
1154,01_names,get_prob,start_line,,-0.3560166,0.031,1790240826.4
1155,01_names,get_prob,end_line,,-0.4099526,0.031,1790240826.447
1156,01_names,get_prob,end_line,,-0.4099526,0.031,1790240826.478
1157,01_names,get_prob,func_name,,-0.44983828,0.031,1790240826.525
1158,01_names,get_prob,func_name,,-0.44983828,0.031,1790240826.572
1159,01_names,get_prob,func_length,,-0.016475609,0.031,1790240826.603
1160,01_names,get_prob,func_length,,-0.016475609,0.031,1790240826.65
1161,01_names,get_prob,annotations,,0.034608938,0.047,1790240826.697
1162,01_names,get_prob,annotations,,0.034608938,0.031,1790240826.728
1163,01_names,get_prob,return_type,,0.2709866,0.031,1790240826.775
1164,01_names,get_prob,return_type,,0.2709866,0.031,1790240826.806
1165,01_names,get_prob,final_result_dict,,-0.02526722,0.031,1790240826.853
1166,01_names,get_prob,final_result_dict,,-0.02526722,0.031,1790240826.9
1167,01_names,get_prob,py_file_path,,0.06998543,0.031,1790240826.931
1168,01_names,get_prob,py_file_path,,0.06998543,0.031,1790240826.978
1169,01_names,get_prob,py_code,,0.10835802,0.031,1790240827.025
1170,01_names,get_prob,py_code,,0.10835802,0.031,1790240827.056
1171,01_names,get_prob,lines,,-0.12254765,0.031,1790240827.103
1172,01_names,get_prob,lines,,-0.12254765,0.047,1790240827.15
1173,01_names,get_prob,current_base_indent,,-0.6730916,0.031,1790240827.181
1174,01_names,get_prob,current_base_indent,,-0.6730916,0.031,1790240827.228
1175,01_names,get_prob,current_depth,,-0.13324772,0.031,1790240827.259
1176,01_names,get_prob,current_depth,,-0.13324772,0.031,1790240827.306
1177,01_names,get_prob,line_idx,,-0.37433207,0.031,1790240827.353
1178,01_names,get_prob,line_idx,,-0.37433207,0.031,1790240827.384
1179,01_names,get_prob,line,,-0.20266621,0.031,1790240827.431
1180,01_names,get_prob,line,,-0.20266621,0.031,1790240827.478
1181,01_names,get_prob,line_no,,-0.04406003,0.031,1790240827.509
1182,01_names,get_prob,line_no,,-0.04406003,0.031,1790240827.556
1183,01_names,get_prob,current_indent,,-0.5827784,0.047,1790240827.603
1184,01_names,get_prob,current_indent,,-0.5827784,0.031,1790240827.634
1185,01_names,get_prob,current_base_indent,,-0.6730916,0.031,1790240827.681
1186,01_names,get_prob,current_base_indent,,-0.6730916,0.047,1790240827.728
1187,01_names,get_prob,current_depth,,-0.13324772,0.031,1790240827.759
1188,01_names,get_prob,current_depth,,-0.13324772,0.031,1790240827.806
1189,01_names,get_prob,current_base_indent,,-0.6730916,0.031,1790240827.837
1190,01_names,get_prob,current_base_indent,,-0.6730916,0.031,1790240827.884
1191,01_names,get_prob,current_depth,,-0.13324772,0.031,1790240827.931
1192,01_names,get_prob,current_depth,,-0.13324772,0.031,1790240827.962
1193,01_names,get_prob,current_depth,,-0.13324772,0.031,1790240828.009
1194,01_names,get_prob,current_depth,,-0.13324772,0.031,1790240828.056
1195,01_names,get_prob,current_depth,,-0.13324772,0.031,1790240828.087
1196,01_names,get_prob,current_depth,,-0.13324772,0.031,1790240828.134
1197,01_names,get_prob,func_name,,-0.44983828,0.047,1790240828.181
1198,01_names,get_prob,func_name,,-0.44983828,0.031,1790240828.212
1199,01_names,get_prob,checks,,-0.11107712,0.031,1790240828.259
1200,01_names,get_prob,checks,,-0.11107712,0.047,1790240828.306
1201,01_names,get_prob,name,,-0.22315958,0.031,1790240828.337
1202,01_names,get_prob,name,,-0.22315958,0.031,1790240828.384
1203,01_names,get_prob,final_result_dict,,-0.02526722,0.031,1790240828.415
1204,01_names,get_prob,final_result_dict,,-0.02526722,0.031,1790240828.462
1205,01_names,get_prob,py_file_path,,0.06998543,0.031,1790240828.509
1206,01_names,get_prob,py_file_path,,0.06998543,0.031,1790240828.54
1207,01_names,get_prob,py_code,,0.10835802,0.031,1790240828.587
1208,01_names,get_prob,py_code,,0.10835802,0.031,1790240828.634
1209,01_names,get_prob,definition_lines,,-0.20958734,0.031,1790240828.665
1210,01_names,get_prob,definition_lines,,-0.20958734,0.031,1790240828.712
1211,01_names,get_prob,value_definition_lines,,-0.26753762,0.031,1790240828.759
1212,01_names,get_prob,value_definition_lines,,-0.26753762,0.031,1790240828.79
1213,01_names,get_prob,def_line,,-0.17614935,0.031,1790240828.837
1214,01_names,get_prob,def_line,,-0.17614935,0.047,1790240828.884
1215,01_names,get_prob,val_line,,-0.3472068,0.031,1790240828.915
1216,01_names,get_prob,val_line,,-0.3472068,0.031,1790240828.962
1217,01_names,get_prob,val_line_no,,-0.29850045,0.047,1790240829.009
1218,01_names,get_prob,val_line_no,,-0.29850045,0.031,1790240829.04
1219,01_names,get_prob,def_line_no,,-0.07504382,0.031,1790240829.087
1220,01_names,get_prob,def_line_no,,-0.07504382,0.031,1790240829.118
1221,01_names,get_prob,val_line_,,-0.25307536,0.031,1790240829.165
1222,01_names,get_prob,val_line_,,-0.25307536,0.031,1790240829.212
1223,01_names,get_prob,def_line_,,-0.12844357,0.031,1790240829.243
1224,01_names,get_prob,def_line_,,-0.12844357,0.031,1790240829.29
1225,01_names,get_prob,func_name,,-0.44983828,0.031,1790240829.337
1226,01_names,get_prob,func_name,,-0.44983828,0.031,1790240829.368
1227,01_names,get_prob,idx_matched,,-0.22560029,0.031,1790240829.415
1228,01_names,get_prob,idx_matched,,-0.22560029,0.031,1790240829.462
1229,01_names,get_prob,name_matched,,-0.4001229,0.031,1790240829.493
1230,01_names,get_prob,name_matched,,-0.4001229,0.031,1790240829.54
1231,01_names,get_prob,regex_for_in_range,,-0.06154365,0.031,1790240829.587
1232,01_names,get_prob,regex_for_in_range,,-0.06154365,0.031,1790240829.618
1233,01_names,get_prob,checks,,-0.11107712,0.031,1790240829.665
1234,01_names,get_prob,checks,,-0.11107712,0.031,1790240829.712
1235,01_names,get_prob,name,,-0.22315958,0.031,1790240829.743
1236,01_names,get_prob,name,,-0.22315958,0.031,1790240829.79
1237,01_names,get_prob,value_assign,,0.07915098,0.031,1790240829.837
1238,01_names,get_prob,value_assign,,0.07915098,0.031,1790240829.868
1239,01_names,get_prob,final_result_dict,,-0.02526722,0.031,1790240829.915
1240,01_names,get_prob,final_result_dict,,-0.02526722,0.047,1790240829.962
1241,01_names,get_prob,text_embedding_model_bindable,,-0.17529313,0.031,1790240829.993
1242,01_names,get_prob,text_embedding_model_bindable,,-0.17529313,0.031,1790240830.04
1243,01_names,get_prob,text_embedding_model_dynamic,,-0.32746696,0.047,1790240830.087
1244,01_names,get_prob,text_embedding_model_dynamic,,-0.32746696,0.031,1790240830.118
1245,01_names,get_prob,py_file_path,,0.06998543,0.031,1790240830.165
1246,01_names,get_prob,py_file_path,,0.06998543,0.047,1790240830.212
1247,01_names,get_prob,parsed_py_code,,0.08607463,0.031,1790240830.243
1248,01_names,get_prob,parsed_py_code,,0.08607463,0.031,1790240830.29
1249,01_names,get_prob,function_defs,,0.12478372,0.047,1790240830.337
1250,01_names,get_prob,function_defs,,0.12478372,0.031,1790240830.368
1251,01_names,get_prob,item,,-0.04368698,0.031,1790240830.415
1252,01_names,get_prob,item,,-0.04368698,0.031,1790240830.446
1253,01_names,get_prob,item,,-0.04368698,0.031,1790240830.493
1254,01_names,get_prob,item,,-0.04368698,0.031,1790240830.54
1255,01_names,get_prob,line_no,,-0.04406003,0.031,1790240830.571
1256,01_names,get_prob,line_no,,-0.04406003,0.031,1790240830.618
1257,01_names,get_prob,func_name,,-0.44983828,0.031,1790240830.665
1258,01_names,get_prob,func_name,,-0.44983828,0.031,1790240830.696
1259,01_names,get_prob,arg_names,,-0.34083304,0.031,1790240830.743
1260,01_names,get_prob,arg_names,,-0.34083304,0.031,1790240830.79
1261,01_names,get_prob,arg_name_list,,-0.5102278,0.031,1790240830.821
1262,01_names,get_prob,arg_name_list,,-0.5102278,0.031,1790240830.868
1263,01_names,get_prob,stored_name_dict,,-0.68002784,0.031,1790240830.915
1264,01_names,get_prob,stored_name_dict,,-0.68002784,0.031,1790240830.946
1265,01_names,get_prob,func_name,,-0.44983828,0.031,1790240830.993
1266,01_names,get_prob,func_name,,-0.44983828,0.031,1790240831.04
1267,01_names,get_prob,py_file_path,,0.06998543,0.031,1790240831.071
1268,01_names,get_prob,py_file_path,,0.06998543,0.031,1790240831.118
1269,01_names,get_prob,parsed_py_code,,0.08607463,0.031,1790240831.165
1270,01_names,get_prob,parsed_py_code,,0.08607463,0.031,1790240831.196
1271,01_names,get_prob,stored_names,,-0.21482094,0.031,1790240831.243
1272,01_names,get_prob,stored_names,,-0.21482094,0.031,1790240831.29
1273,01_names,get_prob,item,,-0.04368698,0.031,1790240831.321
1274,01_names,get_prob,item,,-0.04368698,0.031,1790240831.368
1275,01_names,get_prob,item,,-0.04368698,0.031,1790240831.415
1276,01_names,get_prob,item,,-0.04368698,0.031,1790240831.446
1277,01_names,get_prob,checks,,-0.11107712,0.031,1790240831.493
1278,01_names,get_prob,checks,,-0.11107712,0.031,1790240831.54
1279,01_names,get_prob,name,,-0.22315958,0.031,1790240831.572
1280,01_names,get_prob,name,,-0.22315958,0.031,1790240831.618
1281,01_names,get_prob,stored_arg_name_dict,,-0.8476595,0.031,1790240831.665
1282,01_names,get_prob,stored_arg_name_dict,,-0.8476595,0.047,1790240831.712
1283,01_names,get_prob,arg_name,,-0.51668566,0.047,1790240831.759
1284,01_names,get_prob,arg_name,,-0.51668566,0.047,1790240831.806
1285,01_names,get_prob,py_file_path,,0.06998543,0.031,1790240831.837
1286,01_names,get_prob,py_file_path,,0.06998543,0.031,1790240831.884
1287,01_names,get_prob,parsed_py_code,,0.08607463,0.031,1790240831.931
1288,01_names,get_prob,parsed_py_code,,0.08607463,0.031,1790240831.978
1289,01_names,get_prob,function_defs,,0.12478372,0.031,1790240832.009
1290,01_names,get_prob,function_defs,,0.12478372,0.031,1790240832.056
1291,01_names,get_prob,item,,-0.04368698,0.031,1790240832.103
1292,01_names,get_prob,item,,-0.04368698,0.031,1790240832.134
1293,01_names,get_prob,item,,-0.04368698,0.031,1790240832.181
1294,01_names,get_prob,item,,-0.04368698,0.031,1790240832.228
1295,01_names,get_prob,arg_names,,-0.34083304,0.031,1790240832.259
1296,01_names,get_prob,arg_names,,-0.34083304,0.031,1790240832.306
1297,01_names,get_prob,start_line,,-0.3560166,0.031,1790240832.353
1298,01_names,get_prob,start_line,,-0.3560166,0.047,1790240832.4
1299,01_names,get_prob,def_end_line,,-0.3144786,0.031,1790240832.431
1300,01_names,get_prob,def_end_line,,-0.3144786,0.031,1790240832.478
1301,01_names,get_prob,line_no,,-0.04406003,0.047,1790240832.525
1302,01_names,get_prob,line_no,,-0.04406003,0.031,1790240832.556
1303,01_names,get_prob,final_result_dict,,-0.02526722,0.031,1790240832.603
1304,01_names,get_prob,final_result_dict,,-0.02526722,0.047,1790240832.65
1305,01_names,get_prob,py_file_path,,0.06998543,0.031,1790240832.681
1306,01_names,get_prob,py_file_path,,0.06998543,0.031,1790240832.728
1307,01_names,get_prob,parsed_py_code,,0.08607463,0.031,1790240832.775
1308,01_names,get_prob,parsed_py_code,,0.08607463,0.031,1790240832.806
1309,01_names,get_prob,store_cases,,0.12237016,0.031,1790240832.853
1310,01_names,get_prob,store_cases,,0.12237016,0.031,1790240832.9
1311,01_names,get_prob,item,,-0.04368698,0.031,1790240832.931
1312,01_names,get_prob,item,,-0.04368698,0.031,1790240832.978
1313,01_names,get_prob,store_cases_bad,,0.13819964,0.031,1790240833.025
1314,01_names,get_prob,store_cases_bad,,0.13819964,0.031,1790240833.056
1315,01_names,get_prob,item,,-0.04368698,0.031,1790240833.103
1316,01_names,get_prob,item,,-0.04368698,0.031,1790240833.15
1317,01_names,get_prob,item,,-0.04368698,0.031,1790240833.181
1318,01_names,get_prob,item,,-0.04368698,0.031,1790240833.228
1319,01_names,get_prob,line_no,,-0.04406003,0.031,1790240833.275
1320,01_names,get_prob,line_no,,-0.04406003,0.047,1790240833.321
1321,01_names,get_prob,func_name,,-0.44983828,0.031,1790240833.353
1322,01_names,get_prob,func_name,,-0.44983828,0.031,1790240833.4
1323,01_names,get_prob,function_defs,,0.12478372,0.047,1790240833.446
1324,01_names,get_prob,function_defs,,0.12478372,0.031,1790240833.478
1325,01_names,get_prob,item,,-0.04368698,0.031,1790240833.525
1326,01_names,get_prob,item,,-0.04368698,0.031,1790240833.571
1327,01_names,get_prob,function_args,,-0.053487204,0.031,1790240833.603
1328,01_names,get_prob,function_args,,-0.053487204,0.031,1790240833.65
1329,01_names,get_prob,item,,-0.04368698,0.031,1790240833.696
1330,01_names,get_prob,item,,-0.04368698,0.031,1790240833.728
1331,01_names,get_prob,function_args_bad,,-0.29658028,0.031,1790240833.775
1332,01_names,get_prob,function_args_bad,,-0.29658028,0.031,1790240833.821
1333,01_names,get_prob,x,,0.1650489,0.047,1790240833.868
1334,01_names,get_prob,x,,0.1650489,0.031,1790240833.9
1335,01_names,get_prob,item,,-0.04368698,0.031,1790240833.946
1336,01_names,get_prob,item,,-0.04368698,0.047,1790240833.994
1337,01_names,get_prob,function_args_bad,,-0.29658028,0.031,1790240834.025
1338,01_names,get_prob,function_args_bad,,-0.29658028,0.031,1790240834.072
1339,01_names,get_prob,item,,-0.04368698,0.047,1790240834.119
1340,01_names,get_prob,item,,-0.04368698,0.031,1790240834.15
1341,01_names,get_prob,item,,-0.04368698,0.031,1790240834.197
1342,01_names,get_prob,item,,-0.04368698,0.031,1790240834.244
1343,01_names,get_prob,line_no,,-0.04406003,0.031,1790240834.275
1344,01_names,get_prob,line_no,,-0.04406003,0.031,1790240834.322
1345,01_names,get_prob,arg_names,,-0.34083304,0.031,1790240834.369
1346,01_names,get_prob,arg_names,,-0.34083304,0.031,1790240834.4
1347,01_names,get_prob,func_name,,-0.44983828,0.031,1790240834.447
1348,01_names,get_prob,func_name,,-0.44983828,0.031,1790240834.494
1349,01_names,get_prob,arg_name,,-0.51668566,0.047,1790240834.54
1350,01_names,get_prob,arg_name,,-0.51668566,0.031,1790240834.572
1351,01_names,get_prob,checks,,-0.11107712,0.031,1790240834.619
1352,01_names,get_prob,checks,,-0.11107712,0.047,1790240834.665
1353,01_names,get_prob,name,,-0.22315958,0.031,1790240834.697
1354,01_names,get_prob,name,,-0.22315958,0.031,1790240834.744
1355,01_names,get_prob,final_result_dict,,-0.02526722,0.031,1790240834.79
1356,01_names,get_prob,final_result_dict,,-0.02526722,0.031,1790240834.822
1357,01_names,get_prob,py_file_path,,0.06998543,0.031,1790240834.869
1358,01_names,get_prob,py_file_path,,0.06998543,0.031,1790240834.915
1359,01_names,get_prob,parsed_py_code,,0.08607463,0.031,1790240834.947
1360,01_names,get_prob,parsed_py_code,,0.08607463,0.031,1790240834.994
1361,01_names,get_prob,function_defs,,0.12478372,0.031,1790240835.04
1362,01_names,get_prob,function_defs,,0.12478372,0.047,1790240835.087
1363,01_names,get_prob,item,,-0.04368698,0.031,1790240835.119
1364,01_names,get_prob,item,,-0.04368698,0.031,1790240835.165
1365,01_names,get_prob,function_and_args,,-0.10229359,0.031,1790240835.212
1366,01_names,get_prob,function_and_args,,-0.10229359,0.031,1790240835.244
1367,01_names,get_prob,item,,-0.04368698,0.031,1790240835.29
1368,01_names,get_prob,item,,-0.04368698,0.031,1790240835.337
1369,01_names,get_prob,function_and_args_,,-0.073401935,0.031,1790240835.369
1370,01_names,get_prob,function_and_args_,,-0.073401935,0.031,1790240835.415
1371,01_names,get_prob,func_name,,-0.44983828,0.031,1790240835.462
1372,01_names,get_prob,func_name,,-0.44983828,0.047,1790240835.509
1373,01_names,get_prob,items,,0.15877327,0.031,1790240835.54
1374,01_names,get_prob,items,,0.15877327,0.031,1790240835.587
1375,01_names,get_prob,duplicate_count_except_first,,0.72102606,0.031,1790240835.634
1376,01_names,get_prob,duplicate_count_except_first,,0.72102606,0.031,1790240835.665
1377,01_names,get_prob,arg_name_discovered,,-0.5058405,0.031,1790240835.712
1378,01_names,get_prob,arg_name_discovered,,-0.5058405,0.031,1790240835.759
1379,01_names,get_prob,items_,,0.13832022,0.031,1790240835.79
1380,01_names,get_prob,items_,,0.13832022,0.031,1790240835.837
1381,01_names,get_prob,item,,-0.04368698,0.031,1790240835.884
1382,01_names,get_prob,item,,-0.04368698,0.047,1790240835.931
1383,01_names,get_prob,arg_name_set,,-0.40069848,0.031,1790240835.962
1384,01_names,get_prob,arg_name_set,,-0.40069848,0.031,1790240836.009
1385,01_names,get_prob,intersection_size,,0.15101998,0.031,1790240836.056
1386,01_names,get_prob,intersection_size,,0.15101998,0.047,1790240836.103
1387,01_names,get_prob,duplicate_count_except_first,,0.72102606,0.031,1790240836.134
1388,01_names,get_prob,duplicate_count_except_first,,0.72102606,0.031,1790240836.181
1389,01_names,get_prob,line_no,,-0.04406003,0.031,1790240836.228
1390,01_names,get_prob,line_no,,-0.04406003,0.047,1790240836.275
1391,01_names,get_prob,text_embedding_model,,-0.14634466,0.031,1790240836.306
1392,01_names,get_prob,text_embedding_model,,-0.14634466,0.031,1790240836.353
1393,01_names,get_prob,text,,-0.088433206,0.031,1790240836.4
1394,01_names,get_prob,text,,-0.088433206,0.031,1790240836.431
1395,01_names,get_prob,class_name,,-0.5311309,0.031,1790240836.478
1396,01_names,get_prob,class_name,,-0.5311309,0.031,1790240836.525
1397,01_names,get_prob,text_embedding_model,,-0.14634466,0.031,1790240836.556
1398,01_names,get_prob,text_embedding_model,,-0.14634466,0.031,1790240836.603
1399,01_names,get_prob,final_result_dict,,-0.02526722,0.031,1790240836.65
1400,01_names,get_prob,final_result_dict,,-0.02526722,0.031,1790240836.681
1401,01_names,get_prob,py_file_path,,0.06998543,0.031,1790240836.728
1402,01_names,get_prob,py_file_path,,0.06998543,0.031,1790240836.775
1403,01_names,get_prob,parsed_py_code,,0.08607463,0.047,1790240836.822
1404,01_names,get_prob,parsed_py_code,,0.08607463,0.031,1790240836.853
1405,01_names,get_prob,func_names,,-0.29134384,0.031,1790240836.9
1406,01_names,get_prob,func_names,,-0.29134384,0.031,1790240836.947
1407,01_names,get_prob,item,,-0.04368698,0.031,1790240836.978
1408,01_names,get_prob,item,,-0.04368698,0.031,1790240837.025
1409,01_names,get_prob,func_count,,-0.1298879,0.031,1790240837.072
1410,01_names,get_prob,func_count,,-0.1298879,0.047,1790240837.118
1411,01_names,get_prob,func_sim_matrix,,-0.43477616,0.031,1790240837.15
1412,01_names,get_prob,func_sim_matrix,,-0.43477616,0.031,1790240837.197
1413,01_names,get_prob,_,,0.33808908,0.031,1790240837.243
1414,01_names,get_prob,_,,0.33808908,0.031,1790240837.275
1415,01_names,get_prob,_,,0.33808908,0.031,1790240837.322
1416,01_names,get_prob,_,,0.33808908,0.035,1790240837.372
1417,01_names,get_prob,embeddings_0,,0.21530084,0.031,1790240837.404
1418,01_names,get_prob,embeddings_0,,0.21530084,0.031,1790240837.451
1419,01_names,get_prob,embeddings_1,,0.1406269,0.031,1790240837.497
1420,01_names,get_prob,embeddings_1,,0.1406269,0.047,1790240837.544
1421,01_names,get_prob,info,,0.8702895,0.031,1790240837.576
1422,01_names,get_prob,info,,0.8702895,0.031,1790240837.622
1423,01_names,get_prob,embeddings_0,,0.21530084,0.031,1790240837.669
1424,01_names,get_prob,embeddings_0,,0.21530084,0.031,1790240837.701
1425,01_names,get_prob,embeddings_1,,0.1406269,0.031,1790240837.747
1426,01_names,get_prob,embeddings_1,,0.1406269,0.031,1790240837.794
1427,01_names,get_prob,idx_0,,0.15783058,0.031,1790240837.841
1428,01_names,get_prob,idx_0,,0.15783058,0.047,1790240837.888
1429,01_names,get_prob,emb_0,,0.051164255,0.031,1790240837.919
1430,01_names,get_prob,emb_0,,0.051164255,0.031,1790240837.966
1431,01_names,get_prob,idx_1,,0.15175974,0.031,1790240838.013
1432,01_names,get_prob,idx_1,,0.15175974,0.031,1790240838.044
1433,01_names,get_prob,emb_1,,-0.021459563,0.031,1790240838.091
1434,01_names,get_prob,emb_1,,-0.021459563,0.031,1790240838.138
1435,01_names,get_prob,cos_sim,,-0.1084713,0.031,1790240838.185
1436,01_names,get_prob,cos_sim,,-0.1084713,0.031,1790240838.216
1437,01_names,get_prob,idx_0,,0.15783058,0.031,1790240838.263
1438,01_names,get_prob,idx_0,,0.15783058,0.031,1790240838.31
1439,01_names,get_prob,func_name_item,,-0.53279823,0.031,1790240838.357
1440,01_names,get_prob,func_name_item,,-0.53279823,0.047,1790240838.404
1441,01_names,get_prob,first_similar_idx,,0.45706677,0.031,1790240838.435
1442,01_names,get_prob,first_similar_idx,,0.45706677,0.031,1790240838.482
1443,01_names,get_prob,func_reorder_needed,,-0.18680255,0.031,1790240838.529
1444,01_names,get_prob,func_reorder_needed,,-0.18680255,0.031,1790240838.56
1445,01_names,get_prob,idx_1,,0.15175974,0.031,1790240838.607
1446,01_names,get_prob,idx_1,,0.15175974,0.031,1790240838.654
1447,01_names,get_prob,first_similar_idx,,0.45706677,0.031,1790240838.701
1448,01_names,get_prob,first_similar_idx,,0.45706677,0.031,1790240838.732
1449,01_names,get_prob,func_reorder_needed,,-0.18680255,0.031,1790240838.779
1450,01_names,get_prob,func_reorder_needed,,-0.18680255,0.031,1790240838.826
1451,01_names,get_prob,func_name,,-0.44983828,0.047,1790240838.872
1452,01_names,get_prob,func_name,,-0.44983828,0.031,1790240838.904
1453,01_names,get_prob,line_no,,-0.04406003,0.031,1790240838.95
1454,01_names,get_prob,line_no,,-0.04406003,0.031,1790240838.997
1455,01_names,get_prob,checks,,-0.11107712,0.047,1790240839.044
1456,01_names,get_prob,checks,,-0.11107712,0.031,1790240839.075
1457,01_names,get_prob,name,,-0.22315958,0.031,1790240839.122
1458,01_names,get_prob,name,,-0.22315958,0.031,1790240839.169
1459,01_names,get_prob,python_basics_result,,0.39202255,0.047,1790240839.216
1460,01_names,get_prob,python_basics_result,,0.39202255,0.031,1790240839.247
1461,01_names,get_prob,basic_convention_result,,-0.00092979334,0.031,1790240839.294
1462,01_names,get_prob,basic_convention_result,,-0.00092979334,0.031,1790240839.341
1463,01_names,get_prob,simplification_result,,0.29681998,0.047,1790240839.388
1464,01_names,get_prob,simplification_result,,0.29681998,0.031,1790240839.419
1465,01_names,get_prob,other_pythonic_result,,0.416243,0.031,1790240839.466
1466,01_names,get_prob,other_pythonic_result,,0.416243,0.031,1790240839.513
1467,01_names,get_prob,exceptions_result,,0.24278201,0.031,1790240839.544
1468,01_names,get_prob,exceptions_result,,0.24278201,0.031,1790240839.591
1469,01_names,get_prob,cohesiveness_and_class_result,,0.038267113,0.031,1790240839.638
1470,01_names,get_prob,cohesiveness_and_class_result,,0.038267113,0.031,1790240839.685
1471,01_names,get_prob,final_result,,0.17117047,0.031,1790240839.716
1472,01_names,get_prob,final_result,,0.17117047,0.031,1790240839.763
1473,01_names,get_prob,default_code_checker,,-0.16561823,0.031,1790240839.81
1474,01_names,get_prob,default_code_checker,,-0.16561823,0.031,1790240839.857
1475,01_names,get_prob,simplify_code,,-0.16069612,0.031,1790240839.888
1476,01_names,get_prob,simplify_code,,-0.16069612,0.031,1790240839.935
1477,01_names,get_prob,convert_to_human_friendly_review,,-0.09698858,0.031,1790240839.982
1478,01_names,get_prob,convert_to_human_friendly_review,,-0.09698858,0.031,1790240840.029
1479,01_names,get_prob,ellipse_str,,-0.3086916,0.031,1790240840.06
1480,01_names,get_prob,ellipse_str,,-0.3086916,0.031,1790240840.107
1481,01_names,get_prob,extract_comment,,-0.5473299,0.031,1790240840.154
1482,01_names,get_prob,extract_comment,,-0.5473299,0.031,1790240840.2
1483,01_names,get_prob,check_regex_matched_lines,,-0.7544835,0.031,1790240840.232
1484,01_names,get_prob,check_regex_matched_lines,,-0.7544835,0.031,1790240840.279
1485,01_names,get_prob,is_valid_code,,-0.29546893,0.031,1790240840.325
1486,01_names,get_prob,is_valid_code,,-0.29546893,0.031,1790240840.372
1487,01_names,get_prob,check_a_in_b,,0.123966016,0.031,1790240840.404
1488,01_names,get_prob,check_a_in_b,,0.123966016,0.031,1790240840.45
1489,01_names,get_prob,__init__,,-0.0093294885,0.031,1790240840.497
1490,01_names,get_prob,__init__,,-0.0093294885,0.031,1790240840.544
1491,01_names,get_prob,_parse_codes,,0.32452664,0.031,1790240840.575
1492,01_names,get_prob,_parse_codes,,0.32452664,0.031,1790240840.622
1493,01_names,get_prob,_get_function_name_by_line,,-0.26585704,0.031,1790240840.669
1494,01_names,get_prob,_get_function_name_by_line,,-0.26585704,0.031,1790240840.716
1495,01_names,get_prob,_get_class_name_by_line,,-0.31730577,0.047,1790240840.763
1496,01_names,get_prob,_get_class_name_by_line,,-0.31730577,0.031,1790240840.794
1497,01_names,get_prob,_get_definitions_and_usages,,0.20732869,0.031,1790240840.841
1498,01_names,get_prob,_get_definitions_and_usages,,0.20732869,0.031,1790240840.888
1499,01_names,get_prob,_get_constants,,-0.13448483,0.047,1790240840.935
1500,01_names,get_prob,_get_constants,,-0.13448483,0.031,1790240840.966
1501,01_names,get_prob,_get_function_bodies,,0.39477232,0.031,1790240841.013
1502,01_names,get_prob,_get_function_bodies,,0.39477232,0.031,1790240841.06
1503,01_names,get_prob,_add_regex_matched_lines,,-0.27935186,0.047,1790240841.107
1504,01_names,get_prob,_add_regex_matched_lines,,-0.27935186,0.031,1790240841.138
1505,01_names,get_prob,_init_final_result_dict,,0.020330364,0.031,1790240841.185
1506,01_names,get_prob,_init_final_result_dict,,0.020330364,0.031,1790240841.232
1507,01_names,get_prob,_find_if_elif_else_patterns,,-0.283918,0.031,1790240841.278
1508,01_names,get_prob,_find_if_elif_else_patterns,,-0.283918,0.031,1790240841.31
1509,01_names,get_prob,update_final_result_dict,,0.061675094,0.031,1790240841.357
1510,01_names,get_prob,update_final_result_dict,,0.061675094,0.031,1790240841.403
1511,01_names,get_prob,run_code_review,,-0.16140772,0.031,1790240841.45
1512,01_names,get_prob,run_code_review,,-0.16140772,0.031,1790240841.482
1513,01_names,get_prob,__init__,,-0.0093294885,0.031,1790240841.528
1514,01_names,get_prob,__init__,,-0.0093294885,0.031,1790240841.575
1515,01_names,get_prob,_delete_imported_review_items,,-0.065331064,0.031,1790240841.622
1516,01_names,get_prob,_delete_imported_review_items,,-0.065331064,0.047,1790240841.669
1517,01_names,get_prob,_mark_used_as_imported,,-0.0020971056,0.031,1790240841.7
1518,01_names,get_prob,_mark_used_as_imported,,-0.0020971056,0.031,1790240841.747
1519,01_names,get_prob,_is_function_bodies_similar,,0.45614335,0.031,1790240841.794
1520,01_names,get_prob,_is_function_bodies_similar,,0.45614335,0.047,1790240841.841
1521,01_names,get_prob,_check_unused,,0.24521424,0.031,1790240841.872
1522,01_names,get_prob,_check_unused,,0.24521424,0.031,1790240841.919
1523,01_names,get_prob,_check_unnecessary_prints,,-0.1752381,0.031,1790240841.966
1524,01_names,get_prob,_check_unnecessary_prints,,-0.1752381,0.031,1790240842.013
1525,01_names,get_prob,_check_duplicates,,0.420548,0.031,1790240842.044
1526,01_names,get_prob,_check_duplicates,,0.420548,0.031,1790240842.091
1527,01_names,get_prob,_find_all_similar_text_pairs,,-0.1279035,0.031,1790240842.138
1528,01_names,get_prob,_find_all_similar_text_pairs,,-0.1279035,0.031,1790240842.185
1529,01_names,get_prob,check_text_similar_with_prevs,,0.1984348,0.047,1790240842.232
1530,01_names,get_prob,check_text_similar_with_prevs,,0.1984348,0.031,1790240842.263
1531,01_names,get_prob,_check_similar_variables,,0.4462998,0.031,1790240842.31
1532,01_names,get_prob,_check_similar_variables,,0.4462998,0.031,1790240842.357
1533,01_names,get_prob,_check_same_func_args,,0.015782306,0.031,1790240842.403
1534,01_names,get_prob,_check_same_func_args,,0.015782306,0.031,1790240842.435
1535,01_names,get_prob,_check_names,,-0.043151148,0.031,1790240842.482
1536,01_names,get_prob,_check_names,,-0.043151148,0.031,1790240842.528
1537,01_names,get_prob,_check_return_matched_with_func_name,,-0.6755418,0.031,1790240842.575
1538,01_names,get_prob,_check_return_matched_with_func_name,,-0.6755418,0.047,1790240842.622
1539,01_names,get_prob,_check_library_orders,,0.24448316,0.031,1790240842.653
1540,01_names,get_prob,_check_library_orders,,0.24448316,0.031,1790240842.7
1541,01_names,get_prob,_check_func_docstring,,-0.029459348,0.031,1790240842.747
1542,01_names,get_prob,_check_func_docstring,,-0.029459348,0.031,1790240842.794
1543,01_names,get_prob,_check_commented_codes,,0.09517794,0.047,1790240842.841
1544,01_names,get_prob,_check_commented_codes,,0.09517794,0.031,1790240842.872
1545,01_names,get_prob,_check_empty_file,,0.0739036,0.031,1790240842.919
1546,01_names,get_prob,_check_empty_file,,0.0739036,0.031,1790240842.966
1547,01_names,get_prob,run_code_review,,-0.16140772,0.031,1790240843.013
1548,01_names,get_prob,run_code_review,,-0.16140772,0.031,1790240843.044
1549,01_names,get_prob,__init__,,-0.0093294885,0.031,1790240843.091
1550,01_names,get_prob,__init__,,-0.0093294885,0.031,1790240843.138
1551,01_names,get_prob,_check_const,,0.033071555,0.031,1790240843.185
1552,01_names,get_prob,_check_const,,0.033071555,0.047,1790240843.231
1553,01_names,get_prob,_check_line_length,,-0.1535104,0.031,1790240843.263
1554,01_names,get_prob,_check_line_length,,-0.1535104,0.031,1790240843.31
1555,01_names,get_prob,_check_files,,0.54198605,0.031,1790240843.357
1556,01_names,get_prob,_check_files,,0.54198605,0.031,1790240843.403
1557,01_names,get_prob,_check_functions,,0.3050356,0.047,1790240843.45
1558,01_names,get_prob,_check_functions,,0.3050356,0.031,1790240843.481
1559,01_names,get_prob,_check_indent,,-0.13821636,0.031,1790240843.528
1560,01_names,get_prob,_check_indent,,-0.13821636,0.031,1790240843.575
1561,01_names,get_prob,run_code_review,,-0.16140772,0.031,1790240843.622
1562,01_names,get_prob,run_code_review,,-0.16140772,0.047,1790240843.669
1563,01_names,get_prob,__init__,,-0.0093294885,0.031,1790240843.7
1564,01_names,get_prob,__init__,,-0.0093294885,0.031,1790240843.747
1565,01_names,get_prob,_check_suggest_list_comprehension,,-0.3991088,0.031,1790240843.794
1566,01_names,get_prob,_check_suggest_list_comprehension,,-0.3991088,0.031,1790240843.841
1567,01_names,get_prob,_check_generator_expression,,-0.19083415,0.047,1790240843.888
1568,01_names,get_prob,_check_generator_expression,,-0.19083415,0.031,1790240843.919
1569,01_names,get_prob,_check_if_to_dict,,-0.2552582,0.031,1790240843.966
1570,01_names,get_prob,_check_if_to_dict,,-0.2552582,0.031,1790240844.013
1571,01_names,get_prob,_check_path_format,,0.016158083,0.031,1790240844.06
1572,01_names,get_prob,_check_path_format,,0.016158083,0.047,1790240844.106
1573,01_names,get_prob,_check_defaultdict,,-0.09985032,0.031,1790240844.138
1574,01_names,get_prob,_check_defaultdict,,-0.09985032,0.031,1790240844.185
1575,01_names,get_prob,_check_any_all,,0.06787843,0.031,1790240844.231
1576,01_names,get_prob,_check_any_all,,0.06787843,0.031,1790240844.278
1577,01_names,get_prob,_check_zip,,-0.12609018,0.031,1790240844.31
1578,01_names,get_prob,_check_zip,,-0.12609018,0.031,1790240844.356
1579,01_names,get_prob,_match_zip,,-0.26842067,0.031,1790240844.403
1580,01_names,get_prob,_match_zip,,-0.26842067,0.031,1790240844.45
1581,01_names,get_prob,_check_enumerate,,-0.1043567,0.031,1790240844.497
1582,01_names,get_prob,_check_enumerate,,-0.1043567,0.031,1790240844.528
1583,01_names,get_prob,_check_itertools_product,,-0.13938695,0.031,1790240844.575
1584,01_names,get_prob,_check_itertools_product,,-0.13938695,0.031,1790240844.622
1585,01_names,get_prob,_check_just_read_write_to_read_write_text,,0.08109624,0.031,1790240844.669
1586,01_names,get_prob,_check_just_read_write_to_read_write_text,,0.08109624,0.031,1790240844.716
1587,01_names,get_prob,_check_sentence_empty,,-0.25886637,0.047,1790240844.763
1588,01_names,get_prob,_check_sentence_empty,,-0.25886637,0.031,1790240844.794
1589,01_names,get_prob,_check_handle_none,,0.17352237,0.031,1790240844.841
1590,01_names,get_prob,_check_handle_none,,0.17352237,0.031,1790240844.888
1591,01_names,get_prob,_check_extend,,0.08463002,0.031,1790240844.935
1592,01_names,get_prob,_check_extend,,0.08463002,0.031,1790240844.981
1593,01_names,get_prob,_check_count,,0.33360583,0.047,1790240845.028
1594,01_names,get_prob,_check_count,,0.33360583,0.031,1790240845.06
1595,01_names,get_prob,_check_index,,0.07421867,0.031,1790240845.106
1596,01_names,get_prob,_check_index,,0.07421867,0.031,1790240845.153
1597,01_names,get_prob,_check_str_join,,-0.37183633,0.031,1790240845.2
1598,01_names,get_prob,_check_str_join,,-0.37183633,0.047,1790240845.247
1599,01_names,get_prob,_check_use_map,,-0.02029266,0.031,1790240845.278
1600,01_names,get_prob,_check_use_map,,-0.02029266,0.031,1790240845.325
1601,01_names,get_prob,run_code_review,,-0.16140772,0.031,1790240845.372
1602,01_names,get_prob,run_code_review,,-0.16140772,0.031,1790240845.419
1603,01_names,get_prob,__init__,,-0.0093294885,0.031,1790240845.466
1604,01_names,get_prob,__init__,,-0.0093294885,0.031,1790240845.497
1605,01_names,get_prob,_check_unpacking,,-0.119432926,0.031,1790240845.544
1606,01_names,get_prob,_check_unpacking,,-0.119432926,0.031,1790240845.591
1607,01_names,get_prob,_check_open_file,,-0.027990839,0.031,1790240845.638
1608,01_names,get_prob,_check_open_file,,-0.027990839,0.031,1790240845.684
1609,01_names,get_prob,_check_key_itemgetter,,-0.24199848,0.047,1790240845.731
1610,01_names,get_prob,_check_key_itemgetter,,-0.24199848,0.031,1790240845.763
1611,01_names,get_prob,_check_f_string,,-0.007967075,0.031,1790240845.809
1612,01_names,get_prob,_check_f_string,,-0.007967075,0.031,1790240845.856
1613,01_names,get_prob,_check_collections_itertools_glob,,-0.419462,0.031,1790240845.903
1614,01_names,get_prob,_check_collections_itertools_glob,,-0.419462,0.047,1790240845.95
1615,01_names,get_prob,_check_func_args_bindable,,-0.31192273,0.031,1790240845.981
1616,01_names,get_prob,_check_func_args_bindable,,-0.31192273,0.031,1790240846.028
1617,01_names,get_prob,_check_attribute_getattr,,-0.27313045,0.031,1790240846.075
1618,01_names,get_prob,_check_attribute_getattr,,-0.27313045,0.031,1790240846.122
1619,01_names,get_prob,_check_regex_r,,-0.29953587,0.047,1790240846.169
1620,01_names,get_prob,_check_regex_r,,-0.29953587,0.031,1790240846.2
1621,01_names,get_prob,_check_func_lambda,,-0.30279666,0.031,1790240846.247
1622,01_names,get_prob,_check_func_lambda,,-0.30279666,0.031,1790240846.294
1623,01_names,get_prob,flmf,,0.100284964,0.031,1790240846.341
1624,01_names,get_prob,flmf,,0.100284964,0.031,1790240846.388
1625,01_names,get_prob,_check_prefix_suffix,,-0.1684039,0.031,1790240846.419
1626,01_names,get_prob,_check_prefix_suffix,,-0.1684039,0.031,1790240846.466
1627,01_names,get_prob,run_code_review,,-0.16140772,0.031,1790240846.513
1628,01_names,get_prob,run_code_review,,-0.16140772,0.031,1790240846.559
1629,01_names,get_prob,__init__,,-0.0093294885,0.031,1790240846.606
1630,01_names,get_prob,__init__,,-0.0093294885,0.047,1790240846.653
1631,01_names,get_prob,_check_exception_ignored,,-0.046054922,0.031,1790240846.684
1632,01_names,get_prob,_check_exception_ignored,,-0.046054922,0.031,1790240846.731
1633,01_names,get_prob,_check_exception_type,,-0.07830676,0.031,1790240846.778
1634,01_names,get_prob,_check_exception_type,,-0.07830676,0.031,1790240846.825
1635,01_names,get_prob,_check_func_arg_error_prevent,,-0.45149225,0.047,1790240846.872
1636,01_names,get_prob,_check_func_arg_error_prevent,,-0.45149225,0.031,1790240846.903
1637,01_names,get_prob,flmf,,0.100284964,0.031,1790240846.95
1638,01_names,get_prob,flmf,,0.100284964,0.031,1790240846.997
1639,01_names,get_prob,_check_assertion_try_except,,0.07091556,0.031,1790240847.044
1640,01_names,get_prob,_check_assertion_try_except,,0.07091556,0.031,1790240847.091
1641,01_names,get_prob,_check_python_keywords_args,,-0.34744555,0.047,1790240847.138
1642,01_names,get_prob,_check_python_keywords_args,,-0.34744555,0.031,1790240847.169
1643,01_names,get_prob,run_code_review,,-0.16140772,0.031,1790240847.216
1644,01_names,get_prob,run_code_review,,-0.16140772,0.031,1790240847.263
1645,01_names,get_prob,__init__,,-0.0093294885,0.031,1790240847.309
1646,01_names,get_prob,__init__,,-0.0093294885,0.047,1790240847.356
1647,01_names,get_prob,_check_refactor_into_class_case_1_same_args,,-0.5352157,0.047,1790240847.403
1648,01_names,get_prob,_check_refactor_into_class_case_1_same_args,,-0.5352157,0.031,1790240847.434
1649,01_names,get_prob,_check_refactor_into_class_case_2_state_vars_if_else,,-0.33390594,0.031,1790240847.481
1650,01_names,get_prob,_check_refactor_into_class_case_2_state_vars_if_else,,-0.33390594,0.031,1790240847.528
1651,01_names,get_prob,check_is_state_value,,-0.307564,0.031,1790240847.575
1652,01_names,get_prob,check_is_state_value,,-0.307564,0.031,1790240847.622
1653,01_names,get_prob,_check_prefix_for_only_in_class_methods,,-0.08333864,0.047,1790240847.669
1654,01_names,get_prob,_check_prefix_for_only_in_class_methods,,-0.08333864,0.047,1790240847.716
1655,01_names,get_prob,flmf,,0.100284964,0.031,1790240847.747
1656,01_names,get_prob,flmf,,0.100284964,0.031,1790240847.794
1657,01_names,get_prob,_check_similar_function_names,,0.07357604,0.031,1790240847.841
1658,01_names,get_prob,_check_similar_function_names,,0.07357604,0.031,1790240847.887
1659,01_names,get_prob,run_code_review,,-0.16140772,0.031,1790240847.934
1660,01_names,get_prob,run_code_review,,-0.16140772,0.047,1790240847.981
1661,01_names,get_prob,__init__,,-0.0093294885,0.031,1790240848.012
1662,01_names,get_prob,__init__,,-0.0093294885,0.031,1790240848.059
1663,01_names,get_prob,_check_python_basics,,0.310231,0.031,1790240848.106
1664,01_names,get_prob,_check_python_basics,,0.310231,0.031,1790240848.153
1665,01_names,get_prob,_check_basic_convention,,-0.15017505,0.031,1790240848.2
1666,01_names,get_prob,_check_basic_convention,,-0.15017505,0.047,1790240848.247
1667,01_names,get_prob,_check_simplification,,0.011839056,0.031,1790240848.278
1668,01_names,get_prob,_check_simplification,,0.011839056,0.031,1790240848.325
1669,01_names,get_prob,_check_other_pythonic,,0.02758121,0.031,1790240848.372
1670,01_names,get_prob,_check_other_pythonic,,0.02758121,0.031,1790240848.419
1671,01_names,get_prob,_check_exceptions,,0.07716304,0.031,1790240848.466
1672,01_names,get_prob,_check_exceptions,,0.07716304,0.047,1790240848.512
1673,01_names,get_prob,_check_cohesiveness_and_class,,-0.051010408,0.031,1790240848.544
1674,01_names,get_prob,_check_cohesiveness_and_class,,-0.051010408,0.031,1790240848.591
1675,01_names,get_prob,run_code_review,,-0.16140772,0.031,1790240848.637
1676,01_names,get_prob,run_code_review,,-0.16140772,0.031,1790240848.684
1677,01_names,get_prob,default_code_review_func,,-0.27964148,0.031,1790240848.731
1678,01_names,get_prob,default_code_review_func,,-0.27964148,0.047,1790240848.778
1679,01_names,get_prob,unused_variable,,-0.11753752,0.031,1790240848.809
1680,01_names,get_prob,unused_variable,,-0.11753752,0.031,1790240848.856
1681,01_names,get_prob,TEST_DUPLICATED,,-0.10354224,0.031,1790240848.903
1682,01_names,get_prob,TEST_DUPLICATED,,-0.10354224,0.031,1790240848.95
1683,01_names,get_prob,IMPORT_NUM,,-0.23639004,0.031,1790240848.997
1684,01_names,get_prob,IMPORT_NUM,,-0.23639004,0.047,1790240849.044
1685,01_names,get_prob,common_value,,-0.08489973,0.031,1790240849.075
1686,01_names,get_prob,common_value,,-0.08489973,0.031,1790240849.122
1687,01_names,get_prob,logger,,0.7064648,0.031,1790240849.169
1688,01_names,get_prob,logger,,0.7064648,0.031,1790240849.216
1689,01_names,get_prob,a,,-0.43511188,0.031,1790240849.262
1690,01_names,get_prob,a,,-0.43511188,0.047,1790240849.309
1691,01_names,get_prob,common_value,,-0.08489973,0.031,1790240849.341
1692,01_names,get_prob,common_value,,-0.08489973,0.031,1790240849.387
1693,01_names,get_prob,nparray,,0.3172861,0.031,1790240849.434
1694,01_names,get_prob,nparray,,0.3172861,0.031,1790240849.481
1695,01_names,get_prob,nparray2,,0.28791183,0.031,1790240849.528
1696,01_names,get_prob,nparray2,,0.28791183,0.047,1790240849.575
1697,01_names,get_prob,i,,-0.2757378,0.031,1790240849.606
1698,01_names,get_prob,i,,-0.2757378,0.031,1790240849.653
1699,01_names,get_prob,idx,,0.01725431,0.031,1790240849.7
1700,01_names,get_prob,idx,,0.01725431,0.031,1790240849.747
1701,01_names,get_prob,default_version,,-0.12532423,0.031,1790240849.794
1702,01_names,get_prob,default_version,,-0.12532423,0.047,1790240849.841
1703,01_names,get_prob,next_level,,-0.15387876,0.031,1790240849.872
1704,01_names,get_prob,next_level,,-0.15387876,0.033,1790240849.921
1705,01_names,get_prob,python_code_no,,0.0711258,0.031,1790240849.968
1706,01_names,get_prob,python_code_no,,0.0711258,0.031,1790240850.014
1707,01_names,get_prob,python_code_num,,-0.21029495,0.031,1790240850.061
1708,01_names,get_prob,python_code_num,,-0.21029495,0.047,1790240850.108
1709,01_names,get_prob,test,,0.25305876,0.031,1790240850.139
1710,01_names,get_prob,test,,0.25305876,0.031,1790240850.186
1711,01_names,get_prob,imported_value,,-0.26375696,0.031,1790240850.233
1712,01_names,get_prob,imported_value,,-0.26375696,0.031,1790240850.28
1713,01_names,get_prob,imported_but_unused_value,,0.14599326,0.031,1790240850.327
1714,01_names,get_prob,imported_but_unused_value,,0.14599326,0.031,1790240850.374
1715,01_names,get_prob,unused_function,,0.042154916,0.047,1790240850.421
1716,01_names,get_prob,unused_function,,0.042154916,0.031,1790240850.452
1717,01_names,get_prob,abc,,-0.62973654,0.031,1790240850.499
1718,01_names,get_prob,abc,,-0.62973654,0.031,1790240850.546
1719,01_names,get_prob,similar_func1,,0.054463692,0.031,1790240850.593
1720,01_names,get_prob,similar_func1,,0.054463692,0.031,1790240850.639
1721,01_names,get_prob,similar_func2,,0.12572555,0.047,1790240850.686
1722,01_names,get_prob,similar_func2,,0.12572555,0.031,1790240850.718
1723,01_names,get_prob,get_current_version,,0.618523,0.031,1790240850.764
1724,01_names,get_prob,get_current_version,,0.618523,0.031,1790240850.811
1725,01_names,get_prob,get_current_ver,,-0.3935427,0.031,1790240850.858
1726,01_names,get_prob,get_current_ver,,-0.3935427,0.031,1790240850.905
1727,01_names,get_prob,check_single_responsibility,,0.39991304,0.031,1790240850.952
1728,01_names,get_prob,check_single_responsibility,,0.39991304,0.047,1790240850.999
1729,01_names,get_prob,imported_function,,-0.15796879,0.031,1790240851.03
1730,01_names,get_prob,imported_function,,-0.15796879,0.031,1790240851.077
1731,01_names,get_prob,TEST_DUPLICATED,,-0.10354224,0.031,1790240851.124
1732,01_names,get_prob,TEST_DUPLICATED,,-0.10354224,0.031,1790240851.171
1733,01_names,get_prob,TEST_STR,,-0.25848106,0.031,1790240851.217
1734,01_names,get_prob,TEST_STR,,-0.25848106,0.047,1790240851.264
1735,01_names,get_prob,idx,,0.01725431,0.031,1790240851.296
1736,01_names,get_prob,idx,,0.01725431,0.031,1790240851.342
1737,01_names,get_prob,similar_func3,,0.035658218,0.031,1790240851.389
1738,01_names,get_prob,similar_func3,,0.035658218,0.031,1790240851.436
1739,01_names,get_prob,get_current_version,,0.618523,0.031,1790240851.483
1740,01_names,get_prob,get_current_version,,0.618523,0.031,1790240851.53
1741,01_names,get_prob,logger,,0.7064648,0.047,1790240851.577
1742,01_names,get_prob,logger,,0.7064648,0.031,1790240851.608
1743,01_names,get_prob,I,,-0.06082391,0.031,1790240851.655
1744,01_names,get_prob,I,,-0.06082391,0.031,1790240851.702
1745,01_names,get_prob,J,,-0.25787848,0.031,1790240851.749
1746,01_names,get_prob,J,,-0.25787848,0.031,1790240851.796
1747,01_names,get_prob,K,,0.11538089,0.047,1790240851.842
1748,01_names,get_prob,K,,0.11538089,0.031,1790240851.874
1749,01_names,get_prob,L,,-0.015398143,0.031,1790240851.921
1750,01_names,get_prob,L,,-0.015398143,0.031,1790240851.967
1751,01_names,get_prob,i,,-0.2757378,0.031,1790240852.014
1752,01_names,get_prob,i,,-0.2757378,0.031,1790240852.061
1753,01_names,get_prob,j,,-0.71306765,0.031,1790240852.108
1754,01_names,get_prob,j,,-0.71306765,0.047,1790240852.155
1755,01_names,get_prob,k,,0.33553678,0.031,1790240852.186
1756,01_names,get_prob,k,,0.33553678,0.031,1790240852.233
1757,01_names,get_prob,l,,0.16204454,0.031,1790240852.28
1758,01_names,get_prob,l,,0.16204454,0.031,1790240852.327
1759,01_names,get_prob,I,,-0.06082391,0.031,1790240852.374
1760,01_names,get_prob,I,,-0.06082391,0.031,1790240852.421
1761,01_names,get_prob,J,,-0.25787848,0.031,1790240852.467
1762,01_names,get_prob,J,,-0.25787848,0.047,1790240852.514
1763,01_names,get_prob,K,,0.11538089,0.031,1790240852.546
1764,01_names,get_prob,K,,0.11538089,0.031,1790240852.592
1765,01_names,get_prob,L,,-0.015398143,0.031,1790240852.639
1766,01_names,get_prob,L,,-0.015398143,0.031,1790240852.686
1767,01_names,get_prob,i,,-0.2757378,0.031,1790240852.733
1768,01_names,get_prob,i,,-0.2757378,0.031,1790240852.78
1769,01_names,get_prob,j,,-0.71306765,0.047,1790240852.827
1770,01_names,get_prob,j,,-0.71306765,0.031,1790240852.858
1771,01_names,get_prob,test_dict_test_dict,,-0.16352208,0.031,1790240852.905
1772,01_names,get_prob,test_dict_test_dict,,-0.16352208,0.031,1790240852.952
1773,01_names,get_prob,i,,-0.2757378,0.031,1790240852.999
1774,01_names,get_prob,i,,-0.2757378,0.031,1790240853.046
1775,01_names,get_prob,j,,-0.71306765,0.031,1790240853.092
1776,01_names,get_prob,j,,-0.71306765,0.047,1790240853.139
1777,01_names,get_prob,k,,0.33553678,0.031,1790240853.171
1778,01_names,get_prob,k,,0.33553678,0.031,1790240853.217
1779,01_names,get_prob,test_dict_test_dict,,-0.16352208,0.031,1790240853.264
1780,01_names,get_prob,test_dict_test_dict,,-0.16352208,0.031,1790240853.311
1781,01_names,get_prob,i,,-0.2757378,0.031,1790240853.358
1782,01_names,get_prob,i,,-0.2757378,0.031,1790240853.405
1783,01_names,get_prob,j,,-0.71306765,0.031,1790240853.452
1784,01_names,get_prob,j,,-0.71306765,0.031,1790240853.483
1785,01_names,get_prob,k,,0.33553678,0.031,1790240853.53
1786,01_names,get_prob,k,,0.33553678,0.031,1790240853.577
1787,01_names,get_prob,l,,0.16204454,0.031,1790240853.624
1788,01_names,get_prob,l,,0.16204454,0.031,1790240853.67
1789,01_names,get_prob,i,,-0.2757378,0.031,1790240853.717
1790,01_names,get_prob,i,,-0.2757378,0.047,1790240853.764
1791,01_names,get_prob,i,,-0.2757378,0.031,1790240853.795
1792,01_names,get_prob,i,,-0.2757378,0.031,1790240853.842
1793,01_names,get_prob,i,,-0.2757378,0.031,1790240853.889
1794,01_names,get_prob,i,,-0.2757378,0.031,1790240853.936
1795,01_names,get_prob,i,,-0.2757378,0.031,1790240853.983
1796,01_names,get_prob,i,,-0.2757378,0.047,1790240854.03
1797,01_names,get_prob,i,,-0.2757378,0.031,1790240854.061
1798,01_names,get_prob,i,,-0.2757378,0.031,1790240854.108
1799,01_names,get_prob,i,,-0.2757378,0.032,1790240854.156
1800,01_names,get_prob,i,,-0.2757378,0.031,1790240854.202
1801,01_names,get_prob,i,,-0.2757378,0.031,1790240854.249
1802,01_names,get_prob,i,,-0.2757378,0.047,1790240854.296
1803,01_names,get_prob,i,,-0.2757378,0.031,1790240854.343
1804,01_names,get_prob,i,,-0.2757378,0.031,1790240854.39
1805,01_names,get_prob,i,,-0.2757378,0.031,1790240854.437
1806,01_names,get_prob,i,,-0.2757378,0.047,1790240854.484
1807,01_names,get_prob,i,,-0.2757378,0.031,1790240854.515
1808,01_names,get_prob,i,,-0.2757378,0.031,1790240854.562
1809,01_names,get_prob,i,,-0.2757378,0.031,1790240854.609
1810,01_names,get_prob,i,,-0.2757378,0.031,1790240854.656
1811,01_names,get_prob,i,,-0.2757378,0.031,1790240854.702
1812,01_names,get_prob,i,,-0.2757378,0.031,1790240854.749
1813,01_names,get_prob,i,,-0.2757378,0.047,1790240854.796
1814,01_names,get_prob,i,,-0.2757378,0.031,1790240854.827
1815,01_names,get_prob,i,,-0.2757378,0.031,1790240854.874
1816,01_names,get_prob,i,,-0.2757378,0.031,1790240854.921
1817,01_names,get_prob,i,,-0.2757378,0.031,1790240854.968
1818,01_names,get_prob,i,,-0.2757378,0.031,1790240855.015
1819,01_names,get_prob,i,,-0.2757378,0.031,1790240855.062
1820,01_names,get_prob,i,,-0.2757378,0.047,1790240855.109
1821,01_names,get_prob,i,,-0.2757378,0.031,1790240855.14
1822,01_names,get_prob,i,,-0.2757378,0.031,1790240855.187
1823,01_names,get_prob,i,,-0.2757378,0.031,1790240855.234
1824,01_names,get_prob,i,,-0.2757378,0.031,1790240855.281
1825,01_names,get_prob,i,,-0.2757378,0.031,1790240855.327
1826,01_names,get_prob,i,,-0.2757378,0.031,1790240855.374
1827,01_names,get_prob,i,,-0.2757378,0.047,1790240855.421
1828,01_names,get_prob,i,,-0.2757378,0.031,1790240855.452
1829,01_names,get_prob,i,,-0.2757378,0.031,1790240855.499
1830,01_names,get_prob,i,,-0.2757378,0.031,1790240855.546
1831,01_names,get_prob,i,,-0.2757378,0.031,1790240855.593
1832,01_names,get_prob,i,,-0.2757378,0.031,1790240855.64
1833,01_names,get_prob,i,,-0.2757378,0.031,1790240855.687
1834,01_names,get_prob,i,,-0.2757378,0.047,1790240855.734
1835,01_names,get_prob,i,,-0.2757378,0.031,1790240855.765
1836,01_names,get_prob,i,,-0.2757378,0.031,1790240855.812
1837,01_names,get_prob,without_type_hint,,-0.29211637,0.031,1790240855.859
1838,01_names,get_prob,without_type_hint,,-0.29211637,0.031,1790240855.905
1839,01_names,get_prob,with_type_hint,,-0.43706068,0.031,1790240855.952
1840,01_names,get_prob,with_type_hint,,-0.43706068,0.031,1790240855.999
1841,01_names,get_prob,long_function_with_docstring,,0.0016680304,0.047,1790240856.046
1842,01_names,get_prob,long_function_with_docstring,,0.0016680304,0.031,1790240856.077
1843,01_names,get_prob,long_function_wo_docstring,,-0.100689344,0.031,1790240856.124
1844,01_names,get_prob,long_function_wo_docstring,,-0.100689344,0.031,1790240856.171
1845,01_names,get_prob,too_long_function,,-0.13437198,0.031,1790240856.218
1846,01_names,get_prob,too_long_function,,-0.13437198,0.031,1790240856.265
1847,01_names,get_prob,aaa,,-0.75198066,0.031,1790240856.312
1848,01_names,get_prob,aaa,,-0.75198066,0.047,1790240856.359
1849,01_names,get_prob,bbb,,-0.44989964,0.031,1790240856.39
1850,01_names,get_prob,bbb,,-0.44989964,0.031,1790240856.437
1851,01_names,get_prob,ccc,,-0.70397645,0.031,1790240856.484
1852,01_names,get_prob,ccc,,-0.70397645,0.031,1790240856.53
1853,01_names,get_prob,ddd,,-0.22973713,0.031,1790240856.577
1854,01_names,get_prob,ddd,,-0.22973713,0.031,1790240856.624
1855,01_names,get_prob,eee,,-0.65952486,0.031,1790240856.671
1856,01_names,get_prob,eee,,-0.65952486,0.031,1790240856.702
1857,01_names,get_prob,fff,,-0.06549757,0.031,1790240856.749
1858,01_names,get_prob,fff,,-0.06549757,0.031,1790240856.796
1859,01_names,get_prob,ggg,,-0.63526475,0.031,1790240856.843
1860,01_names,get_prob,ggg,,-0.63526475,0.031,1790240856.89
1861,01_names,get_prob,hhh,,-0.15650003,0.031,1790240856.937
1862,01_names,get_prob,hhh,,-0.15650003,0.031,1790240856.984
1863,01_names,get_prob,arr,,-0.040858045,0.047,1790240857.03
1864,01_names,get_prob,arr,,-0.040858045,0.031,1790240857.062
1865,01_names,get_prob,new_arr,,-0.064639755,0.031,1790240857.109
1866,01_names,get_prob,new_arr,,-0.064639755,0.031,1790240857.155
1867,01_names,get_prob,item,,-0.04368698,0.031,1790240857.202
1868,01_names,get_prob,item,,-0.04368698,0.031,1790240857.249
1869,01_names,get_prob,item,,-0.04368698,0.031,1790240857.296
1870,01_names,get_prob,item,,-0.04368698,0.031,1790240857.343
1871,01_names,get_prob,result,,0.6176761,0.047,1790240857.39
1872,01_names,get_prob,result,,0.6176761,0.031,1790240857.421
1873,01_names,get_prob,item,,-0.04368698,0.031,1790240857.468
1874,01_names,get_prob,item,,-0.04368698,0.031,1790240857.515
1875,01_names,get_prob,result,,0.6176761,0.031,1790240857.562
1876,01_names,get_prob,result,,0.6176761,0.031,1790240857.609
1877,01_names,get_prob,item,,-0.04368698,0.031,1790240857.655
1878,01_names,get_prob,item,,-0.04368698,0.031,1790240857.702
1879,01_names,get_prob,item,,-0.04368698,0.047,1790240857.749
1880,01_names,get_prob,item,,-0.04368698,0.031,1790240857.78
1881,01_names,get_prob,result,,0.6176761,0.031,1790240857.827
1882,01_names,get_prob,result,,0.6176761,0.031,1790240857.874
1883,01_names,get_prob,item,,-0.04368698,0.031,1790240857.921
1884,01_names,get_prob,item,,-0.04368698,0.031,1790240857.968
1885,01_names,get_prob,result,,0.6176761,0.031,1790240858.015
1886,01_names,get_prob,result,,0.6176761,0.031,1790240858.062
1887,01_names,get_prob,primes,,-0.37541732,0.047,1790240858.108
1888,01_names,get_prob,primes,,-0.37541732,0.031,1790240858.14
1889,01_names,get_prob,p,,0.3153432,0.031,1790240858.187
1890,01_names,get_prob,p,,0.3153432,0.031,1790240858.233
1891,01_names,get_prob,p,,0.3153432,0.031,1790240858.28
1892,01_names,get_prob,p,,0.3153432,0.031,1790240858.327
1893,01_names,get_prob,p,,0.3153432,0.031,1790240858.374
1894,01_names,get_prob,p,,0.3153432,0.031,1790240858.421
1895,01_names,get_prob,p,,0.3153432,0.047,1790240858.468
1896,01_names,get_prob,p,,0.3153432,0.031,1790240858.499
1897,01_names,get_prob,p,,0.3153432,0.031,1790240858.546
1898,01_names,get_prob,p,,0.3153432,0.031,1790240858.593
1899,01_names,get_prob,p,,0.3153432,0.031,1790240858.64
1900,01_names,get_prob,p,,0.3153432,0.031,1790240858.687
1901,01_names,get_prob,p,,0.3153432,0.031,1790240858.733
1902,01_names,get_prob,p,,0.3153432,0.031,1790240858.78
1903,01_names,get_prob,p,,0.3153432,0.047,1790240858.827
1904,01_names,get_prob,p,,0.3153432,0.031,1790240858.858
1905,01_names,get_prob,p,,0.3153432,0.031,1790240858.905
1906,01_names,get_prob,p,,0.3153432,0.031,1790240858.952
1907,01_names,get_prob,p,,0.3153432,0.031,1790240858.999
1908,01_names,get_prob,p,,0.3153432,0.031,1790240859.046
1909,01_names,get_prob,test,,0.25305876,0.031,1790240859.093
1910,01_names,get_prob,test,,0.25305876,0.031,1790240859.14
1911,01_names,get_prob,test_abc,,-0.2552573,0.047,1790240859.187
1912,01_names,get_prob,test_abc,,-0.2552573,0.031,1790240859.218
1913,01_names,get_prob,test_def,,-0.08997545,0.031,1790240859.265
1914,01_names,get_prob,test_def,,-0.08997545,0.031,1790240859.312
1915,01_names,get_prob,path,,0.17991306,0.031,1790240859.358
1916,01_names,get_prob,path,,0.17991306,0.031,1790240859.405
1917,01_names,get_prob,non_path,,-0.09184284,0.031,1790240859.452
1918,01_names,get_prob,non_path,,-0.09184284,0.031,1790240859.499
1919,01_names,get_prob,data,,0.29621997,0.047,1790240859.546
1920,01_names,get_prob,data,,0.29621997,0.031,1790240859.577
1921,01_names,get_prob,groups,,0.21734145,0.031,1790240859.624
1922,01_names,get_prob,groups,,0.21734145,0.031,1790240859.671
1923,01_names,get_prob,category,,0.08485667,0.031,1790240859.718
1924,01_names,get_prob,category,,0.08485667,0.031,1790240859.765
1925,01_names,get_prob,item,,-0.04368698,0.031,1790240859.812
1926,01_names,get_prob,item,,-0.04368698,0.031,1790240859.858
1927,01_names,get_prob,words,,0.1130291,0.031,1790240859.905
1928,01_names,get_prob,words,,0.1130291,0.047,1790240859.952
1929,01_names,get_prob,counts,,0.070904285,0.031,1790240859.983
1930,01_names,get_prob,counts,,0.070904285,0.031,1790240860.03
1931,01_names,get_prob,word,,-0.11813408,0.031,1790240860.077
1932,01_names,get_prob,word,,-0.11813408,0.031,1790240860.124
1933,01_names,get_prob,test_dict,,-0.18264006,0.031,1790240860.171
1934,01_names,get_prob,test_dict,,-0.18264006,0.031,1790240860.218
1935,01_names,get_prob,numbers,,0.085417666,0.031,1790240860.265
1936,01_names,get_prob,numbers,,0.085417666,0.031,1790240860.311
1937,01_names,get_prob,has_negative,,0.015939305,0.047,1790240860.358
1938,01_names,get_prob,has_negative,,0.015939305,0.031,1790240860.39
1939,01_names,get_prob,num,,-0.054309003,0.031,1790240860.436
1940,01_names,get_prob,num,,-0.054309003,0.031,1790240860.483
1941,01_names,get_prob,has_negative,,0.015939305,0.031,1790240860.53
1942,01_names,get_prob,has_negative,,0.015939305,0.031,1790240860.577
1943,01_names,get_prob,names,,-0.0009823609,0.031,1790240860.624
1944,01_names,get_prob,names,,-0.0009823609,0.031,1790240860.671
1945,01_names,get_prob,scores,,0.4223273,0.031,1790240860.718
1946,01_names,get_prob,scores,,0.4223273,0.047,1790240860.765
1947,01_names,get_prob,i,,-0.2757378,0.031,1790240860.796
1948,01_names,get_prob,i,,-0.2757378,0.031,1790240860.843
1949,01_names,get_prob,keys,,0.1203981,0.031,1790240860.89
1950,01_names,get_prob,keys,,0.1203981,0.031,1790240860.936
1951,01_names,get_prob,values,,0.43840435,0.031,1790240860.983
1952,01_names,get_prob,values,,0.43840435,0.031,1790240861.03
1953,01_names,get_prob,user_info,,-0.01373761,0.031,1790240861.077
1954,01_names,get_prob,user_info,,-0.01373761,0.031,1790240861.124
1955,01_names,get_prob,i,,-0.2757378,0.047,1790240861.171
1956,01_names,get_prob,i,,-0.2757378,0.031,1790240861.202
1957,01_names,get_prob,i,,-0.2757378,0.031,1790240861.249
1958,01_names,get_prob,i,,-0.2757378,0.031,1790240861.296
1959,01_names,get_prob,k_list,,0.003244469,0.031,1790240861.343
1960,01_names,get_prob,k_list,,0.003244469,0.031,1790240861.39
1961,01_names,get_prob,v_list,,-0.10490038,0.031,1790240861.436
1962,01_names,get_prob,v_list,,-0.10490038,0.031,1790240861.483
1963,01_names,get_prob,target,,0.2618624,0.047,1790240861.546
1964,01_names,get_prob,target,,0.2618624,0.031,1790240861.593
1965,01_names,get_prob,idx,,0.01725431,0.031,1790240861.64
1966,01_names,get_prob,idx,,0.01725431,0.031,1790240861.686
1967,01_names,get_prob,k,,0.33553678,0.031,1790240861.733
1968,01_names,get_prob,k,,0.33553678,0.031,1790240861.78
1969,01_names,get_prob,v,,-0.15429723,0.031,1790240861.827
1970,01_names,get_prob,v,,-0.15429723,0.031,1790240861.874
1971,01_names,get_prob,itertool1,,0.1110967,0.031,1790240861.921
1972,01_names,get_prob,itertool1,,0.1110967,0.031,1790240861.968
1973,01_names,get_prob,itertool2,,0.21197431,0.031,1790240861.999
1974,01_names,get_prob,itertool2,,0.21197431,0.031,1790240862.046
1975,01_names,get_prob,f,,0.4347466,0.031,1790240862.093
1976,01_names,get_prob,f,,0.4347466,0.047,1790240862.155
1977,01_names,get_prob,content1,,0.38547507,0.031,1790240862.202
1978,01_names,get_prob,content1,,0.38547507,0.047,1790240862.265
1979,01_names,get_prob,f,,0.4347466,0.047,1790240862.311
1980,01_names,get_prob,f,,0.4347466,0.031,1790240862.358
1981,01_names,get_prob,f,,0.4347466,0.031,1790240862.405
1982,01_names,get_prob,f,,0.4347466,0.031,1790240862.452
1983,01_names,get_prob,content2,,0.3253603,0.031,1790240862.499
1984,01_names,get_prob,content2,,0.3253603,0.031,1790240862.546
1985,01_names,get_prob,f,,0.4347466,0.047,1790240862.608
1986,01_names,get_prob,f,,0.4347466,0.047,1790240862.655
1987,01_names,get_prob,sentence,,-0.043245055,0.047,1790240862.702
1988,01_names,get_prob,sentence,,-0.043245055,0.031,1790240862.733
1989,01_names,get_prob,a,,-0.43511188,0.031,1790240862.78
1990,01_names,get_prob,a,,-0.43511188,0.031,1790240862.827
1991,01_names,get_prob,dddd,,-0.24664794,0.031,1790240862.874
1992,01_names,get_prob,dddd,,-0.24664794,0.031,1790240862.921
1993,01_names,get_prob,eeee,,-0.22570544,0.031,1790240862.968
1994,01_names,get_prob,eeee,,-0.22570544,0.031,1790240863.014
1995,01_names,get_prob,fruits,,0.3746276,0.031,1790240863.061
1996,01_names,get_prob,fruits,,0.3746276,0.031,1790240863.108
1997,01_names,get_prob,new_fruits,,0.28077152,0.047,1790240863.155
1998,01_names,get_prob,new_fruits,,0.28077152,0.031,1790240863.186
1999,01_names,get_prob,fruit,,0.17062782,0.031,1790240863.233
2000,01_names,get_prob,fruit,,0.17062782,0.031,1790240863.28
2001,01_names,get_prob,active_users,,-0.02195405,0.031,1790240863.327
2002,01_names,get_prob,active_users,,-0.02195405,0.031,1790240863.374
2003,01_names,get_prob,user,,0.1664377,0.031,1790240863.421
2004,01_names,get_prob,user,,0.1664377,0.031,1790240863.468
2005,01_names,get_prob,apple_count,,-0.0485759,0.031,1790240863.514
2006,01_names,get_prob,apple_count,,-0.0485759,0.031,1790240863.561
2007,01_names,get_prob,fruit,,0.17062782,0.047,1790240863.608
2008,01_names,get_prob,fruit,,0.17062782,0.031,1790240863.639
2009,01_names,get_prob,apple_count,,-0.0485759,0.031,1790240863.686
2010,01_names,get_prob,apple_count,,-0.0485759,0.031,1790240863.733
2011,01_names,get_prob,scores,,0.4223273,0.031,1790240863.78
2012,01_names,get_prob,scores,,0.4223273,0.031,1790240863.827
2013,01_names,get_prob,perfect_scores,,0.31977507,0.031,1790240863.874
2014,01_names,get_prob,perfect_scores,,0.31977507,0.031,1790240863.921
2015,01_names,get_prob,score,,0.33085668,0.031,1790240863.968
2016,01_names,get_prob,score,,0.33085668,0.031,1790240864.014
2017,01_names,get_prob,users,,0.19830489,0.031,1790240864.061
2018,01_names,get_prob,users,,0.19830489,0.031,1790240864.108
2019,01_names,get_prob,admin_count,,-0.19697307,0.047,1790240864.155
2020,01_names,get_prob,admin_count,,-0.19697307,0.031,1790240864.186
2021,01_names,get_prob,target,,0.2618624,0.031,1790240864.233
2022,01_names,get_prob,target,,0.2618624,0.031,1790240864.28
2023,01_names,get_prob,items,,0.15877327,0.031,1790240864.327
2024,01_names,get_prob,items,,0.15877327,0.031,1790240864.374
2025,01_names,get_prob,found_index,,-0.017567163,0.031,1790240864.421
2026,01_names,get_prob,found_index,,-0.017567163,0.031,1790240864.468
2027,01_names,get_prob,i,,-0.2757378,0.031,1790240864.514
2028,01_names,get_prob,i,,-0.2757378,0.031,1790240864.561
2029,01_names,get_prob,found_index,,-0.017567163,0.031,1790240864.608
2030,01_names,get_prob,found_index,,-0.017567163,0.047,1790240864.655
2031,01_names,get_prob,found_index,,-0.017567163,0.031,1790240864.686
2032,01_names,get_prob,found_index,,-0.017567163,0.031,1790240864.733
2033,01_names,get_prob,i,,-0.2757378,0.031,1790240864.78
2034,01_names,get_prob,i,,-0.2757378,0.031,1790240864.827
2035,01_names,get_prob,found_index,,-0.017567163,0.031,1790240864.874
2036,01_names,get_prob,found_index,,-0.017567163,0.031,1790240864.921
2037,01_names,get_prob,found_index,,-0.017567163,0.031,1790240864.967
2038,01_names,get_prob,found_index,,-0.017567163,0.031,1790240865.014
2039,01_names,get_prob,i,,-0.2757378,0.031,1790240865.061
2040,01_names,get_prob,i,,-0.2757378,0.031,1790240865.108
2041,01_names,get_prob,found_index,,-0.017567163,0.031,1790240865.155
2042,01_names,get_prob,found_index,,-0.017567163,0.031,1790240865.202
2043,01_names,get_prob,target,,0.2618624,0.047,1790240865.249
2044,01_names,get_prob,target,,0.2618624,0.031,1790240865.28
2045,01_names,get_prob,numbers,,0.085417666,0.031,1790240865.327
2046,01_names,get_prob,numbers,,0.085417666,0.031,1790240865.374
2047,01_names,get_prob,idx,,0.01725431,0.031,1790240865.421
2048,01_names,get_prob,idx,,0.01725431,0.031,1790240865.467
2049,01_names,get_prob,i,,-0.2757378,0.031,1790240865.514
2050,01_names,get_prob,i,,-0.2757378,0.031,1790240865.561
2051,01_names,get_prob,v,,-0.15429723,0.031,1790240865.608
2052,01_names,get_prob,v,,-0.15429723,0.031,1790240865.655
2053,01_names,get_prob,strs,,-0.06907494,0.031,1790240865.702
2054,01_names,get_prob,strs,,-0.06907494,0.031,1790240865.749
2055,01_names,get_prob,idx,,0.01725431,0.031,1790240865.796
2056,01_names,get_prob,idx,,0.01725431,0.047,1790240865.842
2057,01_names,get_prob,i,,-0.2757378,0.031,1790240865.874
2058,01_names,get_prob,i,,-0.2757378,0.031,1790240865.921
2059,01_names,get_prob,v,,-0.15429723,0.031,1790240865.967
2060,01_names,get_prob,v,,-0.15429723,0.031,1790240866.014
2061,01_names,get_prob,target,,0.2618624,0.031,1790240866.061
2062,01_names,get_prob,target,,0.2618624,0.031,1790240866.108
2063,01_names,get_prob,data,,0.29621997,0.031,1790240866.155
2064,01_names,get_prob,data,,0.29621997,0.031,1790240866.202
2065,01_names,get_prob,i,,-0.2757378,0.031,1790240866.249
2066,01_names,get_prob,i,,-0.2757378,0.031,1790240866.296
2067,01_names,get_prob,i,,-0.2757378,0.031,1790240866.342
2068,01_names,get_prob,i,,-0.2757378,0.031,1790240866.389
2069,01_names,get_prob,i,,-0.2757378,0.031,1790240866.436
2070,01_names,get_prob,i,,-0.2757378,0.031,1790240866.483
2071,01_names,get_prob,i,,-0.2757378,0.031,1790240866.53
2072,01_names,get_prob,i,,-0.2757378,0.031,1790240866.577
2073,01_names,get_prob,result,,0.6176761,0.047,1790240866.624
2074,01_names,get_prob,result,,0.6176761,0.047,1790240866.671
2075,01_names,get_prob,i,,-0.2757378,0.031,1790240866.702
2076,01_names,get_prob,i,,-0.2757378,0.031,1790240866.749
2077,01_names,get_prob,result,,0.6176761,0.031,1790240866.795
2078,01_names,get_prob,result,,0.6176761,0.031,1790240866.842
2079,01_names,get_prob,result,,0.6176761,0.031,1790240866.889
2080,01_names,get_prob,result,,0.6176761,0.031,1790240866.936
2081,01_names,get_prob,word,,-0.11813408,0.031,1790240866.983
2082,01_names,get_prob,word,,-0.11813408,0.031,1790240867.03
2083,01_names,get_prob,result,,0.6176761,0.031,1790240867.077
2084,01_names,get_prob,result,,0.6176761,0.031,1790240867.124
2085,01_names,get_prob,result,,0.6176761,0.031,1790240867.17
2086,01_names,get_prob,result,,0.6176761,0.031,1790240867.217
2087,01_names,get_prob,numbers,,0.085417666,0.031,1790240867.264
2088,01_names,get_prob,numbers,,0.085417666,0.031,1790240867.311
2089,01_names,get_prob,result,,0.6176761,0.047,1790240867.358
2090,01_names,get_prob,result,,0.6176761,0.047,1790240867.405
2091,01_names,get_prob,num,,-0.054309003,0.047,1790240867.452
2092,01_names,get_prob,num,,-0.054309003,0.031,1790240867.483
2093,01_names,get_prob,result,,0.6176761,0.031,1790240867.53
2094,01_names,get_prob,result,,0.6176761,0.031,1790240867.577
2095,01_names,get_prob,a,,-0.43511188,0.031,1790240867.624
2096,01_names,get_prob,a,,-0.43511188,0.031,1790240867.67
2097,01_names,get_prob,line,,-0.20266621,0.031,1790240867.717
2098,01_names,get_prob,line,,-0.20266621,0.031,1790240867.764
2099,01_names,get_prob,b,,-0.036112837,0.031,1790240867.811
2100,01_names,get_prob,b,,-0.036112837,0.031,1790240867.858
2101,01_names,get_prob,line,,-0.20266621,0.031,1790240867.905
2102,01_names,get_prob,line,,-0.20266621,0.031,1790240867.952
2103,01_names,get_prob,c,,-0.108771116,0.031,1790240867.999
2104,01_names,get_prob,c,,-0.108771116,0.031,1790240868.045
2105,01_names,get_prob,x,,0.1650489,0.031,1790240868.092
2106,01_names,get_prob,x,,0.1650489,0.031,1790240868.139
2107,01_names,get_prob,d,,-0.14120433,0.031,1790240868.186
2108,01_names,get_prob,d,,-0.14120433,0.031,1790240868.233
2109,01_names,get_prob,line,,-0.20266621,0.031,1790240868.28
2110,01_names,get_prob,line,,-0.20266621,0.031,1790240868.327
2111,01_names,get_prob,e,,0.0056233276,0.031,1790240868.374
2112,01_names,get_prob,e,,0.0056233276,0.031,1790240868.42
2113,01_names,get_prob,line,,-0.20266621,0.031,1790240868.467
2114,01_names,get_prob,line,,-0.20266621,0.031,1790240868.514
2115,01_names,get_prob,collect_user_ids,,0.08129854,0.031,1790240868.561
2116,01_names,get_prob,collect_user_ids,,0.08129854,0.031,1790240868.608
2117,01_names,get_prob,my_list,,0.065750666,0.031,1790240868.655
2118,01_names,get_prob,my_list,,0.065750666,0.031,1790240868.702
2119,01_names,get_prob,a,,-0.43511188,0.031,1790240868.749
2120,01_names,get_prob,a,,-0.43511188,0.047,1790240868.795
2121,01_names,get_prob,b,,-0.036112837,0.047,1790240868.842
2122,01_names,get_prob,b,,-0.036112837,0.047,1790240868.889
2123,01_names,get_prob,c,,-0.108771116,0.031,1790240868.92
2124,01_names,get_prob,c,,-0.108771116,0.031,1790240868.967
2125,01_names,get_prob,my_list,,0.065750666,0.031,1790240869.014
2126,01_names,get_prob,my_list,,0.065750666,0.031,1790240869.061
2127,01_names,get_prob,first,,0.28121144,0.031,1790240869.108
2128,01_names,get_prob,first,,0.28121144,0.031,1790240869.155
2129,01_names,get_prob,rest,,0.40256467,0.031,1790240869.202
2130,01_names,get_prob,rest,,0.40256467,0.031,1790240869.248
2131,01_names,get_prob,d,,-0.14120433,0.031,1790240869.295
2132,01_names,get_prob,d,,-0.14120433,0.031,1790240869.342
2133,01_names,get_prob,e,,0.0056233276,0.031,1790240869.389
2134,01_names,get_prob,e,,0.0056233276,0.031,1790240869.436
2135,01_names,get_prob,f,,0.4347466,0.031,1790240869.483
2136,01_names,get_prob,f,,0.4347466,0.031,1790240869.53
2137,01_names,get_prob,g,,-0.04164166,0.031,1790240869.577
2138,01_names,get_prob,g,,-0.04164166,0.047,1790240869.623
2139,01_names,get_prob,values,,0.43840435,0.047,1790240869.67
2140,01_names,get_prob,values,,0.43840435,0.031,1790240869.702
2141,01_names,get_prob,aaa,,-0.75198066,0.031,1790240869.748
2142,01_names,get_prob,aaa,,-0.75198066,0.031,1790240869.795
2143,01_names,get_prob,bbb,,-0.44989964,0.031,1790240869.842
2144,01_names,get_prob,bbb,,-0.44989964,0.031,1790240869.889
2145,01_names,get_prob,ccc,,-0.70397645,0.031,1790240869.936
2146,01_names,get_prob,ccc,,-0.70397645,0.031,1790240869.983
2147,01_names,get_prob,position,,0.024409512,0.031,1790240870.03
2148,01_names,get_prob,position,,0.024409512,0.031,1790240870.077
2149,01_names,get_prob,rgb_color,,-0.047695182,0.031,1790240870.123
2150,01_names,get_prob,rgb_color,,-0.047695182,0.031,1790240870.17
2151,01_names,get_prob,f,,0.4347466,0.031,1790240870.217
2152,01_names,get_prob,f,,0.4347466,0.031,1790240870.264
2153,01_names,get_prob,file,,0.26567745,0.031,1790240870.311
2154,01_names,get_prob,file,,0.26567745,0.031,1790240870.358
2155,01_names,get_prob,open_test,,0.23708992,0.031,1790240870.405
2156,01_names,get_prob,open_test,,0.23708992,0.031,1790240870.452
2157,01_names,get_prob,test_array,,0.05334197,0.031,1790240870.498
2158,01_names,get_prob,test_array,,0.05334197,0.031,1790240870.545
2159,01_names,get_prob,key_name,,-0.3444161,0.031,1790240870.592
2160,01_names,get_prob,key_name,,-0.3444161,0.031,1790240870.639
2161,01_names,get_prob,numeric,,-0.29180476,0.031,1790240870.686
2162,01_names,get_prob,numeric,,-0.29180476,0.031,1790240870.733
2163,01_names,get_prob,a,,-0.43511188,0.031,1790240870.78
2164,01_names,get_prob,a,,-0.43511188,0.031,1790240870.827
2165,01_names,get_prob,b,,-0.036112837,0.027,1790240870.869
2166,01_names,get_prob,b,,-0.036112837,0.031,1790240870.916
2167,01_names,get_prob,c,,-0.108771116,0.031,1790240870.963
2168,01_names,get_prob,c,,-0.108771116,0.031,1790240871.01
2169,01_names,get_prob,d,,-0.14120433,0.031,1790240871.057
2170,01_names,get_prob,d,,-0.14120433,0.031,1790240871.104
2171,01_names,get_prob,e,,0.0056233276,0.031,1790240871.15
2172,01_names,get_prob,e,,0.0056233276,0.031,1790240871.197
2173,01_names,get_prob,f,,0.4347466,0.031,1790240871.244
2174,01_names,get_prob,f,,0.4347466,0.031,1790240871.291
2175,01_names,get_prob,g,,-0.04164166,0.031,1790240871.338
2176,01_names,get_prob,g,,-0.04164166,0.031,1790240871.385
2177,01_names,get_prob,h,,-0.08096339,0.031,1790240871.432
2178,01_names,get_prob,h,,-0.08096339,0.031,1790240871.478
2179,01_names,get_prob,words,,0.1130291,0.031,1790240871.525
2180,01_names,get_prob,words,,0.1130291,0.031,1790240871.572
2181,01_names,get_prob,word_counts,,-0.19356377,0.031,1790240871.619
2182,01_names,get_prob,word_counts,,-0.19356377,0.031,1790240871.666
2183,01_names,get_prob,word,,-0.11813408,0.047,1790240871.713
2184,01_names,get_prob,word,,-0.11813408,0.047,1790240871.76
2185,01_names,get_prob,word_counts,,-0.19356377,0.047,1790240871.807
2186,01_names,get_prob,word_counts,,-0.19356377,0.047,1790240871.853
2187,01_names,get_prob,word,,-0.11813408,0.047,1790240871.9
2188,01_names,get_prob,word,,-0.11813408,0.031,1790240871.932
2189,01_names,get_prob,matrix,,0.06152284,0.031,1790240871.978
2190,01_names,get_prob,matrix,,0.06152284,0.031,1790240872.025
2191,01_names,get_prob,flattened,,0.21353644,0.031,1790240872.072
2192,01_names,get_prob,flattened,,0.21353644,0.031,1790240872.119
2193,01_names,get_prob,row,,0.14768723,0.031,1790240872.166
2194,01_names,get_prob,row,,0.14768723,0.031,1790240872.213
2195,01_names,get_prob,item,,-0.04368698,0.031,1790240872.26
2196,01_names,get_prob,item,,-0.04368698,0.031,1790240872.307
2197,01_names,get_prob,my_list,,0.065750666,0.031,1790240872.353
2198,01_names,get_prob,my_list,,0.065750666,0.031,1790240872.4
2199,01_names,get_prob,my_tuple,,-0.058124185,0.031,1790240872.447
2200,01_names,get_prob,my_tuple,,-0.058124185,0.031,1790240872.494
2201,01_names,get_prob,my_set,,0.30184835,0.031,1790240872.541
2202,01_names,get_prob,my_set,,0.30184835,0.031,1790240872.588
2203,01_names,get_prob,combined,,0.28977904,0.031,1790240872.635
2204,01_names,get_prob,combined,,0.28977904,0.031,1790240872.682
2205,01_names,get_prob,item,,-0.04368698,0.031,1790240872.728
2206,01_names,get_prob,item,,-0.04368698,0.031,1790240872.775
2207,01_names,get_prob,dict_a,,-0.2289081,0.031,1790240872.822
2208,01_names,get_prob,dict_a,,-0.2289081,0.031,1790240872.869
2209,01_names,get_prob,dict_b,,0.043129444,0.031,1790240872.916
2210,01_names,get_prob,dict_b,,0.043129444,0.031,1790240872.963
2211,01_names,get_prob,all_values,,0.094207905,0.031,1790240873.01
2212,01_names,get_prob,all_values,,0.094207905,0.047,1790240873.057
2213,01_names,get_prob,all_values_,,0.08475902,0.047,1790240873.103
2214,01_names,get_prob,all_values_,,0.08475902,0.047,1790240873.15
2215,01_names,get_prob,target_dir,,-0.0045960974,0.031,1790240873.181
2216,01_names,get_prob,target_dir,,-0.0045960974,0.047,1790240873.244
2217,01_names,get_prob,txt_files,,0.3159868,0.047,1790240873.291
2218,01_names,get_prob,txt_files,,0.3159868,0.047,1790240873.338
2219,01_names,get_prob,filename,,0.149178,0.031,1790240873.369
2220,01_names,get_prob,filename,,0.149178,0.031,1790240873.416
2221,01_names,get_prob,full_path,,-0.12888034,0.031,1790240873.463
2222,01_names,get_prob,full_path,,-0.12888034,0.031,1790240873.51
2223,01_names,get_prob,user,,0.1664377,0.031,1790240873.556
2224,01_names,get_prob,user,,0.1664377,0.031,1790240873.603
2225,01_names,get_prob,setting_key,,-0.054506563,0.031,1790240873.65
2226,01_names,get_prob,setting_key,,-0.054506563,0.031,1790240873.697
2227,01_names,get_prob,value,,0.34390628,0.031,1790240873.744
2228,01_names,get_prob,value,,0.34390628,0.031,1790240873.791
2229,01_names,get_prob,value,,0.34390628,0.031,1790240873.838
2230,01_names,get_prob,value,,0.34390628,0.031,1790240873.885
2231,01_names,get_prob,value,,0.34390628,0.031,1790240873.931
2232,01_names,get_prob,value,,0.34390628,0.031,1790240873.978
2233,01_names,get_prob,value,,0.34390628,0.031,1790240874.025
2234,01_names,get_prob,value,,0.34390628,0.031,1790240874.072
2235,01_names,get_prob,test,,0.25305876,0.031,1790240874.119
2236,01_names,get_prob,test,,0.25305876,0.031,1790240874.166
2237,01_names,get_prob,value,,0.34390628,0.031,1790240874.213
2238,01_names,get_prob,value,,0.34390628,0.031,1790240874.26
2239,01_names,get_prob,text,,-0.088433206,0.031,1790240874.306
2240,01_names,get_prob,text,,-0.088433206,0.031,1790240874.353
2241,01_names,get_prob,bad_compile,,-0.21714725,0.031,1790240874.4
2242,01_names,get_prob,bad_compile,,-0.21714725,0.031,1790240874.447
2243,01_names,get_prob,bad_match,,-0.12870072,0.031,1790240874.494
2244,01_names,get_prob,bad_match,,-0.12870072,0.031,1790240874.541
2245,01_names,get_prob,bad_search,,0.080391124,0.031,1790240874.588
2246,01_names,get_prob,bad_search,,0.080391124,0.031,1790240874.635
2247,01_names,get_prob,bad_fullmatch,,-0.26846483,0.031,1790240874.681
2248,01_names,get_prob,bad_fullmatch,,-0.26846483,0.031,1790240874.728
2249,01_names,get_prob,bad_findall,,0.22970225,0.031,1790240874.775
2250,01_names,get_prob,bad_findall,,0.22970225,0.031,1790240874.822
2251,01_names,get_prob,bad_finditer,,-0.12178368,0.031,1790240874.869
2252,01_names,get_prob,bad_finditer,,-0.12178368,0.031,1790240874.916
2253,01_names,get_prob,bad_split,,-0.17963168,0.031,1790240874.963
2254,01_names,get_prob,bad_split,,-0.17963168,0.031,1790240875.01
2255,01_names,get_prob,bad_sub,,1.5849248e-05,0.031,1790240875.056
2256,01_names,get_prob,bad_sub,,1.5849248e-05,0.031,1790240875.103
2257,01_names,get_prob,f,,0.4347466,0.031,1790240875.15
2258,01_names,get_prob,f,,0.4347466,0.031,1790240875.197
2259,01_names,get_prob,function,,0.11120359,0.031,1790240875.244
2260,01_names,get_prob,function,,0.11120359,0.031,1790240875.291
2261,01_names,get_prob,distance,,0.61227447,0.031,1790240875.338
2262,01_names,get_prob,distance,,0.61227447,0.031,1790240875.384
2263,01_names,get_prob,function_result,,0.3392747,0.031,1790240875.431
2264,01_names,get_prob,function_result,,0.3392747,0.031,1790240875.478
2265,01_names,get_prob,test_str,,-0.20520742,0.031,1790240875.525
2266,01_names,get_prob,test_str,,-0.20520742,0.031,1790240875.572
2267,01_names,get_prob,test_func,,-0.20878139,0.031,1790240875.619
2268,01_names,get_prob,test_func,,-0.20878139,0.031,1790240875.666
2269,01_names,get_prob,test_func2,,-0.0013347473,0.031,1790240875.713
2270,01_names,get_prob,test_func2,,-0.0013347473,0.031,1790240875.759
2271,01_names,get_prob,__init__,,-0.0093294885,0.031,1790240875.806
2272,01_names,get_prob,__init__,,-0.0093294885,0.031,1790240875.853
2273,01_names,get_prob,test_function,,0.16493188,0.031,1790240875.9
2274,01_names,get_prob,test_function,,0.16493188,0.031,1790240875.947
2275,01_names,get_prob,num,,-0.054309003,0.031,1790240875.994
2276,01_names,get_prob,num,,-0.054309003,0.031,1790240876.041
2277,01_names,get_prob,num,,-0.054309003,0.031,1790240876.088
2278,01_names,get_prob,num,,-0.054309003,0.031,1790240876.134
2279,01_names,get_prob,num,,-0.054309003,0.031,1790240876.181
2280,01_names,get_prob,num,,-0.054309003,0.031,1790240876.228
2281,01_names,get_prob,num,,-0.054309003,0.031,1790240876.275
2282,01_names,get_prob,num,,-0.054309003,0.031,1790240876.322
2283,01_names,get_prob,num,,-0.054309003,0.031,1790240876.369
2284,01_names,get_prob,num,,-0.054309003,0.031,1790240876.416
2285,01_names,get_prob,num,,-0.054309003,0.031,1790240876.463
2286,01_names,get_prob,num,,-0.054309003,0.031,1790240876.509
2287,01_names,get_prob,age,,-0.076782815,0.031,1790240876.556
2288,01_names,get_prob,age,,-0.076782815,0.031,1790240876.603
2289,01_names,get_prob,balance,,0.48709843,0.031,1790240876.65
2290,01_names,get_prob,balance,,0.48709843,0.031,1790240876.697
2291,01_names,get_prob,db_response,,0.313287,0.031,1790240876.744
2292,01_names,get_prob,db_response,,0.313287,0.031,1790240876.791
2293,01_names,get_prob,str,,-0.0959012,0.031,1790240876.838
2294,01_names,get_prob,str,,-0.0959012,0.031,1790240876.884
2295,01_names,get_prob,int,,0.19143675,0.031,1790240876.931
2296,01_names,get_prob,int,,0.19143675,0.031,1790240876.978
2297,01_names,get_prob,sum,,0.073352516,0.031,1790240877.025
2298,01_names,get_prob,sum,,0.073352516,0.031,1790240877.072
2299,01_names,get_prob,item,,-0.04368698,0.031,1790240877.119
2300,01_names,get_prob,item,,-0.04368698,0.031,1790240877.166
2301,01_names,get_prob,sum,,0.073352516,0.047,1790240877.228
2302,01_names,get_prob,sum,,0.073352516,0.047,1790240877.275
2303,01_names,get_prob,result,,0.6176761,0.047,1790240877.322
2304,01_names,get_prob,result,,0.6176761,0.047,1790240877.369
2305,01_names,get_prob,dict,,-0.1730637,0.047,1790240877.416
2306,01_names,get_prob,dict,,-0.1730637,0.047,1790240877.463
2307,01_names,get_prob,abs,,-0.49642137,0.047,1790240877.509
2308,01_names,get_prob,abs,,-0.49642137,0.047,1790240877.556
2309,01_names,get_prob,func_test,,-0.1343915,0.031,1790240877.603
2310,01_names,get_prob,func_test,,-0.1343915,0.031,1790240877.65
2311,01_names,get_prob,create_user,,0.021100992,0.031,1790240877.697
2312,01_names,get_prob,create_user,,0.021100992,0.031,1790240877.744
2313,01_names,get_prob,add_to_list,,0.065419324,0.031,1790240877.791
2314,01_names,get_prob,add_to_list,,0.065419324,0.031,1790240877.837
2315,01_names,get_prob,configure_settings,,-0.1460584,0.031,1790240877.884
2316,01_names,get_prob,configure_settings,,-0.1460584,0.031,1790240877.931
2317,01_names,get_prob,create_user_1,,0.020848269,0.031,1790240877.978
2318,01_names,get_prob,create_user_1,,0.020848269,0.031,1790240878.025
2319,01_names,get_prob,add_to_list_1,,0.17701992,0.031,1790240878.072
2320,01_names,get_prob,add_to_list_1,,0.17701992,0.031,1790240878.119
2321,01_names,get_prob,configure_settings_1,,-0.1937536,0.031,1790240878.166
2322,01_names,get_prob,configure_settings_1,,-0.1937536,0.031,1790240878.213
2323,01_names,get_prob,get_user_age,,-0.19352724,0.031,1790240878.259
2324,01_names,get_prob,get_user_age,,-0.19352724,0.031,1790240878.306
2325,01_names,get_prob,process_payment,,-0.10606944,0.031,1790240878.353
2326,01_names,get_prob,process_payment,,-0.10606944,0.031,1790240878.4
2327,01_names,get_prob,fetch_from_database,,0.2798911,0.031,1790240878.447
2328,01_names,get_prob,fetch_from_database,,0.2798911,0.031,1790240878.494
2329,01_names,get_prob,get_active_user_profile,,0.8192658,0.031,1790240878.541
2330,01_names,get_prob,get_active_user_profile,,0.8192658,0.031,1790240878.587
2331,01_names,get_prob,calculate_items,,-0.036516182,0.031,1790240878.634
2332,01_names,get_prob,calculate_items,,-0.036516182,0.031,1790240878.681
2333,01_names,get_prob,base_price,,-0.060165748,0.031,1790240878.728
2334,01_names,get_prob,base_price,,-0.060165748,0.031,1790240878.775
2335,01_names,get_prob,shipping_fee,,0.260936,0.031,1790240878.822
2336,01_names,get_prob,shipping_fee,,0.260936,0.031,1790240878.869
2337,01_names,get_prob,shipping_fee,,0.260936,0.031,1790240878.916
2338,01_names,get_prob,shipping_fee,,0.260936,0.031,1790240878.962
2339,01_names,get_prob,total,,0.34538612,0.031,1790240879.009
2340,01_names,get_prob,total,,0.34538612,0.031,1790240879.056
2341,01_names,get_prob,shipping,,0.53828984,0.031,1790240879.103
2342,01_names,get_prob,shipping,,0.53828984,0.031,1790240879.15
2343,01_names,get_prob,item_name,,-0.36213925,0.031,1790240879.197
2344,01_names,get_prob,item_name,,-0.36213925,0.031,1790240879.244
2345,01_names,get_prob,price,,0.6032556,0.029,1790240879.289
2346,01_names,get_prob,price,,0.6032556,0.031,1790240879.335
2347,01_names,get_prob,quantity,,0.3727533,0.031,1790240879.382
2348,01_names,get_prob,quantity,,0.3727533,0.031,1790240879.429
2349,01_names,get_prob,address,,-0.11438352,0.031,1790240879.476
2350,01_names,get_prob,address,,-0.11438352,0.031,1790240879.523
2351,01_names,get_prob,my_pc,,-0.049610652,0.031,1790240879.57
2352,01_names,get_prob,my_pc,,-0.049610652,0.031,1790240879.617
2353,01_names,get_prob,phone,,0.31621405,0.047,1790240879.679
2354,01_names,get_prob,phone,,0.31621405,0.047,1790240879.726
2355,01_names,get_prob,my_list,,0.065750666,0.047,1790240879.773
2356,01_names,get_prob,my_list,,0.065750666,0.047,1790240879.82
2357,01_names,get_prob,calculate_total_price,,0.22083735,0.047,1790240879.867
2358,01_names,get_prob,calculate_total_price,,0.22083735,0.047,1790240879.914
2359,01_names,get_prob,calculate_shipping_fee,,-0.08997389,0.047,1790240879.96
2360,01_names,get_prob,calculate_shipping_fee,,-0.08997389,0.031,1790240880.007
2361,01_names,get_prob,print_order_summary,,-0.09086361,0.047,1790240880.07
2362,01_names,get_prob,print_order_summary,,-0.09086361,0.047,1790240880.117
2363,01_names,get_prob,__init__,,-0.0093294885,0.031,1790240880.163
2364,01_names,get_prob,__init__,,-0.0093294885,0.031,1790240880.21
2365,01_names,get_prob,process,,0.16121073,0.031,1790240880.257
2366,01_names,get_prob,process,,0.16121073,0.031,1790240880.304
2367,01_names,get_prob,calculate,,0.09014218,0.031,1790240880.351
2368,01_names,get_prob,calculate,,0.09014218,0.031,1790240880.398
2369,01_names,get_prob,send_notification,,0.36302114,0.031,1790240880.445
2370,01_names,get_prob,send_notification,,0.36302114,0.031,1790240880.492
2371,01_names,get_prob,send_notification,,0.36302114,0.031,1790240880.538
2372,01_names,get_prob,send_notification,,0.36302114,0.031,1790240880.585
2373,01_names,get_prob,calculate_discount,,-0.04356257,0.031,1790240880.632
2374,01_names,get_prob,calculate_discount,,-0.04356257,0.031,1790240880.679
2375,01_names,get_prob,check_permission,,0.23929365,0.031,1790240880.726
2376,01_names,get_prob,check_permission,,0.23929365,0.031,1790240880.773
2377,01_names,get_prob,__init__,,-0.0093294885,0.031,1790240880.82
2378,01_names,get_prob,__init__,,-0.0093294885,0.031,1790240880.867
2379,01_names,get_prob,_display_system,,0.69881016,0.031,1790240880.913
2380,01_names,get_prob,_display_system,,0.69881016,0.031,1790240880.96
2381,01_names,get_prob,__init__,,-0.0093294885,0.031,1790240881.007
2382,01_names,get_prob,__init__,,-0.0093294885,0.031,1790240881.054
2383,01_names,get_prob,__boot_kernel,,-0.171959,0.031,1790240881.101
2384,01_names,get_prob,__boot_kernel,,-0.171959,0.031,1790240881.148
2385,01_names,get_prob,__init__,,-0.0093294885,0.031,1790240881.195
2386,01_names,get_prob,__init__,,-0.0093294885,0.031,1790240881.242
2387,01_names,get_prob,__len__,,-0.111660294,0.031,1790240881.288
2388,01_names,get_prob,__len__,,-0.111660294,0.031,1790240881.335
2389,01_names,get_prob,process_user_data,,0.18563263,0.031,1790240881.382
2390,01_names,get_prob,process_user_data,,0.18563263,0.031,1790240881.429
2391,01_names,get_prob,order_consumer_ranking,,-0.34166893,0.031,1790240881.476
2392,01_names,get_prob,order_consumer_ranking,,-0.34166893,0.031,1790240881.523
2393,01_names,get_prob,send_welcome_email,,-0.075269215,0.031,1790240881.57
2394,01_names,get_prob,send_welcome_email,,-0.075269215,0.031,1790240881.617
2395,01_names,get_prob,process_user_data_v2,,0.043296166,0.031,1790240881.663
2396,01_names,get_prob,process_user_data_v2,,0.043296166,0.047,1790240881.726
2397,01_names,get_prob,process_user_data_batch,,0.12474991,0.047,1790240881.773
2398,01_names,get_prob,process_user_data_batch,,0.12474991,0.047,1790240881.82
2399,01_names,get_prob,rank_customer,,-0.34917858,0.031,1790240881.867
2400,01_names,get_prob,rank_customer,,-0.34917858,0.031,1790240881.913
2401,01_names,get_prob,test,,0.25305876,0.031,1790240881.96
2402,01_names,get_prob,test,,0.25305876,0.031,1790240882.007
2403,01_return_matched_with_func_name,get_embedding,simplified_body,,"[ 2.09132361e+00 -4.43119615e-01 -1.60222185e+00 -6.92912564e-02
 -1.23266184e+00  9.73150432e-01 -4",0.047,1790240883.804
2404,01_return_matched_with_func_name,get_embedding,simplify_code,,"[ 2.19339275e+00  3.13968390e-01 -9.64295626e-01  1.13483226e+00
 -2.33525729e+00  5.69507957e-01 -8",0.031,1790240883.867
2405,01_return_matched_with_func_name,get_similarity,simplified_body,simplify_code,0.6058444,0.125,1790240883.882
2406,01_return_matched_with_func_name,get_embedding,comment,,"[ 1.11543477e-01 -1.16797817e+00  1.42843771e+00  1.68815958e+00
 -5.39156020e-01  7.17494726e-01 -1",0.047,1790240883.929
2407,01_return_matched_with_func_name,get_embedding,extract_comment,,"[ 2.08620116e-01 -1.72655702e+00 -1.12655652e+00 -4.05505113e-02
 -1.11784697e+00  2.21349263e+00 -9",0.031,1790240883.976
2408,01_return_matched_with_func_name,get_similarity,comment,extract_comment,0.5521747,0.109,1790240883.992
2409,01_return_matched_with_func_name,get_embedding,comment,,"[ 1.11543477e-01 -1.16797817e+00  1.42843771e+00  1.68815958e+00
 -5.39156020e-01  7.17494726e-01 -1",0.031,1790240884.054
2410,01_return_matched_with_func_name,get_embedding,extract_comment,,"[ 2.08620116e-01 -1.72655702e+00 -1.12655652e+00 -4.05505113e-02
 -1.11784697e+00  2.21349263e+00 -9",0.031,1790240884.101
2411,01_return_matched_with_func_name,get_similarity,comment,extract_comment,0.5521747,0.109,1790240884.117
2412,01_return_matched_with_func_name,get_embedding,matched_lines,,"[ 2.55941367e+00  6.86399162e-01 -1.55537915e+00  1.61197281e+00
  5.74781358e-01 -2.38581204e+00  5",0.031,1790240884.179
2413,01_return_matched_with_func_name,get_embedding,check_regex_matched_lines,,"[ 5.23577452e-01  5.68482339e-01 -1.27585399e+00  8.66332948e-01
  7.03320384e-01 -1.26593375e+00  3",0.047,1790240884.226
2414,01_return_matched_with_func_name,get_similarity,matched_lines,check_regex_matched_lines,0.8286264,0.109,1790240884.242
2415,01_return_matched_with_func_name,get_embedding,next_level,,"[-1.76045477e+00 -1.06376958e+00  1.09190965e+00  4.28145468e-01
 -2.13918805e+00 -2.07481265e+00  7",0.031,1790240884.288
2416,01_return_matched_with_func_name,get_embedding,get_current_version,,"[ 1.25128731e-01 -5.66231191e-01  1.89012468e+00 -1.82755792e+00
  5.14475942e-01  1.11888802e+00  3",0.047,1790240884.351
2417,01_return_matched_with_func_name,get_similarity,next_level,get_current_version,0.26716197,0.109,1790240884.367
2418,01_return_matched_with_func_name,get_embedding,db_response,,"[-9.92654800e-01  7.76581585e-01 -1.64318538e+00  2.62944365e+00
 -8.71872783e-01  3.54933500e-01 -1",0.031,1790240884.413
2419,01_return_matched_with_func_name,get_embedding,fetch_from_database,,"[ 1.40009654e+00 -4.12106454e-01  3.33240367e-02  7.98209727e-01
 -9.88680780e-01  1.41193521e+00 -1",0.047,1790240884.476
2420,01_return_matched_with_func_name,get_similarity,db_response,fetch_from_database,0.58605474,0.109,1790240884.492
2421,01_return_matched_with_func_name,get_embedding,result,,"[ 8.1020278e-01 -9.6996850e-01 -2.1716909e+00  1.4019948e+00
 -7.7182847e-01  1.1590718e+00 -1.84942",0.031,1790240884.538
2422,01_return_matched_with_func_name,get_embedding,calculate_items,,"[ 2.37430501e+00 -1.75577295e+00 -2.07030845e+00  7.75694311e-01
 -1.50863394e-01 -2.08428934e-01 -2",0.031,1790240884.601
2423,01_return_matched_with_func_name,get_similarity,result,calculate_items,0.46255073,0.109,1790240884.617
2424,01_return_matched_with_func_name,get_embedding,total,,"[ 1.47232759e+00 -1.48434508e+00  6.23684943e-01  7.16668367e-01
 -1.61579001e+00 -4.32978421e-01 -3",0.031,1790240884.663
2425,01_return_matched_with_func_name,get_embedding,calculate_total_price,,"[ 8.00866485e-01 -1.90765011e+00  4.98771250e-01  4.34133977e-01
 -2.61866760e+00 -3.18056822e-01 -1",0.031,1790240884.726
2426,01_return_matched_with_func_name,get_similarity,total,calculate_total_price,0.51186574,0.109,1790240884.741
2427,01_return_matched_with_func_name,get_embedding,shipping,,"[ 2.09044647e+00 -1.14968002e+00 -8.77941310e-01  1.21244073e+00
 -3.80583197e-01  1.28501892e+00  5",0.047,1790240884.788
2428,01_return_matched_with_func_name,get_embedding,calculate_shipping_fee,,"[ 1.36322331e+00 -5.11041999e-01  7.43819654e-01  7.82591283e-01
 -2.57907605e+00  2.68825293e+00  1",0.031,1790240884.835
2429,01_return_matched_with_func_name,get_similarity,shipping,calculate_shipping_fee,0.26561463,0.109,1790240884.851
2430,01_func_docstring_single_responsibility,get_prob,Convert json-like format review result into human-friendly review style.,,-0.30812317,0.094,1790240891.476
2431,01_func_docstring_docstring_and_name,get_embedding,convert_to_human_friendly_review,,"[ 1.00364141e-01  5.04790955e+01 -5.36798477e-01 -9.37835598e+00
  1.01426637e+00  4.51054335e+00  3",0.047,1790240891.554
2432,01_func_docstring_docstring_and_name,get_embedding,Convert json-like format review result into human-friendly review style.,,"[ 3.89051437e-02  5.13463516e+01 -1.21995056e+00 -1.82914753e+01
  2.47115731e+00  5.51083708e+00  4",0.047,1790240891.616
2433,01_func_docstring_docstring_and_name,get_similarity,convert_to_human_friendly_review,Convert json-like format review result into human-friendly review style.,0.8219802,0.141,1790240891.632
2434,01_func_docstring_single_responsibility,get_prob,Default code review function for Oh-LoRA 👱‍♀️ Code Assistant.,,0.83889204,0.047,1790240891.694
2435,01_func_docstring_docstring_and_name,get_embedding,default_code_review_func,,"[ 9.05774415e-01  5.13337784e+01 -9.45039868e-01 -1.33251743e+01
 -1.52097058e+00  5.83351493e-01 -1",0.047,1790240891.757
2436,01_func_docstring_docstring_and_name,get_embedding,Default code review function for Oh-LoRA 👱‍♀️ Code Assistant.,,"[ 2.50737786e-01  4.59271469e+01 -9.34776425e-01 -1.41291275e+01
  1.46139503e-01  6.01768112e+00 -3",0.047,1790240891.835
2437,01_func_docstring_docstring_and_name,get_similarity,default_code_review_func,Default code review function for Oh-LoRA 👱‍♀️ Code Assistant.,0.731652,0.141,1790240891.851
2438,01_func_docstring_single_responsibility,get_prob,"Return current version. Now, the current version is v1.2.6.",,0.5080281,0.047,1790240891.913
2439,01_func_docstring_docstring_and_name,get_embedding,get_current_version,,"[-4.07254553e+00  3.56327019e+01 -1.18053222e+00 -1.12864199e+01
 -2.30016637e+00  3.73841238e+00  1",0.047,1790240891.976
2440,01_func_docstring_docstring_and_name,get_embedding,"Return current version. Now, the current version is v1.2.6.",,"[-2.43074703e+00  3.01727467e+01 -1.25810182e+00 -2.76207981e+01
  1.39456868e+00  1.15162287e+01  5",0.047,1790240892.038
2441,01_func_docstring_docstring_and_name,get_similarity,get_current_version,"Return current version. Now, the current version is v1.2.6.",0.67770535,0.141,1790240892.054
2442,01_func_docstring_single_responsibility,get_prob,Return current version.,,-0.18254325,0.047,1790240892.116
2443,01_func_docstring_docstring_and_name,get_embedding,get_current_ver,,"[-3.64163947e+00  3.69196930e+01 -1.15876770e+00 -9.07917976e+00
 -2.08068967e+00  3.57843304e+00  1",0.047,1790240892.179
2444,01_func_docstring_docstring_and_name,get_embedding,Return current version.,,"[-3.30447197e+00  3.29907455e+01 -1.59499133e+00 -1.77656212e+01
 -8.31958950e-01  6.24149036e+00  4",0.047,1790240892.257
2445,01_func_docstring_docstring_and_name,get_similarity,get_current_ver,Return current version.,0.8111788,0.141,1790240892.273
2446,01_func_docstring_single_responsibility,get_prob,Check if the code follows single responsibility rule and suggest improvement points.,,0.08263517,0.031,1790240892.32
2447,01_func_docstring_docstring_and_name,get_embedding,check_single_responsibility,,"[ 1.47449329e-01  4.52533455e+01  2.66038239e-01 -9.17267418e+00
 -2.70658135e+00  1.95579529e-02 -1",0.047,1790240892.398
2448,01_func_docstring_docstring_and_name,get_embedding,Check if the code follows single responsibility rule and suggest improvement points.,,"[-1.88355756e+00  4.58570786e+01  2.53629982e-01 -1.67423153e+01
  2.90357530e-01  6.23306608e+00 -2",0.047,1790240892.46
2449,01_func_docstring_docstring_and_name,get_similarity,check_single_responsibility,Check if the code follows single responsibility rule and suggest improvement points.,0.7253465,0.141,1790240892.476
2450,01_func_docstring_single_responsibility,get_prob,This is a docstring.,,0.21403238,0.047,1790240892.538
2451,01_func_docstring_docstring_and_name,get_embedding,long_function_with_docstring,,"[ 9.68423545e-01  4.51160164e+01 -1.35232115e+00 -1.49504709e+01
 -2.99911022e-01  2.28503251e+00  9",0.047,1790240892.601
2452,01_func_docstring_docstring_and_name,get_embedding,This is a docstring.,,"[-2.32658178e-01  2.47642117e+01 -5.84764540e-01 -1.40448017e+01
  9.95099723e-01  6.17383575e+00  2",0.047,1790240892.679
2453,01_func_docstring_docstring_and_name,get_similarity,long_function_with_docstring,This is a docstring.,0.5782576,0.141,1790240892.695
2454,02_numeric_values_twice,get_embedding,    if len(replaced_newline_str) >= 40:,,"[ 1.55007136e+00 -2.02419543e+00 -7.81283796e-01  3.76045227e-01
 -1.66459215e+00 -1.72151819e-01 -5",0.031,1790240896.432
2455,02_numeric_values_twice,get_embedding,    if len(replaced_newline_str) >= 40:,,"[ 1.55007136e+00 -2.02419543e+00 -7.81283796e-01  3.76045227e-01
 -1.66459215e+00 -1.72151819e-01 -5",0.031,1790240896.479
2456,02_numeric_values_twice,get_embedding,                                 forward_lines: int = 5) -> None:,,"[ 2.74842858e+00 -6.04931056e-01 -1.34879124e+00  7.04010129e-01
  3.78341004e-02 -3.17210376e-01  1",0.031,1790240896.542
2457,02_numeric_values_twice,get_embedding,                                 forward_lines: int = 5) -> None:,,"[ 2.74842858e+00 -6.04931056e-01 -1.34879124e+00  7.04010129e-01
  3.78341004e-02 -3.17210376e-01  1",0.047,1790240896.589
2458,02_numeric_values_twice,get_embedding,                    if len(lines_to_show) > 40:,,"[ 5.69093712e-02 -2.59252453e+00 -1.93544388e+00 -3.89696985e-01
  1.16805696e+00 -8.73747766e-01 -1",0.031,1790240896.635
2459,02_numeric_values_twice,get_embedding,            if (len(current_if_elifs) >= 3,,"[-2.28204399e-01 -2.12814283e+00 -5.58526278e-01 -3.69628638e-01
  8.66187096e-01 -1.86100936e+00 -4",0.031,1790240896.698
2460,02_numeric_values_twice,get_embedding,            if (len(current_if_elifs) >= 3,,"[-2.28204399e-01 -2.12814283e+00 -5.58526278e-01 -3.69628638e-01
  8.66187096e-01 -1.86100936e+00 -4",0.031,1790240896.745
2461,02_numeric_values_twice,get_embedding,                elif line_idx - last_if_elif_line_idx >= 2:,,"[ 1.41049790e+00 -9.83549595e-01 -5.55101335e-01 -3.68144929e-01
  7.39305317e-01 -2.16924667e+00 -7",0.031,1790240896.807
2462,02_numeric_values_twice,get_embedding,                elif line_idx - last_if_elif_line_idx >= 2:,,"[ 1.41049790e+00 -9.83549595e-01 -5.55101335e-01 -3.68144929e-01
  7.39305317e-01 -2.16924667e+00 -7",0.031,1790240896.854
2463,02_numeric_values_twice,get_embedding,        cond_lcs_1 = lcs.size >= 7,,"[ 1.23183215e+00 -3.63128185e-01 -1.41792846e+00  2.48116955e-01
  1.02990973e+00 -8.46020341e-01 -6",0.031,1790240896.917
2464,02_numeric_values_twice,get_embedding,        cond_lcs_1 = lcs.size >= 7,,"[ 1.23183215e+00 -3.63128185e-01 -1.41792846e+00  2.48116955e-01
  1.02990973e+00 -8.46020341e-01 -6",0.047,1790240896.964
2465,02_numeric_values_twice,get_embedding,"        cond_lcs_2 = lcs.size >= 4 and lcs.size >= 0.5 * min(len(body_1_lines), len(body_2_lines))",,"[ 1.48330510e+00 -1.52715063e+00 -7.91357279e-01  1.09248435e+00
  3.99703860e-01 -9.22431231e-01  3",0.031,1790240897.01
2466,02_numeric_values_twice,get_embedding,"        cond_lcs_2 = lcs.size >= 4 and lcs.size >= 0.5 * min(len(body_1_lines), len(body_2_lines))",,"[ 1.48330510e+00 -1.52715063e+00 -7.91357279e-01  1.09248435e+00
  3.99703860e-01 -9.22431231e-01  3",0.031,1790240897.073
2467,02_numeric_values_twice,get_embedding,"        cond_lcs_3 = lcs.size >= 3 and lcs.size >= 0.75 * min(len(body_1_lines), len(body_2_lines))",,"[ 1.61969721e+00 -1.76832473e+00 -4.90112990e-01  1.11961079e+00
  4.13472444e-01 -8.27344716e-01  2",0.031,1790240897.12
2468,02_numeric_values_twice,get_embedding,                    if text_embedding_model.get_prob(line) >= 0.5:,,"[ 1.55239451e+00 -1.37412965e+00 -1.19685185e+00 -1.45498860e+00
 -7.40222931e-02  5.59884682e-02 -1",0.031,1790240897.182
2469,02_numeric_values_twice,get_embedding,                    if (include_same or log['name'] != info['name']) and cos_sim >= 0.95:,,"[ 2.13623500e+00  4.16690677e-01 -4.22899038e-01  1.72831845e-02
 -4.57485408e-01  4.80804086e-01 -7",0.031,1790240897.229
2470,02_numeric_values_twice,get_embedding,                    if (include_same or log['name'] != info['name']) and cos_sim >= 0.95:,,"[ 2.13623500e+00  4.16690677e-01 -4.22899038e-01  1.72831845e-02
 -4.57485408e-01  4.80804086e-01 -7",0.031,1790240897.292
2471,02_numeric_values_twice,get_embedding,                if text_embedding_model.get_prob(name) >= 0.5:,,"[ 1.39390075e+00 -1.50092006e+00 -1.07101703e+00 -1.67533827e+00
 -5.10652304e-01  6.36634827e-01 -1",0.031,1790240897.338
2472,02_numeric_values_twice,get_embedding,                    func_name = match.group(2),,"[ 1.06450546e+00 -6.20101333e-01 -1.63925874e+00  5.16840994e-01
 -1.31001687e+00  1.24948680e+00 -9",0.031,1790240897.385
2473,02_numeric_values_twice,get_embedding,"                    if text_embedding_model.get_similarity(var_name, func_name) < 0.5:",,"[ 1.36356199e+00 -1.10848188e+00 -2.64064860e+00 -3.24349582e-01
 -1.73425055e+00  5.04352212e-01 -6",0.047,1790240897.448
2474,02_numeric_values_twice,get_embedding,                if text_embedding_model_single_responsibility.get_prob(item['docstring']) >= 0.5:,,"[ 9.37275171e-01 -1.79424393e+00 -9.26940382e-01 -7.19455957e-01
 -4.61489350e-01  6.38271570e-01 -1",0.031,1790240897.495
2475,02_numeric_values_twice,get_embedding,"                if text_embedding_model_docstring_and_name.get_similarity(item['name'], item['docstring']) >= 0.5:",,"[ 2.04211330e+00 -1.90536869e+00 -1.74395585e+00 -1.01249349e+00
 -1.52551079e+00  7.93151140e-01 -1",0.031,1790240897.557
2476,02_numeric_values_twice,get_embedding,                if text_embedding_model.get_prob(comment) >= 0.5:,,"[ 8.60424936e-01 -1.68899465e+00 -1.25703549e+00 -9.91167068e-01
 -5.15204847e-01  3.10127497e-01 -1",0.031,1790240897.604
2477,02_numeric_values_twice,get_embedding,                if text_embedding_model.get_prob(line) >= 0.5:,,"[ 1.54638982e+00 -1.33598220e+00 -1.24791098e+00 -1.47012913e+00
 -1.51499182e-01  2.11339705e-02 -1",0.031,1790240897.667
2478,02_numeric_values_twice,get_embedding,                if required_file == 'pyproject.toml' and len(self.py_codes.keys()) < 3:,,"[ 1.68135786e+00 -1.20064545e+00  2.20123261e-01  1.59324098e+00
  1.92055218e-02  2.97864854e-01 -1",0.031,1790240897.713
2479,02_numeric_values_twice,get_embedding,"                if func_length >= 10 and not item.get('docstring', None):",,"[ 3.88963848e-01 -6.88816071e-01 -7.20330596e-01  1.49605489e+00
 -2.33763742e+00  4.87648100e-01 -1",0.031,1790240897.776
2480,02_numeric_values_twice,get_embedding,"                if func_length >= 10 and not item.get('docstring', None):",,"[ 3.88963848e-01 -6.88816071e-01 -7.20330596e-01  1.49605489e+00
 -2.33763742e+00  4.87648100e-01 -1",0.031,1790240897.823
2481,02_numeric_values_twice,get_embedding,                if current_depth - current_base_indent >= 4 and is_valid_code(line):,,"[ 1.71999979e+00 -1.94834864e+00 -6.47298172e-02  1.00456931e-01
 -7.41222620e-01 -1.18153311e-01 -1",0.031,1790240897.87
2482,02_numeric_values_twice,get_embedding,"            match_func=lambda x: check_a_in_b(a=x[0], b=x[3]))",,"[ 1.21531951e+00  6.61373138e-01 -1.52217352e+00  5.25823534e-01
 -5.61575890e-01  7.14241266e-01 -4",0.047,1790240897.932
2483,02_numeric_values_twice,get_embedding,"            match_func=lambda x: check_a_in_b(a=x[0], b=x[2]) and check_a_in_b(a=x[0], b=x[4]))",,"[ 1.07870722e+00  1.15722321e-01 -1.13943255e+00  8.27618182e-01
 -2.10150853e-01  8.55262458e-01 -2",0.031,1790240897.979
2484,02_numeric_values_twice,get_embedding,"            match_func=lambda x: x[0] == x[3] and check_a_in_b(a=x[1], b=x[4]))",,"[ 8.93215954e-01  5.75357139e-01 -1.27704644e+00  8.09935451e-01
 -7.00805962e-01  1.27203190e+00 -3",0.031,1790240898.042
2485,02_numeric_values_twice,get_embedding,"            regex=rf'.*([{QUOTES}])(?:[a-zA-Z]:)?[/\\]*(?:[^/\\\r\n]+[/\\]+)+[^/\\\r\n]+\.[a-zA-Z0-9]+([{QUOTES}])',",,"[ 1.86789775e+00  1.19550399e-01  3.93790901e-01  8.42118680e-01
 -2.22259760e+00  8.59513164e-01 -1",0.031,1790240898.089
2486,02_numeric_values_twice,get_embedding,"            regex=rf'.*([{QUOTES}])(?:[a-zA-Z]:)?[/\\]*(?:[^/\\\r\n]+[/\\]+)+[^/\\\r\n]+\.[a-zA-Z0-9]+([{QUOTES}])',",,"[ 1.86789775e+00  1.19550399e-01  3.93790901e-01  8.42118680e-01
 -2.22259760e+00  8.59513164e-01 -1",0.031,1790240898.151
2487,02_numeric_values_twice,get_embedding,"            match_func=lambda x: len(x) >= 7 and x[0] == x[5] and x[1] != x[6] and x[2] in x[4],",,"[ 6.19293869e-01 -4.64493543e-01 -1.03453815e+00  6.52462423e-01
  4.72822428e-01  5.67679226e-01 -1",0.031,1790240898.198
2488,02_numeric_values_twice,get_embedding,            forward_lines=7),,"[ 2.10033345e+00 -1.83809710e+00 -1.30792034e+00  3.48831177e-01
 -2.51619443e-02 -1.21774387e+00 -3",0.031,1790240898.417
2489,02_numeric_values_twice,get_embedding,            idx_matched = matched[0] == matched[3] and matched[3] == matched[5],,"[ 9.57021415e-01 -1.94734320e-01 -1.60111177e+00  4.65298057e-01
  2.31980473e-01 -7.66150355e-02  8",0.047,1790240898.479
2490,02_numeric_values_twice,get_embedding,            name_matched = matched[1] == f'len({matched[2]})' or matched[1] == f'len({matched[4]})',,"[ 9.74676609e-01 -4.57124621e-01 -1.40956545e+00  6.14209414e-01
 -1.13545530e-01  5.45003772e-01 -6",0.031,1790240898.542
2491,02_numeric_values_twice,get_embedding,"                   2 * r""[\s\S]*?([a-zA-Z_][a-zA-Z0-9_]*)\s*\[\s*([a-zA-Z_][a-zA-Z0-9_]*)\s*\]""),",,"[ 1.30391860e+00 -9.53786913e-03 -3.16130847e-01  2.20254928e-01
 -1.36992753e+00  6.99058771e-01 -8",0.047,1790240898.589
2492,02_numeric_values_twice,get_embedding,"                   r""(?:(?:([a-zA-Z_][a-zA-Z0-9_]*)\s*=\s*\2\.read\s*\((\s*)\))|(?:\2\.write\s*\((.*?)\)))""))",,"[ 1.83614564e+00  5.48289180e-01 -5.26518859e-02  1.03704226e+00
 -1.41369355e+00  1.29285860e+00 -1",0.031,1790240898.636
2493,02_numeric_values_twice,get_embedding,"            regex=rf"".*?{ANY_CONST_OR_VAR}\s+in\s+([\w.]+)\s+and\s+\2\s*\[\s*\1\s*\]"")",,"[ 1.35683358e+00  1.08821070e+00 -7.01093078e-01  1.01217234e+00
 -1.14587665e+00  8.01495910e-01 -1",0.047,1790240898.698
2494,02_numeric_values_twice,get_embedding,"                   rf""\s*\n\s*if\s+\2\s*==\s*{ANY_CONST_OR_VAR}\s*:\s*\n\s*\1\s*\+=\s*1""))",,"[ 2.17503881e+00  8.39767933e-01  1.12494707e+00  1.09472847e+00
 -1.00240421e+00  1.27195239e+00 -1",0.031,1790240898.745
2495,02_numeric_values_twice,get_embedding,"                   rf""for\s+\2\s+in\s+([\w.]+)\s+if\s+\2\s*==\s*{ANY_CONST_OR_VAR}\s*\]\s*\)""))",,"[ 1.56549013e+00  5.80802441e-01 -1.25260651e-01  1.06845212e+00
 -1.75735033e+00  9.58784223e-01 -8",0.047,1790240898.807
2496,02_numeric_values_twice,get_embedding,"                   rf""\s*if\s+\4\s*\[\s*\3\s*\]\s*==\s*{ANY_CONST_OR_VAR}\s*:\s*\n"" +",,"[ 1.68987501e+00  3.93196851e-01  9.47646275e-02  8.50887537e-01
 -7.03049779e-01  3.97055089e-01 -1",0.031,1790240898.854
2497,02_numeric_values_twice,get_embedding,"                   r""\s*([\w.]+)\s*=\s*\3\s*\n\s*break""),",,"[ 9.90700245e-01 -1.02989364e+00  1.64068401e-01  7.06371963e-01
 -1.15151429e+00  5.94048381e-01 -8",0.031,1790240898.917
2498,02_numeric_values_twice,get_embedding,            forward_lines=10),,"[ 2.19375086e+00 -1.54025352e+00 -1.33438516e+00  4.30207193e-01
  4.37383866e-03 -1.30358636e+00 -4",0.031,1790240898.964
2499,02_numeric_values_twice,get_embedding,"            regex=(r"".*?([\w.]+)\s*=\s*next\s*\(\s*([\w.]+)\s+for\s+\2\s*,\s*([\w.]+)\s+"" +",,"[ 1.69050181e+00 -1.42311931e+00 -1.34634912e+00  7.84681201e-01
 -8.71139407e-01  9.59647119e-01 -4",0.031,1790240899.026
2500,02_numeric_values_twice,get_embedding,"                   rf""in\s+enumerate\s*\(\s*([\w.]+)\s*\)\s+if\s+\3\s*==\s*{ANY_CONST_OR_VAR}""))",,"[ 9.90789235e-01 -7.69098401e-02 -5.05557179e-01  5.31151831e-01
 -8.35439026e-01 -5.32108843e-01 -1",0.031,1790240899.073
2501,02_numeric_values_twice,get_embedding,"                   rf""\s*if\s+\3\s*\[\s*\1\s*\]\s*==\s*{ANY_CONST_OR_VAR}\s*:\s*\n"" +",,"[ 1.74244142e+00  7.18944788e-01  3.43195949e-04  6.54608250e-01
 -1.19875526e+00  3.86626989e-01 -1",0.031,1790240899.136
2502,02_numeric_values_twice,get_embedding,            forward_lines=10),,"[ 2.19375086e+00 -1.54025352e+00 -1.33438516e+00  4.30207193e-01
  4.37383866e-03 -1.30358636e+00 -4",0.031,1790240899.182
2503,02_numeric_values_twice,get_embedding,"            regex=r"".*?(sum|max|min)\s*\(\s*([\w.]+)\s*\(\s*([\w.]+)\s*\)\s+for\s+\3\s+in[^\n]*\)"",",,"[ 1.34369051e+00 -2.49041080e-01 -1.94737339e+00  5.09678543e-01
 -3.48894417e-01  8.79932284e-01 -4",0.038,1790240899.236
2504,02_numeric_values_twice,get_embedding,            match_func=lambda x: x[1] == x[4]),,"[ 8.74033868e-01 -2.09959537e-01 -1.60430300e+00  7.93314159e-01
 -8.59756291e-01  9.73331630e-01 -1",0.031,1790240899.299
2505,02_numeric_values_twice,get_embedding,"            regex=rf""([\w.]+)\s*\.\s*sort\s*\(\s*key\s*=\s*lambda\s+([\w.]+)\s*:\s*\2\s*\[{ANY_CONST_OR_VAR}\]\)"")",,"[ 1.56832564e+00  3.59972805e-01 -1.12406886e+00  1.30987048e+00
 -2.76148748e+00  1.16792917e+00 -1",0.031,1790240899.346
2506,02_numeric_values_twice,get_embedding,"                   r""\s*\3\s*\[\s*\1\s*\]\s*\+=\s*1\s*\n"" +",,"[ 1.22625887e+00 -3.02299857e-01  2.65112102e-01  4.80401874e-01
 -1.01872194e+00  6.04303122e-01 -1",0.031,1790240899.408
2507,02_numeric_values_twice,get_embedding,"                   r""\s*\3\s*\[\s*\1\s*\]\s*=\s*1""),",,"[ 1.21610069e+00  2.37182993e-02  2.02037707e-01  3.36269855e-01
 -8.78646195e-01  9.25940692e-01 -1",0.047,1790240899.455
2508,02_numeric_values_twice,get_embedding,            forward_lines=10),,"[ 2.19375086e+00 -1.54025352e+00 -1.33438516e+00  4.30207193e-01
  4.37383866e-03 -1.30358636e+00 -4",0.031,1790240899.502
2509,02_numeric_values_twice,get_embedding,"                   r""\s*([\w.]+)\s*\[\s*\1\s*\]\s*=\s*\3\s*\.\s*get\s*\(\s*\1\s*,\s*0\s*\)\s*\+\s*1""))",,"[ 1.40554345e+00  7.03294575e-01 -1.15821466e-01  5.97246230e-01
 -1.26326597e+00  8.78138363e-01 -8",0.047,1790240899.564
2510,02_numeric_values_twice,get_embedding,        # 2. itertools.chain,,"[ 1.88720524e+00 -6.76928818e-01 -1.35645151e+00  5.94988585e-01
 -8.01281393e-01 -9.53179777e-01 -5",0.031,1790240899.611
2511,02_numeric_values_twice,get_embedding,"                   r"".*?.\s*append\s*\(\s*\3\s*\)""))",,"[ 1.65526843e+00 -1.81899929e+00 -7.51041993e-02  3.57806921e-01
 -3.01127642e-01  4.76358533e-01 -1",0.031,1790240899.674
2512,02_numeric_values_twice,get_embedding,        # 3. glob,,"[ 9.0738517e-01  1.0081631e+00 -1.1995329e-01 -1.2463398e-01
 -4.8312426e-01  2.7365801e-01 -8.53427",0.031,1790240899.721
2513,02_numeric_values_twice,get_embedding,                    if text_embedding_model_bindable.get_prob(arg_name_list) >= 0.5:,,"[ 1.16841102e+00 -1.28719831e+00 -8.62902164e-01 -1.12527251e+00
  1.25117265e-02  8.43262911e-01 -1",0.031,1790240899.783
2514,02_numeric_values_twice,get_embedding,                    if text_embedding_model_dynamic.get_prob(arg_name_list) >= 0.5:,,"[ 1.17225587e+00 -1.55879211e+00 -8.68417740e-01 -1.22361243e+00
 -9.72606093e-02  4.88000542e-01 -1",0.031,1790240899.83
2515,02_numeric_values_twice,get_embedding,            match_func=lambda x: x[2] == x[4]),,"[ 8.45264614e-01 -5.91154158e-01 -1.54019952e+00  7.58702576e-01
 -9.49109554e-01  1.02897525e+00  1",0.031,1790240899.892
2516,02_numeric_values_twice,get_embedding,"        self._add_regex_matched_lines(regex=r""^..*?([\w.]+)\s*\[(:[0-9]+|-[0-9]+:)\]\s*=="")",,"[ 8.82813036e-01 -9.93264318e-02 -8.10167909e-01  2.75444925e-01
 -2.52802998e-01  1.09143400e+00 -4",0.031,1790240899.939
2517,02_numeric_values_twice,get_embedding,                if duplicate_count_except_first >= 4:,,"[ 8.51039112e-01 -1.76885501e-01 -8.09899509e-01  8.72007668e-01
  1.06610620e+00 -1.26319635e+00 -1",0.031,1790240900.002
2518,02_numeric_values_twice,get_embedding,            return text_embedding_model.get_prob(text) >= 0.5,,"[ 1.44632483e+00 -1.47525930e+00 -1.30803084e+00 -1.78201544e+00
  9.26521868e-02  1.58106953e-01 -1",0.031,1790240900.049
2519,02_numeric_values_twice,get_embedding,"            embeddings_0, embeddings_1 = tee([info['embedding'] for info in func_names], 2)",,"[ 1.05703175e+00  4.23326492e-01 -1.07053101e+00  2.34413958e+00
 -1.82260394e+00  4.83446747e-01 -1",0.031,1790240900.111
2520,02_numeric_values_twice,get_embedding,                    if cos_sim >= 0.95:,,"[ 2.98357320e+00 -1.42612770e-01  6.26461685e-01  2.82992441e-02
  2.33044937e-01  8.35975409e-01 -9",0.031,1790240900.158
2521,02_numeric_values_twice,get_embedding,                    elif cos_sim < 0.75:,,"[ 2.52635360e+00 -3.78841013e-01  1.74158752e-01  1.00030303e-01
  7.68828765e-02  6.93325102e-01 -6",0.031,1790240900.22
2522,02_numeric_values_twice,get_embedding,                        elif idx_1 - first_similar_idx >= 2:,,"[ 1.96453357e+00 -7.32208133e-01 -1.23943138e+00 -3.13082993e-01
 -1.65264130e-01 -2.89575994e-01  3",0.031,1790240900.267
2523,02_numeric_values_maybe_const,get_prob,    if len(replaced_newline_str) >= 40:,,-0.25895774,0.031,1790240900.361
2524,02_numeric_values_maybe_const,get_prob,        return f'{replaced_newline_str[:16]}  ...  {replaced_newline_str[-16:]}',,-0.18167171,0.031,1790240900.408
2525,02_numeric_values_maybe_const,get_prob,                                 forward_lines: int = 5) -> None:,,0.3728408,0.031,1790240900.455
2526,02_numeric_values_maybe_const,get_prob,                    if len(lines_to_show) > 40:,,0.20846665,0.031,1790240900.502
2527,02_numeric_values_maybe_const,get_prob,                        lines_to_show = lines_to_show[:36] + ' ...',,0.32231992,0.031,1790240900.549
2528,02_numeric_values_maybe_const,get_prob,            if (len(current_if_elifs) >= 3,,0.38621384,0.031,1790240900.595
2529,02_numeric_values_maybe_const,get_prob,                elif line_idx - last_if_elif_line_idx >= 2:,,0.45849743,0.031,1790240900.642
2530,02_numeric_values_maybe_const,get_prob,        cond_lcs_1 = lcs.size >= 7,,-0.17262354,0.047,1790240900.705
2531,02_numeric_values_maybe_const,get_prob,"        cond_lcs_2 = lcs.size >= 4 and lcs.size >= 0.5 * min(len(body_1_lines), len(body_2_lines))",,-0.07769519,0.031,1790240900.752
2532,02_numeric_values_maybe_const,get_prob,"        cond_lcs_3 = lcs.size >= 3 and lcs.size >= 0.75 * min(len(body_1_lines), len(body_2_lines))",,-0.13524133,0.031,1790240900.799
2533,02_numeric_values_maybe_const,get_prob,                    if text_embedding_model.get_prob(line) >= 0.5:,,-0.008256409,0.031,1790240900.845
2534,02_numeric_values_maybe_const,get_prob,            long_constant_value_info = {func: [info for info in info_list if len(str(info['name'])) >= 8],,-0.32935417,0.031,1790240900.892
2535,02_numeric_values_maybe_const,get_prob,                    if (include_same or log['name'] != info['name']) and cos_sim >= 0.95:,,-0.018543903,0.031,1790240900.939
2536,02_numeric_values_maybe_const,get_prob,                if text_embedding_model.get_prob(name) >= 0.5:,,-0.08733803,0.031,1790240900.986
2537,02_numeric_values_maybe_const,get_prob,                    func_name = match.group(2),,0.08626899,0.047,1790240901.049
2538,02_numeric_values_maybe_const,get_prob,"                    if text_embedding_model.get_similarity(var_name, func_name) < 0.5:",,0.05844232,0.031,1790240901.095
2539,02_numeric_values_maybe_const,get_prob,                if text_embedding_model_single_responsibility.get_prob(item['docstring']) >= 0.5:,,-0.113574654,0.031,1790240901.142
2540,02_numeric_values_maybe_const,get_prob,"                if text_embedding_model_docstring_and_name.get_similarity(item['name'], item['docstring']) >= 0.5:",,-0.11218418,0.031,1790240901.189
2541,02_numeric_values_maybe_const,get_prob,                if text_embedding_model.get_prob(comment) >= 0.5:,,-0.0514288,0.031,1790240901.236
2542,02_numeric_values_maybe_const,get_prob,                if text_embedding_model.get_prob(line) >= 0.5:,,-0.009433154,0.031,1790240901.283
2543,02_numeric_values_maybe_const,get_prob,                if required_file == 'pyproject.toml' and len(self.py_codes.keys()) < 3:,,0.17946339,0.031,1790240901.33
2544,02_numeric_values_maybe_const,get_prob,"                if func_length >= 10 and not item.get('docstring', None):",,-0.19516864,0.031,1790240901.377
2545,02_numeric_values_maybe_const,get_prob,                if current_depth - current_base_indent >= 4 and is_valid_code(line):,,-0.07988015,0.047,1790240901.439
2546,02_numeric_values_maybe_const,get_prob,"            match_func=lambda x: check_a_in_b(a=x[0], b=x[3]))",,0.21011356,0.031,1790240901.486
2547,02_numeric_values_maybe_const,get_prob,"            match_func=lambda x: check_a_in_b(a=x[0], b=x[2]) and check_a_in_b(a=x[0], b=x[4]))",,0.13916552,0.031,1790240901.533
2548,02_numeric_values_maybe_const,get_prob,"            match_func=lambda x: x[0] == x[3] and check_a_in_b(a=x[1], b=x[4]))",,0.08119471,0.031,1790240901.58
2549,02_numeric_values_maybe_const,get_prob,"            regex=rf'.*([{QUOTES}])(?:[a-zA-Z]:)?[/\\]*(?:[^/\\\r\n]+[/\\]+)+[^/\\\r\n]+\.[a-zA-Z0-9]+([{QUOTES}])',",,-0.25561675,0.031,1790240901.627
2550,02_numeric_values_maybe_const,get_prob,"            match_func=lambda x: len(x) >= 7 and x[0] == x[5] and x[1] != x[6] and x[2] in x[4],",,-0.21365453,0.031,1790240901.674
2551,02_numeric_values_maybe_const,get_prob,            forward_lines=7),,0.33695793,0.031,1790240901.72
2552,02_numeric_values_maybe_const,get_prob,            idx_matched = matched[0] == matched[3] and matched[3] == matched[5],,0.09260011,0.031,1790240901.767
2553,02_numeric_values_maybe_const,get_prob,            name_matched = matched[1] == f'len({matched[2]})' or matched[1] == f'len({matched[4]})',,-0.058453787,0.047,1790240901.83
2554,02_numeric_values_maybe_const,get_prob,"                   2 * r""[\s\S]*?([a-zA-Z_][a-zA-Z0-9_]*)\s*\[\s*([a-zA-Z_][a-zA-Z0-9_]*)\s*\]""),",,-0.1964311,0.031,1790240901.877
2555,02_numeric_values_maybe_const,get_prob,            forward_lines=15),,0.50091165,0.031,1790240901.924
2556,02_numeric_values_maybe_const,get_prob,"                   r""(?:(?:([a-zA-Z_][a-zA-Z0-9_]*)\s*=\s*\2\.read\s*\((\s*)\))|(?:\2\.write\s*\((.*?)\)))""))",,-0.06727581,0.031,1790240901.97
2557,02_numeric_values_maybe_const,get_prob,"            regex=rf"".*?{ANY_CONST_OR_VAR}\s+in\s+([\w.]+)\s+and\s+\2\s*\[\s*\1\s*\]"")",,-0.1031065,0.031,1790240902.017
2558,02_numeric_values_maybe_const,get_prob,"                   rf""\s*\n\s*if\s+\2\s*==\s*{ANY_CONST_OR_VAR}\s*:\s*\n\s*\1\s*\+=\s*1""))",,-0.36121488,0.031,1790240902.064
2559,02_numeric_values_maybe_const,get_prob,"                   rf""for\s+\2\s+in\s+([\w.]+)\s+if\s+\2\s*==\s*{ANY_CONST_OR_VAR}\s*\]\s*\)""))",,-0.2493262,0.031,1790240902.111
2560,02_numeric_values_maybe_const,get_prob,"                   rf""\s*if\s+\4\s*\[\s*\3\s*\]\s*==\s*{ANY_CONST_OR_VAR}\s*:\s*\n"" +",,-0.16350788,0.031,1790240902.158
2561,02_numeric_values_maybe_const,get_prob,"                   r""\s*([\w.]+)\s*=\s*\3\s*\n\s*break""),",,-0.25118947,0.047,1790240902.22
2562,02_numeric_values_maybe_const,get_prob,            forward_lines=10),,0.498461,0.031,1790240902.267
2563,02_numeric_values_maybe_const,get_prob,"            regex=(r"".*?([\w.]+)\s*=\s*next\s*\(\s*([\w.]+)\s+for\s+\2\s*,\s*([\w.]+)\s+"" +",,-0.21699293,0.031,1790240902.314
2564,02_numeric_values_maybe_const,get_prob,"                   rf""in\s+enumerate\s*\(\s*([\w.]+)\s*\)\s+if\s+\3\s*==\s*{ANY_CONST_OR_VAR}""))",,-0.3077991,0.039,1790240902.369
2565,02_numeric_values_maybe_const,get_prob,"                   rf""\s*if\s+\3\s*\[\s*\1\s*\]\s*==\s*{ANY_CONST_OR_VAR}\s*:\s*\n"" +",,-0.22115946,0.047,1790240902.416
2566,02_numeric_values_maybe_const,get_prob,            forward_lines=10),,0.498461,0.031,1790240902.463
2567,02_numeric_values_maybe_const,get_prob,"            regex=r"".*?(sum|max|min)\s*\(\s*([\w.]+)\s*\(\s*([\w.]+)\s*\)\s+for\s+\3\s+in[^\n]*\)"",",,-0.1861833,0.031,1790240902.51
2568,02_numeric_values_maybe_const,get_prob,            match_func=lambda x: x[1] == x[4]),,0.5144268,0.031,1790240902.556
2569,02_numeric_values_maybe_const,get_prob,"            regex=rf""([\w.]+)\s*\.\s*sort\s*\(\s*key\s*=\s*lambda\s+([\w.]+)\s*:\s*\2\s*\[{ANY_CONST_OR_VAR}\]\)"")",,-0.25578472,0.031,1790240902.603
2570,02_numeric_values_maybe_const,get_prob,"                   r""\s*\3\s*\[\s*\1\s*\]\s*\+=\s*1\s*\n"" +",,-0.37975347,0.031,1790240902.65
2571,02_numeric_values_maybe_const,get_prob,"                   r""\s*\3\s*\[\s*\1\s*\]\s*=\s*1""),",,-0.21239652,0.031,1790240902.697
2572,02_numeric_values_maybe_const,get_prob,            forward_lines=10),,0.498461,0.047,1790240902.76
2573,02_numeric_values_maybe_const,get_prob,"                   r""\s*([\w.]+)\s*\[\s*\1\s*\]\s*=\s*\3\s*\.\s*get\s*\(\s*\1\s*,\s*0\s*\)\s*\+\s*1""))",,-0.5170465,0.031,1790240902.806
2574,02_numeric_values_maybe_const,get_prob,        # 2. itertools.chain,,0.5437441,0.031,1790240902.853
2575,02_numeric_values_maybe_const,get_prob,"                   r"".*?.\s*append\s*\(\s*\3\s*\)""))",,0.009459313,0.031,1790240902.9
2576,02_numeric_values_maybe_const,get_prob,        # 3. glob,,0.32522926,0.031,1790240902.947
2577,02_numeric_values_maybe_const,get_prob,                    if text_embedding_model_bindable.get_prob(arg_name_list) >= 0.5:,,-0.044904593,0.031,1790240902.994
2578,02_numeric_values_maybe_const,get_prob,                    if text_embedding_model_dynamic.get_prob(arg_name_list) >= 0.5:,,0.030677345,0.031,1790240903.041
2579,02_numeric_values_maybe_const,get_prob,            match_func=lambda x: x[2] == x[4]),,0.52553207,0.047,1790240903.103
2580,02_numeric_values_maybe_const,get_prob,"        self._add_regex_matched_lines(regex=r""^..*?([\w.]+)\s*\[(:[0-9]+|-[0-9]+:)\]\s*=="")",,-0.03197666,0.031,1790240903.15
2581,02_numeric_values_maybe_const,get_prob,                if duplicate_count_except_first >= 4:,,0.14364886,0.031,1790240903.197
2582,02_numeric_values_maybe_const,get_prob,            return text_embedding_model.get_prob(text) >= 0.5,,-0.014251415,0.031,1790240903.244
2583,02_numeric_values_maybe_const,get_prob,"            embeddings_0, embeddings_1 = tee([info['embedding'] for info in func_names], 2)",,0.11654997,0.031,1790240903.291
2584,02_numeric_values_maybe_const,get_prob,                    if cos_sim >= 0.95:,,-0.11577979,0.031,1790240903.338
2585,02_numeric_values_maybe_const,get_prob,                    elif cos_sim < 0.75:,,-0.08464816,0.031,1790240903.384
2586,02_numeric_values_maybe_const,get_prob,                        elif idx_1 - first_similar_idx >= 2:,,0.26189315,0.047,1790240903.447
2587,02_numeric_values_twice,get_embedding,TEST_DUPLICATED = 10,,"[ 1.89713860e+00  6.42910153e-02  6.50671661e-01  1.31130791e+00
 -1.15290679e-01 -2.88284630e-01 -1",0.031,1790240903.494
2588,02_numeric_values_twice,get_embedding,TEST_DUPLICATED = 10,,"[ 1.89713860e+00  6.42910153e-02  6.50671661e-01  1.31130791e+00
 -1.15290679e-01 -2.88284630e-01 -1",0.031,1790240903.556
2589,02_numeric_values_twice,get_embedding,a = 300,,"[ 1.92925668e+00 -9.02139068e-01  1.55575216e+00  2.11398408e-01
 -1.59463334e+00  1.14593434e+00 -1",0.031,1790240903.603
2590,02_numeric_values_twice,get_embedding,a = 300,,"[ 1.92925668e+00 -9.02139068e-01  1.55575216e+00  2.11398408e-01
 -1.59463334e+00  1.14593434e+00 -1",0.031,1790240903.666
2591,02_numeric_values_twice,get_embedding,"nparray = np.array([0.1, 0.2, 0.3])",,"[ 2.22622132e+00 -8.34483743e-01 -4.32269461e-02  9.77068186e-01
 -1.91715729e+00  4.69109356e-01 -1",0.031,1790240903.713
2592,02_numeric_values_twice,get_embedding,"nparray = np.array([0.1, 0.2, 0.3])",,"[ 2.22622132e+00 -8.34483743e-01 -4.32269461e-02  9.77068186e-01
 -1.91715729e+00  4.69109356e-01 -1",0.031,1790240903.775
2593,02_numeric_values_twice,get_embedding,"nparray2 = np.array([0.1, 0.2, 0.3])",,"[ 2.40356970e+00 -6.49567008e-01 -3.64497341e-02  9.87176239e-01
 -1.86164320e+00  2.33242884e-01 -1",0.031,1790240903.822
2594,02_numeric_values_twice,get_embedding,    for i in range(10):,,"[ 1.27934492e+00 -1.19438660e+00 -4.61011708e-01  4.83963490e-01
  4.38167900e-01 -1.83535561e-01 -1",0.031,1790240903.884
2595,02_numeric_values_twice,get_embedding,python_code_no = 300,,"[ 2.13033247e+00 -1.42346308e-01  8.46597016e-01  1.32105792e+00
 -1.08120811e+00  8.35579753e-01 -1",0.031,1790240903.931
2596,02_numeric_values_twice,get_embedding,python_code_num = 300,,"[ 1.81751192e+00 -1.77412719e-01  1.28213930e+00  1.11358488e+00
 -1.09623575e+00  9.26856995e-01 -1",0.047,1790240903.994
2597,02_numeric_values_twice,get_embedding,# if a > 3:,,"[ 1.88925290e+00  3.67462277e-01  5.86669087e-01  7.94094622e-01
 -3.86458337e-01  1.37826276e+00 -1",0.031,1790240904.041
2598,02_numeric_values_twice,get_embedding,# if a > 3:,,"[ 1.88925290e+00  3.67462277e-01  5.86669087e-01  7.94094622e-01
 -3.86458337e-01  1.37826276e+00 -1",0.047,1790240904.103
2599,02_numeric_values_twice,get_embedding,# print(3),,"[ 1.97809041e+00 -6.46565333e-02  1.85352492e+00  1.04569411e+00
 -7.95841575e-01  1.34900177e+00 -1",0.031,1790240904.15
2600,02_numeric_values_maybe_const,get_prob,unused_variable = 123,,0.78745484,0.031,1790240904.213
2601,02_numeric_values_maybe_const,get_prob,TEST_DUPLICATED = 10,,0.3022434,0.031,1790240904.259
2602,02_numeric_values_maybe_const,get_prob,"logger.info(""3335555"")",,0.031721648,0.031,1790240904.306
2603,02_numeric_values_maybe_const,get_prob,a = 300,,0.1322518,0.031,1790240904.353
2604,02_numeric_values_maybe_const,get_prob,"nparray = np.array([0.1, 0.2, 0.3])",,0.4168499,0.047,1790240904.416
2605,02_numeric_values_maybe_const,get_prob,"nparray2 = np.array([0.1, 0.2, 0.3])",,0.36631498,0.031,1790240904.463
2606,02_numeric_values_maybe_const,get_prob,    for i in range(10):,,-0.19044363,0.031,1790240904.509
2607,02_numeric_values_maybe_const,get_prob,    for idx in range(20):,,0.13416046,0.031,1790240904.556
2608,02_numeric_values_maybe_const,get_prob,"    Now, the current version is v1.2.6.",,-0.4116563,0.031,1790240904.603
2609,02_numeric_values_maybe_const,get_prob,    return 'v1.2.6',,-0.17552966,0.031,1790240904.65
2610,02_numeric_values_maybe_const,get_prob,python_code_no = 300,,0.38724,0.031,1790240904.697
2611,02_numeric_values_maybe_const,get_prob,python_code_num = 300,,0.2896163,0.047,1790240904.759
2612,02_numeric_values_maybe_const,get_prob,    # 3333,,0.012316462,0.031,1790240904.806
2613,02_numeric_values_maybe_const,get_prob,# 1234,,0.13270235,0.031,1790240904.853
2614,02_numeric_values_maybe_const,get_prob,# 5678,,-0.3305624,0.031,1790240904.9
2615,02_numeric_values_maybe_const,get_prob,# print(111),,0.6430752,0.031,1790240904.947
2616,02_numeric_values_maybe_const,get_prob,# if a > 3:,,0.1757305,0.047,1790240905.009
2617,02_numeric_values_maybe_const,get_prob,# print(3),,0.16413832,0.031,1790240905.056
2618,02_numeric_values_maybe_const,get_prob,TEST_DUPLICATED = 10,,0.3022434,0.031,1790240905.103
2619,02_numeric_values_maybe_const,get_prob,    for idx in range(30):,,-0.1502221,0.031,1790240905.15
2620,02_numeric_values_maybe_const,get_prob,    return 'v1.2.7',,-0.22760125,0.031,1790240905.197
2621,02_numeric_values_maybe_const,get_prob,print(2 + len(str(logger))),,-0.23191017,0.031,1790240905.244
2622,02_numeric_values_twice,get_embedding,import tc01_02,,"[ 3.09571838e+00  1.53573358e+00 -8.54503363e-02  1.60205388e+00
 -6.75487399e-01 -1.43191099e-01 -8",0.031,1790240905.306
2623,02_numeric_values_twice,get_embedding,import tc01_02,,"[ 3.09571838e+00  1.53573358e+00 -8.54503363e-02  1.60205388e+00
 -6.75487399e-01 -1.43191099e-01 -8",0.031,1790240905.369
2624,02_numeric_values_twice,get_embedding,"print(without_type_hint(2025, 113, 'REBEL HEART'))",,"[ 2.93576688e-01 -1.24496028e-01  1.06620145e+00  7.71005452e-01
 -1.04946315e+00  1.22237444e+00 -1",0.031,1790240905.416
2625,02_numeric_values_twice,get_embedding,"print(without_type_hint(2025, 113, 'REBEL HEART'))",,"[ 2.93576688e-01 -1.24496028e-01  1.06620145e+00  7.71005452e-01
 -1.04946315e+00  1.22237444e+00 -1",0.031,1790240905.478
2626,02_numeric_values_twice,get_embedding,"print(with_type_hint(2025, 113, 'REBEL HEART'))",,"[ 7.56029844e-01 -2.83748031e-01  1.41992652e+00  1.07551551e+00
 -1.01619029e+00  1.44266582e+00 -1",0.031,1790240905.525
2627,02_numeric_values_twice,get_embedding,"    I, J, K, L = 2, 3, 4, 5",,"[ 1.51730824e+00 -5.22385776e-01  2.99797833e-01  7.61819422e-01
 -8.71176958e-01  5.55646598e-01 -8",0.031,1790240905.587
2628,02_numeric_values_twice,get_embedding,    for i in range(2):,,"[ 1.77733707e+00 -7.28180766e-01  4.20757681e-01  8.09707284e-01
  2.84418970e-01 -1.43387198e-01 -1",0.031,1790240905.634
2629,02_numeric_values_twice,get_embedding,        for j in range(3):,,"[ 1.68922806e+00 -1.29278505e+00  2.01008245e-01  6.62862420e-01
  6.96358502e-01  2.04181194e-01 -8",0.031,1790240905.697
2630,02_numeric_values_twice,get_embedding,            for k in range(4):,,"[ 1.56575775e+00 -1.15406609e+00  1.22779906e-01  9.91305351e-01
  4.01345909e-01  1.04696557e-01 -1",0.031,1790240905.744
2631,02_numeric_values_twice,get_embedding,                for l in range(5):,,"[ 1.58748603e+00 -1.58653879e+00 -5.58043122e-01  5.44833302e-01
  2.11683363e-01 -6.39877141e-01 -8",0.047,1790240905.806
2632,02_numeric_values_twice,get_embedding,"    I, J, K, L = 2, 3, 4, 5",,"[ 1.51730824e+00 -5.22385776e-01  2.99797833e-01  7.61819422e-01
 -8.71176958e-01  5.55646598e-01 -8",0.031,1790240905.853
2633,02_numeric_values_twice,get_embedding,    for i in range(2):,,"[ 1.77733707e+00 -7.28180766e-01  4.20757681e-01  8.09707284e-01
  2.84418970e-01 -1.43387198e-01 -1",0.047,1790240905.916
2634,02_numeric_values_twice,get_embedding,        for j in range(3):,,"[ 1.68922806e+00 -1.29278505e+00  2.01008245e-01  6.62862420e-01
  6.96358502e-01  2.04181194e-01 -8",0.031,1790240905.978
2635,02_numeric_values_twice,get_embedding,"                                   'bbb': 2,",,"[ 1.14852500e+00 -8.30813766e-01  3.30229461e-01  3.62089723e-01
 -1.61236095e+00  2.03966069e+00 -1",0.031,1790240906.025
2636,02_numeric_values_twice,get_embedding,                                   'ccc': 3},,"[ 2.14851665e+00  1.12532668e-01  6.94614425e-02  3.08152884e-01
 -1.91713583e+00  1.47239542e+00 -1",0.031,1790240906.087
2637,02_numeric_values_twice,get_embedding,    for i in range(2):,,"[ 1.77733707e+00 -7.28180766e-01  4.20757681e-01  8.09707284e-01
  2.84418970e-01 -1.43387198e-01 -1",0.031,1790240906.134
2638,02_numeric_values_twice,get_embedding,        for j in range(3):,,"[ 1.68922806e+00 -1.29278505e+00  2.01008245e-01  6.62862420e-01
  6.96358502e-01  2.04181194e-01 -8",0.031,1790240906.197
2639,02_numeric_values_twice,get_embedding,            for k in range(4):,,"[ 1.56575775e+00 -1.15406609e+00  1.22779906e-01  9.91305351e-01
  4.01345909e-01  1.04696557e-01 -1",0.031,1790240906.244
2640,02_numeric_values_twice,get_embedding,"                                       'bbb': 2,",,"[ 1.13060641e+00 -1.06963158e+00  4.46099818e-01  7.59269595e-01
 -1.60935628e+00  2.46725225e+00 -1",0.031,1790240906.306
2641,02_numeric_values_twice,get_embedding,                                       'ccc': 3},,"[ 2.08787513e+00  8.89505260e-03 -5.25036193e-02  3.90738010e-01
 -2.00296664e+00  1.63529420e+00 -1",0.031,1790240906.353
2642,02_numeric_values_twice,get_embedding,    for i in range(2):,,"[ 1.77733707e+00 -7.28180766e-01  4.20757681e-01  8.09707284e-01
  2.84418970e-01 -1.43387198e-01 -1",0.047,1790240906.416
2643,02_numeric_values_twice,get_embedding,        for j in range(3):,,"[ 1.68922806e+00 -1.29278505e+00  2.01008245e-01  6.62862420e-01
  6.96358502e-01  2.04181194e-01 -8",0.031,1790240906.462
2644,02_numeric_values_twice,get_embedding,            for k in range(4):,,"[ 1.56575775e+00 -1.15406609e+00  1.22779906e-01  9.91305351e-01
  4.01345909e-01  1.04696557e-01 -1",0.047,1790240906.525
2645,02_numeric_values_twice,get_embedding,                for l in range(5):,,"[ 1.58748603e+00 -1.58653879e+00 -5.58043122e-01  5.44833302e-01
  2.11683363e-01 -6.39877141e-01 -8",0.031,1790240906.587
2646,02_numeric_values_twice,get_embedding,    print(2),,"[ 1.74040031e+00  4.84979540e-01  1.28504002e+00  1.07533598e+00
 -7.85220504e-01  1.48424232e+00 -1",0.031,1790240906.634
2647,02_numeric_values_twice,get_embedding,    for i in range(10):,,"[ 1.27934492e+00 -1.19438660e+00 -4.61011708e-01  4.83963490e-01
  4.38167900e-01 -1.83535561e-01 -1",0.031,1790240906.697
2648,02_numeric_values_twice,get_embedding,    for i in range(10):,,"[ 1.27934492e+00 -1.19438660e+00 -4.61011708e-01  4.83963490e-01
  4.38167900e-01 -1.83535561e-01 -1",0.031,1790240906.744
2649,02_numeric_values_twice,get_embedding,        print(3),,"[ 1.92469490e+00  1.94025621e-01  1.22533476e+00  1.50401795e+00
 -2.99938470e-01  1.69675148e+00 -1",0.031,1790240906.806
2650,02_numeric_values_twice,get_embedding,    print(2),,"[ 1.74040031e+00  4.84979540e-01  1.28504002e+00  1.07533598e+00
 -7.85220504e-01  1.48424232e+00 -1",0.031,1790240906.853
2651,02_numeric_values_twice,get_embedding,    for i in range(10):,,"[ 1.27934492e+00 -1.19438660e+00 -4.61011708e-01  4.83963490e-01
  4.38167900e-01 -1.83535561e-01 -1",0.031,1790240906.916
2652,02_numeric_values_twice,get_embedding,        print(3),,"[ 1.92469490e+00  1.94025621e-01  1.22533476e+00  1.50401795e+00
 -2.99938470e-01  1.69675148e+00 -1",0.031,1790240906.962
2653,02_numeric_values_twice,get_embedding,    print(2),,"[ 1.74040031e+00  4.84979540e-01  1.28504002e+00  1.07533598e+00
 -7.85220504e-01  1.48424232e+00 -1",0.047,1790240907.025
2654,02_numeric_values_twice,get_embedding,    for i in range(10):,,"[ 1.27934492e+00 -1.19438660e+00 -4.61011708e-01  4.83963490e-01
  4.38167900e-01 -1.83535561e-01 -1",0.031,1790240907.087
2655,02_numeric_values_twice,get_embedding,        print(3),,"[ 1.92469490e+00  1.94025621e-01  1.22533476e+00  1.50401795e+00
 -2.99938470e-01  1.69675148e+00 -1",0.031,1790240907.134
2656,02_numeric_values_twice,get_embedding,    print(2),,"[ 1.74040031e+00  4.84979540e-01  1.28504002e+00  1.07533598e+00
 -7.85220504e-01  1.48424232e+00 -1",0.031,1790240907.197
2657,02_numeric_values_twice,get_embedding,    for i in range(10):,,"[ 1.27934492e+00 -1.19438660e+00 -4.61011708e-01  4.83963490e-01
  4.38167900e-01 -1.83535561e-01 -1",0.031,1790240907.244
2658,02_numeric_values_twice,get_embedding,        print(3),,"[ 1.92469490e+00  1.94025621e-01  1.22533476e+00  1.50401795e+00
 -2.99938470e-01  1.69675148e+00 -1",0.031,1790240907.306
2659,02_numeric_values_twice,get_embedding,    print(2),,"[ 1.74040031e+00  4.84979540e-01  1.28504002e+00  1.07533598e+00
 -7.85220504e-01  1.48424232e+00 -1",0.031,1790240907.353
2660,02_numeric_values_twice,get_embedding,    for i in range(10):,,"[ 1.27934492e+00 -1.19438660e+00 -4.61011708e-01  4.83963490e-01
  4.38167900e-01 -1.83535561e-01 -1",0.031,1790240907.416
2661,02_numeric_values_twice,get_embedding,        print(3),,"[ 1.92469490e+00  1.94025621e-01  1.22533476e+00  1.50401795e+00
 -2.99938470e-01  1.69675148e+00 -1",0.031,1790240907.462
2662,02_numeric_values_twice,get_embedding,    print(2),,"[ 1.74040031e+00  4.84979540e-01  1.28504002e+00  1.07533598e+00
 -7.85220504e-01  1.48424232e+00 -1",0.047,1790240907.525
2663,02_numeric_values_twice,get_embedding,    for i in range(10):,,"[ 1.27934492e+00 -1.19438660e+00 -4.61011708e-01  4.83963490e-01
  4.38167900e-01 -1.83535561e-01 -1",0.031,1790240907.587
2664,02_numeric_values_twice,get_embedding,        print(3),,"[ 1.92469490e+00  1.94025621e-01  1.22533476e+00  1.50401795e+00
 -2.99938470e-01  1.69675148e+00 -1",0.031,1790240907.634
2665,02_numeric_values_twice,get_embedding,    print(2),,"[ 1.74040031e+00  4.84979540e-01  1.28504002e+00  1.07533598e+00
 -7.85220504e-01  1.48424232e+00 -1",0.031,1790240907.697
2666,02_numeric_values_twice,get_embedding,    for i in range(10):,,"[ 1.27934492e+00 -1.19438660e+00 -4.61011708e-01  4.83963490e-01
  4.38167900e-01 -1.83535561e-01 -1",0.031,1790240907.744
2667,02_numeric_values_twice,get_embedding,        print(3),,"[ 1.92469490e+00  1.94025621e-01  1.22533476e+00  1.50401795e+00
 -2.99938470e-01  1.69675148e+00 -1",0.031,1790240907.806
2668,02_numeric_values_twice,get_embedding,    print(2),,"[ 1.74040031e+00  4.84979540e-01  1.28504002e+00  1.07533598e+00
 -7.85220504e-01  1.48424232e+00 -1",0.031,1790240907.853
2669,02_numeric_values_twice,get_embedding,    for i in range(10):,,"[ 1.27934492e+00 -1.19438660e+00 -4.61011708e-01  4.83963490e-01
  4.38167900e-01 -1.83535561e-01 -1",0.047,1790240907.915
2670,02_numeric_values_twice,get_embedding,        print(3),,"[ 1.92469490e+00  1.94025621e-01  1.22533476e+00  1.50401795e+00
 -2.99938470e-01  1.69675148e+00 -1",0.031,1790240907.978
2671,02_numeric_values_twice,get_embedding,    print(2),,"[ 1.74040031e+00  4.84979540e-01  1.28504002e+00  1.07533598e+00
 -7.85220504e-01  1.48424232e+00 -1",0.031,1790240908.025
2672,02_numeric_values_twice,get_embedding,    for i in range(10):,,"[ 1.27934492e+00 -1.19438660e+00 -4.61011708e-01  4.83963490e-01
  4.38167900e-01 -1.83535561e-01 -1",0.031,1790240908.087
2673,02_numeric_values_twice,get_embedding,        print(3),,"[ 1.92469490e+00  1.94025621e-01  1.22533476e+00  1.50401795e+00
 -2.99938470e-01  1.69675148e+00 -1",0.031,1790240908.134
2674,02_numeric_values_twice,get_embedding,    print(2),,"[ 1.74040031e+00  4.84979540e-01  1.28504002e+00  1.07533598e+00
 -7.85220504e-01  1.48424232e+00 -1",0.031,1790240908.197
2675,02_numeric_values_twice,get_embedding,    for i in range(10):,,"[ 1.27934492e+00 -1.19438660e+00 -4.61011708e-01  4.83963490e-01
  4.38167900e-01 -1.83535561e-01 -1",0.031,1790240908.244
2676,02_numeric_values_twice,get_embedding,        print(3),,"[ 1.92469490e+00  1.94025621e-01  1.22533476e+00  1.50401795e+00
 -2.99938470e-01  1.69675148e+00 -1",0.031,1790240908.306
2677,02_numeric_values_twice,get_embedding,    print(2),,"[ 1.74040031e+00  4.84979540e-01  1.28504002e+00  1.07533598e+00
 -7.85220504e-01  1.48424232e+00 -1",0.031,1790240908.353
2678,02_numeric_values_twice,get_embedding,    for i in range(10):,,"[ 1.27934492e+00 -1.19438660e+00 -4.61011708e-01  4.83963490e-01
  4.38167900e-01 -1.83535561e-01 -1",0.047,1790240908.415
2679,02_numeric_values_twice,get_embedding,        print(3),,"[ 1.92469490e+00  1.94025621e-01  1.22533476e+00  1.50401795e+00
 -2.99938470e-01  1.69675148e+00 -1",0.031,1790240908.478
2680,02_numeric_values_twice,get_embedding,    print(2),,"[ 1.74040031e+00  4.84979540e-01  1.28504002e+00  1.07533598e+00
 -7.85220504e-01  1.48424232e+00 -1",0.031,1790240908.525
2681,02_numeric_values_twice,get_embedding,    for i in range(10):,,"[ 1.27934492e+00 -1.19438660e+00 -4.61011708e-01  4.83963490e-01
  4.38167900e-01 -1.83535561e-01 -1",0.031,1790240908.587
2682,02_numeric_values_twice,get_embedding,        print(3),,"[ 1.92469490e+00  1.94025621e-01  1.22533476e+00  1.50401795e+00
 -2.99938470e-01  1.69675148e+00 -1",0.031,1790240908.634
2683,02_numeric_values_twice,get_embedding,    print(2),,"[ 1.74040031e+00  4.84979540e-01  1.28504002e+00  1.07533598e+00
 -7.85220504e-01  1.48424232e+00 -1",0.031,1790240908.697
2684,02_numeric_values_twice,get_embedding,    for i in range(10):,,"[ 1.27934492e+00 -1.19438660e+00 -4.61011708e-01  4.83963490e-01
  4.38167900e-01 -1.83535561e-01 -1",0.031,1790240908.744
2685,02_numeric_values_twice,get_embedding,        print(3),,"[ 1.92469490e+00  1.94025621e-01  1.22533476e+00  1.50401795e+00
 -2.99938470e-01  1.69675148e+00 -1",0.047,1790240908.806
2686,02_numeric_values_twice,get_embedding,    print(2),,"[ 1.74040031e+00  4.84979540e-01  1.28504002e+00  1.07533598e+00
 -7.85220504e-01  1.48424232e+00 -1",0.031,1790240908.869
2687,02_numeric_values_twice,get_embedding,    for i in range(10):,,"[ 1.27934492e+00 -1.19438660e+00 -4.61011708e-01  4.83963490e-01
  4.38167900e-01 -1.83535561e-01 -1",0.031,1790240908.916
2688,02_numeric_values_twice,get_embedding,        print(3),,"[ 1.92469490e+00  1.94025621e-01  1.22533476e+00  1.50401795e+00
 -2.99938470e-01  1.69675148e+00 -1",0.031,1790240908.978
2689,02_numeric_values_twice,get_embedding,    print(2),,"[ 1.74040031e+00  4.84979540e-01  1.28504002e+00  1.07533598e+00
 -7.85220504e-01  1.48424232e+00 -1",0.031,1790240909.025
2690,02_numeric_values_twice,get_embedding,    for i in range(10):,,"[ 1.27934492e+00 -1.19438660e+00 -4.61011708e-01  4.83963490e-01
  4.38167900e-01 -1.83535561e-01 -1",0.031,1790240909.088
2691,02_numeric_values_twice,get_embedding,        print(3),,"[ 1.92469490e+00  1.94025621e-01  1.22533476e+00  1.50401795e+00
 -2.99938470e-01  1.69675148e+00 -1",0.031,1790240909.134
2692,02_numeric_values_twice,get_embedding,    print(2),,"[ 1.74040031e+00  4.84979540e-01  1.28504002e+00  1.07533598e+00
 -7.85220504e-01  1.48424232e+00 -1",0.047,1790240909.197
2693,02_numeric_values_twice,get_embedding,    for i in range(10):,,"[ 1.27934492e+00 -1.19438660e+00 -4.61011708e-01  4.83963490e-01
  4.38167900e-01 -1.83535561e-01 -1",0.031,1790240909.244
2694,02_numeric_values_twice,get_embedding,        print(3),,"[ 1.92469490e+00  1.94025621e-01  1.22533476e+00  1.50401795e+00
 -2.99938470e-01  1.69675148e+00 -1",0.031,1790240909.306
2695,02_numeric_values_twice,get_embedding,    print(2),,"[ 1.74040031e+00  4.84979540e-01  1.28504002e+00  1.07533598e+00
 -7.85220504e-01  1.48424232e+00 -1",0.031,1790240909.369
2696,02_numeric_values_twice,get_embedding,    for i in range(10):,,"[ 1.27934492e+00 -1.19438660e+00 -4.61011708e-01  4.83963490e-01
  4.38167900e-01 -1.83535561e-01 -1",0.031,1790240909.416
2697,02_numeric_values_twice,get_embedding,        print(3),,"[ 1.92469490e+00  1.94025621e-01  1.22533476e+00  1.50401795e+00
 -2.99938470e-01  1.69675148e+00 -1",0.031,1790240909.478
2698,02_numeric_values_twice,get_embedding,    print(2),,"[ 1.74040031e+00  4.84979540e-01  1.28504002e+00  1.07533598e+00
 -7.85220504e-01  1.48424232e+00 -1",0.031,1790240909.525
2699,02_numeric_values_twice,get_embedding,    for i in range(10):,,"[ 1.27934492e+00 -1.19438660e+00 -4.61011708e-01  4.83963490e-01
  4.38167900e-01 -1.83535561e-01 -1",0.031,1790240909.587
2700,02_numeric_values_twice,get_embedding,        print(3),,"[ 1.92469490e+00  1.94025621e-01  1.22533476e+00  1.50401795e+00
 -2.99938470e-01  1.69675148e+00 -1",0.031,1790240909.634
2701,02_numeric_values_twice,get_embedding,    print(2),,"[ 1.74040031e+00  4.84979540e-01  1.28504002e+00  1.07533598e+00
 -7.85220504e-01  1.48424232e+00 -1",0.047,1790240909.697
2702,02_numeric_values_twice,get_embedding,    for i in range(10):,,"[ 1.27934492e+00 -1.19438660e+00 -4.61011708e-01  4.83963490e-01
  4.38167900e-01 -1.83535561e-01 -1",0.031,1790240909.759
2703,02_numeric_values_twice,get_embedding,        print(3),,"[ 1.92469490e+00  1.94025621e-01  1.22533476e+00  1.50401795e+00
 -2.99938470e-01  1.69675148e+00 -1",0.031,1790240909.806
2704,02_numeric_values_twice,get_embedding,    print(2),,"[ 1.74040031e+00  4.84979540e-01  1.28504002e+00  1.07533598e+00
 -7.85220504e-01  1.48424232e+00 -1",0.031,1790240909.869
2705,02_numeric_values_twice,get_embedding,    for i in range(10):,,"[ 1.27934492e+00 -1.19438660e+00 -4.61011708e-01  4.83963490e-01
  4.38167900e-01 -1.83535561e-01 -1",0.031,1790240909.916
2706,02_numeric_values_twice,get_embedding,        print(3),,"[ 1.92469490e+00  1.94025621e-01  1.22533476e+00  1.50401795e+00
 -2.99938470e-01  1.69675148e+00 -1",0.047,1790240909.978
2707,02_numeric_values_twice,get_embedding,    print(2),,"[ 1.74040031e+00  4.84979540e-01  1.28504002e+00  1.07533598e+00
 -7.85220504e-01  1.48424232e+00 -1",0.031,1790240910.025
2708,02_numeric_values_twice,get_embedding,    for i in range(10):,,"[ 1.27934492e+00 -1.19438660e+00 -4.61011708e-01  4.83963490e-01
  4.38167900e-01 -1.83535561e-01 -1",0.031,1790240910.087
2709,02_numeric_values_twice,get_embedding,        print(3),,"[ 1.92469490e+00  1.94025621e-01  1.22533476e+00  1.50401795e+00
 -2.99938470e-01  1.69675148e+00 -1",0.031,1790240910.15
2710,02_numeric_values_twice,get_embedding,    print(2),,"[ 1.74040031e+00  4.84979540e-01  1.28504002e+00  1.07533598e+00
 -7.85220504e-01  1.48424232e+00 -1",0.031,1790240910.197
2711,02_numeric_values_twice,get_embedding,    for i in range(10):,,"[ 1.27934492e+00 -1.19438660e+00 -4.61011708e-01  4.83963490e-01
  4.38167900e-01 -1.83535561e-01 -1",0.031,1790240910.259
2712,02_numeric_values_twice,get_embedding,        print(3),,"[ 1.92469490e+00  1.94025621e-01  1.22533476e+00  1.50401795e+00
 -2.99938470e-01  1.69675148e+00 -1",0.031,1790240910.306
2713,02_numeric_values_twice,get_embedding,    print(2),,"[ 1.74040031e+00  4.84979540e-01  1.28504002e+00  1.07533598e+00
 -7.85220504e-01  1.48424232e+00 -1",0.047,1790240910.369
2714,02_numeric_values_twice,get_embedding,    for i in range(10):,,"[ 1.27934492e+00 -1.19438660e+00 -4.61011708e-01  4.83963490e-01
  4.38167900e-01 -1.83535561e-01 -1",0.031,1790240910.416
2715,02_numeric_values_twice,get_embedding,        print(3),,"[ 1.92469490e+00  1.94025621e-01  1.22533476e+00  1.50401795e+00
 -2.99938470e-01  1.69675148e+00 -1",0.031,1790240910.478
2716,02_numeric_values_twice,get_embedding,    print(2),,"[ 1.74040031e+00  4.84979540e-01  1.28504002e+00  1.07533598e+00
 -7.85220504e-01  1.48424232e+00 -1",0.031,1790240910.541
2717,02_numeric_values_twice,get_embedding,    for i in range(10):,,"[ 1.27934492e+00 -1.19438660e+00 -4.61011708e-01  4.83963490e-01
  4.38167900e-01 -1.83535561e-01 -1",0.031,1790240910.587
2718,02_numeric_values_twice,get_embedding,        print(3),,"[ 1.92469490e+00  1.94025621e-01  1.22533476e+00  1.50401795e+00
 -2.99938470e-01  1.69675148e+00 -1",0.031,1790240910.65
2719,02_numeric_values_maybe_const,get_prob,import tc01_02,,0.43055427,0.031,1790240910.759
2720,02_numeric_values_maybe_const,get_prob,print('ddddddddddddddddddddddddddddddddddddddddddddddddddddddddddddddddd more than line length 120 ========================='),,-0.69289976,0.031,1790240910.806
2721,02_numeric_values_maybe_const,get_prob,"print(without_type_hint(2025, 113, 'REBEL HEART'))",,0.2762698,0.047,1790240910.869
2722,02_numeric_values_maybe_const,get_prob,"print(with_type_hint(2025, 113, 'REBEL HEART'))",,0.25749835,0.031,1790240910.916
2723,02_numeric_values_maybe_const,get_prob,"    I, J, K, L = 2, 3, 4, 5",,-0.03468721,0.031,1790240910.962
2724,02_numeric_values_maybe_const,get_prob,    for i in range(2):,,0.2538138,0.031,1790240911.009
2725,02_numeric_values_maybe_const,get_prob,        for j in range(3):,,0.239642,0.031,1790240911.056
2726,02_numeric_values_maybe_const,get_prob,            for k in range(4):,,0.25651586,0.047,1790240911.119
2727,02_numeric_values_maybe_const,get_prob,                for l in range(5):,,0.019932088,0.031,1790240911.166
2728,02_numeric_values_maybe_const,get_prob,print(1234),,-0.044204626,0.031,1790240911.213
2729,02_numeric_values_maybe_const,get_prob,"    I, J, K, L = 2, 3, 4, 5",,-0.03468721,0.031,1790240911.26
2730,02_numeric_values_maybe_const,get_prob,    for i in range(2):,,0.2538138,0.031,1790240911.306
2731,02_numeric_values_maybe_const,get_prob,        for j in range(3):,,0.239642,0.047,1790240911.369
2732,02_numeric_values_maybe_const,get_prob,"                                   'bbb': 2,",,-0.11325148,0.031,1790240911.416
2733,02_numeric_values_maybe_const,get_prob,                                   'ccc': 3},,0.013056722,0.031,1790240911.463
2734,02_numeric_values_maybe_const,get_prob,    for i in range(2):,,0.2538138,0.031,1790240911.509
2735,02_numeric_values_maybe_const,get_prob,        for j in range(3):,,0.239642,0.031,1790240911.556
2736,02_numeric_values_maybe_const,get_prob,            for k in range(4):,,0.25651586,0.031,1790240911.619
2737,02_numeric_values_maybe_const,get_prob,"                                       'bbb': 2,",,-0.17760223,0.031,1790240911.666
2738,02_numeric_values_maybe_const,get_prob,                                       'ccc': 3},,0.005750116,0.031,1790240911.713
2739,02_numeric_values_maybe_const,get_prob,    for i in range(2):,,0.2538138,0.031,1790240911.759
2740,02_numeric_values_maybe_const,get_prob,        for j in range(3):,,0.239642,0.047,1790240911.822
2741,02_numeric_values_maybe_const,get_prob,            for k in range(4):,,0.25651586,0.031,1790240911.869
2742,02_numeric_values_maybe_const,get_prob,                for l in range(5):,,0.019932088,0.031,1790240911.916
2743,02_numeric_values_maybe_const,get_prob,print(5678),,0.0029038154,0.031,1790240911.963
2744,02_numeric_values_maybe_const,get_prob,    print(2),,-0.0636127,0.031,1790240912.009
2745,02_numeric_values_maybe_const,get_prob,    for i in range(10):,,-0.19044363,0.031,1790240912.072
2746,02_numeric_values_maybe_const,get_prob,        print(3),,0.10515192,0.031,1790240912.119
2747,02_numeric_values_maybe_const,get_prob,    print(2),,-0.0636127,0.031,1790240912.166
2748,02_numeric_values_maybe_const,get_prob,    for i in range(10):,,-0.19044363,0.031,1790240912.213
2749,02_numeric_values_maybe_const,get_prob,        print(3),,0.10515192,0.047,1790240912.275
2750,02_numeric_values_maybe_const,get_prob,    print(2),,-0.0636127,0.031,1790240912.322
2751,02_numeric_values_maybe_const,get_prob,    for i in range(10):,,-0.19044363,0.031,1790240912.369
2752,02_numeric_values_maybe_const,get_prob,        print(3),,0.10515192,0.031,1790240912.416
2753,02_numeric_values_maybe_const,get_prob,    print(2),,-0.0636127,0.047,1790240912.478
2754,02_numeric_values_maybe_const,get_prob,    for i in range(10):,,-0.19044363,0.031,1790240912.525
2755,02_numeric_values_maybe_const,get_prob,        print(3),,0.10515192,0.031,1790240912.572
2756,02_numeric_values_maybe_const,get_prob,    print(2),,-0.0636127,0.031,1790240912.619
2757,02_numeric_values_maybe_const,get_prob,    for i in range(10):,,-0.19044363,0.031,1790240912.666
2758,02_numeric_values_maybe_const,get_prob,        print(3),,0.10515192,0.047,1790240912.728
2759,02_numeric_values_maybe_const,get_prob,    print(2),,-0.0636127,0.031,1790240912.775
2760,02_numeric_values_maybe_const,get_prob,    for i in range(10):,,-0.19044363,0.031,1790240912.822
2761,02_numeric_values_maybe_const,get_prob,        print(3),,0.10515192,0.031,1790240912.869
2762,02_numeric_values_maybe_const,get_prob,    print(2),,-0.0636127,0.031,1790240912.916
2763,02_numeric_values_maybe_const,get_prob,    for i in range(10):,,-0.19044363,0.031,1790240912.978
2764,02_numeric_values_maybe_const,get_prob,        print(3),,0.10515192,0.031,1790240913.025
2765,02_numeric_values_maybe_const,get_prob,    print(2),,-0.0636127,0.031,1790240913.072
2766,02_numeric_values_maybe_const,get_prob,    for i in range(10):,,-0.19044363,0.031,1790240913.119
2767,02_numeric_values_maybe_const,get_prob,        print(3),,0.10515192,0.047,1790240913.181
2768,02_numeric_values_maybe_const,get_prob,    print(2),,-0.0636127,0.031,1790240913.228
2769,02_numeric_values_maybe_const,get_prob,    for i in range(10):,,-0.19044363,0.031,1790240913.275
2770,02_numeric_values_maybe_const,get_prob,        print(3),,0.10515192,0.031,1790240913.322
2771,02_numeric_values_maybe_const,get_prob,    print(2),,-0.0636127,0.031,1790240913.369
2772,02_numeric_values_maybe_const,get_prob,    for i in range(10):,,-0.19044363,0.047,1790240913.431
2773,02_numeric_values_maybe_const,get_prob,        print(3),,0.10515192,0.031,1790240913.478
2774,02_numeric_values_maybe_const,get_prob,    print(2),,-0.0636127,0.031,1790240913.525
2775,02_numeric_values_maybe_const,get_prob,    for i in range(10):,,-0.19044363,0.031,1790240913.572
2776,02_numeric_values_maybe_const,get_prob,        print(3),,0.10515192,0.031,1790240913.619
2777,02_numeric_values_maybe_const,get_prob,    print(2),,-0.0636127,0.047,1790240913.681
2778,02_numeric_values_maybe_const,get_prob,    for i in range(10):,,-0.19044363,0.031,1790240913.728
2779,02_numeric_values_maybe_const,get_prob,        print(3),,0.10515192,0.031,1790240913.775
2780,02_numeric_values_maybe_const,get_prob,    print(2),,-0.0636127,0.031,1790240913.822
2781,02_numeric_values_maybe_const,get_prob,    for i in range(10):,,-0.19044363,0.047,1790240913.884
2782,02_numeric_values_maybe_const,get_prob,        print(3),,0.10515192,0.031,1790240913.931
2783,02_numeric_values_maybe_const,get_prob,    print(2),,-0.0636127,0.031,1790240913.978
2784,02_numeric_values_maybe_const,get_prob,    for i in range(10):,,-0.19044363,0.031,1790240914.025
2785,02_numeric_values_maybe_const,get_prob,        print(3),,0.10515192,0.031,1790240914.072
2786,02_numeric_values_maybe_const,get_prob,    print(2),,-0.0636127,0.047,1790240914.134
2787,02_numeric_values_maybe_const,get_prob,    for i in range(10):,,-0.19044363,0.031,1790240914.181
2788,02_numeric_values_maybe_const,get_prob,        print(3),,0.10515192,0.031,1790240914.228
2789,02_numeric_values_maybe_const,get_prob,    print(2),,-0.0636127,0.031,1790240914.275
2790,02_numeric_values_maybe_const,get_prob,    for i in range(10):,,-0.19044363,0.031,1790240914.322
2791,02_numeric_values_maybe_const,get_prob,        print(3),,0.10515192,0.031,1790240914.384
2792,02_numeric_values_maybe_const,get_prob,    print(2),,-0.0636127,0.031,1790240914.431
2793,02_numeric_values_maybe_const,get_prob,    for i in range(10):,,-0.19044363,0.031,1790240914.478
2794,02_numeric_values_maybe_const,get_prob,        print(3),,0.10515192,0.031,1790240914.525
2795,02_numeric_values_maybe_const,get_prob,    print(2),,-0.0636127,0.047,1790240914.587
2796,02_numeric_values_maybe_const,get_prob,    for i in range(10):,,-0.19044363,0.031,1790240914.634
2797,02_numeric_values_maybe_const,get_prob,        print(3),,0.10515192,0.031,1790240914.681
2798,02_numeric_values_maybe_const,get_prob,    print(2),,-0.0636127,0.031,1790240914.728
2799,02_numeric_values_maybe_const,get_prob,    for i in range(10):,,-0.19044363,0.031,1790240914.775
2800,02_numeric_values_maybe_const,get_prob,        print(3),,0.10515192,0.031,1790240914.837
2801,02_numeric_values_maybe_const,get_prob,    print(2),,-0.0636127,0.031,1790240914.884
2802,02_numeric_values_maybe_const,get_prob,    for i in range(10):,,-0.19044363,0.031,1790240914.931
2803,02_numeric_values_maybe_const,get_prob,        print(3),,0.10515192,0.031,1790240914.978
2804,02_numeric_values_maybe_const,get_prob,    print(2),,-0.0636127,0.047,1790240915.041
2805,02_numeric_values_maybe_const,get_prob,    for i in range(10):,,-0.19044363,0.031,1790240915.087
2806,02_numeric_values_maybe_const,get_prob,        print(3),,0.10515192,0.031,1790240915.134
2807,02_numeric_values_maybe_const,get_prob,    print(2),,-0.0636127,0.047,1790240915.197
2808,02_numeric_values_maybe_const,get_prob,    for i in range(10):,,-0.19044363,0.031,1790240915.244
2809,02_numeric_values_maybe_const,get_prob,        print(3),,0.10515192,0.031,1790240915.291
2810,02_numeric_values_maybe_const,get_prob,    print(2),,-0.0636127,0.031,1790240915.337
2811,02_numeric_values_maybe_const,get_prob,    for i in range(10):,,-0.19044363,0.031,1790240915.384
2812,02_numeric_values_maybe_const,get_prob,        print(3),,0.10515192,0.031,1790240915.447
2813,02_numeric_values_maybe_const,get_prob,    print(2),,-0.0636127,0.031,1790240915.494
2814,02_numeric_values_maybe_const,get_prob,    for i in range(10):,,-0.19044363,0.031,1790240915.541
2815,02_numeric_values_maybe_const,get_prob,        print(3),,0.10515192,0.031,1790240915.587
2816,02_numeric_values_maybe_const,get_prob,aaa = 0.1,,0.28802747,0.047,1790240915.65
2817,02_numeric_values_maybe_const,get_prob,fff = -0.1,,-0.06275532,0.031,1790240915.697
2818,02_numeric_values_twice,get_embedding,"arr = [2, 3, 5, 7, 11, 13, 17, 19]",,"[ 5.48618555e-01 -3.39497507e-01 -1.82163939e-02  2.00220242e-01
 -4.10597980e-01  9.55645978e-01 -2",0.031,1790240915.759
2819,02_numeric_values_twice,get_embedding,"arr = [2, 3, 5, 7, 11, 13, 17, 19]",,"[ 5.48618555e-01 -3.39497507e-01 -1.82163939e-02  2.00220242e-01
 -4.10597980e-01  9.55645978e-01 -2",0.031,1790240915.806
2820,02_numeric_values_twice,get_embedding,    if item % 4 == 1:,,"[ 1.69068944e+00 -1.15122867e+00  6.31708980e-01  6.91957101e-02
  1.64683998e-01  1.48144758e+00 -1",0.047,1790240915.869
2821,02_numeric_values_twice,get_embedding,    if item % 4 == 1:,,"[ 1.69068944e+00 -1.15122867e+00  6.31708980e-01  6.91957101e-02
  1.64683998e-01  1.48144758e+00 -1",0.031,1790240915.931
2822,02_numeric_values_twice,get_embedding,    if item % 4 == 1:,,"[ 1.69068944e+00 -1.15122867e+00  6.31708980e-01  6.91957101e-02
  1.64683998e-01  1.48144758e+00 -1",0.031,1790240915.978
2823,02_numeric_values_twice,get_embedding,        new_arr.append(2),,"[ 1.67016423e+00 -9.75976050e-01 -4.29608613e-01  4.91890132e-01
 -5.43422759e-01  2.36038789e-01 -8",0.031,1790240916.04
2824,02_numeric_values_twice,get_embedding,"    result += str(3) + ','",,"[ 2.18657947e+00 -5.27804554e-01 -9.69440639e-01  1.26034296e+00
 -2.59225637e-01  1.08884740e+00 -2",0.031,1790240916.103
2825,02_numeric_values_twice,get_embedding,print(sum([p for p in primes if p >= 10])),,"[ 7.46349931e-01 -2.25873366e-01  1.05574012e+00 -6.25557125e-01
  1.93634629e-01  1.48827851e+00 -1",0.031,1790240916.15
2826,02_numeric_values_twice,get_embedding,print(sum([p for p in primes if p >= 10])),,"[ 7.46349931e-01 -2.25873366e-01  1.05574012e+00 -6.25557125e-01
  1.93634629e-01  1.48827851e+00 -1",0.031,1790240916.212
2827,02_numeric_values_twice,get_embedding,print(max([p for p in primes if p % 3 == 2])),,"[ 1.10025847e+00 -3.80448878e-01  1.34443688e+00 -2.21528977e-01
  7.59028733e-01  1.75647700e+00 -5",0.031,1790240916.259
2828,02_numeric_values_twice,get_embedding,print(min([p for p in primes if p % 3 == 1])),,"[ 9.57058191e-01 -3.45759660e-01  1.30002832e+00 -3.65426183e-01
  5.41614592e-01  2.07192564e+00 -5",0.047,1790240916.322
2829,02_numeric_values_twice,get_embedding,print(all([p % 2 == 1 for p in primes])),,"[ 1.57139194e+00 -1.02123097e-01  1.12219715e+00 -6.05496407e-01
 -3.35058868e-02  1.32838809e+00 -8",0.031,1790240916.384
2830,02_numeric_values_twice,get_embedding,print(any([p % 2 == 1 for p in primes])),,"[ 1.58344507e+00 -3.47836278e-02  1.24189806e+00 -6.37735844e-01
  3.17274407e-02  1.32173276e+00 -8",0.031,1790240916.431
2831,02_numeric_values_twice,get_embedding,print(sum(p for p in primes if p >= 10)),,"[ 7.07808495e-01 -3.43889415e-01  1.04236722e+00 -6.46468818e-01
  2.43569940e-01  1.49591160e+00 -1",0.031,1790240916.494
2832,02_numeric_values_twice,get_embedding,print(max(p for p in primes if p % 3 == 2)),,"[ 1.04051232e+00 -4.36360866e-01  1.34338629e+00 -2.30992854e-01
  7.23627090e-01  1.84166145e+00 -5",0.031,1790240916.54
2833,02_numeric_values_twice,get_embedding,print(min(p for p in primes if p % 3 == 1)),,"[ 9.23916101e-01 -4.25525039e-01  1.28744316e+00 -4.15362418e-01
  5.15681088e-01  2.12869430e+00 -5",0.047,1790240916.603
2834,02_numeric_values_twice,get_embedding,print(all(p % 2 == 1 for p in primes)),,"[ 1.58840597e+00 -1.25473291e-01  9.89900589e-01 -6.16850734e-01
 -5.62538058e-02  1.32531476e+00 -8",0.031,1790240916.665
2835,02_numeric_values_twice,get_embedding,print(any(p % 2 == 1 for p in primes)),,"[ 1.48495901e+00 -8.97725672e-02  1.09636486e+00 -6.18490219e-01
  5.75557500e-02  1.29770064e+00 -8",0.031,1790240916.712
2836,02_numeric_values_twice,get_embedding,if test >= 100:,,"[ 1.03682876e+00  5.50554872e-01 -3.24611723e-01 -3.66782933e-01
  2.43057698e-01  4.40088749e-01 -1",0.031,1790240916.775
2837,02_numeric_values_twice,get_embedding,if test >= 100:,,"[ 1.03682876e+00  5.50554872e-01 -3.24611723e-01 -3.66782933e-01
  2.43057698e-01  4.40088749e-01 -1",0.031,1790240916.837
2838,02_numeric_values_twice,get_embedding,elif test >= 75:,,"[ 1.65513742e+00 -1.88117884e-02 -2.43876427e-01 -4.01487201e-01
  5.03865898e-01  6.22109234e-01 -1",0.031,1790240916.884
2839,02_numeric_values_twice,get_embedding,elif test >= 75:,,"[ 1.65513742e+00 -1.88117884e-02 -2.43876427e-01 -4.01487201e-01
  5.03865898e-01  6.22109234e-01 -1",0.031,1790240916.947
2840,02_numeric_values_twice,get_embedding,elif test >= 50:,,"[ 1.71168494e+00 -3.45419973e-01  8.74937400e-02 -5.87346673e-01
  9.30800557e-01 -9.48851854e-02 -1",0.031,1790240916.994
2841,02_numeric_values_twice,get_embedding,elif test >= 50:,,"[ 1.71168494e+00 -3.45419973e-01  8.74937400e-02 -5.87346673e-01
  9.30800557e-01 -9.48851854e-02 -1",0.047,1790240917.056
2842,02_numeric_values_twice,get_embedding,if test_abc >= 100:,,"[ 1.27858412e+00  7.65345931e-01 -2.22836763e-01  2.84281708e-02
 -2.81821251e-01  8.48332942e-01 -9",0.031,1790240917.119
2843,02_numeric_values_twice,get_embedding,elif test >= 75:,,"[ 1.65513742e+00 -1.88117884e-02 -2.43876427e-01 -4.01487201e-01
  5.03865898e-01  6.22109234e-01 -1",0.031,1790240917.165
2844,02_numeric_values_twice,get_embedding,elif test_abc >= 50:,,"[ 1.29588556e+00  2.09019974e-01 -3.22908223e-01 -2.78645307e-01
  2.01729119e-01  4.72115934e-01 -1",0.031,1790240917.228
2845,02_numeric_values_twice,get_embedding,if test_def >= 100:,,"[ 1.05582428e+00  5.13861239e-01  1.57598957e-01  1.29715645e+00
 -5.61924815e-01  1.24723959e+00 -1",0.031,1790240917.275
2846,02_numeric_values_twice,get_embedding,elif test_def >= 75:,,"[ 1.05297530e+00  8.78686905e-02  2.69907266e-01  6.09523535e-01
 -2.13827610e-01  1.14781404e+00 -1",0.047,1790240917.337
2847,02_numeric_values_twice,get_embedding,elif test_def >= 50:,,"[ 8.21998835e-01 -1.55266702e-01  4.69253540e-01  6.99178398e-01
 -2.27462664e-01  9.23014343e-01 -1",0.031,1790240917.4
2848,02_numeric_values_twice,get_embedding,if test >= 100 and True:,,"[ 8.13031316e-01  3.60504955e-01 -4.55206454e-01 -4.00910258e-01
  1.95180416e-01  3.06083471e-01 -1",0.031,1790240917.447
2849,02_numeric_values_twice,get_embedding,elif test <= 75 and False:,,"[ 6.87957644e-01  1.77319735e-01 -7.26143792e-02 -5.36589146e-01
  8.85583013e-02  1.01626003e+00 -1",0.031,1790240917.509
2850,02_numeric_values_twice,get_embedding,"numbers = [1, 2, 3, -4, 5]",,"[ 1.65053174e-01  5.92673361e-01 -9.35224891e-02  2.11494952e-01
 -1.33370900e+00  3.46253097e-01 -1",0.031,1790240917.572
2851,02_numeric_values_twice,get_embedding,"scores = [85, 92, 78]",,"[ 1.78104091e+00 -7.92688906e-01 -6.24357879e-01 -1.42991364e+00
 -7.41181612e-01  1.59737432e+00 -8",0.031,1790240917.619
2852,02_numeric_values_twice,get_embedding,"scores = [85, 92, 78]",,"[ 1.78104091e+00 -7.92688906e-01 -6.24357879e-01 -1.42991364e+00
 -7.41181612e-01  1.59737432e+00 -8",0.031,1790240917.681
2853,02_numeric_values_twice,get_embedding,for itertool1 in range(100):,,"[ 1.03465843e+00 -6.78054512e-01 -5.42653024e-01  6.37029469e-01
  1.50312558e-01 -2.60375559e-01 -2",0.031,1790240917.728
2854,02_numeric_values_twice,get_embedding,sentence = '123',,"[ 2.36198068e+00 -1.14619899e+00 -6.25177026e-01  2.72999644e-01
 -2.26716900e+00  1.80360138e+00 -1",0.031,1790240917.79
2855,02_numeric_values_twice,get_embedding,    print(2),,"[ 1.74040031e+00  4.84979540e-01  1.28504002e+00  1.07533598e+00
 -7.85220504e-01  1.48424232e+00 -1",0.031,1790240917.853
2856,02_numeric_values_twice,get_embedding,    print(3),,"[ 1.77703202e+00  2.45839551e-01  1.12394094e+00  1.39837539e+00
 -5.17446935e-01  1.55375075e+00 -1",0.031,1790240917.9
2857,02_numeric_values_twice,get_embedding,    print(4),,"[ 1.86815047e+00 -1.58629045e-01  1.27253437e+00  1.34501541e+00
 -7.66563416e-01  1.59465897e+00 -1",0.047,1790240917.962
2858,02_numeric_values_twice,get_embedding,    print(5),,"[ 1.92758071e+00  9.25593376e-02  1.17311966e+00  1.41687202e+00
 -2.95237213e-01  1.32179463e+00 -1",0.031,1790240918.025
2859,02_numeric_values_twice,get_embedding,    print(7),,"[ 1.67593503e+00 -2.53545523e-01  1.08399606e+00  1.09973824e+00
  1.35096923e-01  1.52169406e+00 -1",0.031,1790240918.072
2860,02_numeric_values_twice,get_embedding,"scores = [100, 85, 90, 100, 75, 100]",,"[ 1.76649833e+00 -9.48415875e-01 -8.53445947e-01 -1.35095310e+00
 -8.26004088e-01  1.71503246e+00 -1",0.031,1790240918.134
2861,02_numeric_values_twice,get_embedding,perfect_scores = len([score for score in scores if score == 100]),,"[ 1.53042865e+00 -8.00886214e-01 -1.93997696e-01 -1.61140144e+00
  1.54642120e-01  3.16231966e-01 -9",0.031,1790240918.181
2862,02_numeric_values_twice,get_embedding,target = 40,,"[ 1.19399965e+00 -2.23718357e+00  1.13787055e+00 -3.91950607e-01
 -1.28587353e+00  1.97298205e+00 -1",0.031,1790240918.243
2863,02_numeric_values_twice,get_embedding,target = 40,,"[ 1.19399965e+00 -2.23718357e+00  1.13787055e+00 -3.91950607e-01
 -1.28587353e+00  1.97298205e+00 -1",0.031,1790240918.306
2864,02_numeric_values_twice,get_embedding,"numbers = [10, 20, 30, 40, 50]",,"[ 5.04904568e-01 -1.44996986e-01 -2.26519853e-01  2.83231407e-01
 -9.66192245e-01  1.64719626e-01 -1",0.031,1790240918.353
2865,02_numeric_values_twice,get_embedding,"numbers = [1, 2, 3, 4, 5]",,"[ 5.86496711e-01  3.41587071e-03 -7.44338632e-01  6.41301930e-01
 -4.99651968e-01  7.27605641e-01 -6",0.031,1790240918.415
2866,02_numeric_values_twice,get_embedding,    if num % 2 != 0:  # 홀수만 골라서 변환,,"[ 2.13509178e+00 -8.41191053e-01  7.31454611e-01  5.87256789e-01
  2.99418438e-03  1.58422399e+00 -1",0.031,1790240918.462
2867,02_numeric_values_twice,get_embedding,a = sum(len(line) for line in result[:3]),,"[ 1.77543080e+00 -1.35848975e+00 -1.42218399e+00  7.42818117e-01
  3.63143831e-01 -1.10395074e+00 -3",0.031,1790240918.525
2868,02_numeric_values_twice,get_embedding,d = sum(len(line) for line in result[:3]) + 300,,"[ 1.02651775e+00 -1.35904026e+00 -5.13137341e-01  9.49213505e-01
  7.64912963e-01 -9.22321439e-01 -1",0.031,1790240918.587
2869,02_numeric_values_maybe_const,get_prob,"arr = [2, 3, 5, 7, 11, 13, 17, 19]",,-0.12744038,0.031,1790240918.665
2870,02_numeric_values_maybe_const,get_prob,    if item % 4 == 1:,,0.30477673,0.031,1790240918.712
2871,02_numeric_values_maybe_const,get_prob,    if item % 4 == 1:,,0.30477673,0.031,1790240918.759
2872,02_numeric_values_maybe_const,get_prob,        new_arr.append(2),,-0.04388121,0.047,1790240918.822
2873,02_numeric_values_maybe_const,get_prob,"    result += str(3) + ','",,-0.19890879,0.031,1790240918.868
2874,02_numeric_values_maybe_const,get_prob,print(sum([p for p in primes if p >= 10])),,-0.37443995,0.031,1790240918.915
2875,02_numeric_values_maybe_const,get_prob,print(max([p for p in primes if p % 3 == 2])),,0.13909389,0.031,1790240918.962
2876,02_numeric_values_maybe_const,get_prob,print(min([p for p in primes if p % 3 == 1])),,0.062097784,0.047,1790240919.025
2877,02_numeric_values_maybe_const,get_prob,print(all([p % 2 == 1 for p in primes])),,0.059111502,0.031,1790240919.072
2878,02_numeric_values_maybe_const,get_prob,print(any([p % 2 == 1 for p in primes])),,0.08573815,0.031,1790240919.118
2879,02_numeric_values_maybe_const,get_prob,print(sum(p for p in primes if p >= 10)),,-0.37424287,0.031,1790240919.165
2880,02_numeric_values_maybe_const,get_prob,print(max(p for p in primes if p % 3 == 2)),,0.09547183,0.047,1790240919.228
2881,02_numeric_values_maybe_const,get_prob,print(min(p for p in primes if p % 3 == 1)),,0.038180258,0.031,1790240919.275
2882,02_numeric_values_maybe_const,get_prob,print(all(p % 2 == 1 for p in primes)),,0.04704472,0.031,1790240919.322
2883,02_numeric_values_maybe_const,get_prob,print(any(p % 2 == 1 for p in primes)),,0.06156027,0.031,1790240919.368
2884,02_numeric_values_maybe_const,get_prob,if test >= 100:,,-0.6225112,0.047,1790240919.431
2885,02_numeric_values_maybe_const,get_prob,elif test >= 75:,,-0.5510195,0.031,1790240919.478
2886,02_numeric_values_maybe_const,get_prob,elif test >= 50:,,-0.24229172,0.031,1790240919.525
2887,02_numeric_values_maybe_const,get_prob,if test_abc >= 100:,,-0.103467494,0.031,1790240919.572
2888,02_numeric_values_maybe_const,get_prob,elif test >= 75:,,-0.5510195,0.031,1790240919.634
2889,02_numeric_values_maybe_const,get_prob,elif test_abc >= 50:,,-0.15075637,0.031,1790240919.681
2890,02_numeric_values_maybe_const,get_prob,if test_def >= 100:,,0.23914614,0.031,1790240919.728
2891,02_numeric_values_maybe_const,get_prob,elif test_def >= 75:,,0.055464964,0.031,1790240919.775
2892,02_numeric_values_maybe_const,get_prob,elif test_def >= 50:,,0.17566499,0.031,1790240919.837
2893,02_numeric_values_maybe_const,get_prob,if test >= 100 and True:,,-0.2756607,0.031,1790240919.884
2894,02_numeric_values_maybe_const,get_prob,elif test <= 75 and False:,,-0.18518901,0.031,1790240919.931
2895,02_numeric_values_maybe_const,get_prob,"numbers = [1, 2, 3, -4, 5]",,0.40820628,0.031,1790240919.978
2896,02_numeric_values_maybe_const,get_prob,"scores = [85, 92, 78]",,0.05987137,0.031,1790240920.04
2897,02_numeric_values_maybe_const,get_prob,"values = [101, ""John"", ""Admin""]",,-0.03405199,0.031,1790240920.087
2898,02_numeric_values_maybe_const,get_prob,for itertool1 in range(100):,,0.2535901,0.031,1790240920.15
2899,02_numeric_values_maybe_const,get_prob,        print(400),,-0.08173004,0.031,1790240920.197
2900,02_numeric_values_maybe_const,get_prob,sentence = '123',,-0.09393197,0.031,1790240920.243
2901,02_numeric_values_maybe_const,get_prob,    print(2),,-0.0636127,0.031,1790240920.29
2902,02_numeric_values_maybe_const,get_prob,    print(3),,0.07049221,0.031,1790240920.353
2903,02_numeric_values_maybe_const,get_prob,    print(4),,0.0883379,0.031,1790240920.4
2904,02_numeric_values_maybe_const,get_prob,    print(5),,-0.101897955,0.031,1790240920.446
2905,02_numeric_values_maybe_const,get_prob,    print(6),,-0.6052319,0.031,1790240920.493
2906,02_numeric_values_maybe_const,get_prob,    print(7),,-0.3242794,0.031,1790240920.556
2907,02_numeric_values_maybe_const,get_prob,    print(8),,-0.19369996,0.031,1790240920.603
2908,02_numeric_values_maybe_const,get_prob,"scores = [100, 85, 90, 100, 75, 100]",,0.12602288,0.031,1790240920.65
2909,02_numeric_values_maybe_const,get_prob,perfect_scores = len([score for score in scores if score == 100]),,-0.4905413,0.047,1790240920.712
2910,02_numeric_values_maybe_const,get_prob,target = 40,,-0.39591947,0.031,1790240920.759
2911,02_numeric_values_maybe_const,get_prob,"numbers = [10, 20, 30, 40, 50]",,0.09574823,0.031,1790240920.806
2912,02_numeric_values_maybe_const,get_prob,for i in range(1000):,,-0.34045985,0.031,1790240920.853
2913,02_numeric_values_maybe_const,get_prob,result = result[:-2]  # 마지막 쉼표 제거,,0.008026924,0.031,1790240920.915
2914,02_numeric_values_maybe_const,get_prob,"numbers = [1, 2, 3, 4, 5]",,0.078612,0.031,1790240920.962
2915,02_numeric_values_maybe_const,get_prob,    if num % 2 != 0:  # 홀수만 골라서 변환,,-0.2845284,0.031,1790240921.009
2916,02_numeric_values_maybe_const,get_prob,a = sum(len(line) for line in result[:3]),,-0.1300109,0.047,1790240921.071
2917,02_numeric_values_maybe_const,get_prob,d = sum(len(line) for line in result[:3]) + 300,,-0.29076976,0.031,1790240921.118
2918,02_numeric_values_twice,get_embedding,"my_list = [10, 20, 30]",,"[ 2.97358066e-01 -1.67130247e-01  6.10223599e-02  2.43023396e-01
 -8.26084375e-01  7.81893849e-01 -1",0.031,1790240921.181
2919,02_numeric_values_twice,get_embedding,"my_list = [10, 20, 30]",,"[ 2.97358066e-01 -1.67130247e-01  6.10223599e-02  2.43023396e-01
 -8.26084375e-01  7.81893849e-01 -1",0.031,1790240921.228
2920,02_numeric_values_twice,get_embedding,c = my_list[2],,"[ 1.50087857e+00 -3.52195829e-01  3.13301802e-01  1.10899043e+00
 -9.36303437e-01  5.99955261e-01 -3",0.031,1790240921.29
2921,02_numeric_values_twice,get_embedding,c = my_list[2],,"[ 1.50087857e+00 -3.52195829e-01  3.13301802e-01  1.10899043e+00
 -9.36303437e-01  5.99955261e-01 -3",0.031,1790240921.353
2922,02_numeric_values_twice,get_embedding,"my_list = [1, 2, 3, 4, 5]",,"[ 4.76988733e-01  5.29597290e-02 -4.14054841e-01  3.11331868e-01
 -8.01787078e-02  5.91715634e-01 -8",0.031,1790240921.4
2923,02_numeric_values_twice,get_embedding,# 2. unpacking case 2,,"[ 2.01825881e+00 -2.19446290e-02 -9.57369268e-01  5.41853845e-01
 -6.60441399e-01  6.03945017e-01 -7",0.031,1790240921.462
2924,02_numeric_values_twice,get_embedding,"values[0], values[1], values[2] = list([10, 20, 30])",,"[ 5.26445329e-01  1.02114648e-01  9.25496221e-02  8.45492184e-01
 -9.70842957e-01  6.10705197e-01 -9",0.031,1790240921.509
2925,02_numeric_values_twice,get_embedding,"# 결과: values는 [10, 20, 30]이 됩니다.",,"[ 1.32148659e+00 -6.22629583e-01  3.98407429e-01  8.86701643e-01
 -9.44606513e-02  1.57439160e+00 -2",0.031,1790240921.571
2926,02_numeric_values_twice,get_embedding,"aaa, bbb, ccc = list([10, 30, 50])",,"[ 3.92583042e-01  1.28609955e+00 -3.43705714e-01  1.38044372e-01
 -1.71944666e+00  7.60230362e-01 -1",0.031,1790240921.634
2927,02_numeric_values_twice,get_embedding,"    position[0], position[1] = list([150, 240])",,"[-6.60674036e-01 -9.51377332e-01  9.17476535e-01  8.11010778e-01
 -4.02579308e-01  1.01305735e+00 -3",0.031,1790240921.681
2928,02_numeric_values_twice,get_embedding,"    position[0], position[1] = list([150, 240])",,"[-6.60674036e-01 -9.51377332e-01  9.17476535e-01  8.11010778e-01
 -4.02579308e-01  1.01305735e+00 -3",0.047,1790240921.743
2929,02_numeric_values_twice,get_embedding,"    # 결과: position은 [150, 240]이 됩니다.",,"[ 4.23930079e-01 -1.30437970e+00  4.18472022e-01  3.60732079e-01
  8.29642892e-01  1.65254176e-01 -1",0.031,1790240921.806
2930,02_numeric_values_twice,get_embedding,"    rgb_color[0], rgb_color[1], rgb_color[2] = list([255, 128, 64])",,"[ 1.35348642e+00 -1.14477026e+00  2.19655323e+00  1.99872661e+00
 -2.07383469e-01  3.37349963e+00 -1",0.031,1790240921.853
2931,02_numeric_values_twice,get_embedding,"    rgb_color[0], rgb_color[1], rgb_color[2] = [255, 128, 64]",,"[ 1.42353034e+00 -1.30952704e+00  2.45541382e+00  2.13526893e+00
  2.47928631e-02  3.47708392e+00 -2",0.047,1790240921.915
2932,02_numeric_values_twice,get_embedding,"    # 결과: rgb_color는 [255, 128, 64]가 됩니다.",,"[ 3.13402152e+00 -1.08845568e+00  1.66241348e+00  1.31628859e+00
 -2.64163762e-01  2.39400458e+00 -3",0.031,1790240921.978
2933,02_numeric_values_twice,get_embedding,# 2. open file,,"[ 2.17985702e+00 -7.18128160e-02  1.70341110e+00 -3.48636359e-01
  8.64925027e-01  4.15473640e-01 -6",0.031,1790240922.025
2934,02_numeric_values_twice,get_embedding,# 3. key=lambda -> itemgetter,,"[ 3.58065739e-02  1.58965066e-01 -2.17337275e+00  1.80302083e+00
 -1.96015799e+00  1.33305565e-01 -1",0.047,1790240922.087
2935,02_numeric_values_twice,get_embedding,# 4. check f-string,,"[ 2.01213741e+00  3.84018302e-01  9.19093251e-01 -6.45789742e-01
 -5.18561721e-01  7.58625269e-01 -7",0.031,1790240922.15
2936,02_numeric_values_twice,get_embedding,g = int('123') + numeric,,"[ 1.95564079e+00  9.96688530e-02  6.69225633e-01 -9.99024987e-01
 -1.42541516e+00  3.20172811e+00 -1",0.031,1790240922.196
2937,02_numeric_values_twice,get_embedding,"h = numeric + (int(""123""))",,"[ 2.26562047e+00  8.58586252e-01  1.04892766e+00  5.03559053e-01
 -1.64433253e+00  2.62092924e+00 -1",0.031,1790240922.259
2938,02_numeric_values_twice,get_embedding,# 5. collections & itertools use,,"[ 1.63203812e+00 -9.73638892e-01 -3.43385130e-01  3.32516015e-01
 -6.36837065e-01 -1.07930684e+00 -6",0.031,1790240922.321
2939,02_numeric_values_twice,get_embedding,## 5-1. collections (빈도수),,"[ 4.05874908e-01 -4.98118222e-01 -9.05088127e-01  1.18436718e+00
 -1.97381765e-01 -1.53249666e-01 -8",0.031,1790240922.368
2940,02_numeric_values_twice,get_embedding,## 5-2. itertools.chain,,"[ 8.83775711e-01 -3.31963688e-01 -7.54885018e-01  4.93671417e-01
  1.37221336e-01 -1.03510010e+00 -6",0.031,1790240922.431
2941,02_numeric_values_twice,get_embedding,"matrix = [[1, 2], [3, 4], [5, 6]]",,"[ 8.18733335e-01 -1.07781339e+00  2.50343710e-01  5.96325457e-01
 -2.49389097e-01  1.45120704e+00 -8",0.031,1790240922.493
2942,02_numeric_values_twice,get_embedding,"my_list = [1, 2]",,"[ 9.25586879e-01  1.09358460e-01 -2.52212826e-02  4.80193138e-01
 -5.43090105e-01  6.87305406e-02 -1",0.031,1790240922.54
2943,02_numeric_values_twice,get_embedding,"my_tuple = (3, 4)",,"[ 1.33844709e+00  3.10987741e-01 -1.48616046e-01  8.08349967e-01
 -1.23306847e+00  1.19468594e+00 -7",0.031,1790240922.603
2944,02_numeric_values_twice,get_embedding,"my_set = {5, 6}",,"[ 8.23552191e-01 -8.29873979e-02 -1.03859591e+00  7.16034710e-01
 -1.00681603e+00 -3.53670031e-01 -8",0.031,1790240922.665
2945,02_numeric_values_twice,get_embedding,"dict_a = {'a': 1, 'b': 2}",,"[ 1.26177430e+00  1.16901445e+00 -6.01962954e-02  6.87678277e-01
 -2.10642719e+00  7.64136672e-01 -8",0.031,1790240922.712
2946,02_numeric_values_twice,get_embedding,"dict_b = {'c': 3, 'd': 4}",,"[ 1.04735625e+00  1.15739083e+00  3.10242116e-01  6.16451144e-01
 -1.46995103e+00  1.21366465e+00 -5",0.031,1790240922.774
2947,02_numeric_values_twice,get_embedding,## 5-3. glob.glob 사용 (파일 경로명 조건 리스트),,"[ 2.46047363e-01 -6.21947944e-01 -3.71801019e-01  8.53747129e-01
 -2.75855780e-01 -3.95192862e-01  1",0.031,1790240922.837
2948,02_numeric_values_twice,get_embedding,# 6. func args bindable,,"[ 1.52191782e+00 -1.56021975e-02  2.05839664e-01  1.11642849e+00
 -3.67553920e-01  8.12273681e-01 -2",0.031,1790240922.884
2949,02_numeric_values_twice,get_embedding,# 7. attribute getattr,,"[ 8.49819064e-01 -8.96966755e-01  9.72271800e-01 -2.57365048e-01
 -1.30446684e+00  7.64581412e-02 -2",0.031,1790240922.946
2950,02_numeric_values_twice,get_embedding,# 7. attribute getattr,,"[ 8.49819064e-01 -8.96966755e-01  9.72271800e-01 -2.57365048e-01
 -1.30446684e+00  7.64581412e-02 -2",0.031,1790240923.009
2951,02_numeric_values_twice,get_embedding,# 8. re anti-patterns,,"[-2.29578108e-01 -1.23034015e-01 -1.76844031e-01  3.24988291e-02
 -6.24208272e-01 -7.31195927e-01 -1",0.031,1790240923.071
2952,02_numeric_values_twice,get_embedding,# 8. re anti-patterns,,"[-2.29578108e-01 -1.23034015e-01 -1.76844031e-01  3.24988291e-02
 -6.24208272e-01 -7.31195927e-01 -1",0.031,1790240923.118
2953,02_numeric_values_twice,get_embedding,# 2. re.match,,"[ 1.80174458e+00 -4.00915071e-02 -5.08659542e-01  2.69266546e-01
 -1.18509531e+00 -4.61769760e-01 -6",0.047,1790240923.181
2954,02_numeric_values_twice,get_embedding,# 3. re.search,,"[ 1.52817452e+00 -7.36925602e-01 -3.84230167e-01 -2.36291558e-01
 -7.49116182e-01 -6.50978804e-01 -6",0.031,1790240923.243
2955,02_numeric_values_twice,get_embedding,# 4. re.fullmatch,,"[ 1.86058950e+00 -2.05118895e-01 -6.67788088e-01 -1.27715869e-02
 -8.14688027e-01 -1.12842345e+00 -7",0.031,1790240923.29
2956,02_numeric_values_twice,get_embedding,# 5. re.findall,,"[ 1.12556899e+00 -9.97367859e-01 -1.15361428e+00  5.39430650e-03
 -1.18235362e+00 -1.42456937e+00 -7",0.047,1790240923.353
2957,02_numeric_values_twice,get_embedding,# 6. re.finditer,,"[ 1.14269638e+00 -8.08471262e-01 -8.85219455e-01 -3.01890969e-01
 -2.63490260e-01 -1.08685327e+00 -4",0.031,1790240923.415
2958,02_numeric_values_twice,get_embedding,# 7. re.split,,"[ 2.00003314e+00 -1.32359192e-01 -6.95852399e-01  2.46927053e-01
 -1.37759662e+00 -2.84749210e-01 -1",0.031,1790240923.462
2959,02_numeric_values_twice,get_embedding,# 8. re.sub,,"[ 1.11066031e+00  1.36380494e-02  2.34297812e-01  2.18566194e-01
 -1.47447538e+00 -4.71748292e-01 -1",0.047,1790240923.524
2960,02_numeric_values_twice,get_embedding,"f = lambda x: pow(x, 2)",,"[ 1.18886995e+00  7.70764947e-01  3.18044305e-01  8.68514329e-02
 -1.44401753e+00  1.90855658e+00 -9",0.031,1790240923.587
2961,02_numeric_values_twice,get_embedding,"    return function1(1) + function2(1, 2) + function3(1, 2, 3)",,"[ 2.04668212e+00  1.09374154e+00 -1.19320452e+00  1.45119262e+00
 -5.87570131e-01  6.25178993e-01 -2",0.031,1790240923.634
2962,02_numeric_values_twice,get_embedding,"    function1=lambda x: pow(x, 2),",,"[ 1.42130268e+00  7.36143887e-01  9.26066697e-01  9.45257187e-01
 -1.24743640e+00  1.51331604e+00 -1",0.047,1790240923.696
2963,02_numeric_values_twice,get_embedding,# 10. prefix & suffix,,"[ 1.75555253e+00 -3.64090323e-01 -1.17037408e-02 -9.09071639e-02
 -1.93382192e+00  8.20692539e-01 -1",0.031,1790240923.759
2964,02_numeric_values_twice,get_embedding,if test_str[:2] == 'ab':,,"[ 1.64231324e+00  2.87089914e-01 -3.21239322e-01 -4.36944366e-01
 -1.37060285e+00  9.36469138e-01 -7",0.031,1790240923.806
2965,02_numeric_values_twice,get_embedding,if test_str[:4] == 'abcd':,,"[ 1.41973388e+00  2.13069484e-01 -1.98496684e-01  7.59108439e-02
 -1.09246314e+00  6.94351554e-01 -3",0.047,1790240923.868
2966,02_numeric_values_twice,get_embedding,    print(2),,"[ 1.74040031e+00  4.84979540e-01  1.28504002e+00  1.07533598e+00
 -7.85220504e-01  1.48424232e+00 -1",0.031,1790240923.931
2967,02_numeric_values_twice,get_embedding,if test_str[-2:] == 'gh':,,"[ 1.40907884e+00  4.71565187e-01  1.76349413e-02 -9.43217039e-01
 -1.10102665e+00  1.51820540e+00 -6",0.031,1790240923.978
2968,02_numeric_values_twice,get_embedding,    print(3),,"[ 1.77703202e+00  2.45839551e-01  1.12394094e+00  1.39837539e+00
 -5.17446935e-01  1.55375075e+00 -1",0.047,1790240924.04
2969,02_numeric_values_twice,get_embedding,if test_str[-3:] == 'fgh':,,"[ 1.93549240e+00 -9.77719188e-01 -1.00082032e-01 -8.58788490e-01
 -4.82790798e-01  1.20255184e+00 -1",0.031,1790240924.103
2970,02_numeric_values_twice,get_embedding,    print(4),,"[ 1.86815047e+00 -1.58629045e-01  1.27253437e+00  1.34501541e+00
 -7.66563416e-01  1.59465897e+00 -1",0.031,1790240924.149
2971,02_numeric_values_twice,get_embedding,    print(5),,"[ 1.92758071e+00  9.25593376e-02  1.17311966e+00  1.41687202e+00
 -2.95237213e-01  1.32179463e+00 -1",0.047,1790240924.212
2972,02_numeric_values_twice,get_embedding,if test_str[len(test_str) - 2:] == 'gh':,,"[ 1.41627502e+00  1.59022719e-01  3.39412540e-01 -1.10113561e+00
 -1.20088029e+00  1.58972073e+00 -5",0.031,1790240924.274
2973,02_numeric_values_twice,get_embedding,    print(6),,"[ 1.67195988e+00  2.98681464e-02  1.04041886e+00  1.31794107e+00
 -1.24800205e-01  1.27357006e+00 -1",0.031,1790240924.321
2974,02_numeric_values_maybe_const,get_prob,"my_list = [10, 20, 30]",,-0.027813677,0.031,1790240924.415
2975,02_numeric_values_maybe_const,get_prob,c = my_list[2],,0.0644474,0.031,1790240924.462
2976,02_numeric_values_maybe_const,get_prob,"my_list = [1, 2, 3, 4, 5]",,0.020945009,0.047,1790240924.524
2977,02_numeric_values_maybe_const,get_prob,# 2. unpacking case 2,,-0.030099366,0.031,1790240924.571
2978,02_numeric_values_maybe_const,get_prob,"values[0], values[1], values[2] = list([10, 20, 30])",,-0.25640562,0.031,1790240924.618
2979,02_numeric_values_maybe_const,get_prob,"# 결과: values는 [10, 20, 30]이 됩니다.",,0.30678022,0.031,1790240924.665
2980,02_numeric_values_maybe_const,get_prob,"aaa, bbb, ccc = list([10, 30, 50])",,-0.102201685,0.031,1790240924.727
2981,02_numeric_values_maybe_const,get_prob,"    position[0], position[1] = list([150, 240])",,0.074771255,0.031,1790240924.774
2982,02_numeric_values_maybe_const,get_prob,"    # 결과: position은 [150, 240]이 됩니다.",,0.20164901,0.031,1790240924.821
2983,02_numeric_values_maybe_const,get_prob,"    rgb_color[0], rgb_color[1], rgb_color[2] = list([255, 128, 64])",,0.31708255,0.031,1790240924.884
2984,02_numeric_values_maybe_const,get_prob,"    rgb_color[0], rgb_color[1], rgb_color[2] = [255, 128, 64]",,0.34924346,0.031,1790240924.931
2985,02_numeric_values_maybe_const,get_prob,"    # 결과: rgb_color는 [255, 128, 64]가 됩니다.",,0.2827862,0.031,1790240924.977
2986,02_numeric_values_maybe_const,get_prob,# 2. open file,,0.5849452,0.031,1790240925.04
2987,02_numeric_values_maybe_const,get_prob,# 3. key=lambda -> itemgetter,,0.45841742,0.031,1790240925.087
2988,02_numeric_values_maybe_const,get_prob,# 4. check f-string,,0.17305145,0.031,1790240925.134
2989,02_numeric_values_maybe_const,get_prob,c = key_name + '21345',,-0.28150725,0.047,1790240925.196
2990,02_numeric_values_maybe_const,get_prob,"d = key_name + ""13456""",,-0.1836123,0.031,1790240925.243
2991,02_numeric_values_maybe_const,get_prob,"e = ""a"" + ""bb"" + ""ccc"" + str(1234)",,-0.4137885,0.031,1790240925.29
2992,02_numeric_values_maybe_const,get_prob,g = int('123') + numeric,,-0.37256074,0.031,1790240925.337
2993,02_numeric_values_maybe_const,get_prob,"h = numeric + (int(""123""))",,-0.23597872,0.031,1790240925.399
2994,02_numeric_values_maybe_const,get_prob,# 5. collections & itertools use,,0.28028882,0.031,1790240925.446
2995,02_numeric_values_maybe_const,get_prob,## 5-1. collections (빈도수),,-0.057975415,0.031,1790240925.493
2996,02_numeric_values_maybe_const,get_prob,## 5-2. itertools.chain,,0.3983286,0.031,1790240925.556
2997,02_numeric_values_maybe_const,get_prob,"matrix = [[1, 2], [3, 4], [5, 6]]",,0.091730535,0.031,1790240925.602
2998,02_numeric_values_maybe_const,get_prob,"my_list = [1, 2]",,0.2433744,0.031,1790240925.649
2999,02_numeric_values_maybe_const,get_prob,"my_tuple = (3, 4)",,0.4359318,0.031,1790240925.712
3000,02_numeric_values_maybe_const,get_prob,"my_set = {5, 6}",,0.10700098,0.031,1790240925.759
3001,02_numeric_values_maybe_const,get_prob,"dict_a = {'a': 1, 'b': 2}",,0.23882172,0.031,1790240925.806
3002,02_numeric_values_maybe_const,get_prob,"dict_b = {'c': 3, 'd': 4}",,0.23672453,0.031,1790240925.868
3003,02_numeric_values_maybe_const,get_prob,## 5-3. glob.glob 사용 (파일 경로명 조건 리스트),,0.014134284,0.031,1790240925.915
3004,02_numeric_values_maybe_const,get_prob,# 6. func args bindable,,0.29802576,0.031,1790240925.962
3005,02_numeric_values_maybe_const,get_prob,# 7. attribute getattr,,-0.0043779053,0.047,1790240926.024
3006,02_numeric_values_maybe_const,get_prob,# 8. re anti-patterns,,0.30309647,0.031,1790240926.071
3007,02_numeric_values_maybe_const,get_prob,"text = ""Hello 123 World\nNext Line\tTabbed""",,0.07774714,0.031,1790240926.118
3008,02_numeric_values_maybe_const,get_prob,# 2. re.match,,0.38501328,0.047,1790240926.196
3009,02_numeric_values_maybe_const,get_prob,# 3. re.search,,0.1918401,0.047,1790240926.274
3010,02_numeric_values_maybe_const,get_prob,# 4. re.fullmatch,,0.0063776337,0.047,1790240926.337
3011,02_numeric_values_maybe_const,get_prob,# 5. re.findall,,0.472802,0.047,1790240926.399
3012,02_numeric_values_maybe_const,get_prob,# 6. re.finditer,,0.186447,0.062,1790240926.477
3013,02_numeric_values_maybe_const,get_prob,# 7. re.split,,-0.033007745,0.047,1790240926.54
3014,02_numeric_values_maybe_const,get_prob,# 8. re.sub,,-0.23278019,0.047,1790240926.602
3015,02_numeric_values_maybe_const,get_prob,# 9. f = lambda x: ... -> def f(x): return ...,,0.40606576,0.031,1790240926.665
3016,02_numeric_values_maybe_const,get_prob,"f = lambda x: pow(x, 2)",,0.46901613,0.047,1790240926.743
3017,02_numeric_values_maybe_const,get_prob,"    return function1(1) + function2(1, 2) + function3(1, 2, 3)",,-0.019300524,0.031,1790240926.806
3018,02_numeric_values_maybe_const,get_prob,"    function1=lambda x: pow(x, 2),",,0.53499335,0.031,1790240926.868
3019,02_numeric_values_maybe_const,get_prob,# 10. prefix & suffix,,-0.12429938,0.031,1790240926.915
3020,02_numeric_values_maybe_const,get_prob,if test_str[:2] == 'ab':,,-0.09464362,0.047,1790240926.977
3021,02_numeric_values_maybe_const,get_prob,if test_str[:4] == 'abcd':,,0.030866917,0.031,1790240927.024
3022,02_numeric_values_maybe_const,get_prob,    print(2),,-0.0636127,0.031,1790240927.071
3023,02_numeric_values_maybe_const,get_prob,if test_str[-2:] == 'gh':,,-0.34167674,0.031,1790240927.134
3024,02_numeric_values_maybe_const,get_prob,    print(3),,0.07049221,0.031,1790240927.18
3025,02_numeric_values_maybe_const,get_prob,if test_str[-3:] == 'fgh':,,-0.1636171,0.047,1790240927.243
3026,02_numeric_values_maybe_const,get_prob,    print(4),,0.0883379,0.031,1790240927.29
3027,02_numeric_values_maybe_const,get_prob,    print(5),,-0.101897955,0.047,1790240927.352
3028,02_numeric_values_maybe_const,get_prob,if test_str[len(test_str) - 2:] == 'gh':,,-0.49510053,0.031,1790240927.399
3029,02_numeric_values_maybe_const,get_prob,    print(6),,-0.6052319,0.031,1790240927.446
3030,02_numeric_values_twice,get_embedding,# 2. function-related errors,,"[ 9.27227557e-01  1.05487108e+00  1.64356232e-01  9.45274591e-01
 -1.02347636e+00 -1.14554567e-02 -9",0.031,1790240927.509
3031,02_numeric_values_twice,get_embedding,# 2. function-related errors,,"[ 9.27227557e-01  1.05487108e+00  1.64356232e-01  9.45274591e-01
 -1.02347636e+00 -1.14554567e-02 -9",0.047,1790240927.571
3032,02_numeric_values_twice,get_embedding,# 3. assertion을 exception handling으로 사용,,"[ 1.09048891e+00  2.69624829e-01 -1.62245572e-01  8.71302009e-01
  1.81448057e-01  4.50888753e-01 -9",0.031,1790240927.634
3033,02_numeric_values_twice,get_embedding,# 3. assertion을 exception handling으로 사용,,"[ 1.09048891e+00  2.69624829e-01 -1.62245572e-01  8.71302009e-01
  1.81448057e-01  4.50888753e-01 -9",0.031,1790240927.696
3034,02_numeric_values_twice,get_embedding,# 4. Python 예약어를 변수명이나 함수의 인수명으로 사용하지 않는다.,,"[ 1.27382243e+00 -1.46600282e+00  6.14672363e-01  7.77098536e-01
 -4.20961261e-01  8.97857964e-01 -1",0.031,1790240927.743
3035,02_numeric_values_twice,get_embedding,# 4. Python 예약어를 변수명이나 함수의 인수명으로 사용하지 않는다.,,"[ 1.27382243e+00 -1.46600282e+00  6.14672363e-01  7.77098536e-01
 -4.20961261e-01  8.97857964e-01 -1",0.031,1790240927.805
3036,02_numeric_values_twice,get_embedding,"    # 4~6: 지역 변수명(Variable)으로 내장 타입/함수명을 잘못 사용한 예시 (str, int, sum)",,"[ 2.16927862e+00 -4.87208873e-01  6.87923789e-01  1.31169677e+00
 -4.70344782e-01  7.23533869e-01 -1",0.047,1790240927.868
3037,02_numeric_values_twice,get_embedding,"result = calculate_items(id=101, list=[1, 2, 3], print=""출력값역할"")",,"[ 1.00697565e+00 -7.26920605e-01 -1.25309777e+00  7.82751262e-01
  8.01652968e-01  3.16932872e-02 -1",0.031,1790240927.93
3038,02_numeric_values_maybe_const,get_prob,# 2. function-related errors,,0.40403253,0.031,1790240927.977
3039,02_numeric_values_maybe_const,get_prob,"def func_test(a: int = 1, b: float = 2.0):",,0.050198536,0.031,1790240928.04
3040,02_numeric_values_maybe_const,get_prob,# 3. assertion을 exception handling으로 사용,,0.14894405,0.031,1790240928.087
3041,02_numeric_values_maybe_const,get_prob,# 4. Python 예약어를 변수명이나 함수의 인수명으로 사용하지 않는다.,,0.0153057985,0.031,1790240928.134
3042,02_numeric_values_maybe_const,get_prob,"    # 4~6: 지역 변수명(Variable)으로 내장 타입/함수명을 잘못 사용한 예시 (str, int, sum)",,-0.3007,0.031,1790240928.196
3043,02_numeric_values_maybe_const,get_prob,    int = 10,,0.122822165,0.031,1790240928.243
3044,02_numeric_values_maybe_const,get_prob,"result = calculate_items(id=101, list=[1, 2, 3], print=""출력값역할"")",,-0.16068563,0.031,1790240928.29
3045,02_numeric_values_maybe_const,get_prob,dict = 333,,0.0072811805,0.031,1790240928.352
3046,02_numeric_values_maybe_const,get_prob,abs = 123,,0.7333689,0.031,1790240928.399
3047,02_numeric_values_twice,get_embedding,# 함수 호출 (매번 4개의 인수를 똑같이 넘겨야 함),,"[ 2.24953604e+00 -8.95084620e-01  7.10508108e-01  1.51413357e+00
  2.29320988e-01  1.51115263e+00 -1",0.047,1790240928.462
3048,02_numeric_values_twice,get_embedding,# 함수 호출 (매번 4개의 인수를 똑같이 넘겨야 함),,"[ 2.24953604e+00 -8.95084620e-01  7.10508108e-01  1.51413357e+00
  2.29320988e-01  1.51115263e+00 -1",0.031,1790240928.524
3049,02_numeric_values_twice,get_embedding,# 2. 상태 값으로 판단되는 값을 조건으로 하여 body가 1줄 정도의 일정한 패턴인 if-elif-else 처리가 있는 경우,,"[ 1.33237374e+00 -4.40740824e-01 -1.15969039e-01  1.01020348e+00
  7.09239423e-01  5.92816234e-01 -1",0.047,1790240928.587
3050,02_numeric_values_twice,get_embedding,# 2. 상태 값으로 판단되는 값을 조건으로 하여 body가 1줄 정도의 일정한 패턴인 if-elif-else 처리가 있는 경우,,"[ 1.33237374e+00 -4.40740824e-01 -1.15969039e-01  1.01020348e+00
  7.09239423e-01  5.92816234e-01 -1",0.031,1790240928.649
3051,02_numeric_values_twice,get_embedding,"# 3. 객체의 인터페이스 공개용이 아닌 (= 클래스 내부에서만 쓰이는) 속성, 메서드에 접두사 _ 있을때 호출",,"[ 6.87252522e-01 -1.08146763e+00 -2.56204754e-01  8.11074525e-02
  1.71431512e-01  3.87659431e-01 -6",0.031,1790240928.696
3052,02_numeric_values_twice,get_embedding,"# 3. 객체의 인터페이스 공개용이 아닌 (= 클래스 내부에서만 쓰이는) 속성, 메서드에 접두사 _ 있을때 호출",,"[ 6.87252522e-01 -1.08146763e+00 -2.56204754e-01  8.11074525e-02
  1.71431512e-01  3.87659431e-01 -6",0.031,1790240928.759
3053,02_numeric_values_twice,get_embedding,"my_list = CustomList([1, 2, 3, 4, 5])",,"[ 6.49855494e-01  1.44332960e-01 -7.40912914e-01  7.64740944e-01
 -8.10809359e-02  7.36608565e-01 -1",0.031,1790240928.821
3054,02_numeric_values_twice,get_embedding,print(len(my_list))          # 출력: 5,,"[ 1.22824955e+00 -6.53758109e-01 -1.90160543e-01  9.24135923e-01
  1.41765368e+00  1.46974280e-01 -8",0.031,1790240928.884
3055,02_numeric_values_twice,get_embedding,print(my_list.__len__())     # 출력: 5,,"[ 1.13585460e+00 -2.83817261e-01 -6.25057280e-01  1.25460851e+00
  9.49998260e-01 -3.18540692e-01 -9",0.031,1790240928.93
3056,02_numeric_values_maybe_const,get_prob,        shipping_fee = 5000,,0.21172655,0.031,1790240928.993
3057,02_numeric_values_maybe_const,get_prob,        shipping_fee = 3000,,0.097641155,0.031,1790240929.04
3058,02_numeric_values_maybe_const,get_prob,# 함수 호출 (매번 4개의 인수를 똑같이 넘겨야 함),,0.087636575,0.047,1790240929.102
3059,02_numeric_values_maybe_const,get_prob,price = 1200000,,-0.19913638,0.031,1790240929.149
3060,02_numeric_values_maybe_const,get_prob,# 2. 상태 값으로 판단되는 값을 조건으로 하여 body가 1줄 정도의 일정한 패턴인 if-elif-else 처리가 있는 경우,,0.083491296,0.031,1790240929.196
3061,02_numeric_values_maybe_const,get_prob,            return price * 0.8,,0.2985081,0.047,1790240929.258
3062,02_numeric_values_maybe_const,get_prob,            return price * 0.9,,0.14708644,0.031,1790240929.305
3063,02_numeric_values_maybe_const,get_prob,            return price * 0.95,,0.28375354,0.031,1790240929.352
3064,02_numeric_values_maybe_const,get_prob,        return price * 0.05,,0.7697814,0.031,1790240929.415
3065,02_numeric_values_maybe_const,get_prob,        return price * 0.08,,0.05953872,0.031,1790240929.462
3066,02_numeric_values_maybe_const,get_prob,        return price * 0.10,,-0.030043218,0.031,1790240929.509
3067,02_numeric_values_maybe_const,get_prob,"# 3. 객체의 인터페이스 공개용이 아닌 (= 클래스 내부에서만 쓰이는) 속성, 메서드에 접두사 _ 있을때 호출",,0.17522725,0.031,1790240929.571
3068,02_numeric_values_maybe_const,get_prob,"        self.__pin_code = ""1234""",,0.096852064,0.031,1790240929.618
3069,02_numeric_values_maybe_const,get_prob,print(phone._Smartphone__pin_code)       # 출력: 1234,,0.093212575,0.047,1790240929.681
3070,02_numeric_values_maybe_const,get_prob,"my_list = CustomList([1, 2, 3, 4, 5])",,-0.048628572,0.031,1790240929.727
3071,02_numeric_values_maybe_const,get_prob,print(len(my_list))          # 출력: 5,,-0.3559578,0.031,1790240929.774
3072,02_numeric_values_maybe_const,get_prob,print(my_list.__len__())     # 출력: 5,,-0.16972643,0.047,1790240929.837
3073,02_numeric_values_maybe_const,get_prob,def order_consumer_ranking():  # line 28 함수와 유사,,0.0244223,0.031,1790240929.884
3074,02_numeric_values_maybe_const,get_prob,# 6개월 후 추가,,0.4684053,0.031,1790240929.931
3075,02_numeric_values_maybe_const,get_prob,def rank_customer():  # line 8 함수와 유사,,-0.08202577,0.047,1790240929.993
3076,02_numeric_values_maybe_const,get_prob,    send_welcome_email('123'),,0.45103005,0.031,1790240930.04
3077,04_func_args_bindable,get_prob,original_code,,0.90915644,0.031,1790240947.275
3078,04_func_args_dynamic,get_prob,original_code,,0.25053352,0.031,1790240947.338
3079,04_func_args_bindable,get_prob,final_result_dict,,1.3225124,0.031,1790240947.385
3080,04_func_args_dynamic,get_prob,final_result_dict,,0.0067888573,0.031,1790240947.432
3081,04_func_args_bindable,get_prob,original_str,,1.0254852,0.031,1790240947.494
3082,04_func_args_dynamic,get_prob,original_str,,-0.020710327,0.031,1790240947.541
3083,04_func_args_bindable,get_prob,line,,0.4961021,0.031,1790240947.588
3084,04_func_args_dynamic,get_prob,line,,0.5092111,0.031,1790240947.65
3085,04_func_args_bindable,get_prob,"py_code,regex,except_comment,except_docstring",,-0.86834836,0.031,1790240947.697
3086,04_func_args_dynamic,get_prob,"py_code,regex,except_comment,except_docstring",,0.26422548,0.031,1790240947.744
3087,04_func_args_bindable,get_prob,line,,0.4961021,0.031,1790240947.807
3088,04_func_args_dynamic,get_prob,line,,0.5092111,0.031,1790240947.853
3089,04_func_args_bindable,get_prob,"a,b",,-0.8035157,0.047,1790240947.916
3090,04_func_args_dynamic,get_prob,"a,b",,-0.054168724,0.031,1790240947.963
3091,04_func_args_bindable,get_prob,"self,py_codes,config,code_path",,-0.42779008,0.031,1790240948.01
3092,04_func_args_dynamic,get_prob,"self,py_codes,config,code_path",,0.25324988,0.047,1790240948.072
3093,04_func_args_bindable,get_prob,self,,0.32053038,0.031,1790240948.119
3094,04_func_args_dynamic,get_prob,self,,-0.21813092,0.031,1790240948.166
3095,04_func_args_bindable,get_prob,self,,0.32053038,0.031,1790240948.228
3096,04_func_args_dynamic,get_prob,self,,-0.21813092,0.031,1790240948.275
3097,04_func_args_bindable,get_prob,self,,0.32053038,0.031,1790240948.322
3098,04_func_args_dynamic,get_prob,self,,-0.21813092,0.031,1790240948.385
3099,04_func_args_bindable,get_prob,"self,py_file_path,parsed_py_code,imported_dict",,-0.7358699,0.031,1790240948.431
3100,04_func_args_dynamic,get_prob,"self,py_file_path,parsed_py_code,imported_dict",,0.43766588,0.031,1790240948.478
3101,04_func_args_bindable,get_prob,"self,py_file_path,parsed_py_code",,-0.003105238,0.031,1790240948.541
3102,04_func_args_dynamic,get_prob,"self,py_file_path,parsed_py_code",,0.47547835,0.031,1790240948.588
3103,04_func_args_bindable,get_prob,self,,0.32053038,0.031,1790240948.635
3104,04_func_args_dynamic,get_prob,self,,-0.21813092,0.031,1790240948.697
3105,04_func_args_bindable,get_prob,"self,regex,match_func,file_line_match_func,type_name,forward_lines",,-0.6766299,0.031,1790240948.744
3106,04_func_args_dynamic,get_prob,"self,regex,match_func,file_line_match_func,type_name,forward_lines",,0.545385,0.047,1790240948.806
3107,04_func_args_bindable,get_prob,self,,0.32053038,0.031,1790240948.853
3108,04_func_args_dynamic,get_prob,self,,-0.21813092,0.031,1790240948.9
3109,04_func_args_bindable,get_prob,"self,additional_check_func",,1.165103,0.047,1790240948.963
3110,04_func_args_dynamic,get_prob,"self,additional_check_func",,0.41165018,0.031,1790240949.01
3111,04_func_args_bindable,get_prob,"py_file_path,line_no,current_if_elifs,additional_check_func",,-0.5292022,0.031,1790240949.056
3112,04_func_args_dynamic,get_prob,"py_file_path,line_no,current_if_elifs,additional_check_func",,0.682145,0.031,1790240949.119
3113,04_func_args_bindable,get_prob,self,,0.32053038,0.031,1790240949.166
3114,04_func_args_dynamic,get_prob,self,,-0.21813092,0.031,1790240949.213
3115,04_func_args_bindable,get_prob,"self,py_codes,config,code_path",,-0.42779008,0.031,1790240949.275
3116,04_func_args_dynamic,get_prob,"self,py_codes,config,code_path",,0.25324988,0.031,1790240949.322
3117,04_func_args_bindable,get_prob,"self,file_name_include,item_name",,0.013644904,0.031,1790240949.369
3118,04_func_args_dynamic,get_prob,"self,file_name_include,item_name",,0.60402125,0.031,1790240949.431
3119,04_func_args_bindable,get_prob,self,,0.32053038,0.031,1790240949.478
3120,04_func_args_dynamic,get_prob,self,,-0.21813092,0.047,1790240949.541
3121,04_func_args_bindable,get_prob,"self,body_1,body_2",,-0.6666378,0.031,1790240949.588
3122,04_func_args_dynamic,get_prob,"self,body_1,body_2",,0.4155345,0.031,1790240949.635
3123,04_func_args_bindable,get_prob,self,,0.32053038,0.031,1790240949.697
3124,04_func_args_dynamic,get_prob,self,,-0.21813092,0.031,1790240949.744
3125,04_func_args_bindable,get_prob,self,,0.32053038,0.031,1790240949.791
3126,04_func_args_dynamic,get_prob,self,,-0.21813092,0.031,1790240949.853
3127,04_func_args_bindable,get_prob,self,,0.32053038,0.031,1790240949.9
3128,04_func_args_dynamic,get_prob,self,,-0.21813092,0.047,1790240949.963
3129,04_func_args_bindable,get_prob,"self,text_embedding_model,value_dict,only_same,include_same",,-0.5620359,0.031,1790240950.01
3130,04_func_args_dynamic,get_prob,"self,text_embedding_model,value_dict,only_same,include_same",,0.49856216,0.031,1790240950.056
3131,04_func_args_bindable,get_prob,"info,py_file_path",,0.37738276,0.031,1790240950.119
3132,04_func_args_dynamic,get_prob,"info,py_file_path",,0.33757624,0.031,1790240950.166
3133,04_func_args_bindable,get_prob,self,,0.32053038,0.031,1790240950.213
3134,04_func_args_dynamic,get_prob,self,,-0.21813092,0.031,1790240950.275
3135,04_func_args_bindable,get_prob,self,,0.32053038,0.031,1790240950.322
3136,04_func_args_dynamic,get_prob,self,,-0.21813092,0.031,1790240950.369
3137,04_func_args_bindable,get_prob,self,,0.32053038,0.031,1790240950.431
3138,04_func_args_dynamic,get_prob,self,,-0.21813092,0.031,1790240950.478
3139,04_func_args_bindable,get_prob,self,,0.32053038,0.047,1790240950.541
3140,04_func_args_dynamic,get_prob,self,,-0.21813092,0.031,1790240950.588
3141,04_func_args_bindable,get_prob,self,,0.32053038,0.031,1790240950.634
3142,04_func_args_dynamic,get_prob,self,,-0.21813092,0.047,1790240950.697
3143,04_func_args_bindable,get_prob,self,,0.32053038,0.031,1790240950.744
3144,04_func_args_dynamic,get_prob,self,,-0.21813092,0.031,1790240950.791
3145,04_func_args_bindable,get_prob,self,,0.32053038,0.031,1790240950.853
3146,04_func_args_dynamic,get_prob,self,,-0.21813092,0.031,1790240950.9
3147,04_func_args_bindable,get_prob,self,,0.32053038,0.047,1790240950.963
3148,04_func_args_dynamic,get_prob,self,,-0.21813092,0.031,1790240951.009
3149,04_func_args_bindable,get_prob,self,,0.32053038,0.031,1790240951.056
3150,04_func_args_dynamic,get_prob,self,,-0.21813092,0.031,1790240951.119
3151,04_func_args_bindable,get_prob,"self,py_codes,config,code_path",,-0.42779008,0.031,1790240951.166
3152,04_func_args_dynamic,get_prob,"self,py_codes,config,code_path",,0.25324988,0.031,1790240951.213
3153,04_func_args_bindable,get_prob,self,,0.32053038,0.031,1790240951.275
3154,04_func_args_dynamic,get_prob,self,,-0.21813092,0.031,1790240951.322
3155,04_func_args_bindable,get_prob,self,,0.32053038,0.047,1790240951.384
3156,04_func_args_dynamic,get_prob,self,,-0.21813092,0.031,1790240951.431
3157,04_func_args_bindable,get_prob,self,,0.32053038,0.031,1790240951.478
3158,04_func_args_dynamic,get_prob,self,,-0.21813092,0.031,1790240951.541
3159,04_func_args_bindable,get_prob,self,,0.32053038,0.031,1790240951.588
3160,04_func_args_dynamic,get_prob,self,,-0.21813092,0.047,1790240951.65
3161,04_func_args_bindable,get_prob,self,,0.32053038,0.031,1790240951.697
3162,04_func_args_dynamic,get_prob,self,,-0.21813092,0.031,1790240951.744
3163,04_func_args_bindable,get_prob,self,,0.32053038,0.031,1790240951.806
3164,04_func_args_dynamic,get_prob,self,,-0.21813092,0.031,1790240951.853
3165,04_func_args_bindable,get_prob,"self,py_codes,config,code_path",,-0.42779008,0.031,1790240951.9
3166,04_func_args_dynamic,get_prob,"self,py_codes,config,code_path",,0.25324988,0.031,1790240951.963
3167,04_func_args_bindable,get_prob,self,,0.32053038,0.031,1790240952.009
3168,04_func_args_dynamic,get_prob,self,,-0.21813092,0.047,1790240952.072
3169,04_func_args_bindable,get_prob,self,,0.32053038,0.031,1790240952.119
3170,04_func_args_dynamic,get_prob,self,,-0.21813092,0.031,1790240952.166
3171,04_func_args_bindable,get_prob,self,,0.32053038,0.031,1790240952.228
3172,04_func_args_dynamic,get_prob,self,,-0.21813092,0.031,1790240952.275
3173,04_func_args_bindable,get_prob,self,,0.32053038,0.031,1790240952.322
3174,04_func_args_dynamic,get_prob,self,,-0.21813092,0.031,1790240952.384
3175,04_func_args_bindable,get_prob,self,,0.32053038,0.031,1790240952.431
3176,04_func_args_dynamic,get_prob,self,,-0.21813092,0.047,1790240952.494
3177,04_func_args_bindable,get_prob,self,,0.32053038,0.031,1790240952.541
3178,04_func_args_dynamic,get_prob,self,,-0.21813092,0.031,1790240952.588
3179,04_func_args_bindable,get_prob,self,,0.32053038,0.031,1790240952.65
3180,04_func_args_dynamic,get_prob,self,,-0.21813092,0.031,1790240952.697
3181,04_func_args_bindable,get_prob,matched,,0.16422457,0.031,1790240952.744
3182,04_func_args_dynamic,get_prob,matched,,0.7302057,0.031,1790240952.806
3183,04_func_args_bindable,get_prob,self,,0.32053038,0.031,1790240952.853
3184,04_func_args_dynamic,get_prob,self,,-0.21813092,0.031,1790240952.916
3185,04_func_args_bindable,get_prob,self,,0.32053038,0.031,1790240952.962
3186,04_func_args_dynamic,get_prob,self,,-0.21813092,0.031,1790240953.009
3187,04_func_args_bindable,get_prob,self,,0.32053038,0.031,1790240953.072
3188,04_func_args_dynamic,get_prob,self,,-0.21813092,0.031,1790240953.119
3189,04_func_args_bindable,get_prob,self,,0.32053038,0.047,1790240953.181
3190,04_func_args_dynamic,get_prob,self,,-0.21813092,0.031,1790240953.228
3191,04_func_args_bindable,get_prob,self,,0.32053038,0.031,1790240953.275
3192,04_func_args_dynamic,get_prob,self,,-0.21813092,0.031,1790240953.337
3193,04_func_args_bindable,get_prob,self,,0.32053038,0.031,1790240953.384
3194,04_func_args_dynamic,get_prob,self,,-0.21813092,0.047,1790240953.447
3195,04_func_args_bindable,get_prob,self,,0.32053038,0.031,1790240953.494
3196,04_func_args_dynamic,get_prob,self,,-0.21813092,0.031,1790240953.541
3197,04_func_args_bindable,get_prob,self,,0.32053038,0.031,1790240953.603
3198,04_func_args_dynamic,get_prob,self,,-0.21813092,0.031,1790240953.65
3199,04_func_args_bindable,get_prob,self,,0.32053038,0.031,1790240953.697
3200,04_func_args_dynamic,get_prob,self,,-0.21813092,0.031,1790240953.759
3201,04_func_args_bindable,get_prob,self,,0.32053038,0.031,1790240953.806
3202,04_func_args_dynamic,get_prob,self,,-0.21813092,0.047,1790240953.869
3203,04_func_args_bindable,get_prob,self,,0.32053038,0.031,1790240953.916
3204,04_func_args_dynamic,get_prob,self,,-0.21813092,0.031,1790240953.962
3205,04_func_args_bindable,get_prob,"self,py_codes,config,code_path",,-0.42779008,0.031,1790240954.025
3206,04_func_args_dynamic,get_prob,"self,py_codes,config,code_path",,0.25324988,0.031,1790240954.072
3207,04_func_args_bindable,get_prob,self,,0.32053038,0.047,1790240954.134
3208,04_func_args_dynamic,get_prob,self,,-0.21813092,0.031,1790240954.181
3209,04_func_args_bindable,get_prob,self,,0.32053038,0.031,1790240954.228
3210,04_func_args_dynamic,get_prob,self,,-0.21813092,0.031,1790240954.291
3211,04_func_args_bindable,get_prob,self,,0.32053038,0.031,1790240954.337
3212,04_func_args_dynamic,get_prob,self,,-0.21813092,0.031,1790240954.384
3213,04_func_args_bindable,get_prob,self,,0.32053038,0.031,1790240954.447
3214,04_func_args_dynamic,get_prob,self,,-0.21813092,0.031,1790240954.494
3215,04_func_args_bindable,get_prob,self,,0.32053038,0.031,1790240954.556
3216,04_func_args_dynamic,get_prob,self,,-0.21813092,0.031,1790240954.603
3217,04_func_args_bindable,get_prob,self,,0.32053038,0.031,1790240954.65
3218,04_func_args_dynamic,get_prob,self,,-0.21813092,0.031,1790240954.712
3219,04_func_args_bindable,get_prob,self,,0.32053038,0.031,1790240954.759
3220,04_func_args_dynamic,get_prob,self,,-0.21813092,0.047,1790240954.822
3221,04_func_args_bindable,get_prob,self,,0.32053038,0.031,1790240954.869
3222,04_func_args_dynamic,get_prob,self,,-0.21813092,0.031,1790240954.916
3223,04_func_args_bindable,get_prob,self,,0.32053038,0.031,1790240954.978
3224,04_func_args_dynamic,get_prob,self,,-0.21813092,0.031,1790240955.025
3225,04_func_args_bindable,get_prob,"matched_groups,py_file_path,line_no",,-0.24187404,0.047,1790240955.087
3226,04_func_args_dynamic,get_prob,"matched_groups,py_file_path,line_no",,0.72585356,0.031,1790240955.134
3227,04_func_args_bindable,get_prob,self,,0.32053038,0.031,1790240955.181
3228,04_func_args_dynamic,get_prob,self,,-0.21813092,0.031,1790240955.244
3229,04_func_args_bindable,get_prob,self,,0.32053038,0.031,1790240955.29
3230,04_func_args_dynamic,get_prob,self,,-0.21813092,0.047,1790240955.353
3231,04_func_args_bindable,get_prob,"self,py_codes,config,code_path",,-0.42779008,0.031,1790240955.4
3232,04_func_args_dynamic,get_prob,"self,py_codes,config,code_path",,0.25324988,0.031,1790240955.447
3233,04_func_args_bindable,get_prob,self,,0.32053038,0.031,1790240955.509
3234,04_func_args_dynamic,get_prob,self,,-0.21813092,0.031,1790240955.556
3235,04_func_args_bindable,get_prob,self,,0.32053038,0.047,1790240955.619
3236,04_func_args_dynamic,get_prob,self,,-0.21813092,0.031,1790240955.665
3237,04_func_args_bindable,get_prob,self,,0.32053038,0.031,1790240955.712
3238,04_func_args_dynamic,get_prob,self,,-0.21813092,0.031,1790240955.775
3239,04_func_args_bindable,get_prob,"matched_groups,py_file_path,line_no",,-0.24187404,0.031,1790240955.837
3240,04_func_args_dynamic,get_prob,"matched_groups,py_file_path,line_no",,0.72585356,0.031,1790240955.884
3241,04_func_args_bindable,get_prob,self,,0.32053038,0.047,1790240955.947
3242,04_func_args_dynamic,get_prob,self,,-0.21813092,0.031,1790240955.994
3243,04_func_args_bindable,get_prob,self,,0.32053038,0.031,1790240956.04
3244,04_func_args_dynamic,get_prob,self,,-0.21813092,0.031,1790240956.103
3245,04_func_args_bindable,get_prob,self,,0.32053038,0.031,1790240956.15
3246,04_func_args_dynamic,get_prob,self,,-0.21813092,0.031,1790240956.212
3247,04_func_args_bindable,get_prob,"self,py_codes,config,code_path",,-0.42779008,0.031,1790240956.259
3248,04_func_args_dynamic,get_prob,"self,py_codes,config,code_path",,0.25324988,0.047,1790240956.322
3249,04_func_args_bindable,get_prob,self,,0.32053038,0.031,1790240956.369
3250,04_func_args_dynamic,get_prob,self,,-0.21813092,0.031,1790240956.431
3251,04_func_args_bindable,get_prob,self,,0.32053038,0.031,1790240956.494
3252,04_func_args_dynamic,get_prob,self,,-0.21813092,0.031,1790240956.54
3253,04_func_args_bindable,get_prob,info,,0.14172345,0.047,1790240956.603
3254,04_func_args_dynamic,get_prob,info,,0.18333098,0.031,1790240956.65
3255,04_func_args_bindable,get_prob,self,,0.32053038,0.031,1790240956.697
3256,04_func_args_dynamic,get_prob,self,,-0.21813092,0.031,1790240956.759
3257,04_func_args_bindable,get_prob,"matched_groups,py_file_path,line_no",,-0.24187404,0.047,1790240956.822
3258,04_func_args_dynamic,get_prob,"matched_groups,py_file_path,line_no",,0.72585356,0.031,1790240956.869
3259,04_func_args_bindable,get_prob,self,,0.32053038,0.031,1790240956.915
3260,04_func_args_dynamic,get_prob,self,,-0.21813092,0.031,1790240956.978
3261,04_func_args_bindable,get_prob,self,,0.32053038,0.031,1790240957.025
3262,04_func_args_dynamic,get_prob,self,,-0.21813092,0.031,1790240957.087
3263,04_func_args_bindable,get_prob,"self,py_codes,config,code_path",,-0.42779008,0.031,1790240957.134
3264,04_func_args_dynamic,get_prob,"self,py_codes,config,code_path",,0.25324988,0.031,1790240957.181
3265,04_func_args_bindable,get_prob,self,,0.32053038,0.031,1790240957.244
3266,04_func_args_dynamic,get_prob,self,,-0.21813092,0.031,1790240957.29
3267,04_func_args_bindable,get_prob,self,,0.32053038,0.031,1790240957.353
3268,04_func_args_dynamic,get_prob,self,,-0.21813092,0.031,1790240957.4
3269,04_func_args_bindable,get_prob,self,,0.32053038,0.031,1790240957.447
3270,04_func_args_dynamic,get_prob,self,,-0.21813092,0.031,1790240957.509
3271,04_func_args_bindable,get_prob,self,,0.32053038,0.031,1790240957.556
3272,04_func_args_dynamic,get_prob,self,,-0.21813092,0.031,1790240957.618
3273,04_func_args_bindable,get_prob,self,,0.32053038,0.031,1790240957.665
3274,04_func_args_dynamic,get_prob,self,,-0.21813092,0.047,1790240957.728
3275,04_func_args_bindable,get_prob,self,,0.32053038,0.031,1790240957.775
3276,04_func_args_dynamic,get_prob,self,,-0.21813092,0.031,1790240957.822
3277,04_func_args_bindable,get_prob,self,,0.32053038,0.031,1790240957.884
3278,04_func_args_dynamic,get_prob,self,,-0.21813092,0.037,1790240957.937
3279,04_func_args_bindable,get_prob,"py_codes,config,code_path",,0.090831414,0.031,1790240957.984
3280,04_func_args_dynamic,get_prob,"py_codes,config,code_path",,0.28475857,0.047,1790240958.046
3281,04_func_args_bindable,get_prob,"similar,same,unused_arg",,-0.56892145,0.031,1790240958.093
3282,04_func_args_dynamic,get_prob,"similar,same,unused_arg",,0.33420885,0.031,1790240958.14
3283,04_func_args_bindable,get_prob,"similar_,same,unused_arg",,-0.5188283,0.031,1790240958.203
3284,04_func_args_dynamic,get_prob,"similar_,same,unused_arg",,0.31428593,0.031,1790240958.249
3285,04_func_args_bindable,get_prob,version,,0.29618117,0.031,1790240958.312
3286,04_func_args_dynamic,get_prob,version,,-0.19022137,0.031,1790240958.359
3287,04_func_args_bindable,get_prob,"similar_,same,unused_arg",,-0.5188283,0.047,1790240958.421
3288,04_func_args_dynamic,get_prob,"similar_,same,unused_arg",,0.31428593,0.031,1790240958.468
3289,04_func_args_bindable,get_prob,"a,b,c",,-0.72402585,0.031,1790240958.515
3290,04_func_args_dynamic,get_prob,"a,b,c",,-0.093800426,0.031,1790240958.577
3291,04_func_args_bindable,get_prob,"a,b,c",,-0.72402585,0.031,1790240958.624
3292,04_func_args_dynamic,get_prob,"a,b,c",,-0.093800426,0.047,1790240958.687
3293,04_func_args_bindable,get_prob,"active_users,new_users",,0.118815124,0.031,1790240958.734
3294,04_func_args_dynamic,get_prob,"active_users,new_users",,0.5942772,0.047,1790240958.796
3295,04_func_args_bindable,get_prob,"value_1,value_2,value_3",,-0.5015397,0.031,1790240958.843
3296,04_func_args_dynamic,get_prob,"value_1,value_2,value_3",,-0.5123291,0.031,1790240958.89
3297,04_func_args_bindable,get_prob,self,,0.32053038,0.031,1790240958.952
3298,04_func_args_dynamic,get_prob,self,,-0.21813092,0.031,1790240958.999
3299,04_func_args_bindable,get_prob,"function1,function2,function3",,-0.44857165,0.047,1790240959.062
3300,04_func_args_dynamic,get_prob,"function1,function2,function3",,-0.7028737,0.031,1790240959.109
3301,04_func_args_bindable,get_prob,"a,b",,-0.8035157,0.031,1790240959.156
3302,04_func_args_dynamic,get_prob,"a,b",,-0.054168724,0.031,1790240959.218
3303,04_func_args_bindable,get_prob,"name,data",,-0.19292006,0.031,1790240959.265
3304,04_func_args_dynamic,get_prob,"name,data",,0.43988732,0.031,1790240959.327
3305,04_func_args_bindable,get_prob,"item,items",,-0.8448092,0.031,1790240959.374
3306,04_func_args_dynamic,get_prob,"item,items",,0.7297963,0.031,1790240959.421
3307,04_func_args_bindable,get_prob,options,,0.138755,0.031,1790240959.484
3308,04_func_args_dynamic,get_prob,options,,0.23208413,0.031,1790240959.531
3309,04_func_args_bindable,get_prob,"name,data",,-0.19292006,0.031,1790240959.593
3310,04_func_args_dynamic,get_prob,"name,data",,0.43988732,0.031,1790240959.64
3311,04_func_args_bindable,get_prob,"item,items",,-0.8448092,0.047,1790240959.702
3312,04_func_args_dynamic,get_prob,"item,items",,0.7297963,0.031,1790240959.749
3313,04_func_args_bindable,get_prob,options,,0.138755,0.031,1790240959.796
3314,04_func_args_dynamic,get_prob,options,,0.23208413,0.031,1790240959.859
3315,04_func_args_bindable,get_prob,"amount,balance",,-0.2881358,0.031,1790240959.906
3316,04_func_args_dynamic,get_prob,"amount,balance",,0.5802895,0.031,1790240959.968
3317,04_func_args_bindable,get_prob,user_id,,0.7937592,0.031,1790240960.015
3318,04_func_args_dynamic,get_prob,user_id,,-0.2446152,0.047,1790240960.077
3319,04_func_args_bindable,get_prob,user_id,,0.7937592,0.031,1790240960.124
3320,04_func_args_dynamic,get_prob,user_id,,-0.2446152,0.031,1790240960.171
3321,04_func_args_bindable,get_prob,"id,list,print",,-0.81111836,0.031,1790240960.234
3322,04_func_args_dynamic,get_prob,"id,list,print",,0.4894853,0.031,1790240960.281
3323,04_func_args_bindable,get_prob,"item_name,price,quantity,address",,-1.031897,0.031,1790240960.343
3324,04_func_args_dynamic,get_prob,"item_name,price,quantity,address",,0.6696509,0.031,1790240960.39
3325,04_func_args_bindable,get_prob,"item_name,price,quantity,address",,-1.031897,0.047,1790240960.452
3326,04_func_args_dynamic,get_prob,"item_name,price,quantity,address",,0.6696509,0.031,1790240960.499
3327,04_func_args_bindable,get_prob,"item_name,price,quantity,address",,-1.031897,0.031,1790240960.546
3328,04_func_args_dynamic,get_prob,"item_name,price,quantity,address",,0.6696509,0.031,1790240960.609
3329,04_func_args_bindable,get_prob,self,,0.32053038,0.031,1790240960.655
3330,04_func_args_dynamic,get_prob,self,,-0.21813092,0.031,1790240960.718
3331,04_func_args_bindable,get_prob,self,,0.32053038,0.031,1790240960.765
3332,04_func_args_dynamic,get_prob,self,,-0.21813092,0.047,1790240960.827
3333,04_func_args_bindable,get_prob,"self,grade,price",,-0.18514039,0.031,1790240960.874
3334,04_func_args_dynamic,get_prob,"self,grade,price",,0.46775365,0.031,1790240960.921
3335,04_func_args_bindable,get_prob,"self,type,message",,-0.58338225,0.031,1790240960.984
3336,04_func_args_dynamic,get_prob,"self,type,message",,0.070421614,0.031,1790240961.03
3337,04_func_args_bindable,get_prob,order_status,,0.46570185,0.031,1790240961.093
3338,04_func_args_dynamic,get_prob,order_status,,0.5838455,0.031,1790240961.14
3339,04_func_args_bindable,get_prob,"payment_method,price",,-0.019631058,0.047,1790240961.202
3340,04_func_args_dynamic,get_prob,"payment_method,price",,0.72889507,0.031,1790240961.249
3341,04_func_args_bindable,get_prob,user_grade,,1.2766756,0.031,1790240961.296
3342,04_func_args_dynamic,get_prob,user_grade,,0.12279948,0.031,1790240961.359
3343,04_func_args_bindable,get_prob,self,,0.32053038,0.031,1790240961.405
3344,04_func_args_dynamic,get_prob,self,,-0.21813092,0.031,1790240961.468
3345,04_func_args_bindable,get_prob,self,,0.32053038,0.031,1790240961.515
3346,04_func_args_dynamic,get_prob,self,,-0.21813092,0.047,1790240961.577
3347,04_func_args_bindable,get_prob,self,,0.32053038,0.031,1790240961.624
3348,04_func_args_dynamic,get_prob,self,,-0.21813092,0.031,1790240961.671
3349,04_func_args_bindable,get_prob,self,,0.32053038,0.031,1790240961.734
3350,04_func_args_dynamic,get_prob,self,,-0.21813092,0.031,1790240961.78
3351,04_func_args_bindable,get_prob,"self,items",,-0.37784317,0.031,1790240961.843
3352,04_func_args_dynamic,get_prob,"self,items",,0.47422528,0.031,1790240961.905
3353,04_func_args_bindable,get_prob,self,,0.32053038,0.031,1790240961.952
3354,04_func_args_dynamic,get_prob,self,,-0.21813092,0.047,1790240962.015
3355,04_func_args_bindable,get_prob,user_id,,0.7937592,0.031,1790240962.062
3356,04_func_args_dynamic,get_prob,user_id,,-0.2446152,0.031,1790240962.109
3357,04_func_args_bindable,get_prob,user_id,,0.7937592,0.031,1790240962.171
3358,04_func_args_dynamic,get_prob,user_id,,-0.2446152,0.031,1790240962.218
3359,04_func_args_bindable,get_prob,"user_id,options",,0.6427454,0.031,1790240962.28
3360,04_func_args_dynamic,get_prob,"user_id,options",,0.27097252,0.031,1790240962.327
3361,04_func_args_bindable,get_prob,user_ids,,0.38883874,0.047,1790240962.39
3362,04_func_args_dynamic,get_prob,user_ids,,-0.3446513,0.031,1790240962.437
3363,06_refactor_into_class_case_2_state_vars_if_else,get_prob,"if test: print(str, str)",,-0.16073136,0.031,1790240965.361
3364,06_refactor_into_class_case_2_state_vars_if_else,get_prob,if self.state: print(str),,0.03115542,0.031,1790240965.423
3365,06_refactor_into_class_case_2_state_vars_if_else,get_prob,if grade: return name * 0,,0.22798957,0.031,1790240965.47
3366,06_refactor_into_class_case_2_state_vars_if_else,get_prob,if type: print(namestr),,0.033164084,0.031,1790240965.532
3367,06_refactor_into_class_case_2_state_vars_if_else,get_prob,if order_status: print(str),,0.06134046,0.031,1790240965.579
3368,06_refactor_into_class_case_2_state_vars_if_else,get_prob,if payment_method: return name * 0,,0.39703187,0.031,1790240965.642
3369,06_similar_function_names,get_embedding,simplify_code,,"[ 7.29593933e-01  5.23852289e-01  8.20990860e-01  6.37323081e-01
  1.92538083e-01 -8.01654816e-01 -6",0.031,1790240967.429
3370,06_similar_function_names,get_embedding,convert_to_human_friendly_review,,"[-8.26955616e-01 -1.25693965e+00  1.83120966e+00  4.56831098e-01
 -1.15004539e+00  2.07031846e+00 -1",0.031,1790240967.492
3371,06_similar_function_names,get_embedding,ellipse_str,,"[ 1.15248549e+00 -1.21340883e+00  5.72342575e-01  3.51779014e-01
 -8.44904542e-01  4.13295478e-01  1",0.031,1790240967.554
3372,06_similar_function_names,get_embedding,extract_comment,,"[-1.97213665e-01 -2.25474501e+00 -3.01654905e-01  5.58237195e-01
 -9.41576660e-01  1.39762044e+00 -1",0.031,1790240967.617
3373,06_similar_function_names,get_embedding,check_regex_matched_lines,,"[ 2.23161876e-01  5.69794893e-01 -5.45834541e-01  1.24758399e+00
  1.09617364e+00 -1.54118264e+00 -6",0.031,1790240967.679
3374,06_similar_function_names,get_embedding,is_valid_code,,"[-1.88962594e-01 -4.23553914e-01  2.49199367e+00  5.12065947e-01
  8.17390442e-01  1.46250629e+00 -2",0.031,1790240967.742
3375,06_similar_function_names,get_embedding,check_a_in_b,,"[-3.94261122e-01  2.61751461e+00  1.90738297e+00  1.41210365e+00
  1.72907281e+00 -1.55794430e+00 -2",0.031,1790240967.804
3376,06_similar_function_names,get_embedding,__init__,,"[ 2.62861896e+00 -9.52388406e-01  1.32122540e+00  2.97793627e+00
 -6.81902766e-01  3.91010270e-02 -3",0.031,1790240967.851
3377,06_similar_function_names,get_embedding,_parse_codes,,"[ 5.30741990e-01 -1.35732830e-01  2.47615933e-01  1.37639463e+00
 -1.12528837e+00  1.76567042e+00 -1",0.031,1790240967.914
3378,06_similar_function_names,get_embedding,_get_function_name_by_line,,"[-2.23977685e+00 -1.35112688e-01  5.30708194e-01  1.35564566e+00
 -1.80243349e+00 -7.52624452e-01  3",0.047,1790240967.976
3379,06_similar_function_names,get_embedding,_get_class_name_by_line,,"[-1.91643202e+00 -8.19461644e-01 -5.84435046e-01  1.31637621e+00
 -2.46683097e+00 -5.76366603e-01 -3",0.031,1790240968.039
3380,06_similar_function_names,get_embedding,_get_definitions_and_usages,,"[-7.72985160e-01  1.13827407e+00  2.33090818e-02  2.40132999e+00
 -1.21360266e+00  1.87708616e-01 -4",0.031,1790240968.101
3381,06_similar_function_names,get_embedding,_get_constants,,"[-2.8882070e+00 -4.7797489e-01 -7.5635739e-02  1.9896803e+00
 -2.0837390e+00  3.1083116e-01 -1.93041",0.031,1790240968.164
3382,06_similar_function_names,get_embedding,_get_function_bodies,,"[-2.94530654e+00  6.52577162e-01  1.98959482e+00  1.60779297e+00
 -1.94254577e+00 -4.31497097e-01 -1",0.031,1790240968.211
3383,06_similar_function_names,get_embedding,_add_regex_matched_lines,,"[ 0.33227897 -0.20208892 -1.6502428   2.0118206  -0.3318991  -1.5536101
 -0.01436204 -0.84616727 -2.",0.031,1790240968.273
3384,06_similar_function_names,get_embedding,_init_final_result_dict,,"[-3.85552347e-01 -7.55305648e-01  9.94514823e-01  1.27336717e+00
 -1.87624323e+00 -1.39787364e+00 -2",0.031,1790240968.336
3385,06_similar_function_names,get_embedding,_find_if_elif_else_patterns,,"[-1.3736476   0.58600986 -0.22629704  2.1935244   0.18308823 -0.7060777
 -0.7687179   0.25588635 -0.",0.031,1790240968.398
3386,06_similar_function_names,get_embedding,update_final_result_dict,,"[-9.98030365e-01 -2.08307236e-01  2.10306334e+00  8.63166377e-02
 -1.28231764e+00 -1.46783113e+00 -3",0.031,1790240968.461
3387,06_similar_function_names,get_embedding,run_code_review,,"[ 2.59608001e-01  5.72609231e-02  7.75293767e-01  9.81953084e-01
  1.85189927e+00  1.60930231e-01 -1",0.031,1790240968.523
3388,06_similar_function_names,get_embedding,__init__,,"[ 2.62861896e+00 -9.52388406e-01  1.32122540e+00  2.97793627e+00
 -6.81902766e-01  3.91010270e-02 -3",0.031,1790240968.57
3389,06_similar_function_names,get_embedding,_delete_imported_review_items,,"[-2.68362069e+00 -2.23586655e+00  3.29052895e-01  4.46948099e+00
 -9.67155397e-01 -6.50668144e-03 -1",0.031,1790240968.632
3390,06_similar_function_names,get_embedding,_mark_used_as_imported,,"[ 7.87125170e-01 -1.61669683e+00  1.56219721e+00  1.57886243e+00
  1.28954744e+00 -1.06328130e+00 -5",0.031,1790240968.695
3391,06_similar_function_names,get_embedding,_is_function_bodies_similar,,"[ 1.10313714e+00  2.31078506e+00  1.02150536e+00  1.71203995e+00
 -3.50090772e-01 -1.25535059e+00  3",0.047,1790240968.757
3392,06_similar_function_names,get_embedding,_check_unused,,"[ 1.03791662e-01  4.07067150e-01  1.64080417e+00  2.02953362e+00
  1.21336234e+00 -4.33656633e-01 -1",0.031,1790240968.82
3393,06_similar_function_names,get_embedding,_check_unnecessary_prints,,"[ 8.10778081e-01 -3.34510088e-01 -2.90244639e-01  2.14635730e+00
  1.10602844e+00  2.01432839e-01 -1",0.031,1790240968.882
3394,06_similar_function_names,get_embedding,_check_duplicates,,"[ 7.3725116e-01  5.0996673e-01  1.9433093e+00  1.9487464e+00
  4.3550694e-01 -6.0807312e-01 -2.61664",0.031,1790240968.929
3395,06_similar_function_names,get_embedding,_find_all_similar_text_pairs,,"[ 5.00119664e-02 -1.30585525e-02 -1.63516998e-01  2.27945471e+00
  7.29017317e-01 -6.64787054e-01  2",0.031,1790240968.992
3396,06_similar_function_names,get_embedding,check_text_similar_with_prevs,,"[ 1.08072376e+00  9.55958843e-01  1.20762391e-02  3.29432100e-01
  1.09838474e+00 -7.53767669e-01 -8",0.031,1790240969.054
3397,06_similar_function_names,get_embedding,_check_similar_variables,,"[ 1.21480083e+00  1.69717240e+00  2.89851725e-02  1.99347591e+00
  7.94844389e-01 -9.87402081e-01 -1",0.047,1790240969.117
3398,06_similar_function_names,get_embedding,_check_same_func_args,,"[ 1.38757154e-01  1.81753230e+00  1.06698298e+00  2.52618909e+00
  4.50547755e-01 -5.24942100e-01 -6",0.031,1790240969.179
3399,06_similar_function_names,get_embedding,_check_names,,"[ 5.84856927e-01  8.85978997e-01  1.31362689e+00  1.61000967e+00
  5.12107313e-02  7.40724742e-01 -1",0.031,1790240969.242
3400,06_similar_function_names,get_embedding,_check_return_matched_with_func_name,,"[-1.19343245e+00  1.87031341e+00  8.38585317e-01  3.26339293e+00
 -1.55691886e+00 -5.01758277e-01 -5",0.031,1790240969.289
3401,06_similar_function_names,get_embedding,_check_library_orders,,"[ 1.50154829e-02 -1.24145555e+00  1.09246409e+00  2.14688444e+00
  1.02338541e+00 -2.93881834e-01 -1",0.031,1790240969.351
3402,06_similar_function_names,get_embedding,_check_func_docstring,,"[ 4.39322144e-01  1.14153612e+00  1.29682660e+00  1.99840879e+00
 -7.93153346e-01 -1.26596022e+00 -1",0.031,1790240969.414
3403,06_similar_function_names,get_embedding,_check_commented_codes,,"[-2.17946663e-01  5.95461309e-01  5.00313520e-01  2.28024411e+00
  3.36912006e-01 -1.06255040e-01 -6",0.031,1790240969.476
3404,06_similar_function_names,get_embedding,_check_empty_file,,"[-1.01821113e+00 -8.03634346e-01  2.01267934e+00  5.20843387e-01
  4.75777030e-01 -1.51449060e+00  9",0.047,1790240969.539
3405,06_similar_function_names,get_embedding,run_code_review,,"[ 2.59608001e-01  5.72609231e-02  7.75293767e-01  9.81953084e-01
  1.85189927e+00  1.60930231e-01 -1",0.031,1790240969.601
3406,06_similar_function_names,get_embedding,__init__,,"[ 2.62861896e+00 -9.52388406e-01  1.32122540e+00  2.97793627e+00
 -6.81902766e-01  3.91010270e-02 -3",0.031,1790240969.664
3407,06_similar_function_names,get_embedding,_check_const,,"[ 1.40062654e+00  7.04432964e-01  1.14969647e+00  1.32887256e+00
  4.97918755e-01 -2.80645251e-01 -1",0.031,1790240969.71
3408,06_similar_function_names,get_embedding,_check_line_length,,"[ 7.13523746e-01 -1.11295128e+00  1.02264261e+00  1.79546785e+00
  5.06579638e-01 -1.07160974e+00  7",0.031,1790240969.773
3409,06_similar_function_names,get_embedding,_check_files,,"[ 2.05494046e-01 -1.40523136e-01  2.98932004e+00  1.67082384e-01
  1.77031171e+00 -1.61488235e+00 -6",0.031,1790240969.835
3410,06_similar_function_names,get_embedding,_check_functions,,"[ 7.00712204e-01  1.49188900e+00  2.22114611e+00  1.58691740e+00
  5.98605037e-01 -9.69249785e-01 -1",0.047,1790240969.898
3411,06_similar_function_names,get_embedding,_check_indent,,"[ 9.24106538e-01  1.14341170e-01  1.03715563e+00  5.51867783e-01
  1.10223162e+00 -2.15663567e-01  1",0.031,1790240969.96
3412,06_similar_function_names,get_embedding,run_code_review,,"[ 2.59608001e-01  5.72609231e-02  7.75293767e-01  9.81953084e-01
  1.85189927e+00  1.60930231e-01 -1",0.031,1790240970.023
3413,06_similar_function_names,get_embedding,__init__,,"[ 2.62861896e+00 -9.52388406e-01  1.32122540e+00  2.97793627e+00
 -6.81902766e-01  3.91010270e-02 -3",0.031,1790240970.085
3414,06_similar_function_names,get_embedding,_check_suggest_list_comprehension,,"[ 4.18083854e-02 -2.73398846e-01 -5.19021451e-01 -6.17108643e-02
  2.04918957e+00 -1.28331256e+00 -1",0.031,1790240970.132
3415,06_similar_function_names,get_embedding,_check_generator_expression,,"[-8.70289952e-02  4.19761777e-01  1.07987571e+00  1.60191774e+00
 -3.31414312e-01  7.59161353e-01 -2",0.031,1790240970.195
3416,06_similar_function_names,get_embedding,_check_if_to_dict,,"[-9.29728866e-01  2.14147419e-01  1.91800043e-01  2.01509881e+00
 -9.51193720e-02 -1.94437549e-01 -1",0.031,1790240970.257
3417,06_similar_function_names,get_embedding,_check_path_format,,"[ 0.7855831   0.6067944   2.173549    0.78611434 -0.5378221  -0.36897576
 -0.81097114 -0.7650548  -0",0.031,1790240970.32
3418,06_similar_function_names,get_embedding,_check_defaultdict,,"[-6.19469285e-01  1.21475086e-01  2.10341382e+00  1.29123306e+00
 -8.37858617e-01 -5.15621006e-01 -1",0.047,1790240970.382
3419,06_similar_function_names,get_embedding,_check_any_all,,"[-7.09185004e-01  6.41040683e-01  3.50996852e-02  9.33865190e-01
  2.09401655e+00 -2.06138635e+00 -8",0.047,1790240970.445
3420,06_similar_function_names,get_embedding,_check_zip,,"[ 4.41509724e-01  5.44659734e-01  1.99186480e+00 -3.79757643e-01
  1.88043821e+00  1.01165354e+00 -2",0.031,1790240970.507
3421,06_similar_function_names,get_embedding,_match_zip,,"[ 3.67422491e-01  1.12811923e+00  4.55394119e-01  1.17935479e+00
  5.78418851e-01  1.55060351e+00  1",0.031,1790240970.57
3422,06_similar_function_names,get_embedding,_check_enumerate,,"[-4.28187221e-01  8.07570994e-01  5.51633239e-01  1.17079186e+00
  1.12155175e+00 -2.27040219e+00 -1",0.031,1790240970.632
3423,06_similar_function_names,get_embedding,_check_itertools_product,,"[-7.88361013e-01 -3.31072286e-02  2.85724330e+00  1.13300693e+00
  7.86402464e-01 -5.24370730e-01 -1",0.031,1790240970.679
3424,06_similar_function_names,get_embedding,_check_just_read_write_to_read_write_text,,"[-1.24033004e-01  1.48319232e+00  1.05549559e-01  2.20117950e+00
  3.99941772e-01 -5.23147762e-01 -4",0.031,1790240970.742
3425,06_similar_function_names,get_embedding,_check_sentence_empty,,"[ 1.5847421e-01 -1.1713750e+00 -2.1467221e-01  8.7259382e-01
 -5.4690206e-01 -5.0067341e-01 -2.58957",0.031,1790240970.804
3426,06_similar_function_names,get_embedding,_check_handle_none,,"[-2.160927    1.4080608   2.463535    2.47894     0.40306515  0.16086552
 -1.3118402  -2.206244    0",0.047,1790240970.867
3427,06_similar_function_names,get_embedding,_check_extend,,"[-1.53640747e-01  1.36667073e+00  1.17369926e+00  9.91037071e-01
  1.71493495e+00 -1.83221853e+00 -1",0.031,1790240970.929
3428,06_similar_function_names,get_embedding,_check_count,,"[ 5.0852305e-01  5.9044594e-01  1.9166851e+00  1.2887592e+00
  8.8246202e-01 -3.6209524e-01 -1.31435",0.031,1790240970.992
3429,06_similar_function_names,get_embedding,_check_index,,"[-2.84786671e-02  1.06149352e+00  1.77869165e+00  2.44992495e-01
  1.03215611e+00 -1.17900777e+00 -1",0.031,1790240971.054
3430,06_similar_function_names,get_embedding,_check_str_join,,"[ 1.32061839e+00  1.67715013e+00 -7.13341594e-01  1.62412572e+00
  1.90902734e+00  3.15483123e-01  8",0.031,1790240971.101
3431,06_similar_function_names,get_embedding,_check_use_map,,"[ 3.19002092e-01  7.11638212e-01  8.76313388e-01  1.21736586e+00
  1.99354959e+00  3.87584418e-02 -1",0.031,1790240971.163
3432,06_similar_function_names,get_embedding,run_code_review,,"[ 2.59608001e-01  5.72609231e-02  7.75293767e-01  9.81953084e-01
  1.85189927e+00  1.60930231e-01 -1",0.031,1790240971.226
3433,06_similar_function_names,get_embedding,__init__,,"[ 2.62861896e+00 -9.52388406e-01  1.32122540e+00  2.97793627e+00
 -6.81902766e-01  3.91010270e-02 -3",0.047,1790240971.288
3434,06_similar_function_names,get_embedding,_check_unpacking,,"[ 1.73726630e+00  7.25947022e-01 -5.42458653e-01 -4.02407885e-01
  1.11243570e+00 -6.97157085e-01 -3",0.047,1790240971.351
3435,06_similar_function_names,get_embedding,_check_open_file,,"[-5.04350901e-01  1.19482577e+00  3.20746779e+00  5.58768809e-01
  1.35870004e+00 -1.01997697e+00  4",0.031,1790240971.413
3436,06_similar_function_names,get_embedding,_check_key_itemgetter,,"[-2.9770846  -0.1378226   0.6156436   1.281373   -0.200912    0.18003452
 -2.2604706  -2.7317486   2",0.031,1790240971.476
3437,06_similar_function_names,get_embedding,_check_f_string,,"[ 1.04646623e+00  1.10070848e+00  2.53595996e+00  1.16455102e+00
 -1.16790819e+00 -2.29711831e-01 -3",0.031,1790240971.538
3438,06_similar_function_names,get_embedding,_check_collections_itertools_glob,,"[-1.13331926e+00  5.79609632e-01  1.88718244e-01  1.02364278e+00
 -1.15277462e-01 -2.28950119e+00 -6",0.031,1790240971.585
3439,06_similar_function_names,get_embedding,_check_func_args_bindable,,"[-1.20837367e+00  1.42373002e+00  1.75717342e+00  2.51473427e+00
 -4.96719629e-01 -8.52580309e-01 -1",0.031,1790240971.648
3440,06_similar_function_names,get_embedding,_check_attribute_getattr,,"[-1.7894682   0.08461121  1.2735778   0.57282865 -2.8794458   0.8543055
 -2.1855633  -2.7327402   2.",0.031,1790240971.71
3441,06_similar_function_names,get_embedding,_check_regex_r,,"[ 3.90390158e-01  1.59859943e+00  1.58058619e+00  4.58219230e-01
  4.03056979e-01  5.14805734e-01 -1",0.047,1790240971.773
3442,06_similar_function_names,get_embedding,_check_func_lambda,,"[-5.47552168e-01  2.07101345e+00  6.72181189e-01  2.75998449e+00
 -7.52472103e-01 -9.54541147e-01 -6",0.047,1790240971.835
3443,06_similar_function_names,get_embedding,flmf,,"[ 1.19973886e+00 -4.81042147e-01  1.99561787e+00  1.47991478e+00
 -7.87637651e-01 -2.90713817e-01 -1",0.031,1790240971.898
3444,06_similar_function_names,get_embedding,_check_prefix_suffix,,"[-3.09098244e-01  1.46068406e+00  8.46062422e-01  1.39354825e+00
 -5.81786484e-02  3.87379527e-01  6",0.031,1790240971.96
3445,06_similar_function_names,get_embedding,run_code_review,,"[ 2.59608001e-01  5.72609231e-02  7.75293767e-01  9.81953084e-01
  1.85189927e+00  1.60930231e-01 -1",0.031,1790240972.007
3446,06_similar_function_names,get_embedding,__init__,,"[ 2.62861896e+00 -9.52388406e-01  1.32122540e+00  2.97793627e+00
 -6.81902766e-01  3.91010270e-02 -3",0.031,1790240972.07
3447,06_similar_function_names,get_embedding,_check_exception_ignored,,"[-1.52974558e+00  8.38488460e-01  7.07811475e-01  1.93062294e+00
 -3.28025132e-01  1.61989272e-01 -1",0.031,1790240972.132
3448,06_similar_function_names,get_embedding,_check_exception_type,,"[-8.49871278e-01  2.04905438e+00  1.18438530e+00  2.13982439e+00
 -5.16104281e-01  6.38524771e-01 -4",0.031,1790240972.195
3449,06_similar_function_names,get_embedding,_check_func_arg_error_prevent,,"[-1.70283282e+00  1.18091190e+00  1.56357145e+00  2.18990898e+00
 -2.34203339e-02  1.28487360e+00 -2",0.047,1790240972.257
3450,06_similar_function_names,get_embedding,flmf,,"[ 1.19973886e+00 -4.81042147e-01  1.99561787e+00  1.47991478e+00
 -7.87637651e-01 -2.90713817e-01 -1",0.047,1790240972.32
3451,06_similar_function_names,get_embedding,_check_assertion_try_except,,"[ 6.43763959e-01  1.53637004e+00  1.37770844e+00  2.25279546e+00
  1.06752181e+00 -1.20281076e+00 -9",0.047,1790240972.382
3452,06_similar_function_names,get_embedding,_check_python_keywords_args,,"[ 7.06817150e-01  7.26915240e-01  6.75185263e-01  2.91529465e+00
  6.30189896e-01 -2.01474905e-01 -3",0.031,1790240972.445
3453,06_similar_function_names,get_embedding,run_code_review,,"[ 2.59608001e-01  5.72609231e-02  7.75293767e-01  9.81953084e-01
  1.85189927e+00  1.60930231e-01 -1",0.031,1790240972.507
3454,06_similar_function_names,get_embedding,__init__,,"[ 2.62861896e+00 -9.52388406e-01  1.32122540e+00  2.97793627e+00
 -6.81902766e-01  3.91010270e-02 -3",0.031,1790240972.57
3455,06_similar_function_names,get_embedding,_check_refactor_into_class_case_1_same_args,,"[ 1.30786872e+00  2.02192116e+00  1.77237108e-01  1.95428407e+00
  1.77955106e-01 -1.55317202e-01  1",0.031,1790240972.617
3456,06_similar_function_names,get_embedding,_check_refactor_into_class_case_2_state_vars_if_else,,"[ 9.78656709e-01  1.10771644e+00  5.64143240e-01  1.67248833e+00
  2.22358592e-02  3.43548924e-01 -2",0.031,1790240972.679
3457,06_similar_function_names,get_embedding,check_is_state_value,,"[-9.64956164e-01  9.18171346e-01  1.31947327e+00 -2.89565265e-01
  2.83670634e-01  6.17722273e-01 -2",0.031,1790240972.742
3458,06_similar_function_names,get_embedding,_check_prefix_for_only_in_class_methods,,"[-1.69197893e+00  1.15108967e+00  3.68729591e-01  2.77180862e+00
 -1.47812450e+00 -1.58383179e+00 -4",0.031,1790240972.804
3459,06_similar_function_names,get_embedding,flmf,,"[ 1.19973886e+00 -4.81042147e-01  1.99561787e+00  1.47991478e+00
 -7.87637651e-01 -2.90713817e-01 -1",0.047,1790240972.867
3460,06_similar_function_names,get_embedding,_check_similar_function_names,,"[ 6.37128577e-02  1.60627687e+00  6.66689694e-01  2.14023209e+00
 -3.90056521e-01 -6.16811931e-01 -1",0.031,1790240972.929
3461,06_similar_function_names,get_embedding,run_code_review,,"[ 2.59608001e-01  5.72609231e-02  7.75293767e-01  9.81953084e-01
  1.85189927e+00  1.60930231e-01 -1",0.031,1790240972.992
3462,06_similar_function_names,get_embedding,__init__,,"[ 2.62861896e+00 -9.52388406e-01  1.32122540e+00  2.97793627e+00
 -6.81902766e-01  3.91010270e-02 -3",0.031,1790240973.054
3463,06_similar_function_names,get_embedding,_check_python_basics,,"[ 6.25916600e-01  4.96090144e-01  1.37191772e+00  1.61164117e+00
  5.29450297e-01 -1.20904493e+00 -8",0.031,1790240973.101
3464,06_similar_function_names,get_embedding,_check_basic_convention,,"[ 2.72810459e-01  9.14893568e-01  9.43402722e-02  1.66603112e+00
  8.09309006e-01  7.67162889e-02 -1",0.031,1790240973.163
3465,06_similar_function_names,get_embedding,_check_simplification,,"[ 1.19226742e+00  4.83010620e-01  7.55656362e-01  4.48696226e-01
  1.30976164e+00 -5.44302106e-01 -7",0.031,1790240973.226
3466,06_similar_function_names,get_embedding,_check_other_pythonic,,"[-9.16197419e-01  1.13150370e+00  3.07612270e-01  2.58278537e+00
  3.90184999e-01 -1.50409579e+00 -3",0.031,1790240973.288
3467,06_similar_function_names,get_embedding,_check_exceptions,,"[ 1.39463618e-01  6.90160096e-01  1.24967802e+00  1.96958756e+00
  6.23479366e-01 -8.00236240e-02 -1",0.047,1790240973.351
3468,06_similar_function_names,get_embedding,_check_cohesiveness_and_class,,"[-4.47859950e-02  1.97934806e+00  7.36801565e-01  1.94211006e+00
 -3.00877959e-01 -6.14277422e-01  8",0.031,1790240973.413
3469,06_similar_function_names,get_embedding,run_code_review,,"[ 2.59608001e-01  5.72609231e-02  7.75293767e-01  9.81953084e-01
  1.85189927e+00  1.60930231e-01 -1",0.031,1790240973.476
3470,06_similar_function_names,get_embedding,default_code_review_func,,"[-9.69324112e-01  3.04338813e-01  2.23460245e+00  2.07406712e+00
 -1.13951540e+00 -8.87731969e-01 -2",0.031,1790240973.538
3471,06_similar_function_names,get_embedding,unused_function,,"[-8.72543037e-01  7.82822609e-01  2.19461727e+00  1.67348444e+00
 -2.86014583e-02 -3.20489645e-01 -1",0.078,1790240980.452
3472,06_similar_function_names,get_embedding,abc,,"[-1.89681187e-01  9.27810133e-01 -3.93074840e-01  1.23004663e+00
 -1.75527775e+00 -7.46145785e-01 -7",0.078,1790240980.546
3473,06_similar_function_names,get_embedding,similar_func1,,"[ 1.69149220e+00  2.70779777e+00  1.41220856e+00  1.99049914e+00
 -9.27521706e-01 -5.98204970e-01 -5",0.031,1790240980.609
3474,06_similar_function_names,get_embedding,similar_func2,,"[ 1.07481754e+00  2.86043477e+00  1.49524558e+00  1.73793352e+00
 -4.93334144e-01 -1.23896980e+00 -5",0.031,1790240980.672
3475,06_similar_function_names,get_embedding,get_current_version,,"[-1.97671056e+00  5.08442819e-01  2.01343107e+00 -7.27018833e-01
  2.34282687e-01  1.02225780e+00 -2",0.031,1790240980.734
3476,06_similar_function_names,get_embedding,get_current_ver,,"[ 2.71410607e-02 -4.04385626e-01  3.07781935e+00 -2.14608625e-01
 -6.64143145e-01  6.30090714e-01 -6",0.031,1790240980.781
3477,06_similar_function_names,get_embedding,check_single_responsibility,,"[-2.10881248e-01  1.93203926e+00  1.71573508e+00  2.14495993e+00
  2.03862643e+00 -9.00913060e-01 -9",0.031,1790240980.844
3478,06_similar_function_names,get_embedding,imported_function,,"[-9.26411077e-02 -3.19161177e-01  2.36140180e+00  3.48072934e+00
  2.26153120e-01 -9.10894573e-01 -3",0.031,1790240980.906
3479,06_similar_function_names,get_embedding,similar_func3,,"[ 7.32068598e-01  3.36199307e+00  1.26967466e+00  2.00159287e+00
 -6.32327080e-01 -6.35096729e-01 -6",0.031,1790240981.016
3480,06_similar_function_names,get_embedding,get_current_version,,"[-1.97671056e+00  5.08442819e-01  2.01343107e+00 -7.27018833e-01
  2.34282687e-01  1.02225780e+00 -2",0.031,1790240981.078
3481,06_similar_function_names,get_embedding,without_type_hint,,"[-6.34776294e-01 -1.04762375e+00  2.07002711e+00  1.76008904e+00
 -7.73576677e-01  8.57027233e-01 -6",0.031,1790240981.141
3482,06_similar_function_names,get_embedding,with_type_hint,,"[ 8.46402466e-01 -1.43396151e+00  8.45757574e-02  2.71734118e+00
 -1.06110036e+00 -6.85093030e-02 -9",0.031,1790240981.203
3483,06_similar_function_names,get_embedding,long_function_with_docstring,,"[-1.36531663e+00  5.55536926e-01  1.57658827e+00  2.48903131e+00
  1.32860795e-01 -1.91414011e+00  1",0.031,1790240981.266
3484,06_similar_function_names,get_embedding,long_function_wo_docstring,,"[-1.60449350e+00  1.15028858e+00  1.30670857e+00  2.12954378e+00
 -4.01655912e-01 -5.12887836e-01  5",0.031,1790240981.312
3485,06_similar_function_names,get_embedding,too_long_function,,"[ 1.12201169e-01  1.51062500e+00  8.72264981e-01  1.92638183e+00
  5.35340190e-01  7.71189258e-02 -1",0.031,1790240981.375
3486,06_similar_function_names,get_embedding,collect_user_ids,,"[-0.02447064  0.8735911   1.3629416   0.19273302  0.5281104  -0.6614824
 -1.4166628  -0.06046255  2.",0.031,1790240981.453
3487,06_similar_function_names,get_embedding,test_func,,"[-9.19228554e-01  4.38919604e-01  2.05542684e+00  1.44395399e+00
 -1.65851665e+00 -6.54284716e-01 -1",0.031,1790240981.516
3488,06_similar_function_names,get_embedding,test_func2,,"[-5.60341060e-01  4.95051146e-01  1.99288177e+00  7.54407227e-01
 -1.09694421e+00 -8.59923184e-01 -1",0.031,1790240981.578
3489,06_similar_function_names,get_embedding,__init__,,"[ 2.62861896e+00 -9.52388406e-01  1.32122540e+00  2.97793627e+00
 -6.81902766e-01  3.91010270e-02 -3",0.031,1790240981.641
3490,06_similar_function_names,get_embedding,test_function,,"[-0.8797823  -0.6122716   2.6914341   0.83969724 -0.10206854 -0.32595837
 -1.7739193   0.3378168  -0",0.031,1790240981.703
3491,06_similar_function_names,get_embedding,func_test,,"[ 5.23657501e-01  9.19239502e-03  1.25934947e+00  1.60286582e+00
 -1.86594236e+00  3.05622607e-01 -1",0.031,1790240981.766
3492,06_similar_function_names,get_embedding,create_user,,"[ 4.98834737e-02  6.27203286e-01  3.62554026e+00  1.54821622e+00
 -5.56676388e-01 -5.41978657e-01 -1",0.031,1790240981.828
3493,06_similar_function_names,get_embedding,add_to_list,,"[ 2.80959666e-01  6.01374090e-01  2.54024506e+00  3.57024401e-01
  4.35632855e-01 -8.66794527e-01 -6",0.031,1790240981.891
3494,06_similar_function_names,get_embedding,configure_settings,,"[ 0.7516749  -0.30986255  2.6554668   0.59448045  1.0971913  -0.09006543
 -1.8312495  -0.00585771  0",0.031,1790240981.953
3495,06_similar_function_names,get_embedding,create_user_1,,"[-2.54445910e-01  8.53877604e-01  3.06128168e+00  1.30634046e+00
 -6.10427558e-01 -3.73367459e-01 -6",0.047,1790240982.016
3496,06_similar_function_names,get_embedding,add_to_list_1,,"[-5.08603513e-01  1.39226198e+00  3.40949869e+00  1.00427401e+00
  2.48964369e-01 -1.41323304e+00  2",0.031,1790240982.078
3497,06_similar_function_names,get_embedding,configure_settings_1,,"[ 8.33392501e-01  6.54813766e-01  2.10329890e+00  1.01323776e-01
  7.12016702e-01  6.16713405e-01 -2",0.031,1790240982.141
3498,06_similar_function_names,get_embedding,get_user_age,,"[-1.2185127  -0.58627206  1.5529156  -0.08302714 -0.74765044  1.1284457
 -0.7768388  -1.1076583   2.",0.031,1790240982.203
3499,06_similar_function_names,get_embedding,process_payment,,"[ 2.83879749e-02 -9.85084355e-01  7.35572219e-01  5.00407815e-01
 -7.57799149e-02 -4.03017282e-01 -1",0.031,1790240982.266
3500,06_similar_function_names,get_embedding,fetch_from_database,,"[ 1.42696440e+00 -1.49028674e-01  1.56071448e+00  1.39675963e+00
 -1.37780413e-01 -9.96876419e-01 -7",0.031,1790240982.312
3501,06_similar_function_names,get_embedding,get_active_user_profile,,"[-1.34298897e+00  1.23679233e+00  2.62243867e+00  2.82389820e-01
  3.23657930e-01 -1.71718627e-01 -2",0.031,1790240982.375
3502,06_similar_function_names,get_embedding,calculate_items,,"[ 1.7289079e+00 -1.7879190e+00 -4.0362072e-01  1.4789890e+00
 -6.6827202e-01 -9.4010210e-01 -1.43467",0.031,1790240982.437
3503,06_similar_function_names,get_embedding,calculate_total_price,,"[ 7.78808355e-01 -1.93274689e+00  1.51849079e+00  2.32588053e+00
 -2.54464388e+00  7.84033895e-01 -1",0.031,1790240982.594
3504,06_similar_function_names,get_embedding,calculate_shipping_fee,,"[ 2.4416814  -1.1863675   1.2747604   1.9106333  -2.8121386   1.6439874
 -0.7940099  -0.8006477   1.",0.031,1790240982.656
3505,06_similar_function_names,get_embedding,print_order_summary,,"[-7.21823514e-01 -1.69561923e+00 -2.77501881e-01  1.78995645e+00
 -1.88386428e+00  1.22451234e+00 -8",0.031,1790240982.719
3506,06_similar_function_names,get_embedding,__init__,,"[ 2.62861896e+00 -9.52388406e-01  1.32122540e+00  2.97793627e+00
 -6.81902766e-01  3.91010270e-02 -3",0.047,1790240982.781
3507,06_similar_function_names,get_embedding,process,,"[ 5.09527266e-01 -3.02666157e-01  5.62510073e-01  1.33953905e+00
 -4.67037678e-01  7.70093143e-01 -5",0.031,1790240982.844
3508,06_similar_function_names,get_embedding,calculate,,"[ 2.09163427e+00  3.97373676e-01 -1.30868524e-01  1.88012016e+00
 -1.46958923e+00 -3.35722446e-01 -9",0.031,1790240982.906
3509,06_similar_function_names,get_embedding,send_notification,,"[-9.60294247e-01  5.83837688e-01  1.01061583e+00  2.58890343e+00
 -2.08526468e+00 -6.54435763e-03 -7",0.031,1790240982.969
3510,06_similar_function_names,get_embedding,send_notification,,"[-9.60294247e-01  5.83837688e-01  1.01061583e+00  2.58890343e+00
 -2.08526468e+00 -6.54435763e-03 -7",0.031,1790240983.031
3511,06_similar_function_names,get_embedding,calculate_discount,,"[-2.41674542e-01 -1.26612723e+00  9.92581666e-01  1.05476344e+00
 -1.16647315e+00  6.27043307e-01 -1",0.031,1790240983.078
3512,06_similar_function_names,get_embedding,check_permission,,"[-8.01762760e-01  1.28045940e+00  2.85605550e+00  8.49336028e-01
  1.88148177e+00 -5.18938959e-01 -9",0.031,1790240983.14
3513,06_similar_function_names,get_embedding,__init__,,"[ 2.62861896e+00 -9.52388406e-01  1.32122540e+00  2.97793627e+00
 -6.81902766e-01  3.91010270e-02 -3",0.031,1790240983.203
3514,06_similar_function_names,get_embedding,_display_system,,"[-1.05298221e+00 -3.88213009e-01  3.13258338e+00  8.15840185e-01
 -3.79856586e-01  1.01768446e+00 -1",0.031,1790240983.265
3515,06_similar_function_names,get_embedding,__init__,,"[ 2.62861896e+00 -9.52388406e-01  1.32122540e+00  2.97793627e+00
 -6.81902766e-01  3.91010270e-02 -3",0.047,1790240983.328
3516,06_similar_function_names,get_embedding,__boot_kernel,,"[ 5.04584372e-01 -6.60894096e-01  1.73076344e+00  1.56052816e+00
  1.92321908e+00  2.40887475e+00 -1",0.047,1790240983.39
3517,06_similar_function_names,get_embedding,__init__,,"[ 2.62861896e+00 -9.52388406e-01  1.32122540e+00  2.97793627e+00
 -6.81902766e-01  3.91010270e-02 -3",0.031,1790240983.453
3518,06_similar_function_names,get_embedding,__len__,,"[ 1.28377509e+00 -1.52096200e+00  2.54927063e+00  2.73017216e+00
 -1.38034987e+00 -1.05838346e+00 -4",0.031,1790240983.515
3519,06_similar_function_names,get_embedding,process_user_data,,"[-0.37008396 -1.1144241   1.3885517   0.99525595  0.139819   -0.46514282
 -1.3447253  -0.27626213  1",0.031,1790240983.734
3520,06_similar_function_names,get_embedding,order_consumer_ranking,,"[-1.16044648e-01 -1.12204194e+00  7.34692454e-01  5.65799475e-01
 -1.07309854e+00  2.12115884e+00 -8",0.031,1790240983.797
3521,06_similar_function_names,get_embedding,send_welcome_email,,"[-5.91036618e-01 -7.74882078e-01  2.56583643e+00  2.25105000e+00
 -5.73751628e-02  3.90276194e-01 -1",0.031,1790240983.859
3522,06_similar_function_names,get_embedding,process_user_data_v2,,"[-1.52477741e+00  8.14614892e-01  1.92235565e+00  3.17193806e-01
  9.08615232e-01 -1.05431175e+00 -1",0.031,1790240983.922
3523,06_similar_function_names,get_embedding,process_user_data_batch,,"[ 2.41784200e-01  5.39555289e-02  7.16524959e-01  3.65722299e-01
  1.49887598e+00 -4.99090075e-01 -8",0.031,1790240983.984
3524,06_similar_function_names,get_embedding,rank_customer,,"[-0.01257472 -2.1531997   1.399736    1.0467144  -0.8553076   1.6263231
 -0.8847631  -0.7427554  -0.",0.031,1790240984.047
