,task_id,func_name,text1,text2,result,inference_time,timestamp
0,01_unnecessary_prints,get_prob,"logger.info(""3335555"")",,0.5446581,0.281,1790413843.046
1,01_unnecessary_prints,get_prob,print(IMPORT_NUM),,0.21238165,0.047,1790413843.093
2,01_unnecessary_prints,get_prob,print(imported_value),,0.26368412,0.031,1790413843.124
3,01_unnecessary_prints,get_prob,"logger.warning(""server error detected"")",,0.42512554,0.031,1790413843.156
4,01_unnecessary_prints,get_prob,"logger.error(""server fault"")",,0.2805484,0.031,1790413843.187
5,01_unnecessary_prints,get_prob,"logger.info(""info"")",,0.49352202,0.047,1790413843.234
6,01_unnecessary_prints,get_prob,"logger.debug(""debug"")",,0.39072028,0.031,1790413843.265
7,01_unnecessary_prints,get_prob,logger.debug('debug test'),,0.45949575,0.031,1790413843.296
8,01_unnecessary_prints,get_prob,"logger.critical(""CRITICAL ERROR DETECTED !!"")",,0.5164945,0.031,1790413843.328
9,01_unnecessary_prints,get_prob,print('test'),,0.48163944,0.031,1790413843.359
10,01_unnecessary_prints,get_prob,"print(""testing ..."")",,0.557437,0.031,1790413843.406
11,01_unnecessary_prints,get_prob,print(1),,0.37586057,0.031,1790413843.437
12,01_unnecessary_prints,get_prob,print(logger),,0.31150413,0.031,1790413843.468
13,01_unnecessary_prints,get_prob,print(2 + len(str(logger))),,0.3599753,0.031,1790413843.499
14,01_unnecessary_prints,get_prob,print('ddddddddddddddddddddddddddddddddddddddddddddddddddddddddddddddddd more than line length 120 ========================='),,0.4661875,0.031,1790413843.546
15,01_unnecessary_prints,get_prob,"print(without_type_hint(2025, 113, 'REBEL HEART'))",,0.3263478,0.031,1790413843.578
16,01_unnecessary_prints,get_prob,"print(with_type_hint(2025, 113, 'REBEL HEART'))",,0.3583054,0.031,1790413843.609
17,01_unnecessary_prints,get_prob,print(1234),,0.5212919,0.031,1790413843.64
18,01_unnecessary_prints,get_prob,print(5678),,0.44414136,0.047,1790413843.687
19,01_unnecessary_prints,get_prob,print(sum([p for p in primes if p >= 10])),,0.47924605,0.031,1790413843.718
20,01_unnecessary_prints,get_prob,print(max([p for p in primes if p % 3 == 2])),,0.54895645,0.031,1790413843.749
21,01_unnecessary_prints,get_prob,print(min([p for p in primes if p % 3 == 1])),,0.5389972,0.031,1790413843.781
22,01_unnecessary_prints,get_prob,print(all([p % 2 == 1 for p in primes])),,0.5919803,0.047,1790413843.828
23,01_unnecessary_prints,get_prob,print(any([p % 2 == 1 for p in primes])),,0.61728346,0.031,1790413843.859
24,01_unnecessary_prints,get_prob,print(sum(p for p in primes if p >= 10)),,0.45197612,0.031,1790413843.89
25,01_unnecessary_prints,get_prob,print(max(p for p in primes if p % 3 == 2)),,0.5375298,0.031,1790413843.921
26,01_unnecessary_prints,get_prob,print(min(p for p in primes if p % 3 == 1)),,0.54596037,0.031,1790413843.953
27,01_unnecessary_prints,get_prob,print(all(p % 2 == 1 for p in primes)),,0.5937763,0.031,1790413843.999
28,01_unnecessary_prints,get_prob,print(any(p % 2 == 1 for p in primes)),,0.6032145,0.031,1790413844.031
29,01_unnecessary_prints,get_prob,print(txt_files),,0.38888922,0.031,1790413844.062
30,01_unnecessary_prints,get_prob,print(function_result),,0.2224839,0.031,1790413844.093
31,01_unnecessary_prints,get_prob,"print(""최종 반환:"", result)",,0.25354993,0.031,1790413844.14
32,01_similar_variables,get_embedding,baz2,,"[-8.90084386e-01  3.32919312e+00  6.18859828e-01  2.17297602e+00
 -8.86849016e-02 -1.59143925e+00 -7",0.047,1790413846.062
33,01_similar_variables,get_embedding,vector_store,,"[ 0.429427   -1.142091   -0.6932076   1.5635437  -1.3523245  -1.1259739
  0.7096351  -1.7533267  -0.",0.031,1790413846.109
34,01_similar_variables,get_embedding,email_preview_text_v3,,"[ 6.68958545e-01 -1.89603877e+00 -4.93422508e-01  2.60268778e-01
 -1.44141102e+00  2.78643107e+00 -9",0.031,1790413846.14
35,01_similar_variables,get_embedding,response_request_id,,"[-1.28525746e+00  1.31451225e+00  1.39405921e-01  1.11460519e+00
 -1.83092940e+00  3.05801988e+00 -3",0.031,1790413846.187
36,01_similar_variables,get_embedding,classify_pdf_text,,"[ 1.26820326e+00 -2.27566361e+00 -1.49996102e-01 -5.09930253e-01
 -5.93144834e-01  9.28764164e-01  8",0.031,1790413846.234
37,01_similar_variables,get_embedding,get_current_user_profile,,"[-0.4194455   0.8839443   1.3177809   0.15347303  1.394424    0.5897619
 -1.4986352  -1.4331204   1.",0.031,1790413846.265
38,01_similar_variables,get_embedding,validate_product_catalog,,"[-1.53590989e+00 -4.91599470e-01 -6.47823751e-01  7.58943036e-02
  1.58966750e-01  1.41796708e+00 -6",0.031,1790413846.312
39,01_similar_variables,get_embedding,compile_return_request,,"[-9.84063089e-01  5.42490900e-01 -2.11136889e+00  1.73755836e+00
  3.51168245e-01  1.12247360e+00  3",0.031,1790413846.359
40,01_similar_variables,get_embedding,read_primary_threat_score,,"[ 1.36407197e+00  8.68189156e-01  1.47396767e+00 -7.03950524e-01
 -8.08133066e-01  3.40233088e+00 -1",0.047,1790413846.406
41,01_similar_variables,get_embedding,serialize_file_metadata,,"[-1.07457852e+00 -6.20119929e-01 -4.20426100e-01  3.00039887e+00
 -2.53872466e+00  4.92246002e-01  3",0.031,1790413846.452
42,01_similar_variables,get_embedding,PRESERVED_WORDS,,"[ 4.11699750e-02 -2.06520844e+00  7.34302521e-01  5.64752698e-01
 -2.50048113e+00 -3.72730345e-01 -1",0.031,1790413846.499
43,01_similar_variables,get_embedding,QUOTES,,"[ 2.61881757e+00  3.45353305e-01  7.85886288e-01  2.39213705e+00
 -9.69635308e-01 -1.29827052e-01 -9",0.031,1790413846.546
44,01_similar_variables,get_embedding,TWO_DOUBLE_QUOTES,,"[-7.16917098e-01  1.41486645e+00  9.08723295e-01  2.95938325e+00
 -1.29881656e+00  1.89860597e-01  2",0.031,1790413846.593
45,01_similar_variables,get_embedding,QUOTES_BOUND,,"[ 8.01893592e-01 -4.36861098e-01 -2.84720957e-01  2.04953241e+00
  5.96810341e-01 -7.94420391e-02  1",0.031,1790413846.64
46,01_similar_variables,get_embedding,ANY_CONST_OR_VAR,,"[ 6.1995357e-01  2.3524380e-01  3.2566106e+00  1.5858037e+00
 -2.4012723e+00 -8.9107543e-01 -1.54337",0.047,1790413846.687
47,01_similar_variables,get_embedding,result,,"[ 1.5347008  -0.1686068  -1.9471003   0.2492498  -0.3242108   0.9880946
 -2.0051591   0.5596011  -0.",0.031,1790413846.734
48,01_similar_variables,get_embedding,final_review,,"[ 2.61442471e+00 -1.00040090e+00  5.64841852e-02 -2.46963948e-01
  2.08219123e+00  3.89536142e-01  1",0.031,1790413846.859
49,01_similar_variables,get_embedding,py_file_path,,"[ 3.7514025e-01 -1.9212404e+00  4.5177299e-01  1.0521677e+00
 -1.0181907e+00 -1.0462371e+00  7.27230",0.047,1790413846.921
50,01_similar_variables,get_embedding,human_friendly_review,,"[ 9.28369820e-01 -2.46214557e+00  1.42372000e+00  1.40832543e+00
  1.47167134e+00  1.72553504e+00 -5",0.031,1790413846.968
51,01_similar_variables,get_embedding,info_key,,"[ 2.38853581e-02  2.49011759e-02  2.14110947e+00  1.43614876e+00
  4.97931063e-01 -1.70859694e+00 -7",0.047,1790413847.031
52,01_similar_variables,get_embedding,human_friendly_info_key,,"[-1.02575466e-01 -8.42306554e-01  3.21766877e+00  1.85939729e+00
 -1.05713628e-01 -7.97781885e-01 -1",0.031,1790413847.078
53,01_similar_variables,get_embedding,item,,"[-9.08213913e-01 -2.92136979e+00  2.84422547e-01  7.18652904e-01
 -9.79859650e-01 -6.89898014e-01 -1",0.047,1790413847.156
54,01_similar_variables,get_embedding,replaced_newline_str,,"[ 1.05329847e+00 -6.30604088e-01 -1.13282144e+00  1.26949811e+00
 -1.28330886e+00 -5.77022076e-01  1",0.031,1790413847.249
55,01_similar_variables,get_embedding,readline,,"[ 1.41657138e+00 -9.44104850e-01  3.73502791e-01  7.25697398e-01
  4.28272784e-01 -1.36851978e+00 -8",0.031,1790413847.296
56,01_similar_variables,get_embedding,token,,"[-8.07368040e-01 -3.77380043e-01  1.99215257e+00 -3.47622037e-01
  4.92149562e-01  1.71701109e+00 -5",0.031,1790413847.359
57,01_similar_variables,get_embedding,lines,,"[ 1.68852997e+00  2.66596586e-01  4.01999593e-01  1.95587444e+00
  9.29876342e-02 -1.54977286e+00 -3",0.031,1790413847.421
58,01_similar_variables,get_embedding,line,,"[ 1.53047788e+00 -1.22487925e-01  9.62055981e-01  8.60010684e-01
 -1.87718883e-01 -2.59030294e+00  1",0.031,1790413847.499
59,01_similar_variables,get_embedding,pattern,,"[ 9.25288975e-01 -6.09584868e-01 -2.09464049e+00  1.78539991e+00
 -7.11421192e-01 -1.15435922e+00 -8",0.031,1790413847.562
60,01_similar_variables,get_embedding,matched_lines,,"[ 2.58890390e+00  9.64760602e-01 -2.35214686e+00  1.17483735e+00
  7.24937737e-01 -2.96590161e+00  1",0.031,1790413847.624
61,01_similar_variables,get_embedding,tokens,,"[ 8.04589465e-02 -2.85570526e+00 -3.89215723e-02  1.03268647e+00
  3.20061445e-01 -8.62734020e-01 -1",0.031,1790413847.796
62,01_similar_variables,get_embedding,dist,,"[ 1.53615201e+00 -1.08901441e-01  2.14194226e+00 -3.70641440e-01
 -1.69513953e+00  5.92588127e-01 -3",0.031,1790413847.874
63,01_similar_variables,get_embedding,py_code,,"[ 5.96065462e-01 -1.03675866e+00  1.19851017e+00  1.93874741e+00
 -2.00525329e-01 -6.18516207e-01 -1",0.031,1790413847.968
64,01_similar_variables,get_embedding,parsed_py_code,,"[ 1.64295268e+00 -5.24748325e-01 -1.21510124e+00  1.73179412e+00
 -9.35230479e-02  1.38550997e+00 -3",0.031,1790413848.062
65,01_similar_variables,get_embedding,max_line_no,,"[-2.04658675e+00 -1.34135950e+00  4.01176661e-01  1.94745505e+00
  1.54128814e+00 -1.80273569e+00  1",0.047,1790413848.124
66,01_similar_variables,get_embedding,function_name_by_line,,"[-5.63831210e-01 -4.03236365e-03 -4.18562293e-01  1.39291811e+00
 -6.70471609e-01 -1.06393063e+00  9",0.031,1790413848.187
67,01_similar_variables,get_embedding,start_line_no,,"[ 0.6824702   0.8493672   2.6105616  -0.19105826  0.36297226  0.0331803
  0.38833088  1.9687841   0.",0.031,1790413848.281
68,01_similar_variables,get_embedding,end_line_no,,"[-1.6518681   0.07257325  1.5589033   0.8066557   0.5281749  -1.6132557
  0.5319819  -0.67491657 -1.",0.047,1790413848.359
69,01_similar_variables,get_embedding,py_file_path_,,"[-6.21487260e-01 -9.45142388e-01  5.37423670e-01  1.09945440e+00
 -1.04926872e+00 -1.01802254e+00  1",0.031,1790413848.484
70,01_similar_variables,get_embedding,class_name_by_line,,"[-8.21813881e-01 -1.20564651e+00 -9.58323479e-01  1.07947159e+00
 -1.07169998e+00 -5.82736075e-01  3",0.031,1790413848.734
71,01_similar_variables,get_embedding,defined_info,,"[-8.60009372e-01 -1.97227806e-01  2.14900446e+00  8.79261792e-01
 -2.07646108e+00 -1.01063228e+00 -1",0.031,1790413849.093
72,01_similar_variables,get_embedding,used_info,,"[-2.65323639e-01 -2.01543784e+00  1.56939852e+00 -8.83835778e-02
  1.27802181e+00 -4.74468619e-01 -5",0.031,1790413849.171
73,01_similar_variables,get_embedding,line_no,,"[-7.19136596e-01  1.18543398e+00  8.05099607e-01  6.15893424e-01
  1.12823701e+00 -1.81334329e+00  8",0.031,1790413849.296
74,01_similar_variables,get_embedding,func_name,,"[-1.076417   -0.47288686  0.47875303  1.1974373  -2.7112901   1.2139822
 -1.0890846   1.6216564   1.",0.031,1790413849.374
75,01_similar_variables,get_embedding,func_name_for_func_def,,"[-9.07172978e-01 -9.12228167e-01  4.88178223e-01  2.23544407e+00
 -3.72967172e+00  4.42025959e-01 -6",0.031,1790413849.468
76,01_similar_variables,get_embedding,info_key_for_func_def,,"[-2.05511284e+00 -4.43642497e-01  2.76570368e+00  2.60414743e+00
 -1.49674845e+00 -4.01293397e-01 -5",0.047,1790413849.593
77,01_similar_variables,get_embedding,import_infos,,"[ 2.1705426e-01  5.5604782e-02  1.2560316e+00  1.0174947e+00
 -3.9238047e-02 -1.3529679e+00  2.85968",0.031,1790413849.671
78,01_similar_variables,get_embedding,info,,"[-4.34993476e-01 -2.90544361e-01  2.04036927e+00  1.40880898e-01
 -8.04113209e-01 -1.98507226e+00 -1",0.031,1790413849.765
79,01_similar_variables,get_embedding,import_infos_with_type,,"[-1.43451905e+00  1.51981413e+00  2.96673387e-01  2.61757660e+00
 -5.66197336e-01 -2.50708342e-01  8",0.031,1790413849.843
80,01_similar_variables,get_embedding,name,,"[-4.10553306e-01 -7.22844601e-01 -1.72961548e-01 -3.79883647e-02
 -3.38058472e+00  1.99089098e+00 -8",0.031,1790413850.031
81,01_similar_variables,get_embedding,arg_names,,"[ 5.19986510e-01 -1.34440136e+00  3.20495903e-01  4.39850003e-01
 -2.34837914e+00  1.31539190e+00 -1",0.031,1790413850.109
82,01_similar_variables,get_embedding,arg_names_with_type,,"[-0.5558957  -0.39582163  0.30927286  0.70533943 -2.343525    1.4343566
 -0.85737187 -0.4129413  -0.",0.047,1790413850.203
83,01_similar_variables,get_embedding,arg_name,,"[ 1.14938295e+00 -7.81708837e-01  1.06989384e+00 -3.92010272e-01
 -2.14631391e+00  1.68181205e+00 -1",0.031,1790413850.296
84,01_similar_variables,get_embedding,constant_info,,"[-6.89599335e-01  2.32354671e-01  2.45017672e+00  1.15927494e+00
 -3.14595485e+00  9.51902848e-03 -1",0.031,1790413850.375
85,01_similar_variables,get_embedding,constant_with_type,,"[-8.80194724e-01  2.45575979e-01  1.92665124e+00  1.54138017e+00
 -2.25291562e+00  4.38885689e-01 -2",0.031,1790413850.665
86,01_similar_variables,get_embedding,function_bodies_info,,"[-2.90273666e+00  1.08134508e-01  1.18488908e+00  4.56134886e-01
 -9.43913341e-01 -9.27665949e-01 -3",0.047,1790413850.758
87,01_similar_variables,get_embedding,function_name,,"[-8.02622437e-01 -2.95033306e-01  6.52253687e-01  7.28674173e-01
 -2.19717169e+00  8.91892791e-01 -8",0.031,1790413851.008
88,01_similar_variables,get_embedding,function_body,,"[ 0.676202   -1.2770107  -0.43922406  1.7214463  -0.9554895  -0.50315034
 -0.4719575  -0.2168765  -0",0.031,1790413851.102
89,01_similar_variables,get_embedding,line_idx,,"[-3.98179621e-01 -5.39735854e-01  9.31397438e-01  8.30799282e-01
  4.29877609e-01 -2.16646242e+00  9",0.031,1790413851.586
90,01_similar_variables,get_embedding,lines_to_search,,"[-4.43909429e-02 -1.27006423e+00 -2.41307449e+00 -2.94182729e-02
  1.10451686e+00 -1.55034447e+00  2",0.047,1790413851.759
91,01_similar_variables,get_embedding,matched,,"[ 8.35272968e-02  1.81651056e+00  7.92565420e-02  2.55335617e+00
 -8.84927750e-01 -1.58991110e+00  1",0.032,1790413851.883
92,01_similar_variables,get_embedding,matched_text,,"[ 1.6834853  -1.3541106  -1.7319225   0.4082788  -0.25542647 -1.3224046
 -0.48752552 -0.12483463 -0.",0.028,1790413851.994
93,01_similar_variables,get_embedding,matched_groups,,"[-7.60623336e-01  2.16023493e+00 -3.18892747e-01  4.17181626e-02
 -3.21988761e-01  3.55197042e-01  8",0.047,1790413852.112
94,01_similar_variables,get_embedding,lines_to_show,,"[-7.79265523e-01 -1.59868622e+00 -1.67780614e+00 -4.49986398e-01
  9.72178042e-01 -1.34850025e+00 -6",0.031,1790413852.284
95,01_similar_variables,get_embedding,is_matched,,"[-6.43624604e-01  3.27467656e+00  9.54330444e-01  1.07877278e+00
 -1.06079020e-01 -8.30043435e-01 -5",0.031,1790413852.455
96,01_similar_variables,get_embedding,is_file_line_matched,,"[ 2.91037738e-01  4.16665554e-01 -9.42003369e-01  8.05397272e-01
  1.13384187e+00 -2.23793530e+00  1",0.036,1790413852.553
97,01_similar_variables,get_embedding,final_result_dict,,"[ 6.68086469e-01 -9.42281067e-01 -2.18997455e+00  7.93619037e-01
 -1.09054124e+00 -1.17384446e+00 -2",0.04,1790413853.042
98,01_similar_variables,get_embedding,str_pattern_1,,"[ 3.89256269e-01 -5.47469020e-01 -8.59185338e-01  1.02006650e+00
 -1.48795828e-01  8.18415761e-01  5",0.031,1790413853.158
99,01_similar_variables,get_embedding,str_pattern_2,,"[ 6.85236827e-02 -2.12279662e-01 -1.58837128e+00  7.43574202e-01
  4.06412184e-01  8.61993372e-01  3",0.032,1790413853.278
100,01_similar_variables,get_embedding,regex,,"[ 5.32796144e-01 -7.10756958e-01 -1.16200447e+00  2.02738747e-01
 -6.68885410e-01  1.02309026e-01 -7",0.031,1790413853.391
101,01_similar_variables,get_embedding,last_if_elif_line_idx,,"[-4.66931254e-01  6.98731959e-01  9.78549719e-01  1.84851146e+00
  2.41644120e+00 -2.09870386e+00  7",0.031,1790413853.708
102,01_similar_variables,get_embedding,current_if_elifs,,"[-8.23130548e-01 -3.25391471e-01 -5.66854656e-01 -1.17017531e+00
  1.62153709e+00 -1.95232868e+00 -3",0.031,1790413853.817
103,01_similar_variables,get_embedding,keyword,,"[-6.66507721e-01 -1.72723043e+00 -1.56899178e+00  6.94767177e-01
  4.10123348e-01  2.88342804e-01 -8",0.047,1790413854.29
104,01_similar_variables,get_embedding,var_name,,"[ 1.16706312e-01 -3.71294928e+00 -3.22669923e-01  8.05245996e-01
 -2.18433428e+00  8.86566043e-01 -1",0.031,1790413854.399
105,01_similar_variables,get_embedding,checks,,"[ 1.43803477e-01 -5.25021255e-01  1.46446288e+00 -3.14977080e-01
  6.83621705e-01 -6.27088606e-01 -1",0.031,1790413854.817
106,01_similar_variables,get_embedding,python_basics_result,,"[ 1.02258730e+00 -1.04462788e-01 -3.34687442e-01  1.75079212e-01
 -8.82809684e-02  2.07905665e-01 -8",0.032,1790413855.831
107,01_similar_variables,get_embedding,basic_convention_result,,"[-5.44850826e-01 -2.71549702e-01 -1.09081936e+00  1.39046407e+00
  1.79209843e-01  1.36620331e+00 -2",0.031,1790413855.957
108,01_similar_variables,get_embedding,simplification_result,,"[ 1.39417982e+00 -2.16521755e-01 -1.51906049e+00 -2.82270819e-01
 -1.80412865e+00  5.38948953e-01 -2",0.036,1790413856.084
109,01_similar_variables,get_embedding,other_pythonic_result,,"[-4.22752231e-01  2.64926553e-01 -2.36124468e+00  2.02030230e+00
 -2.22450161e+00 -6.32269025e-01 -4",0.047,1790413856.209
110,01_similar_variables,get_embedding,exceptions_result,,"[-7.71442205e-02  6.63065687e-02 -1.03770781e+00  1.04378045e+00
 -5.90870380e-01  1.22289813e+00 -4",0.05,1790413856.373
111,01_similar_variables,get_embedding,cohesiveness_and_class_result,,"[-6.66620076e-01  1.02114475e+00 -6.02142394e-01  1.25010478e+00
 -1.72415364e+00 -5.94377741e-02 -1",0.04,1790413856.517
112,01_similar_variables,get_embedding,final_result,,"[ 2.03794694e+00 -1.77807696e-02 -8.08523178e-01 -4.80258942e-01
  4.84483242e-01 -1.24407578e+00 -8",0.031,1790413856.659
113,01_similar_variables,get_embedding,file_name_format,,"[ 1.48530138e+00 -3.20025420e+00  2.28444844e-01 -3.26335460e-01
 -3.25033212e+00  8.95492017e-01  5",0.031,1790413856.878
114,01_similar_variables,get_embedding,import_info,,"[ 5.59489369e-01 -4.95084286e-01  9.05141532e-01  4.24054801e-01
  3.22491556e-01 -1.12463033e+00 -3",0.047,1790413857.21
115,01_similar_variables,get_embedding,body_1_lines,,"[ 2.57872844e+00 -8.78484607e-01 -7.19117761e-01  9.16365087e-01
  1.46919227e+00 -2.73654193e-01  4",0.031,1790413857.43
116,01_similar_variables,get_embedding,body_2_lines,,"[ 1.21355760e+00 -7.05441833e-01 -8.70225966e-01  1.33201110e+00
  1.60909402e+00 -1.19205940e+00  1",0.035,1790413857.662
117,01_similar_variables,get_embedding,seq_matcher,,"[ 1.97365034e+00 -7.63698041e-01 -1.29578531e+00  1.38870716e+00
  1.91928998e-01 -1.52095333e-01  1",0.038,1790413857.9
118,01_similar_variables,get_embedding,cond_lcs_1,,"[ 5.62637448e-01 -1.11607277e+00  1.52076662e+00  9.46772397e-01
  8.00502300e-01 -1.36588383e+00  1",0.047,1790413858.057
119,01_similar_variables,get_embedding,cond_lcs_2,,"[-6.05156183e-01  8.69276524e-01  1.35809636e+00  9.80777740e-01
  2.12962389e+00 -1.59087121e+00  1",0.036,1790413858.208
120,01_similar_variables,get_embedding,cond_lcs_3,,"[-1.97301894e-01  9.84731674e-01  1.90252161e+00  7.93815494e-01
  1.51468492e+00 -1.04269218e+00  9",0.031,1790413858.336
121,01_similar_variables,get_embedding,imported_dict,,"[ 1.14458311e+00 -1.68416202e+00 -1.03714168e+00  2.70443225e+00
  7.54864275e-01  5.90141237e-01 -7",0.032,1790413858.59
122,01_similar_variables,get_embedding,all_unused_list,,"[-2.0340292e+00 -2.3998916e-01 -2.5601482e-01 -4.6123344e-01
  9.0690172e-01 -4.6957010e-01 -9.04273",0.047,1790413859.131
123,01_similar_variables,get_embedding,defined_info_list,,"[-2.31796956e+00  6.90407157e-01  1.36044371e+00  2.95088976e-03
  8.53414387e-02 -1.63065359e-01 -1",0.031,1790413859.282
124,01_similar_variables,get_embedding,used_names,,"[ 3.3128670e-01  3.0340600e-01  1.1137640e+00  9.0488940e-01
 -2.4033794e+00  7.3414028e-01 -3.51054",0.031,1790413859.427
125,01_similar_variables,get_embedding,defined_names,,"[-1.24677467e+00 -5.91729403e-01  1.48099649e+00  1.50567245e+00
 -2.95537019e+00  3.92408259e-02  3",0.028,1790413859.568
126,01_similar_variables,get_embedding,defined_set,,"[-1.0758045   0.00487942  1.6827377   0.67130244 -0.6138526  -1.7858016
 -0.99369335 -1.4452833  -0.",0.032,1790413859.802
127,01_similar_variables,get_embedding,used_set,,"[-1.89711660e-01 -7.65176266e-02  2.60748148e+00 -1.00864494e+00
  7.26921499e-01 -1.15562904e+00 -4",0.031,1790413859.943
128,01_similar_variables,get_embedding,unused_set,,"[-8.6141753e-01 -9.9962956e-01  1.5309235e+00 -8.1426841e-01
 -2.7990770e-01 -1.2127085e+00  1.42163",0.031,1790413860.099
129,01_similar_variables,get_embedding,unused_list,,"[-0.9744494   0.60657364  0.12517636 -0.30120125  0.6009719  -0.3624252
 -0.7140441  -2.1203055  -1.",0.031,1790413860.24
130,01_similar_variables,get_embedding,text_embedding_model,,"[-5.65367043e-02  2.91983753e-01 -2.27913284e+00  1.01888263e+00
 -1.31352186e+00 -1.12862265e+00  1",0.046,1790413860.514
131,01_similar_variables,get_embedding,re_logger,,"[-1.59628582e+00 -1.47613513e+00 -4.07293707e-01  2.01016760e+00
 -3.57245624e-01  5.96265420e-02 -2",0.038,1790413860.799
132,01_similar_variables,get_embedding,re_print,,"[ 4.72393841e-01 -7.50501335e-01  2.22400713e+00 -2.97285259e-01
  1.54597014e-01 -6.20414615e-01  2",0.047,1790413860.957
133,01_similar_variables,get_embedding,py_code_lines,,"[ 5.65852365e-03 -3.50223005e-01  8.75116765e-01  2.40355849e+00
  1.09707248e+00 -1.91241097e+00  5",0.031,1790413861.329
134,01_similar_variables,get_embedding,logger_loggings,,"[ 2.61814687e-02 -8.87662113e-01 -1.60995781e+00  2.10038686e+00
 -6.74921453e-01  1.05369270e-01  8",0.031,1790413861.47
135,01_similar_variables,get_embedding,prints,,"[ 1.76789129e+00 -1.61768913e+00  1.77503109e+00  1.52054405e+00
 -1.28225529e+00 -7.84509242e-01  6",0.031,1790413861.861
136,01_similar_variables,get_embedding,print_types,,"[-2.2183785e+00 -8.8554782e-01  2.1864662e+00  2.6131866e+00
 -2.4436846e+00 -3.3397949e-01 -1.19531",0.031,1790413862.226
137,01_similar_variables,get_embedding,print_collection,,"[-1.97231805e+00 -1.48514438e+00 -1.33968174e+00  9.53804135e-01
 -5.92597961e-01 -1.51477432e+00 -5",0.047,1790413862.39
138,01_similar_variables,get_embedding,print_type,,"[-8.51646066e-01 -1.93785739e+00  2.79674482e+00  1.28414989e+00
 -2.79678726e+00  5.96460342e-01 -6",0.047,1790413862.538
139,01_similar_variables,get_embedding,defined_constant_names,,"[ 1.95100401e-02 -6.16174996e-01  2.16371679e+00  2.04042363e+00
 -3.15104270e+00  1.71698654e+00 -7",0.04,1790413863.182
140,01_similar_variables,get_embedding,repeated_long_strs,,"[ 1.90494490e+00 -5.31696439e-01 -1.83839417e+00  2.11638165e+00
  9.86216009e-01 -2.84218669e-01  5",0.049,1790413863.372
141,01_similar_variables,get_embedding,simplified_function_body_list,,"[-1.41987219e-01 -1.00994205e+00 -1.68495059e+00  1.47987044e+00
 -3.57014328e-01  3.14059168e-01 -2",0.04,1790413863.557
142,01_similar_variables,get_embedding,constant_value_info,,"[-3.32738400e-01  2.81190366e-01  2.76910448e+00  3.63453805e-01
 -2.82426858e+00  1.06352711e+00 -7",0.031,1790413864.229
143,01_similar_variables,get_embedding,defind_constants_info,,"[-2.45409894e+00 -6.14861190e-01  6.68049932e-01  1.05370402e+00
 -2.94122338e+00 -7.36655831e-01 -1",0.045,1790413864.435
144,01_similar_variables,get_embedding,func,,"[ 1.62308991e+00  1.00144279e+00  9.93758857e-01  4.81706709e-01
 -1.94204438e+00  6.73496246e-01 -1",0.031,1790413864.788
145,01_similar_variables,get_embedding,info_list,,"[-5.30901551e-01  3.74376088e-01  1.97330344e+00 -4.06261146e-01
  1.08720243e+00 -1.19437385e+00  5",0.031,1790413864.976
146,01_similar_variables,get_embedding,long_constant_value_info,,"[-2.67906815e-01 -5.86565912e-01  1.71030581e+00  1.91467851e-01
 -1.25955746e-01  5.28031051e-01 -4",0.049,1790413865.168
147,01_similar_variables,get_embedding,function_body_items,,"[ 0.03750407 -1.6317455  -1.5900853   2.0956037   0.12003635 -0.75812227
 -0.7813987  -0.9318412  -0",0.028,1790413866.969
148,01_similar_variables,get_embedding,start_line,,"[ 2.41067886e+00  4.05037493e-01  1.96714628e+00 -8.49433720e-01
 -6.66234970e-01 -6.19006634e-01 -3",0.039,1790413867.596
149,01_similar_variables,get_embedding,simplified_body,,"[ 2.15843868e+00 -6.64254963e-01 -1.98682082e+00  1.91852093e+00
 -1.45234525e+00  4.43901420e-01  2",0.04,1790413867.79
150,01_similar_variables,get_embedding,existing_simplified_body,,"[ 1.86450315e+00  8.41641963e-01 -1.67435062e+00  1.12123942e+00
 -6.50438145e-02 -6.84186935e-01  3",0.037,1790413867.988
151,01_similar_variables,get_embedding,text_embedding_logs,,"[ 8.98420691e-01 -9.50572550e-01 -3.11206269e+00  2.96085954e+00
 -5.69813073e-01 -1.54991555e+00  9",0.038,1790413868.178
152,01_similar_variables,get_embedding,all_similar_text_pairs,,"[ 1.13272345e+00  1.82792991e-01 -3.56083691e-01  1.19053578e+00
  9.60546494e-01  5.37799112e-02  6",0.028,1790413868.369
153,01_similar_variables,get_embedding,embedding_vector,,"[ 1.00918281e+00 -3.30205083e+00  3.04555148e-01  1.72607100e+00
 -1.28927553e+00 -5.56399286e-01  1",0.031,1790413869.106
154,01_similar_variables,get_embedding,cos_sim,,"[ 6.76693261e-01  2.31005335e+00  5.86070359e-01  2.13886690e+00
  2.65239298e-01  7.76796460e-01 -2",0.047,1790413869.278
155,01_similar_variables,get_embedding,all_variables_dict,,"[-1.82986391e+00 -1.23052633e+00  1.17339814e+00  1.26039100e+00
 -6.97217405e-01 -7.67184079e-01 -9",0.031,1790413869.743
156,01_similar_variables,get_embedding,variable_info,,"[-4.59030092e-01 -1.60654712e+00  2.99948716e+00  7.95886219e-01
 -2.34913182e+00 -9.96938884e-01 -9",0.047,1790413870.489
157,01_similar_variables,get_embedding,func_annot_dict,,"[-2.12364778e-01 -1.33173585e+00 -5.82978725e-01  1.42669094e+00
 -1.71016693e+00 -3.32011431e-01 -1",0.047,1790413871.816
158,01_similar_variables,get_embedding,function_defs,,"[-1.19140434e+00  2.07663894e-01  1.04891765e+00  2.14073443e+00
 -2.28253913e+00 -1.13345563e+00 -5",0.035,1790413872.731
159,01_similar_variables,get_embedding,func_args,,"[ 7.88659513e-01 -1.02107310e+00  5.47937274e-01  1.28317559e+00
 -3.12438309e-01  2.05737615e+00 -4",0.041,1790413873.282
160,01_similar_variables,get_embedding,func_arg_names,,"[ 3.46536815e-01 -1.27347541e+00 -1.72559060e-02  1.19096863e+00
 -2.85863304e+00  1.93514907e+00 -1",0.039,1790413873.693
161,01_similar_variables,get_embedding,func_annots,,"[-1.90830028e+00 -5.35319507e-01 -1.64297268e-01  1.07340181e+00
 -2.07635117e+00 -1.10629094e+00 -5",0.032,1790413873.925
162,01_similar_variables,get_embedding,annot,,"[ 2.73169223e-02 -1.36350763e+00  2.09039521e+00  1.18633664e+00
 -1.00794411e+00 -1.97311831e+00 -6",0.038,1790413874.321
163,01_similar_variables,get_embedding,existing_annot,,"[-1.00892067e+00  1.59215701e+00  1.41181076e+00  1.40926325e+00
  8.36917043e-01 -2.04926729e+00  9",0.031,1790413874.523
164,01_similar_variables,get_embedding,var_names,,"[-7.53455400e-01 -3.08391571e+00 -2.72153407e-01  1.76598477e+00
 -2.29401660e+00  7.16186225e-01 -6",0.035,1790413875.489
165,01_similar_variables,get_embedding,func_names,,"[-1.03420472e+00 -3.67437929e-01  5.77449203e-01  2.52313161e+00
 -2.76610518e+00  5.78316569e-01 -7",0.031,1790413875.848
166,01_similar_variables,get_embedding,names,,"[ 4.37380075e-01 -1.02867484e+00  3.55320573e-01  1.00233281e+00
 -3.21071434e+00  1.22625268e+00 -8",0.031,1790413876.202
167,01_similar_variables,get_embedding,name_info,,"[-6.65731311e-01 -2.87672520e-01  6.97279990e-01 -8.85717034e-01
 -3.39659953e+00  1.78500152e+00  2",0.031,1790413876.405
168,01_similar_variables,get_embedding,py_file_paths,,"[-0.5112099  -1.3100783   0.45136985  1.6916834  -1.3887932  -1.6668595
  1.226411    0.01778544 -0.",0.031,1790413877.407
169,01_similar_variables,get_embedding,py_file_names,,"[ 1.17106028e-01 -2.04189324e+00  4.84397739e-01  2.09594560e+00
 -1.77809465e+00 -6.92553937e-01  6",0.031,1790413877.604
170,01_similar_variables,get_embedding,path,,"[ 4.40501928e-01 -1.67786562e+00 -3.21158737e-01 -3.66490602e-01
 -1.60150826e+00 -1.68724048e+00 -5",0.031,1790413877.807
171,01_similar_variables,get_embedding,py_file_names_set,,"[ 1.28636599e-01 -2.12811375e+00 -1.89096674e-01  2.19280291e+00
 -1.95824516e+00 -1.27709568e+00  8",0.031,1790413878.026
172,01_similar_variables,get_embedding,return_pattern_dict,,"[-7.05248475e-01 -6.09705746e-01 -3.53202224e+00  1.86510408e+00
  3.80989969e-01 -6.27739370e-01 -2",0.031,1790413878.232
173,01_similar_variables,get_embedding,func_names_info,,"[-2.49991179e+00  5.22429168e-01  8.67307544e-01  2.57109594e+00
 -3.63027954e+00 -3.52831036e-02 -7",0.031,1790413878.941
174,01_similar_variables,get_embedding,imported_names_info,,"[-3.42305601e-02 -4.37879980e-01  5.06846845e-01  5.02719998e-01
 -8.59188139e-01  6.60243630e-01  2",0.031,1790413879.34
175,01_similar_variables,get_embedding,imported_names,,"[ 8.97366047e-01 -1.52555788e+00  2.22176518e-02  1.41745865e+00
 -5.29332459e-01  7.89699972e-01  5",0.031,1790413880.228
176,01_similar_variables,get_embedding,func_and_imported_names,,"[ 1.30959898e-01  4.50257450e-01  8.44145000e-01  3.48614645e+00
 -2.61476469e+00 -1.10545194e+00 -3",0.031,1790413880.605
177,01_similar_variables,get_embedding,func_list,,"[-1.40872002e+00  3.92849028e-01 -2.31034964e-01  1.46217632e+00
 -1.50377560e+00 -7.36519098e-02 -6",0.031,1790413880.833
178,01_similar_variables,get_embedding,match,,"[-6.96031988e-01  1.54236519e+00 -6.72122777e-01  1.93368530e+00
 -2.48362565e+00  1.78297777e-02  2",0.048,1790413882.477
179,01_similar_variables,get_embedding,third_party_imported,,"[-1.40327668e+00 -3.15634549e-01 -6.37009382e-01  1.94160378e+00
  1.40999722e+00 -1.01525858e-01  8",0.035,1790413883.826
180,01_similar_variables,get_embedding,local_imported,,"[ 2.40698647e+00  3.89534593e-01  1.61293495e+00  1.12008917e+00
  1.04101002e+00 -2.71863556e+00 -1",0.047,1790413884.085
181,01_similar_variables,get_embedding,parsed_imports,,"[ 2.0515397e+00  1.3784130e-02 -2.5098636e+00  1.6342576e+00
 -3.8427591e-01 -7.8643316e-01  1.12953",0.031,1790413884.335
182,01_similar_variables,get_embedding,lib_names_import,,"[ 3.3862874e-01 -2.2035105e+00 -1.0960493e+00  2.4163132e+00
 -2.2741141e+00 -1.1071074e-01  1.94250",0.047,1790413884.783
183,01_similar_variables,get_embedding,lib_names_import_from,,"[ 1.40342951e+00 -2.19132996e+00 -1.47811937e+00  1.94178832e+00
 -2.47485828e+00  4.34438348e-01  1",0.031,1790413885.783
184,01_similar_variables,get_embedding,imported_lib_names,,"[ 1.10730755e+00 -1.65960550e+00 -4.94952351e-01  2.42055321e+00
  5.85960597e-03 -5.71252704e-01  1",0.031,1790413886.205
185,01_similar_variables,get_embedding,text_embedding_model_single_responsibility,,"[-6.39255106e-01  2.33593121e-01 -1.46767068e+00  3.31826615e+00
 -9.76614416e-01 -4.03355330e-01 -5",0.031,1790413887.692
186,01_similar_variables,get_embedding,text_embedding_model_docstring_and_name,,"[-4.91064668e-01 -3.76689792e-01 -1.03618610e+00  2.71899199e+00
 -1.45036137e+00 -1.58639938e-01  7",0.031,1790413887.95
187,01_similar_variables,get_embedding,func_defs,,"[-5.06746709e-01  9.45381746e-02  9.57356036e-01  2.61133504e+00
 -3.01210880e+00 -4.50856835e-01 -6",0.031,1790413888.827
188,01_similar_variables,get_embedding,func_docstrings_info,,"[ 1.37235045e-01 -1.79286504e+00 -2.86665082e-01  1.75670385e+00
 -1.47498178e+00 -1.03732240e+00  9",0.031,1790413889.283
189,01_similar_variables,get_embedding,comments,,"[ 5.92412412e-01 -7.29787648e-01  1.29372191e+00  4.21937704e-01
  1.93295634e+00 -1.57507265e+00 -2",0.031,1790413891.721
190,01_similar_variables,get_embedding,current_comment,,"[ 1.17076600e+00 -8.26783299e-01  2.04176378e+00 -9.59632277e-01
  1.31592143e+00  3.93370777e-01 -3",0.047,1790413891.959
191,01_similar_variables,get_embedding,comment,,"[ 1.87713563e+00 -5.70215106e-01  2.54395032e+00  1.15958035e+00
 -2.77192324e-01 -7.70461932e-02 -1",0.047,1790413892.601
192,01_similar_variables,get_embedding,is_empty,,"[-1.09486687e+00 -1.33678749e-01  7.07987189e-01  4.52520847e-02
 -6.52890801e-01 -1.61560702e+00 -6",0.031,1790413894.65
193,01_similar_variables,get_embedding,code_path_str,,"[-2.42644519e-01 -1.41195488e+00  4.81629938e-01 -8.16804990e-02
 -1.27048361e+00  2.31499001e-01 -7",0.031,1790413899.102
194,01_similar_variables,get_embedding,required_files,,"[-2.22206384e-01 -6.20652139e-01  1.51473570e+00 -5.47189474e-01
 -1.94608748e-01 -2.46795297e+00  9",0.047,1790413899.572
195,01_similar_variables,get_embedding,required_file,,"[ 1.4430265  -0.43285593  2.550487   -0.07049719  0.18207574 -0.80602086
  0.7066536   0.4923532  -0",0.047,1790413899.838
196,01_similar_variables,get_embedding,end_line,,"[ 6.75422192e-01 -5.38779736e-01  1.29132402e+00  2.28789933e-02
 -9.03143764e-01 -1.17439151e+00 -1",0.047,1790413901.839
197,01_similar_variables,get_embedding,func_length,,"[ 5.8552396e-01  1.1512964e+00  1.0640774e+00  1.9155935e+00
 -1.3408841e+00 -5.4366809e-01 -1.82074",0.031,1790413902.339
198,01_similar_variables,get_embedding,annotations,,"[-1.02458584e+00  2.36053884e-01  1.88465941e+00  4.51919705e-01
 -1.55148256e+00 -1.99886501e+00 -8",0.031,1790413902.605
199,01_similar_variables,get_embedding,return_type,,"[-1.08490729e+00 -8.44160080e-01  6.75275326e-01  4.12446350e-01
 -3.07080889e+00 -6.26157582e-01 -2",0.031,1790413902.875
200,01_similar_variables,get_embedding,current_base_indent,,"[ 2.80247509e-01 -2.26677489e+00  5.48915327e-01 -2.06763792e+00
 -9.96766210e-01  1.60560220e-01  2",0.031,1790413904.042
201,01_similar_variables,get_embedding,current_depth,,"[-6.07354343e-01 -2.46941710e+00  3.84339720e-01 -1.50471365e+00
 -4.84353542e-01 -2.62878418e+00  1",0.031,1790413904.325
202,01_similar_variables,get_embedding,current_indent,,"[ 1.56885767e+00 -2.30876422e+00  5.33089042e-01 -2.00906181e+00
 -9.73166943e-01 -2.57456392e-01  4",0.031,1790413905.28
203,01_similar_variables,get_embedding,definition_lines,,"[ 1.75875854e+00 -1.17630410e+00 -9.91457820e-01  1.22238636e-01
 -2.44172007e-01 -2.00062537e+00  7",0.047,1790413907.861
204,01_similar_variables,get_embedding,value_definition_lines,,"[ 7.98725903e-01 -2.38610196e+00  1.33516824e+00  7.11702883e-01
 -2.31858587e+00 -1.04249991e-01 -9",0.047,1790413908.142
205,01_similar_variables,get_embedding,def_line,,"[ 9.26808536e-01 -1.59761214e+00 -2.93509424e-01  2.57476360e-01
 -1.03646255e+00 -5.38783908e-01 -2",0.031,1790413908.418
206,01_similar_variables,get_embedding,val_line,,"[ 1.85716248e+00 -8.44802976e-01  5.94784737e-01  1.54953361e-01
 -1.41740537e+00 -6.37551546e-01 -1",0.031,1790413908.715
207,01_similar_variables,get_embedding,val_line_no,,"[-5.50955594e-01  7.71765530e-01 -1.15880497e-01  4.78414223e-02
 -3.49384487e-01 -9.98872459e-01  1",0.032,1790413908.987
208,01_similar_variables,get_embedding,def_line_no,,"[-6.0310703e-02  3.1232175e-01  5.4770100e-01  7.6701587e-01
 -6.2668812e-01 -3.7010172e-01  7.75842",0.031,1790413909.284
209,01_similar_variables,get_embedding,val_line_,,"[ 1.65976489e+00 -3.09069216e-01  9.04577792e-01  1.97626844e-01
 -1.50553811e+00 -1.44188488e+00  2",0.047,1790413909.559
210,01_similar_variables,get_embedding,def_line_,,"[ 4.62155342e-01 -1.28830469e+00 -2.69278020e-01  5.11638761e-01
 -1.04543436e+00 -5.51293433e-01  4",0.031,1790413909.84
211,01_similar_variables,get_embedding,idx_matched,,"[-2.40470737e-01  1.00143754e+00  5.91056943e-01  2.02484322e+00
  2.53421720e-02 -8.77795517e-01  1",0.032,1790413910.372
212,01_similar_variables,get_embedding,name_matched,,"[ 0.17432424  1.3072336  -0.03751074  0.9987911  -2.5002484   1.706686
 -0.45698166  0.83997536 -0.1",0.031,1790413910.654
213,01_similar_variables,get_embedding,regex_for_in_range,,"[-1.17258739e+00  7.49687612e-01 -9.37318146e-01 -2.10063338e-01
  6.06357455e-01  7.77703375e-02 -1",0.031,1790413910.94
214,01_similar_variables,get_embedding,value_assign,,"[ 1.1465454  -2.0487494   1.5032192  -0.06675283 -3.9283638   1.0714715
 -0.79559624 -1.0738752   0.",0.031,1790413911.221
215,01_similar_variables,get_embedding,text_embedding_model_bindable,,"[-8.54407728e-01  5.76185048e-01 -1.29307604e+00  2.75638199e+00
 -1.11149955e+00 -2.64066249e-01  6",0.047,1790413911.753
216,01_similar_variables,get_embedding,text_embedding_model_dynamic,,"[-1.00840569e+00  9.92802978e-01 -1.69078004e+00  2.30294466e+00
 -1.83339119e+00 -1.56681776e+00  8",0.031,1790413912.034
217,01_similar_variables,get_embedding,arg_name_list,,"[-2.12174490e-01 -4.86206263e-01 -1.46207601e-01  3.40802848e-01
 -1.02666438e+00  2.16426373e+00 -1",0.047,1790413914.308
218,01_similar_variables,get_embedding,stored_name_dict,,"[-1.77082276e+00 -1.73576069e+00 -9.47765172e-01  1.34827769e+00
 -1.76135373e+00  1.09957540e+00 -3",0.031,1790413914.597
219,01_similar_variables,get_embedding,stored_names,,"[-1.26218808e+00 -2.39000893e+00 -9.25995350e-01  1.08048105e+00
 -1.52361679e+00  4.36793417e-01 -3",0.031,1790413915.401
220,01_similar_variables,get_embedding,class_name,,"[-9.22427297e-01 -9.19751823e-01  7.73930997e-02  8.82910430e-01
 -2.85022736e+00  9.30858612e-01 -1",0.031,1790413916.684
221,01_similar_variables,get_embedding,stored_arg_name_dict,,"[-1.6893927  -1.6486461  -0.90715253  1.2378504  -1.0476766   2.205706
 -0.9078455  -0.60728025  0.6",0.031,1790413916.997
222,01_similar_variables,get_embedding,def_end_line,,"[ 9.56394076e-01 -9.26704884e-01 -5.14535129e-01  1.52648377e+00
 -2.52582252e-01 -1.22903657e+00 -7",0.031,1790413919.078
223,01_similar_variables,get_embedding,store_cases,,"[ 1.94413662e-01 -1.29614520e+00 -8.18221867e-01  1.62572289e+00
 -9.32311356e-01 -5.09894550e-01 -5",0.031,1790413920.423
224,01_similar_variables,get_embedding,store_cases_bad,,"[-1.76253760e+00  1.49056464e-01 -2.34109566e-01  1.27858651e+00
 -6.96828723e-01  1.42046893e+00  2",0.031,1790413921.002
225,01_similar_variables,get_embedding,function_args,,"[ 6.74451947e-01 -9.14940238e-01  1.60484433e+00  1.60451543e+00
  9.01741534e-02  1.16684711e+00 -2",0.031,1790413922.878
226,01_similar_variables,get_embedding,function_args_bad,,"[-3.30099761e-01 -1.00263345e+00  1.76070571e+00  1.48607409e+00
 -4.53067943e-02  1.86080039e+00  5",0.031,1790413923.457
227,01_similar_variables,get_embedding,function_and_args,,"[ 1.63373187e-01  1.29090214e+00  8.73828232e-01  3.17935824e+00
 -7.34198868e-01  2.41953135e-01 -7",0.078,1790413927.291
228,01_similar_variables,get_embedding,function_and_args_,,"[-1.04815698e+00  1.91932082e+00  1.03187203e+00  2.85998654e+00
 -4.63626266e-01 -1.72049925e-01  4",0.078,1790413927.92
229,01_similar_variables,get_embedding,items,,"[-1.19509351e+00 -2.03914571e+00 -2.04256463e+00  1.51133156e+00
  5.30215919e-01 -4.50282663e-01 -1",0.062,1790413928.562
230,01_similar_variables,get_embedding,duplicate_count_except_first,,"[-1.36777610e-01  2.34150934e+00  6.23896420e-01  1.17399526e+00
  1.03861928e+00 -8.63205791e-01 -4",0.062,1790413928.907
231,01_similar_variables,get_embedding,arg_name_discovered,,"[ 3.08787704e-01  2.02297896e-01 -5.61674237e-01 -7.41307735e-01
 -9.28266287e-01  1.84186101e+00 -5",0.094,1790413929.282
232,01_similar_variables,get_embedding,items_,,"[-8.83042812e-01 -1.58782876e+00 -9.19265568e-01  7.98138797e-01
  5.00952125e-01  1.34117246e-01 -8",0.078,1790413929.657
233,01_similar_variables,get_embedding,arg_name_set,,"[ 5.53844035e-01 -1.31939638e+00  9.34820235e-01  3.36905718e-01
 -2.71800661e+00  1.92333090e+00 -1",0.078,1790413930.283
234,01_similar_variables,get_embedding,intersection_size,,"[ 3.72936726e-01  1.05143249e-01  2.10186467e-01  1.41986513e+00
  1.14287651e+00 -1.61389971e+00  1",0.062,1790413930.643
235,01_similar_variables,get_embedding,text,,"[ 1.73994732e+00 -3.47020698e+00 -7.86816895e-01  7.65267611e-02
 -1.76352441e+00  2.38320276e-01 -2",0.062,1790413931.829
236,01_similar_variables,get_embedding,func_count,,"[-9.18241322e-01  2.51275301e+00  1.71981013e+00  2.05527353e+00
 -1.55571985e+00  2.82265514e-01 -6",0.078,1790413933.908
237,01_similar_variables,get_embedding,func_sim_matrix,,"[ 3.45360160e+00 -2.64178347e-02  2.32496724e-01  1.39665985e+00
 -3.83582041e-02  1.20256102e+00  2",0.078,1790413934.283
238,01_similar_variables,get_embedding,embeddings_0,,"[ 2.9843748e-03 -9.5265783e-02  1.3469185e+00  1.1543258e+00
 -3.2443950e-01 -1.8480434e+00  7.18807",0.063,1790413934.659
239,01_similar_variables,get_embedding,embeddings_1,,"[ 7.87500203e-01  1.78243160e-01  7.54758179e-01  2.49534893e+00
 -1.24589950e-01 -7.71547496e-01  9",0.078,1790413935.019
240,01_similar_variables,get_embedding,idx_0,,"[-6.41506791e-01 -1.09188989e-01  3.73246527e+00  3.17879140e-01
 -7.98354328e-01 -1.24508357e+00  1",0.062,1790413936.322
241,01_similar_variables,get_embedding,emb_0,,"[ 1.25810325e+00  6.68835878e-01  1.80130553e+00  1.86434019e+00
 -8.80923867e-01 -1.55414701e+00  1",0.078,1790413936.739
242,01_similar_variables,get_embedding,idx_1,,"[-6.69136643e-01 -1.72034651e-01  4.11991024e+00  1.14236593e+00
 -1.36682057e+00 -2.96168298e-01  1",0.034,1790413937.088
243,01_similar_variables,get_embedding,emb_1,,"[ 1.16575933e+00  7.28191257e-01  1.46884668e+00  2.84627604e+00
 -5.15232742e-01 -7.80032635e-01  7",0.047,1790413937.432
244,01_similar_variables,get_embedding,func_name_item,,"[-2.72049451e+00 -1.89934623e+00 -6.32314563e-01  5.24262309e-01
 -2.92050409e+00  3.98928970e-01 -1",0.031,1790413938.354
245,01_similar_variables,get_embedding,first_similar_idx,,"[ 1.59450662e+00  8.99876058e-01  8.84331167e-01  1.03223693e+00
  2.99998354e-02 -1.14611256e+00  1",0.047,1790413938.698
246,01_similar_variables,get_embedding,func_reorder_needed,,"[ 1.36231577e+00 -1.02914381e+00  1.93747473e+00 -2.18567252e-03
 -7.77355433e-01  2.71325916e-01 -2",0.031,1790413939.026
247,01_similar_variables,get_embedding,default_code_checker,,"[-3.19452107e-01 -2.07839680e+00  9.85038936e-01 -4.15788740e-01
 -3.67100447e-01  2.19303817e-02 -1",0.031,1790413940.823
248,01_similar_variables,get_embedding,unused_variable,,"[-2.41301298e-01 -1.46768475e+00  2.16484022e+00  1.69452831e-01
 -1.06375897e+00 -7.60325730e-01 -7",0.047,1790413941.167
249,01_similar_variables,get_embedding,TEST_DUPLICATED,,"[ 1.13539338e+00 -6.34053886e-01  1.58729362e+00  7.52151728e-01
  6.58032537e-01 -4.90891278e-01 -1",0.031,1790413941.511
250,01_similar_variables,get_embedding,IMPORT_NUM,,"[ 8.66499126e-01 -1.15391850e-01  3.78516006e+00  1.26957619e+00
 -1.35821688e+00  8.41996193e-01  4",0.031,1790413941.854
251,01_similar_variables,get_embedding,logger,,"[-1.78658068e+00 -2.50800457e-02 -1.39404428e+00  2.97547174e+00
 -9.51667011e-01 -3.78550291e-01 -5",0.031,1790413942.198
252,01_similar_variables,get_embedding,nparray,,"[-4.74334568e-01 -1.70637834e+00  6.34058595e-01  4.26192909e-01
 -1.21838975e+00 -2.00801086e+00 -1",0.031,1790413942.526
253,01_similar_variables,get_embedding,nparray2,,"[-1.16232894e-01 -5.36854088e-01  1.36657667e+00  7.88533986e-01
  1.79035708e-01 -1.07692313e+00 -1",0.047,1790413942.87
254,01_similar_variables,get_embedding,default_version,,"[ 1.6322308   0.7320366   2.35556    -0.36434507  0.05724975  0.65816164
 -0.04657894  0.7151963  -1",0.047,1790413943.214
255,01_similar_variables,get_embedding,next_level,,"[-2.03713441e+00 -2.35273354e-02  9.54660058e-01  2.20373675e-01
 -1.39974344e+00 -2.74766421e+00  7",0.031,1790413943.557
256,01_similar_variables,get_embedding,python_code_no,,"[-2.52285063e-01  7.59769857e-01  3.37847900e+00  1.10437596e+00
  1.13801122e+00 -5.51458955e-01  6",0.031,1790413943.901
257,01_similar_variables,get_embedding,python_code_num,,"[-1.09096658e+00  1.03599751e+00  3.03386950e+00  2.30824351e+00
  4.68058251e-02 -1.93310216e-01 -4",0.031,1790413944.245
258,01_similar_variables,get_embedding,test,,"[-3.04707494e-02 -4.65256095e-01  7.60328472e-01 -6.16441011e-01
 -9.83707190e-01 -4.58384544e-01 -1",0.031,1790413944.589
259,01_similar_variables,get_embedding,imported_value,,"[ 1.3329022  -0.57897455  0.61359787  1.3447218  -0.03147256  1.2420933
 -0.51457334  0.5044208   1.",0.031,1790413944.932
260,01_similar_variables,get_embedding,imported_but_unused_value,,"[ 1.00237608e+00 -1.39574420e+00  1.91981435e+00  1.59810877e+00
 -1.00365257e+00 -3.45644988e-02 -7",0.031,1790413945.276
261,01_similar_variables,get_embedding,common_value,,"[ 1.3152281   0.84303     1.6786703   0.24548826 -2.270651    0.3182203
 -1.206947   -0.26773626  0.",0.031,1790413945.62
262,01_similar_variables,get_embedding,TEST_STR,,"[ 1.98288226e+00 -1.49889159e+00 -5.95318973e-01  4.69643116e-01
 -1.51979792e+00  1.52728581e+00 -2",0.031,1790413946.557
263,01_similar_variables,get_embedding,test_dict_test_dict,,"[-1.4150888  -0.22623783 -0.3337042   1.4940112  -2.0900688  -1.1775883
 -0.9324224  -1.659886   -0.",0.031,1790413947.213
264,01_similar_variables,get_embedding,new_arr,,"[ 1.3044933  -0.9218442   0.34876627  0.5400897  -0.55876565 -0.9504749
  0.9985631  -1.0828886  -0.",0.031,1790413947.87
265,01_similar_variables,get_embedding,primes,,"[ 6.58688307e-01  1.33393019e-01  1.26285195e+00  6.79978848e-01
 -1.42458558e-01  6.16961420e-01 -4",0.031,1790413951.292
266,01_similar_variables,get_embedding,test_abc,,"[-7.69455850e-01  6.27462268e-02  9.81545746e-01  2.37483978e-01
 -1.60550463e+00 -9.25716519e-01 -1",0.031,1790413951.948
267,01_similar_variables,get_embedding,test_def,,"[-1.14123285e+00 -2.27496952e-01  1.37785113e+00  4.86183316e-01
 -2.02782965e+00 -4.60534006e-01 -8",0.031,1790413952.323
268,01_similar_variables,get_embedding,non_path,,"[-2.53298235e+00 -1.05662420e-01  8.09138119e-01  1.55482277e-01
 -2.47572803e+00 -2.38076091e+00 -7",0.031,1790413952.995
269,01_similar_variables,get_embedding,data,,"[ 2.09992480e+00 -1.12046134e+00 -3.66345674e-01  7.30231762e-01
  3.37049246e-01 -3.34049076e-01 -1",0.031,1790413953.354
270,01_similar_variables,get_embedding,groups,,"[-1.03399861e+00 -1.33350611e+00 -7.48966932e-01  6.87022865e-01
 -1.29013824e+00  9.59039688e-01 -1",0.031,1790413953.713
271,01_similar_variables,get_embedding,category,,"[ 5.93465865e-01 -5.22673666e-01 -1.05559874e+00  9.35804307e-01
 -8.41287851e-01  4.85922217e-01 -1",0.031,1790413954.073
272,01_similar_variables,get_embedding,words,,"[ 1.91975486e+00 -1.87188971e+00 -4.67641681e-01  5.70638239e-01
 -1.05163491e+00  1.47797108e-01 -6",0.047,1790413954.745
273,01_similar_variables,get_embedding,counts,,"[ 1.26357281e+00  1.37616324e+00  2.12961268e+00  1.29103756e+00
 -1.09382653e+00  2.35183060e-01 -9",0.031,1790413955.104
274,01_similar_variables,get_embedding,word,,"[ 2.27326298e+00 -2.13521004e+00 -2.71415621e-01 -1.22663403e+00
 -1.65323353e+00  1.58097899e+00 -7",0.031,1790413955.479
275,01_similar_variables,get_embedding,test_dict,,"[-9.23288465e-01 -9.27014053e-01  2.33699277e-01  8.16981673e-01
 -2.22867632e+00 -1.53605175e+00 -1",0.031,1790413955.838
276,01_similar_variables,get_embedding,numbers,,"[ 3.37945461e-01  4.49932247e-01  2.79372501e+00  2.03596711e+00
 -1.77117670e+00  9.82439578e-01 -4",0.031,1790413956.198
277,01_similar_variables,get_embedding,has_negative,,"[-1.72956312e+00 -7.34018564e-01  2.50193357e-01 -5.35648704e-01
 -1.27587944e-01 -6.16153121e-01  2",0.031,1790413956.557
278,01_similar_variables,get_embedding,scores,,"[ 2.71951985e+00 -3.04016382e-01 -1.67864132e+00 -1.03570807e+00
 -3.99490684e-01  2.47196603e+00 -3",0.031,1790413957.573
279,01_similar_variables,get_embedding,keys,,"[-1.4072696e+00 -1.0019176e+00  2.1516158e-01  1.1681637e+00
 -8.2519513e-01 -2.6315629e-02  1.25902",0.031,1790413957.932
280,01_similar_variables,get_embedding,values,,"[-1.44581243e-01 -2.32334423e+00 -5.56099229e-02  4.38901573e-01
 -9.05599356e-01  1.05635917e+00 -2",0.031,1790413958.307
281,01_similar_variables,get_embedding,user_info,,"[-7.37514272e-02  9.11385834e-01  2.55147314e+00  9.00119305e-01
  2.82740176e-01 -8.95017505e-01 -1",0.031,1790413958.667
282,01_similar_variables,get_embedding,k_list,,"[-7.17262864e-01  1.62923014e+00  8.65174651e-01  1.76144218e+00
  1.62830412e+00 -5.44654906e-01 -7",0.047,1790413959.041
283,01_similar_variables,get_embedding,v_list,,"[ 1.20752431e-01 -2.79909849e-01  9.18953419e-02  1.80610269e-01
  3.07462662e-01 -1.30189157e+00  1",0.031,1790413959.416
284,01_similar_variables,get_embedding,target,,"[-3.0108101e+00 -1.4015805e+00  4.5318815e-01 -1.3225275e+00
 -1.3431240e+00  2.9037091e-01 -1.46078",0.031,1790413959.776
285,01_similar_variables,get_embedding,itertool1,,"[-8.53874255e-03 -1.76273096e+00  1.17924893e+00  8.00849378e-01
 -1.60515279e-01  2.78525800e-01  7",0.031,1790413960.151
286,01_similar_variables,get_embedding,itertool2,,"[-1.13163245e+00 -1.30208862e+00  2.00182319e+00  5.50327599e-01
  2.35350922e-01  1.09338373e-01 -5",0.047,1790413960.526
287,01_similar_variables,get_embedding,content1,,"[ 1.24394894e+00 -5.50180674e-01  1.53338432e-01  1.11188674e+00
  2.96797752e-01 -4.26882029e-01 -4",0.031,1790413960.901
288,01_similar_variables,get_embedding,content2,,"[ 1.06728935e+00 -4.42183495e-01 -1.03225327e+00  4.50567961e-01
  1.25700057e+00 -8.49110484e-01 -5",0.031,1790413961.26
289,01_similar_variables,get_embedding,sentence,,"[ 5.15156412e+00 -2.08362699e+00 -2.68089771e-02  3.90666157e-01
 -4.14037198e-01  9.26061392e-01 -1",0.031,1790413961.635
290,01_similar_variables,get_embedding,dddd,,"[  0.3700727    1.023103     1.7972219    0.7231126   -1.743381
   1.0389898    0.44354945  -0.48837",0.031,1790413962.01
291,01_similar_variables,get_embedding,eeee,,"[ 1.34411085e+00 -6.12294853e-01 -6.48048878e-01  4.30235296e-01
 -1.37911069e+00  6.70092523e-01 -5",0.031,1790413962.385
292,01_similar_variables,get_embedding,fruits,,"[ 5.33962429e-01  1.32691860e-01  4.73510981e-01 -1.11704850e+00
 -7.88363874e-01  9.99382973e-01 -2",0.047,1790413962.76
293,01_similar_variables,get_embedding,new_fruits,,"[ 4.23277915e-01 -2.13111326e-01  8.14949155e-01 -5.08776784e-01
 -5.95151901e-01  8.89167264e-02 -9",0.031,1790413963.135
294,01_similar_variables,get_embedding,fruit,,"[ 1.01385331e+00  4.75415379e-01  1.23018277e+00 -1.01155710e+00
 -9.65486348e-01  7.92080641e-01 -2",0.031,1790413963.495
295,01_similar_variables,get_embedding,apple_count,,"[ 2.65649647e-01  3.81434083e-01  1.50809252e+00 -9.93931770e-01
  9.61176693e-01 -7.46000707e-01 -1",0.031,1790413963.869
296,01_similar_variables,get_embedding,perfect_scores,,"[ 2.54957914e+00 -5.19242212e-02 -1.04032159e+00 -3.86448145e-01
 -1.10328460e+00  1.24936128e+00 -2",0.031,1790413965.23
297,01_similar_variables,get_embedding,score,,"[ 3.54394245e+00  6.45916700e-01 -1.01495552e+00 -1.37161410e+00
 -4.50441122e-01  2.75112128e+00 -2",0.031,1790413965.605
298,01_similar_variables,get_embedding,users,,"[-1.1855478e+00  1.9690974e-01  1.8575095e+00  2.3036807e+00
 -5.4094857e-01  1.0693265e-01 -1.49342",0.031,1790413965.995
299,01_similar_variables,get_embedding,admin_count,,"[-9.86149013e-01  8.40080142e-01  1.58673680e+00  1.28436685e+00
 -1.16704606e-01  5.40598743e-02 -3",0.031,1790413966.417
300,01_similar_variables,get_embedding,found_index,,"[-2.1125739   2.4723248   0.07642146  0.8721901  -0.01332752  0.6627332
  1.9411236   0.16872568  1.",0.031,1790413967.464
301,01_similar_variables,get_embedding,strs,,"[ 2.12422276e+00 -2.13986301e+00 -1.05223107e+00  1.69605327e+00
 -2.07178259e+00  1.14965773e+00 -5",0.047,1790413970.355
302,01_similar_variables,get_embedding,active_users,,"[ 4.68109220e-01  1.26024127e+00  1.24115980e+00 -3.15063626e-01
  1.42108798e+00  4.91201580e-01 -9",0.062,1790413975.901
303,01_similar_variables,get_embedding,user,,"[-1.12943947e+00 -5.30614972e-01  2.02579045e+00  2.01270199e+00
 -1.30544031e+00 -5.47272682e-01 -1",0.062,1790413976.339
304,01_similar_variables,get_embedding,my_list,,"[ 9.78583097e-02  1.17529869e+00  1.97211957e+00  7.98590422e-01
  1.30464244e+00 -1.13796878e+00  8",0.078,1790413976.761
305,01_similar_variables,get_embedding,first,,"[ 1.14440620e+00 -8.71658862e-01  1.94265735e+00 -5.25687993e-01
 -1.24900186e+00 -1.35367191e+00  8",0.078,1790413977.557
306,01_similar_variables,get_embedding,rest,,"[ 4.96019870e-01  7.48495758e-01 -2.20292389e-01  9.71017063e-01
 -2.56233901e-01 -1.37444770e+00 -1",0.047,1790413977.948
307,01_similar_variables,get_embedding,position,,"[ 1.23692669e-01 -1.50200331e+00  1.61424530e+00 -1.81373155e+00
 -1.14299941e+00 -1.08285844e+00  9",0.031,1790413978.698
308,01_similar_variables,get_embedding,rgb_color,,"[ 1.59280133e+00 -8.77869427e-01  7.72470474e-01  1.26490402e+00
 -1.44257450e+00  4.19630337e+00 -2",0.047,1790413979.089
309,01_similar_variables,get_embedding,file,,"[ 2.83317399e+00 -1.06860673e+00  2.46120408e-01  5.09101689e-01
 -3.93975735e-01 -1.69209611e+00  7",0.031,1790413979.48
310,01_similar_variables,get_embedding,open_test,,"[-1.4681561   0.18987717  1.5814059  -0.20404239 -0.44133273 -1.1879575
  0.844882   -1.8022476  -1.",0.031,1790413979.87
311,01_similar_variables,get_embedding,test_array,,"[ 9.62252021e-01 -3.09502453e-01  1.20282960e+00 -7.60081559e-02
 -1.50468671e+00 -5.79781175e-01 -7",0.047,1790413980.277
312,01_similar_variables,get_embedding,key_name,,"[ 9.26264644e-01  3.84638697e-01  1.43508184e+00  2.01759338e+00
 -1.64623582e+00  1.51410651e+00 -4",0.031,1790413980.667
313,01_similar_variables,get_embedding,numeric,,"[ 2.43568063e-01 -9.98964548e-01  2.37695336e+00  1.21652198e+00
 -1.90623760e+00  1.94774830e+00 -4",0.031,1790413981.074
314,01_similar_variables,get_embedding,word_counts,,"[ 1.9141258  -0.10064133  0.48901996  1.8309809  -0.10320333  0.6735063
 -0.4107149  -1.4731394   0.",0.031,1790413981.824
315,01_similar_variables,get_embedding,matrix,,"[ 2.54109621e+00 -2.64424872e+00  1.08029413e+00  7.43276298e-01
 -5.32984734e-02  4.69193250e-01 -1",0.031,1790413983.293
316,01_similar_variables,get_embedding,flattened,,"[ 5.11321425e-01 -1.91573274e+00 -6.14174724e-01 -3.03705484e-01
 -5.17863870e-01 -1.47697687e+00  6",0.031,1790413983.683
317,01_similar_variables,get_embedding,my_tuple,,"[ 1.45304954e+00 -1.94923854e+00  1.18847406e+00  2.74748492e+00
 -5.56703925e-01 -8.04345727e-01 -6",0.031,1790413984.808
318,01_similar_variables,get_embedding,my_set,,"[ 1.52938753e-01 -5.06703496e-01  2.41202092e+00  9.36999321e-01
 -6.77034378e-01 -3.26555943e+00  3",0.031,1790413985.214
319,01_similar_variables,get_embedding,combined,,"[ 1.01408970e+00  7.37169385e-01 -1.28163862e+00  1.65915772e-01
  5.11453629e-01 -7.83837855e-01  3",0.031,1790413985.605
320,01_similar_variables,get_embedding,dict_a,,"[-3.58021975e-01 -1.44505727e+00  1.41831112e+00  2.60286975e+00
 -1.43368125e+00 -1.19637227e+00 -3",0.031,1790413986.371
321,01_similar_variables,get_embedding,dict_b,,"[-1.0449412e+00 -1.1445568e+00  7.5675094e-01  2.6781769e+00
 -8.2024670e-01 -1.8016638e+00 -2.25781",0.031,1790413986.777
322,01_similar_variables,get_embedding,all_values,,"[-1.15197253e+00 -1.36453712e+00  6.05667770e-01 -1.21081567e+00
 -1.35489619e+00 -1.37398362e+00 -1",0.031,1790413987.183
323,01_similar_variables,get_embedding,all_values_,,"[-1.39386702e+00 -1.35333264e+00  1.02395630e+00 -1.53779280e+00
 -1.17545795e+00 -3.10439616e-01 -9",0.031,1790413987.589
324,01_similar_variables,get_embedding,target_dir,,"[-2.45170212e+00 -1.81817937e+00  2.95241982e-01 -5.46648860e-01
 -5.25996387e-01 -8.42638195e-01  6",0.031,1790413987.995
325,01_similar_variables,get_embedding,txt_files,,"[-2.24616677e-01 -4.76313978e-01  9.24312770e-01  4.63904291e-01
  2.89673328e-01 -2.22342348e+00  7",0.047,1790413988.402
326,01_similar_variables,get_embedding,filename,,"[ 1.94492722e+00 -2.44047713e+00 -5.52376568e-01  9.55442265e-02
 -1.43866682e+00 -3.81785721e-01 -2",0.047,1790413988.808
327,01_similar_variables,get_embedding,full_path,,"[-3.73220026e-01 -1.01026320e+00 -3.01363170e-01 -8.16841900e-01
 -2.45537370e-01 -2.33233786e+00  1",0.047,1790413989.214
328,01_similar_variables,get_embedding,setting_key,,"[ 2.48586126e-02 -7.88697541e-01  5.37542403e-01  2.28524637e+00
 -2.02702075e-01  1.47476220e+00  1",0.031,1790413989.98
329,01_similar_variables,get_embedding,value,,"[ 0.71107435 -1.8701876   0.7555488  -0.28872058 -3.160867    1.517814
 -2.1955545  -0.8183957   0.0",0.031,1790413990.402
330,01_similar_variables,get_embedding,bad_compile,,"[ 1.77165258e+00  1.47856683e-01  3.82573515e-01  7.75220275e-01
  1.12814116e+00  5.23407459e-01  7",0.031,1790413993.011
331,01_similar_variables,get_embedding,bad_match,,"[-1.81269720e-01  2.02829552e+00  1.36909470e-01  9.40731049e-01
 -9.87802982e-01  9.80569005e-01  5",0.031,1790413993.433
332,01_similar_variables,get_embedding,bad_search,,"[-1.20596623e+00  1.14315343e+00 -1.34404874e+00  4.16561604e-01
 -2.33196944e-01  1.22160661e+00  4",0.031,1790413993.839
333,01_similar_variables,get_embedding,bad_fullmatch,,"[-6.95034489e-02  7.84349978e-01 -2.47360826e-01  6.55778468e-01
 -6.45561397e-01  3.19089830e-01  8",0.047,1790413994.261
334,01_similar_variables,get_embedding,bad_findall,,"[-1.6240333   1.0344495  -0.89500093  0.2574995  -0.5776631  -0.9592969
  0.5863265   0.7757709  -1.",0.031,1790413994.667
335,01_similar_variables,get_embedding,bad_finditer,,"[-1.31452620e+00 -8.26496303e-01  4.77998108e-01  2.42907882e-01
  1.25841498e-01  3.00423000e-02  8",0.031,1790413995.089
336,01_similar_variables,get_embedding,bad_split,,"[ 1.79312968e+00  1.92618042e-01 -6.94894612e-01  1.67651522e+00
 -6.19219124e-01  1.17511749e+00  1",0.031,1790413995.511
337,01_similar_variables,get_embedding,bad_sub,,"[-7.70476937e-01  6.56906903e-01  7.85363793e-01  1.00138354e+00
 -4.27101374e-01  6.67627931e-01 -3",0.031,1790413995.933
338,01_similar_variables,get_embedding,function,,"[ 6.48424506e-01  3.89662355e-01  4.19658780e-01  7.43015707e-01
 -2.13679862e+00 -1.22839995e-01 -8",0.031,1790413996.339
339,01_similar_variables,get_embedding,distance,,"[ 1.20979011e+00 -2.12773338e-01  2.00393014e-02  9.54638496e-02
 -2.47732329e+00 -7.36442029e-01  2",0.031,1790413996.761
340,01_similar_variables,get_embedding,function_result,,"[ 3.64783168e-01 -7.25742817e-01 -3.91537040e-01  4.00192589e-01
 -1.08694625e+00  9.90970433e-01 -1",0.031,1790413997.183
341,01_similar_variables,get_embedding,test_str,,"[ 1.21137261e+00 -2.10786134e-01  3.96666050e-01 -6.55794621e-01
 -1.00652349e+00  9.77598011e-01 -7",0.031,1790413997.59
342,01_similar_variables,get_embedding,dict,,"[ 3.27332258e-01 -2.32134962e+00  1.74815699e-01  2.95163274e+00
 -1.98204005e+00 -6.88496768e-01 -2",0.031,1790413998.387
343,01_similar_variables,get_embedding,balance,,"[ 3.18881965e+00 -1.58282459e+00 -6.91041887e-01 -7.39573538e-02
 -1.51559222e+00 -1.28467369e+00 -1",0.031,1790413998.809
344,01_similar_variables,get_embedding,db_response,,"[ 1.13505840e+00  2.93894500e-01 -2.23450208e+00  3.87029409e-01
  4.78948057e-01 -2.89825201e-01 -1",0.031,1790413999.231
345,01_similar_variables,get_embedding,item_name,,"[-1.21843624e+00 -2.53934717e+00 -2.70058930e-01 -1.39071107e+00
 -1.45163691e+00  2.81061083e-01 -1",0.031,1790414000.043
346,01_similar_variables,get_embedding,price,,"[ 2.24191751e-02 -5.67037046e-01  2.34349871e+00  5.42102575e-01
 -4.30844927e+00  1.24188566e+00 -2",0.031,1790414000.465
347,01_similar_variables,get_embedding,quantity,,"[ 7.97351062e-01 -9.56511676e-01  1.14060640e+00  1.76895869e+00
 -6.17474735e-01  1.36188269e+00  3",0.031,1790414000.887
348,01_similar_variables,get_embedding,address,,"[-2.7314833e-01 -5.0041193e-01  2.2955768e+00 -2.2442870e-01
 -1.7671465e+00 -8.1438231e-01 -5.74631",0.031,1790414001.309
349,01_similar_variables,get_embedding,my_pc,,"[ 1.76894143e-01  3.20604086e-01  4.70247078e+00  8.69308829e-01
  2.05470467e+00  2.11892605e+00 -1",0.031,1790414001.731
350,01_similar_variables,get_embedding,phone,,"[ 5.68746626e-01  1.16999662e+00  4.71377760e-01 -9.80780542e-01
 -1.99230480e+00  2.65457368e+00 -4",0.031,1790414002.153
351,01_similar_variables,get_embedding,base_price,,"[ 1.71971470e-01  6.36069328e-02  1.10532224e+00  6.05291367e-01
 -3.63504720e+00  1.89222074e+00 -1",0.031,1790414002.965
352,01_similar_variables,get_embedding,shipping_fee,,"[ 8.73762786e-01 -1.00848414e-01  1.74636173e+00  8.96750629e-01
 -2.33961654e+00  1.33576357e+00  8",0.047,1790414003.387
353,01_similar_variables,get_embedding,total,,"[ 1.21557975e+00  3.04538161e-01  7.29826927e-01  2.38449037e-01
 -2.10332274e+00 -9.82624829e-01 -1",0.031,1790414004.2
354,01_similar_variables,get_embedding,shipping,,"[ 5.04948944e-03 -5.17145097e-01 -3.39114249e-01  1.01880085e+00
 -1.27203810e+00 -4.05557394e-01 -1",0.031,1790414004.621
355,01_names,get_prob,baz2,,0.30354172,0.047,1790414006.934
356,01_names,get_prob,baz2,,0.30354172,0.031,1790414006.965
357,01_names,get_prob,vector_store,,0.69218785,0.031,1790414006.996
358,01_names,get_prob,vector_store,,0.69218785,0.031,1790414007.043
359,01_names,get_prob,email_preview_text_v3,,0.6994752,0.031,1790414007.075
360,01_names,get_prob,email_preview_text_v3,,0.6994752,0.031,1790414007.121
361,01_names,get_prob,response_request_id,,0.6345632,0.031,1790414007.153
362,01_names,get_prob,response_request_id,,0.6345632,0.047,1790414007.2
363,01_names,get_prob,classify_pdf_text,,0.67111063,0.031,1790414007.231
364,01_names,get_prob,classify_pdf_text,,0.67111063,0.031,1790414007.262
365,01_names,get_prob,get_current_user_profile,,0.3312041,0.031,1790414007.309
366,01_names,get_prob,get_current_user_profile,,0.3312041,0.031,1790414007.34
367,01_names,get_prob,validate_product_catalog,,0.6431297,0.047,1790414007.387
368,01_names,get_prob,validate_product_catalog,,0.6431297,0.031,1790414007.418
369,01_names,get_prob,compile_return_request,,0.65796345,0.031,1790414007.45
370,01_names,get_prob,compile_return_request,,0.65796345,0.031,1790414007.496
371,01_names,get_prob,read_primary_threat_score,,0.7616031,0.031,1790414007.528
372,01_names,get_prob,read_primary_threat_score,,0.7616031,0.047,1790414007.575
373,01_names,get_prob,serialize_file_metadata,,0.36160466,0.031,1790414007.606
374,01_names,get_prob,serialize_file_metadata,,0.36160466,0.031,1790414007.637
375,01_names,get_prob,load_content_block,,0.7159252,0.031,1790414007.684
376,01_names,get_prob,load_content_block,,0.7159252,0.031,1790414007.715
377,01_names,get_prob,sync_incident_record_current,,0.6476083,0.031,1790414007.746
378,01_names,get_prob,sync_incident_record_current,,0.6476083,0.031,1790414007.793
379,01_names,get_prob,delete_health,,0.7345782,0.031,1790414007.825
380,01_names,get_prob,delete_health,,0.7345782,0.031,1790414007.871
381,01_names,get_prob,refresh_service_health_background,,0.75258046,0.031,1790414007.903
382,01_names,get_prob,refresh_service_health_background,,0.75258046,0.031,1790414007.934
383,01_names,get_prob,restore_cron_schedule_audit,,0.7047111,0.031,1790414007.981
384,01_names,get_prob,restore_cron_schedule_audit,,0.7047111,0.031,1790414008.012
385,01_names,get_prob,route_template_variable_workspace,,0.6409387,0.031,1790414008.059
386,01_names,get_prob,route_template_variable_workspace,,0.6409387,0.031,1790414008.09
387,01_names,get_prob,test_1,,0.7100839,0.047,1790414008.137
388,01_names,get_prob,test_1,,0.7100839,0.031,1790414008.168
389,01_names,get_prob,test_2,,0.6888102,0.031,1790414008.2
390,01_names,get_prob,test_2,,0.6888102,0.031,1790414008.246
391,01_names,get_prob,test_3,,0.7508854,0.031,1790414008.278
392,01_names,get_prob,test_3,,0.7508854,0.047,1790414008.325
393,01_names,get_prob,test_4,,0.75528127,0.031,1790414008.356
394,01_names,get_prob,test_4,,0.75528127,0.031,1790414008.387
395,01_names,get_prob,test_5,,0.7520592,0.031,1790414008.434
396,01_names,get_prob,test_5,,0.7520592,0.031,1790414008.465
397,01_names,get_prob,test_6,,0.6964389,0.031,1790414008.512
398,01_names,get_prob,test_6,,0.6964389,0.031,1790414008.543
399,01_names,get_prob,blah,,0.6813758,0.031,1790414008.575
400,01_names,get_prob,blah,,0.6813758,0.031,1790414008.621
401,01_names,get_prob,j,,0.47823843,0.031,1790414008.653
402,01_names,get_prob,j,,0.47823843,0.031,1790414008.7
403,01_names,get_prob,primary_billing_address,,0.64462006,0.031,1790414008.731
404,01_names,get_prob,primary_billing_address,,0.64462006,0.047,1790414008.778
405,01_names,get_prob,draft_network_packet,,0.6888751,0.031,1790414008.809
406,01_names,get_prob,draft_network_packet,,0.6888751,0.031,1790414008.84
407,01_names,get_prob,cached_survey_response,,0.5354249,0.031,1790414008.887
408,01_names,get_prob,cached_survey_response,,0.5354249,0.031,1790414008.918
409,01_names,get_prob,compiled_return_request,,0.6676782,0.047,1790414008.965
410,01_names,get_prob,compiled_return_request,,0.6676782,0.031,1790414008.996
411,01_names,get_prob,primary_threat_score,,0.77615696,0.031,1790414009.028
412,01_names,get_prob,primary_threat_score,,0.77615696,0.031,1790414009.074
413,01_names,get_prob,serialized_file_metadata,,0.33277115,0.031,1790414009.106
414,01_names,get_prob,serialized_file_metadata,,0.33277115,0.031,1790414009.153
415,01_names,get_prob,PRESERVED_WORDS,,0.686553,0.031,1790414009.184
416,01_names,get_prob,PRESERVED_WORDS,,0.686553,0.031,1790414009.231
417,01_names,get_prob,QUOTES,,0.35413253,0.031,1790414009.262
418,01_names,get_prob,QUOTES,,0.35413253,0.031,1790414009.293
419,01_names,get_prob,TWO_DOUBLE_QUOTES,,0.41741088,0.031,1790414009.34
420,01_names,get_prob,TWO_DOUBLE_QUOTES,,0.41741088,0.031,1790414009.372
421,01_names,get_prob,QUOTES_BOUND,,0.5294882,0.031,1790414009.418
422,01_names,get_prob,QUOTES_BOUND,,0.5294882,0.031,1790414009.45
423,01_names,get_prob,ANY_CONST_OR_VAR,,0.59355116,0.047,1790414009.497
424,01_names,get_prob,ANY_CONST_OR_VAR,,0.59355116,0.031,1790414009.528
425,01_names,get_prob,result,,0.6709954,0.031,1790414009.559
426,01_names,get_prob,result,,0.6709954,0.031,1790414009.606
427,01_names,get_prob,result,,0.6709954,0.031,1790414009.637
428,01_names,get_prob,result,,0.6709954,0.047,1790414009.684
429,01_names,get_prob,result,,0.6709954,0.031,1790414009.715
430,01_names,get_prob,result,,0.6709954,0.031,1790414009.762
431,01_names,get_prob,result,,0.6709954,0.031,1790414009.793
432,01_names,get_prob,result,,0.6709954,0.031,1790414009.825
433,01_names,get_prob,result,,0.6709954,0.031,1790414009.872
434,01_names,get_prob,result,,0.6709954,0.031,1790414009.903
435,01_names,get_prob,result,,0.6709954,0.031,1790414009.95
436,01_names,get_prob,result,,0.6709954,0.031,1790414009.981
437,01_names,get_prob,result,,0.6709954,0.047,1790414010.028
438,01_names,get_prob,result,,0.6709954,0.031,1790414010.059
439,01_names,get_prob,result,,0.6709954,0.031,1790414010.09
440,01_names,get_prob,result,,0.6709954,0.031,1790414010.137
441,01_names,get_prob,result,,0.6709954,0.031,1790414010.168
442,01_names,get_prob,result,,0.6709954,0.031,1790414010.215
443,01_names,get_prob,final_review,,0.6413089,0.031,1790414010.246
444,01_names,get_prob,final_review,,0.6413089,0.047,1790414010.293
445,01_names,get_prob,py_file_path,,0.4021066,0.031,1790414010.325
446,01_names,get_prob,py_file_path,,0.4021066,0.031,1790414010.356
447,01_names,get_prob,human_friendly_review,,0.6973142,0.031,1790414010.403
448,01_names,get_prob,human_friendly_review,,0.6973142,0.031,1790414010.434
449,01_names,get_prob,info_key,,0.58288836,0.031,1790414010.481
450,01_names,get_prob,info_key,,0.58288836,0.031,1790414010.512
451,01_names,get_prob,human_friendly_info_key,,0.6793034,0.047,1790414010.559
452,01_names,get_prob,human_friendly_info_key,,0.6793034,0.031,1790414010.59
453,01_names,get_prob,result,,0.6709954,0.031,1790414010.621
454,01_names,get_prob,result,,0.6709954,0.031,1790414010.668
455,01_names,get_prob,item,,0.72587365,0.031,1790414010.7
456,01_names,get_prob,item,,0.72587365,0.047,1790414010.746
457,01_names,get_prob,human_friendly_review,,0.6973142,0.031,1790414010.778
458,01_names,get_prob,human_friendly_review,,0.6973142,0.031,1790414010.809
459,01_names,get_prob,final_review,,0.6413089,0.031,1790414010.856
460,01_names,get_prob,final_review,,0.6413089,0.031,1790414010.887
461,01_names,get_prob,replaced_newline_str,,0.5800979,0.031,1790414010.934
462,01_names,get_prob,replaced_newline_str,,0.5800979,0.031,1790414010.965
463,01_names,get_prob,readline,,0.71528965,0.047,1790414011.012
464,01_names,get_prob,readline,,0.71528965,0.031,1790414011.043
465,01_names,get_prob,token,,0.67335653,0.031,1790414011.075
466,01_names,get_prob,token,,0.67335653,0.031,1790414011.121
467,01_names,get_prob,lines,,0.60547626,0.031,1790414011.153
468,01_names,get_prob,lines,,0.60547626,0.031,1790414011.2
469,01_names,get_prob,lines,,0.60547626,0.031,1790414011.231
470,01_names,get_prob,lines,,0.60547626,0.031,1790414011.278
471,01_names,get_prob,i,,0.45159677,0.031,1790414011.309
472,01_names,get_prob,i,,0.45159677,0.047,1790414011.356
473,01_names,get_prob,line,,0.6499548,0.031,1790414011.387
474,01_names,get_prob,line,,0.6499548,0.031,1790414011.418
475,01_names,get_prob,pattern,,0.608683,0.031,1790414011.465
476,01_names,get_prob,pattern,,0.608683,0.031,1790414011.496
477,01_names,get_prob,matched_lines,,0.63206846,0.031,1790414011.543
478,01_names,get_prob,matched_lines,,0.63206846,0.031,1790414011.575
479,01_names,get_prob,line,,0.6499548,0.047,1790414011.621
480,01_names,get_prob,line,,0.6499548,0.031,1790414011.653
481,01_names,get_prob,matched_lines,,0.63206846,0.031,1790414011.684
482,01_names,get_prob,matched_lines,,0.63206846,0.031,1790414011.731
483,01_names,get_prob,line,,0.6499548,0.031,1790414011.762
484,01_names,get_prob,line,,0.6499548,0.031,1790414011.809
485,01_names,get_prob,matched_lines,,0.63206846,0.031,1790414011.84
486,01_names,get_prob,matched_lines,,0.63206846,0.031,1790414011.887
487,01_names,get_prob,line,,0.6499548,0.031,1790414011.918
488,01_names,get_prob,line,,0.6499548,0.047,1790414011.965
489,01_names,get_prob,tokens,,0.6409827,0.031,1790414011.996
490,01_names,get_prob,tokens,,0.6409827,0.047,1790414012.043
491,01_names,get_prob,dist,,0.59087056,0.031,1790414012.075
492,01_names,get_prob,dist,,0.59087056,0.031,1790414012.106
493,01_names,get_prob,py_file_path,,0.4021066,0.031,1790414012.153
494,01_names,get_prob,py_file_path,,0.4021066,0.031,1790414012.184
495,01_names,get_prob,py_code,,0.64525175,0.031,1790414012.231
496,01_names,get_prob,py_code,,0.64525175,0.031,1790414012.262
497,01_names,get_prob,py_file_path,,0.4021066,0.031,1790414012.309
498,01_names,get_prob,py_file_path,,0.4021066,0.031,1790414012.34
499,01_names,get_prob,parsed_py_code,,0.5842547,0.047,1790414012.387
500,01_names,get_prob,parsed_py_code,,0.5842547,0.031,1790414012.418
501,01_names,get_prob,max_line_no,,0.73144543,0.031,1790414012.449
502,01_names,get_prob,max_line_no,,0.73144543,0.031,1790414012.496
503,01_names,get_prob,function_name_by_line,,0.5559703,0.031,1790414012.528
504,01_names,get_prob,function_name_by_line,,0.5559703,0.031,1790414012.574
505,01_names,get_prob,_,,0.65367615,0.031,1790414012.606
506,01_names,get_prob,_,,0.65367615,0.047,1790414012.653
507,01_names,get_prob,item,,0.72587365,0.031,1790414012.684
508,01_names,get_prob,item,,0.72587365,0.031,1790414012.715
509,01_names,get_prob,start_line_no,,0.730886,0.031,1790414012.762
510,01_names,get_prob,start_line_no,,0.730886,0.031,1790414012.793
511,01_names,get_prob,end_line_no,,0.7014947,0.031,1790414012.84
512,01_names,get_prob,end_line_no,,0.7014947,0.031,1790414012.871
513,01_names,get_prob,i,,0.45159677,0.031,1790414012.918
514,01_names,get_prob,i,,0.45159677,0.031,1790414012.949
515,01_names,get_prob,py_file_path,,0.4021066,0.031,1790414012.996
516,01_names,get_prob,py_file_path,,0.4021066,0.031,1790414013.028
517,01_names,get_prob,parsed_py_code,,0.5842547,0.047,1790414013.074
518,01_names,get_prob,parsed_py_code,,0.5842547,0.031,1790414013.106
519,01_names,get_prob,py_file_path_,,0.3337347,0.031,1790414013.137
520,01_names,get_prob,py_file_path_,,0.3337347,0.031,1790414013.184
521,01_names,get_prob,max_line_no,,0.73144543,0.031,1790414013.215
522,01_names,get_prob,max_line_no,,0.73144543,0.031,1790414013.262
523,01_names,get_prob,function_name_by_line,,0.5559703,0.031,1790414013.293
524,01_names,get_prob,function_name_by_line,,0.5559703,0.031,1790414013.34
525,01_names,get_prob,_,,0.65367615,0.031,1790414013.371
526,01_names,get_prob,_,,0.65367615,0.047,1790414013.418
527,01_names,get_prob,py_file_path,,0.4021066,0.031,1790414013.449
528,01_names,get_prob,py_file_path,,0.4021066,0.031,1790414013.481
529,01_names,get_prob,parsed_py_code,,0.5842547,0.031,1790414013.528
530,01_names,get_prob,parsed_py_code,,0.5842547,0.031,1790414013.559
531,01_names,get_prob,max_line_no,,0.73144543,0.031,1790414013.606
532,01_names,get_prob,max_line_no,,0.73144543,0.031,1790414013.637
533,01_names,get_prob,class_name_by_line,,0.6061751,0.031,1790414013.684
534,01_names,get_prob,class_name_by_line,,0.6061751,0.031,1790414013.715
535,01_names,get_prob,_,,0.65367615,0.047,1790414013.762
536,01_names,get_prob,_,,0.65367615,0.031,1790414013.793
537,01_names,get_prob,item,,0.72587365,0.047,1790414013.84
538,01_names,get_prob,item,,0.72587365,0.031,1790414013.871
539,01_names,get_prob,start_line_no,,0.730886,0.031,1790414013.903
540,01_names,get_prob,start_line_no,,0.730886,0.031,1790414013.949
541,01_names,get_prob,end_line_no,,0.7014947,0.031,1790414013.981
542,01_names,get_prob,end_line_no,,0.7014947,0.031,1790414014.028
543,01_names,get_prob,i,,0.45159677,0.031,1790414014.059
544,01_names,get_prob,i,,0.45159677,0.031,1790414014.106
545,01_names,get_prob,py_file_path,,0.4021066,0.031,1790414014.137
546,01_names,get_prob,py_file_path,,0.4021066,0.031,1790414014.184
547,01_names,get_prob,parsed_py_code,,0.5842547,0.031,1790414014.215
548,01_names,get_prob,parsed_py_code,,0.5842547,0.031,1790414014.262
549,01_names,get_prob,py_file_path_,,0.3337347,0.031,1790414014.293
550,01_names,get_prob,py_file_path_,,0.3337347,0.047,1790414014.34
551,01_names,get_prob,max_line_no,,0.73144543,0.031,1790414014.371
552,01_names,get_prob,max_line_no,,0.73144543,0.031,1790414014.403
553,01_names,get_prob,class_name_by_line,,0.6061751,0.031,1790414014.449
554,01_names,get_prob,class_name_by_line,,0.6061751,0.031,1790414014.481
555,01_names,get_prob,_,,0.65367615,0.031,1790414014.527
556,01_names,get_prob,_,,0.65367615,0.031,1790414014.559
557,01_names,get_prob,defined_info,,0.64980775,0.031,1790414014.606
558,01_names,get_prob,defined_info,,0.64980775,0.031,1790414014.637
559,01_names,get_prob,used_info,,0.6653134,0.031,1790414014.684
560,01_names,get_prob,used_info,,0.6653134,0.031,1790414014.715
561,01_names,get_prob,item,,0.72587365,0.047,1790414014.762
562,01_names,get_prob,item,,0.72587365,0.031,1790414014.793
563,01_names,get_prob,line_no,,0.709738,0.031,1790414014.825
564,01_names,get_prob,line_no,,0.709738,0.031,1790414014.871
565,01_names,get_prob,func_name,,0.52772486,0.031,1790414014.903
566,01_names,get_prob,func_name,,0.52772486,0.031,1790414014.95
567,01_names,get_prob,func_name_for_func_def,,0.3813179,0.031,1790414014.981
568,01_names,get_prob,func_name_for_func_def,,0.3813179,0.031,1790414015.028
569,01_names,get_prob,info_key,,0.58288836,0.031,1790414015.059
570,01_names,get_prob,info_key,,0.58288836,0.031,1790414015.106
571,01_names,get_prob,info_key_for_func_def,,0.5494505,0.031,1790414015.137
572,01_names,get_prob,info_key_for_func_def,,0.5494505,0.031,1790414015.184
573,01_names,get_prob,import_infos,,0.63666505,0.031,1790414015.215
574,01_names,get_prob,import_infos,,0.63666505,0.047,1790414015.262
575,01_names,get_prob,info,,0.48239872,0.031,1790414015.293
576,01_names,get_prob,info,,0.48239872,0.047,1790414015.34
577,01_names,get_prob,import_infos_with_type,,0.6588628,0.031,1790414015.371
578,01_names,get_prob,import_infos_with_type,,0.6588628,0.031,1790414015.403
579,01_names,get_prob,info,,0.48239872,0.031,1790414015.45
580,01_names,get_prob,info,,0.48239872,0.031,1790414015.481
581,01_names,get_prob,info,,0.48239872,0.031,1790414015.528
582,01_names,get_prob,info,,0.48239872,0.031,1790414015.559
583,01_names,get_prob,name,,0.5005349,0.031,1790414015.606
584,01_names,get_prob,name,,0.5005349,0.031,1790414015.637
585,01_names,get_prob,arg_names,,0.59767663,0.031,1790414015.684
586,01_names,get_prob,arg_names,,0.59767663,0.031,1790414015.715
587,01_names,get_prob,arg_names_with_type,,0.6145042,0.031,1790414015.762
588,01_names,get_prob,arg_names_with_type,,0.6145042,0.031,1790414015.793
589,01_names,get_prob,arg_name,,0.6219328,0.031,1790414015.84
590,01_names,get_prob,arg_name,,0.6219328,0.031,1790414015.871
591,01_names,get_prob,constant_info,,0.65545106,0.047,1790414015.918
592,01_names,get_prob,constant_info,,0.65545106,0.031,1790414015.949
593,01_names,get_prob,item,,0.72587365,0.047,1790414015.996
594,01_names,get_prob,item,,0.72587365,0.031,1790414016.028
595,01_names,get_prob,line_no,,0.709738,0.031,1790414016.059
596,01_names,get_prob,line_no,,0.709738,0.031,1790414016.106
597,01_names,get_prob,func_name,,0.52772486,0.047,1790414016.153
598,01_names,get_prob,func_name,,0.52772486,0.031,1790414016.184
599,01_names,get_prob,info_key,,0.58288836,0.031,1790414016.215
600,01_names,get_prob,info_key,,0.58288836,0.031,1790414016.262
601,01_names,get_prob,constant_with_type,,0.6320308,0.031,1790414016.293
602,01_names,get_prob,constant_with_type,,0.6320308,0.031,1790414016.34
603,01_names,get_prob,function_bodies_info,,0.6644255,0.031,1790414016.371
604,01_names,get_prob,function_bodies_info,,0.6644255,0.031,1790414016.418
605,01_names,get_prob,py_file_path,,0.4021066,0.031,1790414016.449
606,01_names,get_prob,py_file_path,,0.4021066,0.031,1790414016.496
607,01_names,get_prob,parsed_py_code,,0.5842547,0.031,1790414016.528
608,01_names,get_prob,parsed_py_code,,0.5842547,0.031,1790414016.574
609,01_names,get_prob,item,,0.72587365,0.031,1790414016.606
610,01_names,get_prob,item,,0.72587365,0.047,1790414016.653
611,01_names,get_prob,function_name,,0.5964082,0.031,1790414016.684
612,01_names,get_prob,function_name,,0.5964082,0.047,1790414016.731
613,01_names,get_prob,function_body,,0.5882909,0.031,1790414016.762
614,01_names,get_prob,function_body,,0.5882909,0.031,1790414016.793
615,01_names,get_prob,start_line_no,,0.730886,0.031,1790414016.84
616,01_names,get_prob,start_line_no,,0.730886,0.031,1790414016.871
617,01_names,get_prob,py_file_path,,0.4021066,0.031,1790414016.918
618,01_names,get_prob,py_file_path,,0.4021066,0.031,1790414016.949
619,01_names,get_prob,py_code,,0.64525175,0.031,1790414016.996
620,01_names,get_prob,py_code,,0.64525175,0.031,1790414017.028
621,01_names,get_prob,lines,,0.60547626,0.031,1790414017.074
622,01_names,get_prob,lines,,0.60547626,0.031,1790414017.106
623,01_names,get_prob,line,,0.6499548,0.031,1790414017.153
624,01_names,get_prob,line,,0.6499548,0.031,1790414017.184
625,01_names,get_prob,lines,,0.60547626,0.031,1790414017.231
626,01_names,get_prob,lines,,0.60547626,0.031,1790414017.262
627,01_names,get_prob,line,,0.6499548,0.031,1790414017.309
628,01_names,get_prob,line,,0.6499548,0.031,1790414017.34
629,01_names,get_prob,line_idx,,0.69492745,0.031,1790414017.387
630,01_names,get_prob,line_idx,,0.69492745,0.031,1790414017.418
631,01_names,get_prob,line_no,,0.709738,0.031,1790414017.465
632,01_names,get_prob,line_no,,0.709738,0.031,1790414017.496
633,01_names,get_prob,lines_to_search,,0.6796032,0.047,1790414017.543
634,01_names,get_prob,lines_to_search,,0.6796032,0.031,1790414017.574
635,01_names,get_prob,matched,,0.59661895,0.047,1790414017.621
636,01_names,get_prob,matched,,0.59661895,0.031,1790414017.653
637,01_names,get_prob,matched_text,,0.6687933,0.031,1790414017.684
638,01_names,get_prob,matched_text,,0.6687933,0.031,1790414017.731
639,01_names,get_prob,matched_groups,,0.6398672,0.031,1790414017.762
640,01_names,get_prob,matched_groups,,0.6398672,0.031,1790414017.809
641,01_names,get_prob,func_name,,0.52772486,0.031,1790414017.84
642,01_names,get_prob,func_name,,0.52772486,0.031,1790414017.887
643,01_names,get_prob,lines_to_show,,0.7259601,0.031,1790414017.918
644,01_names,get_prob,lines_to_show,,0.7259601,0.031,1790414017.965
645,01_names,get_prob,lines_to_show,,0.7259601,0.031,1790414017.996
646,01_names,get_prob,lines_to_show,,0.7259601,0.031,1790414018.043
647,01_names,get_prob,is_matched,,0.618697,0.031,1790414018.074
648,01_names,get_prob,is_matched,,0.618697,0.031,1790414018.121
649,01_names,get_prob,is_file_line_matched,,0.4424573,0.031,1790414018.153
650,01_names,get_prob,is_file_line_matched,,0.4424573,0.031,1790414018.2
651,01_names,get_prob,line_idx,,0.69492745,0.031,1790414018.231
652,01_names,get_prob,line_idx,,0.69492745,0.031,1790414018.278
653,01_names,get_prob,line_idx,,0.69492745,0.031,1790414018.309
654,01_names,get_prob,line_idx,,0.69492745,0.031,1790414018.356
655,01_names,get_prob,line_idx,,0.69492745,0.031,1790414018.387
656,01_names,get_prob,line_idx,,0.69492745,0.031,1790414018.434
657,01_names,get_prob,py_file_path,,0.4021066,0.031,1790414018.465
658,01_names,get_prob,py_file_path,,0.4021066,0.031,1790414018.512
659,01_names,get_prob,py_code,,0.64525175,0.031,1790414018.543
660,01_names,get_prob,py_code,,0.64525175,0.031,1790414018.59
661,01_names,get_prob,final_result_dict,,0.68748236,0.031,1790414018.621
662,01_names,get_prob,final_result_dict,,0.68748236,0.031,1790414018.668
663,01_names,get_prob,str_pattern_1,,0.63109964,0.031,1790414018.7
664,01_names,get_prob,str_pattern_1,,0.63109964,0.031,1790414018.746
665,01_names,get_prob,str_pattern_2,,0.61858135,0.031,1790414018.778
666,01_names,get_prob,str_pattern_2,,0.61858135,0.031,1790414018.825
667,01_names,get_prob,regex,,0.5508123,0.031,1790414018.856
668,01_names,get_prob,regex,,0.5508123,0.031,1790414018.903
669,01_names,get_prob,info,,0.48239872,0.031,1790414018.934
670,01_names,get_prob,info,,0.48239872,0.031,1790414018.981
671,01_names,get_prob,info,,0.48239872,0.031,1790414019.012
672,01_names,get_prob,info,,0.48239872,0.031,1790414019.059
673,01_names,get_prob,func_name,,0.52772486,0.031,1790414019.09
674,01_names,get_prob,func_name,,0.52772486,0.031,1790414019.137
675,01_names,get_prob,py_file_path,,0.4021066,0.031,1790414019.168
676,01_names,get_prob,py_file_path,,0.4021066,0.031,1790414019.215
677,01_names,get_prob,py_code,,0.64525175,0.031,1790414019.247
678,01_names,get_prob,py_code,,0.64525175,0.031,1790414019.293
679,01_names,get_prob,lines,,0.60547626,0.031,1790414019.325
680,01_names,get_prob,lines,,0.60547626,0.031,1790414019.372
681,01_names,get_prob,last_if_elif_line_idx,,0.59024733,0.031,1790414019.403
682,01_names,get_prob,last_if_elif_line_idx,,0.59024733,0.031,1790414019.45
683,01_names,get_prob,current_if_elifs,,0.68492836,0.031,1790414019.481
684,01_names,get_prob,current_if_elifs,,0.68492836,0.031,1790414019.528
685,01_names,get_prob,line_idx,,0.69492745,0.031,1790414019.559
686,01_names,get_prob,line_idx,,0.69492745,0.031,1790414019.606
687,01_names,get_prob,line,,0.6499548,0.031,1790414019.637
688,01_names,get_prob,line,,0.6499548,0.031,1790414019.684
689,01_names,get_prob,line_no,,0.709738,0.031,1790414019.715
690,01_names,get_prob,line_no,,0.709738,0.031,1790414019.762
691,01_names,get_prob,matched,,0.59661895,0.031,1790414019.793
692,01_names,get_prob,matched,,0.59661895,0.031,1790414019.84
693,01_names,get_prob,matched_groups,,0.6398672,0.031,1790414019.872
694,01_names,get_prob,matched_groups,,0.6398672,0.031,1790414019.918
695,01_names,get_prob,keyword,,0.51786065,0.031,1790414019.95
696,01_names,get_prob,keyword,,0.51786065,0.031,1790414019.997
697,01_names,get_prob,var_name,,0.6393743,0.031,1790414020.028
698,01_names,get_prob,var_name,,0.6393743,0.031,1790414020.075
699,01_names,get_prob,last_if_elif_line_idx,,0.59024733,0.031,1790414020.106
700,01_names,get_prob,last_if_elif_line_idx,,0.59024733,0.031,1790414020.153
701,01_names,get_prob,py_file_path,,0.4021066,0.031,1790414020.184
702,01_names,get_prob,py_file_path,,0.4021066,0.031,1790414020.231
703,01_names,get_prob,file_name_format,,0.558264,0.031,1790414020.262
704,01_names,get_prob,file_name_format,,0.558264,0.031,1790414020.309
705,01_names,get_prob,item,,0.72587365,0.031,1790414020.34
706,01_names,get_prob,item,,0.72587365,0.031,1790414020.387
707,01_names,get_prob,py_file_path,,0.4021066,0.031,1790414020.418
708,01_names,get_prob,py_file_path,,0.4021066,0.031,1790414020.465
709,01_names,get_prob,import_info,,0.6713894,0.031,1790414020.497
710,01_names,get_prob,import_info,,0.6713894,0.031,1790414020.543
711,01_names,get_prob,info,,0.48239872,0.031,1790414020.575
712,01_names,get_prob,info,,0.48239872,0.031,1790414020.622
713,01_names,get_prob,body_1_lines,,0.6396415,0.031,1790414020.653
714,01_names,get_prob,body_1_lines,,0.6396415,0.031,1790414020.7
715,01_names,get_prob,line,,0.6499548,0.031,1790414020.731
716,01_names,get_prob,line,,0.6499548,0.031,1790414020.778
717,01_names,get_prob,body_2_lines,,0.58915347,0.031,1790414020.809
718,01_names,get_prob,body_2_lines,,0.58915347,0.031,1790414020.856
719,01_names,get_prob,line,,0.6499548,0.031,1790414020.887
720,01_names,get_prob,line,,0.6499548,0.031,1790414020.934
721,01_names,get_prob,seq_matcher,,0.624503,0.031,1790414020.965
722,01_names,get_prob,seq_matcher,,0.624503,0.031,1790414021.012
723,01_names,get_prob,lcs,,0.6508289,0.047,1790414021.059
724,01_names,get_prob,lcs,,0.6508289,0.031,1790414021.09
725,01_names,get_prob,cond_lcs_1,,0.63508993,0.047,1790414021.137
726,01_names,get_prob,cond_lcs_1,,0.63508993,0.031,1790414021.168
727,01_names,get_prob,cond_lcs_2,,0.59955996,0.047,1790414021.215
728,01_names,get_prob,cond_lcs_2,,0.59955996,0.031,1790414021.246
729,01_names,get_prob,cond_lcs_3,,0.6373118,0.047,1790414021.293
730,01_names,get_prob,cond_lcs_3,,0.6373118,0.031,1790414021.325
731,01_names,get_prob,final_result_dict,,0.68748236,0.047,1790414021.371
732,01_names,get_prob,final_result_dict,,0.68748236,0.031,1790414021.403
733,01_names,get_prob,imported_dict,,0.6217012,0.047,1790414021.45
734,01_names,get_prob,imported_dict,,0.6217012,0.031,1790414021.481
735,01_names,get_prob,py_file_path,,0.4021066,0.047,1790414021.528
736,01_names,get_prob,py_file_path,,0.4021066,0.031,1790414021.559
737,01_names,get_prob,parsed_py_code,,0.5842547,0.031,1790414021.606
738,01_names,get_prob,parsed_py_code,,0.5842547,0.031,1790414021.637
739,01_names,get_prob,defined_info,,0.64980775,0.031,1790414021.684
740,01_names,get_prob,defined_info,,0.64980775,0.031,1790414021.715
741,01_names,get_prob,used_info,,0.6653134,0.031,1790414021.762
742,01_names,get_prob,used_info,,0.6653134,0.031,1790414021.794
743,01_names,get_prob,all_unused_list,,0.64713544,0.031,1790414021.84
744,01_names,get_prob,all_unused_list,,0.64713544,0.031,1790414021.872
745,01_names,get_prob,k,,0.5538853,0.031,1790414021.918
746,01_names,get_prob,k,,0.5538853,0.031,1790414021.95
747,01_names,get_prob,defined_info_list,,0.6831578,0.031,1790414021.997
748,01_names,get_prob,defined_info_list,,0.6831578,0.031,1790414022.028
749,01_names,get_prob,used_names,,0.58593374,0.031,1790414022.075
750,01_names,get_prob,used_names,,0.58593374,0.031,1790414022.106
751,01_names,get_prob,defined_names,,0.58048636,0.031,1790414022.153
752,01_names,get_prob,defined_names,,0.58048636,0.047,1790414022.2
753,01_names,get_prob,item,,0.72587365,0.031,1790414022.231
754,01_names,get_prob,item,,0.72587365,0.047,1790414022.278
755,01_names,get_prob,defined_set,,0.6399856,0.031,1790414022.309
756,01_names,get_prob,defined_set,,0.6399856,0.047,1790414022.356
757,01_names,get_prob,used_set,,0.5778203,0.031,1790414022.387
758,01_names,get_prob,used_set,,0.5778203,0.031,1790414022.434
759,01_names,get_prob,unused_set,,0.54915196,0.031,1790414022.465
760,01_names,get_prob,unused_set,,0.54915196,0.031,1790414022.512
761,01_names,get_prob,unused_list,,0.5885579,0.031,1790414022.543
762,01_names,get_prob,unused_list,,0.5885579,0.031,1790414022.59
763,01_names,get_prob,item,,0.72587365,0.031,1790414022.622
764,01_names,get_prob,item,,0.72587365,0.031,1790414022.668
765,01_names,get_prob,text_embedding_model,,0.7352293,0.031,1790414022.7
766,01_names,get_prob,text_embedding_model,,0.7352293,0.031,1790414022.747
767,01_names,get_prob,final_result_dict,,0.68748236,0.031,1790414022.778
768,01_names,get_prob,final_result_dict,,0.68748236,0.031,1790414022.825
769,01_names,get_prob,re_logger,,0.5952812,0.031,1790414022.856
770,01_names,get_prob,re_logger,,0.5952812,0.031,1790414022.903
771,01_names,get_prob,re_print,,0.5259995,0.031,1790414022.934
772,01_names,get_prob,re_print,,0.5259995,0.031,1790414022.981
773,01_names,get_prob,py_file_path,,0.4021066,0.047,1790414023.028
774,01_names,get_prob,py_file_path,,0.4021066,0.031,1790414023.059
775,01_names,get_prob,py_code,,0.64525175,0.047,1790414023.106
776,01_names,get_prob,py_code,,0.64525175,0.031,1790414023.137
777,01_names,get_prob,py_code_lines,,0.6840165,0.047,1790414023.184
778,01_names,get_prob,py_code_lines,,0.6840165,0.031,1790414023.215
779,01_names,get_prob,logger_loggings,,0.6374553,0.047,1790414023.262
780,01_names,get_prob,logger_loggings,,0.6374553,0.031,1790414023.294
781,01_names,get_prob,line_no,,0.709738,0.031,1790414023.34
782,01_names,get_prob,line_no,,0.709738,0.031,1790414023.372
783,01_names,get_prob,line,,0.6499548,0.031,1790414023.419
784,01_names,get_prob,line,,0.6499548,0.031,1790414023.45
785,01_names,get_prob,prints,,0.41897455,0.031,1790414023.497
786,01_names,get_prob,prints,,0.41897455,0.031,1790414023.528
787,01_names,get_prob,line_no,,0.709738,0.031,1790414023.575
788,01_names,get_prob,line_no,,0.709738,0.031,1790414023.606
789,01_names,get_prob,line,,0.6499548,0.031,1790414023.653
790,01_names,get_prob,line,,0.6499548,0.031,1790414023.684
791,01_names,get_prob,print_types,,0.562296,0.031,1790414023.731
792,01_names,get_prob,print_types,,0.562296,0.047,1790414023.778
793,01_names,get_prob,print_collection,,0.63767457,0.031,1790414023.809
794,01_names,get_prob,print_collection,,0.63767457,0.047,1790414023.856
795,01_names,get_prob,print_type,,0.5860994,0.031,1790414023.887
796,01_names,get_prob,print_type,,0.5860994,0.047,1790414023.934
797,01_names,get_prob,line_no,,0.709738,0.031,1790414023.965
798,01_names,get_prob,line_no,,0.709738,0.031,1790414024.012
799,01_names,get_prob,line,,0.6499548,0.031,1790414024.044
800,01_names,get_prob,line,,0.6499548,0.031,1790414024.09
801,01_names,get_prob,func_name,,0.52772486,0.031,1790414024.122
802,01_names,get_prob,func_name,,0.52772486,0.031,1790414024.169
803,01_names,get_prob,final_result_dict,,0.68748236,0.031,1790414024.2
804,01_names,get_prob,final_result_dict,,0.68748236,0.031,1790414024.247
805,01_names,get_prob,defined_constant_names,,0.4964637,0.047,1790414024.294
806,01_names,get_prob,defined_constant_names,,0.4964637,0.031,1790414024.325
807,01_names,get_prob,repeated_long_strs,,0.69721764,0.047,1790414024.372
808,01_names,get_prob,repeated_long_strs,,0.69721764,0.031,1790414024.403
809,01_names,get_prob,simplified_function_body_list,,0.58817416,0.031,1790414024.45
810,01_names,get_prob,simplified_function_body_list,,0.58817416,0.031,1790414024.481
811,01_names,get_prob,py_file_path,,0.4021066,0.031,1790414024.528
812,01_names,get_prob,py_file_path,,0.4021066,0.031,1790414024.559
813,01_names,get_prob,parsed_py_code,,0.5842547,0.031,1790414024.606
814,01_names,get_prob,parsed_py_code,,0.5842547,0.031,1790414024.637
815,01_names,get_prob,defined_info,,0.64980775,0.031,1790414024.684
816,01_names,get_prob,defined_info,,0.64980775,0.031,1790414024.715
817,01_names,get_prob,used_info,,0.6653134,0.031,1790414024.762
818,01_names,get_prob,used_info,,0.6653134,0.031,1790414024.793
819,01_names,get_prob,constant_value_info,,0.6796808,0.031,1790414024.841
820,01_names,get_prob,constant_value_info,,0.6796808,0.047,1790414024.887
821,01_names,get_prob,defind_constants_info,,0.6745362,0.031,1790414024.919
822,01_names,get_prob,defind_constants_info,,0.6745362,0.047,1790414024.966
823,01_names,get_prob,info,,0.48239872,0.031,1790414024.997
824,01_names,get_prob,info,,0.48239872,0.031,1790414025.044
825,01_names,get_prob,func,,0.59059405,0.031,1790414025.075
826,01_names,get_prob,func,,0.59059405,0.031,1790414025.122
827,01_names,get_prob,info_list,,0.66375536,0.031,1790414025.153
828,01_names,get_prob,info_list,,0.66375536,0.031,1790414025.2
829,01_names,get_prob,long_constant_value_info,,0.6709379,0.047,1790414025.247
830,01_names,get_prob,long_constant_value_info,,0.6709379,0.031,1790414025.278
831,01_names,get_prob,info,,0.48239872,0.047,1790414025.325
832,01_names,get_prob,info,,0.48239872,0.031,1790414025.356
833,01_names,get_prob,func,,0.59059405,0.031,1790414025.403
834,01_names,get_prob,func,,0.59059405,0.031,1790414025.434
835,01_names,get_prob,info_list,,0.66375536,0.031,1790414025.481
836,01_names,get_prob,info_list,,0.66375536,0.031,1790414025.512
837,01_names,get_prob,func_name,,0.52772486,0.031,1790414025.559
838,01_names,get_prob,func_name,,0.52772486,0.047,1790414025.606
839,01_names,get_prob,info_list,,0.66375536,0.031,1790414025.637
840,01_names,get_prob,info_list,,0.66375536,0.031,1790414025.684
841,01_names,get_prob,info,,0.48239872,0.031,1790414025.716
842,01_names,get_prob,info,,0.48239872,0.031,1790414025.762
843,01_names,get_prob,func_name,,0.52772486,0.031,1790414025.794
844,01_names,get_prob,func_name,,0.52772486,0.031,1790414025.841
845,01_names,get_prob,info_list,,0.66375536,0.047,1790414025.887
846,01_names,get_prob,info_list,,0.66375536,0.031,1790414025.919
847,01_names,get_prob,info,,0.48239872,0.047,1790414025.965
848,01_names,get_prob,info,,0.48239872,0.031,1790414025.997
849,01_names,get_prob,function_bodies_info,,0.6644255,0.031,1790414026.044
850,01_names,get_prob,function_bodies_info,,0.6644255,0.031,1790414026.075
851,01_names,get_prob,py_file_path,,0.4021066,0.031,1790414026.122
852,01_names,get_prob,py_file_path,,0.4021066,0.047,1790414026.169
853,01_names,get_prob,function_body_items,,0.60768706,0.031,1790414026.2
854,01_names,get_prob,function_body_items,,0.60768706,0.047,1790414026.247
855,01_names,get_prob,item,,0.72587365,0.031,1790414026.278
856,01_names,get_prob,item,,0.72587365,0.031,1790414026.325
857,01_names,get_prob,function_name,,0.5964082,0.031,1790414026.356
858,01_names,get_prob,function_name,,0.5964082,0.031,1790414026.403
859,01_names,get_prob,function_body,,0.5882909,0.031,1790414026.434
860,01_names,get_prob,function_body,,0.5882909,0.031,1790414026.481
861,01_names,get_prob,start_line,,0.73916894,0.047,1790414026.528
862,01_names,get_prob,start_line,,0.73916894,0.031,1790414026.559
863,01_names,get_prob,simplified_body,,0.6130954,0.047,1790414026.606
864,01_names,get_prob,simplified_body,,0.6130954,0.031,1790414026.638
865,01_names,get_prob,existing_simplified_body,,0.58465016,0.031,1790414026.684
866,01_names,get_prob,existing_simplified_body,,0.58465016,0.031,1790414026.716
867,01_names,get_prob,text_embedding_logs,,0.7100629,0.031,1790414026.763
868,01_names,get_prob,text_embedding_logs,,0.7100629,0.031,1790414026.794
869,01_names,get_prob,all_similar_text_pairs,,0.61931324,0.031,1790414026.841
870,01_names,get_prob,all_similar_text_pairs,,0.61931324,0.031,1790414026.872
871,01_names,get_prob,embedding_vector,,0.6051293,0.031,1790414026.919
872,01_names,get_prob,embedding_vector,,0.6051293,0.047,1790414026.966
873,01_names,get_prob,log,,0.6022487,0.031,1790414026.997
874,01_names,get_prob,log,,0.6022487,0.031,1790414027.044
875,01_names,get_prob,cos_sim,,0.6144512,0.031,1790414027.075
876,01_names,get_prob,cos_sim,,0.6144512,0.031,1790414027.122
877,01_names,get_prob,py_file_path,,0.4021066,0.031,1790414027.153
878,01_names,get_prob,py_file_path,,0.4021066,0.031,1790414027.2
879,01_names,get_prob,func_name,,0.52772486,0.031,1790414027.231
880,01_names,get_prob,func_name,,0.52772486,0.031,1790414027.278
881,01_names,get_prob,info_list,,0.66375536,0.047,1790414027.325
882,01_names,get_prob,info_list,,0.66375536,0.031,1790414027.356
883,01_names,get_prob,info,,0.48239872,0.031,1790414027.403
884,01_names,get_prob,info,,0.48239872,0.031,1790414027.434
885,01_names,get_prob,text_embedding_model,,0.7352293,0.031,1790414027.481
886,01_names,get_prob,text_embedding_model,,0.7352293,0.031,1790414027.513
887,01_names,get_prob,final_result_dict,,0.68748236,0.031,1790414027.559
888,01_names,get_prob,final_result_dict,,0.68748236,0.031,1790414027.591
889,01_names,get_prob,all_variables_dict,,0.6803561,0.031,1790414027.638
890,01_names,get_prob,all_variables_dict,,0.6803561,0.031,1790414027.684
891,01_names,get_prob,py_file_path,,0.4021066,0.031,1790414027.716
892,01_names,get_prob,py_file_path,,0.4021066,0.031,1790414027.763
893,01_names,get_prob,py_file_path,,0.4021066,0.031,1790414027.794
894,01_names,get_prob,py_file_path,,0.4021066,0.031,1790414027.841
895,01_names,get_prob,parsed_py_code,,0.5842547,0.047,1790414027.888
896,01_names,get_prob,parsed_py_code,,0.5842547,0.031,1790414027.919
897,01_names,get_prob,defined_info,,0.64980775,0.031,1790414027.966
898,01_names,get_prob,defined_info,,0.64980775,0.031,1790414027.997
899,01_names,get_prob,_,,0.65367615,0.031,1790414028.044
900,01_names,get_prob,_,,0.65367615,0.031,1790414028.075
901,01_names,get_prob,variable_info,,0.6760668,0.031,1790414028.122
902,01_names,get_prob,variable_info,,0.6760668,0.031,1790414028.169
903,01_names,get_prob,info,,0.48239872,0.031,1790414028.2
904,01_names,get_prob,info,,0.48239872,0.031,1790414028.247
905,01_names,get_prob,func,,0.59059405,0.031,1790414028.278
906,01_names,get_prob,func,,0.59059405,0.031,1790414028.325
907,01_names,get_prob,info_list,,0.66375536,0.047,1790414028.372
908,01_names,get_prob,info_list,,0.66375536,0.031,1790414028.403
909,01_names,get_prob,all_similar_text_pairs,,0.61931324,0.031,1790414028.45
910,01_names,get_prob,all_similar_text_pairs,,0.61931324,0.031,1790414028.481
911,01_names,get_prob,info,,0.48239872,0.031,1790414028.528
912,01_names,get_prob,info,,0.48239872,0.031,1790414028.56
913,01_names,get_prob,line_no,,0.709738,0.031,1790414028.606
914,01_names,get_prob,line_no,,0.709738,0.047,1790414028.653
915,01_names,get_prob,py_file_path,,0.4021066,0.031,1790414028.685
916,01_names,get_prob,py_file_path,,0.4021066,0.031,1790414028.731
917,01_names,get_prob,func_name,,0.52772486,0.031,1790414028.763
918,01_names,get_prob,func_name,,0.52772486,0.031,1790414028.81
919,01_names,get_prob,func_annot_dict,,0.63917965,0.031,1790414028.841
920,01_names,get_prob,func_annot_dict,,0.63917965,0.031,1790414028.888
921,01_names,get_prob,final_result_dict,,0.68748236,0.031,1790414028.919
922,01_names,get_prob,final_result_dict,,0.68748236,0.031,1790414028.966
923,01_names,get_prob,py_file_path,,0.4021066,0.031,1790414029.013
924,01_names,get_prob,py_file_path,,0.4021066,0.031,1790414029.044
925,01_names,get_prob,parsed_py_code,,0.5842547,0.031,1790414029.091
926,01_names,get_prob,parsed_py_code,,0.5842547,0.031,1790414029.122
927,01_names,get_prob,py_file_path,,0.4021066,0.031,1790414029.169
928,01_names,get_prob,py_file_path,,0.4021066,0.047,1790414029.216
929,01_names,get_prob,parsed_py_code,,0.5842547,0.031,1790414029.247
930,01_names,get_prob,parsed_py_code,,0.5842547,0.031,1790414029.294
931,01_names,get_prob,function_defs,,0.5380675,0.031,1790414029.325
932,01_names,get_prob,function_defs,,0.5380675,0.031,1790414029.372
933,01_names,get_prob,item,,0.72587365,0.031,1790414029.403
934,01_names,get_prob,item,,0.72587365,0.031,1790414029.45
935,01_names,get_prob,item,,0.72587365,0.047,1790414029.497
936,01_names,get_prob,item,,0.72587365,0.031,1790414029.528
937,01_names,get_prob,func_args,,0.540466,0.031,1790414029.575
938,01_names,get_prob,func_args,,0.540466,0.031,1790414029.607
939,01_names,get_prob,line_no,,0.709738,0.031,1790414029.653
940,01_names,get_prob,line_no,,0.709738,0.031,1790414029.685
941,01_names,get_prob,func_arg_names,,0.528863,0.031,1790414029.732
942,01_names,get_prob,func_arg_names,,0.528863,0.047,1790414029.778
943,01_names,get_prob,func_annots,,0.63412035,0.031,1790414029.81
944,01_names,get_prob,func_annots,,0.63412035,0.031,1790414029.857
945,01_names,get_prob,arg_name,,0.6219328,0.031,1790414029.888
946,01_names,get_prob,arg_name,,0.6219328,0.031,1790414029.935
947,01_names,get_prob,annot,,0.63026154,0.047,1790414029.982
948,01_names,get_prob,annot,,0.63026154,0.031,1790414030.013
949,01_names,get_prob,existing_annot,,0.594409,0.031,1790414030.06
950,01_names,get_prob,existing_annot,,0.594409,0.031,1790414030.091
951,01_names,get_prob,func_name,,0.52772486,0.031,1790414030.138
952,01_names,get_prob,func_name,,0.52772486,0.031,1790414030.185
953,01_names,get_prob,text_embedding_model,,0.7352293,0.031,1790414030.216
954,01_names,get_prob,text_embedding_model,,0.7352293,0.031,1790414030.263
955,01_names,get_prob,final_result_dict,,0.68748236,0.031,1790414030.294
956,01_names,get_prob,final_result_dict,,0.68748236,0.031,1790414030.341
957,01_names,get_prob,py_file_path,,0.4021066,0.047,1790414030.388
958,01_names,get_prob,py_file_path,,0.4021066,0.031,1790414030.419
959,01_names,get_prob,parsed_py_code,,0.5842547,0.031,1790414030.466
960,01_names,get_prob,parsed_py_code,,0.5842547,0.031,1790414030.497
961,01_names,get_prob,var_names,,0.6360721,0.031,1790414030.544
962,01_names,get_prob,var_names,,0.6360721,0.031,1790414030.591
963,01_names,get_prob,item,,0.72587365,0.031,1790414030.622
964,01_names,get_prob,item,,0.72587365,0.031,1790414030.669
965,01_names,get_prob,func_names,,0.49478695,0.031,1790414030.7
966,01_names,get_prob,func_names,,0.49478695,0.031,1790414030.747
967,01_names,get_prob,item,,0.72587365,0.031,1790414030.794
968,01_names,get_prob,item,,0.72587365,0.031,1790414030.825
969,01_names,get_prob,names,,0.52489656,0.031,1790414030.872
970,01_names,get_prob,names,,0.52489656,0.031,1790414030.903
971,01_names,get_prob,name_info,,0.68827116,0.031,1790414030.95
972,01_names,get_prob,name_info,,0.68827116,0.031,1790414030.997
973,01_names,get_prob,line_no,,0.709738,0.031,1790414031.029
974,01_names,get_prob,line_no,,0.709738,0.031,1790414031.075
975,01_names,get_prob,name,,0.5005349,0.031,1790414031.107
976,01_names,get_prob,name,,0.5005349,0.031,1790414031.154
977,01_names,get_prob,func_name,,0.52772486,0.047,1790414031.2
978,01_names,get_prob,func_name,,0.52772486,0.031,1790414031.232
979,01_names,get_prob,text_embedding_model,,0.7352293,0.031,1790414031.279
980,01_names,get_prob,text_embedding_model,,0.7352293,0.031,1790414031.31
981,01_names,get_prob,final_result_dict,,0.68748236,0.031,1790414031.357
982,01_names,get_prob,final_result_dict,,0.68748236,0.047,1790414031.404
983,01_names,get_prob,py_file_paths,,0.38867727,0.031,1790414031.435
984,01_names,get_prob,py_file_paths,,0.38867727,0.031,1790414031.482
985,01_names,get_prob,py_file_names,,0.40103492,0.031,1790414031.513
986,01_names,get_prob,py_file_names,,0.40103492,0.031,1790414031.56
987,01_names,get_prob,path,,0.6062734,0.031,1790414031.591
988,01_names,get_prob,path,,0.6062734,0.031,1790414031.638
989,01_names,get_prob,py_file_names_set,,0.556199,0.047,1790414031.685
990,01_names,get_prob,py_file_names_set,,0.556199,0.031,1790414031.716
991,01_names,get_prob,return_pattern_dict,,0.6544737,0.031,1790414031.763
992,01_names,get_prob,return_pattern_dict,,0.6544737,0.031,1790414031.794
993,01_names,get_prob,py_file_path,,0.4021066,0.031,1790414031.841
994,01_names,get_prob,py_file_path,,0.4021066,0.047,1790414031.888
995,01_names,get_prob,_,,0.65367615,0.031,1790414031.919
996,01_names,get_prob,_,,0.65367615,0.031,1790414031.966
997,01_names,get_prob,py_file_path,,0.4021066,0.031,1790414031.997
998,01_names,get_prob,py_file_path,,0.4021066,0.031,1790414032.044
999,01_names,get_prob,parsed_py_code,,0.5842547,0.031,1790414032.091
1000,01_names,get_prob,parsed_py_code,,0.5842547,0.031,1790414032.122
1001,01_names,get_prob,func_names_info,,0.6118292,0.031,1790414032.169
1002,01_names,get_prob,func_names_info,,0.6118292,0.047,1790414032.216
1003,01_names,get_prob,item,,0.72587365,0.031,1790414032.247
1004,01_names,get_prob,item,,0.72587365,0.031,1790414032.294
1005,01_names,get_prob,imported_names_info,,0.7076095,0.031,1790414032.325
1006,01_names,get_prob,imported_names_info,,0.7076095,0.031,1790414032.372
1007,01_names,get_prob,info,,0.48239872,0.047,1790414032.419
1008,01_names,get_prob,info,,0.48239872,0.031,1790414032.45
1009,01_names,get_prob,item,,0.72587365,0.031,1790414032.497
1010,01_names,get_prob,item,,0.72587365,0.031,1790414032.529
1011,01_names,get_prob,func_names,,0.49478695,0.031,1790414032.575
1012,01_names,get_prob,func_names,,0.49478695,0.047,1790414032.622
1013,01_names,get_prob,info,,0.48239872,0.031,1790414032.654
1014,01_names,get_prob,info,,0.48239872,0.031,1790414032.7
1015,01_names,get_prob,imported_names,,0.6266724,0.047,1790414032.747
1016,01_names,get_prob,imported_names,,0.6266724,0.031,1790414032.779
1017,01_names,get_prob,info,,0.48239872,0.031,1790414032.825
1018,01_names,get_prob,info,,0.48239872,0.031,1790414032.857
1019,01_names,get_prob,func_and_imported_names,,0.48223928,0.031,1790414032.904
1020,01_names,get_prob,func_and_imported_names,,0.48223928,0.047,1790414032.95
1021,01_names,get_prob,func_list,,0.61142933,0.031,1790414032.982
1022,01_names,get_prob,func_list,,0.61142933,0.031,1790414033.029
1023,01_names,get_prob,pattern,,0.608683,0.031,1790414033.06
1024,01_names,get_prob,pattern,,0.608683,0.031,1790414033.107
1025,01_names,get_prob,py_file_path_,,0.3337347,0.047,1790414033.154
1026,01_names,get_prob,py_file_path_,,0.3337347,0.031,1790414033.185
1027,01_names,get_prob,py_file_path,,0.4021066,0.031,1790414033.232
1028,01_names,get_prob,py_file_path,,0.4021066,0.031,1790414033.263
1029,01_names,get_prob,py_code,,0.64525175,0.031,1790414033.31
1030,01_names,get_prob,py_code,,0.64525175,0.031,1790414033.357
1031,01_names,get_prob,py_file_path_,,0.3337347,0.031,1790414033.388
1032,01_names,get_prob,py_file_path_,,0.3337347,0.031,1790414033.435
1033,01_names,get_prob,pattern,,0.608683,0.031,1790414033.466
1034,01_names,get_prob,pattern,,0.608683,0.031,1790414033.513
1035,01_names,get_prob,line_no,,0.709738,0.031,1790414033.56
1036,01_names,get_prob,line_no,,0.709738,0.031,1790414033.591
1037,01_names,get_prob,line,,0.6499548,0.031,1790414033.638
1038,01_names,get_prob,line,,0.6499548,0.047,1790414033.685
1039,01_names,get_prob,match,,0.5853556,0.031,1790414033.716
1040,01_names,get_prob,match,,0.5853556,0.031,1790414033.763
1041,01_names,get_prob,var_name,,0.6393743,0.031,1790414033.794
1042,01_names,get_prob,var_name,,0.6393743,0.031,1790414033.841
1043,01_names,get_prob,func_name,,0.52772486,0.047,1790414033.888
1044,01_names,get_prob,func_name,,0.52772486,0.031,1790414033.919
1045,01_names,get_prob,func_name,,0.52772486,0.031,1790414033.966
1046,01_names,get_prob,func_name,,0.52772486,0.031,1790414033.997
1047,01_names,get_prob,final_result_dict,,0.68748236,0.031,1790414034.044
1048,01_names,get_prob,final_result_dict,,0.68748236,0.047,1790414034.091
1049,01_names,get_prob,py_file_path,,0.4021066,0.031,1790414034.122
1050,01_names,get_prob,py_file_path,,0.4021066,0.031,1790414034.169
1051,01_names,get_prob,parsed_py_code,,0.5842547,0.031,1790414034.216
1052,01_names,get_prob,parsed_py_code,,0.5842547,0.031,1790414034.247
1053,01_names,get_prob,third_party_imported,,0.6593111,0.031,1790414034.294
1054,01_names,get_prob,third_party_imported,,0.6593111,0.047,1790414034.341
1055,01_names,get_prob,local_imported,,0.6419797,0.031,1790414034.372
1056,01_names,get_prob,local_imported,,0.6419797,0.031,1790414034.419
1057,01_names,get_prob,parsed_imports,,0.6387033,0.031,1790414034.45
1058,01_names,get_prob,parsed_imports,,0.6387033,0.031,1790414034.497
1059,01_names,get_prob,item,,0.72587365,0.031,1790414034.544
1060,01_names,get_prob,item,,0.72587365,0.031,1790414034.575
1061,01_names,get_prob,lib_names_import,,0.5901609,0.031,1790414034.622
1062,01_names,get_prob,lib_names_import,,0.5901609,0.047,1790414034.669
1063,01_names,get_prob,item,,0.72587365,0.031,1790414034.7
1064,01_names,get_prob,item,,0.72587365,0.031,1790414034.747
1065,01_names,get_prob,lib_names_import,,0.5901609,0.047,1790414034.794
1066,01_names,get_prob,lib_names_import,,0.5901609,0.031,1790414034.825
1067,01_names,get_prob,info,,0.48239872,0.031,1790414034.872
1068,01_names,get_prob,info,,0.48239872,0.031,1790414034.903
1069,01_names,get_prob,item,,0.72587365,0.031,1790414034.95
1070,01_names,get_prob,item,,0.72587365,0.047,1790414034.997
1071,01_names,get_prob,lib_names_import_from,,0.5761323,0.031,1790414035.028
1072,01_names,get_prob,lib_names_import_from,,0.5761323,0.031,1790414035.075
1073,01_names,get_prob,item,,0.72587365,0.047,1790414035.122
1074,01_names,get_prob,item,,0.72587365,0.031,1790414035.153
1075,01_names,get_prob,imported_lib_names,,0.5921166,0.031,1790414035.2
1076,01_names,get_prob,imported_lib_names,,0.5921166,0.031,1790414035.232
1077,01_names,get_prob,info,,0.48239872,0.031,1790414035.278
1078,01_names,get_prob,info,,0.48239872,0.047,1790414035.325
1079,01_names,get_prob,line_no,,0.709738,0.031,1790414035.357
1080,01_names,get_prob,line_no,,0.709738,0.031,1790414035.403
1081,01_names,get_prob,func_name,,0.52772486,0.031,1790414035.435
1082,01_names,get_prob,func_name,,0.52772486,0.031,1790414035.482
1083,01_names,get_prob,name,,0.5005349,0.031,1790414035.528
1084,01_names,get_prob,name,,0.5005349,0.031,1790414035.56
1085,01_names,get_prob,third_party_imported,,0.6593111,0.031,1790414035.607
1086,01_names,get_prob,third_party_imported,,0.6593111,0.031,1790414035.638
1087,01_names,get_prob,local_imported,,0.6419797,0.031,1790414035.685
1088,01_names,get_prob,local_imported,,0.6419797,0.031,1790414035.732
1089,01_names,get_prob,text_embedding_model_single_responsibility,,0.67453134,0.031,1790414035.763
1090,01_names,get_prob,text_embedding_model_single_responsibility,,0.67453134,0.031,1790414035.81
1091,01_names,get_prob,text_embedding_model_docstring_and_name,,0.54405534,0.031,1790414035.857
1092,01_names,get_prob,text_embedding_model_docstring_and_name,,0.54405534,0.031,1790414035.888
1093,01_names,get_prob,final_result_dict,,0.68748236,0.031,1790414035.935
1094,01_names,get_prob,final_result_dict,,0.68748236,0.047,1790414035.982
1095,01_names,get_prob,py_file_path,,0.4021066,0.031,1790414036.013
1096,01_names,get_prob,py_file_path,,0.4021066,0.031,1790414036.06
1097,01_names,get_prob,parsed_py_code,,0.5842547,0.047,1790414036.107
1098,01_names,get_prob,parsed_py_code,,0.5842547,0.031,1790414036.138
1099,01_names,get_prob,func_defs,,0.4659263,0.031,1790414036.185
1100,01_names,get_prob,func_defs,,0.4659263,0.047,1790414036.232
1101,01_names,get_prob,item,,0.72587365,0.031,1790414036.263
1102,01_names,get_prob,item,,0.72587365,0.031,1790414036.31
1103,01_names,get_prob,func_docstrings_info,,0.606179,0.031,1790414036.341
1104,01_names,get_prob,func_docstrings_info,,0.606179,0.031,1790414036.388
1105,01_names,get_prob,item,,0.72587365,0.031,1790414036.435
1106,01_names,get_prob,item,,0.72587365,0.031,1790414036.466
1107,01_names,get_prob,func_docstrings_info,,0.606179,0.031,1790414036.513
1108,01_names,get_prob,func_docstrings_info,,0.606179,0.031,1790414036.544
1109,01_names,get_prob,item,,0.72587365,0.031,1790414036.591
1110,01_names,get_prob,item,,0.72587365,0.031,1790414036.638
1111,01_names,get_prob,item,,0.72587365,0.031,1790414036.669
1112,01_names,get_prob,item,,0.72587365,0.031,1790414036.716
1113,01_names,get_prob,line_no,,0.709738,0.047,1790414036.763
1114,01_names,get_prob,line_no,,0.709738,0.031,1790414036.794
1115,01_names,get_prob,func_name,,0.52772486,0.031,1790414036.841
1116,01_names,get_prob,func_name,,0.52772486,0.031,1790414036.872
1117,01_names,get_prob,text_embedding_model,,0.7352293,0.031,1790414036.919
1118,01_names,get_prob,text_embedding_model,,0.7352293,0.031,1790414036.966
1119,01_names,get_prob,final_result_dict,,0.68748236,0.031,1790414036.997
1120,01_names,get_prob,final_result_dict,,0.68748236,0.031,1790414037.044
1121,01_names,get_prob,py_file_path,,0.4021066,0.031,1790414037.091
1122,01_names,get_prob,py_file_path,,0.4021066,0.031,1790414037.123
1123,01_names,get_prob,py_code,,0.64525175,0.032,1790414037.17
1124,01_names,get_prob,py_code,,0.64525175,0.047,1790414037.217
1125,01_names,get_prob,py_code_lines,,0.6840165,0.031,1790414037.248
1126,01_names,get_prob,py_code_lines,,0.6840165,0.031,1790414037.295
1127,01_names,get_prob,comments,,0.36605316,0.031,1790414037.326
1128,01_names,get_prob,comments,,0.36605316,0.031,1790414037.373
1129,01_names,get_prob,current_comment,,0.5901024,0.031,1790414037.42
1130,01_names,get_prob,current_comment,,0.5901024,0.047,1790414037.467
1131,01_names,get_prob,line_idx,,0.69492745,0.031,1790414037.498
1132,01_names,get_prob,line_idx,,0.69492745,0.031,1790414037.545
1133,01_names,get_prob,line,,0.6499548,0.031,1790414037.576
1134,01_names,get_prob,line,,0.6499548,0.031,1790414037.623
1135,01_names,get_prob,comment,,0.21827269,0.031,1790414037.67
1136,01_names,get_prob,comment,,0.21827269,0.031,1790414037.701
1137,01_names,get_prob,current_comment,,0.5901024,0.031,1790414037.748
1138,01_names,get_prob,current_comment,,0.5901024,0.047,1790414037.795
1139,01_names,get_prob,current_comment,,0.5901024,0.031,1790414037.826
1140,01_names,get_prob,current_comment,,0.5901024,0.031,1790414037.873
1141,01_names,get_prob,comment,,0.21827269,0.031,1790414037.904
1142,01_names,get_prob,comment,,0.21827269,0.031,1790414037.951
1143,01_names,get_prob,line_no,,0.709738,0.031,1790414037.998
1144,01_names,get_prob,line_no,,0.709738,0.031,1790414038.029
1145,01_names,get_prob,func_name,,0.52772486,0.031,1790414038.076
1146,01_names,get_prob,func_name,,0.52772486,0.047,1790414038.123
1147,01_names,get_prob,final_result_dict,,0.68748236,0.031,1790414038.154
1148,01_names,get_prob,final_result_dict,,0.68748236,0.031,1790414038.201
1149,01_names,get_prob,py_file_path,,0.4021066,0.031,1790414038.248
1150,01_names,get_prob,py_file_path,,0.4021066,0.031,1790414038.279
1151,01_names,get_prob,py_code,,0.64525175,0.031,1790414038.326
1152,01_names,get_prob,py_code,,0.64525175,0.031,1790414038.373
1153,01_names,get_prob,py_code_lines,,0.6840165,0.031,1790414038.404
1154,01_names,get_prob,py_code_lines,,0.6840165,0.031,1790414038.451
1155,01_names,get_prob,is_empty,,0.66919005,0.031,1790414038.498
1156,01_names,get_prob,is_empty,,0.66919005,0.031,1790414038.529
1157,01_names,get_prob,line_idx,,0.69492745,0.031,1790414038.576
1158,01_names,get_prob,line_idx,,0.69492745,0.031,1790414038.623
1159,01_names,get_prob,line,,0.6499548,0.031,1790414038.654
1160,01_names,get_prob,line,,0.6499548,0.031,1790414038.701
1161,01_names,get_prob,comment,,0.21827269,0.031,1790414038.748
1162,01_names,get_prob,comment,,0.21827269,0.031,1790414038.779
1163,01_names,get_prob,is_empty,,0.66919005,0.031,1790414038.826
1164,01_names,get_prob,is_empty,,0.66919005,0.031,1790414038.873
1165,01_names,get_prob,checks,,0.49481574,0.031,1790414038.904
1166,01_names,get_prob,checks,,0.49481574,0.031,1790414038.951
1167,01_names,get_prob,name,,0.5005349,0.031,1790414038.998
1168,01_names,get_prob,name,,0.5005349,0.031,1790414039.029
1169,01_names,get_prob,text_embedding_model,,0.7352293,0.031,1790414039.076
1170,01_names,get_prob,text_embedding_model,,0.7352293,0.031,1790414039.123
1171,01_names,get_prob,final_result_dict,,0.68748236,0.031,1790414039.154
1172,01_names,get_prob,final_result_dict,,0.68748236,0.031,1790414039.201
1173,01_names,get_prob,py_file_path,,0.4021066,0.031,1790414039.248
1174,01_names,get_prob,py_file_path,,0.4021066,0.031,1790414039.279
1175,01_names,get_prob,py_code,,0.64525175,0.031,1790414039.326
1176,01_names,get_prob,py_code,,0.64525175,0.047,1790414039.373
1177,01_names,get_prob,matched_lines,,0.63206846,0.031,1790414039.404
1178,01_names,get_prob,matched_lines,,0.63206846,0.031,1790414039.451
1179,01_names,get_prob,line,,0.6499548,0.047,1790414039.498
1180,01_names,get_prob,line,,0.6499548,0.031,1790414039.529
1181,01_names,get_prob,line_no,,0.709738,0.031,1790414039.576
1182,01_names,get_prob,line_no,,0.709738,0.047,1790414039.623
1183,01_names,get_prob,func_name,,0.52772486,0.031,1790414039.654
1184,01_names,get_prob,func_name,,0.52772486,0.031,1790414039.701
1185,01_names,get_prob,final_result_dict,,0.68748236,0.047,1790414039.748
1186,01_names,get_prob,final_result_dict,,0.68748236,0.031,1790414039.779
1187,01_names,get_prob,py_file_path,,0.4021066,0.031,1790414039.826
1188,01_names,get_prob,py_file_path,,0.4021066,0.047,1790414039.873
1189,01_names,get_prob,py_code,,0.64525175,0.031,1790414039.904
1190,01_names,get_prob,py_code,,0.64525175,0.031,1790414039.951
1191,01_names,get_prob,lines,,0.60547626,0.047,1790414039.998
1192,01_names,get_prob,lines,,0.60547626,0.031,1790414040.029
1193,01_names,get_prob,line_idx,,0.69492745,0.031,1790414040.076
1194,01_names,get_prob,line_idx,,0.69492745,0.031,1790414040.123
1195,01_names,get_prob,line,,0.6499548,0.047,1790414040.186
1196,01_names,get_prob,line,,0.6499548,0.047,1790414040.232
1197,01_names,get_prob,line_no,,0.709738,0.047,1790414040.279
1198,01_names,get_prob,line_no,,0.709738,0.047,1790414040.326
1199,01_names,get_prob,func_name,,0.52772486,0.047,1790414040.373
1200,01_names,get_prob,func_name,,0.52772486,0.031,1790414040.404
1201,01_names,get_prob,code_path_str,,0.5874194,0.031,1790414040.451
1202,01_names,get_prob,code_path_str,,0.5874194,0.031,1790414040.498
1203,01_names,get_prob,final_result_dict,,0.68748236,0.031,1790414040.545
1204,01_names,get_prob,final_result_dict,,0.68748236,0.031,1790414040.576
1205,01_names,get_prob,required_files,,0.66032463,0.031,1790414040.623
1206,01_names,get_prob,required_files,,0.66032463,0.031,1790414040.67
1207,01_names,get_prob,required_file,,0.7058035,0.031,1790414040.701
1208,01_names,get_prob,required_file,,0.7058035,0.031,1790414040.748
1209,01_names,get_prob,final_result_dict,,0.68748236,0.047,1790414040.795
1210,01_names,get_prob,final_result_dict,,0.68748236,0.031,1790414040.826
1211,01_names,get_prob,py_file_path,,0.4021066,0.031,1790414040.873
1212,01_names,get_prob,py_file_path,,0.4021066,0.047,1790414040.92
1213,01_names,get_prob,parsed_py_code,,0.5842547,0.031,1790414040.951
1214,01_names,get_prob,parsed_py_code,,0.5842547,0.031,1790414040.998
1215,01_names,get_prob,func_defs,,0.4659263,0.031,1790414041.045
1216,01_names,get_prob,func_defs,,0.4659263,0.031,1790414041.076
1217,01_names,get_prob,item,,0.72587365,0.031,1790414041.123
1218,01_names,get_prob,item,,0.72587365,0.031,1790414041.17
1219,01_names,get_prob,item,,0.72587365,0.031,1790414041.201
1220,01_names,get_prob,item,,0.72587365,0.031,1790414041.248
1221,01_names,get_prob,line_no,,0.709738,0.031,1790414041.295
1222,01_names,get_prob,line_no,,0.709738,0.047,1790414041.342
1223,01_names,get_prob,start_line,,0.73916894,0.031,1790414041.373
1224,01_names,get_prob,start_line,,0.73916894,0.031,1790414041.42
1225,01_names,get_prob,end_line,,0.66432023,0.047,1790414041.467
1226,01_names,get_prob,end_line,,0.66432023,0.031,1790414041.498
1227,01_names,get_prob,func_name,,0.52772486,0.031,1790414041.545
1228,01_names,get_prob,func_name,,0.52772486,0.047,1790414041.592
1229,01_names,get_prob,func_length,,0.65799266,0.031,1790414041.623
1230,01_names,get_prob,func_length,,0.65799266,0.031,1790414041.67
1231,01_names,get_prob,annotations,,0.5083456,0.031,1790414041.717
1232,01_names,get_prob,annotations,,0.5083456,0.031,1790414041.748
1233,01_names,get_prob,return_type,,0.7310693,0.031,1790414041.795
1234,01_names,get_prob,return_type,,0.7310693,0.031,1790414041.842
1235,01_names,get_prob,final_result_dict,,0.68748236,0.031,1790414041.873
1236,01_names,get_prob,final_result_dict,,0.68748236,0.031,1790414041.92
1237,01_names,get_prob,py_file_path,,0.4021066,0.031,1790414041.967
1238,01_names,get_prob,py_file_path,,0.4021066,0.031,1790414041.998
1239,01_names,get_prob,py_code,,0.64525175,0.031,1790414042.045
1240,01_names,get_prob,py_code,,0.64525175,0.031,1790414042.092
1241,01_names,get_prob,lines,,0.60547626,0.031,1790414042.123
1242,01_names,get_prob,lines,,0.60547626,0.031,1790414042.17
1243,01_names,get_prob,current_base_indent,,0.7483872,0.031,1790414042.217
1244,01_names,get_prob,current_base_indent,,0.7483872,0.047,1790414042.264
1245,01_names,get_prob,current_depth,,0.73577887,0.031,1790414042.295
1246,01_names,get_prob,current_depth,,0.73577887,0.031,1790414042.342
1247,01_names,get_prob,line_idx,,0.69492745,0.047,1790414042.389
1248,01_names,get_prob,line_idx,,0.69492745,0.031,1790414042.42
1249,01_names,get_prob,line,,0.6499548,0.031,1790414042.467
1250,01_names,get_prob,line,,0.6499548,0.031,1790414042.514
1251,01_names,get_prob,line_no,,0.709738,0.031,1790414042.545
1252,01_names,get_prob,line_no,,0.709738,0.031,1790414042.592
1253,01_names,get_prob,current_indent,,0.65371853,0.031,1790414042.639
1254,01_names,get_prob,current_indent,,0.65371853,0.031,1790414042.67
1255,01_names,get_prob,current_base_indent,,0.7483872,0.031,1790414042.717
1256,01_names,get_prob,current_base_indent,,0.7483872,0.031,1790414042.764
1257,01_names,get_prob,current_depth,,0.73577887,0.031,1790414042.795
1258,01_names,get_prob,current_depth,,0.73577887,0.031,1790414042.842
1259,01_names,get_prob,current_base_indent,,0.7483872,0.031,1790414042.889
1260,01_names,get_prob,current_base_indent,,0.7483872,0.047,1790414042.936
1261,01_names,get_prob,current_depth,,0.73577887,0.031,1790414042.967
1262,01_names,get_prob,current_depth,,0.73577887,0.031,1790414043.014
1263,01_names,get_prob,current_depth,,0.73577887,0.047,1790414043.061
1264,01_names,get_prob,current_depth,,0.73577887,0.031,1790414043.092
1265,01_names,get_prob,current_depth,,0.73577887,0.031,1790414043.139
1266,01_names,get_prob,current_depth,,0.73577887,0.047,1790414043.186
1267,01_names,get_prob,func_name,,0.52772486,0.031,1790414043.217
1268,01_names,get_prob,func_name,,0.52772486,0.031,1790414043.264
1269,01_names,get_prob,checks,,0.49481574,0.047,1790414043.311
1270,01_names,get_prob,checks,,0.49481574,0.031,1790414043.342
1271,01_names,get_prob,name,,0.5005349,0.031,1790414043.389
1272,01_names,get_prob,name,,0.5005349,0.031,1790414043.436
1273,01_names,get_prob,final_result_dict,,0.68748236,0.031,1790414043.467
1274,01_names,get_prob,final_result_dict,,0.68748236,0.031,1790414043.514
1275,01_names,get_prob,py_file_path,,0.4021066,0.031,1790414043.561
1276,01_names,get_prob,py_file_path,,0.4021066,0.031,1790414043.592
1277,01_names,get_prob,py_code,,0.64525175,0.031,1790414043.639
1278,01_names,get_prob,py_code,,0.64525175,0.031,1790414043.686
1279,01_names,get_prob,definition_lines,,0.604199,0.031,1790414043.717
1280,01_names,get_prob,definition_lines,,0.604199,0.031,1790414043.764
1281,01_names,get_prob,value_definition_lines,,0.60292625,0.031,1790414043.811
1282,01_names,get_prob,value_definition_lines,,0.60292625,0.031,1790414043.842
1283,01_names,get_prob,def_line,,0.656006,0.031,1790414043.889
1284,01_names,get_prob,def_line,,0.656006,0.031,1790414043.936
1285,01_names,get_prob,val_line,,0.6799238,0.047,1790414043.982
1286,01_names,get_prob,val_line,,0.6799238,0.031,1790414044.014
1287,01_names,get_prob,val_line_no,,0.67616946,0.031,1790414044.061
1288,01_names,get_prob,val_line_no,,0.67616946,0.031,1790414044.107
1289,01_names,get_prob,def_line_no,,0.6767557,0.031,1790414044.139
1290,01_names,get_prob,def_line_no,,0.6767557,0.031,1790414044.186
1291,01_names,get_prob,val_line_,,0.6462044,0.031,1790414044.232
1292,01_names,get_prob,val_line_,,0.6462044,0.047,1790414044.279
1293,01_names,get_prob,def_line_,,0.6503779,0.031,1790414044.311
1294,01_names,get_prob,def_line_,,0.6503779,0.031,1790414044.357
1295,01_names,get_prob,func_name,,0.52772486,0.047,1790414044.404
1296,01_names,get_prob,func_name,,0.52772486,0.031,1790414044.436
1297,01_names,get_prob,idx_matched,,0.616683,0.031,1790414044.482
1298,01_names,get_prob,idx_matched,,0.616683,0.031,1790414044.529
1299,01_names,get_prob,name_matched,,0.64077425,0.031,1790414044.56
1300,01_names,get_prob,name_matched,,0.64077425,0.031,1790414044.607
1301,01_names,get_prob,regex_for_in_range,,0.6633814,0.031,1790414044.654
1302,01_names,get_prob,regex_for_in_range,,0.6633814,0.031,1790414044.685
1303,01_names,get_prob,checks,,0.49481574,0.031,1790414044.732
1304,01_names,get_prob,checks,,0.49481574,0.031,1790414044.779
1305,01_names,get_prob,name,,0.5005349,0.047,1790414044.826
1306,01_names,get_prob,name,,0.5005349,0.031,1790414044.857
1307,01_names,get_prob,value_assign,,0.6170146,0.031,1790414044.904
1308,01_names,get_prob,value_assign,,0.6170146,0.047,1790414044.951
1309,01_names,get_prob,final_result_dict,,0.68748236,0.031,1790414044.983
1310,01_names,get_prob,final_result_dict,,0.68748236,0.031,1790414045.029
1311,01_names,get_prob,text_embedding_model_bindable,,0.66838574,0.031,1790414045.076
1312,01_names,get_prob,text_embedding_model_bindable,,0.66838574,0.031,1790414045.108
1313,01_names,get_prob,text_embedding_model_dynamic,,0.69805455,0.031,1790414045.154
1314,01_names,get_prob,text_embedding_model_dynamic,,0.69805455,0.031,1790414045.201
1315,01_names,get_prob,py_file_path,,0.4021066,0.031,1790414045.233
1316,01_names,get_prob,py_file_path,,0.4021066,0.031,1790414045.279
1317,01_names,get_prob,parsed_py_code,,0.5842547,0.031,1790414045.326
1318,01_names,get_prob,parsed_py_code,,0.5842547,0.047,1790414045.373
1319,01_names,get_prob,function_defs,,0.5380675,0.031,1790414045.404
1320,01_names,get_prob,function_defs,,0.5380675,0.031,1790414045.451
1321,01_names,get_prob,item,,0.72587365,0.047,1790414045.498
1322,01_names,get_prob,item,,0.72587365,0.031,1790414045.529
1323,01_names,get_prob,item,,0.72587365,0.031,1790414045.576
1324,01_names,get_prob,item,,0.72587365,0.031,1790414045.623
1325,01_names,get_prob,line_no,,0.709738,0.047,1790414045.67
1326,01_names,get_prob,line_no,,0.709738,0.031,1790414045.701
1327,01_names,get_prob,func_name,,0.52772486,0.031,1790414045.748
1328,01_names,get_prob,func_name,,0.52772486,0.031,1790414045.795
1329,01_names,get_prob,arg_names,,0.59767663,0.031,1790414045.826
1330,01_names,get_prob,arg_names,,0.59767663,0.031,1790414045.873
1331,01_names,get_prob,arg_name_list,,0.63961315,0.031,1790414045.92
1332,01_names,get_prob,arg_name_list,,0.63961315,0.031,1790414045.951
1333,01_names,get_prob,stored_name_dict,,0.6743804,0.031,1790414045.998
1334,01_names,get_prob,stored_name_dict,,0.6743804,0.031,1790414046.045
1335,01_names,get_prob,func_name,,0.52772486,0.047,1790414046.092
1336,01_names,get_prob,func_name,,0.52772486,0.031,1790414046.123
1337,01_names,get_prob,py_file_path,,0.4021066,0.031,1790414046.17
1338,01_names,get_prob,py_file_path,,0.4021066,0.031,1790414046.217
1339,01_names,get_prob,parsed_py_code,,0.5842547,0.031,1790414046.248
1340,01_names,get_prob,parsed_py_code,,0.5842547,0.031,1790414046.295
1341,01_names,get_prob,stored_names,,0.6724478,0.031,1790414046.342
1342,01_names,get_prob,stored_names,,0.6724478,0.031,1790414046.389
1343,01_names,get_prob,item,,0.72587365,0.031,1790414046.42
1344,01_names,get_prob,item,,0.72587365,0.031,1790414046.467
1345,01_names,get_prob,item,,0.72587365,0.031,1790414046.514
1346,01_names,get_prob,item,,0.72587365,0.047,1790414046.561
1347,01_names,get_prob,checks,,0.49481574,0.031,1790414046.592
1348,01_names,get_prob,checks,,0.49481574,0.031,1790414046.639
1349,01_names,get_prob,name,,0.5005349,0.047,1790414046.686
1350,01_names,get_prob,name,,0.5005349,0.031,1790414046.717
1351,01_names,get_prob,stored_arg_name_dict,,0.6328465,0.031,1790414046.764
1352,01_names,get_prob,stored_arg_name_dict,,0.6328465,0.031,1790414046.811
1353,01_names,get_prob,arg_name,,0.6219328,0.031,1790414046.842
1354,01_names,get_prob,arg_name,,0.6219328,0.031,1790414046.889
1355,01_names,get_prob,py_file_path,,0.4021066,0.031,1790414046.936
1356,01_names,get_prob,py_file_path,,0.4021066,0.047,1790414046.982
1357,01_names,get_prob,parsed_py_code,,0.5842547,0.031,1790414047.014
1358,01_names,get_prob,parsed_py_code,,0.5842547,0.031,1790414047.061
1359,01_names,get_prob,function_defs,,0.5380675,0.031,1790414047.107
1360,01_names,get_prob,function_defs,,0.5380675,0.031,1790414047.139
1361,01_names,get_prob,item,,0.72587365,0.031,1790414047.186
1362,01_names,get_prob,item,,0.72587365,0.031,1790414047.232
1363,01_names,get_prob,item,,0.72587365,0.047,1790414047.279
1364,01_names,get_prob,item,,0.72587365,0.031,1790414047.311
1365,01_names,get_prob,arg_names,,0.59767663,0.031,1790414047.357
1366,01_names,get_prob,arg_names,,0.59767663,0.031,1790414047.404
1367,01_names,get_prob,start_line,,0.73916894,0.031,1790414047.436
1368,01_names,get_prob,start_line,,0.73916894,0.031,1790414047.482
1369,01_names,get_prob,def_end_line,,0.6571186,0.031,1790414047.529
1370,01_names,get_prob,def_end_line,,0.6571186,0.031,1790414047.56
1371,01_names,get_prob,line_no,,0.709738,0.031,1790414047.607
1372,01_names,get_prob,line_no,,0.709738,0.031,1790414047.654
1373,01_names,get_prob,final_result_dict,,0.68748236,0.047,1790414047.701
1374,01_names,get_prob,final_result_dict,,0.68748236,0.031,1790414047.732
1375,01_names,get_prob,py_file_path,,0.4021066,0.031,1790414047.779
1376,01_names,get_prob,py_file_path,,0.4021066,0.031,1790414047.826
1377,01_names,get_prob,parsed_py_code,,0.5842547,0.031,1790414047.857
1378,01_names,get_prob,parsed_py_code,,0.5842547,0.031,1790414047.904
1379,01_names,get_prob,store_cases,,0.69206744,0.031,1790414047.951
1380,01_names,get_prob,store_cases,,0.69206744,0.047,1790414047.998
1381,01_names,get_prob,item,,0.72587365,0.031,1790414048.029
1382,01_names,get_prob,item,,0.72587365,0.031,1790414048.076
1383,01_names,get_prob,store_cases_bad,,0.73046726,0.047,1790414048.123
1384,01_names,get_prob,store_cases_bad,,0.73046726,0.031,1790414048.154
1385,01_names,get_prob,item,,0.72587365,0.031,1790414048.201
1386,01_names,get_prob,item,,0.72587365,0.031,1790414048.248
1387,01_names,get_prob,item,,0.72587365,0.031,1790414048.295
1388,01_names,get_prob,item,,0.72587365,0.047,1790414048.342
1389,01_names,get_prob,line_no,,0.709738,0.031,1790414048.373
1390,01_names,get_prob,line_no,,0.709738,0.031,1790414048.42
1391,01_names,get_prob,func_name,,0.52772486,0.031,1790414048.467
1392,01_names,get_prob,func_name,,0.52772486,0.031,1790414048.498
1393,01_names,get_prob,function_defs,,0.5380675,0.031,1790414048.545
1394,01_names,get_prob,function_defs,,0.5380675,0.031,1790414048.592
1395,01_names,get_prob,item,,0.72587365,0.047,1790414048.639
1396,01_names,get_prob,item,,0.72587365,0.031,1790414048.67
1397,01_names,get_prob,function_args,,0.63813823,0.031,1790414048.717
1398,01_names,get_prob,function_args,,0.63813823,0.031,1790414048.764
1399,01_names,get_prob,item,,0.72587365,0.031,1790414048.795
1400,01_names,get_prob,item,,0.72587365,0.031,1790414048.842
1401,01_names,get_prob,function_args_bad,,0.66413593,0.031,1790414048.889
1402,01_names,get_prob,function_args_bad,,0.66413593,0.031,1790414048.935
1403,01_names,get_prob,x,,0.40893742,0.031,1790414048.967
1404,01_names,get_prob,x,,0.40893742,0.031,1790414049.014
1405,01_names,get_prob,item,,0.72587365,0.031,1790414049.06
1406,01_names,get_prob,item,,0.72587365,0.047,1790414049.107
1407,01_names,get_prob,function_args_bad,,0.66413593,0.031,1790414049.139
1408,01_names,get_prob,function_args_bad,,0.66413593,0.031,1790414049.185
1409,01_names,get_prob,item,,0.72587365,0.031,1790414049.232
1410,01_names,get_prob,item,,0.72587365,0.031,1790414049.264
1411,01_names,get_prob,item,,0.72587365,0.031,1790414049.31
1412,01_names,get_prob,item,,0.72587365,0.031,1790414049.357
1413,01_names,get_prob,line_no,,0.709738,0.031,1790414049.404
1414,01_names,get_prob,line_no,,0.709738,0.031,1790414049.435
1415,01_names,get_prob,arg_names,,0.59767663,0.031,1790414049.482
1416,01_names,get_prob,arg_names,,0.59767663,0.031,1790414049.529
1417,01_names,get_prob,func_name,,0.52772486,0.031,1790414049.576
1418,01_names,get_prob,func_name,,0.52772486,0.031,1790414049.607
1419,01_names,get_prob,arg_name,,0.6219328,0.031,1790414049.654
1420,01_names,get_prob,arg_name,,0.6219328,0.031,1790414049.701
1421,01_names,get_prob,checks,,0.49481574,0.031,1790414049.748
1422,01_names,get_prob,checks,,0.49481574,0.031,1790414049.779
1423,01_names,get_prob,name,,0.5005349,0.031,1790414049.826
1424,01_names,get_prob,name,,0.5005349,0.031,1790414049.873
1425,01_names,get_prob,final_result_dict,,0.68748236,0.031,1790414049.92
1426,01_names,get_prob,final_result_dict,,0.68748236,0.031,1790414049.951
1427,01_names,get_prob,py_file_path,,0.4021066,0.031,1790414049.998
1428,01_names,get_prob,py_file_path,,0.4021066,0.031,1790414050.045
1429,01_names,get_prob,parsed_py_code,,0.5842547,0.047,1790414050.092
1430,01_names,get_prob,parsed_py_code,,0.5842547,0.031,1790414050.123
1431,01_names,get_prob,function_defs,,0.5380675,0.031,1790414050.17
1432,01_names,get_prob,function_defs,,0.5380675,0.031,1790414050.217
1433,01_names,get_prob,item,,0.72587365,0.031,1790414050.263
1434,01_names,get_prob,item,,0.72587365,0.031,1790414050.295
1435,01_names,get_prob,function_and_args,,0.61331415,0.031,1790414050.342
1436,01_names,get_prob,function_and_args,,0.61331415,0.031,1790414050.388
1437,01_names,get_prob,item,,0.72587365,0.047,1790414050.435
1438,01_names,get_prob,item,,0.72587365,0.031,1790414050.467
1439,01_names,get_prob,function_and_args_,,0.58663094,0.031,1790414050.513
1440,01_names,get_prob,function_and_args_,,0.58663094,0.031,1790414050.56
1441,01_names,get_prob,func_name,,0.52772486,0.047,1790414050.607
1442,01_names,get_prob,func_name,,0.52772486,0.031,1790414050.638
1443,01_names,get_prob,items,,0.6577746,0.031,1790414050.685
1444,01_names,get_prob,items,,0.6577746,0.031,1790414050.732
1445,01_names,get_prob,duplicate_count_except_first,,0.5368048,0.047,1790414050.779
1446,01_names,get_prob,duplicate_count_except_first,,0.5368048,0.031,1790414050.81
1447,01_names,get_prob,arg_name_discovered,,0.70454794,0.031,1790414050.857
1448,01_names,get_prob,arg_name_discovered,,0.70454794,0.031,1790414050.904
1449,01_names,get_prob,items_,,0.69004494,0.047,1790414050.951
1450,01_names,get_prob,items_,,0.69004494,0.031,1790414050.982
1451,01_names,get_prob,item,,0.72587365,0.031,1790414051.029
1452,01_names,get_prob,item,,0.72587365,0.031,1790414051.076
1453,01_names,get_prob,arg_name_set,,0.6004351,0.047,1790414051.123
1454,01_names,get_prob,arg_name_set,,0.6004351,0.031,1790414051.154
1455,01_names,get_prob,intersection_size,,0.62881833,0.031,1790414051.201
1456,01_names,get_prob,intersection_size,,0.62881833,0.031,1790414051.248
1457,01_names,get_prob,duplicate_count_except_first,,0.5368048,0.047,1790414051.295
1458,01_names,get_prob,duplicate_count_except_first,,0.5368048,0.031,1790414051.326
1459,01_names,get_prob,line_no,,0.709738,0.031,1790414051.373
1460,01_names,get_prob,line_no,,0.709738,0.031,1790414051.42
1461,01_names,get_prob,text_embedding_model,,0.7352293,0.031,1790414051.451
1462,01_names,get_prob,text_embedding_model,,0.7352293,0.031,1790414051.498
1463,01_names,get_prob,text,,0.65841496,0.031,1790414051.545
1464,01_names,get_prob,text,,0.65841496,0.031,1790414051.592
1465,01_names,get_prob,class_name,,0.6456343,0.031,1790414051.623
1466,01_names,get_prob,class_name,,0.6456343,0.031,1790414051.67
1467,01_names,get_prob,text_embedding_model,,0.7352293,0.031,1790414051.717
1468,01_names,get_prob,text_embedding_model,,0.7352293,0.031,1790414051.764
1469,01_names,get_prob,final_result_dict,,0.68748236,0.031,1790414051.795
1470,01_names,get_prob,final_result_dict,,0.68748236,0.031,1790414051.842
1471,01_names,get_prob,py_file_path,,0.4021066,0.031,1790414051.889
1472,01_names,get_prob,py_file_path,,0.4021066,0.031,1790414051.935
1473,01_names,get_prob,parsed_py_code,,0.5842547,0.031,1790414051.967
1474,01_names,get_prob,parsed_py_code,,0.5842547,0.031,1790414052.014
1475,01_names,get_prob,func_names,,0.49478695,0.031,1790414052.06
1476,01_names,get_prob,func_names,,0.49478695,0.031,1790414052.107
1477,01_names,get_prob,item,,0.72587365,0.031,1790414052.139
1478,01_names,get_prob,item,,0.72587365,0.031,1790414052.185
1479,01_names,get_prob,func_count,,0.6471624,0.031,1790414052.232
1480,01_names,get_prob,func_count,,0.6471624,0.031,1790414052.279
1481,01_names,get_prob,func_sim_matrix,,0.6718725,0.031,1790414052.326
1482,01_names,get_prob,func_sim_matrix,,0.6718725,0.047,1790414052.373
1483,01_names,get_prob,_,,0.65367615,0.031,1790414052.404
1484,01_names,get_prob,_,,0.65367615,0.031,1790414052.451
1485,01_names,get_prob,_,,0.65367615,0.031,1790414052.498
1486,01_names,get_prob,_,,0.65367615,0.031,1790414052.529
1487,01_names,get_prob,embeddings_0,,0.67962486,0.031,1790414052.576
1488,01_names,get_prob,embeddings_0,,0.67962486,0.031,1790414052.623
1489,01_names,get_prob,embeddings_1,,0.61921394,0.031,1790414052.67
1490,01_names,get_prob,embeddings_1,,0.61921394,0.031,1790414052.701
1491,01_names,get_prob,info,,0.48239872,0.031,1790414052.748
1492,01_names,get_prob,info,,0.48239872,0.031,1790414052.795
1493,01_names,get_prob,embeddings_0,,0.67962486,0.047,1790414052.842
1494,01_names,get_prob,embeddings_0,,0.67962486,0.031,1790414052.873
1495,01_names,get_prob,embeddings_1,,0.61921394,0.031,1790414052.92
1496,01_names,get_prob,embeddings_1,,0.61921394,0.031,1790414052.967
1497,01_names,get_prob,idx_0,,0.690664,0.047,1790414053.013
1498,01_names,get_prob,idx_0,,0.690664,0.031,1790414053.045
1499,01_names,get_prob,emb_0,,0.695164,0.031,1790414053.092
1500,01_names,get_prob,emb_0,,0.695164,0.031,1790414053.138
1501,01_names,get_prob,idx_1,,0.6636382,0.031,1790414053.17
1502,01_names,get_prob,idx_1,,0.6636382,0.031,1790414053.217
1503,01_names,get_prob,emb_1,,0.6357923,0.031,1790414053.263
1504,01_names,get_prob,emb_1,,0.6357923,0.031,1790414053.31
1505,01_names,get_prob,cos_sim,,0.6144512,0.031,1790414053.342
1506,01_names,get_prob,cos_sim,,0.6144512,0.031,1790414053.388
1507,01_names,get_prob,idx_0,,0.690664,0.031,1790414053.435
1508,01_names,get_prob,idx_0,,0.690664,0.031,1790414053.482
1509,01_names,get_prob,func_name_item,,0.6290258,0.031,1790414053.513
1510,01_names,get_prob,func_name_item,,0.6290258,0.031,1790414053.56
1511,01_names,get_prob,first_similar_idx,,0.66673195,0.031,1790414053.607
1512,01_names,get_prob,first_similar_idx,,0.66673195,0.031,1790414053.654
1513,01_names,get_prob,func_reorder_needed,,0.56614333,0.031,1790414053.701
1514,01_names,get_prob,func_reorder_needed,,0.56614333,0.031,1790414053.748
1515,01_names,get_prob,idx_1,,0.6636382,0.031,1790414053.795
1516,01_names,get_prob,idx_1,,0.6636382,0.031,1790414053.842
1517,01_names,get_prob,first_similar_idx,,0.66673195,0.031,1790414053.889
1518,01_names,get_prob,first_similar_idx,,0.66673195,0.031,1790414053.92
1519,01_names,get_prob,func_reorder_needed,,0.56614333,0.031,1790414053.967
1520,01_names,get_prob,func_reorder_needed,,0.56614333,0.031,1790414054.014
1521,01_names,get_prob,func_name,,0.52772486,0.031,1790414054.06
1522,01_names,get_prob,func_name,,0.52772486,0.031,1790414054.092
1523,01_names,get_prob,line_no,,0.709738,0.031,1790414054.139
1524,01_names,get_prob,line_no,,0.709738,0.031,1790414054.185
1525,01_names,get_prob,checks,,0.49481574,0.031,1790414054.232
1526,01_names,get_prob,checks,,0.49481574,0.031,1790414054.279
1527,01_names,get_prob,name,,0.5005349,0.047,1790414054.326
1528,01_names,get_prob,name,,0.5005349,0.031,1790414054.357
1529,01_names,get_prob,python_basics_result,,0.7069381,0.031,1790414054.404
1530,01_names,get_prob,python_basics_result,,0.7069381,0.031,1790414054.451
1531,01_names,get_prob,basic_convention_result,,0.6386716,0.047,1790414054.498
1532,01_names,get_prob,basic_convention_result,,0.6386716,0.031,1790414054.529
1533,01_names,get_prob,simplification_result,,0.5995629,0.031,1790414054.576
1534,01_names,get_prob,simplification_result,,0.5995629,0.031,1790414054.623
1535,01_names,get_prob,other_pythonic_result,,0.6861688,0.031,1790414054.67
1536,01_names,get_prob,other_pythonic_result,,0.6861688,0.031,1790414054.701
1537,01_names,get_prob,exceptions_result,,0.639927,0.031,1790414054.748
1538,01_names,get_prob,exceptions_result,,0.639927,0.031,1790414054.795
1539,01_names,get_prob,cohesiveness_and_class_result,,0.6560444,0.031,1790414054.842
1540,01_names,get_prob,cohesiveness_and_class_result,,0.6560444,0.047,1790414054.889
1541,01_names,get_prob,final_result,,0.6868966,0.031,1790414054.92
1542,01_names,get_prob,final_result,,0.6868966,0.031,1790414054.967
1543,01_names,get_prob,default_code_checker,,0.5786188,0.031,1790414055.014
1544,01_names,get_prob,default_code_checker,,0.5786188,0.031,1790414055.06
1545,01_names,get_prob,simplify_code,,0.60869306,0.047,1790414055.107
1546,01_names,get_prob,simplify_code,,0.60869306,0.031,1790414055.139
1547,01_names,get_prob,convert_to_human_friendly_review,,0.63218576,0.031,1790414055.185
1548,01_names,get_prob,convert_to_human_friendly_review,,0.63218576,0.031,1790414055.232
1549,01_names,get_prob,ellipse_str,,0.5467969,0.031,1790414055.279
1550,01_names,get_prob,ellipse_str,,0.5467969,0.031,1790414055.31
1551,01_names,get_prob,extract_comment,,0.58666396,0.031,1790414055.357
1552,01_names,get_prob,extract_comment,,0.58666396,0.031,1790414055.404
1553,01_names,get_prob,check_regex_matched_lines,,0.5781184,0.031,1790414055.451
1554,01_names,get_prob,check_regex_matched_lines,,0.5781184,0.047,1790414055.498
1555,01_names,get_prob,is_valid_code,,0.7021921,0.031,1790414055.529
1556,01_names,get_prob,is_valid_code,,0.7021921,0.031,1790414055.576
1557,01_names,get_prob,check_a_in_b,,0.55449533,0.031,1790414055.623
1558,01_names,get_prob,check_a_in_b,,0.55449533,0.047,1790414055.67
1559,01_names,get_prob,__init__,,0.63983464,0.031,1790414055.701
1560,01_names,get_prob,__init__,,0.63983464,0.031,1790414055.748
1561,01_names,get_prob,_parse_codes,,0.6738279,0.031,1790414055.795
1562,01_names,get_prob,_parse_codes,,0.6738279,0.031,1790414055.842
1563,01_names,get_prob,_get_function_name_by_line,,0.51462704,0.031,1790414055.873
1564,01_names,get_prob,_get_function_name_by_line,,0.51462704,0.031,1790414055.92
1565,01_names,get_prob,_get_class_name_by_line,,0.6118063,0.031,1790414055.967
1566,01_names,get_prob,_get_class_name_by_line,,0.6118063,0.031,1790414056.013
1567,01_names,get_prob,_get_definitions_and_usages,,0.664857,0.031,1790414056.045
1568,01_names,get_prob,_get_definitions_and_usages,,0.664857,0.031,1790414056.092
1569,01_names,get_prob,_get_constants,,0.66294944,0.031,1790414056.138
1570,01_names,get_prob,_get_constants,,0.66294944,0.031,1790414056.185
1571,01_names,get_prob,_get_function_bodies,,0.5839671,0.047,1790414056.232
1572,01_names,get_prob,_get_function_bodies,,0.5839671,0.031,1790414056.263
1573,01_names,get_prob,_add_regex_matched_lines,,0.5456659,0.031,1790414056.31
1574,01_names,get_prob,_add_regex_matched_lines,,0.5456659,0.031,1790414056.357
1575,01_names,get_prob,_init_final_result_dict,,0.65358186,0.031,1790414056.404
1576,01_names,get_prob,_init_final_result_dict,,0.65358186,0.047,1790414056.451
1577,01_names,get_prob,_find_if_elif_else_patterns,,0.5212673,0.031,1790414056.482
1578,01_names,get_prob,_find_if_elif_else_patterns,,0.5212673,0.031,1790414056.529
1579,01_names,get_prob,update_final_result_dict,,0.66582227,0.031,1790414056.576
1580,01_names,get_prob,update_final_result_dict,,0.66582227,0.047,1790414056.623
1581,01_names,get_prob,run_code_review,,0.6104253,0.031,1790414056.654
1582,01_names,get_prob,run_code_review,,0.6104253,0.031,1790414056.701
1583,01_names,get_prob,__init__,,0.63983464,0.031,1790414056.748
1584,01_names,get_prob,__init__,,0.63983464,0.031,1790414056.795
1585,01_names,get_prob,_delete_imported_review_items,,0.5329369,0.031,1790414056.826
1586,01_names,get_prob,_delete_imported_review_items,,0.5329369,0.031,1790414056.873
1587,01_names,get_prob,_mark_used_as_imported,,0.614015,0.031,1790414056.92
1588,01_names,get_prob,_mark_used_as_imported,,0.614015,0.031,1790414056.967
1589,01_names,get_prob,_is_function_bodies_similar,,0.5012394,0.031,1790414056.998
1590,01_names,get_prob,_is_function_bodies_similar,,0.5012394,0.031,1790414057.045
1591,01_names,get_prob,_check_unused,,0.57189745,0.031,1790414057.092
1592,01_names,get_prob,_check_unused,,0.57189745,0.031,1790414057.138
1593,01_names,get_prob,_check_unnecessary_prints,,0.47373667,0.047,1790414057.185
1594,01_names,get_prob,_check_unnecessary_prints,,0.47373667,0.031,1790414057.217
1595,01_names,get_prob,_check_duplicates,,0.5831911,0.031,1790414057.263
1596,01_names,get_prob,_check_duplicates,,0.5831911,0.031,1790414057.31
1597,01_names,get_prob,_find_all_similar_text_pairs,,0.53143126,0.031,1790414057.357
1598,01_names,get_prob,_find_all_similar_text_pairs,,0.53143126,0.031,1790414057.388
1599,01_names,get_prob,check_text_similar_with_prevs,,0.54629546,0.031,1790414057.435
1600,01_names,get_prob,check_text_similar_with_prevs,,0.54629546,0.031,1790414057.482
1601,01_names,get_prob,_check_similar_variables,,0.57989454,0.031,1790414057.529
1602,01_names,get_prob,_check_similar_variables,,0.57989454,0.047,1790414057.576
1603,01_names,get_prob,_check_same_func_args,,0.4395302,0.031,1790414057.607
1604,01_names,get_prob,_check_same_func_args,,0.4395302,0.031,1790414057.654
1605,01_names,get_prob,_check_names,,0.5876685,0.031,1790414057.701
1606,01_names,get_prob,_check_names,,0.5876685,0.047,1790414057.748
1607,01_names,get_prob,_check_return_matched_with_func_name,,0.44684726,0.031,1790414057.779
1608,01_names,get_prob,_check_return_matched_with_func_name,,0.44684726,0.031,1790414057.826
1609,01_names,get_prob,_check_library_orders,,0.5816543,0.031,1790414057.873
1610,01_names,get_prob,_check_library_orders,,0.5816543,0.031,1790414057.92
1611,01_names,get_prob,_check_func_docstring,,0.5881568,0.047,1790414057.966
1612,01_names,get_prob,_check_func_docstring,,0.5881568,0.031,1790414057.998
1613,01_names,get_prob,_check_commented_codes,,0.5308947,0.031,1790414058.045
1614,01_names,get_prob,_check_commented_codes,,0.5308947,0.031,1790414058.091
1615,01_names,get_prob,_check_empty_file,,0.6706739,0.031,1790414058.138
1616,01_names,get_prob,_check_empty_file,,0.6706739,0.031,1790414058.17
1617,01_names,get_prob,run_code_review,,0.6104253,0.031,1790414058.216
1618,01_names,get_prob,run_code_review,,0.6104253,0.031,1790414058.263
1619,01_names,get_prob,__init__,,0.63983464,0.031,1790414058.31
1620,01_names,get_prob,__init__,,0.63983464,0.031,1790414058.357
1621,01_names,get_prob,_check_const,,0.5604845,0.031,1790414058.388
1622,01_names,get_prob,_check_const,,0.5604845,0.031,1790414058.435
1623,01_names,get_prob,_check_line_length,,0.6809893,0.031,1790414058.482
1624,01_names,get_prob,_check_line_length,,0.6809893,0.031,1790414058.529
1625,01_names,get_prob,_check_files,,0.6812461,0.047,1790414058.576
1626,01_names,get_prob,_check_files,,0.6812461,0.031,1790414058.607
1627,01_names,get_prob,_check_functions,,0.5548551,0.031,1790414058.654
1628,01_names,get_prob,_check_functions,,0.5548551,0.031,1790414058.701
1629,01_names,get_prob,_check_indent,,0.5820023,0.031,1790414058.748
1630,01_names,get_prob,_check_indent,,0.5820023,0.031,1790414058.779
1631,01_names,get_prob,run_code_review,,0.6104253,0.031,1790414058.826
1632,01_names,get_prob,run_code_review,,0.6104253,0.031,1790414058.873
1633,01_names,get_prob,__init__,,0.63983464,0.031,1790414058.92
1634,01_names,get_prob,__init__,,0.63983464,0.047,1790414058.966
1635,01_names,get_prob,_check_suggest_list_comprehension,,0.6361272,0.031,1790414058.998
1636,01_names,get_prob,_check_suggest_list_comprehension,,0.6361272,0.031,1790414059.045
1637,01_names,get_prob,_check_generator_expression,,0.58042574,0.031,1790414059.091
1638,01_names,get_prob,_check_generator_expression,,0.58042574,0.031,1790414059.138
1639,01_names,get_prob,_check_if_to_dict,,0.5901524,0.047,1790414059.185
1640,01_names,get_prob,_check_if_to_dict,,0.5901524,0.031,1790414059.216
1641,01_names,get_prob,_check_path_format,,0.631811,0.031,1790414059.263
1642,01_names,get_prob,_check_path_format,,0.631811,0.031,1790414059.31
1643,01_names,get_prob,_check_defaultdict,,0.59004086,0.031,1790414059.357
1644,01_names,get_prob,_check_defaultdict,,0.59004086,0.031,1790414059.388
1645,01_names,get_prob,_check_any_all,,0.6700877,0.031,1790414059.435
1646,01_names,get_prob,_check_any_all,,0.6700877,0.031,1790414059.482
1647,01_names,get_prob,_check_zip,,0.6001079,0.031,1790414059.529
1648,01_names,get_prob,_check_zip,,0.6001079,0.047,1790414059.576
1649,01_names,get_prob,_match_zip,,0.6513491,0.031,1790414059.607
1650,01_names,get_prob,_match_zip,,0.6513491,0.031,1790414059.654
1651,01_names,get_prob,_check_enumerate,,0.66467154,0.031,1790414059.701
1652,01_names,get_prob,_check_enumerate,,0.66467154,0.031,1790414059.748
1653,01_names,get_prob,_check_itertools_product,,0.60948324,0.047,1790414059.794
1654,01_names,get_prob,_check_itertools_product,,0.60948324,0.031,1790414059.826
1655,01_names,get_prob,_check_just_read_write_to_read_write_text,,0.6629854,0.031,1790414059.873
1656,01_names,get_prob,_check_just_read_write_to_read_write_text,,0.6629854,0.031,1790414059.919
1657,01_names,get_prob,_check_sentence_empty,,0.5520737,0.031,1790414059.966
1658,01_names,get_prob,_check_sentence_empty,,0.5520737,0.047,1790414060.013
1659,01_names,get_prob,_check_handle_none,,0.5904536,0.031,1790414060.044
1660,01_names,get_prob,_check_handle_none,,0.5904536,0.031,1790414060.091
1661,01_names,get_prob,_check_extend,,0.602192,0.031,1790414060.138
1662,01_names,get_prob,_check_extend,,0.602192,0.031,1790414060.185
1663,01_names,get_prob,_check_count,,0.6888944,0.047,1790414060.232
1664,01_names,get_prob,_check_count,,0.6888944,0.031,1790414060.263
1665,01_names,get_prob,_check_index,,0.6728661,0.031,1790414060.31
1666,01_names,get_prob,_check_index,,0.6728661,0.031,1790414060.357
1667,01_names,get_prob,_check_str_join,,0.53022957,0.031,1790414060.404
1668,01_names,get_prob,_check_str_join,,0.53022957,0.047,1790414060.451
1669,01_names,get_prob,_check_use_map,,0.5847762,0.031,1790414060.482
1670,01_names,get_prob,_check_use_map,,0.5847762,0.031,1790414060.529
1671,01_names,get_prob,run_code_review,,0.6104253,0.031,1790414060.576
1672,01_names,get_prob,run_code_review,,0.6104253,0.031,1790414060.623
1673,01_names,get_prob,__init__,,0.63983464,0.031,1790414060.669
1674,01_names,get_prob,__init__,,0.63983464,0.031,1790414060.701
1675,01_names,get_prob,_check_unpacking,,0.5361803,0.031,1790414060.748
1676,01_names,get_prob,_check_unpacking,,0.5361803,0.031,1790414060.794
1677,01_names,get_prob,_check_open_file,,0.6188922,0.031,1790414060.841
1678,01_names,get_prob,_check_open_file,,0.6188922,0.031,1790414060.888
1679,01_names,get_prob,_check_key_itemgetter,,0.6003712,0.031,1790414060.919
1680,01_names,get_prob,_check_key_itemgetter,,0.6003712,0.031,1790414060.966
1681,01_names,get_prob,_check_f_string,,0.6172368,0.031,1790414061.013
1682,01_names,get_prob,_check_f_string,,0.6172368,0.031,1790414061.06
1683,01_names,get_prob,_check_collections_itertools_glob,,0.6355785,0.031,1790414061.107
1684,01_names,get_prob,_check_collections_itertools_glob,,0.6355785,0.031,1790414061.138
1685,01_names,get_prob,_check_func_args_bindable,,0.46049142,0.031,1790414061.185
1686,01_names,get_prob,_check_func_args_bindable,,0.46049142,0.031,1790414061.232
1687,01_names,get_prob,_check_attribute_getattr,,0.5866242,0.031,1790414061.279
1688,01_names,get_prob,_check_attribute_getattr,,0.5866242,0.031,1790414061.326
1689,01_names,get_prob,_check_regex_r,,0.5563771,0.031,1790414061.357
1690,01_names,get_prob,_check_regex_r,,0.5563771,0.031,1790414061.404
1691,01_names,get_prob,_check_func_lambda,,0.540096,0.031,1790414061.451
1692,01_names,get_prob,_check_func_lambda,,0.540096,0.031,1790414061.498
1693,01_names,get_prob,flmf,,0.6263815,0.031,1790414061.544
1694,01_names,get_prob,flmf,,0.6263815,0.031,1790414061.576
1695,01_names,get_prob,_check_prefix_suffix,,0.5211863,0.031,1790414061.623
1696,01_names,get_prob,_check_prefix_suffix,,0.5211863,0.031,1790414061.669
1697,01_names,get_prob,run_code_review,,0.6104253,0.031,1790414061.716
1698,01_names,get_prob,run_code_review,,0.6104253,0.031,1790414061.763
1699,01_names,get_prob,__init__,,0.63983464,0.031,1790414061.794
1700,01_names,get_prob,__init__,,0.63983464,0.031,1790414061.841
1701,01_names,get_prob,_check_exception_ignored,,0.5894538,0.031,1790414061.888
1702,01_names,get_prob,_check_exception_ignored,,0.5894538,0.031,1790414061.935
1703,01_names,get_prob,_check_exception_type,,0.55538505,0.031,1790414061.982
1704,01_names,get_prob,_check_exception_type,,0.55538505,0.047,1790414062.029
1705,01_names,get_prob,_check_func_arg_error_prevent,,0.5414582,0.031,1790414062.06
1706,01_names,get_prob,_check_func_arg_error_prevent,,0.5414582,0.031,1790414062.107
1707,01_names,get_prob,flmf,,0.6263815,0.031,1790414062.154
1708,01_names,get_prob,flmf,,0.6263815,0.031,1790414062.201
1709,01_names,get_prob,_check_assertion_try_except,,0.59172,0.047,1790414062.247
1710,01_names,get_prob,_check_assertion_try_except,,0.59172,0.047,1790414062.294
1711,01_names,get_prob,_check_python_keywords_args,,0.5172548,0.031,1790414062.326
1712,01_names,get_prob,_check_python_keywords_args,,0.5172548,0.031,1790414062.372
1713,01_names,get_prob,run_code_review,,0.6104253,0.031,1790414062.419
1714,01_names,get_prob,run_code_review,,0.6104253,0.031,1790414062.466
1715,01_names,get_prob,__init__,,0.63983464,0.047,1790414062.513
1716,01_names,get_prob,__init__,,0.63983464,0.031,1790414062.544
1717,01_names,get_prob,_check_refactor_into_class_case_1_same_args,,0.51022613,0.031,1790414062.591
1718,01_names,get_prob,_check_refactor_into_class_case_1_same_args,,0.51022613,0.031,1790414062.638
1719,01_names,get_prob,_check_refactor_into_class_case_2_state_vars_if_else,,0.50482774,0.031,1790414062.685
1720,01_names,get_prob,_check_refactor_into_class_case_2_state_vars_if_else,,0.50482774,0.031,1790414062.732
1721,01_names,get_prob,check_is_state_value,,0.7032432,0.047,1790414062.779
1722,01_names,get_prob,check_is_state_value,,0.7032432,0.031,1790414062.81
1723,01_names,get_prob,_check_prefix_for_only_in_class_methods,,0.37206742,0.031,1790414062.857
1724,01_names,get_prob,_check_prefix_for_only_in_class_methods,,0.37206742,0.031,1790414062.904
1725,01_names,get_prob,flmf,,0.6263815,0.031,1790414062.951
1726,01_names,get_prob,flmf,,0.6263815,0.031,1790414062.997
1727,01_names,get_prob,_check_similar_function_names,,0.45165393,0.047,1790414063.044
1728,01_names,get_prob,_check_similar_function_names,,0.45165393,0.031,1790414063.076
1729,01_names,get_prob,run_code_review,,0.6104253,0.031,1790414063.122
1730,01_names,get_prob,run_code_review,,0.6104253,0.031,1790414063.169
1731,01_names,get_prob,__init__,,0.63983464,0.031,1790414063.216
1732,01_names,get_prob,__init__,,0.63983464,0.031,1790414063.263
1733,01_names,get_prob,_check_python_basics,,0.62622786,0.047,1790414063.31
1734,01_names,get_prob,_check_python_basics,,0.62622786,0.031,1790414063.341
1735,01_names,get_prob,_check_basic_convention,,0.56061256,0.031,1790414063.388
1736,01_names,get_prob,_check_basic_convention,,0.56061256,0.031,1790414063.435
1737,01_names,get_prob,_check_simplification,,0.5514857,0.031,1790414063.482
1738,01_names,get_prob,_check_simplification,,0.5514857,0.031,1790414063.529
1739,01_names,get_prob,_check_other_pythonic,,0.6443161,0.031,1790414063.576
1740,01_names,get_prob,_check_other_pythonic,,0.6443161,0.047,1790414063.622
1741,01_names,get_prob,_check_exceptions,,0.5146438,0.031,1790414063.654
1742,01_names,get_prob,_check_exceptions,,0.5146438,0.031,1790414063.701
1743,01_names,get_prob,_check_cohesiveness_and_class,,0.58767515,0.031,1790414063.747
1744,01_names,get_prob,_check_cohesiveness_and_class,,0.58767515,0.031,1790414063.794
1745,01_names,get_prob,run_code_review,,0.6104253,0.031,1790414063.841
1746,01_names,get_prob,run_code_review,,0.6104253,0.047,1790414063.888
1747,01_names,get_prob,default_code_review_func,,0.66833323,0.031,1790414063.919
1748,01_names,get_prob,default_code_review_func,,0.66833323,0.031,1790414063.966
1749,01_names,get_prob,unused_variable,,0.54632354,0.031,1790414064.013
1750,01_names,get_prob,unused_variable,,0.54632354,0.031,1790414064.06
1751,01_names,get_prob,TEST_DUPLICATED,,0.6611033,0.031,1790414064.107
1752,01_names,get_prob,TEST_DUPLICATED,,0.6611033,0.031,1790414064.154
1753,01_names,get_prob,IMPORT_NUM,,0.73547703,0.031,1790414064.2
1754,01_names,get_prob,IMPORT_NUM,,0.73547703,0.047,1790414064.247
1755,01_names,get_prob,common_value,,0.65111136,0.031,1790414064.279
1756,01_names,get_prob,common_value,,0.65111136,0.031,1790414064.325
1757,01_names,get_prob,logger,,0.32164645,0.031,1790414064.372
1758,01_names,get_prob,logger,,0.32164645,0.031,1790414064.419
1759,01_names,get_prob,a,,0.5233123,0.031,1790414064.466
1760,01_names,get_prob,a,,0.5233123,0.031,1790414064.513
1761,01_names,get_prob,common_value,,0.65111136,0.047,1790414064.56
1762,01_names,get_prob,common_value,,0.65111136,0.031,1790414064.591
1763,01_names,get_prob,nparray,,0.5350699,0.047,1790414064.654
1764,01_names,get_prob,nparray,,0.5350699,0.031,1790414064.685
1765,01_names,get_prob,nparray2,,0.5091156,0.031,1790414064.732
1766,01_names,get_prob,nparray2,,0.5091156,0.031,1790414064.779
1767,01_names,get_prob,i,,0.45159677,0.031,1790414064.825
1768,01_names,get_prob,i,,0.45159677,0.031,1790414064.872
1769,01_names,get_prob,idx,,0.5568012,0.047,1790414064.919
1770,01_names,get_prob,idx,,0.5568012,0.047,1790414064.966
1771,01_names,get_prob,default_version,,0.65796614,0.031,1790414064.997
1772,01_names,get_prob,default_version,,0.65796614,0.031,1790414065.044
1773,01_names,get_prob,next_level,,0.6836817,0.031,1790414065.091
1774,01_names,get_prob,next_level,,0.6836817,0.031,1790414065.138
1775,01_names,get_prob,python_code_no,,0.62662,0.031,1790414065.185
1776,01_names,get_prob,python_code_no,,0.62662,0.031,1790414065.232
1777,01_names,get_prob,python_code_num,,0.6639816,0.031,1790414065.263
1778,01_names,get_prob,python_code_num,,0.6639816,0.031,1790414065.31
1779,01_names,get_prob,test,,0.6781522,0.031,1790414065.357
1780,01_names,get_prob,test,,0.6781522,0.031,1790414065.404
1781,01_names,get_prob,imported_value,,0.679652,0.031,1790414065.45
1782,01_names,get_prob,imported_value,,0.679652,0.031,1790414065.497
1783,01_names,get_prob,imported_but_unused_value,,0.6151737,0.047,1790414065.544
1784,01_names,get_prob,imported_but_unused_value,,0.6151737,0.031,1790414065.575
1785,01_names,get_prob,unused_function,,0.5713519,0.031,1790414065.622
1786,01_names,get_prob,unused_function,,0.5713519,0.031,1790414065.669
1787,01_names,get_prob,abc,,0.55424035,0.031,1790414065.716
1788,01_names,get_prob,abc,,0.55424035,0.031,1790414065.763
1789,01_names,get_prob,similar_func1,,0.62807155,0.031,1790414065.81
1790,01_names,get_prob,similar_func1,,0.62807155,0.031,1790414065.841
1791,01_names,get_prob,similar_func2,,0.63303477,0.031,1790414065.888
1792,01_names,get_prob,similar_func2,,0.63303477,0.031,1790414065.935
1793,01_names,get_prob,get_current_version,,0.7212449,0.031,1790414065.982
1794,01_names,get_prob,get_current_version,,0.7212449,0.031,1790414066.029
1795,01_names,get_prob,get_current_ver,,0.7010305,0.031,1790414066.075
1796,01_names,get_prob,get_current_ver,,0.7010305,0.047,1790414066.122
1797,01_names,get_prob,check_single_responsibility,,0.61639124,0.031,1790414066.154
1798,01_names,get_prob,check_single_responsibility,,0.61639124,0.031,1790414066.2
1799,01_names,get_prob,imported_function,,0.6200039,0.031,1790414066.247
1800,01_names,get_prob,imported_function,,0.6200039,0.031,1790414066.294
1801,01_names,get_prob,TEST_DUPLICATED,,0.6611033,0.031,1790414066.341
1802,01_names,get_prob,TEST_DUPLICATED,,0.6611033,0.031,1790414066.388
1803,01_names,get_prob,TEST_STR,,0.6376385,0.047,1790414066.435
1804,01_names,get_prob,TEST_STR,,0.6376385,0.031,1790414066.466
1805,01_names,get_prob,idx,,0.5568012,0.031,1790414066.513
1806,01_names,get_prob,idx,,0.5568012,0.031,1790414066.56
1807,01_names,get_prob,similar_func3,,0.6433472,0.031,1790414066.607
1808,01_names,get_prob,similar_func3,,0.6433472,0.031,1790414066.653
1809,01_names,get_prob,get_current_version,,0.7212449,0.031,1790414066.7
1810,01_names,get_prob,get_current_version,,0.7212449,0.031,1790414066.747
1811,01_names,get_prob,logger,,0.32164645,0.047,1790414066.794
1812,01_names,get_prob,logger,,0.32164645,0.031,1790414066.825
1813,01_names,get_prob,I,,0.49435738,0.031,1790414066.872
1814,01_names,get_prob,I,,0.49435738,0.031,1790414066.919
1815,01_names,get_prob,J,,0.48783955,0.031,1790414066.966
1816,01_names,get_prob,J,,0.48783955,0.031,1790414067.013
1817,01_names,get_prob,K,,0.54455584,0.031,1790414067.06
1818,01_names,get_prob,K,,0.54455584,0.031,1790414067.107
1819,01_names,get_prob,L,,0.49723133,0.047,1790414067.153
1820,01_names,get_prob,L,,0.49723133,0.031,1790414067.185
1821,01_names,get_prob,i,,0.45159677,0.031,1790414067.232
1822,01_names,get_prob,i,,0.45159677,0.031,1790414067.279
1823,01_names,get_prob,j,,0.47823843,0.031,1790414067.326
1824,01_names,get_prob,j,,0.47823843,0.031,1790414067.372
1825,01_names,get_prob,k,,0.5538853,0.031,1790414067.419
1826,01_names,get_prob,k,,0.5538853,0.034,1790414067.469
1827,01_names,get_prob,l,,0.51136106,0.047,1790414067.516
1828,01_names,get_prob,l,,0.51136106,0.031,1790414067.547
1829,01_names,get_prob,I,,0.49435738,0.031,1790414067.594
1830,01_names,get_prob,I,,0.49435738,0.031,1790414067.641
1831,01_names,get_prob,J,,0.48783955,0.031,1790414067.688
1832,01_names,get_prob,J,,0.48783955,0.031,1790414067.734
1833,01_names,get_prob,K,,0.54455584,0.031,1790414067.781
1834,01_names,get_prob,K,,0.54455584,0.031,1790414067.828
1835,01_names,get_prob,L,,0.49723133,0.047,1790414067.875
1836,01_names,get_prob,L,,0.49723133,0.031,1790414067.906
1837,01_names,get_prob,i,,0.45159677,0.031,1790414067.953
1838,01_names,get_prob,i,,0.45159677,0.036,1790414068.005
1839,01_names,get_prob,j,,0.47823843,0.031,1790414068.052
1840,01_names,get_prob,j,,0.47823843,0.047,1790414068.099
1841,01_names,get_prob,test_dict_test_dict,,0.6600206,0.031,1790414068.13
1842,01_names,get_prob,test_dict_test_dict,,0.6600206,0.031,1790414068.177
1843,01_names,get_prob,i,,0.45159677,0.031,1790414068.224
1844,01_names,get_prob,i,,0.45159677,0.031,1790414068.271
1845,01_names,get_prob,j,,0.47823843,0.031,1790414068.318
1846,01_names,get_prob,j,,0.47823843,0.031,1790414068.365
1847,01_names,get_prob,k,,0.5538853,0.031,1790414068.412
1848,01_names,get_prob,k,,0.5538853,0.031,1790414068.458
1849,01_names,get_prob,test_dict_test_dict,,0.6600206,0.047,1790414068.505
1850,01_names,get_prob,test_dict_test_dict,,0.6600206,0.031,1790414068.537
1851,01_names,get_prob,i,,0.45159677,0.031,1790414068.583
1852,01_names,get_prob,i,,0.45159677,0.031,1790414068.63
1853,01_names,get_prob,j,,0.47823843,0.031,1790414068.677
1854,01_names,get_prob,j,,0.47823843,0.031,1790414068.724
1855,01_names,get_prob,k,,0.5538853,0.031,1790414068.771
1856,01_names,get_prob,k,,0.5538853,0.047,1790414068.818
1857,01_names,get_prob,l,,0.51136106,0.031,1790414068.849
1858,01_names,get_prob,l,,0.51136106,0.031,1790414068.896
1859,01_names,get_prob,i,,0.45159677,0.031,1790414068.943
1860,01_names,get_prob,i,,0.45159677,0.031,1790414068.99
1861,01_names,get_prob,i,,0.45159677,0.031,1790414069.037
1862,01_names,get_prob,i,,0.45159677,0.031,1790414069.083
1863,01_names,get_prob,i,,0.45159677,0.031,1790414069.13
1864,01_names,get_prob,i,,0.45159677,0.047,1790414069.177
1865,01_names,get_prob,i,,0.45159677,0.031,1790414069.209
1866,01_names,get_prob,i,,0.45159677,0.031,1790414069.256
1867,01_names,get_prob,i,,0.45159677,0.031,1790414069.302
1868,01_names,get_prob,i,,0.45159677,0.031,1790414069.349
1869,01_names,get_prob,i,,0.45159677,0.031,1790414069.396
1870,01_names,get_prob,i,,0.45159677,0.031,1790414069.443
1871,01_names,get_prob,i,,0.45159677,0.047,1790414069.49
1872,01_names,get_prob,i,,0.45159677,0.031,1790414069.521
1873,01_names,get_prob,i,,0.45159677,0.031,1790414069.568
1874,01_names,get_prob,i,,0.45159677,0.031,1790414069.615
1875,01_names,get_prob,i,,0.45159677,0.031,1790414069.662
1876,01_names,get_prob,i,,0.45159677,0.031,1790414069.709
1877,01_names,get_prob,i,,0.45159677,0.031,1790414069.755
1878,01_names,get_prob,i,,0.45159677,0.047,1790414069.802
1879,01_names,get_prob,i,,0.45159677,0.031,1790414069.834
1880,01_names,get_prob,i,,0.45159677,0.031,1790414069.88
1881,01_names,get_prob,i,,0.45159677,0.031,1790414069.928
1882,01_names,get_prob,i,,0.45159677,0.031,1790414069.974
1883,01_names,get_prob,i,,0.45159677,0.031,1790414070.021
1884,01_names,get_prob,i,,0.45159677,0.031,1790414070.068
1885,01_names,get_prob,i,,0.45159677,0.031,1790414070.115
1886,01_names,get_prob,i,,0.45159677,0.031,1790414070.162
1887,01_names,get_prob,i,,0.45159677,0.031,1790414070.209
1888,01_names,get_prob,i,,0.45159677,0.047,1790414070.256
1889,01_names,get_prob,i,,0.45159677,0.036,1790414070.291
1890,01_names,get_prob,i,,0.45159677,0.031,1790414070.338
1891,01_names,get_prob,i,,0.45159677,0.031,1790414070.385
1892,01_names,get_prob,i,,0.45159677,0.031,1790414070.432
1893,01_names,get_prob,i,,0.45159677,0.031,1790414070.479
1894,01_names,get_prob,i,,0.45159677,0.031,1790414070.526
1895,01_names,get_prob,i,,0.45159677,0.031,1790414070.573
1896,01_names,get_prob,i,,0.45159677,0.047,1790414070.62
1897,01_names,get_prob,i,,0.45159677,0.047,1790414070.666
1898,01_names,get_prob,i,,0.45159677,0.031,1790414070.698
1899,01_names,get_prob,i,,0.45159677,0.031,1790414070.745
1900,01_names,get_prob,i,,0.45159677,0.031,1790414070.792
1901,01_names,get_prob,i,,0.45159677,0.031,1790414070.838
1902,01_names,get_prob,i,,0.45159677,0.031,1790414070.885
1903,01_names,get_prob,i,,0.45159677,0.031,1790414070.932
1904,01_names,get_prob,i,,0.45159677,0.031,1790414070.979
1905,01_names,get_prob,i,,0.45159677,0.031,1790414071.026
1906,01_names,get_prob,i,,0.45159677,0.022,1790414071.064
1907,01_names,get_prob,without_type_hint,,0.6041672,0.031,1790414071.11
1908,01_names,get_prob,without_type_hint,,0.6041672,0.031,1790414071.157
1909,01_names,get_prob,with_type_hint,,0.62757903,0.031,1790414071.204
1910,01_names,get_prob,with_type_hint,,0.62757903,0.031,1790414071.251
1911,01_names,get_prob,long_function_with_docstring,,0.66668296,0.031,1790414071.298
1912,01_names,get_prob,long_function_with_docstring,,0.66668296,0.031,1790414071.345
1913,01_names,get_prob,long_function_wo_docstring,,0.63246787,0.031,1790414071.392
1914,01_names,get_prob,long_function_wo_docstring,,0.63246787,0.047,1790414071.439
1915,01_names,get_prob,too_long_function,,0.68818164,0.047,1790414071.486
1916,01_names,get_prob,too_long_function,,0.68818164,0.047,1790414071.533
1917,01_names,get_prob,aaa,,0.6097057,0.039,1790414071.572
1918,01_names,get_prob,aaa,,0.6097057,0.031,1790414071.618
1919,01_names,get_prob,bbb,,0.662413,0.031,1790414071.665
1920,01_names,get_prob,bbb,,0.662413,0.031,1790414071.712
1921,01_names,get_prob,ccc,,0.5287222,0.047,1790414071.759
1922,01_names,get_prob,ccc,,0.5287222,0.047,1790414071.806
1923,01_names,get_prob,ddd,,0.5949706,0.031,1790414071.837
1924,01_names,get_prob,ddd,,0.5949706,0.031,1790414071.884
1925,01_names,get_prob,eee,,0.55873597,0.031,1790414071.931
1926,01_names,get_prob,eee,,0.55873597,0.031,1790414071.978
1927,01_names,get_prob,fff,,0.62438875,0.031,1790414072.025
1928,01_names,get_prob,fff,,0.62438875,0.031,1790414072.072
1929,01_names,get_prob,ggg,,0.6001316,0.031,1790414072.119
1930,01_names,get_prob,ggg,,0.6001316,0.031,1790414072.166
1931,01_names,get_prob,hhh,,0.5358962,0.031,1790414072.212
1932,01_names,get_prob,hhh,,0.5358962,0.031,1790414072.259
1933,01_names,get_prob,arr,,0.60062915,0.031,1790414072.306
1934,01_names,get_prob,arr,,0.60062915,0.031,1790414072.353
1935,01_names,get_prob,new_arr,,0.69244534,0.047,1790414072.4
1936,01_names,get_prob,new_arr,,0.69244534,0.047,1790414072.447
1937,01_names,get_prob,item,,0.72587365,0.031,1790414072.478
1938,01_names,get_prob,item,,0.72587365,0.031,1790414072.525
1939,01_names,get_prob,item,,0.72587365,0.031,1790414072.572
1940,01_names,get_prob,item,,0.72587365,0.031,1790414072.619
1941,01_names,get_prob,result,,0.6709954,0.031,1790414072.666
1942,01_names,get_prob,result,,0.6709954,0.031,1790414072.713
1943,01_names,get_prob,item,,0.72587365,0.031,1790414072.76
1944,01_names,get_prob,item,,0.72587365,0.031,1790414072.807
1945,01_names,get_prob,result,,0.6709954,0.031,1790414072.853
1946,01_names,get_prob,result,,0.6709954,0.031,1790414072.9
1947,01_names,get_prob,item,,0.72587365,0.031,1790414072.947
1948,01_names,get_prob,item,,0.72587365,0.047,1790414072.994
1949,01_names,get_prob,item,,0.72587365,0.047,1790414073.041
1950,01_names,get_prob,item,,0.72587365,0.031,1790414073.072
1951,01_names,get_prob,result,,0.6709954,0.031,1790414073.127
1952,01_names,get_prob,result,,0.6709954,0.031,1790414073.174
1953,01_names,get_prob,item,,0.72587365,0.031,1790414073.221
1954,01_names,get_prob,item,,0.72587365,0.031,1790414073.267
1955,01_names,get_prob,result,,0.6709954,0.031,1790414073.314
1956,01_names,get_prob,result,,0.6709954,0.047,1790414073.361
1957,01_names,get_prob,primes,,0.5907679,0.047,1790414073.408
1958,01_names,get_prob,primes,,0.5907679,0.031,1790414073.44
1959,01_names,get_prob,p,,0.4805083,0.031,1790414073.487
1960,01_names,get_prob,p,,0.4805083,0.032,1790414073.534
1961,01_names,get_prob,p,,0.4805083,0.031,1790414073.581
1962,01_names,get_prob,p,,0.4805083,0.022,1790414073.622
1963,01_names,get_prob,p,,0.4805083,0.031,1790414073.669
1964,01_names,get_prob,p,,0.4805083,0.031,1790414073.716
1965,01_names,get_prob,p,,0.4805083,0.031,1790414073.763
1966,01_names,get_prob,p,,0.4805083,0.031,1790414073.81
1967,01_names,get_prob,p,,0.4805083,0.031,1790414073.857
1968,01_names,get_prob,p,,0.4805083,0.031,1790414073.904
1969,01_names,get_prob,p,,0.4805083,0.031,1790414073.95
1970,01_names,get_prob,p,,0.4805083,0.031,1790414073.998
1971,01_names,get_prob,p,,0.4805083,0.031,1790414074.044
1972,01_names,get_prob,p,,0.4805083,0.047,1790414074.091
1973,01_names,get_prob,p,,0.4805083,0.047,1790414074.138
1974,01_names,get_prob,p,,0.4805083,0.047,1790414074.185
1975,01_names,get_prob,p,,0.4805083,0.031,1790414074.217
1976,01_names,get_prob,p,,0.4805083,0.031,1790414074.264
1977,01_names,get_prob,p,,0.4805083,0.031,1790414074.311
1978,01_names,get_prob,p,,0.4805083,0.031,1790414074.357
1979,01_names,get_prob,test,,0.6781522,0.031,1790414074.404
1980,01_names,get_prob,test,,0.6781522,0.031,1790414074.451
1981,01_names,get_prob,test_abc,,0.7240241,0.031,1790414074.498
1982,01_names,get_prob,test_abc,,0.7240241,0.031,1790414074.545
1983,01_names,get_prob,test_def,,0.627226,0.031,1790414074.592
1984,01_names,get_prob,test_def,,0.627226,0.031,1790414074.639
1985,01_names,get_prob,path,,0.6062734,0.031,1790414074.686
1986,01_names,get_prob,path,,0.6062734,0.047,1790414074.733
1987,01_names,get_prob,non_path,,0.750455,0.031,1790414074.765
1988,01_names,get_prob,non_path,,0.750455,0.031,1790414074.811
1989,01_names,get_prob,data,,0.6840937,0.031,1790414074.858
1990,01_names,get_prob,data,,0.6840937,0.031,1790414074.905
1991,01_names,get_prob,groups,,0.63919866,0.031,1790414074.952
1992,01_names,get_prob,groups,,0.63919866,0.031,1790414074.999
1993,01_names,get_prob,category,,0.71846503,0.031,1790414075.046
1994,01_names,get_prob,category,,0.71846503,0.031,1790414075.093
1995,01_names,get_prob,item,,0.72587365,0.031,1790414075.14
1996,01_names,get_prob,item,,0.72587365,0.031,1790414075.187
1997,01_names,get_prob,words,,0.6551962,0.031,1790414075.234
1998,01_names,get_prob,words,,0.6551962,0.031,1790414075.281
1999,01_names,get_prob,counts,,0.6504284,0.031,1790414075.328
2000,01_names,get_prob,counts,,0.6504284,0.047,1790414075.375
2001,01_names,get_prob,word,,0.6874756,0.047,1790414075.422
2002,01_names,get_prob,word,,0.6874756,0.047,1790414075.469
2003,01_names,get_prob,test_dict,,0.66164875,0.031,1790414075.5
2004,01_names,get_prob,test_dict,,0.66164875,0.032,1790414075.547
2005,01_names,get_prob,numbers,,0.73916596,0.031,1790414075.594
2006,01_names,get_prob,numbers,,0.73916596,0.031,1790414075.641
2007,01_names,get_prob,has_negative,,0.7075555,0.031,1790414075.688
2008,01_names,get_prob,has_negative,,0.7075555,0.031,1790414075.735
2009,01_names,get_prob,num,,0.67046934,0.031,1790414075.782
2010,01_names,get_prob,num,,0.67046934,0.031,1790414075.829
2011,01_names,get_prob,has_negative,,0.7075555,0.031,1790414075.876
2012,01_names,get_prob,has_negative,,0.7075555,0.031,1790414075.923
2013,01_names,get_prob,names,,0.52489656,0.031,1790414075.97
2014,01_names,get_prob,names,,0.52489656,0.031,1790414076.017
2015,01_names,get_prob,scores,,0.620339,0.047,1790414076.064
2016,01_names,get_prob,scores,,0.620339,0.047,1790414076.111
2017,01_names,get_prob,i,,0.45159677,0.031,1790414076.142
2018,01_names,get_prob,i,,0.45159677,0.031,1790414076.189
2019,01_names,get_prob,keys,,0.43245766,0.031,1790414076.236
2020,01_names,get_prob,keys,,0.43245766,0.031,1790414076.283
2021,01_names,get_prob,values,,0.6390246,0.031,1790414076.33
2022,01_names,get_prob,values,,0.6390246,0.031,1790414076.377
2023,01_names,get_prob,user_info,,0.6159341,0.031,1790414076.423
2024,01_names,get_prob,user_info,,0.6159341,0.031,1790414076.47
2025,01_names,get_prob,i,,0.45159677,0.031,1790414076.517
2026,01_names,get_prob,i,,0.45159677,0.031,1790414076.564
2027,01_names,get_prob,i,,0.45159677,0.031,1790414076.611
2028,01_names,get_prob,i,,0.45159677,0.031,1790414076.658
2029,01_names,get_prob,k_list,,0.66375893,0.031,1790414076.705
2030,01_names,get_prob,k_list,,0.66375893,0.047,1790414076.752
2031,01_names,get_prob,v_list,,0.6780626,0.047,1790414076.799
2032,01_names,get_prob,v_list,,0.6780626,0.031,1790414076.83
2033,01_names,get_prob,target,,0.7337889,0.031,1790414076.877
2034,01_names,get_prob,target,,0.7337889,0.031,1790414076.924
2035,01_names,get_prob,idx,,0.5568012,0.031,1790414076.971
2036,01_names,get_prob,idx,,0.5568012,0.031,1790414077.018
2037,01_names,get_prob,k,,0.5538853,0.031,1790414077.065
2038,01_names,get_prob,k,,0.5538853,0.031,1790414077.112
2039,01_names,get_prob,v,,0.5818527,0.031,1790414077.159
2040,01_names,get_prob,v,,0.5818527,0.031,1790414077.206
2041,01_names,get_prob,itertool1,,0.6501105,0.031,1790414077.253
2042,01_names,get_prob,itertool1,,0.6501105,0.031,1790414077.3
2043,01_names,get_prob,itertool2,,0.6231693,0.031,1790414077.347
2044,01_names,get_prob,itertool2,,0.6231693,0.031,1790414077.394
2045,01_names,get_prob,f,,0.522176,0.031,1790414077.441
2046,01_names,get_prob,f,,0.522176,0.047,1790414077.488
2047,01_names,get_prob,content1,,0.66877204,0.047,1790414077.534
2048,01_names,get_prob,content1,,0.66877204,0.047,1790414077.581
2049,01_names,get_prob,f,,0.522176,0.031,1790414077.613
2050,01_names,get_prob,f,,0.522176,0.031,1790414077.66
2051,01_names,get_prob,f,,0.522176,0.031,1790414077.707
2052,01_names,get_prob,f,,0.522176,0.031,1790414077.754
2053,01_names,get_prob,content2,,0.65626603,0.031,1790414077.8
2054,01_names,get_prob,content2,,0.65626603,0.031,1790414077.847
2055,01_names,get_prob,f,,0.522176,0.031,1790414077.894
2056,01_names,get_prob,f,,0.522176,0.031,1790414077.941
2057,01_names,get_prob,sentence,,0.60872704,0.031,1790414077.988
2058,01_names,get_prob,sentence,,0.60872704,0.031,1790414078.035
2059,01_names,get_prob,a,,0.5233123,0.031,1790414078.082
2060,01_names,get_prob,a,,0.5233123,0.031,1790414078.129
2061,01_names,get_prob,dddd,,0.61121047,0.047,1790414078.176
2062,01_names,get_prob,dddd,,0.61121047,0.047,1790414078.223
2063,01_names,get_prob,eeee,,0.60277545,0.047,1790414078.27
2064,01_names,get_prob,eeee,,0.60277545,0.047,1790414078.317
2065,01_names,get_prob,fruits,,0.6707145,0.047,1790414078.364
2066,01_names,get_prob,fruits,,0.6707145,0.047,1790414078.411
2067,01_names,get_prob,new_fruits,,0.6698748,0.031,1790414078.442
2068,01_names,get_prob,new_fruits,,0.6698748,0.031,1790414078.489
2069,01_names,get_prob,fruit,,0.65112835,0.031,1790414078.536
2070,01_names,get_prob,fruit,,0.65112835,0.031,1790414078.583
2071,01_names,get_prob,active_users,,0.64292854,0.031,1790414078.63
2072,01_names,get_prob,active_users,,0.64292854,0.031,1790414078.677
2073,01_names,get_prob,user,,0.5704903,0.032,1790414078.724
2074,01_names,get_prob,user,,0.5704903,0.031,1790414078.771
2075,01_names,get_prob,apple_count,,0.756969,0.031,1790414078.818
2076,01_names,get_prob,apple_count,,0.756969,0.031,1790414078.865
2077,01_names,get_prob,fruit,,0.65112835,0.031,1790414078.912
2078,01_names,get_prob,fruit,,0.65112835,0.031,1790414078.959
2079,01_names,get_prob,apple_count,,0.756969,0.031,1790414079.006
2080,01_names,get_prob,apple_count,,0.756969,0.031,1790414079.053
2081,01_names,get_prob,scores,,0.620339,0.031,1790414079.1
2082,01_names,get_prob,scores,,0.620339,0.031,1790414079.147
2083,01_names,get_prob,perfect_scores,,0.67495894,0.031,1790414079.194
2084,01_names,get_prob,perfect_scores,,0.67495894,0.047,1790414079.24
2085,01_names,get_prob,score,,0.70248806,0.047,1790414079.287
2086,01_names,get_prob,score,,0.70248806,0.047,1790414079.334
2087,01_names,get_prob,users,,0.56139654,0.031,1790414079.366
2088,01_names,get_prob,users,,0.56139654,0.031,1790414079.412
2089,01_names,get_prob,admin_count,,0.68150914,0.031,1790414079.459
2090,01_names,get_prob,admin_count,,0.68150914,0.031,1790414079.506
2091,01_names,get_prob,target,,0.7337889,0.031,1790414079.553
2092,01_names,get_prob,target,,0.7337889,0.031,1790414079.6
2093,01_names,get_prob,items,,0.6577746,0.031,1790414079.647
2094,01_names,get_prob,items,,0.6577746,0.032,1790414079.694
2095,01_names,get_prob,found_index,,0.7251421,0.031,1790414079.741
2096,01_names,get_prob,found_index,,0.7251421,0.031,1790414079.788
2097,01_names,get_prob,i,,0.45159677,0.031,1790414079.835
2098,01_names,get_prob,i,,0.45159677,0.031,1790414079.882
2099,01_names,get_prob,found_index,,0.7251421,0.031,1790414079.929
2100,01_names,get_prob,found_index,,0.7251421,0.032,1790414079.976
2101,01_names,get_prob,found_index,,0.7251421,0.031,1790414080.023
2102,01_names,get_prob,found_index,,0.7251421,0.031,1790414080.07
2103,01_names,get_prob,i,,0.45159677,0.031,1790414080.117
2104,01_names,get_prob,i,,0.45159677,0.031,1790414080.164
2105,01_names,get_prob,found_index,,0.7251421,0.031,1790414080.211
2106,01_names,get_prob,found_index,,0.7251421,0.047,1790414080.258
2107,01_names,get_prob,found_index,,0.7251421,0.047,1790414080.305
2108,01_names,get_prob,found_index,,0.7251421,0.047,1790414080.352
2109,01_names,get_prob,i,,0.45159677,0.047,1790414080.399
2110,01_names,get_prob,i,,0.45159677,0.047,1790414080.445
2111,01_names,get_prob,found_index,,0.7251421,0.031,1790414080.477
2112,01_names,get_prob,found_index,,0.7251421,0.031,1790414080.524
2113,01_names,get_prob,target,,0.7337889,0.031,1790414080.571
2114,01_names,get_prob,target,,0.7337889,0.031,1790414080.618
2115,01_names,get_prob,numbers,,0.73916596,0.031,1790414080.665
2116,01_names,get_prob,numbers,,0.73916596,0.031,1790414080.712
2117,01_names,get_prob,idx,,0.5568012,0.031,1790414080.759
2118,01_names,get_prob,idx,,0.5568012,0.031,1790414080.805
2119,01_names,get_prob,i,,0.45159677,0.031,1790414080.852
2120,01_names,get_prob,i,,0.45159677,0.031,1790414080.899
2121,01_names,get_prob,v,,0.5818527,0.031,1790414080.946
2122,01_names,get_prob,v,,0.5818527,0.031,1790414080.993
2123,01_names,get_prob,strs,,0.5344595,0.031,1790414081.04
2124,01_names,get_prob,strs,,0.5344595,0.031,1790414081.087
2125,01_names,get_prob,idx,,0.5568012,0.031,1790414081.134
2126,01_names,get_prob,idx,,0.5568012,0.031,1790414081.181
2127,01_names,get_prob,i,,0.45159677,0.031,1790414081.228
2128,01_names,get_prob,i,,0.45159677,0.031,1790414081.275
2129,01_names,get_prob,v,,0.5818527,0.031,1790414081.322
2130,01_names,get_prob,v,,0.5818527,0.031,1790414081.369
2131,01_names,get_prob,target,,0.7337889,0.047,1790414081.416
2132,01_names,get_prob,target,,0.7337889,0.047,1790414081.463
2133,01_names,get_prob,data,,0.6840937,0.047,1790414081.51
2134,01_names,get_prob,data,,0.6840937,0.032,1790414081.541
2135,01_names,get_prob,i,,0.45159677,0.031,1790414081.588
2136,01_names,get_prob,i,,0.45159677,0.031,1790414081.635
2137,01_names,get_prob,i,,0.45159677,0.031,1790414081.682
2138,01_names,get_prob,i,,0.45159677,0.031,1790414081.729
2139,01_names,get_prob,i,,0.45159677,0.031,1790414081.776
2140,01_names,get_prob,i,,0.45159677,0.031,1790414081.823
2141,01_names,get_prob,i,,0.45159677,0.031,1790414081.87
2142,01_names,get_prob,i,,0.45159677,0.031,1790414081.917
2143,01_names,get_prob,result,,0.6709954,0.031,1790414081.964
2144,01_names,get_prob,result,,0.6709954,0.031,1790414082.011
2145,01_names,get_prob,i,,0.45159677,0.032,1790414082.058
2146,01_names,get_prob,i,,0.45159677,0.031,1790414082.105
2147,01_names,get_prob,result,,0.6709954,0.031,1790414082.152
2148,01_names,get_prob,result,,0.6709954,0.031,1790414082.199
2149,01_names,get_prob,result,,0.6709954,0.031,1790414082.245
2150,01_names,get_prob,result,,0.6709954,0.031,1790414082.292
2151,01_names,get_prob,word,,0.6874756,0.032,1790414082.339
2152,01_names,get_prob,word,,0.6874756,0.031,1790414082.386
2153,01_names,get_prob,result,,0.6709954,0.031,1790414082.433
2154,01_names,get_prob,result,,0.6709954,0.031,1790414082.48
2155,01_names,get_prob,result,,0.6709954,0.031,1790414082.527
2156,01_names,get_prob,result,,0.6709954,0.031,1790414082.574
2157,01_names,get_prob,numbers,,0.73916596,0.031,1790414082.621
2158,01_names,get_prob,numbers,,0.73916596,0.031,1790414082.668
2159,01_names,get_prob,result,,0.6709954,0.031,1790414082.715
2160,01_names,get_prob,result,,0.6709954,0.031,1790414082.762
2161,01_names,get_prob,num,,0.67046934,0.031,1790414082.809
2162,01_names,get_prob,num,,0.67046934,0.031,1790414082.856
2163,01_names,get_prob,result,,0.6709954,0.031,1790414082.903
2164,01_names,get_prob,result,,0.6709954,0.031,1790414082.95
2165,01_names,get_prob,a,,0.5233123,0.031,1790414082.997
2166,01_names,get_prob,a,,0.5233123,0.032,1790414083.044
2167,01_names,get_prob,line,,0.6499548,0.031,1790414083.091
2168,01_names,get_prob,line,,0.6499548,0.031,1790414083.138
2169,01_names,get_prob,b,,0.37073776,0.032,1790414083.185
2170,01_names,get_prob,b,,0.37073776,0.031,1790414083.232
2171,01_names,get_prob,line,,0.6499548,0.031,1790414083.279
2172,01_names,get_prob,line,,0.6499548,0.047,1790414083.326
2173,01_names,get_prob,c,,0.40759483,0.047,1790414083.373
2174,01_names,get_prob,c,,0.40759483,0.047,1790414083.42
2175,01_names,get_prob,x,,0.40893742,0.047,1790414083.466
2176,01_names,get_prob,x,,0.40893742,0.031,1790414083.498
2177,01_names,get_prob,d,,0.3944638,0.031,1790414083.545
2178,01_names,get_prob,d,,0.3944638,0.031,1790414083.592
2179,01_names,get_prob,line,,0.6499548,0.031,1790414083.639
2180,01_names,get_prob,line,,0.6499548,0.031,1790414083.686
2181,01_names,get_prob,e,,0.54435974,0.031,1790414083.733
2182,01_names,get_prob,e,,0.54435974,0.031,1790414083.779
2183,01_names,get_prob,line,,0.6499548,0.031,1790414083.826
2184,01_names,get_prob,line,,0.6499548,0.031,1790414083.873
2185,01_names,get_prob,collect_user_ids,,0.60534835,0.031,1790414083.92
2186,01_names,get_prob,collect_user_ids,,0.60534835,0.031,1790414083.967
2187,01_names,get_prob,my_list,,0.7096992,0.031,1790414084.014
2188,01_names,get_prob,my_list,,0.7096992,0.031,1790414084.061
2189,01_names,get_prob,a,,0.5233123,0.031,1790414084.108
2190,01_names,get_prob,a,,0.5233123,0.031,1790414084.154
2191,01_names,get_prob,b,,0.37073776,0.031,1790414084.201
2192,01_names,get_prob,b,,0.37073776,0.031,1790414084.248
2193,01_names,get_prob,c,,0.40759483,0.031,1790414084.295
2194,01_names,get_prob,c,,0.40759483,0.031,1790414084.342
2195,01_names,get_prob,my_list,,0.7096992,0.031,1790414084.389
2196,01_names,get_prob,my_list,,0.7096992,0.031,1790414084.436
2197,01_names,get_prob,first,,0.60169935,0.031,1790414084.483
2198,01_names,get_prob,first,,0.60169935,0.031,1790414084.529
2199,01_names,get_prob,rest,,0.642496,0.031,1790414084.577
2200,01_names,get_prob,rest,,0.642496,0.031,1790414084.623
2201,01_names,get_prob,d,,0.3944638,0.031,1790414084.67
2202,01_names,get_prob,d,,0.3944638,0.031,1790414084.717
2203,01_names,get_prob,e,,0.54435974,0.031,1790414084.764
2204,01_names,get_prob,e,,0.54435974,0.031,1790414084.811
2205,01_names,get_prob,f,,0.522176,0.031,1790414084.858
2206,01_names,get_prob,f,,0.522176,0.031,1790414084.905
2207,01_names,get_prob,g,,0.5632485,0.031,1790414084.952
2208,01_names,get_prob,g,,0.5632485,0.031,1790414084.998
2209,01_names,get_prob,values,,0.6390246,0.031,1790414085.045
2210,01_names,get_prob,values,,0.6390246,0.031,1790414085.092
2211,01_names,get_prob,aaa,,0.6097057,0.031,1790414085.139
2212,01_names,get_prob,aaa,,0.6097057,0.031,1790414085.186
2213,01_names,get_prob,bbb,,0.662413,0.031,1790414085.233
2214,01_names,get_prob,bbb,,0.662413,0.031,1790414085.28
2215,01_names,get_prob,ccc,,0.5287222,0.031,1790414085.326
2216,01_names,get_prob,ccc,,0.5287222,0.031,1790414085.373
2217,01_names,get_prob,position,,0.6075111,0.031,1790414085.42
2218,01_names,get_prob,position,,0.6075111,0.031,1790414085.467
2219,01_names,get_prob,rgb_color,,0.7351231,0.031,1790414085.514
2220,01_names,get_prob,rgb_color,,0.7351231,0.031,1790414085.561
2221,01_names,get_prob,f,,0.522176,0.031,1790414085.608
2222,01_names,get_prob,f,,0.522176,0.031,1790414085.655
2223,01_names,get_prob,file,,0.6820702,0.031,1790414085.701
2224,01_names,get_prob,file,,0.6820702,0.031,1790414085.748
2225,01_names,get_prob,open_test,,0.67495275,0.031,1790414085.795
2226,01_names,get_prob,open_test,,0.67495275,0.031,1790414085.842
2227,01_names,get_prob,test_array,,0.71086514,0.031,1790414085.889
2228,01_names,get_prob,test_array,,0.71086514,0.031,1790414085.936
2229,01_names,get_prob,key_name,,0.5629785,0.047,1790414085.983
2230,01_names,get_prob,key_name,,0.5629785,0.031,1790414086.03
2231,01_names,get_prob,numeric,,0.6916715,0.047,1790414086.076
2232,01_names,get_prob,numeric,,0.6916715,0.047,1790414086.123
2233,01_names,get_prob,a,,0.5233123,0.047,1790414086.17
2234,01_names,get_prob,a,,0.5233123,0.047,1790414086.217
2235,01_names,get_prob,b,,0.37073776,0.047,1790414086.264
2236,01_names,get_prob,b,,0.37073776,0.047,1790414086.311
2237,01_names,get_prob,c,,0.40759483,0.047,1790414086.358
2238,01_names,get_prob,c,,0.40759483,0.047,1790414086.405
2239,01_names,get_prob,d,,0.3944638,0.047,1790414086.451
2240,01_names,get_prob,d,,0.3944638,0.031,1790414086.498
2241,01_names,get_prob,e,,0.54435974,0.047,1790414086.545
2242,01_names,get_prob,e,,0.54435974,0.047,1790414086.592
2243,01_names,get_prob,f,,0.522176,0.047,1790414086.639
2244,01_names,get_prob,f,,0.522176,0.047,1790414086.686
2245,01_names,get_prob,g,,0.5632485,0.047,1790414086.733
2246,01_names,get_prob,g,,0.5632485,0.047,1790414086.78
2247,01_names,get_prob,h,,0.5902349,0.047,1790414086.826
2248,01_names,get_prob,h,,0.5902349,0.047,1790414086.873
2249,01_names,get_prob,words,,0.6551962,0.047,1790414086.92
2250,01_names,get_prob,words,,0.6551962,0.047,1790414086.967
2251,01_names,get_prob,word_counts,,0.684212,0.047,1790414087.014
2252,01_names,get_prob,word_counts,,0.684212,0.031,1790414087.045
2253,01_names,get_prob,word,,0.6874756,0.047,1790414087.108
2254,01_names,get_prob,word,,0.6874756,0.031,1790414087.139
2255,01_names,get_prob,word_counts,,0.684212,0.031,1790414087.186
2256,01_names,get_prob,word_counts,,0.684212,0.031,1790414087.233
2257,01_names,get_prob,word,,0.6874756,0.031,1790414087.279
2258,01_names,get_prob,word,,0.6874756,0.031,1790414087.326
2259,01_names,get_prob,matrix,,0.6060753,0.031,1790414087.373
2260,01_names,get_prob,matrix,,0.6060753,0.031,1790414087.42
2261,01_names,get_prob,flattened,,0.6082589,0.031,1790414087.467
2262,01_names,get_prob,flattened,,0.6082589,0.031,1790414087.514
2263,01_names,get_prob,row,,0.646766,0.031,1790414087.561
2264,01_names,get_prob,row,,0.646766,0.031,1790414087.608
2265,01_names,get_prob,item,,0.72587365,0.031,1790414087.654
2266,01_names,get_prob,item,,0.72587365,0.031,1790414087.701
2267,01_names,get_prob,my_list,,0.7096992,0.031,1790414087.748
2268,01_names,get_prob,my_list,,0.7096992,0.047,1790414087.811
2269,01_names,get_prob,my_tuple,,0.6228158,0.047,1790414087.858
2270,01_names,get_prob,my_tuple,,0.6228158,0.047,1790414087.904
2271,01_names,get_prob,my_set,,0.6233324,0.047,1790414087.951
2272,01_names,get_prob,my_set,,0.6233324,0.047,1790414087.998
2273,01_names,get_prob,combined,,0.61119246,0.031,1790414088.045
2274,01_names,get_prob,combined,,0.61119246,0.031,1790414088.092
2275,01_names,get_prob,item,,0.72587365,0.031,1790414088.139
2276,01_names,get_prob,item,,0.72587365,0.031,1790414088.186
2277,01_names,get_prob,dict_a,,0.6448225,0.031,1790414088.233
2278,01_names,get_prob,dict_a,,0.6448225,0.047,1790414088.279
2279,01_names,get_prob,dict_b,,0.6380446,0.047,1790414088.326
2280,01_names,get_prob,dict_b,,0.6380446,0.031,1790414088.373
2281,01_names,get_prob,all_values,,0.6857264,0.031,1790414088.42
2282,01_names,get_prob,all_values,,0.6857264,0.031,1790414088.467
2283,01_names,get_prob,all_values_,,0.69595224,0.031,1790414088.514
2284,01_names,get_prob,all_values_,,0.69595224,0.031,1790414088.561
2285,01_names,get_prob,target_dir,,0.7622547,0.047,1790414088.608
2286,01_names,get_prob,target_dir,,0.7622547,0.047,1790414088.654
2287,01_names,get_prob,txt_files,,0.70765215,0.047,1790414088.701
2288,01_names,get_prob,txt_files,,0.70765215,0.047,1790414088.748
2289,01_names,get_prob,filename,,0.63898504,0.047,1790414088.795
2290,01_names,get_prob,filename,,0.63898504,0.031,1790414088.826
2291,01_names,get_prob,full_path,,0.6067758,0.031,1790414088.873
2292,01_names,get_prob,full_path,,0.6067758,0.031,1790414088.92
2293,01_names,get_prob,user,,0.5704903,0.031,1790414088.967
2294,01_names,get_prob,user,,0.5704903,0.031,1790414089.014
2295,01_names,get_prob,setting_key,,0.5864864,0.031,1790414089.061
2296,01_names,get_prob,setting_key,,0.5864864,0.031,1790414089.108
2297,01_names,get_prob,value,,0.69034934,0.031,1790414089.154
2298,01_names,get_prob,value,,0.69034934,0.031,1790414089.201
2299,01_names,get_prob,value,,0.69034934,0.031,1790414089.248
2300,01_names,get_prob,value,,0.69034934,0.031,1790414089.295
2301,01_names,get_prob,value,,0.69034934,0.031,1790414089.342
2302,01_names,get_prob,value,,0.69034934,0.031,1790414089.389
2303,01_names,get_prob,value,,0.69034934,0.031,1790414089.436
2304,01_names,get_prob,value,,0.69034934,0.031,1790414089.482
2305,01_names,get_prob,test,,0.6781522,0.031,1790414089.529
2306,01_names,get_prob,test,,0.6781522,0.031,1790414089.576
2307,01_names,get_prob,value,,0.69034934,0.031,1790414089.623
2308,01_names,get_prob,value,,0.69034934,0.031,1790414089.67
2309,01_names,get_prob,text,,0.65841496,0.031,1790414089.717
2310,01_names,get_prob,text,,0.65841496,0.031,1790414089.764
2311,01_names,get_prob,bad_compile,,0.6797503,0.031,1790414089.811
2312,01_names,get_prob,bad_compile,,0.6797503,0.031,1790414089.857
2313,01_names,get_prob,bad_match,,0.6470495,0.031,1790414089.904
2314,01_names,get_prob,bad_match,,0.6470495,0.031,1790414089.951
2315,01_names,get_prob,bad_search,,0.68431073,0.031,1790414089.998
2316,01_names,get_prob,bad_search,,0.68431073,0.031,1790414090.045
2317,01_names,get_prob,bad_fullmatch,,0.6306346,0.031,1790414090.092
2318,01_names,get_prob,bad_fullmatch,,0.6306346,0.031,1790414090.139
2319,01_names,get_prob,bad_findall,,0.71231025,0.031,1790414090.186
2320,01_names,get_prob,bad_findall,,0.71231025,0.031,1790414090.232
2321,01_names,get_prob,bad_finditer,,0.701669,0.031,1790414090.279
2322,01_names,get_prob,bad_finditer,,0.701669,0.031,1790414090.326
2323,01_names,get_prob,bad_split,,0.6697609,0.031,1790414090.373
2324,01_names,get_prob,bad_split,,0.6697609,0.031,1790414090.42
2325,01_names,get_prob,bad_sub,,0.66605735,0.031,1790414090.467
2326,01_names,get_prob,bad_sub,,0.66605735,0.031,1790414090.514
2327,01_names,get_prob,f,,0.522176,0.031,1790414090.561
2328,01_names,get_prob,f,,0.522176,0.031,1790414090.607
2329,01_names,get_prob,function,,0.58217424,0.047,1790414090.67
2330,01_names,get_prob,function,,0.58217424,0.047,1790414090.717
2331,01_names,get_prob,distance,,0.66440433,0.031,1790414090.764
2332,01_names,get_prob,distance,,0.66440433,0.031,1790414090.811
2333,01_names,get_prob,function_result,,0.67653006,0.031,1790414090.857
2334,01_names,get_prob,function_result,,0.67653006,0.031,1790414090.904
2335,01_names,get_prob,test_str,,0.6476609,0.031,1790414090.951
2336,01_names,get_prob,test_str,,0.6476609,0.031,1790414090.998
2337,01_names,get_prob,test_func,,0.6309287,0.031,1790414091.045
2338,01_names,get_prob,test_func,,0.6309287,0.031,1790414091.092
2339,01_names,get_prob,test_func2,,0.6320336,0.031,1790414091.139
2340,01_names,get_prob,test_func2,,0.6320336,0.031,1790414091.186
2341,01_names,get_prob,__init__,,0.63983464,0.031,1790414091.232
2342,01_names,get_prob,__init__,,0.63983464,0.031,1790414091.279
2343,01_names,get_prob,test_function,,0.6575045,0.031,1790414091.326
2344,01_names,get_prob,test_function,,0.6575045,0.031,1790414091.373
2345,01_names,get_prob,num,,0.67046934,0.031,1790414091.42
2346,01_names,get_prob,num,,0.67046934,0.031,1790414091.467
2347,01_names,get_prob,num,,0.67046934,0.031,1790414091.514
2348,01_names,get_prob,num,,0.67046934,0.031,1790414091.561
2349,01_names,get_prob,num,,0.67046934,0.031,1790414091.607
2350,01_names,get_prob,num,,0.67046934,0.031,1790414091.654
2351,01_names,get_prob,num,,0.67046934,0.031,1790414091.701
2352,01_names,get_prob,num,,0.67046934,0.031,1790414091.748
2353,01_names,get_prob,num,,0.67046934,0.031,1790414091.795
2354,01_names,get_prob,num,,0.67046934,0.031,1790414091.842
2355,01_names,get_prob,num,,0.67046934,0.031,1790414091.889
2356,01_names,get_prob,num,,0.67046934,0.031,1790414091.935
2357,01_names,get_prob,age,,0.79280317,0.031,1790414091.982
2358,01_names,get_prob,age,,0.79280317,0.031,1790414092.029
2359,01_names,get_prob,balance,,0.65199137,0.031,1790414092.076
2360,01_names,get_prob,balance,,0.65199137,0.031,1790414092.123
2361,01_names,get_prob,db_response,,0.6299673,0.031,1790414092.17
2362,01_names,get_prob,db_response,,0.6299673,0.031,1790414092.217
2363,01_names,get_prob,str,,0.55513734,0.031,1790414092.264
2364,01_names,get_prob,str,,0.55513734,0.047,1790414092.326
2365,01_names,get_prob,int,,0.6846279,0.031,1790414092.373
2366,01_names,get_prob,int,,0.6846279,0.031,1790414092.42
2367,01_names,get_prob,sum,,0.5071358,0.031,1790414092.467
2368,01_names,get_prob,sum,,0.5071358,0.047,1790414092.53
2369,01_names,get_prob,item,,0.72587365,0.031,1790414092.577
2370,01_names,get_prob,item,,0.72587365,0.031,1790414092.624
2371,01_names,get_prob,sum,,0.5071358,0.031,1790414092.671
2372,01_names,get_prob,sum,,0.5071358,0.047,1790414092.733
2373,01_names,get_prob,result,,0.6709954,0.047,1790414092.78
2374,01_names,get_prob,result,,0.6709954,0.031,1790414092.827
2375,01_names,get_prob,dict,,0.56846976,0.031,1790414092.874
2376,01_names,get_prob,dict,,0.56846976,0.031,1790414092.921
2377,01_names,get_prob,abs,,0.5568029,0.031,1790414092.967
2378,01_names,get_prob,abs,,0.5568029,0.031,1790414093.014
2379,01_names,get_prob,func_test,,0.6424467,0.031,1790414093.061
2380,01_names,get_prob,func_test,,0.6424467,0.031,1790414093.108
2381,01_names,get_prob,create_user,,0.6122527,0.031,1790414093.155
2382,01_names,get_prob,create_user,,0.6122527,0.039,1790414093.209
2383,01_names,get_prob,add_to_list,,0.6431557,0.031,1790414093.256
2384,01_names,get_prob,add_to_list,,0.6431557,0.031,1790414093.303
2385,01_names,get_prob,configure_settings,,0.48929337,0.031,1790414093.35
2386,01_names,get_prob,configure_settings,,0.48929337,0.031,1790414093.397
2387,01_names,get_prob,create_user_1,,0.6263349,0.031,1790414093.444
2388,01_names,get_prob,create_user_1,,0.6263349,0.032,1790414093.492
2389,01_names,get_prob,add_to_list_1,,0.6630924,0.031,1790414093.538
2390,01_names,get_prob,add_to_list_1,,0.6630924,0.031,1790414093.585
2391,01_names,get_prob,configure_settings_1,,0.5416225,0.031,1790414093.632
2392,01_names,get_prob,configure_settings_1,,0.5416225,0.047,1790414093.695
2393,01_names,get_prob,get_user_age,,0.755261,0.031,1790414093.727
2394,01_names,get_prob,get_user_age,,0.755261,0.031,1790414093.774
2395,01_names,get_prob,process_payment,,0.5793285,0.047,1790414093.837
2396,01_names,get_prob,process_payment,,0.5793285,0.047,1790414093.884
2397,01_names,get_prob,fetch_from_database,,0.5901029,0.047,1790414093.931
2398,01_names,get_prob,fetch_from_database,,0.5901029,0.032,1790414093.978
2399,01_names,get_prob,get_active_user_profile,,0.33179766,0.031,1790414094.025
2400,01_names,get_prob,get_active_user_profile,,0.33179766,0.031,1790414094.072
2401,01_names,get_prob,calculate_items,,0.6732471,0.031,1790414094.119
2402,01_names,get_prob,calculate_items,,0.6732471,0.031,1790414094.166
2403,01_names,get_prob,base_price,,0.70299643,0.031,1790414094.212
2404,01_names,get_prob,base_price,,0.70299643,0.031,1790414094.26
2405,01_names,get_prob,shipping_fee,,0.61625373,0.031,1790414094.306
2406,01_names,get_prob,shipping_fee,,0.61625373,0.031,1790414094.353
2407,01_names,get_prob,shipping_fee,,0.61625373,0.031,1790414094.4
2408,01_names,get_prob,shipping_fee,,0.61625373,0.031,1790414094.447
2409,01_names,get_prob,total,,0.726019,0.031,1790414094.494
2410,01_names,get_prob,total,,0.726019,0.031,1790414094.541
2411,01_names,get_prob,shipping,,0.6186786,0.047,1790414094.603
2412,01_names,get_prob,shipping,,0.6186786,0.047,1790414094.65
2413,01_names,get_prob,item_name,,0.6973091,0.031,1790414094.697
2414,01_names,get_prob,item_name,,0.6973091,0.031,1790414094.744
2415,01_names,get_prob,price,,0.6873193,0.031,1790414094.791
2416,01_names,get_prob,price,,0.6873193,0.031,1790414094.838
2417,01_names,get_prob,quantity,,0.58970153,0.031,1790414094.885
2418,01_names,get_prob,quantity,,0.58970153,0.031,1790414094.932
2419,01_names,get_prob,address,,0.68231225,0.031,1790414094.978
2420,01_names,get_prob,address,,0.68231225,0.031,1790414095.025
2421,01_names,get_prob,my_pc,,0.6393148,0.031,1790414095.072
2422,01_names,get_prob,my_pc,,0.6393148,0.031,1790414095.119
2423,01_names,get_prob,phone,,0.7458914,0.031,1790414095.166
2424,01_names,get_prob,phone,,0.7458914,0.031,1790414095.213
2425,01_names,get_prob,my_list,,0.7096992,0.031,1790414095.266
2426,01_names,get_prob,my_list,,0.7096992,0.031,1790414095.312
2427,01_names,get_prob,calculate_total_price,,0.5351004,0.032,1790414095.36
2428,01_names,get_prob,calculate_total_price,,0.5351004,0.031,1790414095.407
2429,01_names,get_prob,calculate_shipping_fee,,0.45227078,0.031,1790414095.453
2430,01_names,get_prob,calculate_shipping_fee,,0.45227078,0.047,1790414095.516
2431,01_names,get_prob,print_order_summary,,0.61140996,0.047,1790414095.563
2432,01_names,get_prob,print_order_summary,,0.61140996,0.047,1790414095.61
2433,01_names,get_prob,__init__,,0.63983464,0.031,1790414095.657
2434,01_names,get_prob,__init__,,0.63983464,0.031,1790414095.704
2435,01_names,get_prob,process,,0.5221761,0.031,1790414095.751
2436,01_names,get_prob,process,,0.5221761,0.031,1790414095.798
2437,01_names,get_prob,calculate,,0.6278349,0.031,1790414095.845
2438,01_names,get_prob,calculate,,0.6278349,0.031,1790414095.891
2439,01_names,get_prob,send_notification,,0.619282,0.031,1790414095.938
2440,01_names,get_prob,send_notification,,0.619282,0.031,1790414095.985
2441,01_names,get_prob,send_notification,,0.619282,0.031,1790414096.032
2442,01_names,get_prob,send_notification,,0.619282,0.047,1790414096.094
2443,01_names,get_prob,calculate_discount,,0.6418275,0.047,1790414096.141
2444,01_names,get_prob,calculate_discount,,0.6418275,0.031,1790414096.188
2445,01_names,get_prob,check_permission,,0.56884176,0.031,1790414096.235
2446,01_names,get_prob,check_permission,,0.56884176,0.021,1790414096.273
2447,01_names,get_prob,__init__,,0.63983464,0.031,1790414096.32
2448,01_names,get_prob,__init__,,0.63983464,0.047,1790414096.382
2449,01_names,get_prob,_display_system,,0.6857887,0.031,1790414096.429
2450,01_names,get_prob,_display_system,,0.6857887,0.031,1790414096.476
2451,01_names,get_prob,__init__,,0.63983464,0.031,1790414096.523
2452,01_names,get_prob,__init__,,0.63983464,0.031,1790414096.57
2453,01_names,get_prob,__boot_kernel,,0.62621593,0.032,1790414096.618
2454,01_names,get_prob,__boot_kernel,,0.62621593,0.031,1790414096.665
2455,01_names,get_prob,__init__,,0.63983464,0.031,1790414096.711
2456,01_names,get_prob,__init__,,0.63983464,0.037,1790414096.764
2457,01_names,get_prob,__len__,,0.6062756,0.031,1790414096.811
2458,01_names,get_prob,__len__,,0.6062756,0.031,1790414096.858
2459,01_names,get_prob,process_user_data,,0.5907337,0.031,1790414096.905
2460,01_names,get_prob,process_user_data,,0.5907337,0.031,1790414096.952
2461,01_names,get_prob,order_consumer_ranking,,0.6102215,0.031,1790414096.999
2462,01_names,get_prob,order_consumer_ranking,,0.6102215,0.031,1790414097.046
2463,01_names,get_prob,send_welcome_email,,0.5906395,0.031,1790414097.093
2464,01_names,get_prob,send_welcome_email,,0.5906395,0.031,1790414097.139
2465,01_names,get_prob,process_user_data_v2,,0.59250593,0.031,1790414097.186
2466,01_names,get_prob,process_user_data_v2,,0.59250593,0.047,1790414097.249
2467,01_names,get_prob,process_user_data_batch,,0.63514644,0.031,1790414097.296
2468,01_names,get_prob,process_user_data_batch,,0.63514644,0.031,1790414097.343
2469,01_names,get_prob,rank_customer,,0.64863276,0.031,1790414097.39
2470,01_names,get_prob,rank_customer,,0.64863276,0.031,1790414097.436
2471,01_names,get_prob,test,,0.6781522,0.031,1790414097.484
2472,01_names,get_prob,test,,0.6781522,0.031,1790414097.531
2473,01_return_matched_with_func_name,get_embedding,classify_pdf_text,,"[ 8.33799988e-02 -2.24648547e+00  1.03822537e-03 -1.38641310e+00
 -7.66955853e-01  1.91647375e+00 -1",0.031,1790414099.112
2474,01_return_matched_with_func_name,get_embedding,primary_billing_address,,"[ 2.01383591e+00 -7.66397119e-02  1.49739945e+00 -4.52740669e-01
  1.22407365e+00  1.10870779e+00 -4",0.047,1790414099.19
2475,01_return_matched_with_func_name,get_similarity,classify_pdf_text,primary_billing_address,-0.055145066,0.141,1790414099.206
2476,01_return_matched_with_func_name,get_embedding,get_current_user_profile,,"[ 2.12050200e+00  1.01905930e+00  1.22027373e+00 -1.40438163e+00
  9.55237925e-01  8.46179605e-01 -1",0.047,1790414099.269
2477,01_return_matched_with_func_name,get_embedding,draft_network_packet,,"[-1.77787089e+00  6.94287300e-01  2.11188698e+00 -1.53723136e-01
  5.88817477e-01 -5.20204306e-01 -6",0.047,1790414099.331
2478,01_return_matched_with_func_name,get_similarity,get_current_user_profile,draft_network_packet,-0.06317609,0.125,1790414099.347
2479,01_return_matched_with_func_name,get_embedding,validate_product_catalog,,"[-1.22987285e-01  1.25883386e-01 -3.18608093e+00  3.37557524e-01
  5.78783989e-01  1.61767983e+00 -1",0.031,1790414099.41
2480,01_return_matched_with_func_name,get_embedding,cached_survey_response,,"[-4.14843380e-01  6.42215610e-01 -1.79273918e-01  8.92871797e-01
  7.92729139e-01  1.15997410e+00  2",0.031,1790414099.472
2481,01_return_matched_with_func_name,get_similarity,validate_product_catalog,cached_survey_response,-0.12236855,0.125,1790414099.488
2482,01_return_matched_with_func_name,get_embedding,compile_return_request,,"[-4.66440655e-02  7.07676291e-01 -3.34507942e+00  2.51360178e-01
  9.35915291e-01  1.61588347e+00 -3",0.031,1790414099.535
2483,01_return_matched_with_func_name,get_embedding,compiled_return_request,,"[ 5.23325801e-03  2.82769918e-01 -4.05900574e+00  1.53722510e-01
  7.27374613e-01  1.85459149e+00 -3",0.047,1790414099.597
2484,01_return_matched_with_func_name,get_similarity,compile_return_request,compiled_return_request,0.9478203,0.109,1790414099.613
2485,01_return_matched_with_func_name,get_embedding,read_primary_threat_score,,"[ 1.0858648e+00  5.9544498e-01  1.3555434e+00 -6.3342339e-01
  2.4706786e-03  4.2003551e+00 -4.91692",0.031,1790414099.675
2486,01_return_matched_with_func_name,get_embedding,primary_threat_score,,"[ 8.28695714e-01  5.91478348e-01  1.49906158e+00 -6.91151917e-01
 -1.24926016e-01  3.65696168e+00 -3",0.031,1790414099.738
2487,01_return_matched_with_func_name,get_similarity,read_primary_threat_score,primary_threat_score,0.97877747,0.125,1790414099.754
2488,01_return_matched_with_func_name,get_embedding,serialize_file_metadata,,"[ 4.27735537e-01  1.40169847e+00 -1.20810151e+00  1.93091118e+00
 -1.99535763e+00  3.87563795e-01  2",0.031,1790414099.801
2489,01_return_matched_with_func_name,get_embedding,serialized_file_metadata,,"[ 2.10583523e-01  1.16733027e+00 -9.18736696e-01  1.52806056e+00
 -2.08959007e+00  7.30672598e-01  1",0.047,1790414099.863
2490,01_return_matched_with_func_name,get_similarity,serialize_file_metadata,serialized_file_metadata,0.9693079,0.11,1790414099.879
2491,01_return_matched_with_func_name,get_embedding,simplified_body,,"[ 2.13688946e+00 -6.06600285e-01 -1.88477743e+00  1.26668543e-01
 -1.58714950e+00  9.41803455e-01 -8",0.031,1790414099.942
2492,01_return_matched_with_func_name,get_embedding,simplify_code,,"[ 1.86787128e+00  7.62705982e-01 -7.52378643e-01  1.37125432e+00
 -1.99082804e+00  5.53255618e-01 -1",0.047,1790414100.004
2493,01_return_matched_with_func_name,get_similarity,simplified_body,simplify_code,0.57649386,0.11,1790414100.02
2494,01_return_matched_with_func_name,get_embedding,comment,,"[-6.82235897e-01 -4.59428519e-01  2.55416751e+00  2.03738999e+00
 -1.00269067e+00 -1.02256082e-01 -1",0.047,1790414100.082
2495,01_return_matched_with_func_name,get_embedding,extract_comment,,"[ 1.37480557e-01 -1.83675575e+00 -1.19535458e+00  1.14723086e-01
 -6.09596252e-01  1.55256438e+00 -6",0.031,1790414100.145
2496,01_return_matched_with_func_name,get_similarity,comment,extract_comment,0.4823045,0.125,1790414100.161
2497,01_return_matched_with_func_name,get_embedding,comment,,"[-6.82235897e-01 -4.59428519e-01  2.55416751e+00  2.03738999e+00
 -1.00269067e+00 -1.02256082e-01 -1",0.031,1790414100.223
2498,01_return_matched_with_func_name,get_embedding,extract_comment,,"[ 1.37480557e-01 -1.83675575e+00 -1.19535458e+00  1.14723086e-01
 -6.09596252e-01  1.55256438e+00 -6",0.031,1790414100.27
2499,01_return_matched_with_func_name,get_similarity,comment,extract_comment,0.4823045,0.125,1790414100.301
2500,01_return_matched_with_func_name,get_embedding,matched_lines,,"[ 1.98839569e+00  1.10519934e+00 -1.52057791e+00  1.94719338e+00
  5.40995240e-01 -3.30568552e+00  5",0.031,1790414100.348
2501,01_return_matched_with_func_name,get_embedding,check_regex_matched_lines,,"[-9.36473310e-02  9.39678729e-01 -1.72182822e+00  7.36006558e-01
  1.14859080e+00 -1.51265228e+00  3",0.047,1790414100.411
2502,01_return_matched_with_func_name,get_similarity,matched_lines,check_regex_matched_lines,0.78607374,0.11,1790414100.427
2503,01_return_matched_with_func_name,get_embedding,next_level,,"[-2.08785963e+00 -1.10198760e+00  1.70078146e+00  3.49909842e-01
 -1.75277483e+00 -2.31762147e+00  1",0.031,1790414100.49
2504,01_return_matched_with_func_name,get_embedding,get_current_version,,"[ 0.6432815  -0.4877061   2.2538328  -2.027143    0.32383844  0.01311071
  0.01876306 -0.48750135 -0",0.031,1790414100.552
2505,01_return_matched_with_func_name,get_similarity,next_level,get_current_version,0.27462006,0.125,1790414100.568
2506,01_return_matched_with_func_name,get_embedding,db_response,,"[-0.9142305   0.12150033 -2.5391128   3.2826686  -0.29799443 -0.70651513
 -1.3031188   0.689595   -1",0.031,1790414100.631
2507,01_return_matched_with_func_name,get_embedding,fetch_from_database,,"[ 1.61848724e+00 -7.72185743e-01 -1.12710500e+00  1.19141209e+00
 -5.22512734e-01  1.10415816e+00 -7",0.032,1790414100.694
2508,01_return_matched_with_func_name,get_similarity,db_response,fetch_from_database,0.6177125,0.126,1790414100.709
2509,01_return_matched_with_func_name,get_embedding,result,,"[ 5.69022238e-01 -1.23556340e+00 -2.05763268e+00  1.08361566e+00
 -7.09216058e-01  1.06625128e+00 -1",0.032,1790414100.757
2510,01_return_matched_with_func_name,get_embedding,calculate_items,,"[ 1.41260135e+00 -2.14052796e+00 -2.48056102e+00  1.00518644e+00
 -3.79990935e-02 -1.02351236e+00 -1",0.031,1790414100.819
2511,01_return_matched_with_func_name,get_similarity,result,calculate_items,0.4835738,0.11,1790414100.835
2512,01_return_matched_with_func_name,get_embedding,total,,"[ 9.82556343e-01 -1.14930964e+00  4.17277575e-01  8.67208898e-01
 -1.42749441e+00 -8.85004580e-01 -6",0.047,1790414100.897
2513,01_return_matched_with_func_name,get_embedding,calculate_total_price,,"[ 3.73472393e-01 -1.54861283e+00  9.10317302e-01  5.09587944e-01
 -3.51175022e+00 -3.32389295e-01 -1",0.031,1790414100.96
2514,01_return_matched_with_func_name,get_similarity,total,calculate_total_price,0.48890904,0.125,1790414100.976
2515,01_return_matched_with_func_name,get_embedding,shipping,,"[ 1.88342881e+00 -7.68302739e-01 -1.11856055e+00  1.11059761e+00
 -2.39898890e-01  1.27941310e+00  4",0.031,1790414101.038
2516,01_return_matched_with_func_name,get_embedding,calculate_shipping_fee,,"[ 8.33253026e-01 -1.63118482e-01  1.27601266e+00  1.22670603e+00
 -2.83500791e+00  2.21130466e+00  1",0.031,1790414101.1
2517,01_return_matched_with_func_name,get_similarity,shipping,calculate_shipping_fee,0.26774538,0.125,1790414101.116
2518,01_func_docstring_single_responsibility,get_prob,Apply throttling to the job run from local storage. Report the latest state to the caller.,,0.22191334,0.094,1790414107.524
2519,01_func_docstring_docstring_and_name,get_embedding,load_content_block,,"[ 1.53750241e+00  4.22691002e+01 -2.68643498e-01 -7.59744358e+00
 -4.79588890e+00 -1.87880731e+00  7",0.047,1790414107.602
2520,01_func_docstring_docstring_and_name,get_embedding,Apply throttling to the job run from local storage. Report the latest state to the caller.,,"[-1.54805303e+00  4.03688622e+01 -9.68030155e-01 -2.54620380e+01
  1.51318741e+00  8.20746899e+00  1",0.047,1790414107.68
2521,01_func_docstring_docstring_and_name,get_similarity,load_content_block,Apply throttling to the job run from local storage. Report the latest state to the caller.,0.4912543,0.141,1790414107.696
2522,01_func_docstring_single_responsibility,get_prob,Paginate the API response under the active security policy. Leave the source data unchanged. Return the resulting value or status.,,0.24353679,0.047,1790414107.759
2523,01_func_docstring_docstring_and_name,get_embedding,sync_incident_record_current,,"[ 2.71561474e-01  5.48779869e+01 -1.32511878e+00 -1.19520731e+01
 -1.94744766e+00  3.08575368e+00  2",0.047,1790414107.821
2524,01_func_docstring_docstring_and_name,get_embedding,Paginate the API response under the active security policy. Leave the source data unchanged. Return the resulting value or status.,,"[-3.56102443e+00  3.92154465e+01  1.57790840e-01 -2.91487160e+01
  1.86963439e+00  4.70997143e+00  3",0.047,1790414107.884
2525,01_func_docstring_docstring_and_name,get_similarity,sync_incident_record_current,Paginate the API response under the active security policy. Leave the source data unchanged. Return the resulting value or status.,0.5400612,0.125,1790414107.899
2526,01_func_docstring_single_responsibility,get_prob,Hash the MFA challenge during retry handling.,,0.20081481,0.047,1790414107.962
2527,01_func_docstring_docstring_and_name,get_embedding,delete_health,,"[ 3.8463793e+00  3.7587448e+01  1.4902805e+00 -4.0884423e+00
  1.1731472e+00 -8.4624988e-01 -5.87629",0.047,1790414108.024
2528,01_func_docstring_docstring_and_name,get_embedding,Hash the MFA challenge during retry handling.,,"[ 3.07304692e+00  5.17228889e+01 -1.81097299e-01 -2.08420677e+01
 -4.15341854e-01  7.87899303e+00  6",0.047,1790414108.102
2529,01_func_docstring_docstring_and_name,get_similarity,delete_health,Hash the MFA challenge during retry handling.,0.48728177,0.141,1790414108.118
2530,01_func_docstring_single_responsibility,get_prob,Refresh the service health during the background job. Use the configured source when an override is not supplied. Leave unrelated state unchanged.,,0.19942395,0.047,1790414108.18
2531,01_func_docstring_docstring_and_name,get_embedding,refresh_service_health_background,,"[ 1.62410092e+00  5.03750381e+01 -1.02644765e+00 -6.37016821e+00
 -1.21381187e+00 -4.12987852e+00 -2",0.047,1790414108.243
2532,01_func_docstring_docstring_and_name,get_embedding,Refresh the service health during the background job. Use the configured source when an override is not supplied. Leave unrelated state unchanged.,,"[-4.83810329e+00  3.04584789e+01 -9.79432464e-01 -2.77072277e+01
  2.24445963e+00  5.23158169e+00  3",0.047,1790414108.321
2533,01_func_docstring_docstring_and_name,get_similarity,refresh_service_health_background,Refresh the service health during the background job. Use the configured source when an override is not supplied. Leave unrelated state unchanged.,0.6122442,0.141,1790414108.337
2534,01_func_docstring_single_responsibility,get_prob,Restore the cron schedule for audit review.,,0.16297688,0.047,1790414108.383
2535,01_func_docstring_docstring_and_name,get_embedding,restore_cron_schedule_audit,,"[-9.32024658e-01  5.17552986e+01 -2.66078067e+00 -7.18116140e+00
 -1.42506838e+00  3.06989980e+00 -1",0.047,1790414108.462
2536,01_func_docstring_docstring_and_name,get_embedding,Restore the cron schedule for audit review.,,"[-1.35948181e+00  4.89768753e+01 -2.68027020e+00 -1.49299726e+01
 -4.54132080e-01  4.73485565e+00 -4",0.047,1790414108.524
2537,01_func_docstring_docstring_and_name,get_similarity,restore_cron_schedule_audit,Restore the cron schedule for audit review.,0.9035922,0.141,1790414108.54
2538,01_func_docstring_single_responsibility,get_prob,Route the template variable to the appropriate handler for the selected workspace. Do not advance unrelated jobs.,,0.44373277,0.047,1790414108.602
2539,01_func_docstring_docstring_and_name,get_embedding,route_template_variable_workspace,,"[-2.06666994e+00  5.14869194e+01 -4.13293362e-01 -1.17953091e+01
 -3.00152516e+00  2.98766184e+00 -2",0.047,1790414108.665
2540,01_func_docstring_docstring_and_name,get_embedding,Route the template variable to the appropriate handler for the selected workspace. Do not advance unrelated jobs.,,"[-3.85394597e+00  3.91184311e+01 -6.86261803e-02 -2.64397068e+01
  1.46515179e+00  7.77865458e+00  2",0.047,1790414108.743
2541,01_func_docstring_docstring_and_name,get_similarity,route_template_variable_workspace,Route the template variable to the appropriate handler for the selected workspace. Do not advance unrelated jobs.,0.68629634,0.141,1790414108.758
2542,01_func_docstring_single_responsibility,get_prob,"Generates the purchase order, renders a preview, and posts it to the activity stream.",,0.12205909,0.047,1790414108.821
2543,01_func_docstring_docstring_and_name,get_embedding,test_1,,"[ 5.09411693e-02  3.09046555e+01 -8.34940791e-01 -9.31796455e+00
 -9.01120007e-01  1.39609063e+00  3",0.031,1790414108.883
2544,01_func_docstring_docstring_and_name,get_embedding,"Generates the purchase order, renders a preview, and posts it to the activity stream.",,"[-2.63018817e-01  4.22701530e+01 -1.82874179e+00 -1.85269585e+01
  1.09598899e+00 -1.50831914e+00  4",0.047,1790414108.946
2545,01_func_docstring_docstring_and_name,get_similarity,test_1,"Generates the purchase order, renders a preview, and posts it to the activity stream.",0.35543725,0.125,1790414108.962
2546,01_func_docstring_single_responsibility,get_prob,"Closes the telemetry batch, archives related files, and emits a completion metric.",,0.07590262,0.047,1790414109.024
2547,01_func_docstring_docstring_and_name,get_embedding,test_2,,"[ 1.04350901e+00  3.29600410e+01 -4.15606767e-01 -9.70841503e+00
 -2.03972292e+00  2.73569608e+00 -7",0.047,1790414109.102
2548,01_func_docstring_docstring_and_name,get_embedding,"Closes the telemetry batch, archives related files, and emits a completion metric.",,"[ 1.05968189e+00  4.10135536e+01 -1.95254064e+00 -2.02980595e+01
 -3.27426344e-01  8.56916904e+00 -2",0.047,1790414109.165
2549,01_func_docstring_docstring_and_name,get_similarity,test_2,"Closes the telemetry batch, archives related files, and emits a completion metric.",0.34918138,0.141,1790414109.18
2550,01_func_docstring_single_responsibility,get_prob,"Closes the inventory reservation, archives related files, and emits a completion metric. Retains the expected data shape.",,0.08528346,0.047,1790414109.243
2551,01_func_docstring_docstring_and_name,get_embedding,test_3,,"[ 1.35411096e+00  3.19505653e+01 -7.69668996e-01 -1.21161385e+01
  6.89367592e-01  2.54315257e+00  1",0.047,1790414109.305
2552,01_func_docstring_docstring_and_name,get_embedding,"Closes the inventory reservation, archives related files, and emits a completion metric. Retains the expected data shape.",,"[ 9.27449837e-02  4.17412720e+01 -1.22000408e+00 -2.14412022e+01
 -7.19858781e-02  8.89407349e+00 -8",0.047,1790414109.368
2553,01_func_docstring_docstring_and_name,get_similarity,test_3,"Closes the inventory reservation, archives related files, and emits a completion metric. Retains the expected data shape.",0.4035575,0.125,1790414109.383
2554,01_func_docstring_single_responsibility,get_prob,Compute the effective value represented by the training corpus. Uses the standard domain vocabulary. Existing domain invariants remain intact.,,0.26934817,0.047,1790414109.446
2555,01_func_docstring_docstring_and_name,get_embedding,test_4,,"[ 1.58486867e+00  3.11405449e+01 -1.38620746e+00 -8.42431641e+00
  5.60952067e-01  2.51011705e+00  3",0.047,1790414109.524
2556,01_func_docstring_docstring_and_name,get_embedding,Compute the effective value represented by the training corpus. Uses the standard domain vocabulary. Existing domain invariants remain intact.,,"[-1.38447368e+00  3.78537712e+01  2.90394247e-01 -1.91912251e+01
  2.65280771e+00  1.63304577e+01 -1",0.047,1790414109.587
2557,01_func_docstring_docstring_and_name,get_similarity,test_4,Compute the effective value represented by the training corpus. Uses the standard domain vocabulary. Existing domain invariants remain intact.,0.35781866,0.141,1790414109.602
2558,01_func_docstring_single_responsibility,get_prob,Sort the rule set by creation time.,,0.4392795,0.047,1790414109.665
2559,01_func_docstring_docstring_and_name,get_embedding,test_5,,"[ 1.24826944e+00  3.13950539e+01  2.09456459e-01 -9.06424999e+00
 -2.40341693e-01  5.65438092e-01  2",0.047,1790414109.727
2560,01_func_docstring_docstring_and_name,get_embedding,Sort the rule set by creation time.,,"[-1.94695723e+00  4.56836548e+01 -9.23261404e-01 -1.66548595e+01
  1.75145790e-01  8.12796688e+00  4",0.047,1790414109.805
2561,01_func_docstring_docstring_and_name,get_similarity,test_5,Sort the rule set by creation time.,0.39019623,0.141,1790414109.821
2562,01_func_docstring_single_responsibility,get_prob,Determine whether the notification batch is expired. Maintains deterministic behavior across repeated runs.,,0.22850154,0.047,1790414109.883
2563,01_func_docstring_docstring_and_name,get_embedding,test_6,,"[ 4.75919187e-01  3.12685947e+01 -3.21109593e-02 -7.51007462e+00
  2.25483775e-01  2.66353130e+00 -1",0.047,1790414109.946
2564,01_func_docstring_docstring_and_name,get_embedding,Determine whether the notification batch is expired. Maintains deterministic behavior across repeated runs.,,"[-3.56295514e+00  3.26182518e+01 -5.35032392e-01 -2.53018723e+01
  2.37606907e+00  9.42874241e+00  1",0.047,1790414110.008
2565,01_func_docstring_docstring_and_name,get_similarity,test_6,Determine whether the notification batch is expired. Maintains deterministic behavior across repeated runs.,0.34531915,0.125,1790414110.024
2566,01_func_docstring_single_responsibility,get_prob,Convert json-like format review result into human-friendly review style.,,0.17741182,0.047,1790414110.087
2567,01_func_docstring_docstring_and_name,get_embedding,convert_to_human_friendly_review,,"[ 7.85012245e-02  5.05457764e+01 -5.40714741e-01 -9.37778187e+00
  9.80685055e-01  4.57957363e+00  3",0.047,1790414110.165
2568,01_func_docstring_docstring_and_name,get_embedding,Convert json-like format review result into human-friendly review style.,,"[ 2.16559637e-02  5.14413681e+01 -1.22383261e+00 -1.82738113e+01
  2.44403243e+00  5.59451199e+00  4",0.047,1790414110.227
2569,01_func_docstring_docstring_and_name,get_similarity,convert_to_human_friendly_review,Convert json-like format review result into human-friendly review style.,0.8231367,0.141,1790414110.243
2570,01_func_docstring_single_responsibility,get_prob,Default code review function for Oh-LoRA 👱‍♀️ Code Assistant.,,0.41622365,0.047,1790414110.305
2571,01_func_docstring_docstring_and_name,get_embedding,default_code_review_func,,"[ 8.67625117e-01  5.15977249e+01 -9.44431603e-01 -1.32866879e+01
 -1.54601419e+00  6.65436745e-01 -1",0.047,1790414110.368
2572,01_func_docstring_docstring_and_name,get_embedding,Default code review function for Oh-LoRA 👱‍♀️ Code Assistant.,,"[ 2.50551522e-01  4.61716766e+01 -9.38520014e-01 -1.40913324e+01
  1.01346165e-01  6.05976868e+00 -3",0.047,1790414110.446
2573,01_func_docstring_docstring_and_name,get_similarity,default_code_review_func,Default code review function for Oh-LoRA 👱‍♀️ Code Assistant.,0.73337483,0.141,1790414110.462
2574,01_func_docstring_single_responsibility,get_prob,"Return current version. Now, the current version is v1.2.6.",,0.17705518,0.047,1790414110.524
2575,01_func_docstring_docstring_and_name,get_embedding,get_current_version,,"[-4.1169281e+00  3.5855724e+01 -1.1794976e+00 -1.1290979e+01
 -2.3313847e+00  3.8172424e+00  1.78499",0.047,1790414110.586
2576,01_func_docstring_docstring_and_name,get_embedding,"Return current version. Now, the current version is v1.2.6.",,"[-2.46054959e+00  3.02363014e+01 -1.27786398e+00 -2.75529804e+01
  1.35804772e+00  1.15473738e+01  5",0.047,1790414110.649
2577,01_func_docstring_docstring_and_name,get_similarity,get_current_version,"Return current version. Now, the current version is v1.2.6.",0.67869514,0.125,1790414110.665
2578,01_func_docstring_single_responsibility,get_prob,Return current version.,,0.19489457,0.047,1790414110.727
2579,01_func_docstring_docstring_and_name,get_embedding,get_current_ver,,"[-3.68944263e+00  3.71615219e+01 -1.15481758e+00 -9.07628250e+00
 -2.09659338e+00  3.66116810e+00  1",0.047,1790414110.805
2580,01_func_docstring_docstring_and_name,get_embedding,Return current version.,,"[-3.33141851e+00  3.31647453e+01 -1.60538411e+00 -1.77586498e+01
 -8.73196423e-01  6.28708363e+00  3",0.047,1790414110.868
2581,01_func_docstring_docstring_and_name,get_similarity,get_current_ver,Return current version.,0.8119503,0.141,1790414110.884
2582,01_func_docstring_single_responsibility,get_prob,Check if the code follows single responsibility rule and suggest improvement points.,,0.32619882,0.047,1790414110.946
2583,01_func_docstring_docstring_and_name,get_embedding,check_single_responsibility,,"[ 1.2900341e-01  4.5413403e+01  2.4674964e-01 -9.1560774e+00
 -2.7694333e+00  3.3784270e-02 -1.50230",0.047,1790414111.024
2584,01_func_docstring_docstring_and_name,get_embedding,Check if the code follows single responsibility rule and suggest improvement points.,,"[-1.87966275e+00  4.60133400e+01  2.52848595e-01 -1.66600304e+01
  2.41560623e-01  6.26663589e+00 -2",0.031,1790414111.087
2585,01_func_docstring_docstring_and_name,get_similarity,check_single_responsibility,Check if the code follows single responsibility rule and suggest improvement points.,0.7257048,0.141,1790414111.102
2586,01_func_docstring_single_responsibility,get_prob,This is a docstring.,,0.0775788,0.047,1790414111.165
2587,01_func_docstring_docstring_and_name,get_embedding,long_function_with_docstring,,"[ 9.20318604e-01  4.52147179e+01 -1.36072123e+00 -1.49147797e+01
 -3.17006499e-01  2.32358360e+00  8",0.047,1790414111.227
2588,01_func_docstring_docstring_and_name,get_embedding,This is a docstring.,,"[-2.28978187e-01  2.49667091e+01 -5.75593829e-01 -1.39956884e+01
  9.60561872e-01  6.15544128e+00  1",0.047,1790414111.305
2589,01_func_docstring_docstring_and_name,get_similarity,long_function_with_docstring,This is a docstring.,0.5791583,0.141,1790414111.321
2590,02_numeric_values_twice,get_embedding,    print(2),,"[ 1.15608573e+00  5.60091078e-01  1.44254494e+00  1.48407459e+00
 -7.72115529e-01  1.17962801e+00 -1",0.031,1790414114.77
2591,02_numeric_values_twice,get_embedding,    print(2),,"[ 1.15608573e+00  5.60091078e-01  1.44254494e+00  1.48407459e+00
 -7.72115529e-01  1.17962801e+00 -1",0.031,1790414114.832
2592,02_numeric_values_twice,get_embedding,baz2 = 3,,"[ 5.66664159e-01  5.44045210e-01 -1.13312149e+00  1.82078063e+00
 -1.93902838e+00  1.46998322e+00 -1",0.031,1790414114.879
2593,02_numeric_values_twice,get_embedding,baz2 = 3,,"[ 5.66664159e-01  5.44045210e-01 -1.13312149e+00  1.82078063e+00
 -1.93902838e+00  1.46998322e+00 -1",0.031,1790414114.941
2594,02_numeric_values_twice,get_embedding,vector_store = 4,,"[ 2.05391335e+00 -1.66151726e+00 -1.45012796e+00  1.18717611e+00
 -1.05671704e+00 -4.97959107e-01 -5",0.031,1790414114.988
2595,02_numeric_values_twice,get_embedding,vector_store = 4,,"[ 2.05391335e+00 -1.66151726e+00 -1.45012796e+00  1.18717611e+00
 -1.05671704e+00 -4.97959107e-01 -5",0.031,1790414115.051
2596,02_numeric_values_twice,get_embedding,email_preview_text_v3 = 5,,"[-0.34556273 -1.3704933   0.73228335  0.23950772 -0.93489885  1.5325394
 -1.1807112   0.27192     0.",0.031,1790414115.098
2597,02_numeric_values_twice,get_embedding,email_preview_text_v3 = 5,,"[-0.34556273 -1.3704933   0.73228335  0.23950772 -0.93489885  1.5325394
 -1.1807112   0.27192     0.",0.047,1790414115.16
2598,02_numeric_values_twice,get_embedding,    return 2,,"[ 7.21007466e-01  2.56257057e-01  9.99965847e-01  1.07370877e+00
 -1.35351110e+00  4.70820189e-01 -9",0.031,1790414115.207
2599,02_numeric_values_twice,get_embedding,    return 3,,"[ 9.57733333e-01 -5.37073135e-01  5.85072041e-01  1.51189268e+00
 -9.20220554e-01  1.01013350e+00 -1",0.031,1790414115.269
2600,02_numeric_values_twice,get_embedding,    return 4,,"[ 1.04546094e+00 -1.30910802e+00  1.11444700e+00  1.68330228e+00
 -9.76314366e-01  1.41316319e+00 -1",0.031,1790414115.316
2601,02_numeric_values_twice,get_embedding,    return 5,,"[ 1.30444241e+00 -4.00858879e-01 -5.44979990e-01  2.15080404e+00
 -5.92405021e-01  4.90090758e-01 -1",0.031,1790414115.379
2602,02_numeric_values_maybe_const,get_prob,    print(2),,0.35114858,0.031,1790414115.426
2603,02_numeric_values_maybe_const,get_prob,baz2 = 3,,0.39809474,0.031,1790414115.473
2604,02_numeric_values_maybe_const,get_prob,vector_store = 4,,0.3313793,0.047,1790414115.535
2605,02_numeric_values_maybe_const,get_prob,email_preview_text_v3 = 5,,0.35981044,0.047,1790414115.582
2606,02_numeric_values_maybe_const,get_prob,response_request_id = 6,,0.36851588,0.031,1790414115.629
2607,02_numeric_values_maybe_const,get_prob,    return 2,,0.34886295,0.031,1790414115.676
2608,02_numeric_values_maybe_const,get_prob,    return 3,,0.33935806,0.031,1790414115.723
2609,02_numeric_values_maybe_const,get_prob,    return 4,,0.374806,0.031,1790414115.769
2610,02_numeric_values_maybe_const,get_prob,    return 5,,0.33693957,0.031,1790414115.816
2611,02_numeric_values_twice,get_embedding,    if len(replaced_newline_str) >= 40:,,"[ 1.16196382e+00 -2.18497968e+00 -7.26297557e-01 -1.68115526e-01
 -1.93040156e+00 -5.55599093e-01 -7",0.031,1790414115.894
2612,02_numeric_values_twice,get_embedding,    if len(replaced_newline_str) >= 40:,,"[ 1.16196382e+00 -2.18497968e+00 -7.26297557e-01 -1.68115526e-01
 -1.93040156e+00 -5.55599093e-01 -7",0.031,1790414115.941
2613,02_numeric_values_twice,get_embedding,                                 forward_lines: int = 5) -> None:,,"[ 2.08409381e+00 -5.26387274e-01 -1.46404088e+00  8.95842135e-01
  8.11042488e-02 -3.55560243e-01  2",0.031,1790414116.004
2614,02_numeric_values_twice,get_embedding,                                 forward_lines: int = 5) -> None:,,"[ 2.08409381e+00 -5.26387274e-01 -1.46404088e+00  8.95842135e-01
  8.11042488e-02 -3.55560243e-01  2",0.031,1790414116.051
2615,02_numeric_values_twice,get_embedding,                    if len(lines_to_show) > 40:,,"[-2.12016732e-01 -2.41585374e+00 -1.85861182e+00 -3.18602443e-01
  8.66267622e-01 -1.26182318e+00 -1",0.031,1790414116.113
2616,02_numeric_values_twice,get_embedding,            if (len(current_if_elifs) >= 3,,"[ 2.62505054e-01 -1.35662532e+00 -9.32989240e-01 -1.35213509e-01
  8.50715160e-01 -2.29718447e+00 -7",0.031,1790414116.16
2617,02_numeric_values_twice,get_embedding,            if (len(current_if_elifs) >= 3,,"[ 2.62505054e-01 -1.35662532e+00 -9.32989240e-01 -1.35213509e-01
  8.50715160e-01 -2.29718447e+00 -7",0.031,1790414116.223
2618,02_numeric_values_twice,get_embedding,                elif line_idx - last_if_elif_line_idx >= 2:,,"[ 1.45815063e+00 -4.19242293e-01 -2.03868195e-01 -6.13544822e-01
  3.20832849e-01 -2.58577156e+00 -3",0.031,1790414116.269
2619,02_numeric_values_twice,get_embedding,                elif line_idx - last_if_elif_line_idx >= 2:,,"[ 1.45815063e+00 -4.19242293e-01 -2.03868195e-01 -6.13544822e-01
  3.20832849e-01 -2.58577156e+00 -3",0.031,1790414116.332
2620,02_numeric_values_twice,get_embedding,        cond_lcs_1 = lcs.size >= 7,,"[ 1.22177851e+00  1.68640316e-01 -1.76323199e+00  5.60407281e-01
  1.06271613e+00 -9.65740681e-01 -6",0.031,1790414116.379
2621,02_numeric_values_twice,get_embedding,        cond_lcs_1 = lcs.size >= 7,,"[ 1.22177851e+00  1.68640316e-01 -1.76323199e+00  5.60407281e-01
  1.06271613e+00 -9.65740681e-01 -6",0.031,1790414116.441
2622,02_numeric_values_twice,get_embedding,"        cond_lcs_2 = lcs.size >= 4 and lcs.size >= 0.5 * min(len(body_1_lines), len(body_2_lines))",,"[ 1.32987499e+00 -1.40530825e+00 -6.62638187e-01  1.35328960e+00
  5.88267088e-01 -9.14197564e-01 -5",0.031,1790414116.488
2623,02_numeric_values_twice,get_embedding,"        cond_lcs_2 = lcs.size >= 4 and lcs.size >= 0.5 * min(len(body_1_lines), len(body_2_lines))",,"[ 1.32987499e+00 -1.40530825e+00 -6.62638187e-01  1.35328960e+00
  5.88267088e-01 -9.14197564e-01 -5",0.031,1790414116.551
2624,02_numeric_values_twice,get_embedding,"        cond_lcs_3 = lcs.size >= 3 and lcs.size >= 0.75 * min(len(body_1_lines), len(body_2_lines))",,"[ 1.29055679e+00 -1.63681030e+00 -4.54190731e-01  1.41624522e+00
  6.04771078e-01 -1.03344047e+00 -4",0.031,1790414116.598
2625,02_numeric_values_twice,get_embedding,                    if text_embedding_model.get_prob(line) >= 0.5:,,"[ 1.72585917e+00 -9.83241439e-01 -8.73077929e-01 -9.49226797e-01
 -3.40238303e-01 -4.55643773e-01 -1",0.047,1790414116.66
2626,02_numeric_values_twice,get_embedding,                    if (include_same or log['name'] != info['name']) and cos_sim >= 0.95:,,"[ 2.24501133e+00  4.69643712e-01 -2.77412266e-01  4.52638626e-01
 -6.45511746e-01 -3.41561347e-01 -7",0.031,1790414116.707
2627,02_numeric_values_twice,get_embedding,                    if (include_same or log['name'] != info['name']) and cos_sim >= 0.95:,,"[ 2.24501133e+00  4.69643712e-01 -2.77412266e-01  4.52638626e-01
 -6.45511746e-01 -3.41561347e-01 -7",0.047,1790414116.769
2628,02_numeric_values_twice,get_embedding,                if text_embedding_model.get_prob(name) >= 0.5:,,"[ 1.62360036e+00 -1.22397661e+00 -8.95099103e-01 -1.14257884e+00
 -7.42878973e-01  3.05516198e-02 -1",0.031,1790414116.816
2629,02_numeric_values_twice,get_embedding,                    func_name = match.group(2),,"[ 1.05823529e+00 -6.07520223e-01 -2.27704644e+00  5.72698176e-01
 -1.41095209e+00  6.94175959e-01 -1",0.047,1790414116.879
2630,02_numeric_values_twice,get_embedding,"                    if text_embedding_model.get_similarity(var_name, func_name) < 0.5:",,"[ 2.06978083e+00 -7.99106121e-01 -2.25515151e+00 -1.30740702e-01
 -1.88367200e+00  1.41144365e-01 -6",0.031,1790414116.926
2631,02_numeric_values_twice,get_embedding,                if text_embedding_model_single_responsibility.get_prob(item['docstring']) >= 0.5:,,"[ 1.05299628e+00 -1.46712160e+00 -1.02627230e+00 -3.62997741e-01
 -8.49685311e-01 -1.95621818e-01 -2",0.047,1790414116.988
2632,02_numeric_values_twice,get_embedding,"                if text_embedding_model_docstring_and_name.get_similarity(item['name'], item['docstring']) >= 0.5:",,"[ 2.44489527e+00 -1.58862877e+00 -1.78858447e+00 -8.01337242e-01
 -2.07171917e+00  5.35041153e-01 -9",0.031,1790414117.035
2633,02_numeric_values_twice,get_embedding,                if text_embedding_model.get_prob(comment) >= 0.5:,,"[ 1.10587001e+00 -1.49915397e+00 -1.28965795e+00 -6.77697361e-01
 -6.55646086e-01 -2.55596846e-01 -1",0.031,1790414117.097
2634,02_numeric_values_twice,get_embedding,                if text_embedding_model.get_prob(line) >= 0.5:,,"[ 1.72266734e+00 -9.57374632e-01 -9.10426080e-01 -9.38767672e-01
 -4.14609224e-01 -4.97996926e-01 -1",0.031,1790414117.316
2635,02_numeric_values_twice,get_embedding,                if required_file == 'pyproject.toml' and len(self.py_codes.keys()) < 3:,,"[ 1.23043060e+00 -1.54712808e+00  4.64119054e-02  1.34658802e+00
 -1.60923913e-01 -3.84054729e-03 -1",0.031,1790414117.363
2636,02_numeric_values_twice,get_embedding,"                if func_length >= 10 and not item.get('docstring', None):",,"[ 4.94109064e-01 -1.24922180e+00 -9.79155421e-01  1.21478248e+00
 -2.74375772e+00  1.66919306e-01 -1",0.031,1790414117.426
2637,02_numeric_values_twice,get_embedding,"                if func_length >= 10 and not item.get('docstring', None):",,"[ 4.94109064e-01 -1.24922180e+00 -9.79155421e-01  1.21478248e+00
 -2.74375772e+00  1.66919306e-01 -1",0.031,1790414117.472
2638,02_numeric_values_twice,get_embedding,                if current_depth - current_base_indent >= 4 and is_valid_code(line):,,"[ 1.44550180e+00 -2.58639264e+00 -3.63543034e-02  5.31169288e-02
 -1.08936751e+00 -6.34982288e-01 -9",0.031,1790414117.535
2639,02_numeric_values_twice,get_embedding,"            match_func=lambda x: check_a_in_b(a=x[0], b=x[3]))",,"[ 1.06874883e+00  8.36360276e-01 -1.63216150e+00  7.52602994e-01
 -1.05867648e+00  4.33845967e-01 -6",0.031,1790414117.582
2640,02_numeric_values_twice,get_embedding,"            match_func=lambda x: check_a_in_b(a=x[0], b=x[2]) and check_a_in_b(a=x[0], b=x[4]))",,"[ 1.0287271e+00  1.1016956e-01 -1.3247961e+00  1.0201834e+00
 -7.2812068e-01  6.1895335e-01 -3.90061",0.031,1790414117.644
2641,02_numeric_values_twice,get_embedding,"            match_func=lambda x: x[0] == x[3] and check_a_in_b(a=x[1], b=x[4]))",,"[ 6.89007282e-01  7.57709384e-01 -1.43818116e+00  1.00251174e+00
 -1.42287159e+00  9.78629470e-01 -7",0.031,1790414117.691
2642,02_numeric_values_twice,get_embedding,"            regex=rf'.*([{QUOTES}])(?:[a-zA-Z]:)?[/\\]*(?:[^/\\\r\n]+[/\\]+)+[^/\\\r\n]+\.[a-zA-Z0-9]+([{QUOTES}])',",,"[ 1.49378002e+00  1.57937527e-01 -1.53825032e-02  9.37301397e-01
 -2.35127664e+00  7.27429688e-01 -1",0.031,1790414117.754
2643,02_numeric_values_twice,get_embedding,"            regex=rf'.*([{QUOTES}])(?:[a-zA-Z]:)?[/\\]*(?:[^/\\\r\n]+[/\\]+)+[^/\\\r\n]+\.[a-zA-Z0-9]+([{QUOTES}])',",,"[ 1.49378002e+00  1.57937527e-01 -1.53825032e-02  9.37301397e-01
 -2.35127664e+00  7.27429688e-01 -1",0.031,1790414117.801
2644,02_numeric_values_twice,get_embedding,"            match_func=lambda x: len(x) >= 7 and x[0] == x[5] and x[1] != x[6] and x[2] in x[4],",,"[ 4.05027568e-01 -2.04659253e-01 -1.62308049e+00  1.03658164e+00
  2.28019759e-01 -3.76350358e-02 -2",0.031,1790414117.863
2645,02_numeric_values_twice,get_embedding,            forward_lines=7),,"[ 1.19633722e+00 -1.60707831e+00 -1.36602211e+00  5.69342017e-01
  4.27204780e-02 -1.07757056e+00 -7",0.031,1790414117.91
2646,02_numeric_values_twice,get_embedding,            idx_matched = matched[0] == matched[3] and matched[3] == matched[5],,"[ 7.64934421e-01 -5.22163250e-02 -1.67613339e+00  7.38247216e-01
 -2.46637594e-02 -4.03519005e-01 -1",0.047,1790414117.972
2647,02_numeric_values_twice,get_embedding,            name_matched = matched[1] == f'len({matched[2]})' or matched[1] == f'len({matched[4]})',,"[ 1.10043037e+00 -3.31219852e-01 -1.62824869e+00  7.23839283e-01
 -4.30384636e-01  4.85661596e-01 -8",0.031,1790414118.019
2648,02_numeric_values_twice,get_embedding,"                   2 * r""[\s\S]*?([a-zA-Z_][a-zA-Z0-9_]*)\s*\[\s*([a-zA-Z_][a-zA-Z0-9_]*)\s*\]""),",,"[ 1.10555625e+00  4.88908775e-02 -1.38642758e-01  4.84539419e-01
 -1.57901776e+00  9.82496321e-01 -1",0.047,1790414118.082
2649,02_numeric_values_twice,get_embedding,"                   r""(?:(?:([a-zA-Z_][a-zA-Z0-9_]*)\s*=\s*\2\.read\s*\((\s*)\))|(?:\2\.write\s*\((.*?)\)))""))",,"[ 1.75520778e+00  3.82178187e-01  2.22371966e-01  1.18831718e+00
 -1.60532224e+00  1.14682019e+00 -1",0.031,1790414118.144
2650,02_numeric_values_twice,get_embedding,"            regex=rf"".*?{ANY_CONST_OR_VAR}\s+in\s+([\w.]+)\s+and\s+\2\s*\[\s*\1\s*\]"")",,"[ 9.88297701e-01  1.13328087e+00 -8.62399220e-01  1.07930601e+00
 -1.76005709e+00  4.66478556e-01 -1",0.031,1790414118.191
2651,02_numeric_values_twice,get_embedding,"                   rf""\s*\n\s*if\s+\2\s*==\s*{ANY_CONST_OR_VAR}\s*:\s*\n\s*\1\s*\+=\s*1""))",,"[ 1.97010374e+00  8.61359835e-01  1.15796101e+00  1.22393703e+00
 -1.36186934e+00  8.61857772e-01 -1",0.031,1790414118.254
2652,02_numeric_values_twice,get_embedding,"                   rf""for\s+\2\s+in\s+([\w.]+)\s+if\s+\2\s*==\s*{ANY_CONST_OR_VAR}\s*\]\s*\)""))",,"[ 1.28558922e+00  4.04878616e-01 -2.29260653e-01  8.67753744e-01
 -2.41576171e+00  4.60383862e-01 -1",0.031,1790414118.301
2653,02_numeric_values_twice,get_embedding,"                   rf""\s*if\s+\4\s*\[\s*\3\s*\]\s*==\s*{ANY_CONST_OR_VAR}\s*:\s*\n"" +",,"[ 1.91542947e+00  4.46241021e-01  2.84713000e-01  9.15469229e-01
 -1.13918364e+00  8.28466192e-02 -1",0.031,1790414118.363
2654,02_numeric_values_twice,get_embedding,"                   r""\s*([\w.]+)\s*=\s*\3\s*\n\s*break""),",,"[ 7.45703816e-01 -1.31749499e+00 -1.26122281e-01  9.34252143e-01
 -1.41541147e+00  1.56990185e-01 -1",0.031,1790414118.41
2655,02_numeric_values_twice,get_embedding,            forward_lines=10),,"[ 1.49128544e+00 -1.42363489e+00 -1.45308769e+00  5.65996528e-01
  8.92731249e-02 -1.03929186e+00 -9",0.031,1790414118.472
2656,02_numeric_values_twice,get_embedding,"            regex=(r"".*?([\w.]+)\s*=\s*next\s*\(\s*([\w.]+)\s+for\s+\2\s*,\s*([\w.]+)\s+"" +",,"[ 1.62401783e+00 -1.28321290e+00 -1.27707100e+00  8.06275725e-01
 -1.27930856e+00  8.08873296e-01 -1",0.031,1790414118.519
2657,02_numeric_values_twice,get_embedding,"                   rf""in\s+enumerate\s*\(\s*([\w.]+)\s*\)\s+if\s+\3\s*==\s*{ANY_CONST_OR_VAR}""))",,"[ 1.08945215e+00 -1.36610299e-01 -6.21006310e-01  5.28062999e-01
 -1.47985566e+00 -6.13798141e-01 -1",0.031,1790414118.582
2658,02_numeric_values_twice,get_embedding,"                   rf""\s*if\s+\3\s*\[\s*\1\s*\]\s*==\s*{ANY_CONST_OR_VAR}\s*:\s*\n"" +",,"[ 1.88204241e+00  7.18158484e-01  2.44634002e-01  7.76217997e-01
 -1.50856519e+00  2.29437854e-02 -1",0.031,1790414118.629
2659,02_numeric_values_twice,get_embedding,            forward_lines=10),,"[ 1.49128544e+00 -1.42363489e+00 -1.45308769e+00  5.65996528e-01
  8.92731249e-02 -1.03929186e+00 -9",0.031,1790414118.691
2660,02_numeric_values_twice,get_embedding,"            regex=r"".*?(sum|max|min)\s*\(\s*([\w.]+)\s*\(\s*([\w.]+)\s*\)\s+for\s+\3\s+in[^\n]*\)"",",,"[ 1.19539917e+00 -4.36709970e-01 -1.90593219e+00  6.14515245e-01
 -6.24800980e-01  3.53937149e-01 -5",0.031,1790414118.738
2661,02_numeric_values_twice,get_embedding,            match_func=lambda x: x[1] == x[4]),,"[ 6.39630556e-01  2.81173855e-01 -2.03830194e+00  8.66926312e-01
 -1.37528837e+00  4.18733716e-01 -4",0.047,1790414118.801
2662,02_numeric_values_twice,get_embedding,"            regex=rf""([\w.]+)\s*\.\s*sort\s*\(\s*key\s*=\s*lambda\s+([\w.]+)\s*:\s*\2\s*\[{ANY_CONST_OR_VAR}\]\)"")",,"[ 1.35807240e+00  2.15260908e-01 -1.17707109e+00  1.36758125e+00
 -3.16767788e+00  1.17183006e+00 -1",0.031,1790414118.847
2663,02_numeric_values_twice,get_embedding,"                   r""\s*\3\s*\[\s*\1\s*\]\s*\+=\s*1\s*\n"" +",,"[ 9.58055615e-01 -5.49151897e-01  1.87782571e-01  6.81524813e-01
 -1.05179322e+00  4.17605788e-01 -1",0.031,1790414118.91
2664,02_numeric_values_twice,get_embedding,"                   r""\s*\3\s*\[\s*\1\s*\]\s*=\s*1""),",,"[ 8.74684870e-01 -4.80283111e-01  2.94680983e-01  4.67226267e-01
 -8.54055524e-01  5.42744696e-01 -1",0.031,1790414118.972
2665,02_numeric_values_twice,get_embedding,            forward_lines=10),,"[ 1.49128544e+00 -1.42363489e+00 -1.45308769e+00  5.65996528e-01
  8.92731249e-02 -1.03929186e+00 -9",0.031,1790414119.019
2666,02_numeric_values_twice,get_embedding,"                   r""\s*([\w.]+)\s*\[\s*\1\s*\]\s*=\s*\3\s*\.\s*get\s*\(\s*\1\s*,\s*0\s*\)\s*\+\s*1""))",,"[ 1.19132364e+00  4.04185981e-01  5.53390682e-02  7.47662842e-01
 -1.51717842e+00  7.61635065e-01 -9",0.031,1790414119.082
2667,02_numeric_values_twice,get_embedding,        # 2. itertools.chain,,"[ 1.8455956e+00 -7.9632765e-01 -1.6007252e+00  9.3539429e-01
 -7.4415785e-01 -5.9769523e-01 -5.19749",0.031,1790414119.129
2668,02_numeric_values_twice,get_embedding,"                   r"".*?.\s*append\s*\(\s*\3\s*\)""))",,"[ 1.14415014e+00 -2.02912545e+00 -2.59888798e-01  3.84300768e-01
 -6.58566356e-01  5.44207752e-01 -1",0.031,1790414119.191
2669,02_numeric_values_twice,get_embedding,        # 3. glob,,"[ 5.06383598e-01  1.15011585e+00 -4.59526718e-01  5.18976413e-02
 -7.86812901e-01  1.56365663e-01 -8",0.031,1790414119.238
2670,02_numeric_values_twice,get_embedding,                    if text_embedding_model_bindable.get_prob(arg_name_list) >= 0.5:,,"[ 1.33697987e+00 -9.89508271e-01 -6.53744757e-01 -5.96916020e-01
 -2.29704887e-01  1.38335556e-01 -1",0.031,1790414119.3
2671,02_numeric_values_twice,get_embedding,                    if text_embedding_model_dynamic.get_prob(arg_name_list) >= 0.5:,,"[ 1.39383864e+00 -1.31202972e+00 -7.40490258e-01 -7.65599251e-01
 -3.34271580e-01 -1.99334487e-01 -1",0.031,1790414119.347
2672,02_numeric_values_twice,get_embedding,            match_func=lambda x: x[2] == x[4]),,"[ 6.07236385e-01 -1.49877697e-01 -1.95240521e+00  7.24151552e-01
 -1.42521393e+00  6.15953863e-01 -4",0.031,1790414119.41
2673,02_numeric_values_twice,get_embedding,"        self._add_regex_matched_lines(regex=r""^..*?([\w.]+)\s*\[(:[0-9]+|-[0-9]+:)\]\s*=="")",,"[ 4.62599307e-01 -1.57463133e-01 -9.39392388e-01  2.57999718e-01
 -5.24926305e-01  7.53351271e-01 -6",0.031,1790414119.457
2674,02_numeric_values_twice,get_embedding,                if duplicate_count_except_first >= 4:,,"[ 1.56789422e+00  2.74340063e-01 -8.90888512e-01  1.14567947e+00
  1.19790542e+00 -1.78420985e+00 -1",0.047,1790414119.519
2675,02_numeric_values_twice,get_embedding,            return text_embedding_model.get_prob(text) >= 0.5,,"[ 1.65562546e+00 -1.27698457e+00 -1.23771107e+00 -1.22361791e+00
 -1.24751344e-01 -4.52492952e-01 -1",0.031,1790414119.566
2676,02_numeric_values_twice,get_embedding,"            embeddings_0, embeddings_1 = tee([info['embedding'] for info in func_names], 2)",,"[ 1.20069575e+00 -6.00337982e-01 -1.33739126e+00  2.38914704e+00
 -1.71496594e+00  1.85215265e-01 -1",0.047,1790414119.629
2677,02_numeric_values_twice,get_embedding,                    if cos_sim >= 0.95:,,"[ 2.79007125e+00  3.50118965e-01  6.90184295e-01  5.67393124e-01
 -9.09813270e-02  1.69322148e-01 -8",0.031,1790414119.691
2678,02_numeric_values_twice,get_embedding,                    elif cos_sim < 0.75:,,"[ 2.24679494e+00 -1.25950530e-01  2.43803263e-01  8.10232103e-01
 -2.09180519e-01  3.51743460e-01 -7",0.031,1790414119.738
2679,02_numeric_values_twice,get_embedding,                        elif idx_1 - first_similar_idx >= 2:,,"[ 2.26596165e+00 -4.51089978e-01 -1.04336679e+00  2.32331008e-02
 -2.38132998e-01 -9.50587988e-01  1",0.031,1790414119.8
2680,02_numeric_values_maybe_const,get_prob,    if len(replaced_newline_str) >= 40:,,0.37442952,0.031,1790414119.879
2681,02_numeric_values_maybe_const,get_prob,        return f'{replaced_newline_str[:16]}  ...  {replaced_newline_str[-16:]}',,0.40723637,0.031,1790414119.925
2682,02_numeric_values_maybe_const,get_prob,                                 forward_lines: int = 5) -> None:,,0.29842314,0.031,1790414119.972
2683,02_numeric_values_maybe_const,get_prob,                    if len(lines_to_show) > 40:,,0.3773353,0.031,1790414120.019
2684,02_numeric_values_maybe_const,get_prob,                        lines_to_show = lines_to_show[:36] + ' ...',,0.38245413,0.047,1790414120.082
2685,02_numeric_values_maybe_const,get_prob,            if (len(current_if_elifs) >= 3,,0.36298707,0.031,1790414120.129
2686,02_numeric_values_maybe_const,get_prob,                elif line_idx - last_if_elif_line_idx >= 2:,,0.43332133,0.031,1790414120.176
2687,02_numeric_values_maybe_const,get_prob,        cond_lcs_1 = lcs.size >= 7,,0.3868688,0.031,1790414120.222
2688,02_numeric_values_maybe_const,get_prob,"        cond_lcs_2 = lcs.size >= 4 and lcs.size >= 0.5 * min(len(body_1_lines), len(body_2_lines))",,0.33647045,0.031,1790414120.269
2689,02_numeric_values_maybe_const,get_prob,"        cond_lcs_3 = lcs.size >= 3 and lcs.size >= 0.75 * min(len(body_1_lines), len(body_2_lines))",,0.33504632,0.031,1790414120.316
2690,02_numeric_values_maybe_const,get_prob,                    if text_embedding_model.get_prob(line) >= 0.5:,,0.32891443,0.047,1790414120.379
2691,02_numeric_values_maybe_const,get_prob,            long_constant_value_info = {func: [info for info in info_list if len(str(info['name'])) >= 8],,0.40033582,0.031,1790414120.426
2692,02_numeric_values_maybe_const,get_prob,                    if (include_same or log['name'] != info['name']) and cos_sim >= 0.95:,,0.33721977,0.031,1790414120.472
2693,02_numeric_values_maybe_const,get_prob,                if text_embedding_model.get_prob(name) >= 0.5:,,0.3302963,0.031,1790414120.519
2694,02_numeric_values_maybe_const,get_prob,                    func_name = match.group(2),,0.3550437,0.031,1790414120.566
2695,02_numeric_values_maybe_const,get_prob,"                    if text_embedding_model.get_similarity(var_name, func_name) < 0.5:",,0.34805724,0.047,1790414120.629
2696,02_numeric_values_maybe_const,get_prob,                if text_embedding_model_single_responsibility.get_prob(item['docstring']) >= 0.5:,,0.34070405,0.031,1790414120.676
2697,02_numeric_values_maybe_const,get_prob,"                if text_embedding_model_docstring_and_name.get_similarity(item['name'], item['docstring']) >= 0.5:",,0.34906003,0.031,1790414120.722
2698,02_numeric_values_maybe_const,get_prob,                if text_embedding_model.get_prob(comment) >= 0.5:,,0.33208415,0.031,1790414120.769
2699,02_numeric_values_maybe_const,get_prob,                if text_embedding_model.get_prob(line) >= 0.5:,,0.33363873,0.031,1790414120.816
2700,02_numeric_values_maybe_const,get_prob,                if required_file == 'pyproject.toml' and len(self.py_codes.keys()) < 3:,,0.39080808,0.031,1790414120.863
2701,02_numeric_values_maybe_const,get_prob,"                if func_length >= 10 and not item.get('docstring', None):",,0.3633629,0.047,1790414120.926
2702,02_numeric_values_maybe_const,get_prob,                if current_depth - current_base_indent >= 4 and is_valid_code(line):,,0.34087816,0.031,1790414120.972
2703,02_numeric_values_maybe_const,get_prob,"            match_func=lambda x: check_a_in_b(a=x[0], b=x[3]))",,0.33754566,0.031,1790414121.019
2704,02_numeric_values_maybe_const,get_prob,"            match_func=lambda x: check_a_in_b(a=x[0], b=x[2]) and check_a_in_b(a=x[0], b=x[4]))",,0.34495053,0.031,1790414121.066
2705,02_numeric_values_maybe_const,get_prob,"            match_func=lambda x: x[0] == x[3] and check_a_in_b(a=x[1], b=x[4]))",,0.34921303,0.031,1790414121.113
2706,02_numeric_values_maybe_const,get_prob,"            regex=rf'.*([{QUOTES}])(?:[a-zA-Z]:)?[/\\]*(?:[^/\\\r\n]+[/\\]+)+[^/\\\r\n]+\.[a-zA-Z0-9]+([{QUOTES}])',",,0.5030542,0.047,1790414121.176
2707,02_numeric_values_maybe_const,get_prob,"            match_func=lambda x: len(x) >= 7 and x[0] == x[5] and x[1] != x[6] and x[2] in x[4],",,0.35989022,0.031,1790414121.222
2708,02_numeric_values_maybe_const,get_prob,            forward_lines=7),,0.32042867,0.031,1790414121.269
2709,02_numeric_values_maybe_const,get_prob,            idx_matched = matched[0] == matched[3] and matched[3] == matched[5],,0.4256721,0.031,1790414121.316
2710,02_numeric_values_maybe_const,get_prob,            name_matched = matched[1] == f'len({matched[2]})' or matched[1] == f'len({matched[4]})',,0.43107268,0.031,1790414121.363
2711,02_numeric_values_maybe_const,get_prob,"                   2 * r""[\s\S]*?([a-zA-Z_][a-zA-Z0-9_]*)\s*\[\s*([a-zA-Z_][a-zA-Z0-9_]*)\s*\]""),",,0.51490813,0.031,1790414121.41
2712,02_numeric_values_maybe_const,get_prob,            forward_lines=15),,0.34215292,0.031,1790414121.472
2713,02_numeric_values_maybe_const,get_prob,"                   r""(?:(?:([a-zA-Z_][a-zA-Z0-9_]*)\s*=\s*\2\.read\s*\((\s*)\))|(?:\2\.write\s*\((.*?)\)))""))",,0.42805466,0.031,1790414121.519
2714,02_numeric_values_maybe_const,get_prob,"            regex=rf"".*?{ANY_CONST_OR_VAR}\s+in\s+([\w.]+)\s+and\s+\2\s*\[\s*\1\s*\]"")",,0.38766193,0.031,1790414121.566
2715,02_numeric_values_maybe_const,get_prob,"                   rf""\s*\n\s*if\s+\2\s*==\s*{ANY_CONST_OR_VAR}\s*:\s*\n\s*\1\s*\+=\s*1""))",,0.38768527,0.031,1790414121.613
2716,02_numeric_values_maybe_const,get_prob,"                   rf""for\s+\2\s+in\s+([\w.]+)\s+if\s+\2\s*==\s*{ANY_CONST_OR_VAR}\s*\]\s*\)""))",,0.3809681,0.047,1790414121.676
2717,02_numeric_values_maybe_const,get_prob,"                   rf""\s*if\s+\4\s*\[\s*\3\s*\]\s*==\s*{ANY_CONST_OR_VAR}\s*:\s*\n"" +",,0.4211865,0.031,1790414121.722
2718,02_numeric_values_maybe_const,get_prob,"                   r""\s*([\w.]+)\s*=\s*\3\s*\n\s*break""),",,0.36687174,0.031,1790414121.769
2719,02_numeric_values_maybe_const,get_prob,            forward_lines=10),,0.32356805,0.031,1790414121.816
2720,02_numeric_values_maybe_const,get_prob,"            regex=(r"".*?([\w.]+)\s*=\s*next\s*\(\s*([\w.]+)\s+for\s+\2\s*,\s*([\w.]+)\s+"" +",,0.40957123,0.031,1790414121.863
2721,02_numeric_values_maybe_const,get_prob,"                   rf""in\s+enumerate\s*\(\s*([\w.]+)\s*\)\s+if\s+\3\s*==\s*{ANY_CONST_OR_VAR}""))",,0.40791202,0.047,1790414121.925
2722,02_numeric_values_maybe_const,get_prob,"                   rf""\s*if\s+\3\s*\[\s*\1\s*\]\s*==\s*{ANY_CONST_OR_VAR}\s*:\s*\n"" +",,0.41168723,0.031,1790414121.972
2723,02_numeric_values_maybe_const,get_prob,            forward_lines=10),,0.32356805,0.031,1790414122.019
2724,02_numeric_values_maybe_const,get_prob,"            regex=r"".*?(sum|max|min)\s*\(\s*([\w.]+)\s*\(\s*([\w.]+)\s*\)\s+for\s+\3\s+in[^\n]*\)"",",,0.38411888,0.031,1790414122.066
2725,02_numeric_values_maybe_const,get_prob,            match_func=lambda x: x[1] == x[4]),,0.38385475,0.031,1790414122.113
2726,02_numeric_values_maybe_const,get_prob,"            regex=rf""([\w.]+)\s*\.\s*sort\s*\(\s*key\s*=\s*lambda\s+([\w.]+)\s*:\s*\2\s*\[{ANY_CONST_OR_VAR}\]\)"")",,0.4006152,0.047,1790414122.175
2727,02_numeric_values_maybe_const,get_prob,"                   r""\s*\3\s*\[\s*\1\s*\]\s*\+=\s*1\s*\n"" +",,0.42379117,0.031,1790414122.222
2728,02_numeric_values_maybe_const,get_prob,"                   r""\s*\3\s*\[\s*\1\s*\]\s*=\s*1""),",,0.3969471,0.031,1790414122.269
2729,02_numeric_values_maybe_const,get_prob,            forward_lines=10),,0.32356805,0.031,1790414122.316
2730,02_numeric_values_maybe_const,get_prob,"                   r""\s*([\w.]+)\s*\[\s*\1\s*\]\s*=\s*\3\s*\.\s*get\s*\(\s*\1\s*,\s*0\s*\)\s*\+\s*1""))",,0.42644274,0.031,1790414122.363
2731,02_numeric_values_maybe_const,get_prob,        # 2. itertools.chain,,0.37783962,0.031,1790414122.425
2732,02_numeric_values_maybe_const,get_prob,"                   r"".*?.\s*append\s*\(\s*\3\s*\)""))",,0.3563103,0.031,1790414122.472
2733,02_numeric_values_maybe_const,get_prob,        # 3. glob,,0.2910316,0.031,1790414122.519
2734,02_numeric_values_maybe_const,get_prob,                    if text_embedding_model_bindable.get_prob(arg_name_list) >= 0.5:,,0.33929333,0.031,1790414122.566
2735,02_numeric_values_maybe_const,get_prob,                    if text_embedding_model_dynamic.get_prob(arg_name_list) >= 0.5:,,0.33893722,0.047,1790414122.629
2736,02_numeric_values_maybe_const,get_prob,            match_func=lambda x: x[2] == x[4]),,0.37861228,0.031,1790414122.675
2737,02_numeric_values_maybe_const,get_prob,"        self._add_regex_matched_lines(regex=r""^..*?([\w.]+)\s*\[(:[0-9]+|-[0-9]+:)\]\s*=="")",,0.4215807,0.031,1790414122.722
2738,02_numeric_values_maybe_const,get_prob,                if duplicate_count_except_first >= 4:,,0.37072906,0.031,1790414122.769
2739,02_numeric_values_maybe_const,get_prob,            return text_embedding_model.get_prob(text) >= 0.5,,0.33600038,0.031,1790414122.816
2740,02_numeric_values_maybe_const,get_prob,"            embeddings_0, embeddings_1 = tee([info['embedding'] for info in func_names], 2)",,0.34147707,0.047,1790414122.879
2741,02_numeric_values_maybe_const,get_prob,                    if cos_sim >= 0.95:,,0.39702526,0.031,1790414122.925
2742,02_numeric_values_maybe_const,get_prob,                    elif cos_sim < 0.75:,,0.3828688,0.031,1790414122.972
2743,02_numeric_values_maybe_const,get_prob,                        elif idx_1 - first_similar_idx >= 2:,,0.36789468,0.031,1790414123.019
2744,02_numeric_values_twice,get_embedding,TEST_DUPLICATED = 10,,"[ 2.56855154e+00  3.02366704e-01  6.12649083e-01  1.47286439e+00
 -3.49052012e-01 -7.61371613e-01 -1",0.047,1790414123.082
2745,02_numeric_values_twice,get_embedding,TEST_DUPLICATED = 10,,"[ 2.56855154e+00  3.02366704e-01  6.12649083e-01  1.47286439e+00
 -3.49052012e-01 -7.61371613e-01 -1",0.031,1790414123.129
2746,02_numeric_values_twice,get_embedding,a = 300,,"[ 2.53657603e+00 -3.89210999e-01 -1.08012497e-01  1.46874976e+00
 -3.56159717e-01  1.77672505e-01 -1",0.031,1790414123.191
2747,02_numeric_values_twice,get_embedding,a = 300,,"[ 2.53657603e+00 -3.89210999e-01 -1.08012497e-01  1.46874976e+00
 -3.56159717e-01  1.77672505e-01 -1",0.031,1790414123.254
2748,02_numeric_values_twice,get_embedding,"nparray = np.array([0.1, 0.2, 0.3])",,"[ 2.24943256e+00 -1.36964750e+00  1.24685653e-01  1.91369939e+00
 -1.91270018e+00  1.39141977e-01 -1",0.031,1790414123.3
2749,02_numeric_values_twice,get_embedding,"nparray = np.array([0.1, 0.2, 0.3])",,"[ 2.24943256e+00 -1.36964750e+00  1.24685653e-01  1.91369939e+00
 -1.91270018e+00  1.39141977e-01 -1",0.047,1790414123.363
2750,02_numeric_values_twice,get_embedding,"nparray2 = np.array([0.1, 0.2, 0.3])",,"[ 2.23224807e+00 -1.26133573e+00  8.61590579e-02  1.88126588e+00
 -1.85820305e+00  3.65386680e-02 -2",0.031,1790414123.41
2751,02_numeric_values_twice,get_embedding,    for i in range(10):,,"[ 1.45832956e+00 -1.14513612e+00 -8.66417706e-01  9.98007894e-01
  9.46008563e-01 -5.16400456e-01 -1",0.031,1790414123.472
2752,02_numeric_values_twice,get_embedding,python_code_no = 300,,"[ 2.25256538e+00 -7.93899894e-02  3.95007491e-01  1.89863157e+00
 -4.33279008e-01  2.89229423e-01 -7",0.031,1790414123.535
2753,02_numeric_values_twice,get_embedding,python_code_num = 300,,"[ 2.29543018e+00 -3.11253399e-01  2.43924722e-01  2.30424857e+00
 -3.94842595e-01 -3.16245407e-01 -1",0.031,1790414123.582
2754,02_numeric_values_twice,get_embedding,# if a > 3:,,"[ 1.80285323e+00  2.82196730e-01  4.59612101e-01  1.51407003e+00
 -1.24560863e-01  7.43097305e-01 -1",0.031,1790414123.644
2755,02_numeric_values_twice,get_embedding,# if a > 3:,,"[ 1.80285323e+00  2.82196730e-01  4.59612101e-01  1.51407003e+00
 -1.24560863e-01  7.43097305e-01 -1",0.031,1790414123.691
2756,02_numeric_values_twice,get_embedding,# print(3),,"[ 1.27746737e+00 -2.74893939e-01  1.66693366e+00  1.41791511e+00
 -7.17084408e-01  1.32855690e+00 -2",0.047,1790414123.754
2757,02_numeric_values_maybe_const,get_prob,unused_variable = 123,,0.36638248,0.047,1790414123.816
2758,02_numeric_values_maybe_const,get_prob,TEST_DUPLICATED = 10,,0.43585998,0.031,1790414123.863
2759,02_numeric_values_maybe_const,get_prob,"logger.info(""3335555"")",,0.36793813,0.031,1790414123.91
2760,02_numeric_values_maybe_const,get_prob,a = 300,,0.40705496,0.047,1790414123.972
2761,02_numeric_values_maybe_const,get_prob,"nparray = np.array([0.1, 0.2, 0.3])",,0.40395072,0.031,1790414124.019
2762,02_numeric_values_maybe_const,get_prob,"nparray2 = np.array([0.1, 0.2, 0.3])",,0.4190721,0.031,1790414124.066
2763,02_numeric_values_maybe_const,get_prob,    for i in range(10):,,0.33669123,0.031,1790414124.113
2764,02_numeric_values_maybe_const,get_prob,    for idx in range(20):,,0.3377479,0.031,1790414124.16
2765,02_numeric_values_maybe_const,get_prob,"    Now, the current version is v1.2.6.",,0.4134044,0.031,1790414124.222
2766,02_numeric_values_maybe_const,get_prob,    return 'v1.2.6',,0.47349125,0.031,1790414124.269
2767,02_numeric_values_maybe_const,get_prob,python_code_no = 300,,0.44241092,0.031,1790414124.316
2768,02_numeric_values_maybe_const,get_prob,python_code_num = 300,,0.43596336,0.031,1790414124.363
2769,02_numeric_values_maybe_const,get_prob,    # 3333,,0.4407699,0.047,1790414124.425
2770,02_numeric_values_maybe_const,get_prob,# 1234,,0.46864036,0.031,1790414124.472
2771,02_numeric_values_maybe_const,get_prob,# 5678,,0.43171942,0.031,1790414124.519
2772,02_numeric_values_maybe_const,get_prob,# print(111),,0.40090522,0.031,1790414124.566
2773,02_numeric_values_maybe_const,get_prob,# if a > 3:,,0.37917224,0.047,1790414124.628
2774,02_numeric_values_maybe_const,get_prob,# print(3),,0.3836099,0.031,1790414124.675
2775,02_numeric_values_maybe_const,get_prob,TEST_DUPLICATED = 10,,0.43585998,0.031,1790414124.722
2776,02_numeric_values_maybe_const,get_prob,    for idx in range(30):,,0.3492122,0.031,1790414124.769
2777,02_numeric_values_maybe_const,get_prob,    return 'v1.2.7',,0.47149706,0.047,1790414124.832
2778,02_numeric_values_maybe_const,get_prob,print(2 + len(str(logger))),,0.33701864,0.031,1790414124.878
2779,02_numeric_values_twice,get_embedding,import tc01_02,,"[ 2.70234346e+00  1.86224544e+00 -1.03882335e-01  1.74907231e+00
 -5.89616656e-01 -4.36877608e-02 -1",0.031,1790414124.925
2780,02_numeric_values_twice,get_embedding,import tc01_02,,"[ 2.70234346e+00  1.86224544e+00 -1.03882335e-01  1.74907231e+00
 -5.89616656e-01 -4.36877608e-02 -1",0.047,1790414124.988
2781,02_numeric_values_twice,get_embedding,"print(without_type_hint(2025, 113, 'REBEL HEART'))",,"[-6.14377595e-02 -6.87972546e-01  1.14005864e+00  1.44071615e+00
 -1.10101390e+00  1.05885053e+00 -1",0.031,1790414125.05
2782,02_numeric_values_twice,get_embedding,"print(without_type_hint(2025, 113, 'REBEL HEART'))",,"[-6.14377595e-02 -6.87972546e-01  1.14005864e+00  1.44071615e+00
 -1.10101390e+00  1.05885053e+00 -1",0.031,1790414125.097
2783,02_numeric_values_twice,get_embedding,"print(with_type_hint(2025, 113, 'REBEL HEART'))",,"[ 2.70652652e-01 -5.60001433e-01  1.25534630e+00  1.64370239e+00
 -8.67485940e-01  1.07675982e+00 -1",0.031,1790414125.16
2784,02_numeric_values_twice,get_embedding,"    I, J, K, L = 2, 3, 4, 5",,"[ 1.30295897e+00 -5.74819326e-01  1.49193287e-01  1.15912104e+00
 -8.68037105e-01  3.05155396e-01 -8",0.031,1790414125.207
2785,02_numeric_values_twice,get_embedding,    for i in range(2):,,"[ 2.05126071e+00 -1.03493619e+00  1.43200029e-02  1.15275514e+00
  5.55538118e-01 -6.80725694e-01 -8",0.031,1790414125.269
2786,02_numeric_values_twice,get_embedding,        for j in range(3):,,"[ 1.42605042e+00 -1.93451822e+00  1.02284953e-01  8.86566937e-01
  6.39387608e-01 -1.28050447e-01 -8",0.031,1790414125.332
2787,02_numeric_values_twice,get_embedding,            for k in range(4):,,"[ 1.69488883e+00 -1.32827449e+00 -2.05145985e-01  1.58683014e+00
  6.01601243e-01 -3.31162214e-01 -1",0.031,1790414125.379
2788,02_numeric_values_twice,get_embedding,                for l in range(5):,,"[ 1.80187345e+00 -1.68010402e+00 -7.37117410e-01  1.02339947e+00
  5.95372498e-01 -1.07806051e+00 -9",0.031,1790414125.441
2789,02_numeric_values_twice,get_embedding,"    I, J, K, L = 2, 3, 4, 5",,"[ 1.30295897e+00 -5.74819326e-01  1.49193287e-01  1.15912104e+00
 -8.68037105e-01  3.05155396e-01 -8",0.031,1790414125.488
2790,02_numeric_values_twice,get_embedding,    for i in range(2):,,"[ 2.05126071e+00 -1.03493619e+00  1.43200029e-02  1.15275514e+00
  5.55538118e-01 -6.80725694e-01 -8",0.031,1790414125.55
2791,02_numeric_values_twice,get_embedding,        for j in range(3):,,"[ 1.42605042e+00 -1.93451822e+00  1.02284953e-01  8.86566937e-01
  6.39387608e-01 -1.28050447e-01 -8",0.031,1790414125.613
2792,02_numeric_values_twice,get_embedding,"                                   'bbb': 2,",,"[ 2.83231020e-01 -1.55857539e+00  2.69597590e-01  6.80996895e-01
 -1.81890225e+00  2.52647090e+00 -1",0.031,1790414125.66
2793,02_numeric_values_twice,get_embedding,                                   'ccc': 3},,"[ 1.39997435e+00 -5.45620918e-01 -5.39887488e-01  6.04602993e-01
 -2.38508606e+00  1.37069213e+00 -1",0.031,1790414125.722
2794,02_numeric_values_twice,get_embedding,    for i in range(2):,,"[ 2.05126071e+00 -1.03493619e+00  1.43200029e-02  1.15275514e+00
  5.55538118e-01 -6.80725694e-01 -8",0.031,1790414125.769
2795,02_numeric_values_twice,get_embedding,        for j in range(3):,,"[ 1.42605042e+00 -1.93451822e+00  1.02284953e-01  8.86566937e-01
  6.39387608e-01 -1.28050447e-01 -8",0.031,1790414125.832
2796,02_numeric_values_twice,get_embedding,            for k in range(4):,,"[ 1.69488883e+00 -1.32827449e+00 -2.05145985e-01  1.58683014e+00
  6.01601243e-01 -3.31162214e-01 -1",0.031,1790414125.894
2797,02_numeric_values_twice,get_embedding,"                                       'bbb': 2,",,"[ 1.88628167e-01 -1.59503710e+00  4.10381258e-01  1.00750613e+00
 -1.76869512e+00  2.84770465e+00 -1",0.031,1790414125.941
2798,02_numeric_values_twice,get_embedding,                                       'ccc': 3},,"[ 1.27825761e+00 -7.07176507e-01 -6.65823042e-01  6.35514021e-01
 -2.38430953e+00  1.58796525e+00 -1",0.047,1790414126.004
2799,02_numeric_values_twice,get_embedding,    for i in range(2):,,"[ 2.05126071e+00 -1.03493619e+00  1.43200029e-02  1.15275514e+00
  5.55538118e-01 -6.80725694e-01 -8",0.031,1790414126.066
2800,02_numeric_values_twice,get_embedding,        for j in range(3):,,"[ 1.42605042e+00 -1.93451822e+00  1.02284953e-01  8.86566937e-01
  6.39387608e-01 -1.28050447e-01 -8",0.031,1790414126.113
2801,02_numeric_values_twice,get_embedding,            for k in range(4):,,"[ 1.69488883e+00 -1.32827449e+00 -2.05145985e-01  1.58683014e+00
  6.01601243e-01 -3.31162214e-01 -1",0.031,1790414126.175
2802,02_numeric_values_twice,get_embedding,                for l in range(5):,,"[ 1.80187345e+00 -1.68010402e+00 -7.37117410e-01  1.02339947e+00
  5.95372498e-01 -1.07806051e+00 -9",0.031,1790414126.222
2803,02_numeric_values_twice,get_embedding,    print(2),,"[ 1.15608573e+00  5.60091078e-01  1.44254494e+00  1.48407459e+00
 -7.72115529e-01  1.17962801e+00 -1",0.031,1790414126.285
2804,02_numeric_values_twice,get_embedding,    for i in range(10):,,"[ 1.45832956e+00 -1.14513612e+00 -8.66417706e-01  9.98007894e-01
  9.46008563e-01 -5.16400456e-01 -1",0.031,1790414126.347
2805,02_numeric_values_twice,get_embedding,    for i in range(10):,,"[ 1.45832956e+00 -1.14513612e+00 -8.66417706e-01  9.98007894e-01
  9.46008563e-01 -5.16400456e-01 -1",0.031,1790414126.394
2806,02_numeric_values_twice,get_embedding,        print(3),,"[ 1.50324738e+00  3.11952531e-01  1.18530250e+00  1.79601705e+00
 -3.54634345e-01  1.46932626e+00 -1",0.031,1790414126.457
2807,02_numeric_values_twice,get_embedding,    print(2),,"[ 1.15608573e+00  5.60091078e-01  1.44254494e+00  1.48407459e+00
 -7.72115529e-01  1.17962801e+00 -1",0.031,1790414126.504
2808,02_numeric_values_twice,get_embedding,    for i in range(10):,,"[ 1.45832956e+00 -1.14513612e+00 -8.66417706e-01  9.98007894e-01
  9.46008563e-01 -5.16400456e-01 -1",0.031,1790414126.566
2809,02_numeric_values_twice,get_embedding,        print(3),,"[ 1.50324738e+00  3.11952531e-01  1.18530250e+00  1.79601705e+00
 -3.54634345e-01  1.46932626e+00 -1",0.031,1790414126.629
2810,02_numeric_values_twice,get_embedding,    print(2),,"[ 1.15608573e+00  5.60091078e-01  1.44254494e+00  1.48407459e+00
 -7.72115529e-01  1.17962801e+00 -1",0.031,1790414126.675
2811,02_numeric_values_twice,get_embedding,    for i in range(10):,,"[ 1.45832956e+00 -1.14513612e+00 -8.66417706e-01  9.98007894e-01
  9.46008563e-01 -5.16400456e-01 -1",0.031,1790414126.738
2812,02_numeric_values_twice,get_embedding,        print(3),,"[ 1.50324738e+00  3.11952531e-01  1.18530250e+00  1.79601705e+00
 -3.54634345e-01  1.46932626e+00 -1",0.031,1790414126.8
2813,02_numeric_values_twice,get_embedding,    print(2),,"[ 1.15608573e+00  5.60091078e-01  1.44254494e+00  1.48407459e+00
 -7.72115529e-01  1.17962801e+00 -1",0.031,1790414126.847
2814,02_numeric_values_twice,get_embedding,    for i in range(10):,,"[ 1.45832956e+00 -1.14513612e+00 -8.66417706e-01  9.98007894e-01
  9.46008563e-01 -5.16400456e-01 -1",0.031,1790414126.91
2815,02_numeric_values_twice,get_embedding,        print(3),,"[ 1.50324738e+00  3.11952531e-01  1.18530250e+00  1.79601705e+00
 -3.54634345e-01  1.46932626e+00 -1",0.031,1790414126.957
2816,02_numeric_values_twice,get_embedding,    print(2),,"[ 1.15608573e+00  5.60091078e-01  1.44254494e+00  1.48407459e+00
 -7.72115529e-01  1.17962801e+00 -1",0.031,1790414127.019
2817,02_numeric_values_twice,get_embedding,    for i in range(10):,,"[ 1.45832956e+00 -1.14513612e+00 -8.66417706e-01  9.98007894e-01
  9.46008563e-01 -5.16400456e-01 -1",0.031,1790414127.082
2818,02_numeric_values_twice,get_embedding,        print(3),,"[ 1.50324738e+00  3.11952531e-01  1.18530250e+00  1.79601705e+00
 -3.54634345e-01  1.46932626e+00 -1",0.031,1790414127.129
2819,02_numeric_values_twice,get_embedding,    print(2),,"[ 1.15608573e+00  5.60091078e-01  1.44254494e+00  1.48407459e+00
 -7.72115529e-01  1.17962801e+00 -1",0.031,1790414127.191
2820,02_numeric_values_twice,get_embedding,    for i in range(10):,,"[ 1.45832956e+00 -1.14513612e+00 -8.66417706e-01  9.98007894e-01
  9.46008563e-01 -5.16400456e-01 -1",0.031,1790414127.254
2821,02_numeric_values_twice,get_embedding,        print(3),,"[ 1.50324738e+00  3.11952531e-01  1.18530250e+00  1.79601705e+00
 -3.54634345e-01  1.46932626e+00 -1",0.031,1790414127.3
2822,02_numeric_values_twice,get_embedding,    print(2),,"[ 1.15608573e+00  5.60091078e-01  1.44254494e+00  1.48407459e+00
 -7.72115529e-01  1.17962801e+00 -1",0.047,1790414127.363
2823,02_numeric_values_twice,get_embedding,    for i in range(10):,,"[ 1.45832956e+00 -1.14513612e+00 -8.66417706e-01  9.98007894e-01
  9.46008563e-01 -5.16400456e-01 -1",0.031,1790414127.425
2824,02_numeric_values_twice,get_embedding,        print(3),,"[ 1.50324738e+00  3.11952531e-01  1.18530250e+00  1.79601705e+00
 -3.54634345e-01  1.46932626e+00 -1",0.031,1790414127.472
2825,02_numeric_values_twice,get_embedding,    print(2),,"[ 1.15608573e+00  5.60091078e-01  1.44254494e+00  1.48407459e+00
 -7.72115529e-01  1.17962801e+00 -1",0.047,1790414127.535
2826,02_numeric_values_twice,get_embedding,    for i in range(10):,,"[ 1.45832956e+00 -1.14513612e+00 -8.66417706e-01  9.98007894e-01
  9.46008563e-01 -5.16400456e-01 -1",0.031,1790414127.597
2827,02_numeric_values_twice,get_embedding,        print(3),,"[ 1.50324738e+00  3.11952531e-01  1.18530250e+00  1.79601705e+00
 -3.54634345e-01  1.46932626e+00 -1",0.031,1790414127.644
2828,02_numeric_values_twice,get_embedding,    print(2),,"[ 1.15608573e+00  5.60091078e-01  1.44254494e+00  1.48407459e+00
 -7.72115529e-01  1.17962801e+00 -1",0.031,1790414127.707
2829,02_numeric_values_twice,get_embedding,    for i in range(10):,,"[ 1.45832956e+00 -1.14513612e+00 -8.66417706e-01  9.98007894e-01
  9.46008563e-01 -5.16400456e-01 -1",0.031,1790414127.753
2830,02_numeric_values_twice,get_embedding,        print(3),,"[ 1.50324738e+00  3.11952531e-01  1.18530250e+00  1.79601705e+00
 -3.54634345e-01  1.46932626e+00 -1",0.031,1790414127.816
2831,02_numeric_values_twice,get_embedding,    print(2),,"[ 1.15608573e+00  5.60091078e-01  1.44254494e+00  1.48407459e+00
 -7.72115529e-01  1.17962801e+00 -1",0.031,1790414127.878
2832,02_numeric_values_twice,get_embedding,    for i in range(10):,,"[ 1.45832956e+00 -1.14513612e+00 -8.66417706e-01  9.98007894e-01
  9.46008563e-01 -5.16400456e-01 -1",0.031,1790414127.925
2833,02_numeric_values_twice,get_embedding,        print(3),,"[ 1.50324738e+00  3.11952531e-01  1.18530250e+00  1.79601705e+00
 -3.54634345e-01  1.46932626e+00 -1",0.031,1790414127.988
2834,02_numeric_values_twice,get_embedding,    print(2),,"[ 1.15608573e+00  5.60091078e-01  1.44254494e+00  1.48407459e+00
 -7.72115529e-01  1.17962801e+00 -1",0.031,1790414128.05
2835,02_numeric_values_twice,get_embedding,    for i in range(10):,,"[ 1.45832956e+00 -1.14513612e+00 -8.66417706e-01  9.98007894e-01
  9.46008563e-01 -5.16400456e-01 -1",0.031,1790414128.097
2836,02_numeric_values_twice,get_embedding,        print(3),,"[ 1.50324738e+00  3.11952531e-01  1.18530250e+00  1.79601705e+00
 -3.54634345e-01  1.46932626e+00 -1",0.031,1790414128.16
2837,02_numeric_values_twice,get_embedding,    print(2),,"[ 1.15608573e+00  5.60091078e-01  1.44254494e+00  1.48407459e+00
 -7.72115529e-01  1.17962801e+00 -1",0.031,1790414128.207
2838,02_numeric_values_twice,get_embedding,    for i in range(10):,,"[ 1.45832956e+00 -1.14513612e+00 -8.66417706e-01  9.98007894e-01
  9.46008563e-01 -5.16400456e-01 -1",0.031,1790414128.269
2839,02_numeric_values_twice,get_embedding,        print(3),,"[ 1.50324738e+00  3.11952531e-01  1.18530250e+00  1.79601705e+00
 -3.54634345e-01  1.46932626e+00 -1",0.031,1790414128.332
2840,02_numeric_values_twice,get_embedding,    print(2),,"[ 1.15608573e+00  5.60091078e-01  1.44254494e+00  1.48407459e+00
 -7.72115529e-01  1.17962801e+00 -1",0.031,1790414128.378
2841,02_numeric_values_twice,get_embedding,    for i in range(10):,,"[ 1.45832956e+00 -1.14513612e+00 -8.66417706e-01  9.98007894e-01
  9.46008563e-01 -5.16400456e-01 -1",0.047,1790414128.441
2842,02_numeric_values_twice,get_embedding,        print(3),,"[ 1.50324738e+00  3.11952531e-01  1.18530250e+00  1.79601705e+00
 -3.54634345e-01  1.46932626e+00 -1",0.031,1790414128.503
2843,02_numeric_values_twice,get_embedding,    print(2),,"[ 1.15608573e+00  5.60091078e-01  1.44254494e+00  1.48407459e+00
 -7.72115529e-01  1.17962801e+00 -1",0.031,1790414128.55
2844,02_numeric_values_twice,get_embedding,    for i in range(10):,,"[ 1.45832956e+00 -1.14513612e+00 -8.66417706e-01  9.98007894e-01
  9.46008563e-01 -5.16400456e-01 -1",0.031,1790414128.613
2845,02_numeric_values_twice,get_embedding,        print(3),,"[ 1.50324738e+00  3.11952531e-01  1.18530250e+00  1.79601705e+00
 -3.54634345e-01  1.46932626e+00 -1",0.031,1790414128.66
2846,02_numeric_values_twice,get_embedding,    print(2),,"[ 1.15608573e+00  5.60091078e-01  1.44254494e+00  1.48407459e+00
 -7.72115529e-01  1.17962801e+00 -1",0.031,1790414128.722
2847,02_numeric_values_twice,get_embedding,    for i in range(10):,,"[ 1.45832956e+00 -1.14513612e+00 -8.66417706e-01  9.98007894e-01
  9.46008563e-01 -5.16400456e-01 -1",0.047,1790414128.785
2848,02_numeric_values_twice,get_embedding,        print(3),,"[ 1.50324738e+00  3.11952531e-01  1.18530250e+00  1.79601705e+00
 -3.54634345e-01  1.46932626e+00 -1",0.031,1790414128.847
2849,02_numeric_values_twice,get_embedding,    print(2),,"[ 1.15608573e+00  5.60091078e-01  1.44254494e+00  1.48407459e+00
 -7.72115529e-01  1.17962801e+00 -1",0.031,1790414128.894
2850,02_numeric_values_twice,get_embedding,    for i in range(10):,,"[ 1.45832956e+00 -1.14513612e+00 -8.66417706e-01  9.98007894e-01
  9.46008563e-01 -5.16400456e-01 -1",0.031,1790414128.957
2851,02_numeric_values_twice,get_embedding,        print(3),,"[ 1.50324738e+00  3.11952531e-01  1.18530250e+00  1.79601705e+00
 -3.54634345e-01  1.46932626e+00 -1",0.031,1790414129.003
2852,02_numeric_values_twice,get_embedding,    print(2),,"[ 1.15608573e+00  5.60091078e-01  1.44254494e+00  1.48407459e+00
 -7.72115529e-01  1.17962801e+00 -1",0.031,1790414129.066
2853,02_numeric_values_twice,get_embedding,    for i in range(10):,,"[ 1.45832956e+00 -1.14513612e+00 -8.66417706e-01  9.98007894e-01
  9.46008563e-01 -5.16400456e-01 -1",0.031,1790414129.128
2854,02_numeric_values_twice,get_embedding,        print(3),,"[ 1.50324738e+00  3.11952531e-01  1.18530250e+00  1.79601705e+00
 -3.54634345e-01  1.46932626e+00 -1",0.031,1790414129.175
2855,02_numeric_values_twice,get_embedding,    print(2),,"[ 1.15608573e+00  5.60091078e-01  1.44254494e+00  1.48407459e+00
 -7.72115529e-01  1.17962801e+00 -1",0.047,1790414129.238
2856,02_numeric_values_twice,get_embedding,    for i in range(10):,,"[ 1.45832956e+00 -1.14513612e+00 -8.66417706e-01  9.98007894e-01
  9.46008563e-01 -5.16400456e-01 -1",0.031,1790414129.3
2857,02_numeric_values_twice,get_embedding,        print(3),,"[ 1.50324738e+00  3.11952531e-01  1.18530250e+00  1.79601705e+00
 -3.54634345e-01  1.46932626e+00 -1",0.031,1790414129.347
2858,02_numeric_values_twice,get_embedding,    print(2),,"[ 1.15608573e+00  5.60091078e-01  1.44254494e+00  1.48407459e+00
 -7.72115529e-01  1.17962801e+00 -1",0.031,1790414129.41
2859,02_numeric_values_twice,get_embedding,    for i in range(10):,,"[ 1.45832956e+00 -1.14513612e+00 -8.66417706e-01  9.98007894e-01
  9.46008563e-01 -5.16400456e-01 -1",0.031,1790414129.457
2860,02_numeric_values_twice,get_embedding,        print(3),,"[ 1.50324738e+00  3.11952531e-01  1.18530250e+00  1.79601705e+00
 -3.54634345e-01  1.46932626e+00 -1",0.031,1790414129.519
2861,02_numeric_values_twice,get_embedding,    print(2),,"[ 1.15608573e+00  5.60091078e-01  1.44254494e+00  1.48407459e+00
 -7.72115529e-01  1.17962801e+00 -1",0.031,1790414129.582
2862,02_numeric_values_twice,get_embedding,    for i in range(10):,,"[ 1.45832956e+00 -1.14513612e+00 -8.66417706e-01  9.98007894e-01
  9.46008563e-01 -5.16400456e-01 -1",0.031,1790414129.628
2863,02_numeric_values_twice,get_embedding,        print(3),,"[ 1.50324738e+00  3.11952531e-01  1.18530250e+00  1.79601705e+00
 -3.54634345e-01  1.46932626e+00 -1",0.031,1790414129.691
2864,02_numeric_values_twice,get_embedding,    print(2),,"[ 1.15608573e+00  5.60091078e-01  1.44254494e+00  1.48407459e+00
 -7.72115529e-01  1.17962801e+00 -1",0.031,1790414129.753
2865,02_numeric_values_twice,get_embedding,    for i in range(10):,,"[ 1.45832956e+00 -1.14513612e+00 -8.66417706e-01  9.98007894e-01
  9.46008563e-01 -5.16400456e-01 -1",0.031,1790414129.8
2866,02_numeric_values_twice,get_embedding,        print(3),,"[ 1.50324738e+00  3.11952531e-01  1.18530250e+00  1.79601705e+00
 -3.54634345e-01  1.46932626e+00 -1",0.047,1790414129.863
2867,02_numeric_values_twice,get_embedding,    print(2),,"[ 1.15608573e+00  5.60091078e-01  1.44254494e+00  1.48407459e+00
 -7.72115529e-01  1.17962801e+00 -1",0.031,1790414129.925
2868,02_numeric_values_twice,get_embedding,    for i in range(10):,,"[ 1.45832956e+00 -1.14513612e+00 -8.66417706e-01  9.98007894e-01
  9.46008563e-01 -5.16400456e-01 -1",0.031,1790414129.972
2869,02_numeric_values_twice,get_embedding,        print(3),,"[ 1.50324738e+00  3.11952531e-01  1.18530250e+00  1.79601705e+00
 -3.54634345e-01  1.46932626e+00 -1",0.047,1790414130.035
2870,02_numeric_values_twice,get_embedding,    print(2),,"[ 1.15608573e+00  5.60091078e-01  1.44254494e+00  1.48407459e+00
 -7.72115529e-01  1.17962801e+00 -1",0.031,1790414130.097
2871,02_numeric_values_twice,get_embedding,    for i in range(10):,,"[ 1.45832956e+00 -1.14513612e+00 -8.66417706e-01  9.98007894e-01
  9.46008563e-01 -5.16400456e-01 -1",0.031,1790414130.144
2872,02_numeric_values_twice,get_embedding,        print(3),,"[ 1.50324738e+00  3.11952531e-01  1.18530250e+00  1.79601705e+00
 -3.54634345e-01  1.46932626e+00 -1",0.047,1790414130.206
2873,02_numeric_values_twice,get_embedding,    print(2),,"[ 1.15608573e+00  5.60091078e-01  1.44254494e+00  1.48407459e+00
 -7.72115529e-01  1.17962801e+00 -1",0.031,1790414130.269
2874,02_numeric_values_twice,get_embedding,    for i in range(10):,,"[ 1.45832956e+00 -1.14513612e+00 -8.66417706e-01  9.98007894e-01
  9.46008563e-01 -5.16400456e-01 -1",0.031,1790414130.316
2875,02_numeric_values_twice,get_embedding,        print(3),,"[ 1.50324738e+00  3.11952531e-01  1.18530250e+00  1.79601705e+00
 -3.54634345e-01  1.46932626e+00 -1",0.047,1790414130.378
2876,02_numeric_values_maybe_const,get_prob,import tc01_02,,0.4271951,0.031,1790414130.472
2877,02_numeric_values_maybe_const,get_prob,print('ddddddddddddddddddddddddddddddddddddddddddddddddddddddddddddddddd more than line length 120 ========================='),,0.4938492,0.031,1790414130.535
2878,02_numeric_values_maybe_const,get_prob,"print(without_type_hint(2025, 113, 'REBEL HEART'))",,0.3931971,0.031,1790414130.581
2879,02_numeric_values_maybe_const,get_prob,"print(with_type_hint(2025, 113, 'REBEL HEART'))",,0.38828984,0.031,1790414130.628
2880,02_numeric_values_maybe_const,get_prob,"    I, J, K, L = 2, 3, 4, 5",,0.37128544,0.031,1790414130.691
2881,02_numeric_values_maybe_const,get_prob,    for i in range(2):,,0.3211565,0.031,1790414130.738
2882,02_numeric_values_maybe_const,get_prob,        for j in range(3):,,0.32338336,0.031,1790414130.785
2883,02_numeric_values_maybe_const,get_prob,            for k in range(4):,,0.32733667,0.031,1790414130.831
2884,02_numeric_values_maybe_const,get_prob,                for l in range(5):,,0.29993084,0.031,1790414130.894
2885,02_numeric_values_maybe_const,get_prob,print(1234),,0.38424385,0.031,1790414130.941
2886,02_numeric_values_maybe_const,get_prob,"    I, J, K, L = 2, 3, 4, 5",,0.37128544,0.031,1790414130.988
2887,02_numeric_values_maybe_const,get_prob,    for i in range(2):,,0.3211565,0.031,1790414131.035
2888,02_numeric_values_maybe_const,get_prob,        for j in range(3):,,0.32338336,0.031,1790414131.097
2889,02_numeric_values_maybe_const,get_prob,"                                   'bbb': 2,",,0.40976647,0.031,1790414131.144
2890,02_numeric_values_maybe_const,get_prob,                                   'ccc': 3},,0.43144235,0.031,1790414131.191
2891,02_numeric_values_maybe_const,get_prob,    for i in range(2):,,0.3211565,0.031,1790414131.238
2892,02_numeric_values_maybe_const,get_prob,        for j in range(3):,,0.32338336,0.031,1790414131.3
2893,02_numeric_values_maybe_const,get_prob,            for k in range(4):,,0.32733667,0.031,1790414131.347
2894,02_numeric_values_maybe_const,get_prob,"                                       'bbb': 2,",,0.4211386,0.031,1790414131.394
2895,02_numeric_values_maybe_const,get_prob,                                       'ccc': 3},,0.44934538,0.047,1790414131.457
2896,02_numeric_values_maybe_const,get_prob,    for i in range(2):,,0.3211565,0.031,1790414131.503
2897,02_numeric_values_maybe_const,get_prob,        for j in range(3):,,0.32338336,0.031,1790414131.55
2898,02_numeric_values_maybe_const,get_prob,            for k in range(4):,,0.32733667,0.031,1790414131.597
2899,02_numeric_values_maybe_const,get_prob,                for l in range(5):,,0.29993084,0.047,1790414131.66
2900,02_numeric_values_maybe_const,get_prob,print(5678),,0.385875,0.031,1790414131.707
2901,02_numeric_values_maybe_const,get_prob,    print(2),,0.35114858,0.031,1790414131.753
2902,02_numeric_values_maybe_const,get_prob,    for i in range(10):,,0.33669123,0.031,1790414131.8
2903,02_numeric_values_maybe_const,get_prob,        print(3),,0.35829717,0.031,1790414131.863
2904,02_numeric_values_maybe_const,get_prob,    print(2),,0.35114858,0.031,1790414131.91
2905,02_numeric_values_maybe_const,get_prob,    for i in range(10):,,0.33669123,0.031,1790414131.957
2906,02_numeric_values_maybe_const,get_prob,        print(3),,0.35829717,0.031,1790414132.003
2907,02_numeric_values_maybe_const,get_prob,    print(2),,0.35114858,0.031,1790414132.066
2908,02_numeric_values_maybe_const,get_prob,    for i in range(10):,,0.33669123,0.031,1790414132.113
2909,02_numeric_values_maybe_const,get_prob,        print(3),,0.35829717,0.031,1790414132.16
2910,02_numeric_values_maybe_const,get_prob,    print(2),,0.35114858,0.047,1790414132.222
2911,02_numeric_values_maybe_const,get_prob,    for i in range(10):,,0.33669123,0.031,1790414132.269
2912,02_numeric_values_maybe_const,get_prob,        print(3),,0.35829717,0.031,1790414132.316
2913,02_numeric_values_maybe_const,get_prob,    print(2),,0.35114858,0.031,1790414132.363
2914,02_numeric_values_maybe_const,get_prob,    for i in range(10):,,0.33669123,0.031,1790414132.425
2915,02_numeric_values_maybe_const,get_prob,        print(3),,0.35829717,0.031,1790414132.472
2916,02_numeric_values_maybe_const,get_prob,    print(2),,0.35114858,0.031,1790414132.519
2917,02_numeric_values_maybe_const,get_prob,    for i in range(10):,,0.33669123,0.047,1790414132.582
2918,02_numeric_values_maybe_const,get_prob,        print(3),,0.35829717,0.031,1790414132.628
2919,02_numeric_values_maybe_const,get_prob,    print(2),,0.35114858,0.031,1790414132.675
2920,02_numeric_values_maybe_const,get_prob,    for i in range(10):,,0.33669123,0.031,1790414132.722
2921,02_numeric_values_maybe_const,get_prob,        print(3),,0.35829717,0.031,1790414132.785
2922,02_numeric_values_maybe_const,get_prob,    print(2),,0.35114858,0.031,1790414132.832
2923,02_numeric_values_maybe_const,get_prob,    for i in range(10):,,0.33669123,0.031,1790414132.878
2924,02_numeric_values_maybe_const,get_prob,        print(3),,0.35829717,0.047,1790414132.941
2925,02_numeric_values_maybe_const,get_prob,    print(2),,0.35114858,0.031,1790414132.988
2926,02_numeric_values_maybe_const,get_prob,    for i in range(10):,,0.33669123,0.031,1790414133.035
2927,02_numeric_values_maybe_const,get_prob,        print(3),,0.35829717,0.031,1790414133.081
2928,02_numeric_values_maybe_const,get_prob,    print(2),,0.35114858,0.031,1790414133.144
2929,02_numeric_values_maybe_const,get_prob,    for i in range(10):,,0.33669123,0.031,1790414133.191
2930,02_numeric_values_maybe_const,get_prob,        print(3),,0.35829717,0.031,1790414133.238
2931,02_numeric_values_maybe_const,get_prob,    print(2),,0.35114858,0.031,1790414133.285
2932,02_numeric_values_maybe_const,get_prob,    for i in range(10):,,0.33669123,0.031,1790414133.347
2933,02_numeric_values_maybe_const,get_prob,        print(3),,0.35829717,0.031,1790414133.394
2934,02_numeric_values_maybe_const,get_prob,    print(2),,0.35114858,0.031,1790414133.441
2935,02_numeric_values_maybe_const,get_prob,    for i in range(10):,,0.33669123,0.047,1790414133.504
2936,02_numeric_values_maybe_const,get_prob,        print(3),,0.35829717,0.031,1790414133.55
2937,02_numeric_values_maybe_const,get_prob,    print(2),,0.35114858,0.031,1790414133.597
2938,02_numeric_values_maybe_const,get_prob,    for i in range(10):,,0.33669123,0.031,1790414133.644
2939,02_numeric_values_maybe_const,get_prob,        print(3),,0.35829717,0.031,1790414133.707
2940,02_numeric_values_maybe_const,get_prob,    print(2),,0.35114858,0.031,1790414133.754
2941,02_numeric_values_maybe_const,get_prob,    for i in range(10):,,0.33669123,0.031,1790414133.8
2942,02_numeric_values_maybe_const,get_prob,        print(3),,0.35829717,0.031,1790414133.847
2943,02_numeric_values_maybe_const,get_prob,    print(2),,0.35114858,0.031,1790414133.91
2944,02_numeric_values_maybe_const,get_prob,    for i in range(10):,,0.33669123,0.031,1790414133.957
2945,02_numeric_values_maybe_const,get_prob,        print(3),,0.35829717,0.031,1790414134.003
2946,02_numeric_values_maybe_const,get_prob,    print(2),,0.35114858,0.031,1790414134.066
2947,02_numeric_values_maybe_const,get_prob,    for i in range(10):,,0.33669123,0.031,1790414134.113
2948,02_numeric_values_maybe_const,get_prob,        print(3),,0.35829717,0.031,1790414134.16
2949,02_numeric_values_maybe_const,get_prob,    print(2),,0.35114858,0.047,1790414134.222
2950,02_numeric_values_maybe_const,get_prob,    for i in range(10):,,0.33669123,0.031,1790414134.269
2951,02_numeric_values_maybe_const,get_prob,        print(3),,0.35829717,0.031,1790414134.316
2952,02_numeric_values_maybe_const,get_prob,    print(2),,0.35114858,0.031,1790414134.363
2953,02_numeric_values_maybe_const,get_prob,    for i in range(10):,,0.33669123,0.031,1790414134.425
2954,02_numeric_values_maybe_const,get_prob,        print(3),,0.35829717,0.031,1790414134.472
2955,02_numeric_values_maybe_const,get_prob,    print(2),,0.35114858,0.031,1790414134.519
2956,02_numeric_values_maybe_const,get_prob,    for i in range(10):,,0.33669123,0.047,1790414134.582
2957,02_numeric_values_maybe_const,get_prob,        print(3),,0.35829717,0.031,1790414134.628
2958,02_numeric_values_maybe_const,get_prob,    print(2),,0.35114858,0.031,1790414134.675
2959,02_numeric_values_maybe_const,get_prob,    for i in range(10):,,0.33669123,0.047,1790414134.738
2960,02_numeric_values_maybe_const,get_prob,        print(3),,0.35829717,0.031,1790414134.785
2961,02_numeric_values_maybe_const,get_prob,    print(2),,0.35114858,0.031,1790414134.832
2962,02_numeric_values_maybe_const,get_prob,    for i in range(10):,,0.33669123,0.031,1790414134.878
2963,02_numeric_values_maybe_const,get_prob,        print(3),,0.35829717,0.031,1790414134.941
2964,02_numeric_values_maybe_const,get_prob,    print(2),,0.35114858,0.031,1790414134.988
2965,02_numeric_values_maybe_const,get_prob,    for i in range(10):,,0.33669123,0.031,1790414135.035
2966,02_numeric_values_maybe_const,get_prob,        print(3),,0.35829717,0.031,1790414135.097
2967,02_numeric_values_maybe_const,get_prob,    print(2),,0.35114858,0.031,1790414135.144
2968,02_numeric_values_maybe_const,get_prob,    for i in range(10):,,0.33669123,0.031,1790414135.191
2969,02_numeric_values_maybe_const,get_prob,        print(3),,0.35829717,0.031,1790414135.238
2970,02_numeric_values_maybe_const,get_prob,    print(2),,0.35114858,0.031,1790414135.3
2971,02_numeric_values_maybe_const,get_prob,    for i in range(10):,,0.33669123,0.031,1790414135.347
2972,02_numeric_values_maybe_const,get_prob,        print(3),,0.35829717,0.031,1790414135.394
2973,02_numeric_values_maybe_const,get_prob,aaa = 0.1,,0.38158658,0.031,1790414135.457
2974,02_numeric_values_maybe_const,get_prob,fff = -0.1,,0.4220988,0.031,1790414135.503
2975,02_numeric_values_twice,get_embedding,"arr = [2, 3, 5, 7, 11, 13, 17, 19]",,"[ 8.14423710e-03 -9.15281832e-01 -5.65748334e-01  1.04589939e+00
 -2.39775434e-01  8.85447443e-01 -5",0.031,1790414135.566
2976,02_numeric_values_twice,get_embedding,"arr = [2, 3, 5, 7, 11, 13, 17, 19]",,"[ 8.14423710e-03 -9.15281832e-01 -5.65748334e-01  1.04589939e+00
 -2.39775434e-01  8.85447443e-01 -5",0.031,1790414135.613
2977,02_numeric_values_twice,get_embedding,    if item % 4 == 1:,,"[ 1.40713751e+00 -1.30056500e+00  3.11920106e-01  7.02859700e-01
  1.40406325e-01  1.05637467e+00 -1",0.031,1790414135.675
2978,02_numeric_values_twice,get_embedding,    if item % 4 == 1:,,"[ 1.40713751e+00 -1.30056500e+00  3.11920106e-01  7.02859700e-01
  1.40406325e-01  1.05637467e+00 -1",0.031,1790414135.738
2979,02_numeric_values_twice,get_embedding,    if item % 4 == 1:,,"[ 1.40713751e+00 -1.30056500e+00  3.11920106e-01  7.02859700e-01
  1.40406325e-01  1.05637467e+00 -1",0.031,1790414135.8
2980,02_numeric_values_twice,get_embedding,        new_arr.append(2),,"[ 1.99338949e+00 -1.37470567e+00 -7.38771617e-01  1.17981875e+00
 -5.21583796e-01 -4.22685593e-01 -8",0.031,1790414135.847
2981,02_numeric_values_twice,get_embedding,"    result += str(3) + ','",,"[ 2.02529669e+00 -5.47775984e-01 -1.60531759e+00  1.17090666e+00
 -3.82610470e-01  6.58995569e-01 -2",0.031,1790414135.91
2982,02_numeric_values_twice,get_embedding,print(sum([p for p in primes if p >= 10])),,"[ 9.55026507e-01 -5.57664037e-01  9.36759174e-01  1.85682252e-03
  2.55671918e-01  1.89833093e+00 -1",0.031,1790414135.972
2983,02_numeric_values_twice,get_embedding,print(sum([p for p in primes if p >= 10])),,"[ 9.55026507e-01 -5.57664037e-01  9.36759174e-01  1.85682252e-03
  2.55671918e-01  1.89833093e+00 -1",0.031,1790414136.019
2984,02_numeric_values_twice,get_embedding,print(max([p for p in primes if p % 3 == 2])),,"[ 1.25131941e+00 -4.34170902e-01  1.25236428e+00  4.05324250e-01
  6.38045847e-01  1.92149401e+00 -7",0.047,1790414136.082
2985,02_numeric_values_twice,get_embedding,print(min([p for p in primes if p % 3 == 1])),,"[ 1.16880071e+00 -4.40684259e-01  1.28207910e+00  1.75138205e-01
  3.96675766e-01  2.24406648e+00 -7",0.031,1790414136.144
2986,02_numeric_values_twice,get_embedding,print(all([p % 2 == 1 for p in primes])),,"[ 1.90129983e+00 -2.82164276e-01  1.33945274e+00 -2.85877228e-01
 -1.62002325e-01  1.51337504e+00 -1",0.031,1790414136.191
2987,02_numeric_values_twice,get_embedding,print(any([p % 2 == 1 for p in primes])),,"[ 1.86365104e+00 -2.88636446e-01  1.40634179e+00 -3.00750822e-01
 -2.25992158e-01  1.55913329e+00 -1",0.031,1790414136.253
2988,02_numeric_values_twice,get_embedding,print(sum(p for p in primes if p >= 10)),,"[ 9.24548090e-01 -5.84144592e-01  8.90831590e-01 -2.45843716e-02
  2.82525450e-01  1.91262865e+00 -1",0.031,1790414136.316
2989,02_numeric_values_twice,get_embedding,print(max(p for p in primes if p % 3 == 2)),,"[ 1.18686628e+00 -4.16294217e-01  1.25808465e+00  4.14257228e-01
  6.15320563e-01  2.02862501e+00 -7",0.031,1790414136.363
2990,02_numeric_values_twice,get_embedding,print(min(p for p in primes if p % 3 == 1)),,"[ 1.15037572e+00 -4.57879901e-01  1.27885461e+00  1.29175842e-01
  3.73125076e-01  2.34224701e+00 -7",0.031,1790414136.425
2991,02_numeric_values_twice,get_embedding,print(all(p % 2 == 1 for p in primes)),,"[ 1.92581928e+00 -2.49110401e-01  1.21077704e+00 -3.05384040e-01
 -1.34807184e-01  1.55075407e+00 -1",0.031,1790414136.488
2992,02_numeric_values_twice,get_embedding,print(any(p % 2 == 1 for p in primes)),,"[ 1.76936769e+00 -2.78238177e-01  1.25618732e+00 -2.85890609e-01
 -1.92312509e-01  1.52391338e+00 -1",0.031,1790414136.535
2993,02_numeric_values_twice,get_embedding,if test >= 100:,,"[ 1.27766418e+00  4.76158619e-01 -2.46390924e-01 -1.46569923e-01
  1.03097849e-01 -8.28385293e-01 -1",0.031,1790414136.597
2994,02_numeric_values_twice,get_embedding,if test >= 100:,,"[ 1.27766418e+00  4.76158619e-01 -2.46390924e-01 -1.46569923e-01
  1.03097849e-01 -8.28385293e-01 -1",0.047,1790414136.66
2995,02_numeric_values_twice,get_embedding,elif test >= 75:,,"[ 9.14445877e-01  1.23355143e-01 -1.38454571e-01 -5.24609610e-02
  9.98857245e-02 -1.84409425e-01 -2",0.031,1790414136.722
2996,02_numeric_values_twice,get_embedding,elif test >= 75:,,"[ 9.14445877e-01  1.23355143e-01 -1.38454571e-01 -5.24609610e-02
  9.98857245e-02 -1.84409425e-01 -2",0.031,1790414136.769
2997,02_numeric_values_twice,get_embedding,elif test >= 50:,,"[ 1.69655812e+00 -2.48957232e-01 -2.07401037e-01 -3.79569858e-01
  7.54903138e-01 -1.17722917e+00 -2",0.031,1790414136.831
2998,02_numeric_values_twice,get_embedding,elif test >= 50:,,"[ 1.69655812e+00 -2.48957232e-01 -2.07401037e-01 -3.79569858e-01
  7.54903138e-01 -1.17722917e+00 -2",0.031,1790414136.894
2999,02_numeric_values_twice,get_embedding,if test_abc >= 100:,,"[ 1.08158374e+00  1.15474308e+00 -3.11610818e-01  5.75559676e-01
 -3.35621357e-01  1.15031876e-01 -1",0.031,1790414136.956
3000,02_numeric_values_twice,get_embedding,elif test >= 75:,,"[ 9.14445877e-01  1.23355143e-01 -1.38454571e-01 -5.24609610e-02
  9.98857245e-02 -1.84409425e-01 -2",0.031,1790414137.003
3001,02_numeric_values_twice,get_embedding,elif test_abc >= 50:,,"[ 1.26150072e+00  4.89436358e-01 -4.00795698e-01  2.89559722e-01
  5.97561151e-02 -4.43678945e-02 -1",0.047,1790414137.066
3002,02_numeric_values_twice,get_embedding,if test_def >= 100:,,"[ 2.44342536e-01  8.87688875e-01  4.35345858e-01  1.38413477e+00
 -1.39462113e-01  9.05124322e-02 -1",0.031,1790414137.128
3003,02_numeric_values_twice,get_embedding,elif test_def >= 75:,,"[ 1.97477475e-01  3.74951720e-01  4.12683398e-01  5.39782345e-01
  2.26238117e-01  3.42322826e-01 -1",0.031,1790414137.175
3004,02_numeric_values_twice,get_embedding,elif test_def >= 50:,,"[ 3.42185616e-01  1.01316012e-01  3.01135898e-01  7.39675999e-01
  2.89982349e-01  4.10717614e-02 -1",0.031,1790414137.238
3005,02_numeric_values_twice,get_embedding,if test >= 100 and True:,,"[ 9.02064025e-01  4.75905269e-01 -2.55373120e-01 -1.00947827e-01
  2.78518081e-01 -8.29203248e-01 -1",0.031,1790414137.3
3006,02_numeric_values_twice,get_embedding,elif test <= 75 and False:,,"[-1.01751298e-01  7.76984990e-02  1.50182992e-01 -1.82899654e-01
  9.08048898e-02  2.12627929e-02 -1",0.031,1790414137.347
3007,02_numeric_values_twice,get_embedding,"numbers = [1, 2, 3, -4, 5]",,"[ 3.24878365e-01  7.38373101e-02 -7.96280921e-01  8.83717179e-01
 -1.37643933e+00  5.94497621e-01 -3",0.031,1790414137.41
3008,02_numeric_values_twice,get_embedding,"scores = [85, 92, 78]",,"[ 1.98216009e+00 -9.89717126e-01 -8.05567145e-01 -7.63873518e-01
 -8.74389648e-01  1.32091439e+00 -1",0.031,1790414137.472
3009,02_numeric_values_twice,get_embedding,"scores = [85, 92, 78]",,"[ 1.98216009e+00 -9.89717126e-01 -8.05567145e-01 -7.63873518e-01
 -8.74389648e-01  1.32091439e+00 -1",0.031,1790414137.535
3010,02_numeric_values_twice,get_embedding,for itertool1 in range(100):,,"[ 1.24948359e+00 -3.16444546e-01 -1.10118711e+00  1.11243248e+00
  8.40101659e-01 -6.20933354e-01 -2",0.031,1790414137.582
3011,02_numeric_values_twice,get_embedding,sentence = '123',,"[ 2.23424029e+00 -1.09845793e+00 -1.11990321e+00  5.63887715e-01
 -2.51645160e+00  1.30177987e+00 -1",0.047,1790414137.644
3012,02_numeric_values_twice,get_embedding,    print(2),,"[ 1.15608573e+00  5.60091078e-01  1.44254494e+00  1.48407459e+00
 -7.72115529e-01  1.17962801e+00 -1",0.031,1790414137.707
3013,02_numeric_values_twice,get_embedding,    print(3),,"[ 1.32693875e+00  3.54483813e-01  1.07444751e+00  1.74674284e+00
 -5.84693611e-01  1.33052039e+00 -1",0.031,1790414137.753
3014,02_numeric_values_twice,get_embedding,    print(4),,"[ 1.32122362e+00 -1.50665969e-01  1.16272724e+00  1.80120862e+00
 -8.59965861e-01  1.23708403e+00 -1",0.047,1790414137.816
3015,02_numeric_values_twice,get_embedding,    print(5),,"[ 1.59525228e+00  2.50609845e-01  1.02138901e+00  1.94570053e+00
 -4.81983125e-01  8.65402102e-01 -1",0.031,1790414137.878
3016,02_numeric_values_twice,get_embedding,    print(7),,"[ 1.55614769e+00 -1.07809506e-01  6.59326136e-01  1.74403489e+00
  2.86476105e-01  9.13189352e-01 -1",0.031,1790414137.925
3017,02_numeric_values_twice,get_embedding,"scores = [100, 85, 90, 100, 75, 100]",,"[ 2.18379474e+00 -1.04981899e+00 -9.59979892e-01 -7.19910443e-01
 -8.78729522e-01  1.63334990e+00 -1",0.031,1790414137.988
3018,02_numeric_values_twice,get_embedding,perfect_scores = len([score for score in scores if score == 100]),,"[ 1.93752539e+00 -6.61841929e-01 -2.03742087e-01 -1.48571694e+00
  2.79583801e-02 -2.29393646e-01 -1",0.031,1790414138.05
3019,02_numeric_values_twice,get_embedding,target = 40,,"[-1.33469820e+00 -2.74106836e+00  9.05133605e-01  4.18427557e-01
 -1.39155543e+00  7.12261498e-01 -1",0.031,1790414138.097
3020,02_numeric_values_twice,get_embedding,target = 40,,"[-1.33469820e+00 -2.74106836e+00  9.05133605e-01  4.18427557e-01
 -1.39155543e+00  7.12261498e-01 -1",0.031,1790414138.16
3021,02_numeric_values_twice,get_embedding,"numbers = [10, 20, 30, 40, 50]",,"[ 6.41508758e-01 -1.91756517e-01 -1.09150040e+00  1.22047853e+00
 -3.43788266e-01  2.97927052e-01 -1",0.031,1790414138.222
3022,02_numeric_values_twice,get_embedding,"numbers = [1, 2, 3, 4, 5]",,"[ 8.06060195e-01 -1.29176036e-01 -1.62994838e+00  1.49719846e+00
 -2.54809022e-01  4.79475498e-01 -9",0.031,1790414138.285
3023,02_numeric_values_twice,get_embedding,    if num % 2 != 0:  # 홀수만 골라서 변환,,"[ 1.99237847e+00 -1.07961929e+00  6.72563255e-01  1.26158321e+00
 -1.12724602e-01  1.50162661e+00 -1",0.031,1790414138.332
3024,02_numeric_values_twice,get_embedding,a = sum(len(line) for line in result[:3]),,"[ 1.92374802e+00 -1.12108767e+00 -1.59178865e+00  9.30436432e-01
  1.31788939e-01 -1.11890543e+00 -9",0.031,1790414138.394
3025,02_numeric_values_twice,get_embedding,d = sum(len(line) for line in result[:3]) + 300,,"[ 1.16231275e+00 -7.27681398e-01 -9.66961920e-01  1.21326602e+00
  1.30872273e+00 -8.97006094e-01 -1",0.031,1790414138.457
3026,02_numeric_values_maybe_const,get_prob,"arr = [2, 3, 5, 7, 11, 13, 17, 19]",,0.40895525,0.031,1790414138.535
3027,02_numeric_values_maybe_const,get_prob,    if item % 4 == 1:,,0.3820121,0.031,1790414138.582
3028,02_numeric_values_maybe_const,get_prob,    if item % 4 == 1:,,0.3820121,0.031,1790414138.629
3029,02_numeric_values_maybe_const,get_prob,        new_arr.append(2),,0.32641992,0.031,1790414138.691
3030,02_numeric_values_maybe_const,get_prob,"    result += str(3) + ','",,0.41789338,0.031,1790414138.738
3031,02_numeric_values_maybe_const,get_prob,print(sum([p for p in primes if p >= 10])),,0.33837602,0.031,1790414138.785
3032,02_numeric_values_maybe_const,get_prob,print(max([p for p in primes if p % 3 == 2])),,0.36235997,0.031,1790414138.847
3033,02_numeric_values_maybe_const,get_prob,print(min([p for p in primes if p % 3 == 1])),,0.35568628,0.031,1790414138.894
3034,02_numeric_values_maybe_const,get_prob,print(all([p % 2 == 1 for p in primes])),,0.3351218,0.031,1790414138.941
3035,02_numeric_values_maybe_const,get_prob,print(any([p % 2 == 1 for p in primes])),,0.32732958,0.031,1790414139.004
3036,02_numeric_values_maybe_const,get_prob,print(sum(p for p in primes if p >= 10)),,0.3413143,0.031,1790414139.05
3037,02_numeric_values_maybe_const,get_prob,print(max(p for p in primes if p % 3 == 2)),,0.37001535,0.047,1790414139.113
3038,02_numeric_values_maybe_const,get_prob,print(min(p for p in primes if p % 3 == 1)),,0.36371708,0.031,1790414139.16
3039,02_numeric_values_maybe_const,get_prob,print(all(p % 2 == 1 for p in primes)),,0.3409894,0.031,1790414139.207
3040,02_numeric_values_maybe_const,get_prob,print(any(p % 2 == 1 for p in primes)),,0.33148688,0.047,1790414139.269
3041,02_numeric_values_maybe_const,get_prob,if test >= 100:,,0.41516334,0.031,1790414139.316
3042,02_numeric_values_maybe_const,get_prob,elif test >= 75:,,0.42221576,0.031,1790414139.363
3043,02_numeric_values_maybe_const,get_prob,elif test >= 50:,,0.43315393,0.031,1790414139.41
3044,02_numeric_values_maybe_const,get_prob,if test_abc >= 100:,,0.42404202,0.031,1790414139.472
3045,02_numeric_values_maybe_const,get_prob,elif test >= 75:,,0.42221576,0.031,1790414139.519
3046,02_numeric_values_maybe_const,get_prob,elif test_abc >= 50:,,0.43102995,0.031,1790414139.566
3047,02_numeric_values_maybe_const,get_prob,if test_def >= 100:,,0.40812612,0.031,1790414139.629
3048,02_numeric_values_maybe_const,get_prob,elif test_def >= 75:,,0.42359844,0.031,1790414139.675
3049,02_numeric_values_maybe_const,get_prob,elif test_def >= 50:,,0.42536375,0.031,1790414139.722
3050,02_numeric_values_maybe_const,get_prob,if test >= 100 and True:,,0.37624112,0.031,1790414139.785
3051,02_numeric_values_maybe_const,get_prob,elif test <= 75 and False:,,0.37699285,0.031,1790414139.832
3052,02_numeric_values_maybe_const,get_prob,"numbers = [1, 2, 3, -4, 5]",,0.3768634,0.031,1790414139.879
3053,02_numeric_values_maybe_const,get_prob,"scores = [85, 92, 78]",,0.36913612,0.031,1790414139.941
3054,02_numeric_values_maybe_const,get_prob,"values = [101, ""John"", ""Admin""]",,0.3248916,0.031,1790414139.988
3055,02_numeric_values_maybe_const,get_prob,for itertool1 in range(100):,,0.35598257,0.031,1790414140.035
3056,02_numeric_values_maybe_const,get_prob,        print(400),,0.4517014,0.031,1790414140.097
3057,02_numeric_values_maybe_const,get_prob,sentence = '123',,0.41354498,0.031,1790414140.144
3058,02_numeric_values_maybe_const,get_prob,    print(2),,0.35114858,0.031,1790414140.191
3059,02_numeric_values_maybe_const,get_prob,    print(3),,0.3479268,0.031,1790414140.254
3060,02_numeric_values_maybe_const,get_prob,    print(4),,0.3672238,0.031,1790414140.301
3061,02_numeric_values_maybe_const,get_prob,    print(5),,0.34594753,0.031,1790414140.347
3062,02_numeric_values_maybe_const,get_prob,    print(6),,0.37231678,0.031,1790414140.41
3063,02_numeric_values_maybe_const,get_prob,    print(7),,0.35901138,0.031,1790414140.457
3064,02_numeric_values_maybe_const,get_prob,    print(8),,0.3772413,0.031,1790414140.504
3065,02_numeric_values_maybe_const,get_prob,"scores = [100, 85, 90, 100, 75, 100]",,0.39667702,0.031,1790414140.566
3066,02_numeric_values_maybe_const,get_prob,perfect_scores = len([score for score in scores if score == 100]),,0.34155777,0.031,1790414140.613
3067,02_numeric_values_maybe_const,get_prob,target = 40,,0.4464318,0.047,1790414140.676
3068,02_numeric_values_maybe_const,get_prob,"numbers = [10, 20, 30, 40, 50]",,0.3961862,0.031,1790414140.722
3069,02_numeric_values_maybe_const,get_prob,for i in range(1000):,,0.36119625,0.031,1790414140.769
3070,02_numeric_values_maybe_const,get_prob,result = result[:-2]  # 마지막 쉼표 제거,,0.39782444,0.047,1790414140.832
3071,02_numeric_values_maybe_const,get_prob,"numbers = [1, 2, 3, 4, 5]",,0.3566206,0.031,1790414140.879
3072,02_numeric_values_maybe_const,get_prob,    if num % 2 != 0:  # 홀수만 골라서 변환,,0.42758906,0.031,1790414140.926
3073,02_numeric_values_maybe_const,get_prob,a = sum(len(line) for line in result[:3]),,0.34996167,0.047,1790414140.988
3074,02_numeric_values_maybe_const,get_prob,d = sum(len(line) for line in result[:3]) + 300,,0.3476906,0.031,1790414141.035
3075,02_numeric_values_twice,get_embedding,"my_list = [10, 20, 30]",,"[ 1.82098642e-01 -4.60887775e-02 -6.87313676e-01  1.02531707e+00
 -2.90195793e-01  8.23592842e-01 -1",0.031,1790414141.097
3076,02_numeric_values_twice,get_embedding,"my_list = [10, 20, 30]",,"[ 1.82098642e-01 -4.60887775e-02 -6.87313676e-01  1.02531707e+00
 -2.90195793e-01  8.23592842e-01 -1",0.031,1790414141.16
3077,02_numeric_values_twice,get_embedding,c = my_list[2],,"[ 1.04878974e+00 -2.68910021e-01 -4.67161328e-01  1.09354150e+00
 -1.36132395e+00 -5.76574430e-02 -5",0.031,1790414141.207
3078,02_numeric_values_twice,get_embedding,c = my_list[2],,"[ 1.04878974e+00 -2.68910021e-01 -4.67161328e-01  1.09354150e+00
 -1.36132395e+00 -5.76574430e-02 -5",0.031,1790414141.269
3079,02_numeric_values_twice,get_embedding,"my_list = [1, 2, 3, 4, 5]",,"[ 5.45093298e-01  3.40393245e-01 -1.07895756e+00  8.06890368e-01
  1.17264703e-01  1.79113895e-01 -1",0.031,1790414141.332
3080,02_numeric_values_twice,get_embedding,# 2. unpacking case 2,,"[ 1.68652511e+00 -3.05592209e-01 -9.88709331e-01  4.03092027e-01
 -1.01855004e+00  4.85041499e-01 -7",0.031,1790414141.379
3081,02_numeric_values_twice,get_embedding,"values[0], values[1], values[2] = list([10, 20, 30])",,"[ 1.34137362e-01 -6.62279546e-01  3.32067579e-01  1.25616980e+00
 -1.09210610e+00  4.84045595e-01 -1",0.031,1790414141.441
3082,02_numeric_values_twice,get_embedding,"# 결과: values는 [10, 20, 30]이 됩니다.",,"[ 9.98620749e-01 -1.09387851e+00  2.46123120e-01  1.44969308e+00
  1.03980333e-01  1.24115717e+00 -2",0.047,1790414141.504
3083,02_numeric_values_twice,get_embedding,"aaa, bbb, ccc = list([10, 30, 50])",,"[ 5.40951967e-01  1.40985966e+00 -9.24418569e-01  1.01277268e+00
 -1.22333872e+00  1.06119823e+00 -1",0.031,1790414141.566
3084,02_numeric_values_twice,get_embedding,"    position[0], position[1] = list([150, 240])",,"[-2.38152003e+00 -1.04454553e+00  1.30650532e+00  9.20696676e-01
 -3.99118781e-01  8.00025165e-02 -7",0.031,1790414141.613
3085,02_numeric_values_twice,get_embedding,"    position[0], position[1] = list([150, 240])",,"[-2.38152003e+00 -1.04454553e+00  1.30650532e+00  9.20696676e-01
 -3.99118781e-01  8.00025165e-02 -7",0.031,1790414141.676
3086,02_numeric_values_twice,get_embedding,"    # 결과: position은 [150, 240]이 됩니다.",,"[-1.24765766e+00 -1.79817820e+00  3.39490533e-01  5.35461962e-01
  7.42771864e-01 -3.80039901e-01 -1",0.047,1790414141.738
3087,02_numeric_values_twice,get_embedding,"    rgb_color[0], rgb_color[1], rgb_color[2] = list([255, 128, 64])",,"[ 6.12971246e-01 -1.52963948e+00  1.99711502e+00  1.79429138e+00
 -5.78161597e-01  2.99747419e+00 -1",0.031,1790414141.801
3088,02_numeric_values_twice,get_embedding,"    rgb_color[0], rgb_color[1], rgb_color[2] = [255, 128, 64]",,"[ 4.59740430e-01 -1.73882318e+00  2.26095843e+00  1.81168449e+00
 -4.13580954e-01  3.15533495e+00 -2",0.031,1790414141.848
3089,02_numeric_values_twice,get_embedding,"    # 결과: rgb_color는 [255, 128, 64]가 됩니다.",,"[ 2.32864857e+00 -1.46867251e+00  1.59381747e+00  1.39849353e+00
 -6.99731946e-01  2.42938828e+00 -3",0.031,1790414141.91
3090,02_numeric_values_twice,get_embedding,# 2. open file,,"[ 1.82435894e+00 -4.18776512e-01  1.74361145e+00 -4.97267008e-01
  7.58127391e-01  5.48300326e-01 -1",0.031,1790414141.973
3091,02_numeric_values_twice,get_embedding,# 3. key=lambda -> itemgetter,,"[-1.36814654e-01 -5.12419999e-01 -2.36961651e+00  2.10595918e+00
 -2.24416471e+00  3.58106047e-01 -1",0.031,1790414142.035
3092,02_numeric_values_twice,get_embedding,# 4. check f-string,,"[ 1.97209632e+00  5.47798812e-01  8.14133525e-01 -6.39954567e-01
 -5.79561949e-01  1.02165127e+00 -8",0.031,1790414142.082
3093,02_numeric_values_twice,get_embedding,g = int('123') + numeric,,"[ 1.57765937e+00  3.88757080e-01  7.02860236e-01 -6.36845231e-01
 -1.96519053e+00  3.31558275e+00 -1",0.031,1790414142.144
3094,02_numeric_values_twice,get_embedding,"h = numeric + (int(""123""))",,"[ 1.76800239e+00  1.00325334e+00  9.88878429e-01  6.23720288e-01
 -1.78964579e+00  2.64601326e+00 -1",0.031,1790414142.207
3095,02_numeric_values_twice,get_embedding,# 5. collections & itertools use,,"[ 1.76074553e+00 -1.19455481e+00 -6.88090146e-01  4.94868010e-01
 -6.17334187e-01 -1.21850920e+00 -6",0.031,1790414142.269
3096,02_numeric_values_twice,get_embedding,## 5-1. collections (빈도수),,"[ 3.20093960e-01 -6.06419146e-01 -1.10476875e+00  1.42329311e+00
 -2.76512951e-01 -4.82894555e-02 -9",0.031,1790414142.316
3097,02_numeric_values_twice,get_embedding,## 5-2. itertools.chain,,"[ 9.47784960e-01 -5.91785789e-01 -8.71353924e-01  8.68026733e-01
  1.07305668e-01 -8.40826511e-01 -4",0.031,1790414142.379
3098,02_numeric_values_twice,get_embedding,"matrix = [[1, 2], [3, 4], [5, 6]]",,"[ 4.15806949e-01 -1.66734850e+00  2.50304610e-01  1.23873961e+00
 -4.45830911e-01  8.99290562e-01 -7",0.031,1790414142.441
3099,02_numeric_values_twice,get_embedding,"my_list = [1, 2]",,"[ 8.99518251e-01  5.24098754e-01 -7.31693208e-01  7.30922163e-01
 -5.23668349e-01 -3.56317908e-01 -1",0.031,1790414142.504
3100,02_numeric_values_twice,get_embedding,"my_tuple = (3, 4)",,"[ 1.18284810e+00  4.01189119e-01 -1.50965273e-01  1.17563200e+00
 -1.53918457e+00  9.07431841e-01 -7",0.031,1790414142.551
3101,02_numeric_values_twice,get_embedding,"my_set = {5, 6}",,"[ 2.75728017e-01  8.79368335e-02 -1.76511085e+00  1.03701735e+00
 -7.94951856e-01 -1.35888147e+00 -1",0.031,1790414142.613
3102,02_numeric_values_twice,get_embedding,"dict_a = {'a': 1, 'b': 2}",,"[ 1.00083756e+00  8.77779186e-01 -5.71477056e-01  1.09816730e+00
 -2.68759155e+00  5.63229859e-01 -9",0.047,1790414142.676
3103,02_numeric_values_twice,get_embedding,"dict_b = {'c': 3, 'd': 4}",,"[ 9.88873720e-01  1.01910162e+00 -1.36661991e-01  1.04775119e+00
 -2.07951689e+00  1.07566929e+00 -6",0.031,1790414142.738
3104,02_numeric_values_twice,get_embedding,## 5-3. glob.glob 사용 (파일 경로명 조건 리스트),,"[ 1.18104368e-01 -8.33493292e-01 -6.55630529e-01  1.14918840e+00
 -3.57858181e-01 -5.11024773e-01  1",0.031,1790414142.785
3105,02_numeric_values_twice,get_embedding,# 6. func args bindable,,"[ 1.05975342e+00 -2.87357658e-01  7.58831128e-02  1.12328100e+00
 -3.62956196e-01  8.45322371e-01 -2",0.031,1790414142.847
3106,02_numeric_values_twice,get_embedding,# 7. attribute getattr,,"[ 1.48354441e-01 -1.45364189e+00  1.24962723e+00 -4.72666204e-01
 -1.65605974e+00  2.84371674e-01 -2",0.031,1790414142.91
3107,02_numeric_values_twice,get_embedding,# 7. attribute getattr,,"[ 1.48354441e-01 -1.45364189e+00  1.24962723e+00 -4.72666204e-01
 -1.65605974e+00  2.84371674e-01 -2",0.031,1790414142.972
3108,02_numeric_values_twice,get_embedding,# 8. re anti-patterns,,"[-5.05802035e-01 -1.67117283e-01 -3.23171854e-01  5.27834296e-02
 -6.87077165e-01 -7.69364238e-01 -1",0.031,1790414143.019
3109,02_numeric_values_twice,get_embedding,# 8. re anti-patterns,,"[-5.05802035e-01 -1.67117283e-01 -3.23171854e-01  5.27834296e-02
 -6.87077165e-01 -7.69364238e-01 -1",0.031,1790414143.082
3110,02_numeric_values_twice,get_embedding,# 2. re.match,,"[ 1.96653712e+00 -8.23535025e-03 -7.02140749e-01  4.55676168e-01
 -1.60084999e+00 -5.42416811e-01 -8",0.031,1790414143.144
3111,02_numeric_values_twice,get_embedding,# 3. re.search,,"[ 1.45512581e+00 -8.18672299e-01 -6.58418298e-01 -1.97751746e-02
 -7.52292097e-01 -7.59170651e-01 -7",0.031,1790414143.191
3112,02_numeric_values_twice,get_embedding,# 4. re.fullmatch,,"[ 1.48615205e+00  3.84558320e-01 -2.29830265e-01 -3.34755421e-01
 -1.02041066e+00 -8.57817233e-01 -1",0.031,1790414143.254
3113,02_numeric_values_twice,get_embedding,# 5. re.findall,,"[ 9.03958440e-01 -1.14022517e+00 -1.19937050e+00  2.64361113e-01
 -1.28923190e+00 -1.36035919e+00 -9",0.047,1790414143.316
3114,02_numeric_values_twice,get_embedding,# 6. re.finditer,,"[ 1.04202104e+00 -9.60760951e-01 -7.70729840e-01 -1.25265837e-01
 -4.63490218e-01 -8.14091146e-01 -4",0.031,1790414143.379
3115,02_numeric_values_twice,get_embedding,# 7. re.split,,"[ 2.11971688e+00 -1.57030314e-01 -7.85402298e-01  5.13072014e-01
 -1.52697110e+00 -5.83933666e-02 -1",0.031,1790414143.426
3116,02_numeric_values_twice,get_embedding,# 8. re.sub,,"[ 9.96420324e-01  6.88832775e-02  2.80443370e-01  2.27449358e-01
 -1.80442297e+00 -2.56248921e-01 -1",0.031,1790414143.488
3117,02_numeric_values_twice,get_embedding,"f = lambda x: pow(x, 2)",,"[ 1.38790131e+00  4.79335189e-01 -8.83366987e-02  8.13218951e-01
 -1.82152379e+00  1.80853570e+00 -7",0.031,1790414143.551
3118,02_numeric_values_twice,get_embedding,"    return function1(1) + function2(1, 2) + function3(1, 2, 3)",,"[ 1.88736045e+00  9.42681193e-01 -1.21265721e+00  1.92334068e+00
 -9.91607130e-01  4.82230872e-01 -4",0.031,1790414143.613
3119,02_numeric_values_twice,get_embedding,"    function1=lambda x: pow(x, 2),",,"[ 1.38696980e+00  2.69558698e-01  6.59543455e-01  1.43260062e+00
 -1.53130162e+00  1.19606853e+00 -1",0.031,1790414143.66
3120,02_numeric_values_twice,get_embedding,# 10. prefix & suffix,,"[ 1.46259117e+00 -1.78109095e-01 -1.40125096e-01 -1.02142178e-01
 -2.16719604e+00  1.25352240e+00 -9",0.031,1790414143.723
3121,02_numeric_values_twice,get_embedding,if test_str[:2] == 'ab':,,"[ 1.33994925e+00  4.15767163e-01  9.15315300e-02 -3.22245181e-01
 -1.43013823e+00  2.84698546e-01 -9",0.031,1790414143.785
3122,02_numeric_values_twice,get_embedding,if test_str[:4] == 'abcd':,,"[ 1.01332939e+00  2.45587707e-01  3.27895105e-01  1.10524274e-01
 -1.47338164e+00  3.62137035e-02 -8",0.031,1790414143.848
3123,02_numeric_values_twice,get_embedding,    print(2),,"[ 1.15608573e+00  5.60091078e-01  1.44254494e+00  1.48407459e+00
 -7.72115529e-01  1.17962801e+00 -1",0.031,1790414143.894
3124,02_numeric_values_twice,get_embedding,if test_str[-2:] == 'gh':,,"[ 1.35813904e+00  7.49403238e-01  1.32545441e-01 -6.70148134e-01
 -1.28596091e+00  1.49454963e+00 -7",0.031,1790414143.957
3125,02_numeric_values_twice,get_embedding,    print(3),,"[ 1.32693875e+00  3.54483813e-01  1.07444751e+00  1.74674284e+00
 -5.84693611e-01  1.33052039e+00 -1",0.047,1790414144.019
3126,02_numeric_values_twice,get_embedding,if test_str[-3:] == 'fgh':,,"[ 1.44642341e+00 -1.12075925e+00  4.33776379e-02 -8.02331388e-01
 -1.12685752e+00  9.62840855e-01 -8",0.031,1790414144.082
3127,02_numeric_values_twice,get_embedding,    print(4),,"[ 1.32122362e+00 -1.50665969e-01  1.16272724e+00  1.80120862e+00
 -8.59965861e-01  1.23708403e+00 -1",0.031,1790414144.129
3128,02_numeric_values_twice,get_embedding,    print(5),,"[ 1.59525228e+00  2.50609845e-01  1.02138901e+00  1.94570053e+00
 -4.81983125e-01  8.65402102e-01 -1",0.031,1790414144.191
3129,02_numeric_values_twice,get_embedding,if test_str[len(test_str) - 2:] == 'gh':,,"[ 1.36559880e+00  5.18465221e-01  5.72767615e-01 -6.01675034e-01
 -1.41631377e+00  1.63365865e+00 -8",0.031,1790414144.254
3130,02_numeric_values_twice,get_embedding,    print(6),,"[ 1.50920784e+00  2.11391538e-01  7.32979655e-01  1.80677235e+00
 -1.64901823e-01  6.28832698e-01 -1",0.031,1790414144.316
3131,02_numeric_values_maybe_const,get_prob,"my_list = [10, 20, 30]",,0.36157188,0.031,1790414144.394
3132,02_numeric_values_maybe_const,get_prob,c = my_list[2],,0.35908908,0.031,1790414144.441
3133,02_numeric_values_maybe_const,get_prob,"my_list = [1, 2, 3, 4, 5]",,0.3697202,0.031,1790414144.488
3134,02_numeric_values_maybe_const,get_prob,# 2. unpacking case 2,,0.33957365,0.031,1790414144.551
3135,02_numeric_values_maybe_const,get_prob,"values[0], values[1], values[2] = list([10, 20, 30])",,0.3796168,0.031,1790414144.598
3136,02_numeric_values_maybe_const,get_prob,"# 결과: values는 [10, 20, 30]이 됩니다.",,0.37986112,0.031,1790414144.66
3137,02_numeric_values_maybe_const,get_prob,"aaa, bbb, ccc = list([10, 30, 50])",,0.38810498,0.031,1790414144.707
3138,02_numeric_values_maybe_const,get_prob,"    position[0], position[1] = list([150, 240])",,0.43471408,0.031,1790414144.754
3139,02_numeric_values_maybe_const,get_prob,"    # 결과: position은 [150, 240]이 됩니다.",,0.48175338,0.031,1790414144.816
3140,02_numeric_values_maybe_const,get_prob,"    rgb_color[0], rgb_color[1], rgb_color[2] = list([255, 128, 64])",,0.4041438,0.031,1790414144.863
3141,02_numeric_values_maybe_const,get_prob,"    rgb_color[0], rgb_color[1], rgb_color[2] = [255, 128, 64]",,0.4079559,0.031,1790414144.91
3142,02_numeric_values_maybe_const,get_prob,"    # 결과: rgb_color는 [255, 128, 64]가 됩니다.",,0.43850058,0.031,1790414144.972
3143,02_numeric_values_maybe_const,get_prob,# 2. open file,,0.3643364,0.031,1790414145.019
3144,02_numeric_values_maybe_const,get_prob,# 3. key=lambda -> itemgetter,,0.35972667,0.031,1790414145.082
3145,02_numeric_values_maybe_const,get_prob,# 4. check f-string,,0.33000743,0.031,1790414145.129
3146,02_numeric_values_maybe_const,get_prob,c = key_name + '21345',,0.35828018,0.031,1790414145.176
3147,02_numeric_values_maybe_const,get_prob,"d = key_name + ""13456""",,0.3740418,0.031,1790414145.238
3148,02_numeric_values_maybe_const,get_prob,"e = ""a"" + ""bb"" + ""ccc"" + str(1234)",,0.39899567,0.031,1790414145.285
3149,02_numeric_values_maybe_const,get_prob,g = int('123') + numeric,,0.3712506,0.047,1790414145.347
3150,02_numeric_values_maybe_const,get_prob,"h = numeric + (int(""123""))",,0.36015558,0.031,1790414145.394
3151,02_numeric_values_maybe_const,get_prob,# 5. collections & itertools use,,0.35389358,0.031,1790414145.441
3152,02_numeric_values_maybe_const,get_prob,## 5-1. collections (빈도수),,0.33137193,0.031,1790414145.504
3153,02_numeric_values_maybe_const,get_prob,## 5-2. itertools.chain,,0.34391436,0.031,1790414145.551
3154,02_numeric_values_maybe_const,get_prob,"matrix = [[1, 2], [3, 4], [5, 6]]",,0.43920034,0.031,1790414145.597
3155,02_numeric_values_maybe_const,get_prob,"my_list = [1, 2]",,0.33851245,0.031,1790414145.66
3156,02_numeric_values_maybe_const,get_prob,"my_tuple = (3, 4)",,0.40001586,0.031,1790414145.707
3157,02_numeric_values_maybe_const,get_prob,"my_set = {5, 6}",,0.33580172,0.031,1790414145.754
3158,02_numeric_values_maybe_const,get_prob,"dict_a = {'a': 1, 'b': 2}",,0.3507896,0.031,1790414145.816
3159,02_numeric_values_maybe_const,get_prob,"dict_b = {'c': 3, 'd': 4}",,0.35536337,0.031,1790414145.863
3160,02_numeric_values_maybe_const,get_prob,## 5-3. glob.glob 사용 (파일 경로명 조건 리스트),,0.39350295,0.047,1790414145.926
3161,02_numeric_values_maybe_const,get_prob,# 6. func args bindable,,0.36459526,0.031,1790414145.972
3162,02_numeric_values_maybe_const,get_prob,# 7. attribute getattr,,0.4223021,0.031,1790414146.019
3163,02_numeric_values_maybe_const,get_prob,# 8. re anti-patterns,,0.33495924,0.031,1790414146.082
3164,02_numeric_values_maybe_const,get_prob,"text = ""Hello 123 World\nNext Line\tTabbed""",,0.34553897,0.031,1790414146.129
3165,02_numeric_values_maybe_const,get_prob,# 2. re.match,,0.3005927,0.047,1790414146.191
3166,02_numeric_values_maybe_const,get_prob,# 3. re.search,,0.27678302,0.031,1790414146.238
3167,02_numeric_values_maybe_const,get_prob,# 4. re.fullmatch,,0.30672145,0.031,1790414146.285
3168,02_numeric_values_maybe_const,get_prob,# 5. re.findall,,0.31490827,0.031,1790414146.347
3169,02_numeric_values_maybe_const,get_prob,# 6. re.finditer,,0.3352263,0.031,1790414146.394
3170,02_numeric_values_maybe_const,get_prob,# 7. re.split,,0.32414952,0.031,1790414146.441
3171,02_numeric_values_maybe_const,get_prob,# 8. re.sub,,0.29851174,0.031,1790414146.504
3172,02_numeric_values_maybe_const,get_prob,# 9. f = lambda x: ... -> def f(x): return ...,,0.3092764,0.031,1790414146.551
3173,02_numeric_values_maybe_const,get_prob,"f = lambda x: pow(x, 2)",,0.34923515,0.031,1790414146.613
3174,02_numeric_values_maybe_const,get_prob,"    return function1(1) + function2(1, 2) + function3(1, 2, 3)",,0.3583361,0.031,1790414146.66
3175,02_numeric_values_maybe_const,get_prob,"    function1=lambda x: pow(x, 2),",,0.35996568,0.047,1790414146.723
3176,02_numeric_values_maybe_const,get_prob,# 10. prefix & suffix,,0.32868156,0.031,1790414146.769
3177,02_numeric_values_maybe_const,get_prob,if test_str[:2] == 'ab':,,0.37086812,0.031,1790414146.816
3178,02_numeric_values_maybe_const,get_prob,if test_str[:4] == 'abcd':,,0.38800374,0.031,1790414146.879
3179,02_numeric_values_maybe_const,get_prob,    print(2),,0.35114858,0.031,1790414146.926
3180,02_numeric_values_maybe_const,get_prob,if test_str[-2:] == 'gh':,,0.3831157,0.031,1790414146.973
3181,02_numeric_values_maybe_const,get_prob,    print(3),,0.3479268,0.031,1790414147.035
3182,02_numeric_values_maybe_const,get_prob,if test_str[-3:] == 'fgh':,,0.37909204,0.031,1790414147.082
3183,02_numeric_values_maybe_const,get_prob,    print(4),,0.3672238,0.047,1790414147.144
3184,02_numeric_values_maybe_const,get_prob,    print(5),,0.34594753,0.031,1790414147.191
3185,02_numeric_values_maybe_const,get_prob,if test_str[len(test_str) - 2:] == 'gh':,,0.37109333,0.031,1790414147.238
3186,02_numeric_values_maybe_const,get_prob,    print(6),,0.37231678,0.031,1790414147.301
3187,02_numeric_values_twice,get_embedding,# 2. function-related errors,,"[ 7.46293366e-01  1.39515138e+00  1.88402712e-01  9.64797139e-01
 -1.09078920e+00 -1.37709454e-01 -9",0.031,1790414147.363
3188,02_numeric_values_twice,get_embedding,# 2. function-related errors,,"[ 7.46293366e-01  1.39515138e+00  1.88402712e-01  9.64797139e-01
 -1.09078920e+00 -1.37709454e-01 -9",0.031,1790414147.41
3189,02_numeric_values_twice,get_embedding,# 3. assertion을 exception handling으로 사용,,"[ 7.89492130e-01  2.31315717e-01 -3.29703301e-01  1.09467018e+00
  1.41629100e-01  3.60774696e-01 -9",0.031,1790414147.473
3190,02_numeric_values_twice,get_embedding,# 3. assertion을 exception handling으로 사용,,"[ 7.89492130e-01  2.31315717e-01 -3.29703301e-01  1.09467018e+00
  1.41629100e-01  3.60774696e-01 -9",0.047,1790414147.535
3191,02_numeric_values_twice,get_embedding,# 4. Python 예약어를 변수명이나 함수의 인수명으로 사용하지 않는다.,,"[ 1.02952099e+00 -1.78379643e+00  5.90924144e-01  9.87800062e-01
 -7.01599598e-01  9.15355444e-01 -9",0.031,1790414147.598
3192,02_numeric_values_twice,get_embedding,# 4. Python 예약어를 변수명이나 함수의 인수명으로 사용하지 않는다.,,"[ 1.02952099e+00 -1.78379643e+00  5.90924144e-01  9.87800062e-01
 -7.01599598e-01  9.15355444e-01 -9",0.031,1790414147.644
3193,02_numeric_values_twice,get_embedding,"    # 4~6: 지역 변수명(Variable)으로 내장 타입/함수명을 잘못 사용한 예시 (str, int, sum)",,"[ 2.07242131e+00 -5.92135251e-01  5.21105826e-01  1.33255696e+00
 -9.15242195e-01  8.57263148e-01 -1",0.031,1790414147.707
3194,02_numeric_values_twice,get_embedding,"result = calculate_items(id=101, list=[1, 2, 3], print=""출력값역할"")",,"[ 1.00762272e+00 -8.46069872e-01 -1.96661222e+00  1.25397289e+00
  1.18487668e+00 -3.16890895e-01 -1",0.047,1790414147.769
3195,02_numeric_values_maybe_const,get_prob,# 2. function-related errors,,0.3276539,0.031,1790414147.832
3196,02_numeric_values_maybe_const,get_prob,"def func_test(a: int = 1, b: float = 2.0):",,0.35828424,0.031,1790414147.879
3197,02_numeric_values_maybe_const,get_prob,# 3. assertion을 exception handling으로 사용,,0.33846176,0.031,1790414147.926
3198,02_numeric_values_maybe_const,get_prob,# 4. Python 예약어를 변수명이나 함수의 인수명으로 사용하지 않는다.,,0.39416587,0.031,1790414147.988
3199,02_numeric_values_maybe_const,get_prob,"    # 4~6: 지역 변수명(Variable)으로 내장 타입/함수명을 잘못 사용한 예시 (str, int, sum)",,0.47338107,0.031,1790414148.035
3200,02_numeric_values_maybe_const,get_prob,    int = 10,,0.331374,0.031,1790414148.097
3201,02_numeric_values_maybe_const,get_prob,"result = calculate_items(id=101, list=[1, 2, 3], print=""출력값역할"")",,0.40054786,0.031,1790414148.144
3202,02_numeric_values_maybe_const,get_prob,dict = 333,,0.37863314,0.031,1790414148.191
3203,02_numeric_values_maybe_const,get_prob,abs = 123,,0.36110055,0.031,1790414148.254
3204,02_numeric_values_twice,get_embedding,# 함수 호출 (매번 4개의 인수를 똑같이 넘겨야 함),,"[ 1.87022328e+00 -1.29217911e+00  6.22865856e-01  2.09063578e+00
 -4.68682684e-02  1.72335947e+00 -1",0.031,1790414148.316
3205,02_numeric_values_twice,get_embedding,# 함수 호출 (매번 4개의 인수를 똑같이 넘겨야 함),,"[ 1.87022328e+00 -1.29217911e+00  6.22865856e-01  2.09063578e+00
 -4.68682684e-02  1.72335947e+00 -1",0.031,1790414148.379
3206,02_numeric_values_twice,get_embedding,# 2. 상태 값으로 판단되는 값을 조건으로 하여 body가 1줄 정도의 일정한 패턴인 if-elif-else 처리가 있는 경우,,"[ 1.30205798e+00 -4.60022449e-01 -1.92110777e-01  1.54927886e+00
  8.69206786e-01  3.28214347e-01 -1",0.031,1790414148.426
3207,02_numeric_values_twice,get_embedding,# 2. 상태 값으로 판단되는 값을 조건으로 하여 body가 1줄 정도의 일정한 패턴인 if-elif-else 처리가 있는 경우,,"[ 1.30205798e+00 -4.60022449e-01 -1.92110777e-01  1.54927886e+00
  8.69206786e-01  3.28214347e-01 -1",0.031,1790414148.488
3208,02_numeric_values_twice,get_embedding,"# 3. 객체의 인터페이스 공개용이 아닌 (= 클래스 내부에서만 쓰이는) 속성, 메서드에 접두사 _ 있을때 호출",,"[ 5.99501193e-01 -1.17840922e+00 -4.67834920e-01  1.48563966e-01
  1.62988499e-01  4.21249986e-01 -5",0.031,1790414148.551
3209,02_numeric_values_twice,get_embedding,"# 3. 객체의 인터페이스 공개용이 아닌 (= 클래스 내부에서만 쓰이는) 속성, 메서드에 접두사 _ 있을때 호출",,"[ 5.99501193e-01 -1.17840922e+00 -4.67834920e-01  1.48563966e-01
  1.62988499e-01  4.21249986e-01 -5",0.031,1790414148.613
3210,02_numeric_values_twice,get_embedding,"my_list = CustomList([1, 2, 3, 4, 5])",,"[ 5.58398068e-01  4.97850925e-01 -1.29277599e+00  1.15260315e+00
  3.87476534e-01  5.46272755e-01 -1",0.031,1790414148.676
3211,02_numeric_values_twice,get_embedding,print(len(my_list))          # 출력: 5,,"[ 1.42173648e+00 -3.36080492e-01 -6.34425879e-01  1.49616849e+00
  1.48331797e+00  2.79428400e-02 -1",0.031,1790414148.722
3212,02_numeric_values_twice,get_embedding,print(my_list.__len__())     # 출력: 5,,"[ 1.12882650e+00 -1.41941041e-01 -8.69070649e-01  1.68673766e+00
  8.78399849e-01 -3.92691433e-01 -1",0.031,1790414148.785
3213,02_numeric_values_maybe_const,get_prob,        shipping_fee = 5000,,0.39490142,0.031,1790414148.847
3214,02_numeric_values_maybe_const,get_prob,        shipping_fee = 3000,,0.4093866,0.031,1790414148.894
3215,02_numeric_values_maybe_const,get_prob,# 함수 호출 (매번 4개의 인수를 똑같이 넘겨야 함),,0.46319726,0.047,1790414148.957
3216,02_numeric_values_maybe_const,get_prob,price = 1200000,,0.4768339,0.031,1790414149.004
3217,02_numeric_values_maybe_const,get_prob,# 2. 상태 값으로 판단되는 값을 조건으로 하여 body가 1줄 정도의 일정한 패턴인 if-elif-else 처리가 있는 경우,,0.4178754,0.031,1790414149.051
3218,02_numeric_values_maybe_const,get_prob,            return price * 0.8,,0.41534787,0.031,1790414149.113
3219,02_numeric_values_maybe_const,get_prob,            return price * 0.9,,0.4200832,0.031,1790414149.16
3220,02_numeric_values_maybe_const,get_prob,            return price * 0.95,,0.40287304,0.031,1790414149.222
3221,02_numeric_values_maybe_const,get_prob,        return price * 0.05,,0.37352005,0.031,1790414149.269
3222,02_numeric_values_maybe_const,get_prob,        return price * 0.08,,0.41515765,0.047,1790414149.332
3223,02_numeric_values_maybe_const,get_prob,        return price * 0.10,,0.388911,0.031,1790414149.379
3224,02_numeric_values_maybe_const,get_prob,"# 3. 객체의 인터페이스 공개용이 아닌 (= 클래스 내부에서만 쓰이는) 속성, 메서드에 접두사 _ 있을때 호출",,0.3980167,0.031,1790414149.426
3225,02_numeric_values_maybe_const,get_prob,"        self.__pin_code = ""1234""",,0.380807,0.031,1790414149.488
3226,02_numeric_values_maybe_const,get_prob,print(phone._Smartphone__pin_code)       # 출력: 1234,,0.41104996,0.031,1790414149.535
3227,02_numeric_values_maybe_const,get_prob,"my_list = CustomList([1, 2, 3, 4, 5])",,0.38636112,0.047,1790414149.597
3228,02_numeric_values_maybe_const,get_prob,print(len(my_list))          # 출력: 5,,0.35564378,0.031,1790414149.644
3229,02_numeric_values_maybe_const,get_prob,print(my_list.__len__())     # 출력: 5,,0.34417346,0.031,1790414149.691
3230,02_numeric_values_maybe_const,get_prob,def order_consumer_ranking():  # line 28 함수와 유사,,0.37481478,0.031,1790414149.754
3231,02_numeric_values_maybe_const,get_prob,# 6개월 후 추가,,0.4029622,0.031,1790414149.801
3232,02_numeric_values_maybe_const,get_prob,def rank_customer():  # line 8 함수와 유사,,0.39723903,0.047,1790414149.863
3233,02_numeric_values_maybe_const,get_prob,    send_welcome_email('123'),,0.30375808,0.031,1790414149.91
3234,04_func_args_bindable,get_prob,original_code,,0.5481914,0.031,1790414166.814
3235,04_func_args_dynamic,get_prob,original_code,,0.6107767,0.031,1790414166.877
3236,04_func_args_bindable,get_prob,final_result_dict,,0.34485084,0.031,1790414166.924
3237,04_func_args_dynamic,get_prob,final_result_dict,,0.61012274,0.031,1790414166.986
3238,04_func_args_bindable,get_prob,original_str,,0.5043061,0.031,1790414167.033
3239,04_func_args_dynamic,get_prob,original_str,,0.7311261,0.047,1790414167.096
3240,04_func_args_bindable,get_prob,line,,0.5694835,0.031,1790414167.143
3241,04_func_args_dynamic,get_prob,line,,0.6735675,0.031,1790414167.189
3242,04_func_args_bindable,get_prob,"py_code,regex,except_comment,except_docstring",,0.5861371,0.031,1790414167.252
3243,04_func_args_dynamic,get_prob,"py_code,regex,except_comment,except_docstring",,0.5506853,0.031,1790414167.299
3244,04_func_args_bindable,get_prob,line,,0.5694835,0.031,1790414167.361
3245,04_func_args_dynamic,get_prob,line,,0.6735675,0.031,1790414167.408
3246,04_func_args_bindable,get_prob,"a,b",,0.6099171,0.031,1790414167.455
3247,04_func_args_dynamic,get_prob,"a,b",,0.4303984,0.031,1790414167.518
3248,04_func_args_bindable,get_prob,"self,py_codes,config,code_path",,0.49387658,0.031,1790414167.564
3249,04_func_args_dynamic,get_prob,"self,py_codes,config,code_path",,0.53746754,0.031,1790414167.627
3250,04_func_args_bindable,get_prob,self,,0.56102926,0.031,1790414167.674
3251,04_func_args_dynamic,get_prob,self,,0.55466247,0.047,1790414167.736
3252,04_func_args_bindable,get_prob,self,,0.56102926,0.031,1790414167.783
3253,04_func_args_dynamic,get_prob,self,,0.55466247,0.031,1790414167.83
3254,04_func_args_bindable,get_prob,self,,0.56102926,0.031,1790414167.893
3255,04_func_args_dynamic,get_prob,self,,0.55466247,0.031,1790414167.94
3256,04_func_args_bindable,get_prob,"self,py_file_path,parsed_py_code,imported_dict",,0.5751282,0.047,1790414168.002
3257,04_func_args_dynamic,get_prob,"self,py_file_path,parsed_py_code,imported_dict",,0.538178,0.031,1790414168.049
3258,04_func_args_bindable,get_prob,"self,py_file_path,parsed_py_code",,0.52866614,0.031,1790414168.096
3259,04_func_args_dynamic,get_prob,"self,py_file_path,parsed_py_code",,0.5651044,0.031,1790414168.158
3260,04_func_args_bindable,get_prob,self,,0.56102926,0.031,1790414168.205
3261,04_func_args_dynamic,get_prob,self,,0.55466247,0.031,1790414168.268
3262,04_func_args_bindable,get_prob,"self,regex,match_func,file_line_match_func,type_name,forward_lines",,0.61525595,0.031,1790414168.315
3263,04_func_args_dynamic,get_prob,"self,regex,match_func,file_line_match_func,type_name,forward_lines",,0.6334983,0.047,1790414168.377
3264,04_func_args_bindable,get_prob,self,,0.56102926,0.031,1790414168.424
3265,04_func_args_dynamic,get_prob,self,,0.55466247,0.031,1790414168.471
3266,04_func_args_bindable,get_prob,"self,additional_check_func",,0.5969819,0.031,1790414168.533
3267,04_func_args_dynamic,get_prob,"self,additional_check_func",,0.57138664,0.031,1790414168.58
3268,04_func_args_bindable,get_prob,"py_file_path,line_no,current_if_elifs,additional_check_func",,0.65288264,0.031,1790414168.643
3269,04_func_args_dynamic,get_prob,"py_file_path,line_no,current_if_elifs,additional_check_func",,0.63488555,0.031,1790414168.69
3270,04_func_args_bindable,get_prob,self,,0.56102926,0.047,1790414168.752
3271,04_func_args_dynamic,get_prob,self,,0.55466247,0.031,1790414168.799
3272,04_func_args_bindable,get_prob,"self,py_codes,config,code_path",,0.49387658,0.031,1790414168.846
3273,04_func_args_dynamic,get_prob,"self,py_codes,config,code_path",,0.53746754,0.031,1790414168.908
3274,04_func_args_bindable,get_prob,"self,file_name_include,item_name",,0.44390625,0.031,1790414168.955
3275,04_func_args_dynamic,get_prob,"self,file_name_include,item_name",,0.6156364,0.031,1790414169.018
3276,04_func_args_bindable,get_prob,self,,0.56102926,0.031,1790414169.064
3277,04_func_args_dynamic,get_prob,self,,0.55466247,0.031,1790414169.127
3278,04_func_args_bindable,get_prob,"self,body_1,body_2",,0.60311955,0.031,1790414169.174
3279,04_func_args_dynamic,get_prob,"self,body_1,body_2",,0.50549304,0.047,1790414169.236
3280,04_func_args_bindable,get_prob,self,,0.56102926,0.031,1790414169.283
3281,04_func_args_dynamic,get_prob,self,,0.55466247,0.031,1790414169.33
3282,04_func_args_bindable,get_prob,self,,0.56102926,0.031,1790414169.393
3283,04_func_args_dynamic,get_prob,self,,0.55466247,0.031,1790414169.439
3284,04_func_args_bindable,get_prob,self,,0.56102926,0.047,1790414169.502
3285,04_func_args_dynamic,get_prob,self,,0.55466247,0.031,1790414169.549
3286,04_func_args_bindable,get_prob,"self,text_embedding_model,value_dict,only_same,include_same",,0.5747237,0.047,1790414169.611
3287,04_func_args_dynamic,get_prob,"self,text_embedding_model,value_dict,only_same,include_same",,0.5148923,0.031,1790414169.658
3288,04_func_args_bindable,get_prob,"info,py_file_path",,0.45868945,0.047,1790414169.721
3289,04_func_args_dynamic,get_prob,"info,py_file_path",,0.6149517,0.031,1790414169.768
3290,04_func_args_bindable,get_prob,self,,0.56102926,0.031,1790414169.814
3291,04_func_args_dynamic,get_prob,self,,0.55466247,0.031,1790414169.877
3292,04_func_args_bindable,get_prob,self,,0.56102926,0.031,1790414169.924
3293,04_func_args_dynamic,get_prob,self,,0.55466247,0.031,1790414169.986
3294,04_func_args_bindable,get_prob,self,,0.56102926,0.031,1790414170.033
3295,04_func_args_dynamic,get_prob,self,,0.55466247,0.047,1790414170.096
3296,04_func_args_bindable,get_prob,self,,0.56102926,0.031,1790414170.143
3297,04_func_args_dynamic,get_prob,self,,0.55466247,0.031,1790414170.189
3298,04_func_args_bindable,get_prob,self,,0.56102926,0.031,1790414170.252
3299,04_func_args_dynamic,get_prob,self,,0.55466247,0.031,1790414170.299
3300,04_func_args_bindable,get_prob,self,,0.56102926,0.031,1790414170.361
3301,04_func_args_dynamic,get_prob,self,,0.55466247,0.031,1790414170.408
3302,04_func_args_bindable,get_prob,self,,0.56102926,0.047,1790414170.471
3303,04_func_args_dynamic,get_prob,self,,0.55466247,0.031,1790414170.518
3304,04_func_args_bindable,get_prob,self,,0.56102926,0.031,1790414170.564
3305,04_func_args_dynamic,get_prob,self,,0.55466247,0.031,1790414170.627
3306,04_func_args_bindable,get_prob,self,,0.56102926,0.031,1790414170.674
3307,04_func_args_dynamic,get_prob,self,,0.55466247,0.031,1790414170.736
3308,04_func_args_bindable,get_prob,"self,py_codes,config,code_path",,0.49387658,0.031,1790414170.783
3309,04_func_args_dynamic,get_prob,"self,py_codes,config,code_path",,0.53746754,0.031,1790414170.846
3310,04_func_args_bindable,get_prob,self,,0.56102926,0.031,1790414170.893
3311,04_func_args_dynamic,get_prob,self,,0.55466247,0.047,1790414170.955
3312,04_func_args_bindable,get_prob,self,,0.56102926,0.031,1790414171.002
3313,04_func_args_dynamic,get_prob,self,,0.55466247,0.031,1790414171.064
3314,04_func_args_bindable,get_prob,self,,0.56102926,0.031,1790414171.111
3315,04_func_args_dynamic,get_prob,self,,0.55466247,0.031,1790414171.158
3316,04_func_args_bindable,get_prob,self,,0.56102926,0.031,1790414171.221
3317,04_func_args_dynamic,get_prob,self,,0.55466247,0.031,1790414171.267
3318,04_func_args_bindable,get_prob,self,,0.56102926,0.031,1790414171.33
3319,04_func_args_dynamic,get_prob,self,,0.55466247,0.031,1790414171.377
3320,04_func_args_bindable,get_prob,self,,0.56102926,0.031,1790414171.439
3321,04_func_args_dynamic,get_prob,self,,0.55466247,0.031,1790414171.486
3322,04_func_args_bindable,get_prob,"self,py_codes,config,code_path",,0.49387658,0.031,1790414171.533
3323,04_func_args_dynamic,get_prob,"self,py_codes,config,code_path",,0.53746754,0.031,1790414171.596
3324,04_func_args_bindable,get_prob,self,,0.56102926,0.031,1790414171.642
3325,04_func_args_dynamic,get_prob,self,,0.55466247,0.031,1790414171.705
3326,04_func_args_bindable,get_prob,self,,0.56102926,0.031,1790414171.752
3327,04_func_args_dynamic,get_prob,self,,0.55466247,0.031,1790414171.815
3328,04_func_args_bindable,get_prob,self,,0.56102926,0.031,1790414171.861
3329,04_func_args_dynamic,get_prob,self,,0.55466247,0.047,1790414171.924
3330,04_func_args_bindable,get_prob,self,,0.56102926,0.031,1790414171.971
3331,04_func_args_dynamic,get_prob,self,,0.55466247,0.031,1790414172.018
3332,04_func_args_bindable,get_prob,self,,0.56102926,0.031,1790414172.08
3333,04_func_args_dynamic,get_prob,self,,0.55466247,0.031,1790414172.127
3334,04_func_args_bindable,get_prob,self,,0.56102926,0.031,1790414172.189
3335,04_func_args_dynamic,get_prob,self,,0.55466247,0.031,1790414172.236
3336,04_func_args_bindable,get_prob,self,,0.56102926,0.031,1790414172.299
3337,04_func_args_dynamic,get_prob,self,,0.55466247,0.031,1790414172.346
3338,04_func_args_bindable,get_prob,matched,,0.51440907,0.031,1790414172.408
3339,04_func_args_dynamic,get_prob,matched,,0.37915573,0.031,1790414172.455
3340,04_func_args_bindable,get_prob,self,,0.56102926,0.047,1790414172.518
3341,04_func_args_dynamic,get_prob,self,,0.55466247,0.031,1790414172.564
3342,04_func_args_bindable,get_prob,self,,0.56102926,0.031,1790414172.611
3343,04_func_args_dynamic,get_prob,self,,0.55466247,0.031,1790414172.674
3344,04_func_args_bindable,get_prob,self,,0.56102926,0.031,1790414172.721
3345,04_func_args_dynamic,get_prob,self,,0.55466247,0.031,1790414172.783
3346,04_func_args_bindable,get_prob,self,,0.56102926,0.031,1790414172.83
3347,04_func_args_dynamic,get_prob,self,,0.55466247,0.031,1790414172.893
3348,04_func_args_bindable,get_prob,self,,0.56102926,0.031,1790414172.939
3349,04_func_args_dynamic,get_prob,self,,0.55466247,0.031,1790414173.002
3350,04_func_args_bindable,get_prob,self,,0.56102926,0.047,1790414173.064
3351,04_func_args_dynamic,get_prob,self,,0.55466247,0.047,1790414173.127
3352,04_func_args_bindable,get_prob,self,,0.56102926,0.031,1790414173.174
3353,04_func_args_dynamic,get_prob,self,,0.55466247,0.031,1790414173.236
3354,04_func_args_bindable,get_prob,self,,0.56102926,0.031,1790414173.283
3355,04_func_args_dynamic,get_prob,self,,0.55466247,0.031,1790414173.346
3356,04_func_args_bindable,get_prob,self,,0.56102926,0.031,1790414173.393
3357,04_func_args_dynamic,get_prob,self,,0.55466247,0.031,1790414173.455
3358,04_func_args_bindable,get_prob,self,,0.56102926,0.031,1790414173.502
3359,04_func_args_dynamic,get_prob,self,,0.55466247,0.031,1790414173.564
3360,04_func_args_bindable,get_prob,self,,0.56102926,0.031,1790414173.611
3361,04_func_args_dynamic,get_prob,self,,0.55466247,0.047,1790414173.674
3362,04_func_args_bindable,get_prob,"self,py_codes,config,code_path",,0.49387658,0.031,1790414173.721
3363,04_func_args_dynamic,get_prob,"self,py_codes,config,code_path",,0.53746754,0.047,1790414173.783
3364,04_func_args_bindable,get_prob,self,,0.56102926,0.031,1790414173.83
3365,04_func_args_dynamic,get_prob,self,,0.55466247,0.047,1790414173.893
3366,04_func_args_bindable,get_prob,self,,0.56102926,0.031,1790414173.939
3367,04_func_args_dynamic,get_prob,self,,0.55466247,0.031,1790414173.986
3368,04_func_args_bindable,get_prob,self,,0.56102926,0.031,1790414174.049
3369,04_func_args_dynamic,get_prob,self,,0.55466247,0.031,1790414174.096
3370,04_func_args_bindable,get_prob,self,,0.56102926,0.031,1790414174.158
3371,04_func_args_dynamic,get_prob,self,,0.55466247,0.031,1790414174.205
3372,04_func_args_bindable,get_prob,self,,0.56102926,0.031,1790414174.267
3373,04_func_args_dynamic,get_prob,self,,0.55466247,0.031,1790414174.314
3374,04_func_args_bindable,get_prob,self,,0.56102926,0.031,1790414174.377
3375,04_func_args_dynamic,get_prob,self,,0.55466247,0.031,1790414174.424
3376,04_func_args_bindable,get_prob,self,,0.56102926,0.047,1790414174.486
3377,04_func_args_dynamic,get_prob,self,,0.55466247,0.031,1790414174.533
3378,04_func_args_bindable,get_prob,self,,0.56102926,0.047,1790414174.596
3379,04_func_args_dynamic,get_prob,self,,0.55466247,0.031,1790414174.642
3380,04_func_args_bindable,get_prob,self,,0.56102926,0.047,1790414174.705
3381,04_func_args_dynamic,get_prob,self,,0.55466247,0.031,1790414174.752
3382,04_func_args_bindable,get_prob,"matched_groups,py_file_path,line_no",,0.53800064,0.031,1790414174.799
3383,04_func_args_dynamic,get_prob,"matched_groups,py_file_path,line_no",,0.597243,0.031,1790414174.861
3384,04_func_args_bindable,get_prob,self,,0.56102926,0.031,1790414174.908
3385,04_func_args_dynamic,get_prob,self,,0.55466247,0.031,1790414174.971
3386,04_func_args_bindable,get_prob,self,,0.56102926,0.031,1790414175.017
3387,04_func_args_dynamic,get_prob,self,,0.55466247,0.031,1790414175.08
3388,04_func_args_bindable,get_prob,"self,py_codes,config,code_path",,0.49387658,0.031,1790414175.127
3389,04_func_args_dynamic,get_prob,"self,py_codes,config,code_path",,0.53746754,0.031,1790414175.189
3390,04_func_args_bindable,get_prob,self,,0.56102926,0.031,1790414175.236
3391,04_func_args_dynamic,get_prob,self,,0.55466247,0.031,1790414175.299
3392,04_func_args_bindable,get_prob,self,,0.56102926,0.031,1790414175.346
3393,04_func_args_dynamic,get_prob,self,,0.55466247,0.031,1790414175.408
3394,04_func_args_bindable,get_prob,self,,0.56102926,0.031,1790414175.455
3395,04_func_args_dynamic,get_prob,self,,0.55466247,0.047,1790414175.517
3396,04_func_args_bindable,get_prob,"matched_groups,py_file_path,line_no",,0.53800064,0.031,1790414175.564
3397,04_func_args_dynamic,get_prob,"matched_groups,py_file_path,line_no",,0.597243,0.047,1790414175.627
3398,04_func_args_bindable,get_prob,self,,0.56102926,0.031,1790414175.674
3399,04_func_args_dynamic,get_prob,self,,0.55466247,0.031,1790414175.721
3400,04_func_args_bindable,get_prob,self,,0.56102926,0.031,1790414175.783
3401,04_func_args_dynamic,get_prob,self,,0.55466247,0.031,1790414175.83
3402,04_func_args_bindable,get_prob,self,,0.56102926,0.031,1790414175.892
3403,04_func_args_dynamic,get_prob,self,,0.55466247,0.031,1790414175.939
3404,04_func_args_bindable,get_prob,"self,py_codes,config,code_path",,0.49387658,0.031,1790414176.002
3405,04_func_args_dynamic,get_prob,"self,py_codes,config,code_path",,0.53746754,0.031,1790414176.049
3406,04_func_args_bindable,get_prob,self,,0.56102926,0.031,1790414176.111
3407,04_func_args_dynamic,get_prob,self,,0.55466247,0.031,1790414176.158
3408,04_func_args_bindable,get_prob,self,,0.56102926,0.047,1790414176.221
3409,04_func_args_dynamic,get_prob,self,,0.55466247,0.031,1790414176.267
3410,04_func_args_bindable,get_prob,info,,0.59238726,0.047,1790414176.33
3411,04_func_args_dynamic,get_prob,info,,0.41420382,0.031,1790414176.377
3412,04_func_args_bindable,get_prob,self,,0.56102926,0.047,1790414176.439
3413,04_func_args_dynamic,get_prob,self,,0.55466247,0.031,1790414176.486
3414,04_func_args_bindable,get_prob,"matched_groups,py_file_path,line_no",,0.53800064,0.047,1790414176.549
3415,04_func_args_dynamic,get_prob,"matched_groups,py_file_path,line_no",,0.597243,0.031,1790414176.596
3416,04_func_args_bindable,get_prob,self,,0.56102926,0.047,1790414176.658
3417,04_func_args_dynamic,get_prob,self,,0.55466247,0.031,1790414176.705
3418,04_func_args_bindable,get_prob,self,,0.56102926,0.047,1790414176.767
3419,04_func_args_dynamic,get_prob,self,,0.55466247,0.031,1790414176.814
3420,04_func_args_bindable,get_prob,"self,py_codes,config,code_path",,0.49387658,0.047,1790414176.877
3421,04_func_args_dynamic,get_prob,"self,py_codes,config,code_path",,0.53746754,0.031,1790414176.924
3422,04_func_args_bindable,get_prob,self,,0.56102926,0.047,1790414176.986
3423,04_func_args_dynamic,get_prob,self,,0.55466247,0.031,1790414177.033
3424,04_func_args_bindable,get_prob,self,,0.56102926,0.047,1790414177.096
3425,04_func_args_dynamic,get_prob,self,,0.55466247,0.031,1790414177.142
3426,04_func_args_bindable,get_prob,self,,0.56102926,0.031,1790414177.189
3427,04_func_args_dynamic,get_prob,self,,0.55466247,0.031,1790414177.252
3428,04_func_args_bindable,get_prob,self,,0.56102926,0.031,1790414177.299
3429,04_func_args_dynamic,get_prob,self,,0.55466247,0.031,1790414177.361
3430,04_func_args_bindable,get_prob,self,,0.56102926,0.031,1790414177.408
3431,04_func_args_dynamic,get_prob,self,,0.55466247,0.031,1790414177.471
3432,04_func_args_bindable,get_prob,self,,0.56102926,0.031,1790414177.517
3433,04_func_args_dynamic,get_prob,self,,0.55466247,0.031,1790414177.58
3434,04_func_args_bindable,get_prob,self,,0.56102926,0.031,1790414177.627
3435,04_func_args_dynamic,get_prob,self,,0.55466247,0.031,1790414177.689
3436,04_func_args_bindable,get_prob,"py_codes,config,code_path",,0.4547609,0.031,1790414177.736
3437,04_func_args_dynamic,get_prob,"py_codes,config,code_path",,0.53561175,0.031,1790414177.799
3438,04_func_args_bindable,get_prob,"similar,same,unused_arg",,0.44079706,0.031,1790414177.846
3439,04_func_args_dynamic,get_prob,"similar,same,unused_arg",,0.5199675,0.031,1790414177.908
3440,04_func_args_bindable,get_prob,"similar_,same,unused_arg",,0.4623171,0.031,1790414177.955
3441,04_func_args_dynamic,get_prob,"similar_,same,unused_arg",,0.4838181,0.031,1790414178.017
3442,04_func_args_bindable,get_prob,version,,0.50428087,0.031,1790414178.064
3443,04_func_args_dynamic,get_prob,version,,0.5528675,0.031,1790414178.127
3444,04_func_args_bindable,get_prob,"similar_,same,unused_arg",,0.4623171,0.031,1790414178.174
3445,04_func_args_dynamic,get_prob,"similar_,same,unused_arg",,0.4838181,0.031,1790414178.236
3446,04_func_args_bindable,get_prob,"a,b,c",,0.6446599,0.031,1790414178.283
3447,04_func_args_dynamic,get_prob,"a,b,c",,0.46011814,0.031,1790414178.346
3448,04_func_args_bindable,get_prob,"a,b,c",,0.6446599,0.031,1790414178.392
3449,04_func_args_dynamic,get_prob,"a,b,c",,0.46011814,0.047,1790414178.455
3450,04_func_args_bindable,get_prob,"active_users,new_users",,0.4418986,0.031,1790414178.502
3451,04_func_args_dynamic,get_prob,"active_users,new_users",,0.5166036,0.047,1790414178.564
3452,04_func_args_bindable,get_prob,"value_1,value_2,value_3",,0.615185,0.031,1790414178.611
3453,04_func_args_dynamic,get_prob,"value_1,value_2,value_3",,0.5464008,0.047,1790414178.674
3454,04_func_args_bindable,get_prob,self,,0.56102926,0.031,1790414178.721
3455,04_func_args_dynamic,get_prob,self,,0.55466247,0.047,1790414178.783
3456,04_func_args_bindable,get_prob,"function1,function2,function3",,0.7200123,0.031,1790414178.83
3457,04_func_args_dynamic,get_prob,"function1,function2,function3",,0.5956925,0.047,1790414178.892
3458,04_func_args_bindable,get_prob,"a,b",,0.6099171,0.031,1790414178.939
3459,04_func_args_dynamic,get_prob,"a,b",,0.4303984,0.031,1790414178.986
3460,04_func_args_bindable,get_prob,"name,data",,0.46179137,0.031,1790414179.049
3461,04_func_args_dynamic,get_prob,"name,data",,0.42095247,0.031,1790414179.095
3462,04_func_args_bindable,get_prob,"item,items",,0.48465726,0.031,1790414179.158
3463,04_func_args_dynamic,get_prob,"item,items",,0.30330706,0.031,1790414179.205
3464,04_func_args_bindable,get_prob,options,,0.36954254,0.031,1790414179.267
3465,04_func_args_dynamic,get_prob,options,,0.48877877,0.031,1790414179.314
3466,04_func_args_bindable,get_prob,"name,data",,0.46179137,0.031,1790414179.377
3467,04_func_args_dynamic,get_prob,"name,data",,0.42095247,0.031,1790414179.424
3468,04_func_args_bindable,get_prob,"item,items",,0.48465726,0.031,1790414179.486
3469,04_func_args_dynamic,get_prob,"item,items",,0.30330706,0.031,1790414179.533
3470,04_func_args_bindable,get_prob,options,,0.36954254,0.031,1790414179.595
3471,04_func_args_dynamic,get_prob,options,,0.48877877,0.031,1790414179.642
3472,04_func_args_bindable,get_prob,"amount,balance",,0.5413216,0.031,1790414179.705
3473,04_func_args_dynamic,get_prob,"amount,balance",,0.40667197,0.031,1790414179.752
3474,04_func_args_bindable,get_prob,user_id,,0.47802487,0.031,1790414179.814
3475,04_func_args_dynamic,get_prob,user_id,,0.64802766,0.031,1790414179.861
3476,04_func_args_bindable,get_prob,user_id,,0.47802487,0.031,1790414179.924
3477,04_func_args_dynamic,get_prob,user_id,,0.64802766,0.031,1790414179.97
3478,04_func_args_bindable,get_prob,"id,list,print",,0.5049979,0.031,1790414180.033
3479,04_func_args_dynamic,get_prob,"id,list,print",,0.53851616,0.031,1790414180.08
3480,04_func_args_bindable,get_prob,"item_name,price,quantity,address",,0.46088558,0.031,1790414180.142
3481,04_func_args_dynamic,get_prob,"item_name,price,quantity,address",,0.5541211,0.031,1790414180.189
3482,04_func_args_bindable,get_prob,"item_name,price,quantity,address",,0.46088558,0.031,1790414180.252
3483,04_func_args_dynamic,get_prob,"item_name,price,quantity,address",,0.5541211,0.031,1790414180.299
3484,04_func_args_bindable,get_prob,"item_name,price,quantity,address",,0.46088558,0.031,1790414180.361
3485,04_func_args_dynamic,get_prob,"item_name,price,quantity,address",,0.5541211,0.031,1790414180.408
3486,04_func_args_bindable,get_prob,self,,0.56102926,0.031,1790414180.47
3487,04_func_args_dynamic,get_prob,self,,0.55466247,0.031,1790414180.517
3488,04_func_args_bindable,get_prob,self,,0.56102926,0.031,1790414180.58
3489,04_func_args_dynamic,get_prob,self,,0.55466247,0.031,1790414180.627
3490,04_func_args_bindable,get_prob,"self,grade,price",,0.51257527,0.031,1790414180.689
3491,04_func_args_dynamic,get_prob,"self,grade,price",,0.4919004,0.047,1790414180.752
3492,04_func_args_bindable,get_prob,"self,type,message",,0.529774,0.031,1790414180.799
3493,04_func_args_dynamic,get_prob,"self,type,message",,0.49807778,0.047,1790414180.861
3494,04_func_args_bindable,get_prob,order_status,,0.44291106,0.031,1790414180.908
3495,04_func_args_dynamic,get_prob,order_status,,0.53892934,0.047,1790414180.971
3496,04_func_args_bindable,get_prob,"payment_method,price",,0.46711177,0.031,1790414181.017
3497,04_func_args_dynamic,get_prob,"payment_method,price",,0.53155124,0.047,1790414181.08
3498,04_func_args_bindable,get_prob,user_grade,,0.464536,0.031,1790414181.127
3499,04_func_args_dynamic,get_prob,user_grade,,0.51992273,0.047,1790414181.189
3500,04_func_args_bindable,get_prob,self,,0.56102926,0.031,1790414181.236
3501,04_func_args_dynamic,get_prob,self,,0.55466247,0.047,1790414181.299
3502,04_func_args_bindable,get_prob,self,,0.56102926,0.031,1790414181.346
3503,04_func_args_dynamic,get_prob,self,,0.55466247,0.047,1790414181.408
3504,04_func_args_bindable,get_prob,self,,0.56102926,0.031,1790414181.455
3505,04_func_args_dynamic,get_prob,self,,0.55466247,0.047,1790414181.517
3506,04_func_args_bindable,get_prob,self,,0.56102926,0.031,1790414181.564
3507,04_func_args_dynamic,get_prob,self,,0.55466247,0.047,1790414181.627
3508,04_func_args_bindable,get_prob,"self,items",,0.54687524,0.031,1790414181.674
3509,04_func_args_dynamic,get_prob,"self,items",,0.38293222,0.047,1790414181.736
3510,04_func_args_bindable,get_prob,self,,0.56102926,0.031,1790414181.783
3511,04_func_args_dynamic,get_prob,self,,0.55466247,0.047,1790414181.846
3512,04_func_args_bindable,get_prob,user_id,,0.47802487,0.031,1790414181.892
3513,04_func_args_dynamic,get_prob,user_id,,0.64802766,0.031,1790414181.955
3514,04_func_args_bindable,get_prob,user_id,,0.47802487,0.031,1790414182.002
3515,04_func_args_dynamic,get_prob,user_id,,0.64802766,0.031,1790414182.064
3516,04_func_args_bindable,get_prob,"user_id,options",,0.502191,0.031,1790414182.111
3517,04_func_args_dynamic,get_prob,"user_id,options",,0.5215857,0.031,1790414182.174
3518,04_func_args_bindable,get_prob,user_ids,,0.413319,0.031,1790414182.221
3519,04_func_args_dynamic,get_prob,user_ids,,0.49748063,0.031,1790414182.283
3520,06_refactor_into_class_case_2_state_vars_if_else,get_prob,"if test: print(str, str)",,0.5931976,0.047,1790414185.154
3521,06_refactor_into_class_case_2_state_vars_if_else,get_prob,if self.state: print(str),,0.65594566,0.031,1790414185.201
3522,06_refactor_into_class_case_2_state_vars_if_else,get_prob,if grade: return name * 0,,0.60727894,0.031,1790414185.263
3523,06_refactor_into_class_case_2_state_vars_if_else,get_prob,if type: print(namestr),,0.5934767,0.031,1790414185.31
3524,06_refactor_into_class_case_2_state_vars_if_else,get_prob,if order_status: print(str),,0.6461057,0.031,1790414185.372
3525,06_refactor_into_class_case_2_state_vars_if_else,get_prob,if payment_method: return name * 0,,0.5057259,0.031,1790414185.419
3526,06_similar_function_names,get_embedding,load_content_block,,"[-1.18188274e+00  3.73526067e-01  1.45542145e+00  1.46953315e-01
  8.27134669e-01 -2.76151597e-01 -9",0.031,1790414187.054
3527,06_similar_function_names,get_embedding,sync_incident_record_current,,"[ 6.54711902e-01 -1.24603593e+00  1.97974932e+00  1.14329123e+00
 -8.30099940e-01 -2.59395933e+00 -1",0.031,1790414187.117
3528,06_similar_function_names,get_embedding,delete_health,,"[-1.29079580e+00  1.59520298e-01  3.04201841e-01  2.45433760e+00
 -1.38777757e+00 -3.81097734e-01 -2",0.031,1790414187.179
3529,06_similar_function_names,get_embedding,refresh_service_health_background,,"[ 7.29150355e-01  5.53318441e-01  2.20357728e+00  3.02189159e+00
  2.45310619e-01 -2.94267625e-01 -8",0.031,1790414187.242
3530,06_similar_function_names,get_embedding,restore_cron_schedule_audit,,"[ 4.02183570e-02 -4.45032477e-01 -2.45291996e+00  1.71737528e+00
  8.00591826e-01  1.06522334e+00 -1",0.031,1790414187.289
3531,06_similar_function_names,get_embedding,route_template_variable_workspace,,"[ 9.52307045e-01 -1.21120143e+00  2.91808873e-01  1.63670599e+00
 -5.21199584e-01 -1.11376204e-01 -1",0.031,1790414187.351
3532,06_similar_function_names,get_embedding,test_1,,"[-2.08523229e-01 -8.05520654e-01  1.53794539e+00  1.26420093e+00
 -4.52834457e-01  6.34876728e-01 -9",0.031,1790414187.414
3533,06_similar_function_names,get_embedding,test_2,,"[-7.96498299e-01 -5.45606971e-01  1.30699825e+00  8.61431420e-01
 -2.13921934e-01 -1.76135778e-01 -7",0.031,1790414187.476
3534,06_similar_function_names,get_embedding,test_3,,"[-1.08656919e+00 -9.79874969e-01  1.28305686e+00  7.07957566e-01
  2.50843942e-01  5.92307225e-02 -1",0.031,1790414187.539
3535,06_similar_function_names,get_embedding,test_4,,"[-1.28400576e+00 -1.31886101e+00  1.65403295e+00  4.75742519e-01
  3.82284462e-01 -8.36877942e-01 -1",0.047,1790414187.601
3536,06_similar_function_names,get_embedding,test_5,,"[-1.05779040e+00 -6.81531906e-01  1.87591231e+00  5.13626695e-01
  2.82789826e-01 -2.85011470e-01 -1",0.031,1790414187.664
3537,06_similar_function_names,get_embedding,test_6,,"[-1.07773936e+00 -9.50528324e-01  1.51541543e+00  5.28073072e-01
  4.72098529e-01 -6.89691901e-01 -1",0.031,1790414187.726
3538,06_similar_function_names,get_embedding,blah,,"[-6.36876449e-02  1.51533589e-01  4.25273418e-01 -7.97544777e-01
 -1.82729304e-01  2.19500512e-01 -6",0.031,1790414187.789
3539,06_similar_function_names,get_embedding,j,,"[-1.95725765e-02  4.49611664e-01  9.28898990e-01 -7.65573800e-01
 -4.95327897e-02 -5.74602187e-01 -4",0.031,1790414187.851
3540,06_similar_function_names,get_embedding,primary_billing_address,,"[ 1.30736399e+00  1.30602896e+00  1.95709658e+00  8.84623647e-01
 -1.16777134e+00  4.53913063e-02 -1",0.031,1790414187.898
3541,06_similar_function_names,get_embedding,draft_network_packet,,"[ 5.79996035e-02  4.87612516e-01  1.03158963e+00  1.80482841e+00
 -1.39230812e+00  6.79359064e-02 -1",0.031,1790414187.961
3542,06_similar_function_names,get_embedding,cached_survey_response,,"[-4.39617693e-01  4.27402914e-01  2.17285895e+00  1.19108331e+00
  1.62868440e+00  4.47099477e-01 -3",0.031,1790414188.023
3543,06_similar_function_names,get_embedding,compiled_return_request,,"[-1.72141895e-01  1.12069285e+00 -8.30029786e-01  1.76966596e+00
 -5.55137992e-01 -1.03330791e+00 -7",0.031,1790414188.086
3544,06_similar_function_names,get_embedding,primary_threat_score,,"[ 2.21913385e+00  1.11656964e+00  1.12654555e+00  9.03276578e-02
 -7.57152021e-01  2.51308203e+00 -6",0.031,1790414188.148
3545,06_similar_function_names,get_embedding,serialized_file_metadata,,"[ 1.51307297e+00 -7.15033233e-01  3.96940947e-01  3.64822793e+00
 -4.20087814e+00  7.28073955e-01  8",0.031,1790414188.211
3546,06_similar_function_names,get_embedding,simplify_code,,"[ 5.06996334e-01  9.82211113e-01  7.17042387e-01 -6.96834803e-01
 -7.52111137e-01 -9.77795541e-01 -6",0.031,1790414188.492
3547,06_similar_function_names,get_embedding,convert_to_human_friendly_review,,"[-1.39094681e-01 -1.74541330e+00  1.92601001e+00  9.08232152e-01
 -1.06733525e+00  2.05879211e+00 -7",0.031,1790414188.554
3548,06_similar_function_names,get_embedding,ellipse_str,,"[ 1.31429315e+00 -1.22786987e+00  2.04915196e-01  6.51995540e-01
 -1.17647243e+00  4.73514169e-01  7",0.031,1790414188.617
3549,06_similar_function_names,get_embedding,extract_comment,,"[ 2.83474386e-01 -2.19620180e+00 -7.78086841e-01 -1.32933155e-01
 -1.49567032e+00  1.22525549e+00 -3",0.031,1790414188.679
3550,06_similar_function_names,get_embedding,check_regex_matched_lines,,"[ 2.91936189e-01  9.89823043e-01 -5.68262190e-02  1.09148610e+00
  1.82274497e+00 -1.09497094e+00  3",0.031,1790414188.742
3551,06_similar_function_names,get_embedding,is_valid_code,,"[-1.10144004e-01  1.96646154e-02  2.44497228e+00  2.30024502e-01
  8.98527026e-01  1.15420651e+00 -2",0.031,1790414188.804
3552,06_similar_function_names,get_embedding,check_a_in_b,,"[-5.02520740e-01  2.78206801e+00  1.95154810e+00  1.42866230e+00
  1.68801618e+00 -1.00078690e+00  1",0.031,1790414188.867
3553,06_similar_function_names,get_embedding,__init__,,"[ 2.53393173e+00 -3.39379847e-01  1.96828687e+00  2.81454206e+00
 -2.10156128e-01 -6.35257065e-01 -3",0.031,1790414188.929
3554,06_similar_function_names,get_embedding,_parse_codes,,"[-1.28653213e-01 -8.59530687e-01  5.80309451e-01  5.03895819e-01
 -5.70654094e-01  7.43940532e-01 -8",0.031,1790414188.992
3555,06_similar_function_names,get_embedding,_get_function_name_by_line,,"[-6.77206218e-01 -2.01781809e-01  3.04061443e-01  1.19158542e+00
 -1.40841591e+00 -2.22729087e-01  2",0.031,1790414189.054
3556,06_similar_function_names,get_embedding,_get_class_name_by_line,,"[ 2.36799359e-01 -9.21430886e-01 -7.94532537e-01  9.44360495e-01
 -1.79085886e+00 -3.77321988e-01  2",0.031,1790414189.101
3557,06_similar_function_names,get_embedding,_get_definitions_and_usages,,"[-5.16750872e-01  7.43963897e-01 -3.41071218e-01  1.97619092e+00
 -9.87598896e-01  4.31984253e-02 -3",0.031,1790414189.164
3558,06_similar_function_names,get_embedding,_get_constants,,"[-2.166961   -0.648612   -0.28448254  0.9753166  -1.1410716  -0.11402147
 -0.769271   -1.5512804   1",0.031,1790414189.226
3559,06_similar_function_names,get_embedding,_get_function_bodies,,"[-2.45953083e+00  5.22579312e-01  1.04746187e+00  9.53590393e-01
 -1.39043522e+00 -3.02377164e-01 -7",0.031,1790414189.289
3560,06_similar_function_names,get_embedding,_add_regex_matched_lines,,"[ 1.16452765e+00 -1.99937537e-01 -1.41396654e+00  1.59572911e+00
  2.06178978e-01 -1.74517369e+00  4",0.031,1790414189.351
3561,06_similar_function_names,get_embedding,_init_final_result_dict,,"[ 1.48309743e+00 -8.92722249e-01  1.26320207e+00  1.00913596e+00
 -1.02206588e+00 -5.29608548e-01 -5",0.047,1790414189.414
3562,06_similar_function_names,get_embedding,_find_if_elif_else_patterns,,"[-5.96906006e-01 -2.42429987e-01 -3.81647140e-01  1.76524353e+00
 -2.12977588e-01 -3.83602113e-01 -2",0.047,1790414189.476
3563,06_similar_function_names,get_embedding,update_final_result_dict,,"[ 9.16811824e-01  1.40320852e-01  2.18879580e+00 -1.79390773e-01
 -1.26954615e+00 -1.04523134e+00 -2",0.031,1790414189.539
3564,06_similar_function_names,get_embedding,run_code_review,,"[ 6.30377412e-01 -9.12460983e-01  1.48893654e+00  1.42372346e+00
  1.48918378e+00  5.28263569e-01 -1",0.031,1790414189.601
3565,06_similar_function_names,get_embedding,__init__,,"[ 2.53393173e+00 -3.39379847e-01  1.96828687e+00  2.81454206e+00
 -2.10156128e-01 -6.35257065e-01 -3",0.031,1790414189.664
3566,06_similar_function_names,get_embedding,_delete_imported_review_items,,"[-2.66399384e+00 -2.89571738e+00 -2.77410179e-01  3.99164867e+00
 -1.14460516e+00 -3.93842250e-01 -1",0.031,1790414189.726
3567,06_similar_function_names,get_embedding,_mark_used_as_imported,,"[ 1.43879914e+00 -1.92358792e+00  1.71209073e+00  1.33523202e+00
  1.08039868e+00 -3.49620491e-01 -3",0.031,1790414189.789
3568,06_similar_function_names,get_embedding,_is_function_bodies_similar,,"[ 1.54734075e+00  2.10658383e+00  5.25759935e-01  1.59070635e+00
 -3.50288987e-01 -1.20983899e+00  8",0.031,1790414189.836
3569,06_similar_function_names,get_embedding,_check_unused,,"[ 5.64545274e-01  3.17264140e-01  1.20369327e+00  1.81971633e+00
  1.00700963e+00 -2.94101089e-01 -1",0.031,1790414189.898
3570,06_similar_function_names,get_embedding,_check_unnecessary_prints,,"[ 1.07806718e+00 -1.17412174e+00 -3.97354543e-01  1.83288240e+00
  1.41881049e+00  6.22651875e-01 -1",0.031,1790414189.961
3571,06_similar_function_names,get_embedding,_check_duplicates,,"[ 2.12672591e+00  6.62855804e-01  1.82479477e+00  2.23448992e+00
  8.96713674e-01  1.09080121e-01 -2",0.031,1790414190.023
3572,06_similar_function_names,get_embedding,_find_all_similar_text_pairs,,"[ 1.58121955e+00 -5.98567605e-01 -1.42678350e-01  1.98793399e+00
  6.25955880e-01 -4.82233793e-01  8",0.031,1790414190.086
3573,06_similar_function_names,get_embedding,check_text_similar_with_prevs,,"[ 1.5255542e+00  6.5583807e-01  2.7186021e-02  2.3525332e-01
  3.2800379e-01 -3.6938012e-02 -1.13793",0.031,1790414190.148
3574,06_similar_function_names,get_embedding,_check_similar_variables,,"[ 1.77150416e+00  1.18811071e+00  2.72836685e-02  1.75519407e+00
  4.96770144e-01 -7.58642673e-01  1",0.031,1790414190.21
3575,06_similar_function_names,get_embedding,_check_same_func_args,,"[ 9.01806533e-01  1.33124626e+00  8.84142101e-01  2.31721997e+00
  5.23717284e-01  7.59841427e-02 -2",0.031,1790414190.273
3576,06_similar_function_names,get_embedding,_check_names,,"[ 6.86091602e-01  3.32188219e-01  9.71199811e-01  1.49394572e+00
  1.24285482e-01  8.85062873e-01 -1",0.047,1790414190.335
3577,06_similar_function_names,get_embedding,_check_return_matched_with_func_name,,"[-8.29907954e-01  9.13535178e-01  2.03079842e-02  3.19018745e+00
 -1.15522146e-01  2.24879339e-01 -4",0.047,1790414190.398
3578,06_similar_function_names,get_embedding,_check_library_orders,,"[ 5.78952134e-01 -1.02610159e+00  5.08630276e-01  2.05072927e+00
  1.55085373e+00 -1.66667998e-01 -4",0.031,1790414190.46
3579,06_similar_function_names,get_embedding,_check_func_docstring,,"[ 9.42525446e-01 -6.69306576e-01  1.41605902e+00  1.80471170e+00
 -8.20622325e-01 -5.20447373e-01  1",0.031,1790414190.523
3580,06_similar_function_names,get_embedding,_check_commented_codes,,"[-3.25362414e-01  9.20262337e-02  8.95541906e-01  1.94701064e+00
  2.72761941e-01  1.86816514e-01 -8",0.031,1790414190.585
3581,06_similar_function_names,get_embedding,_check_empty_file,,"[ 8.18135142e-02 -1.23303616e+00  1.18192494e+00  4.79608119e-01
  6.96515501e-01 -1.11179352e+00  5",0.031,1790414190.648
3582,06_similar_function_names,get_embedding,run_code_review,,"[ 6.30377412e-01 -9.12460983e-01  1.48893654e+00  1.42372346e+00
  1.48918378e+00  5.28263569e-01 -1",0.031,1790414190.695
3583,06_similar_function_names,get_embedding,__init__,,"[ 2.53393173e+00 -3.39379847e-01  1.96828687e+00  2.81454206e+00
 -2.10156128e-01 -6.35257065e-01 -3",0.031,1790414190.773
3584,06_similar_function_names,get_embedding,_check_const,,"[ 1.36405051e+00  5.06494284e-01  4.03580278e-01  1.14867282e+00
  9.00637448e-01  9.55674127e-02 -1",0.031,1790414190.82
3585,06_similar_function_names,get_embedding,_check_line_length,,"[ 4.21508998e-01 -1.13593686e+00  2.07515359e-01  1.75762856e+00
  3.10404778e-01 -1.46448112e+00  1",0.031,1790414190.882
3586,06_similar_function_names,get_embedding,_check_files,,"[ 7.59047210e-01 -2.87576377e-01  2.59464145e+00  1.63277030e-01
  1.84691393e+00 -7.54441023e-01  3",0.031,1790414190.945
3587,06_similar_function_names,get_embedding,_check_functions,,"[ 8.06246579e-01  1.21738768e+00  2.18320990e+00  1.35142267e+00
  8.12991440e-01 -5.79717338e-01 -1",0.031,1790414191.007
3588,06_similar_function_names,get_embedding,_check_indent,,"[ 9.48082447e-01 -3.42609406e-01  2.86474317e-01  2.04042628e-01
  9.11179066e-01  2.80741662e-01 -4",0.031,1790414191.07
3589,06_similar_function_names,get_embedding,run_code_review,,"[ 6.30377412e-01 -9.12460983e-01  1.48893654e+00  1.42372346e+00
  1.48918378e+00  5.28263569e-01 -1",0.031,1790414191.132
3590,06_similar_function_names,get_embedding,__init__,,"[ 2.53393173e+00 -3.39379847e-01  1.96828687e+00  2.81454206e+00
 -2.10156128e-01 -6.35257065e-01 -3",0.047,1790414191.195
3591,06_similar_function_names,get_embedding,_check_suggest_list_comprehension,,"[ 6.41564727e-01 -1.37565863e+00 -4.18272972e-01 -1.32757083e-01
  1.90433180e+00 -9.77505207e-01 -2",0.047,1790414191.257
3592,06_similar_function_names,get_embedding,_check_generator_expression,,"[ 3.06577832e-01 -6.52012110e-01  7.70300984e-01  1.00524998e+00
  5.46358302e-02  1.31779373e+00 -2",0.031,1790414191.32
3593,06_similar_function_names,get_embedding,_check_if_to_dict,,"[-2.62672573e-01 -4.00712103e-01 -6.07975662e-01  1.70649779e+00
  6.21895611e-01  5.56399822e-01 -1",0.031,1790414191.382
3594,06_similar_function_names,get_embedding,_check_path_format,,"[ 9.24153447e-01 -6.69469908e-02  1.24094486e+00  4.53689188e-01
 -8.36258233e-02 -3.36844712e-01 -9",0.031,1790414191.445
3595,06_similar_function_names,get_embedding,_check_defaultdict,,"[-5.41615546e-01  2.48976737e-01  1.26661491e+00  1.62063599e+00
 -5.54136276e-01  9.08524767e-02 -1",0.031,1790414191.507
3596,06_similar_function_names,get_embedding,_check_any_all,,"[-3.11629832e-01  1.86251655e-01  1.07769266e-01  7.35399008e-01
  2.28879428e+00 -1.84444511e+00 -6",0.031,1790414191.57
3597,06_similar_function_names,get_embedding,_check_zip,,"[ 1.25038660e+00  3.90751630e-01  1.30243969e+00 -2.78340489e-01
  1.83094251e+00  7.27068424e-01  3",0.031,1790414191.632
3598,06_similar_function_names,get_embedding,_match_zip,,"[ 1.63557541e+00  8.25651348e-01  3.32778186e-01  1.43975067e+00
  4.93449979e-02  8.28271449e-01  9",0.031,1790414191.695
3599,06_similar_function_names,get_embedding,_check_enumerate,,"[-1.15683004e-01  4.40377086e-01 -5.69026291e-01  1.25847685e+00
  1.65729988e+00 -1.21074522e+00 -1",0.031,1790414191.742
3600,06_similar_function_names,get_embedding,_check_itertools_product,,"[ 6.29665077e-01 -6.32212579e-01  1.40196836e+00  3.72574627e-01
  1.47739673e+00  3.15631241e-01 -1",0.031,1790414191.804
3601,06_similar_function_names,get_embedding,_check_just_read_write_to_read_write_text,,"[ 1.12393141e-01  4.90593761e-01 -2.85922945e-01  1.96983862e+00
  5.50256491e-01  3.59383732e-01 -5",0.031,1790414191.867
3602,06_similar_function_names,get_embedding,_check_sentence_empty,,"[ 5.09613872e-01 -1.83775377e+00 -3.74810845e-01  6.93400383e-01
 -2.44469956e-01 -5.76696038e-01 -5",0.031,1790414191.929
3603,06_similar_function_names,get_embedding,_check_handle_none,,"[-1.63816297e+00  6.94412142e-02  2.32701063e+00  2.41398430e+00
  3.61079037e-01 -4.56528783e-01 -1",0.031,1790414191.992
3604,06_similar_function_names,get_embedding,_check_extend,,"[ 5.57591498e-01  1.02309811e+00  1.94231525e-01  4.32994366e-01
  1.91487849e+00 -1.24039733e+00 -1",0.031,1790414192.054
3605,06_similar_function_names,get_embedding,_check_count,,"[ 8.66154432e-01  3.95196557e-01  7.04238892e-01  1.26596785e+00
  1.93792915e+00  1.09271169e-01 -9",0.031,1790414192.117
3606,06_similar_function_names,get_embedding,_check_index,,"[ 4.79916811e-01  9.98787105e-01  1.08207893e+00  5.02491333e-02
  1.37929595e+00 -1.52097666e+00 -8",0.031,1790414192.179
3607,06_similar_function_names,get_embedding,_check_str_join,,"[ 2.12933612e+00  8.92063379e-01 -1.41812587e+00  1.56529582e+00
  1.72977209e+00  1.05319357e+00  2",0.047,1790414192.242
3608,06_similar_function_names,get_embedding,_check_use_map,,"[ 5.28557539e-01  4.07307327e-01  5.71060419e-01  1.59765184e+00
  1.66350687e+00 -1.63511515e-01 -1",0.047,1790414192.304
3609,06_similar_function_names,get_embedding,run_code_review,,"[ 6.30377412e-01 -9.12460983e-01  1.48893654e+00  1.42372346e+00
  1.48918378e+00  5.28263569e-01 -1",0.047,1790414192.367
3610,06_similar_function_names,get_embedding,__init__,,"[ 2.53393173e+00 -3.39379847e-01  1.96828687e+00  2.81454206e+00
 -2.10156128e-01 -6.35257065e-01 -3",0.031,1790414192.429
3611,06_similar_function_names,get_embedding,_check_unpacking,,"[ 1.53773105e+00  2.09833086e-01 -6.02807283e-01 -4.04881984e-01
  8.84242654e-01 -1.76347196e-01 -9",0.031,1790414192.492
3612,06_similar_function_names,get_embedding,_check_open_file,,"[-1.12723947e-01  9.80040073e-01  2.44272947e+00  6.86626434e-01
  1.69367623e+00 -4.74249065e-01  4",0.031,1790414192.554
3613,06_similar_function_names,get_embedding,_check_key_itemgetter,,"[-2.70372152e+00 -7.28972554e-01  5.92179358e-01  1.48346269e+00
  2.79272646e-01  3.03698450e-01 -1",0.031,1790414192.617
3614,06_similar_function_names,get_embedding,_check_f_string,,"[ 1.22296345e+00  6.04955196e-01  1.95137858e+00  9.59701061e-01
 -3.72578502e-01  2.31776074e-01 -2",0.031,1790414192.679
3615,06_similar_function_names,get_embedding,_check_collections_itertools_glob,,"[ 1.77167088e-01 -6.14689767e-01  1.11336902e-01  9.16487575e-01
  3.40698987e-01 -1.64770234e+00 -3",0.031,1790414192.742
3616,06_similar_function_names,get_embedding,_check_func_args_bindable,,"[-1.30494452e+00  9.58432794e-01  1.53880465e+00  2.36288857e+00
 -6.24996163e-02  8.91774967e-02 -1",0.031,1790414192.804
3617,06_similar_function_names,get_embedding,_check_attribute_getattr,,"[-1.44998157e+00 -2.99071491e-01  5.35591543e-01  4.95937616e-01
 -2.44509292e+00  7.20264316e-01 -2",0.031,1790414192.867
3618,06_similar_function_names,get_embedding,_check_regex_r,,"[ 6.76544189e-01  9.26263094e-01  1.04352117e+00 -2.55982041e-01
  1.11558151e+00  5.28123558e-01 -1",0.031,1790414192.929
3619,06_similar_function_names,get_embedding,_check_func_lambda,,"[ 5.02268970e-03  1.49752092e+00  5.38032889e-01  2.60033274e+00
 -3.29429597e-01 -7.48559386e-02 -4",0.031,1790414192.992
3620,06_similar_function_names,get_embedding,flmf,,"[ 1.70467424e+00 -5.56978583e-01  1.34696174e+00  9.39619124e-01
 -7.46351123e-01 -6.44739032e-01 -1",0.031,1790414193.038
3621,06_similar_function_names,get_embedding,_check_prefix_suffix,,"[ 5.27264655e-01  1.22437167e+00  2.65731037e-01  7.18758106e-01
 -3.82694840e-01  7.48931527e-01  1",0.031,1790414193.101
3622,06_similar_function_names,get_embedding,run_code_review,,"[ 6.30377412e-01 -9.12460983e-01  1.48893654e+00  1.42372346e+00
  1.48918378e+00  5.28263569e-01 -1",0.031,1790414193.163
3623,06_similar_function_names,get_embedding,__init__,,"[ 2.53393173e+00 -3.39379847e-01  1.96828687e+00  2.81454206e+00
 -2.10156128e-01 -6.35257065e-01 -3",0.031,1790414193.226
3624,06_similar_function_names,get_embedding,_check_exception_ignored,,"[-6.69573903e-01 -9.00650024e-01  4.42672431e-01  1.77391100e+00
 -3.04130137e-01  8.43985140e-01 -8",0.031,1790414193.288
3625,06_similar_function_names,get_embedding,_check_exception_type,,"[-1.1221423e+00  2.0027115e+00 -1.2552002e-01  1.9082760e+00
 -3.6758697e-01  4.4717759e-01 -1.02168",0.031,1790414193.351
3626,06_similar_function_names,get_embedding,_check_func_arg_error_prevent,,"[-1.38138807e+00  3.05445939e-01  1.42198420e+00  2.16698527e+00
 -3.65661383e-01  1.79791510e+00 -1",0.031,1790414193.413
3627,06_similar_function_names,get_embedding,flmf,,"[ 1.70467424e+00 -5.56978583e-01  1.34696174e+00  9.39619124e-01
 -7.46351123e-01 -6.44739032e-01 -1",0.031,1790414193.476
3628,06_similar_function_names,get_embedding,_check_assertion_try_except,,"[ 8.07759345e-01  7.45153964e-01  1.76866293e+00  2.07590246e+00
  1.28708386e+00 -6.95466101e-01 -5",0.031,1790414193.538
3629,06_similar_function_names,get_embedding,_check_python_keywords_args,,"[ 9.57751870e-01  8.30381811e-02  4.35568750e-01  1.97583354e+00
  1.15577793e+00  4.19441938e-01 -7",0.047,1790414193.601
3630,06_similar_function_names,get_embedding,run_code_review,,"[ 6.30377412e-01 -9.12460983e-01  1.48893654e+00  1.42372346e+00
  1.48918378e+00  5.28263569e-01 -1",0.047,1790414193.663
3631,06_similar_function_names,get_embedding,__init__,,"[ 2.53393173e+00 -3.39379847e-01  1.96828687e+00  2.81454206e+00
 -2.10156128e-01 -6.35257065e-01 -3",0.031,1790414193.726
3632,06_similar_function_names,get_embedding,_check_refactor_into_class_case_1_same_args,,"[ 1.57648742e+00  9.47611332e-01  5.04853964e-01  1.35905385e+00
  2.89865673e-01  2.28949800e-01  2",0.031,1790414193.788
3633,06_similar_function_names,get_embedding,_check_refactor_into_class_case_2_state_vars_if_else,,"[ 1.62752783e+00  8.30661178e-01  1.09030746e-01  1.39101398e+00
  2.71729797e-01  1.86030000e-01  2",0.031,1790414193.851
3634,06_similar_function_names,get_embedding,check_is_state_value,,"[-9.89435732e-01  7.93772697e-01  2.35801801e-01 -5.27357519e-01
 -3.10412258e-01  9.94925261e-01 -2",0.031,1790414193.913
3635,06_similar_function_names,get_embedding,_check_prefix_for_only_in_class_methods,,"[-6.57501817e-01  3.98693264e-01  1.38585567e-02  1.80163348e+00
 -7.81379342e-01 -1.19762719e+00 -2",0.031,1790414193.976
3636,06_similar_function_names,get_embedding,flmf,,"[ 1.70467424e+00 -5.56978583e-01  1.34696174e+00  9.39619124e-01
 -7.46351123e-01 -6.44739032e-01 -1",0.031,1790414194.038
3637,06_similar_function_names,get_embedding,_check_similar_function_names,,"[ 7.59386837e-01  1.33692753e+00  7.02347875e-01  2.16815448e+00
 -2.38334507e-01 -6.54273331e-01 -3",0.031,1790414194.101
3638,06_similar_function_names,get_embedding,run_code_review,,"[ 6.30377412e-01 -9.12460983e-01  1.48893654e+00  1.42372346e+00
  1.48918378e+00  5.28263569e-01 -1",0.031,1790414194.163
3639,06_similar_function_names,get_embedding,__init__,,"[ 2.53393173e+00 -3.39379847e-01  1.96828687e+00  2.81454206e+00
 -2.10156128e-01 -6.35257065e-01 -3",0.031,1790414194.226
3640,06_similar_function_names,get_embedding,_check_python_basics,,"[ 1.23648465e+00 -1.84130874e-02  1.34856057e+00  1.26944613e+00
  5.51120162e-01 -7.44392276e-01 -1",0.031,1790414194.288
3641,06_similar_function_names,get_embedding,_check_basic_convention,,"[ 6.12982035e-01  6.06090307e-01  1.84350565e-01  1.43452549e+00
  5.34325600e-01  7.03999074e-03 -1",0.031,1790414194.351
3642,06_similar_function_names,get_embedding,_check_simplification,,"[ 1.30570376e+00 -8.27150866e-02  6.19655490e-01  8.73028412e-02
  8.87927711e-01  1.89062908e-01 -6",0.031,1790414194.413
3643,06_similar_function_names,get_embedding,_check_other_pythonic,,"[-2.94637859e-01  5.41181386e-01  3.03036630e-01  2.64826322e+00
  5.02924800e-01 -1.06966710e+00 -2",0.031,1790414194.476
3644,06_similar_function_names,get_embedding,_check_exceptions,,"[ 8.88255417e-01  9.13002968e-01  1.08190274e+00  2.08098054e+00
  1.14644349e+00  2.79823244e-01 -1",0.031,1790414194.539
3645,06_similar_function_names,get_embedding,_check_cohesiveness_and_class,,"[ 6.11714780e-01  1.02085030e+00  4.90772098e-01  1.62312067e+00
 -3.06030840e-01 -5.44901550e-01  4",0.031,1790414194.601
3646,06_similar_function_names,get_embedding,run_code_review,,"[ 6.30377412e-01 -9.12460983e-01  1.48893654e+00  1.42372346e+00
  1.48918378e+00  5.28263569e-01 -1",0.031,1790414194.648
3647,06_similar_function_names,get_embedding,default_code_review_func,,"[ 3.14700037e-01 -3.44685197e-01  2.03036284e+00  1.02186728e+00
 -1.26399136e+00 -6.37159348e-01 -1",0.031,1790414194.71
3648,06_similar_function_names,get_embedding,unused_function,,"[-6.64333582e-01  1.55204809e+00  2.15365601e+00  1.06601095e+00
 -2.22277477e-01 -5.17764568e-01 -1",0.062,1790414200.398
3649,06_similar_function_names,get_embedding,abc,,"[ 1.59628600e-01  7.26309359e-01 -7.65503407e-01  6.85624599e-01
 -1.04918969e+00 -1.13309908e+00 -3",0.062,1790414200.491
3650,06_similar_function_names,get_embedding,similar_func1,,"[ 1.45975721e+00  3.55318069e+00  2.48756146e+00  2.09637356e+00
 -1.55890524e+00 -8.08722973e-01 -3",0.047,1790414200.57
3651,06_similar_function_names,get_embedding,similar_func2,,"[ 0.9530211   3.5321453   2.7848587   2.248606   -0.9829568  -1.2891723
 -0.13241754  0.10664034 -1.",0.031,1790414200.632
3652,06_similar_function_names,get_embedding,get_current_version,,"[-1.85849690e+00  3.83144706e-01  1.82036722e+00 -1.30917871e+00
  7.98929989e-01  4.08604532e-01  1",0.031,1790414200.695
3653,06_similar_function_names,get_embedding,get_current_ver,,"[-4.82766807e-01 -2.29738399e-01  2.05018497e+00 -8.47639978e-01
 -2.57752150e-01  2.66204357e-01 -2",0.031,1790414200.757
3654,06_similar_function_names,get_embedding,check_single_responsibility,,"[ 1.15631886e-01  2.00535178e+00  1.90869236e+00  2.14256811e+00
  2.22026730e+00 -8.35423708e-01 -1",0.031,1790414200.82
3655,06_similar_function_names,get_embedding,imported_function,,"[-2.65583009e-01  6.03631377e-01  2.15870643e+00  3.80540633e+00
  1.86169907e-01 -1.56923866e+00 -2",0.031,1790414200.882
3656,06_similar_function_names,get_embedding,similar_func3,,"[ 7.77924001e-01  4.02161121e+00  2.32334638e+00  2.14986491e+00
 -8.12164128e-01 -1.16065884e+00 -3",0.047,1790414200.976
3657,06_similar_function_names,get_embedding,get_current_version,,"[-1.85849690e+00  3.83144706e-01  1.82036722e+00 -1.30917871e+00
  7.98929989e-01  4.08604532e-01  1",0.047,1790414201.038
3658,06_similar_function_names,get_embedding,without_type_hint,,"[-1.36255002e+00 -1.37178159e+00  2.30896592e+00  2.21643233e+00
 -5.11316001e-01  5.86672902e-01 -3",0.031,1790414201.101
3659,06_similar_function_names,get_embedding,with_type_hint,,"[ 3.54058057e-01 -1.84074032e+00  1.20780551e+00  3.29313660e+00
 -1.05312121e+00  2.02803254e-01  3",0.031,1790414201.163
3660,06_similar_function_names,get_embedding,long_function_with_docstring,,"[-4.28981483e-01  5.31905472e-01  4.02358711e-01  2.26103711e+00
  8.64288211e-02 -1.61224020e+00  1",0.031,1790414201.226
3661,06_similar_function_names,get_embedding,long_function_wo_docstring,,"[-9.13643241e-01  4.34614718e-02  4.36742872e-01  2.06333637e+00
 -5.85687280e-01 -1.17490864e+00  1",0.031,1790414201.288
3662,06_similar_function_names,get_embedding,too_long_function,,"[ 6.72597349e-01  1.68556917e+00  8.61137509e-01  1.54946148e+00
  4.51747417e-01 -4.64625627e-01  2",0.031,1790414201.351
3663,06_similar_function_names,get_embedding,collect_user_ids,,"[-4.19614613e-01  4.25232500e-01  1.42507017e+00  9.11217570e-01
  1.15158737e+00 -4.74710792e-01 -1",0.047,1790414201.429
3664,06_similar_function_names,get_embedding,test_func,,"[-1.25755632e+00  2.33416017e-02  2.46546769e+00  1.67695105e+00
 -1.40787947e+00 -6.10672295e-01 -1",0.047,1790414201.491
3665,06_similar_function_names,get_embedding,test_func2,,"[-7.22792625e-01  2.49943078e-01  2.48848701e+00  7.54087448e-01
 -1.50946939e+00 -5.47644138e-01 -1",0.047,1790414201.554
3666,06_similar_function_names,get_embedding,__init__,,"[ 2.53393173e+00 -3.39379847e-01  1.96828687e+00  2.81454206e+00
 -2.10156128e-01 -6.35257065e-01 -3",0.031,1790414201.616
3667,06_similar_function_names,get_embedding,test_function,,"[-1.47056413e+00  1.49300173e-01  2.88523245e+00  8.67266297e-01
 -3.20781440e-01 -5.38479209e-01 -1",0.031,1790414201.679
3668,06_similar_function_names,get_embedding,func_test,,"[-2.24431902e-01  1.77261680e-01  1.75384271e+00  1.39020574e+00
 -1.97557139e+00  5.52773118e-01 -1",0.031,1790414201.741
3669,06_similar_function_names,get_embedding,create_user,,"[ 4.91485298e-01  8.68694901e-01  4.41724253e+00  1.43809581e+00
 -3.12717408e-01 -8.59430671e-01 -9",0.031,1790414201.804
3670,06_similar_function_names,get_embedding,add_to_list,,"[ 7.10235476e-01  9.21583056e-01  3.08224702e+00  5.70889235e-01
  3.26338828e-01 -1.51313329e+00 -5",0.031,1790414201.866
3671,06_similar_function_names,get_embedding,configure_settings,,"[ 1.3939503  -0.19981465  2.6573386   1.2003417   1.3538096   0.58622426
 -1.398432    0.13508298  0",0.031,1790414201.929
3672,06_similar_function_names,get_embedding,create_user_1,,"[ 3.15022856e-01  6.40185237e-01  3.97655439e+00  1.12770081e+00
 -5.18122852e-01 -2.80234873e-01 -4",0.031,1790414201.991
3673,06_similar_function_names,get_embedding,add_to_list_1,,"[ 0.29619065  1.6019107   3.4011068   1.1389395  -0.37175503 -1.7577472
  0.03245809 -1.0272096  -1.",0.031,1790414202.054
3674,06_similar_function_names,get_embedding,configure_settings_1,,"[ 1.92466044e+00  5.41487694e-01  2.91487718e+00  5.01731873e-01
  1.01575112e+00  8.27363431e-01 -1",0.031,1790414202.116
3675,06_similar_function_names,get_embedding,get_user_age,,"[-8.32341552e-01 -3.53133470e-01  1.58869112e+00 -2.20744640e-01
 -4.79475737e-01  8.50581050e-01 -6",0.031,1790414202.179
3676,06_similar_function_names,get_embedding,process_payment,,"[-2.52320111e-01 -1.19775701e+00  8.79797280e-01  4.61915493e-01
  5.00726998e-01 -8.32187653e-01 -2",0.031,1790414202.241
3677,06_similar_function_names,get_embedding,fetch_from_database,,"[ 2.04251361e+00  2.20759797e+00  1.85209692e+00  1.58386421e+00
  1.17608571e+00 -1.30333197e+00  5",0.031,1790414202.304
3678,06_similar_function_names,get_embedding,get_active_user_profile,,"[-7.90745199e-01  1.79381073e+00  2.15469790e+00 -5.22913411e-02
  4.77002978e-01 -2.26400584e-01 -2",0.031,1790414202.366
3679,06_similar_function_names,get_embedding,calculate_items,,"[ 2.95575881e+00 -8.80448818e-01 -4.47615594e-01  1.52653754e+00
 -1.19230382e-01 -7.14904606e-01 -3",0.031,1790414202.429
3680,06_similar_function_names,get_embedding,calculate_total_price,,"[ 1.68200660e+00 -1.07070279e+00  6.45108640e-01  2.02687311e+00
 -1.80765390e+00  6.06978685e-02 -3",0.047,1790414202.569
3681,06_similar_function_names,get_embedding,calculate_shipping_fee,,"[ 2.6034524  -0.7416575   0.78527063  1.6760529  -2.5598383   0.85347855
 -0.63412666 -0.02886732  1",0.047,1790414202.632
3682,06_similar_function_names,get_embedding,print_order_summary,,"[-5.80359757e-01 -1.39748192e+00 -2.70665318e-01  1.35441530e+00
 -1.73316610e+00  7.51134574e-01 -8",0.047,1790414202.694
3683,06_similar_function_names,get_embedding,__init__,,"[ 2.53393173e+00 -3.39379847e-01  1.96828687e+00  2.81454206e+00
 -2.10156128e-01 -6.35257065e-01 -3",0.047,1790414202.757
3684,06_similar_function_names,get_embedding,process,,"[-1.86423838e-01  4.37152863e-01  7.54373312e-01  2.09829903e+00
  3.87903064e-01  2.27041677e-01 -2",0.031,1790414202.819
3685,06_similar_function_names,get_embedding,calculate,,"[ 3.59322262e+00  1.22297609e+00 -4.87075031e-01  1.37382269e+00
 -3.04485917e-01 -4.26218957e-01 -5",0.047,1790414202.882
3686,06_similar_function_names,get_embedding,send_notification,,"[-8.20491493e-01  1.01047266e+00  1.74221933e+00  2.49120188e+00
 -1.64546812e+00 -7.82413602e-01 -3",0.047,1790414202.944
3687,06_similar_function_names,get_embedding,send_notification,,"[-8.20491493e-01  1.01047266e+00  1.74221933e+00  2.49120188e+00
 -1.64546812e+00 -7.82413602e-01 -3",0.047,1790414203.007
3688,06_similar_function_names,get_embedding,calculate_discount,,"[ 1.0928452  -0.8478355   0.50069517  1.2139894  -1.5555376   0.28794956
 -1.4759371   0.51206124  0",0.047,1790414203.069
3689,06_similar_function_names,get_embedding,check_permission,,"[-1.11226273e+00  2.23552465e+00  2.75675344e+00  8.17467391e-01
  1.62508416e+00 -1.46419048e-01 -6",0.031,1790414203.132
3690,06_similar_function_names,get_embedding,__init__,,"[ 2.53393173e+00 -3.39379847e-01  1.96828687e+00  2.81454206e+00
 -2.10156128e-01 -6.35257065e-01 -3",0.031,1790414203.195
3691,06_similar_function_names,get_embedding,_display_system,,"[-4.92580533e-02 -8.42070878e-01  3.02416229e+00  2.89861053e-01
 -8.90818775e-01  7.58733094e-01 -1",0.031,1790414203.257
3692,06_similar_function_names,get_embedding,__init__,,"[ 2.53393173e+00 -3.39379847e-01  1.96828687e+00  2.81454206e+00
 -2.10156128e-01 -6.35257065e-01 -3",0.031,1790414203.32
3693,06_similar_function_names,get_embedding,__boot_kernel,,"[ 7.44254410e-01 -3.57095748e-01  1.76877558e+00  1.83423483e+00
  2.07356381e+00  1.39475882e+00 -1",0.031,1790414203.382
3694,06_similar_function_names,get_embedding,__init__,,"[ 2.53393173e+00 -3.39379847e-01  1.96828687e+00  2.81454206e+00
 -2.10156128e-01 -6.35257065e-01 -3",0.031,1790414203.445
3695,06_similar_function_names,get_embedding,__len__,,"[ 6.95609570e-01 -1.55792606e+00  2.07452321e+00  3.25399089e+00
 -1.00674570e+00 -8.52489352e-01 -2",0.031,1790414203.507
3696,06_similar_function_names,get_embedding,process_user_data,,"[-0.3789238  -0.92260486  1.965468    0.9001313   0.80745846 -0.9520822
 -0.9926748   0.08455223  2.",0.031,1790414203.71
3697,06_similar_function_names,get_embedding,order_consumer_ranking,,"[-2.64351666e-01 -8.77898514e-01  5.94013393e-01  4.62120712e-01
 -1.20487320e+00  2.22761941e+00 -1",0.031,1790414203.773
3698,06_similar_function_names,get_embedding,send_welcome_email,,"[-5.14796257e-01  2.11351067e-01  2.93870640e+00  2.48766971e+00
 -5.80890775e-01 -4.92909610e-01 -3",0.031,1790414203.835
3699,06_similar_function_names,get_embedding,process_user_data_v2,,"[-1.54893005e+00  3.27422440e-01  2.10910487e+00  2.50299543e-01
  1.03674603e+00 -9.15053666e-01 -1",0.031,1790414203.898
3700,06_similar_function_names,get_embedding,process_user_data_batch,,"[ 1.30215788e+00  3.66570242e-02  1.29222918e+00  6.07671499e-01
  2.18837070e+00 -5.97520292e-01 -5",0.031,1790414203.96
3701,06_similar_function_names,get_embedding,rank_customer,,"[-1.31718695e-01 -1.73976684e+00  1.19340098e+00 -1.13710761e-02
 -1.00445044e+00  1.68696809e+00 -1",0.031,1790414204.023
