,task_id,func_name,text1,text2,result,inference_time,timestamp
0,01_unnecessary_prints,get_prob,"logger.info(""3335555"")",,-0.52860737,0.359,1790181691.249
1,01_unnecessary_prints,get_prob,print(IMPORT_NUM),,-0.7094075,0.047,1790181691.296
2,01_unnecessary_prints,get_prob,print(imported_value),,-0.48739514,0.031,1790181691.327
3,01_unnecessary_prints,get_prob,"logger.warning(""server error detected"")",,-0.7355471,0.031,1790181691.359
4,01_unnecessary_prints,get_prob,"logger.error(""server fault"")",,-0.45889947,0.031,1790181691.39
5,01_unnecessary_prints,get_prob,"logger.info(""info"")",,-0.19274196,0.031,1790181691.421
6,01_unnecessary_prints,get_prob,"logger.debug(""debug"")",,0.18780169,0.031,1790181691.468
7,01_unnecessary_prints,get_prob,logger.debug('debug test'),,-0.28549838,0.031,1790181691.499
8,01_unnecessary_prints,get_prob,"logger.critical(""CRITICAL ERROR DETECTED !!"")",,-0.749455,0.031,1790181691.531
9,01_unnecessary_prints,get_prob,print('test'),,0.34492132,0.031,1790181691.562
10,01_unnecessary_prints,get_prob,"print(""testing ..."")",,0.20595294,0.031,1790181691.593
11,01_unnecessary_prints,get_prob,print(1),,-0.43988934,0.031,1790181691.64
12,01_unnecessary_prints,get_prob,print(logger),,-0.66491604,0.031,1790181691.671
13,01_unnecessary_prints,get_prob,print(2 + len(str(logger))),,-0.72236633,0.031,1790181691.702
14,01_unnecessary_prints,get_prob,print('ddddddddddddddddddddddddddddddddddddddddddddddddddddddddddddddddd more than line length 120 ========================='),,0.11565838,0.031,1790181691.734
15,01_unnecessary_prints,get_prob,"print(without_type_hint(2025, 113, 'REBEL HEART'))",,-0.5885381,0.031,1790181691.765
16,01_unnecessary_prints,get_prob,"print(with_type_hint(2025, 113, 'REBEL HEART'))",,-0.569056,0.031,1790181691.812
17,01_unnecessary_prints,get_prob,print(1234),,-0.5461873,0.031,1790181691.843
18,01_unnecessary_prints,get_prob,print(5678),,-0.39737236,0.031,1790181691.874
19,01_unnecessary_prints,get_prob,print(sum([p for p in primes if p >= 10])),,-1.343423,0.031,1790181691.906
20,01_unnecessary_prints,get_prob,print(max([p for p in primes if p % 3 == 2])),,-0.8730098,0.047,1790181691.952
21,01_unnecessary_prints,get_prob,print(min([p for p in primes if p % 3 == 1])),,-1.1617146,0.031,1790181691.984
22,01_unnecessary_prints,get_prob,print(all([p % 2 == 1 for p in primes])),,-0.7380794,0.031,1790181692.015
23,01_unnecessary_prints,get_prob,print(any([p % 2 == 1 for p in primes])),,-0.9260923,0.031,1790181692.046
24,01_unnecessary_prints,get_prob,print(sum(p for p in primes if p >= 10)),,-1.2612599,0.031,1790181692.077
25,01_unnecessary_prints,get_prob,print(max(p for p in primes if p % 3 == 2)),,-0.82119054,0.031,1790181692.124
26,01_unnecessary_prints,get_prob,print(min(p for p in primes if p % 3 == 1)),,-1.0670224,0.031,1790181692.156
27,01_unnecessary_prints,get_prob,print(all(p % 2 == 1 for p in primes)),,-0.6774274,0.031,1790181692.187
28,01_unnecessary_prints,get_prob,print(any(p % 2 == 1 for p in primes)),,-0.8549521,0.031,1790181692.218
29,01_unnecessary_prints,get_prob,print(txt_files),,-0.6626816,0.031,1790181692.249
30,01_unnecessary_prints,get_prob,print(function_result),,-0.6556953,0.031,1790181692.296
31,01_unnecessary_prints,get_prob,"print(""최종 반환:"", result)",,-0.18545887,0.031,1790181692.327
32,01_similar_variables,get_embedding,PRESERVED_WORDS,,"[-0.2713275  -1.2743421   0.51819575 -0.13206954 -2.8029208  -0.61808527
 -2.333367   -1.1559184  -1",0.047,1790181694.343
33,01_similar_variables,get_embedding,QUOTES,,"[ 1.60291743e+00  6.27811074e-01  1.03575039e+00  2.63295507e+00
 -1.24531329e+00  1.38920844e-01 -1",0.031,1790181694.39
34,01_similar_variables,get_embedding,TWO_DOUBLE_QUOTES,,"[-7.40021348e-01  1.69939530e+00  1.06741977e+00  2.64537024e+00
 -1.35202706e+00 -1.79424226e-01 -2",0.031,1790181694.437
35,01_similar_variables,get_embedding,QUOTES_BOUND,,"[ 5.30089915e-01  3.33209932e-01 -4.22629774e-01  1.48489618e+00
  2.78083801e-01 -1.44065663e-01 -8",0.031,1790181694.484
36,01_similar_variables,get_embedding,ANY_CONST_OR_VAR,,"[ 1.07338595e+00  5.77834189e-01  2.84642744e+00  1.84485483e+00
 -1.70496571e+00 -6.98827803e-01 -2",0.031,1790181694.546
37,01_similar_variables,get_embedding,result,,"[ 1.50070146e-01 -6.90646470e-01 -1.49498022e+00  4.32917662e-02
 -6.70908988e-01  1.64463413e+00 -2",0.031,1790181694.609
38,01_similar_variables,get_embedding,final_review,,"[ 1.43007421e+00 -1.39740682e+00  1.09962180e-01  1.90777689e-01
  2.08379221e+00  1.83509445e+00 -6",0.031,1790181695.171
39,01_similar_variables,get_embedding,py_file_path,,"[ 1.43470323e+00 -1.06722808e+00  1.08706784e+00  4.84789044e-01
  4.08067465e-01 -1.03401577e+00  6",0.031,1790181695.312
40,01_similar_variables,get_embedding,human_friendly_review,,"[ 1.06236935e+00 -2.09267068e+00  1.41793191e+00  1.35787559e+00
  1.22186339e+00  2.02616262e+00 -1",0.031,1790181695.437
41,01_similar_variables,get_embedding,info_key,,"[ 0.9432577   0.47532064  2.2672737   1.7432553  -0.5378161  -0.3224824
 -0.67114294 -1.2485342   0.",0.031,1790181695.577
42,01_similar_variables,get_embedding,human_friendly_info_key,,"[ 3.29828002e-02 -1.29650986e+00  3.06193495e+00  1.73944783e+00
 -1.19544953e-01 -8.05066466e-01 -9",0.031,1790181695.733
43,01_similar_variables,get_embedding,item,,"[-1.70121658e+00 -2.73362327e+00  8.14968050e-01  3.09687287e-01
 -9.54889119e-01 -3.28418493e-01 -1",0.047,1790181696.015
44,01_similar_variables,get_embedding,replaced_newline_str,,"[ 1.26106620e+00 -5.56349635e-01 -6.69623911e-01  1.30045700e+00
 -1.11277497e+00  1.73344716e-01 -1",0.031,1790181696.624
45,01_similar_variables,get_embedding,readline,,"[ 6.85501218e-01 -8.76274943e-01  3.50546658e-01  6.58995986e-01
 -7.13363439e-02 -1.28536391e+00 -1",0.047,1790181696.812
46,01_similar_variables,get_embedding,token,,"[-2.76668280e-01 -4.16130036e-01  1.35120523e+00  1.54425815e-01
  4.40712363e-01  1.67601287e+00 -2",0.031,1790181696.999
47,01_similar_variables,get_embedding,lines,,"[ 6.09271944e-01  5.86828470e-01  1.92528620e-01  1.31053102e+00
 -3.69069606e-01 -1.62516451e+00 -1",0.031,1790181697.202
48,01_similar_variables,get_embedding,i,,"[-2.41392460e-02 -1.07842410e+00  2.70276165e+00  4.21162099e-01
 -8.93979728e-01 -7.71125376e-01 -4",0.031,1790181697.593
49,01_similar_variables,get_embedding,line,,"[ 8.81572440e-02  2.28238776e-01  6.88335359e-01  6.16577685e-01
 -1.11532986e+00 -2.34588599e+00 -6",0.047,1790181697.812
50,01_similar_variables,get_embedding,pattern,,"[ 3.13648969e-01  1.10282503e-01 -1.86384678e+00  1.21692550e+00
 -1.24632061e+00 -8.94546449e-01 -2",0.031,1790181698.03
51,01_similar_variables,get_embedding,matched_lines,,"[ 2.69875026e+00  1.58135760e+00 -1.38071704e+00  1.42794681e+00
  1.64997414e-01 -2.50884032e+00  1",0.031,1790181698.265
52,01_similar_variables,get_embedding,tokens,,"[-5.21376550e-01 -2.72117352e+00  1.06133418e-02  3.71768363e-02
 -2.00711295e-01  3.57539564e-01 -2",0.031,1790181699.608
53,01_similar_variables,get_embedding,dist,,"[ 9.15045261e-01  1.97513178e-01  1.64078665e+00 -3.32405776e-01
 -1.84406984e+00  6.05179131e-01 -6",0.031,1790181699.874
54,01_similar_variables,get_embedding,py_code,,"[ 4.64796454e-01 -9.14361000e-01  8.41941059e-01  1.34452057e+00
 -2.14940757e-01 -6.14155114e-01 -1",0.047,1790181700.577
55,01_similar_variables,get_embedding,parsed_py_code,,"[ 1.75202286e+00 -6.22861505e-01 -1.45798159e+00  1.74236894e+00
 -2.83700526e-01  1.62411571e+00 -1",0.047,1790181701.14
56,01_similar_variables,get_embedding,max_line_no,,"[-2.49682426e+00 -1.32957482e+00  1.81903526e-01  1.58765638e+00
  1.19021988e+00 -2.52786803e+00  1",0.047,1790181701.452
57,01_similar_variables,get_embedding,function_name_by_line,,"[-5.51962972e-01 -2.94677258e-01 -1.73455358e-01  1.46589279e+00
 -1.21792352e+00 -9.60007429e-01 -1",0.031,1790181701.765
58,01_similar_variables,get_embedding,_,,"[-2.33048752e-01 -1.60566628e+00 -3.14590067e-01  6.86562598e-01
 -1.67212260e+00  3.24224442e-01 -2",0.031,1790181702.093
59,01_similar_variables,get_embedding,start_line_no,,"[ 1.17472005e+00  1.35413063e+00  2.29335022e+00 -1.60256997e-01
  2.74372578e-01  1.94771722e-01  5",0.031,1790181702.718
60,01_similar_variables,get_embedding,end_line_no,,"[-1.08813977e+00  4.96011198e-01  1.56301725e+00  1.22204888e+00
 -2.64220327e-01 -7.27367103e-01  2",0.031,1790181703.062
61,01_similar_variables,get_embedding,py_file_path_,,"[ 7.28673816e-01 -3.42784375e-01  1.27043355e+00  7.51293659e-01
  5.32017946e-01 -8.96004081e-01  9",0.031,1790181704.546
62,01_similar_variables,get_embedding,class_name_by_line,,"[-9.78279769e-01 -9.53122377e-01 -5.29284775e-01  1.10961545e+00
 -1.50543547e+00 -7.39082575e-01 -7",0.035,1790181707.276
63,01_similar_variables,get_embedding,defined_info,,"[-1.17503703e+00  6.88902318e-01  1.84916747e+00  2.11808160e-01
 -1.43506706e+00 -3.91033500e-01 -1",0.078,1790181712.222
64,01_similar_variables,get_embedding,used_info,,"[-5.26655555e-01 -1.15298772e+00  8.96903634e-01 -1.65603049e-02
  1.35996652e+00 -4.40255165e-01 -8",0.062,1790181712.753
65,01_similar_variables,get_embedding,line_no,,"[-3.21942061e-01  2.04899120e+00  1.27087665e+00  6.72639370e-01
  8.61843705e-01 -1.07899857e+00  6",0.094,1790181713.769
66,01_similar_variables,get_embedding,func_name,,"[-1.61182368e+00 -5.81736207e-01  1.16186774e+00  1.45406604e+00
 -2.82733703e+00  1.25126147e+00 -1",0.094,1790181714.347
67,01_similar_variables,get_embedding,func_name_for_func_def,,"[-9.97046232e-01 -2.11880267e-01  5.25047719e-01  2.33401418e+00
 -3.81260324e+00  7.12642133e-01 -1",0.047,1790181715.019
68,01_similar_variables,get_embedding,info_key_for_func_def,,"[-1.37103260e+00  1.25157356e-01  1.52867007e+00  2.78234243e+00
 -2.33029461e+00 -1.06613421e+00 -1",0.047,1790181716.034
69,01_similar_variables,get_embedding,import_infos,,"[ 4.30826284e-02 -9.96747091e-02  5.05073309e-01  1.22044742e+00
 -1.35224506e-01 -1.33502781e+00 -6",0.031,1790181716.565
70,01_similar_variables,get_embedding,info,,"[-1.08858383e+00  3.29525203e-01  2.10515380e+00 -9.66726243e-02
 -5.31370103e-01 -1.64437497e+00 -1",0.031,1790181717.112
71,01_similar_variables,get_embedding,import_infos_with_type,,"[-8.52683663e-01  8.16496074e-01  4.93470013e-01  3.19811749e+00
 -3.38447332e-01 -4.89078999e-01 -1",0.031,1790181717.675
72,01_similar_variables,get_embedding,name,,"[-5.77679276e-01 -3.54648620e-01  3.42875011e-02  1.53582975e-01
 -3.35779405e+00  1.94068468e+00 -1",0.047,1790181719.44
73,01_similar_variables,get_embedding,arg_names,,"[ 1.51189655e-01 -1.39891076e+00  9.93798435e-01  9.16170478e-01
 -2.25903273e+00  1.89996469e+00 -1",0.031,1790181720.018
74,01_similar_variables,get_embedding,arg_names_with_type,,"[-1.12789369e+00 -3.95405702e-02  7.46902168e-01  1.21153593e+00
 -1.92182672e+00  7.81513572e-01 -1",0.047,1790181720.617
75,01_similar_variables,get_embedding,arg_name,,"[ 0.69259757 -0.8691126   1.2497551  -0.05728678 -2.1271617   1.8020804
 -1.7093954   0.14414668  0.",0.047,1790181721.383
76,01_similar_variables,get_embedding,constant_info,,"[-1.94788069e-01 -6.39849126e-01  2.08171391e+00  9.90864277e-01
 -2.88684559e+00  6.77882060e-02 -1",0.031,1790181721.977
77,01_similar_variables,get_embedding,constant_with_type,,"[-1.65841079e+00 -6.28561139e-01  2.46287894e+00  1.97058928e+00
 -2.02213550e+00 -2.18267038e-01 -1",0.031,1790181725.055
78,01_similar_variables,get_embedding,function_bodies_info,,"[-2.82970452e+00 -8.80643845e-01  7.58663714e-01  1.57042027e+00
 -8.08374882e-01 -1.35522783e+00 -7",0.031,1790181725.679
79,01_similar_variables,get_embedding,function_name,,"[-1.25736725e+00 -1.71142653e-01  9.19746578e-01  1.20831096e+00
 -2.29973459e+00  1.34755838e+00 -9",0.031,1790181727.882
80,01_similar_variables,get_embedding,function_body,,"[ 1.19510925e+00 -1.17141211e+00 -7.85899341e-01  2.60154033e+00
 -3.36959898e-01  5.08974381e-02 -1",0.031,1790181728.711
81,01_similar_variables,get_embedding,line_idx,,"[-3.85954201e-01 -2.69497454e-01  1.12730896e+00  1.06353499e-01
 -2.85994053e-01 -1.77306688e+00  9",0.031,1790181733.836
82,01_similar_variables,get_embedding,lines_to_search,,"[-8.08395073e-02 -1.09404922e+00 -2.43999362e+00 -1.93043828e-01
  1.29045022e+00 -1.30851638e+00 -5",0.031,1790181735.403
83,01_similar_variables,get_embedding,matched,,"[-1.96974669e-02  2.08050799e+00 -4.04665858e-01  2.02318120e+00
 -1.33105493e+00 -7.87243545e-01 -6",0.031,1790181736.163
84,01_similar_variables,get_embedding,matched_text,,"[ 2.21408963e+00 -1.08134437e+00 -1.13848615e+00  8.54216456e-01
 -5.22720456e-01 -6.84233308e-01 -1",0.047,1790181736.912
85,01_similar_variables,get_embedding,matched_groups,,"[-7.94722617e-01  2.08863759e+00  4.96323884e-01  4.40584511e-01
 -2.31950283e-01  1.38376594e+00  4",0.031,1790181737.662
86,01_similar_variables,get_embedding,lines_to_show,,"[-5.76092243e-01 -1.40916252e+00 -1.52789235e+00 -7.01022923e-01
  1.30589867e+00 -1.48720527e+00 -1",0.031,1790181739.287
87,01_similar_variables,get_embedding,is_matched,,"[-1.07085824e+00  3.22007990e+00  7.83603251e-01  1.02952743e+00
 -2.55587995e-01 -9.83602047e-01 -1",0.031,1790181740.788
88,01_similar_variables,get_embedding,is_file_line_matched,,"[-2.79996216e-01  4.54842448e-01 -1.44628692e+00  2.13873342e-01
  1.59080756e+00 -2.46104717e+00  4",0.031,1790181741.725
89,01_similar_variables,get_embedding,final_result_dict,,"[ 4.03565407e-01 -9.04321969e-01 -2.39607120e+00  1.04011595e+00
 -1.67530799e+00  2.68741101e-01 -8",0.031,1790181746.069
90,01_similar_variables,get_embedding,str_pattern_1,,"[ 6.5438640e-01 -5.9764385e-01 -2.3348117e-01  1.1093779e+00
 -3.8843505e-02  4.2381197e-01 -2.87195",0.031,1790181746.881
91,01_similar_variables,get_embedding,str_pattern_2,,"[ 3.46282870e-01  2.32403919e-01 -8.65619361e-01  1.26218772e+00
  2.62786895e-01  6.80226266e-01 -2",0.031,1790181747.725
92,01_similar_variables,get_embedding,regex,,"[-9.53945637e-01 -1.68106273e-01 -1.32163048e+00 -1.36524558e-01
 -9.44930553e-01  2.57077754e-01 -1",0.031,1790181748.725
93,01_similar_variables,get_embedding,last_if_elif_line_idx,,"[-0.06976788  1.4663202   0.31352824  1.1781371   1.5371697  -2.4956758
  0.951703   -0.4288987   0.",0.047,1790181751.711
94,01_similar_variables,get_embedding,current_if_elifs,,"[-1.06236911e+00 -5.00012040e-01 -6.94313645e-01 -1.33332574e+00
  5.48170567e-01 -2.34051037e+00 -7",0.031,1790181752.586
95,01_similar_variables,get_embedding,keyword,,"[-1.66764641e+00 -1.57545459e+00 -1.35176933e+00  4.43545252e-01
  1.12266146e-01  2.76198834e-01 -1",0.062,1790181757.898
96,01_similar_variables,get_embedding,var_name,,"[ 1.51733086e-01 -3.25138164e+00 -8.43650103e-02  1.31502271e+00
 -2.35124397e+00  1.27830219e+00 -1",0.062,1790181759.007
97,01_similar_variables,get_embedding,checks,,"[-1.05748212e+00 -7.11369097e-01  1.20691454e+00 -6.37647212e-01
  5.03405392e-01 -4.42471914e-02 -2",0.094,1790181763.71
98,01_similar_variables,get_embedding,python_basics_result,,"[ 1.12694204e+00 -4.21834588e-01  3.27420861e-01  1.30256623e-01
 -3.79970998e-01  8.11295748e-01 -1",0.078,1790181775.8
99,01_similar_variables,get_embedding,basic_convention_result,,"[ 3.86481702e-01 -6.50505543e-01 -9.05030072e-01  7.38011122e-01
 -8.34248722e-01  8.84805799e-01 -3",0.031,1790181776.832
100,01_similar_variables,get_embedding,simplification_result,,"[ 1.04440010e+00 -6.25629485e-01 -9.27152872e-01 -6.78216159e-01
 -1.69323671e+00  8.59770715e-01 -1",0.031,1790181777.863
101,01_similar_variables,get_embedding,other_pythonic_result,,"[-3.03115547e-01  2.46561505e-02 -1.24379945e+00  1.19918847e+00
 -2.16273808e+00 -1.51097506e-01 -1",0.031,1790181779.066
102,01_similar_variables,get_embedding,exceptions_result,,"[-7.74134159e-01 -7.42713630e-01 -5.96017420e-01  1.14953756e+00
 -1.02026212e+00  1.71856213e+00 -6",0.031,1790181780.113
103,01_similar_variables,get_embedding,cohesiveness_and_class_result,,"[-6.39853179e-01  4.79676992e-01 -5.21710157e-01  7.94554651e-01
 -2.44397306e+00 -3.33922267e-01  2",0.031,1790181781.201
104,01_similar_variables,get_embedding,final_result,,"[ 1.18051600e+00 -7.68147945e-01 -4.79227066e-01 -2.78020799e-01
  1.92401141e-01  4.44787741e-02 -1",0.047,1790181782.42
105,01_similar_variables,get_embedding,file_name_format,,"[ 1.25880301e+00 -2.73694181e+00  1.84533358e-01 -5.01586676e-01
 -2.62595677e+00  8.69689167e-01 -1",0.047,1790181783.826
106,01_similar_variables,get_embedding,import_info,,"[ 1.65626436e-01 -8.82822216e-01  4.66753244e-02  4.66861576e-01
  4.45257753e-01 -9.55366731e-01 -9",0.047,1790181786.451
107,01_similar_variables,get_embedding,body_1_lines,,"[ 2.89481783e+00 -8.34774435e-01 -8.85669410e-01  1.43373942e+00
  1.05893171e+00 -5.84700525e-01 -2",0.031,1790181788.607
108,01_similar_variables,get_embedding,body_2_lines,,"[ 1.9767812  -1.0568144  -0.9209209   2.1578383   1.6752225  -0.9709286
  0.7101179  -1.647186   -1.",0.031,1790181790.966
109,01_similar_variables,get_embedding,seq_matcher,,"[ 1.39168179e+00  1.89502478e-01 -1.12994529e-01  5.35936892e-01
 -8.58182907e-01 -2.54927605e-01  1",0.031,1790181793.326
110,01_similar_variables,get_embedding,lcs,,"[-4.32095498e-01 -4.93698239e-01 -1.07582927e+00 -9.69684541e-01
 -2.94932902e-01 -2.71594715e+00  5",0.031,1790181794.466
111,01_similar_variables,get_embedding,cond_lcs_1,,"[ 1.20545387e+00 -1.06653547e+00  5.36737680e-01 -1.36872962e-01
 -4.03667271e-01 -2.01843858e+00  4",0.031,1790181795.613
112,01_similar_variables,get_embedding,cond_lcs_2,,"[-2.91696548e-01  8.80438030e-01  2.04651505e-01  6.40540898e-01
  1.27318180e+00 -2.14731956e+00  9",0.031,1790181796.928
113,01_similar_variables,get_embedding,cond_lcs_3,,"[-3.08162212e-01  7.39269316e-01  7.29979277e-01  4.38471258e-01
  8.53538692e-01 -1.20077920e+00  4",0.047,1790181798.084
114,01_similar_variables,get_embedding,imported_dict,,"[ 1.1626705e+00 -1.7318214e+00 -1.0722233e+00  2.6857605e+00
  3.8037542e-01  1.3056666e+00 -1.20367",0.031,1790181800.522
115,01_similar_variables,get_embedding,all_unused_list,,"[-2.82913399e+00  3.10794711e-01 -2.28725076e-01 -1.03307426e+00
  1.00690150e+00 -8.70602846e-01 -8",0.062,1790181805.85
116,01_similar_variables,get_embedding,k,,"[ 8.77440989e-01 -3.81589621e-01  3.52257085e+00  1.26163459e+00
  6.66062653e-01 -3.04631591e-01 -3",0.062,1790181807.084
117,01_similar_variables,get_embedding,defined_info_list,,"[-1.19665158e+00  7.95781970e-01  1.12246335e+00 -5.70560575e-01
  6.28832817e-01 -1.00849353e-01 -1",0.094,1790181808.365
118,01_similar_variables,get_embedding,used_names,,"[-1.07718110e+00  1.06772578e+00  1.93182397e+00  9.32121396e-01
 -2.05939150e+00  7.56344497e-01 -4",0.031,1790181809.74
119,01_similar_variables,get_embedding,defined_names,,"[-2.8800883e+00  7.8915012e-01  1.9088501e+00  1.3119004e+00
 -2.0609336e+00  6.3102734e-01 -1.82190",0.031,1790181810.989
120,01_similar_variables,get_embedding,defined_set,,"[-1.50228369e+00  6.37012661e-01  2.06180596e+00  3.66359174e-01
 -2.47716814e-01 -1.92045057e+00 -1",0.031,1790181813.582
121,01_similar_variables,get_embedding,used_set,,"[-3.47853959e-01 -3.29501145e-02  2.21358800e+00 -9.26414490e-01
  9.91465390e-01 -1.43218124e+00 -1",0.031,1790181814.817
122,01_similar_variables,get_embedding,unused_set,,"[-1.1751523e+00 -4.4522262e-01  1.5438576e+00 -1.1070284e+00
 -3.7316427e-01 -1.0451794e+00 -7.45729",0.031,1790181816.238
123,01_similar_variables,get_embedding,unused_list,,"[-1.92149675e+00  1.74972665e+00  4.80845541e-01 -5.36664426e-01
  9.95189607e-01 -7.54112244e-01 -1",0.031,1790181817.488
124,01_similar_variables,get_embedding,text_embedding_model,,"[ 1.12559092e+00 -8.34545866e-02 -1.34280074e+00  9.13620532e-01
 -9.58644450e-01 -1.31488872e+00  6",0.031,1790181820.129
125,01_similar_variables,get_embedding,re_logger,,"[-1.91713905e+00 -4.51477706e-01 -9.95733619e-01  1.20755792e+00
 -6.11163020e-01 -1.51415821e-02 -6",0.031,1790181822.801
126,01_similar_variables,get_embedding,re_print,,"[ 2.4237151e-01 -6.6327131e-01  1.8642629e+00  2.1522188e-01
  6.0190701e-01 -7.8412712e-01 -4.31447",0.031,1790181824.098
127,01_similar_variables,get_embedding,py_code_lines,,"[-8.03950489e-01 -3.12892616e-01  1.20505071e+00  2.15731859e+00
  1.02745128e+00 -1.97774398e+00 -3",0.031,1790181827.191
128,01_similar_variables,get_embedding,logger_loggings,,"[-3.81940991e-01 -5.55326462e-01 -1.91648686e+00  1.94676995e+00
 -9.58684325e-01 -1.39148995e-01  7",0.031,1790181828.659
129,01_similar_variables,get_embedding,prints,,"[ 2.0978077e-01 -2.0441945e+00  1.1741563e+00  1.3674842e+00
 -1.0329825e+00  2.5491261e-01 -1.14505",0.047,1790181832.722
130,01_similar_variables,get_embedding,print_types,,"[-2.75853729e+00 -6.78720832e-01  1.73301435e+00  2.37202311e+00
 -2.55102420e+00 -1.74824405e+00 -2",0.047,1790181836.832
131,01_similar_variables,get_embedding,print_collection,,"[-2.14987946e+00 -1.88279605e+00 -1.84285164e+00  3.99020851e-01
 -5.88789582e-01 -1.79800546e+00 -1",0.031,1790181838.347
132,01_similar_variables,get_embedding,print_type,,"[-1.25079215e+00 -1.86799979e+00  1.97524321e+00  1.35142195e+00
 -2.16547251e+00 -7.95587152e-02 -1",0.031,1790181839.722
133,01_similar_variables,get_embedding,defined_constant_names,,"[-1.58433938e+00 -7.16010511e-01  1.46771801e+00  1.84757400e+00
 -2.99865842e+00  1.25055850e+00 -1",0.031,1790181846.816
134,01_similar_variables,get_embedding,repeated_long_strs,,"[ 1.31009769e+00 -3.54424149e-01 -1.15442133e+00  1.80324686e+00
  5.61017811e-01  1.15343668e-02  3",0.031,1790181848.378
135,01_similar_variables,get_embedding,simplified_function_body_list,,"[-6.16096631e-02 -2.38960654e-01 -2.61799550e+00  2.12902522e+00
 -2.92483084e-02  3.88448715e-01 -1",0.031,1790181849.784
136,01_similar_variables,get_embedding,constant_value_info,,"[ 5.76487541e-01 -2.10190378e-02  2.93299270e+00  9.26656425e-01
 -2.71361732e+00  9.78968680e-01 -1",0.062,1790181856.09
137,01_similar_variables,get_embedding,defind_constants_info,,"[-2.53063583e+00 -4.69349653e-01  6.09449685e-01  1.23557091e+00
 -2.97399235e+00 -2.11151302e-01 -1",0.094,1790181857.59
138,01_similar_variables,get_embedding,func,,"[ 7.56066024e-01  8.65344524e-01  7.04018116e-01  4.78264332e-01
 -2.12490177e+00  9.61741149e-01 -1",0.094,1790181860.684
139,01_similar_variables,get_embedding,info_list,,"[ 2.39379946e-02  2.21329853e-01  1.71417999e+00 -1.07117021e+00
  1.01043630e+00 -8.84863496e-01  4",0.031,1790181862.309
140,01_similar_variables,get_embedding,long_constant_value_info,,"[ 7.29635656e-01 -2.90546864e-01  1.99279106e+00  8.54353666e-01
  2.36131772e-01 -1.10120833e-01 -8",0.031,1790181863.777
141,01_similar_variables,get_embedding,function_body_items,,"[-1.11533546e+00 -8.63285124e-01 -1.78739607e+00  2.41066313e+00
 -6.05616271e-01 -4.77379024e-01 -1",0.031,1790181881.299
142,01_similar_variables,get_embedding,start_line,,"[ 1.40510345e+00  6.40239716e-01  1.83258796e+00 -7.60661483e-01
 -7.92866230e-01 -8.09186757e-01 -2",0.031,1790181887.787
143,01_similar_variables,get_embedding,simplified_body,,"[ 2.3608458  -0.71682453 -2.3264031   1.9132863  -0.8486252   0.84307146
 -0.58825773 -0.30033055 -0",0.031,1790181889.381
144,01_similar_variables,get_embedding,existing_simplified_body,,"[ 1.94401455e+00  1.59280562e+00 -2.21597815e+00  7.11152613e-01
 -3.40424746e-01 -8.91773462e-01 -6",0.031,1790181891.132
145,01_similar_variables,get_embedding,text_embedding_logs,,"[ 1.27378023e+00 -1.32166004e+00 -2.39169312e+00  2.21686363e+00
 -6.47071719e-01 -1.66277528e+00  1",0.031,1790181892.725
146,01_similar_variables,get_embedding,all_similar_text_pairs,,"[ 9.66372848e-01 -1.38851449e-01 -2.75321752e-02  1.56319547e+00
  8.81870866e-01 -2.41929129e-01 -7",0.031,1790181894.491
147,01_similar_variables,get_embedding,embedding_vector,,"[ 0.77378607 -3.2918358   0.14419366  1.7373449  -0.88166505 -1.6661209
  1.7984248  -0.5917021   0.",0.094,1790181901.598
148,01_similar_variables,get_embedding,log,,"[-1.47888327e+00 -6.74697980e-02 -1.28052270e+00  1.77430916e+00
 -1.26553500e+00 -1.06043315e+00 -5",0.031,1790181903.395
149,01_similar_variables,get_embedding,cos_sim,,"[ 1.21633506e+00  1.43043268e+00  4.23267663e-01  1.80095935e+00
 -1.43820331e-01  4.05100405e-01 -2",0.031,1790181905.051
150,01_similar_variables,get_embedding,all_variables_dict,,"[-7.82971561e-01 -1.76426017e+00  7.90479779e-01  1.05435300e+00
 -2.90324450e-01 -9.24210668e-01 -1",0.031,1790181910.27
151,01_similar_variables,get_embedding,variable_info,,"[-6.58567529e-03 -2.14765692e+00  1.80531728e+00  9.15160179e-01
 -1.75851893e+00 -9.75909352e-01 -8",0.031,1790181918.011
152,01_similar_variables,get_embedding,func_annot_dict,,"[-7.75088891e-02 -3.67191821e-01  2.13117838e-01  2.46413207e+00
 -2.18391347e+00 -4.32349443e-02 -1",0.047,1790181932.724
153,01_similar_variables,get_embedding,function_defs,,"[-1.19859552e+00  7.10925102e-01  1.01086128e+00  2.23899245e+00
 -2.35306358e+00 -8.20414603e-01 -1",0.031,1790181940.724
154,01_similar_variables,get_embedding,func_args,,"[ 0.46136728 -0.5132641   0.74891365  1.600275   -0.3295025   2.5454187
 -1.4101502  -0.5825755  -0.",0.062,1790181946.453
155,01_similar_variables,get_embedding,func_arg_names,,"[ 0.2879214  -1.0713537   0.7017388   1.8502359  -2.695853    2.1834192
 -1.6852496  -0.25724694  1.",0.094,1790181950.3
156,01_similar_variables,get_embedding,func_annots,,"[-1.55123556e+00 -5.78758776e-01  2.06549242e-01  3.28549862e-01
 -1.85865772e+00 -8.89716864e-01 -1",0.094,1790181952.363
157,01_similar_variables,get_embedding,annot,,"[-1.57410336e+00 -1.04213274e+00  2.77915311e+00  1.02722907e+00
 -2.18673205e+00 -1.58818781e+00 -8",0.047,1790181956.175
158,01_similar_variables,get_embedding,existing_annot,,"[-1.53882194e+00  2.17507625e+00  9.60407257e-01  1.02357221e+00
  8.11736465e-01 -2.93184900e+00 -6",0.031,1790181958.19
159,01_similar_variables,get_embedding,var_names,,"[-1.20025706e+00 -2.71730280e+00  6.79088980e-02  1.93468797e+00
 -2.60687327e+00  1.27923262e+00 -1",0.031,1790181968.259
160,01_similar_variables,get_embedding,func_names,,"[-1.71259475e+00 -1.69137985e-01  9.85113323e-01  2.36163592e+00
 -2.93726802e+00  4.28651869e-01 -1",0.031,1790181972.196
161,01_similar_variables,get_embedding,names,,"[-4.49412912e-01 -3.14723760e-01  4.63246822e-01  8.15437555e-01
 -3.38148880e+00  1.44477141e+00 -1",0.047,1790181976.184
162,01_similar_variables,get_embedding,name_info,,"[-1.03056359e+00 -3.22161078e-01  7.39122748e-01 -8.57893825e-01
 -2.91652989e+00  1.88728142e+00  3",0.031,1790181978.278
163,01_similar_variables,get_embedding,py_file_paths,,"[ 4.65471804e-01 -4.96340215e-01  6.99335098e-01  6.43617272e-01
 -1.45259947e-01 -1.41693366e+00  4",0.062,1790181990.294
164,01_similar_variables,get_embedding,py_file_names,,"[-3.71937335e-01 -1.35774779e+00  8.99883389e-01  1.36336398e+00
 -1.28817046e+00 -5.49729407e-01  6",0.078,1790181992.473
165,01_similar_variables,get_embedding,path,,"[-2.64360547e-01 -1.30786312e+00 -1.31602615e-01 -8.81860197e-01
 -6.38343096e-01 -1.57568645e+00 -8",0.094,1790181994.504
166,01_similar_variables,get_embedding,py_file_names_set,,"[ 2.72093445e-01 -1.01846731e+00  1.46738673e-02  1.34217739e+00
 -1.01665640e+00 -8.20511162e-01  4",0.031,1790181996.661
167,01_similar_variables,get_embedding,return_pattern_dict,,"[-4.06914234e-01 -3.97664607e-01 -2.84655905e+00  1.65678370e+00
 -1.04748964e-01 -4.42108870e-01 -2",0.047,1790181998.817
168,01_similar_variables,get_embedding,func_names_info,,"[-2.88099408e+00  6.42652512e-01  6.72366977e-01  2.52073669e+00
 -3.59231639e+00  2.15254799e-01 -1",0.031,1790182005.775
169,01_similar_variables,get_embedding,imported_names_info,,"[ 0.03791185 -0.73138535  0.85137343  1.2679201  -0.7445743   0.7223878
 -1.010189    1.0505772   0.",0.031,1790182010.003
170,01_similar_variables,get_embedding,imported_names,,"[ 5.98922789e-01 -1.27485693e+00  2.30648592e-01  1.61010587e+00
 -5.78658998e-01  9.77917016e-01 -2",0.031,1790182020.76
171,01_similar_variables,get_embedding,func_and_imported_names,,"[ 0.281539    0.6247647   1.0327194   3.5640845  -2.491169   -0.8498899
 -1.2708492   0.51354915  0.",0.031,1790182025.04
172,01_similar_variables,get_embedding,func_list,,"[-1.68237710e+00  1.50253817e-01  1.86991647e-01  9.47397113e-01
 -1.70410311e+00 -3.96183759e-01 -1",0.031,1790182027.133
173,01_similar_variables,get_embedding,match,,"[-1.47398436e+00  2.28869247e+00 -4.86714125e-01  1.33930814e+00
 -2.63681340e+00  5.65152824e-01 -1",0.094,1790182041.094
174,01_similar_variables,get_embedding,third_party_imported,,"[-0.62772536 -0.5229331  -0.502276    2.1055932   1.5273572  -0.03673296
 -0.42537862 -0.9561007  -1",0.031,1790182054.875
175,01_similar_variables,get_embedding,local_imported,,"[ 2.26204515e+00  3.32013577e-01  1.04033852e+00  1.77332747e+00
  7.12034523e-01 -2.43835807e+00 -1",0.031,1790182057.218
176,01_similar_variables,get_embedding,parsed_imports,,"[ 2.18867469e+00 -4.40638989e-01 -2.58735156e+00  1.87030804e+00
 -3.92336305e-03 -4.08012122e-01 -1",0.031,1790182059.437
177,01_similar_variables,get_embedding,lib_names_import,,"[ 2.73491651e-01 -1.43904793e+00 -9.27942932e-01  1.95751035e+00
 -2.01040864e+00  1.34418577e-01  4",0.031,1790182064.156
178,01_similar_variables,get_embedding,lib_names_import_from,,"[ 1.55713284e+00 -1.54624939e+00 -9.24640536e-01  1.77143669e+00
 -1.81759179e+00  1.67779073e-01  2",0.031,1790182075.666
179,01_similar_variables,get_embedding,imported_lib_names,,"[ 0.73438317 -1.3878278  -0.392848    2.2529478   0.22437048 -0.6630359
  0.5664531   1.1141739   0.",0.031,1790182080.463
180,01_similar_variables,get_embedding,text_embedding_model_single_responsibility,,"[-3.76560867e-01  7.67578244e-01 -7.77961731e-01  2.05080557e+00
 -1.43883193e+00 -1.50088418e+00 -6",0.094,1790182097.133
181,01_similar_variables,get_embedding,text_embedding_model_docstring_and_name,,"[-1.74192898e-02 -7.21777618e-01  6.65771723e-01  2.38776255e+00
 -1.37373424e+00  1.31346583e-01 -1",0.094,1790182099.664
182,01_similar_variables,get_embedding,func_defs,,"[-5.74721873e-01  6.38183594e-01  1.21139359e+00  2.33606410e+00
 -2.91858411e+00  8.50727037e-02 -1",0.094,1790182107.32
183,01_similar_variables,get_embedding,func_docstrings_info,,"[-9.61251140e-01 -1.05312204e+00  8.51566419e-02  2.67669153e+00
 -1.31999588e+00 -5.49290240e-01 -5",0.078,1790182112.377
184,01_similar_variables,get_embedding,comments,,"[-5.4854095e-01 -6.3856214e-01  3.9934206e-01  6.3155401e-01
  1.4665583e+00 -8.4935123e-01 -3.37293",0.094,1790182140.145
185,01_similar_variables,get_embedding,current_comment,,"[ 6.97481513e-01 -5.20081997e-01  1.91304266e+00 -6.48321033e-01
  1.16630650e+00  7.63461828e-01 -1",0.031,1790182142.621
186,01_similar_variables,get_embedding,comment,,"[ 5.99126637e-01 -3.14519495e-01  1.49240768e+00  5.03140628e-01
  2.32262220e-02  1.31118372e-01 -2",0.094,1790182150.449
187,01_similar_variables,get_embedding,is_empty,,"[-1.94162631e+00 -5.27107537e-01  3.58396769e-03 -2.43696243e-01
 -8.11034560e-01 -1.41034830e+00 -9",0.094,1790182173.966
188,01_similar_variables,get_embedding,code_path_str,,"[-2.25958303e-01 -1.33235681e+00  8.70277941e-01 -5.68164587e-02
 -1.02336323e+00  2.34687120e-01 -8",0.094,1790182225.625
189,01_similar_variables,get_embedding,required_files,,"[-1.73410267e-01 -2.56870210e-01  1.18211758e+00 -5.22360563e-01
  1.95756048e-01 -1.54325461e+00  1",0.094,1790182231.328
190,01_similar_variables,get_embedding,required_file,,"[ 8.43054473e-01  4.85088050e-01  2.22728443e+00 -2.79646963e-01
  2.80122280e-01 -3.20620000e-01 -5",0.031,1790182234.158
191,01_similar_variables,get_embedding,end_line,,"[-0.08432607 -0.6745626   1.0577215   0.5635707  -1.050463   -1.0309328
 -0.5520058  -2.0193286  -2.",0.031,1790182256.925
192,01_similar_variables,get_embedding,func_length,,"[ 9.08897519e-02  1.36828554e+00  1.24262309e+00  1.93939209e+00
 -1.60941541e+00 -7.64303189e-03 -1",0.031,1790182262.536
193,01_similar_variables,get_embedding,annotations,,"[-2.15821481e+00 -2.50410438e-02  1.11112273e+00  1.40307173e-01
 -8.24093044e-01 -1.23159397e+00 -1",0.031,1790182265.442
194,01_similar_variables,get_embedding,return_type,,"[-1.45996881e+00 -6.40073359e-01  1.21201301e+00  6.96497619e-01
 -2.39331341e+00 -6.91197515e-01 -2",0.031,1790182268.364
195,01_similar_variables,get_embedding,current_base_indent,,"[-1.14913568e-01 -2.31392837e+00  9.73091125e-01 -2.09186912e+00
 -6.39675617e-01 -1.05337963e-01  5",0.094,1790182280.355
196,01_similar_variables,get_embedding,current_depth,,"[-7.52998710e-01 -2.83653069e+00  1.47498345e+00 -1.74743056e+00
 -2.01467797e-01 -2.71209407e+00  1",0.062,1790182283.339
197,01_similar_variables,get_embedding,current_indent,,"[ 1.08325374e+00 -2.37681723e+00  1.10306203e+00 -1.90710139e+00
 -4.36420918e-01 -5.79937339e-01  3",0.063,1790182294.965
198,01_similar_variables,get_embedding,definition_lines,,"[ 1.12740266e+00 -1.12250221e+00 -2.79141128e-01  6.72371387e-01
 -2.85096943e-01 -1.23954558e+00  1",0.078,1790182324.977
199,01_similar_variables,get_embedding,value_definition_lines,,"[ 1.20409334e+00 -2.51160765e+00  9.75766599e-01  1.31239319e+00
 -2.37726283e+00 -2.00390950e-01 -1",0.094,1790182328.087
200,01_similar_variables,get_embedding,def_line,,"[ 1.90772444e-01 -1.49729514e+00 -2.16087744e-01  2.10911423e-01
 -1.28536141e+00 -5.87375879e-01 -9",0.031,1790182331.133
201,01_similar_variables,get_embedding,val_line,,"[ 1.16877222e+00 -2.78318107e-01  1.38843882e+00  5.45869350e-01
 -1.31150281e+00  1.72334965e-02 -4",0.031,1790182334.196
202,01_similar_variables,get_embedding,val_line_no,,"[ 8.55609309e-03  1.38745880e+00  2.10507560e+00  8.38852763e-01
 -5.83496392e-01  1.98085994e-01  3",0.031,1790182337.3
203,01_similar_variables,get_embedding,def_line_no,,"[-9.87451077e-02  1.35756508e-01  8.86667550e-01  5.61543047e-01
 -9.90867734e-01  5.83457015e-02  7",0.031,1790182340.378
204,01_similar_variables,get_embedding,val_line_,,"[ 2.80098379e-01  5.61012566e-01  9.06050861e-01  6.04667008e-01
 -1.01979876e+00 -1.04390824e+00 -7",0.031,1790182343.472
205,01_similar_variables,get_embedding,def_line_,,"[ 1.58413023e-01 -1.20071840e+00 -5.56517363e-01  3.46370578e-01
 -1.30279505e+00 -6.35883331e-01 -3",0.031,1790182346.55
206,01_similar_variables,get_embedding,idx_matched,,"[-4.01352704e-01  7.22748101e-01  4.81934845e-01  1.51231122e+00
 -9.92971584e-02 -2.44476587e-01  1",0.031,1790182352.691
207,01_similar_variables,get_embedding,name_matched,,"[ 1.25429064e-01  1.32712841e+00 -2.68577576e-01  1.87761188e+00
 -2.96576619e+00  1.34602952e+00 -1",0.047,1790182355.816
208,01_similar_variables,get_embedding,regex_for_in_range,,"[-1.59839332e+00  8.48844290e-01 -5.35396755e-01 -9.80727911e-01
  7.73847818e-01 -2.97340006e-01 -1",0.031,1790182358.925
209,01_similar_variables,get_embedding,value_assign,,"[ 1.11614749e-01 -4.70747292e-01  1.46104228e+00  8.61588478e-01
 -1.91968668e+00  1.33086467e+00 -1",0.047,1790182362.05
210,01_similar_variables,get_embedding,text_embedding_model_bindable,,"[-1.14107102e-01 -1.65828705e-01 -8.84059906e-01  2.96921515e+00
 -5.90134025e-01 -6.39238000e-01 -5",0.078,1790182368.163
211,01_similar_variables,get_embedding,text_embedding_model_dynamic,,"[ 3.7457615e-01  6.7708775e-02 -1.0900407e+00  1.9748449e+00
 -1.3469441e+00 -2.0911057e+00  7.90131",0.094,1790182371.366
212,01_similar_variables,get_embedding,arg_name_list,,"[-2.07617268e-01 -4.12512153e-01  3.13454360e-01  2.34647974e-01
 -1.02876437e+00  2.08135915e+00 -2",0.047,1790182396.761
213,01_similar_variables,get_embedding,stored_name_dict,,"[-3.75159115e-01 -1.91077101e+00 -9.81775761e-01  1.27480912e+00
 -1.25622809e+00  1.38716376e+00 -7",0.031,1790182399.964
214,01_similar_variables,get_embedding,stored_names,,"[-1.05139053e+00 -1.73566592e+00 -8.67003381e-01  1.34596157e+00
 -1.68145525e+00  5.11303186e-01 -8",0.031,1790182406.682
215,01_similar_variables,get_embedding,class_name,,"[-1.25850320e+00 -3.89452547e-01  7.47083902e-01  1.14182472e+00
 -2.65638113e+00  1.28031278e+00 -1",0.094,1790182422.805
216,01_similar_variables,get_embedding,stored_arg_name_dict,,"[-1.07152201e-01 -9.62649643e-01 -9.04899776e-01  1.19462085e+00
 -9.64452565e-01  2.38249350e+00 -1",0.031,1790182426.048
217,01_similar_variables,get_embedding,def_end_line,,"[ 5.08474469e-01 -6.85860753e-01 -5.80708683e-01  1.25650311e+00
 -7.23537564e-01 -8.04905474e-01 -7",0.031,1790182449.176
218,01_similar_variables,get_embedding,store_cases,,"[ 1.51240861e+00 -1.20486319e+00 -1.20530081e+00  1.25257874e+00
 -1.33822739e-01 -1.95416009e+00 -6",0.094,1790182462.942
219,01_similar_variables,get_embedding,store_cases_bad,,"[-1.09102595e+00 -1.67938143e-01 -1.07477956e-01  1.23568714e+00
 -6.39001429e-01  6.15365982e-01 -3",0.078,1790182469.66
220,01_similar_variables,get_embedding,function_args,,"[-2.96707153e-01 -4.18360293e-01  1.95829809e+00  1.65071869e+00
  1.16796412e-01  1.18197238e+00 -1",0.063,1790182493.124
221,01_similar_variables,get_embedding,function_args_bad,,"[-8.71131241e-01 -7.61631370e-01  1.33342195e+00  1.07844722e+00
 -3.31323385e-01  2.00664020e+00 -9",0.062,1790182499.905
222,01_similar_variables,get_embedding,x,,"[ 1.11149192e-01 -8.62750351e-01  1.79602051e+00  1.32679760e+00
 -4.71612997e-02 -4.74190950e-01 -7",0.094,1790182503.43
223,01_similar_variables,get_embedding,function_and_args,,"[-3.58387738e-01  1.98762167e+00  1.15515065e+00  2.90141082e+00
 -8.99110794e-01 -3.41241881e-02 -1",0.031,1790182548.396
224,01_similar_variables,get_embedding,function_and_args_,,"[-8.69929314e-01  2.13726830e+00  1.13503337e+00  2.62072158e+00
 -7.02221036e-01 -1.24757409e-01 -1",0.094,1790182555.427
225,01_similar_variables,get_embedding,items,,"[-1.70175076e+00 -1.84709740e+00 -1.77382374e+00  1.05048704e+00
  7.64246881e-01 -5.53611331e-02 -2",0.047,1790182562.482
226,01_similar_variables,get_embedding,duplicate_count_except_first,,"[-7.20091105e-01  2.46281147e+00  1.20385492e+00  7.48519599e-01
  8.22988689e-01 -1.19589412e+00 -2",0.031,1790182566.029
227,01_similar_variables,get_embedding,arg_name_discovered,,"[-7.5662382e-02  2.5697038e-01  4.6456099e-01 -6.5443993e-01
 -8.8173532e-01  1.5753970e+00 -8.78069",0.031,1790182569.56
228,01_similar_variables,get_embedding,items_,,"[-6.27283335e-01 -2.16440725e+00 -1.63027096e+00  1.06208587e+00
  1.35095191e+00  3.15402567e-01 -1",0.031,1790182573.122
229,01_similar_variables,get_embedding,arg_name_set,,"[-3.52831364e-01 -7.66451955e-01  1.34260643e+00  8.03544819e-01
 -2.31563926e+00  1.48803198e+00 -1",0.031,1790182580.276
230,01_similar_variables,get_embedding,intersection_size,,"[ 2.59952158e-01 -4.08998579e-01  8.08942080e-01  1.08711350e+00
  3.32992941e-01 -1.32503402e+00  4",0.047,1790182583.854
231,01_similar_variables,get_embedding,text,,"[ 1.00542986e+00 -3.12609982e+00 -3.48973036e-01  2.95112401e-01
 -1.86404097e+00  4.59997803e-01 -3",0.031,1790182598.143
232,01_similar_variables,get_embedding,func_count,,"[-9.21042442e-01  1.70123136e+00  2.07179689e+00  1.96463907e+00
 -1.98759627e+00  6.56527877e-01 -1",0.078,1790182620.379
233,01_similar_variables,get_embedding,func_sim_matrix,,"[ 2.51377940e+00  7.13225663e-01  1.05748606e+00  1.49833071e+00
 -1.10558569e+00  1.10323298e+00  3",0.031,1790182624.052
234,01_similar_variables,get_embedding,embeddings_0,,"[ 7.01426208e-01 -1.12770617e+00  1.51066160e+00  7.96986759e-01
 -1.99466929e-01 -1.85097802e+00  5",0.031,1790182635.005
235,01_similar_variables,get_embedding,embeddings_1,,"[ 8.65364552e-01 -2.88971245e-01  1.12895477e+00  1.55859709e+00
 -3.47554535e-01 -1.09536529e+00  6",0.031,1790182638.861
236,01_similar_variables,get_embedding,idx_0,,"[-0.5049471   0.07919402  3.5240052   0.00894138 -0.7125994  -1.2837229
  1.1506535  -1.1639725   2.",0.094,1790182653.61
237,01_similar_variables,get_embedding,emb_0,,"[ 1.30000424e+00  1.91893622e-01  1.10972321e+00  1.33764613e+00
 -5.55632472e-01 -1.47873306e+00 -3",0.031,1790182657.328
238,01_similar_variables,get_embedding,idx_1,,"[-6.60233080e-01  1.07349157e-01  3.47914457e+00  5.12900233e-01
 -1.00878549e+00 -5.69657683e-01  1",0.047,1790182661.203
239,01_similar_variables,get_embedding,emb_1,,"[ 1.30822241e+00  7.47914374e-01  9.47793603e-01  2.03107786e+00
 -7.49505341e-01 -5.44009626e-01  3",0.031,1790182664.937
240,01_similar_variables,get_embedding,func_name_item,,"[-3.09838915e+00 -1.72427773e+00  3.04698527e-01  7.56829381e-01
 -2.84265494e+00  8.63638580e-01 -1",0.031,1790182676.076
241,01_similar_variables,get_embedding,first_similar_idx,,"[ 6.20655835e-01  6.32785380e-01  8.83831680e-01  1.13885331e+00
 -8.67502868e-01 -8.84421885e-01  9",0.031,1790182679.826
242,01_similar_variables,get_embedding,func_reorder_needed,,"[ 7.82159567e-01 -8.81041661e-02  2.33244658e+00  1.32999942e-01
 -1.82676184e+00  7.56313682e-01 -1",0.031,1790182683.765
243,01_similar_variables,get_embedding,default_code_checker,,"[-8.93835366e-01 -1.79370522e+00  6.59710944e-01 -1.23166844e-01
  2.55275667e-01 -2.13988036e-01 -2",0.094,1790182706.272
244,01_similar_variables,get_embedding,unused_variable,,"[-9.02243137e-01 -1.28695738e+00  1.05770051e+00 -5.14087565e-02
 -4.28969771e-01 -6.68708980e-01 -1",0.031,1790182710.054
245,01_similar_variables,get_embedding,TEST_DUPLICATED,,"[ 5.63643932e-01 -9.46307242e-01  1.62928402e+00  2.20899284e-01
  5.68672717e-01 -7.44102597e-02 -1",0.031,1790182713.892
246,01_similar_variables,get_embedding,IMPORT_NUM,,"[ 1.37002766e+00 -1.10486996e+00  3.14049435e+00  7.91878462e-01
 -9.36202466e-01  7.11519539e-01 -3",0.031,1790182717.86
247,01_similar_variables,get_embedding,logger,,"[-2.66630173e+00  1.89347267e-02 -1.66831720e+00  2.58763719e+00
 -1.22584581e+00 -9.16818455e-02 -9",0.031,1790182721.673
248,01_similar_variables,get_embedding,a,,"[ 6.68409348e-01 -7.81463921e-01  1.52908993e+00  1.67706192e-01
 -1.28540766e+00 -3.40550572e-01 -3",0.031,1790182725.501
249,01_similar_variables,get_embedding,nparray,,"[-8.57184231e-01 -1.04736078e+00  5.84279656e-01  3.49711418e-01
 -9.27095771e-01 -1.56473744e+00 -2",0.031,1790182729.347
250,01_similar_variables,get_embedding,nparray2,,"[-5.25940597e-01 -4.58279699e-01  1.02230823e+00  2.35258222e-01
  1.64048150e-01 -1.09917545e+00 -1",0.031,1790182733.19
251,01_similar_variables,get_embedding,default_version,,"[ 1.4053768   0.7633213   1.5335966  -0.43205088 -0.02232521  1.2135837
 -0.21277253  0.04626443 -0.",0.031,1790182737.206
252,01_similar_variables,get_embedding,next_level,,"[-1.90980148e+00  4.14689071e-02  4.22048420e-01 -5.67970499e-02
 -1.29811978e+00 -3.00084710e+00  5",0.047,1790182741.05
253,01_similar_variables,get_embedding,python_code_no,,"[-1.41347826e-01 -1.30982727e-01  2.07401514e+00  5.53330481e-01
  9.34499085e-01 -7.69946933e-01 -1",0.062,1790182744.958
254,01_similar_variables,get_embedding,python_code_num,,"[-1.1315013   0.4400297   2.749932    1.9571037   0.33319214 -0.04284165
 -0.8018252   0.68417865  0",0.094,1790182748.88
255,01_similar_variables,get_embedding,test,,"[-8.31079960e-01 -5.31903028e-01  3.90808344e-01 -5.20422041e-01
 -9.18743372e-01 -2.18325123e-01 -1",0.031,1790182752.911
256,01_similar_variables,get_embedding,imported_value,,"[ 8.71251404e-01 -1.24002469e+00  1.17404358e-02  2.47950530e+00
  8.86275470e-01  1.94599676e+00 -1",0.047,1790182756.784
257,01_similar_variables,get_embedding,imported_but_unused_value,,"[ 0.07280225 -1.7218295   2.1430242   2.2350438  -1.2379727   1.3095824
 -0.6857572  -0.9876722   0.",0.031,1790182760.693
258,01_similar_variables,get_embedding,common_value,,"[ 1.08720911e+00  8.04378152e-01  6.48990154e-01  8.27101111e-01
 -1.30002177e+00 -5.22664413e-02 -1",0.031,1790182764.583
259,01_similar_variables,get_embedding,idx,,"[-1.37258101e+00  4.55861002e-01  3.25381947e+00  9.75984573e-01
 -1.93576419e+00 -1.96899772e-02  5",0.031,1790182776.403
260,01_similar_variables,get_embedding,TEST_STR,,"[ 1.62878156e+00 -1.43068802e+00 -2.30946377e-01  7.01735377e-01
 -1.73441315e+00  1.50507867e+00 -4",0.031,1790182784.216
261,01_similar_variables,get_embedding,I,,"[ 1.20887983e+00 -1.07676136e+00  1.80149317e+00  6.32073700e-01
 -6.81335032e-01 -2.52156496e-01 -1",0.094,1790182796.219
262,01_similar_variables,get_embedding,J,,"[ 4.80834365e-01 -2.23944828e-01  1.55671942e+00  2.55106628e-01
 -7.08317339e-01  8.41167688e-01 -1",0.094,1790182800.25
263,01_similar_variables,get_embedding,K,,"[ 1.58550537e+00 -3.79188806e-01  2.93646359e+00  1.09862983e+00
 -7.79349431e-02 -5.97538352e-01 -7",0.078,1790182804.303
264,01_similar_variables,get_embedding,L,,"[ 9.39537287e-02 -1.52569640e+00 -3.63064855e-01 -1.55090570e-01
 -5.41832089e-01 -2.48512840e+00 -5",0.062,1790182808.475
265,01_similar_variables,get_embedding,j,,"[-1.27292216e+00 -8.86258125e-01  1.41335618e+00  2.67559201e-01
 -4.90166873e-01  4.37693810e-03 -3",0.063,1790182816.396
266,01_similar_variables,get_embedding,l,,"[-5.51473260e-01 -1.92203712e+00 -5.13102233e-01 -9.20339450e-02
 -6.57688439e-01 -1.25610530e+00 -4",0.062,1790182824.373
267,01_similar_variables,get_embedding,test_dict_test_dict,,"[-0.80676967 -0.66162616 -0.31126466  1.3405253  -1.797266   -0.88957405
 -0.9941477  -1.279922   -0",0.094,1790182852.723
268,01_similar_variables,get_embedding,aaa,,"[ 9.59323406e-01  2.34134912e-01 -9.22497451e-01  4.14057702e-01
 -2.38909626e+00  3.03560764e-01 -2",0.094,1790182989.491
269,01_similar_variables,get_embedding,bbb,,"[-1.26650596e+00  2.20890701e-01  6.89820766e-01 -2.45815337e-01
 -5.28319240e-01  3.86663973e-01 -2",0.063,1790182993.772
270,01_similar_variables,get_embedding,ccc,,"[ 2.20115614e+00  7.08097458e-01 -2.00621281e-02  2.52756268e-01
 -1.37337863e+00 -3.49343985e-01  2",0.094,1790182998.114
271,01_similar_variables,get_embedding,ddd,,"[-7.56315291e-01  1.30401874e+00  1.24456048e+00 -1.11848429e-01
 -1.97501600e+00  6.08738899e-01 -3",0.094,1790183002.601
272,01_similar_variables,get_embedding,eee,,"[ 7.53839135e-01 -5.51093459e-01 -2.95293719e-01  5.78871548e-01
 -1.83702040e+00  5.57213187e-01 -1",0.078,1790183006.913
273,01_similar_variables,get_embedding,fff,,"[-3.68269354e-01 -5.69598377e-01  6.02054179e-01 -6.53194010e-01
 -8.68199300e-03  1.90686572e+00 -1",0.062,1790183011.226
274,01_similar_variables,get_embedding,ggg,,"[-3.60525548e-01 -1.93204552e-01 -3.21192801e-01 -6.20240986e-01
 -7.77474761e-01  1.40957475e+00 -3",0.062,1790183015.753
275,01_similar_variables,get_embedding,hhh,,"[ 1.45904160e+00  4.03376907e-01 -8.75567734e-01  8.49419892e-01
 -1.01807284e+00  7.09979355e-01 -2",0.062,1790183020.081
276,01_similar_variables,get_embedding,arr,,"[ 4.75590229e-01 -1.41389847e+00 -2.98432764e-02  7.90870011e-01
 -4.69741791e-01 -3.42133529e-02 -1",0.062,1790183024.425
277,01_similar_variables,get_embedding,new_arr,,"[ 5.87180138e-01 -1.60952473e+00  4.62832123e-01  2.65083134e-01
 -2.43970677e-01 -1.09349084e+00  8",0.078,1790183028.948
278,01_similar_variables,get_embedding,primes,,"[ 5.89328408e-01  5.88615954e-01  1.34869218e+00 -9.43816900e-02
 -7.66678333e-01  1.99333310e-01 -8",0.094,1790183076.969
279,01_similar_variables,get_embedding,p,,"[ 3.32074732e-01 -1.48407114e+00  1.33596659e+00 -6.77468359e-01
 -3.95438999e-01 -1.59396216e-01 -1",0.078,1790183081.563
280,01_similar_variables,get_embedding,test_abc,,"[-8.74352098e-01  3.95740181e-01 -4.57599275e-02  1.44433454e-01
 -1.24737883e+00 -9.03320536e-02 -1",0.094,1790183130.426
281,01_similar_variables,get_embedding,test_def,,"[-1.43776011e+00 -4.75951433e-02  1.33698618e+00  1.67588696e-01
 -2.10780883e+00  1.21097468e-01 -1",0.078,1790183135.17
282,01_similar_variables,get_embedding,non_path,,"[-2.70514727e+00  6.10807121e-01  6.80228770e-01 -4.49293703e-01
 -1.77292120e+00 -2.93301177e+00 -6",0.031,1790183144.232
283,01_similar_variables,get_embedding,data,,"[ 1.84451926e+00 -1.60416472e+00 -5.91601789e-01  7.46934474e-01
  4.36197191e-01 -4.44296747e-01 -2",0.031,1790183148.714
284,01_similar_variables,get_embedding,groups,,"[-1.20797777e+00 -6.32304668e-01 -4.64962989e-01  5.29572427e-01
 -7.98744857e-01  1.84974563e+00 -1",0.031,1790183153.198
285,01_similar_variables,get_embedding,category,,"[ 5.57372570e-01 -7.12182894e-02 -1.02129412e+00  7.49595582e-01
 -7.81573057e-01  4.14800018e-01 -2",0.047,1790183157.84
286,01_similar_variables,get_embedding,words,,"[ 9.68819916e-01 -2.06215310e+00  8.44718143e-02  3.54772329e-01
 -1.68444681e+00  3.37807864e-01 -1",0.031,1790183166.826
287,01_similar_variables,get_embedding,counts,,"[ 7.29984939e-01  1.20359397e+00  2.42806411e+00  4.84960824e-01
 -1.28030229e+00  2.99943745e-01 -7",0.031,1790183171.482
288,01_similar_variables,get_embedding,word,,"[ 1.39739943e+00 -2.50395131e+00 -1.25381351e-01 -1.27867377e+00
 -2.13151860e+00  1.79588127e+00 -1",0.047,1790183175.997
289,01_similar_variables,get_embedding,test_dict,,"[-9.91757989e-01 -1.09651244e+00  1.02247313e-01  6.51091695e-01
 -1.97640347e+00 -1.26142001e+00 -1",0.062,1790183180.738
290,01_similar_variables,get_embedding,numbers,,"[-6.31876945e-01  4.85432625e-01  2.70873904e+00  1.45626736e+00
 -2.10942292e+00  7.28299141e-01 -1",0.078,1790183185.331
291,01_similar_variables,get_embedding,has_negative,,"[-2.40512681e+00 -1.03234828e+00  4.55721676e-01 -9.00517941e-01
 -2.36435980e-01 -3.33810419e-01  3",0.062,1790183189.894
292,01_similar_variables,get_embedding,num,,"[ 3.37486625e-01  9.49564278e-01  3.49777102e+00  1.27185261e+00
 -2.54259562e+00  5.85645676e-01 -5",0.062,1790183194.654
293,01_similar_variables,get_embedding,scores,,"[ 2.08133554e+00 -4.23082203e-01 -1.23264325e+00 -1.70333660e+00
 -7.66049564e-01  3.25778770e+00 -1",0.078,1790183208.42
294,01_similar_variables,get_embedding,keys,,"[-1.83625638e+00 -4.68064874e-01  8.34891319e-01  1.31003559e+00
 -1.79264700e+00  3.82077783e-01 -1",0.062,1790183217.713
295,01_similar_variables,get_embedding,values,,"[-8.64083350e-01 -1.76036692e+00 -1.44982636e-01  3.59851837e-01
 -5.07525384e-01  9.33474541e-01 -3",0.062,1790183222.331
296,01_similar_variables,get_embedding,user_info,,"[-2.6079553e-01  1.8030174e+00  2.2253530e+00  7.4795449e-01
 -1.1588295e-01 -2.9115573e-01 -1.28249",0.094,1790183227.129
297,01_similar_variables,get_embedding,k_list,,"[-3.36118579e-01  2.22898412e+00  2.11676097e+00  1.49889052e+00
  1.83013463e+00 -8.78097653e-01 -8",0.078,1790183241.106
298,01_similar_variables,get_embedding,v_list,,"[ 2.22522825e-01  1.51248664e-01  2.65022814e-01 -9.16530639e-02
  5.41783929e-01 -1.02340829e+00 -2",0.062,1790183245.747
299,01_similar_variables,get_embedding,target,,"[-3.71230578e+00 -7.14367330e-01  7.77249157e-01 -9.59601223e-01
 -9.75030661e-01  4.94545221e-01 -2",0.062,1790183250.575
300,01_similar_variables,get_embedding,v,,"[ 3.36528540e-01 -6.42506480e-01  1.12122202e+00  2.16122553e-01
 -9.86621201e-01 -3.99936438e-01 -5",0.062,1790183264.567
301,01_similar_variables,get_embedding,itertool1,,"[-4.42811370e-01 -1.90810335e+00  1.50973570e+00 -1.16440691e-01
  1.98789343e-01  4.12070662e-01 -5",0.062,1790183269.416
302,01_similar_variables,get_embedding,itertool2,,"[-1.54527426e+00 -9.72100019e-01  2.38935685e+00 -2.61978716e-01
  6.57325447e-01  5.01718760e-01 -9",0.094,1790183274.119
303,01_similar_variables,get_embedding,f,,"[-2.27518395e-01 -8.32905054e-01  2.62257433e+00 -2.89848417e-01
 -1.08821392e+00 -2.43766651e-01 -6",0.063,1790183278.807
304,01_similar_variables,get_embedding,content1,,"[ 6.78340971e-01 -4.73132551e-01  3.06382149e-01  1.46287441e+00
 -1.18436888e-02 -5.07971287e-01 -4",0.062,1790183283.672
305,01_similar_variables,get_embedding,content2,,"[ 5.14684081e-01 -1.20724276e-01 -1.06436718e+00  1.24110401e+00
  1.04958963e+00 -1.01207638e+00 -8",0.062,1790183297.809
306,01_similar_variables,get_embedding,sentence,,"[ 3.87011123e+00 -2.06034279e+00  1.57575998e-02  5.10171711e-01
 -1.14071834e+00  1.42830849e+00 -1",0.078,1790183307.325
307,01_similar_variables,get_embedding,dddd,,"[-2.50042945e-01  1.16895127e+00  1.39441895e+00  3.64386469e-01
 -1.45556307e+00  1.25324321e+00  4",0.078,1790183316.896
308,01_similar_variables,get_embedding,eeee,,"[ 9.65324104e-01 -2.30959579e-01 -7.59819269e-01  4.17907029e-01
 -1.35320485e+00  8.47355306e-01 -3",0.094,1790183321.849
309,01_similar_variables,get_embedding,fruits,,"[ 2.62783140e-01 -3.23213398e-01  2.18543246e-01 -1.00462365e+00
 -4.49578047e-01  1.61696851e+00 -2",0.031,1790183326.99
310,01_similar_variables,get_embedding,new_fruits,,"[ 3.72329742e-01 -9.15870249e-01  6.25234425e-01 -5.97076118e-01
  6.82599619e-02  8.83035123e-01 -1",0.031,1790183331.891
311,01_similar_variables,get_embedding,fruit,,"[ 7.90856600e-01 -7.37585798e-02  8.73850822e-01 -1.44165373e+00
 -1.20450544e+00  1.23526525e+00 -2",0.031,1790183336.609
312,01_similar_variables,get_embedding,apple_count,,"[ 7.10140526e-01 -3.75731617e-01  1.56854784e+00 -1.27789664e+00
  7.73635209e-01  1.85396317e-02 -4",0.031,1790183341.5
313,01_similar_variables,get_embedding,perfect_scores,,"[ 1.52473152e+00 -4.09993947e-01 -1.14696395e+00 -1.72602487e+00
 -6.21949136e-01  8.98266673e-01 -2",0.031,1790183360.693
314,01_similar_variables,get_embedding,score,,"[ 2.73851585e+00  3.46496016e-01 -1.12075245e+00 -1.84171450e+00
 -5.39885819e-01  3.32843041e+00 -9",0.078,1790183365.489
315,01_similar_variables,get_embedding,users,,"[-5.98233342e-01  1.18779051e+00  1.67578208e+00  1.40335405e+00
 -4.33283180e-01  8.09661388e-01 -1",0.094,1790183370.473
316,01_similar_variables,get_embedding,admin_count,,"[-1.14341760e+00  3.44824851e-01  1.60994971e+00  8.70194554e-01
 -2.21288607e-01  2.37034410e-01 -1",0.047,1790183375.276
317,01_similar_variables,get_embedding,found_index,,"[-2.71595836e+00  2.47094131e+00  6.21761501e-01  3.52840006e-01
  2.00880766e-01  7.49632716e-01  1",0.031,1790183389.893
318,01_similar_variables,get_embedding,strs,,"[ 1.56733060e+00 -1.51628280e+00 -8.38371336e-01  1.36366141e+00
 -2.03495264e+00  1.25534737e+00 -1",0.094,1790183458.351
319,01_similar_variables,get_embedding,b,,"[-9.96312916e-01 -2.50193506e-01  2.42128062e+00  1.15564966e+00
  2.90546775e-01 -8.06951284e-01  6",0.094,1790183573.464
320,01_similar_variables,get_embedding,c,,"[ 1.01978101e-01 -1.81159019e+00  1.02019536e+00  1.53557920e+00
 -6.43579662e-01 -7.43746042e-01 -9",0.094,1790183583.813
321,01_similar_variables,get_embedding,d,,"[-8.61600459e-01 -8.06144416e-01  2.53682780e+00  8.74440849e-01
 -2.74869740e-01  4.36985850e-01 -2",0.031,1790183594.041
322,01_similar_variables,get_embedding,e,,"[-2.50993222e-01 -1.00733489e-01  6.17726982e-01  1.03657293e+00
 -1.17972292e-01 -2.36285105e-01 -9",0.031,1790183604.301
323,01_similar_variables,get_embedding,active_users,,"[ 6.66945815e-01  1.24117470e+00  1.32549524e+00 -9.89461422e-01
  1.63264179e+00  2.44325832e-01 -8",0.047,1790183614.796
324,01_similar_variables,get_embedding,user,,"[-1.02030838e+00  8.08976114e-01  1.19948363e+00  1.61775172e+00
 -9.40059125e-01  2.87942022e-01 -1",0.031,1790183619.87
325,01_similar_variables,get_embedding,my_list,,"[-8.10258985e-02  6.06872499e-01  1.68397677e+00  8.37526679e-01
  1.02509856e+00 -1.15009248e+00 -6",0.062,1790183625.167
326,01_similar_variables,get_embedding,first,,"[ 9.04044151e-01 -1.17412768e-01  1.20496881e+00 -8.74528348e-01
 -2.06490397e+00 -6.28790736e-01 -1",0.094,1790183651.157
327,01_similar_variables,get_embedding,rest,,"[-8.45995486e-01  8.08735192e-01 -1.32037449e+00  6.23044550e-01
 -3.38203341e-01 -8.79846334e-01 -2",0.094,1790183656.532
328,01_similar_variables,get_embedding,g,,"[-1.21876323e+00 -5.68191469e-01  2.00612569e+00 -1.13875020e+00
  1.83733404e-02  1.57805964e-01 -5",0.094,1790183677.373
329,01_similar_variables,get_embedding,position,,"[-1.33675262e-01 -6.85534954e-01  1.28613460e+00 -1.40972471e+00
 -1.25523794e+00 -6.37454465e-02  9",0.094,1790183703.678
330,01_similar_variables,get_embedding,rgb_color,,"[ 1.67103958e+00 -4.80716139e-01  5.30391097e-01  1.73809552e+00
 -1.36967826e+00  4.30551815e+00 -2",0.062,1790183708.912
331,01_similar_variables,get_embedding,file,,"[ 1.48805141e+00 -1.00323284e+00 -5.63329272e-02  1.10987566e-01
 -6.20818794e-01 -1.73781586e+00 -8",0.094,1790183719.553
332,01_similar_variables,get_embedding,open_test,,"[-1.24912715e+00  2.41030045e-02  1.20283949e+00 -1.22962415e-01
 -6.89373434e-01 -1.35699022e+00 -3",0.031,1790183724.945
333,01_similar_variables,get_embedding,test_array,,"[ 0.2788333  -0.27856746  0.7817917  -0.06542332 -1.302013   -0.986358
 -1.4508216  -0.7532271  -0.1",0.031,1790183730.289
334,01_similar_variables,get_embedding,key_name,,"[ 7.56362081e-01  7.72094905e-01  1.90573812e+00  2.21674514e+00
 -1.97329807e+00  2.33783674e+00 -6",0.031,1790183735.531
335,01_similar_variables,get_embedding,numeric,,"[-4.68805045e-01 -6.32899642e-01  2.05034065e+00  7.91617393e-01
 -1.57066917e+00  1.66545331e+00 -1",0.031,1790183740.937
336,01_similar_variables,get_embedding,h,,"[-7.83366859e-02 -1.18326533e+00  1.93733561e+00  1.25271952e+00
  4.87342000e-01 -8.06469381e-01 -3",0.094,1790183783.512
337,01_similar_variables,get_embedding,word_counts,,"[ 1.31014431e+00 -6.20576799e-01  4.01906729e-01  3.59882146e-01
 -3.40183944e-01  1.26158202e+00 -2",0.031,1790183794.232
338,01_similar_variables,get_embedding,matrix,,"[ 1.30987859e+00 -2.37483096e+00  8.62448037e-01  4.74065781e-01
 -4.78724718e-01  4.28344369e-01 -1",0.094,1790183815.898
339,01_similar_variables,get_embedding,flattened,,"[ 2.59955794e-01 -2.29348564e+00 -7.19391465e-01 -4.39602673e-01
 -5.50084472e-01 -1.02388024e+00  5",0.094,1790183821.46
340,01_similar_variables,get_embedding,row,,"[-6.82139218e-01 -1.69098663e+00  1.60681784e+00  3.28584671e-01
 -1.03927445e+00  5.64034224e-01 -7",0.031,1790183826.838
341,01_similar_variables,get_embedding,my_tuple,,"[ 1.3689775e+00 -1.2463551e+00  1.1842308e+00  2.5163739e+00
 -2.9443806e-01 -7.4840993e-01 -1.22008",0.078,1790183843.177
342,01_similar_variables,get_embedding,my_set,,"[-3.37642103e-01 -1.06300019e-01  2.83754969e+00  9.57962394e-01
 -5.05203009e-01 -3.60099483e+00 -5",0.094,1790183848.755
343,01_similar_variables,get_embedding,combined,,"[ 4.38139379e-01  5.35677493e-01 -1.62725234e+00  1.19505636e-01
  6.71085954e-01 -5.38290858e-01  1",0.062,1790183854.356
344,01_similar_variables,get_embedding,dict_a,,"[ 1.71762947e-02 -1.14873254e+00  1.62005877e+00  2.49974012e+00
 -1.26680255e+00 -1.64844644e+00 -7",0.062,1790183865.273
345,01_similar_variables,get_embedding,dict_b,,"[-1.55798745e+00 -4.06499714e-01  1.06024432e+00  2.11705208e+00
 -1.83594927e-01 -1.54023838e+00 -2",0.078,1790183870.871
346,01_similar_variables,get_embedding,all_values,,"[-2.73588896e+00 -1.32317710e+00 -2.48475358e-01 -5.54454803e-01
 -1.14879167e+00 -2.51960421e+00 -1",0.078,1790183876.293
347,01_similar_variables,get_embedding,all_values_,,"[-2.3400667  -1.4628104   0.18637395 -0.85634166 -0.77755    -1.8232323
 -0.93872374 -0.5318723   0.",0.062,1790183881.902
348,01_similar_variables,get_embedding,target_dir,,"[-1.30007911e+00 -1.39367604e+00  7.01657057e-01 -1.36421311e+00
  4.82206345e-01  1.74280256e-01 -4",0.078,1790183887.381
349,01_similar_variables,get_embedding,txt_files,,"[ 4.33839969e-02 -8.24408174e-01  6.07157826e-01  5.46397924e-01
  7.96310604e-01 -2.13817620e+00 -2",0.062,1790183892.99
350,01_similar_variables,get_embedding,filename,,"[ 1.1661094e+00 -2.1532815e+00 -3.9478454e-01 -3.2346162e-01
 -1.6015166e+00 -4.2337123e-01 -8.77112",0.062,1790183898.644
351,01_similar_variables,get_embedding,full_path,,"[ 1.56199962e-01 -8.18381310e-01  6.62419051e-02 -7.03531086e-01
  7.27390170e-01 -2.24944305e+00  3",0.078,1790183904.108
352,01_similar_variables,get_embedding,setting_key,,"[ 7.06568420e-01 -5.63565135e-01  1.59603250e+00  1.56023335e+00
 -1.58267903e+00  2.09834409e+00 -8",0.062,1790183915.369
353,01_similar_variables,get_embedding,value,,"[ 1.57814231e-02 -1.44221830e+00  5.13998091e-01  4.57879066e-01
 -1.98583376e+00  1.85771930e+00 -3",0.063,1790183920.88
354,01_similar_variables,get_embedding,bad_compile,,"[ 1.33077013e+00  4.83189166e-01  1.46553978e-01  2.85593122e-01
  1.07587409e+00  1.21687865e+00  1",0.078,1790183959.831
355,01_similar_variables,get_embedding,bad_match,,"[-1.4324634e+00  2.2494006e+00 -3.1030908e-01  8.0216920e-01
 -6.8919408e-01  9.1203517e-01 -2.98335",0.062,1790183965.518
356,01_similar_variables,get_embedding,bad_search,,"[-1.68075180e+00  1.33424258e+00 -1.68220210e+00  5.23578942e-01
  1.58779293e-01  1.70795894e+00 -1",0.062,1790183971.065
357,01_similar_variables,get_embedding,bad_fullmatch,,"[-1.21110642e+00  1.35371351e+00 -5.73098361e-01  2.53652453e-01
 -3.30611199e-01 -5.85288227e-01  3",0.063,1790183976.788
358,01_similar_variables,get_embedding,bad_findall,,"[-2.39169669e+00  8.83011639e-01 -1.00487244e+00  1.74158439e-01
 -9.31894004e-01  6.32386953e-02  4",0.094,1790183982.523
359,01_similar_variables,get_embedding,bad_finditer,,"[-1.61101949e+00 -9.25944805e-01 -4.56665158e-02  4.51912880e-01
  1.72079846e-01  2.60555476e-01 -3",0.063,1790183988.076
360,01_similar_variables,get_embedding,bad_split,,"[ 1.37480783e+00  5.62565997e-02 -3.63056868e-01  1.40224910e+00
 -9.64917481e-01  1.54236293e+00  6",0.078,1790183993.815
361,01_similar_variables,get_embedding,bad_sub,,"[-1.20311940e+00  1.22591591e+00  6.89600646e-01  9.51332867e-01
 -2.77059019e-01  1.00542569e+00 -4",0.078,1790183999.533
362,01_similar_variables,get_embedding,function,,"[-5.27682841e-01  2.51222849e-01  7.29871929e-01  6.34921491e-01
 -2.30522704e+00  3.47846031e-01 -1",0.062,1790184010.818
363,01_similar_variables,get_embedding,distance,,"[-5.83679266e-02  2.25916147e-01  4.49939877e-01 -7.56261721e-02
 -2.89042282e+00 -4.38698083e-01 -1",0.062,1790184016.568
364,01_similar_variables,get_embedding,function_result,,"[-1.94514066e-01 -5.71567416e-01  3.45440298e-01  4.42512035e-01
 -1.35804391e+00  1.70232046e+00 -2",0.078,1790184022.185
365,01_similar_variables,get_embedding,test_str,,"[ 1.28137493e+00  6.19933791e-02  5.40333569e-01 -1.76966593e-01
 -9.34516251e-01  1.33578718e+00 -5",0.078,1790184027.967
366,01_similar_variables,get_embedding,dict,,"[-4.12806183e-01 -1.78317821e+00  4.05626535e-01  2.11078238e+00
 -2.29211879e+00 -7.28687942e-01 -3",0.094,1790184073.595
367,01_similar_variables,get_embedding,abs,,"[-5.02282441e-01 -2.39996955e-01  2.55925864e-01 -7.88244903e-01
 -2.77183533e+00  1.08468555e-01 -8",0.031,1790184079.398
368,01_similar_variables,get_embedding,age,,"[ 2.44946361e+00 -1.35812998e+00  1.88039255e+00 -5.07871926e-01
 -7.82375276e-01 -3.80398840e-01  2",0.031,1790184085.019
369,01_similar_variables,get_embedding,balance,,"[ 2.01463985e+00 -1.28384292e+00 -1.02056110e+00  2.74020340e-02
 -1.22434580e+00 -1.07919884e+00 -2",0.031,1790184090.816
370,01_similar_variables,get_embedding,db_response,,"[ 7.20296383e-01  4.34690237e-01 -2.30571508e+00  5.00134468e-01
  4.12263572e-01  1.78158015e-01 -1",0.047,1790184096.663
371,01_similar_variables,get_embedding,str,,"[ 1.06735981e+00 -8.98066938e-01  5.96102715e-01  1.29890656e+00
 -2.65575910e+00  1.68113613e+00 -2",0.031,1790184102.46
372,01_similar_variables,get_embedding,int,,"[ 1.30496413e-01 -5.96685112e-01  3.87998462e+00  4.02658939e-01
 -1.74915540e+00  1.98603070e+00 -2",0.031,1790184108.107
373,01_similar_variables,get_embedding,sum,,"[ 1.04314947e+00  6.56525373e-01  1.02739133e-01  5.75942338e-01
 -3.05295539e+00  6.26050711e-01 -7",0.031,1790184113.949
374,01_similar_variables,get_embedding,item_name,,"[-4.79302227e-01 -2.03320956e+00  8.32803696e-02 -5.44104040e-01
 -1.04303300e+00  1.90414906e+00 -1",0.094,1790184131.277
375,01_similar_variables,get_embedding,price,,"[ 1.81186065e-01 -1.21686447e+00  1.31807768e+00  1.06453383e+00
 -3.91142535e+00  2.36719704e+00 -9",0.063,1790184137.183
376,01_similar_variables,get_embedding,quantity,,"[ 1.09555006e-01 -8.15398514e-01  1.66000807e+00  1.58108807e+00
 -1.65765941e+00  2.23217392e+00 -9",0.062,1790184143.088
377,01_similar_variables,get_embedding,address,,"[ 1.08510113e+00  5.92522323e-02  1.31472409e+00 -7.21320152e-01
 -1.69199419e+00  7.35552013e-01 -2",0.078,1790184149.01
378,01_similar_variables,get_embedding,my_pc,,"[ 1.26693308e-01  2.63679117e-01  4.00809431e+00  3.28622639e-01
  1.84334874e+00  2.06122899e+00 -1",0.062,1790184154.97
379,01_similar_variables,get_embedding,phone,,"[-3.02300602e-01  1.80093372e+00  2.61142761e-01 -7.75698125e-01
 -1.77006876e+00  3.16106105e+00 -8",0.062,1790184160.752
380,01_similar_variables,get_embedding,base_price,,"[ 2.1826005e-01 -5.0664264e-01  1.2608223e+00  1.1651598e+00
 -3.5178814e+00  3.0045352e+00 -6.51261",0.078,1790184172.641
381,01_similar_variables,get_embedding,shipping_fee,,"[ 8.74002934e-01  3.69192250e-02  1.13311636e+00  1.22376096e+00
 -1.93563271e+00  1.85045719e+00 -3",0.031,1790184178.563
382,01_similar_variables,get_embedding,total,,"[ 2.02757325e-02  1.75397277e-01  8.99350107e-01  3.08118910e-01
 -2.19701624e+00 -1.68171719e-01 -1",0.031,1790184190.3
383,01_similar_variables,get_embedding,shipping,,"[-4.06525910e-01 -9.37218785e-01 -1.26219034e+00  1.01965451e+00
 -1.08098590e+00 -2.94072688e-01 -1",0.031,1790184196.253
384,01_names,get_prob,PRESERVED_WORDS,,0.99374753,0.047,1790184335.196
385,01_names,get_prob,PRESERVED_WORDS,,0.99374753,0.031,1790184335.227
386,01_names,get_prob,QUOTES,,0.63272977,0.031,1790184335.274
387,01_names,get_prob,QUOTES,,0.63272977,0.031,1790184335.305
388,01_names,get_prob,TWO_DOUBLE_QUOTES,,0.41309774,0.031,1790184335.337
389,01_names,get_prob,TWO_DOUBLE_QUOTES,,0.41309774,0.031,1790184335.384
390,01_names,get_prob,QUOTES_BOUND,,0.68221736,0.031,1790184335.415
391,01_names,get_prob,QUOTES_BOUND,,0.68221736,0.047,1790184335.462
392,01_names,get_prob,ANY_CONST_OR_VAR,,0.44816437,0.031,1790184335.493
393,01_names,get_prob,ANY_CONST_OR_VAR,,0.44816437,0.031,1790184335.524
394,01_names,get_prob,result,,0.3177913,0.031,1790184335.571
395,01_names,get_prob,result,,0.3177913,0.031,1790184335.602
396,01_names,get_prob,result,,0.3177913,0.031,1790184335.633
397,01_names,get_prob,result,,0.3177913,0.031,1790184335.68
398,01_names,get_prob,result,,0.3177913,0.031,1790184335.712
399,01_names,get_prob,result,,0.3177913,0.047,1790184335.758
400,01_names,get_prob,result,,0.3177913,0.031,1790184335.79
401,01_names,get_prob,result,,0.3177913,0.031,1790184335.821
402,01_names,get_prob,result,,0.3177913,0.031,1790184335.868
403,01_names,get_prob,result,,0.3177913,0.031,1790184335.899
404,01_names,get_prob,result,,0.3177913,0.031,1790184335.93
405,01_names,get_prob,result,,0.3177913,0.031,1790184335.977
406,01_names,get_prob,result,,0.3177913,0.031,1790184336.008
407,01_names,get_prob,result,,0.3177913,0.047,1790184336.055
408,01_names,get_prob,result,,0.3177913,0.031,1790184336.087
409,01_names,get_prob,result,,0.3177913,0.031,1790184336.118
410,01_names,get_prob,result,,0.3177913,0.031,1790184336.165
411,01_names,get_prob,result,,0.3177913,0.031,1790184336.196
412,01_names,get_prob,final_review,,1.1318928,0.031,1790184336.227
413,01_names,get_prob,final_review,,1.1318928,0.031,1790184336.274
414,01_names,get_prob,py_file_path,,0.9087876,0.031,1790184336.305
415,01_names,get_prob,py_file_path,,0.9087876,0.047,1790184336.352
416,01_names,get_prob,human_friendly_review,,0.754837,0.031,1790184336.383
417,01_names,get_prob,human_friendly_review,,0.754837,0.031,1790184336.415
418,01_names,get_prob,info_key,,0.6416968,0.031,1790184336.462
419,01_names,get_prob,info_key,,0.6416968,0.031,1790184336.493
420,01_names,get_prob,human_friendly_info_key,,0.8852477,0.031,1790184336.524
421,01_names,get_prob,human_friendly_info_key,,0.8852477,0.031,1790184336.571
422,01_names,get_prob,result,,0.3177913,0.031,1790184336.602
423,01_names,get_prob,result,,0.3177913,0.047,1790184336.649
424,01_names,get_prob,item,,1.2382984,0.031,1790184336.68
425,01_names,get_prob,item,,1.2382984,0.031,1790184336.712
426,01_names,get_prob,human_friendly_review,,0.754837,0.031,1790184336.758
427,01_names,get_prob,human_friendly_review,,0.754837,0.031,1790184336.79
428,01_names,get_prob,final_review,,1.1318928,0.047,1790184336.837
429,01_names,get_prob,final_review,,1.1318928,0.031,1790184336.868
430,01_names,get_prob,replaced_newline_str,,0.37350604,0.031,1790184336.899
431,01_names,get_prob,replaced_newline_str,,0.37350604,0.031,1790184336.946
432,01_names,get_prob,readline,,0.95114315,0.031,1790184336.977
433,01_names,get_prob,readline,,0.95114315,0.031,1790184337.008
434,01_names,get_prob,token,,0.61435676,0.031,1790184337.055
435,01_names,get_prob,token,,0.61435676,0.031,1790184337.087
436,01_names,get_prob,lines,,0.41987333,0.047,1790184337.133
437,01_names,get_prob,lines,,0.41987333,0.031,1790184337.165
438,01_names,get_prob,lines,,0.41987333,0.031,1790184337.196
439,01_names,get_prob,lines,,0.41987333,0.031,1790184337.243
440,01_names,get_prob,i,,-0.08365387,0.031,1790184337.274
441,01_names,get_prob,i,,-0.08365387,0.031,1790184337.305
442,01_names,get_prob,line,,0.5399651,0.031,1790184337.352
443,01_names,get_prob,line,,0.5399651,0.031,1790184337.383
444,01_names,get_prob,pattern,,0.18480748,0.047,1790184337.43
445,01_names,get_prob,pattern,,0.18480748,0.031,1790184337.462
446,01_names,get_prob,matched_lines,,0.78490925,0.031,1790184337.493
447,01_names,get_prob,matched_lines,,0.78490925,0.031,1790184337.54
448,01_names,get_prob,line,,0.5399651,0.031,1790184337.571
449,01_names,get_prob,line,,0.5399651,0.031,1790184337.602
450,01_names,get_prob,matched_lines,,0.78490925,0.031,1790184337.649
451,01_names,get_prob,matched_lines,,0.78490925,0.031,1790184337.68
452,01_names,get_prob,line,,0.5399651,0.031,1790184337.727
453,01_names,get_prob,line,,0.5399651,0.031,1790184337.758
454,01_names,get_prob,matched_lines,,0.78490925,0.031,1790184337.79
455,01_names,get_prob,matched_lines,,0.78490925,0.031,1790184337.837
456,01_names,get_prob,line,,0.5399651,0.031,1790184337.868
457,01_names,get_prob,line,,0.5399651,0.047,1790184337.915
458,01_names,get_prob,tokens,,1.0525411,0.031,1790184337.946
459,01_names,get_prob,tokens,,1.0525411,0.031,1790184337.977
460,01_names,get_prob,dist,,-0.23658165,0.031,1790184338.024
461,01_names,get_prob,dist,,-0.23658165,0.031,1790184338.055
462,01_names,get_prob,py_file_path,,0.9087876,0.031,1790184338.086
463,01_names,get_prob,py_file_path,,0.9087876,0.031,1790184338.133
464,01_names,get_prob,py_code,,0.96133584,0.031,1790184338.165
465,01_names,get_prob,py_code,,0.96133584,0.031,1790184338.211
466,01_names,get_prob,py_file_path,,0.9087876,0.031,1790184338.243
467,01_names,get_prob,py_file_path,,0.9087876,0.031,1790184338.274
468,01_names,get_prob,parsed_py_code,,1.0960726,0.031,1790184338.321
469,01_names,get_prob,parsed_py_code,,1.0960726,0.031,1790184338.352
470,01_names,get_prob,max_line_no,,0.71428436,0.047,1790184338.399
471,01_names,get_prob,max_line_no,,0.71428436,0.031,1790184338.43
472,01_names,get_prob,function_name_by_line,,1.1178811,0.031,1790184338.461
473,01_names,get_prob,function_name_by_line,,1.1178811,0.031,1790184338.508
474,01_names,get_prob,_,,0.37742957,0.031,1790184338.54
475,01_names,get_prob,_,,0.37742957,0.031,1790184338.571
476,01_names,get_prob,item,,1.2382984,0.031,1790184338.618
477,01_names,get_prob,item,,1.2382984,0.031,1790184338.649
478,01_names,get_prob,start_line_no,,0.5640174,0.031,1790184338.696
479,01_names,get_prob,start_line_no,,0.5640174,0.031,1790184338.727
480,01_names,get_prob,end_line_no,,0.66723794,0.047,1790184338.774
481,01_names,get_prob,end_line_no,,0.66723794,0.031,1790184338.805
482,01_names,get_prob,i,,-0.08365387,0.031,1790184338.836
483,01_names,get_prob,i,,-0.08365387,0.031,1790184338.883
484,01_names,get_prob,py_file_path,,0.9087876,0.031,1790184338.915
485,01_names,get_prob,py_file_path,,0.9087876,0.031,1790184338.946
486,01_names,get_prob,parsed_py_code,,1.0960726,0.031,1790184338.993
487,01_names,get_prob,parsed_py_code,,1.0960726,0.031,1790184339.024
488,01_names,get_prob,py_file_path_,,0.6794728,0.031,1790184339.071
489,01_names,get_prob,py_file_path_,,0.6794728,0.031,1790184339.102
490,01_names,get_prob,max_line_no,,0.71428436,0.031,1790184339.133
491,01_names,get_prob,max_line_no,,0.71428436,0.031,1790184339.18
492,01_names,get_prob,function_name_by_line,,1.1178811,0.031,1790184339.211
493,01_names,get_prob,function_name_by_line,,1.1178811,0.031,1790184339.258
494,01_names,get_prob,_,,0.37742957,0.031,1790184339.29
495,01_names,get_prob,_,,0.37742957,0.031,1790184339.321
496,01_names,get_prob,py_file_path,,0.9087876,0.031,1790184339.368
497,01_names,get_prob,py_file_path,,0.9087876,0.031,1790184339.399
498,01_names,get_prob,parsed_py_code,,1.0960726,0.031,1790184339.446
499,01_names,get_prob,parsed_py_code,,1.0960726,0.031,1790184339.477
500,01_names,get_prob,max_line_no,,0.71428436,0.031,1790184339.508
501,01_names,get_prob,max_line_no,,0.71428436,0.031,1790184339.555
502,01_names,get_prob,class_name_by_line,,1.2530624,0.031,1790184339.586
503,01_names,get_prob,class_name_by_line,,1.2530624,0.031,1790184339.633
504,01_names,get_prob,_,,0.37742957,0.031,1790184339.665
505,01_names,get_prob,_,,0.37742957,0.031,1790184339.696
506,01_names,get_prob,item,,1.2382984,0.031,1790184339.743
507,01_names,get_prob,item,,1.2382984,0.031,1790184339.774
508,01_names,get_prob,start_line_no,,0.5640174,0.031,1790184339.821
509,01_names,get_prob,start_line_no,,0.5640174,0.031,1790184339.852
510,01_names,get_prob,end_line_no,,0.66723794,0.031,1790184339.883
511,01_names,get_prob,end_line_no,,0.66723794,0.031,1790184339.93
512,01_names,get_prob,i,,-0.08365387,0.031,1790184339.961
513,01_names,get_prob,i,,-0.08365387,0.031,1790184340.008
514,01_names,get_prob,py_file_path,,0.9087876,0.031,1790184340.039
515,01_names,get_prob,py_file_path,,0.9087876,0.047,1790184340.086
516,01_names,get_prob,parsed_py_code,,1.0960726,0.031,1790184340.118
517,01_names,get_prob,parsed_py_code,,1.0960726,0.031,1790184340.149
518,01_names,get_prob,py_file_path_,,0.6794728,0.031,1790184340.196
519,01_names,get_prob,py_file_path_,,0.6794728,0.031,1790184340.227
520,01_names,get_prob,max_line_no,,0.71428436,0.031,1790184340.274
521,01_names,get_prob,max_line_no,,0.71428436,0.031,1790184340.305
522,01_names,get_prob,class_name_by_line,,1.2530624,0.047,1790184340.352
523,01_names,get_prob,class_name_by_line,,1.2530624,0.031,1790184340.383
524,01_names,get_prob,_,,0.37742957,0.031,1790184340.414
525,01_names,get_prob,_,,0.37742957,0.031,1790184340.461
526,01_names,get_prob,defined_info,,0.23592654,0.031,1790184340.493
527,01_names,get_prob,defined_info,,0.23592654,0.031,1790184340.539
528,01_names,get_prob,used_info,,0.53662074,0.031,1790184340.571
529,01_names,get_prob,used_info,,0.53662074,0.031,1790184340.602
530,01_names,get_prob,item,,1.2382984,0.031,1790184340.649
531,01_names,get_prob,item,,1.2382984,0.031,1790184340.68
532,01_names,get_prob,line_no,,0.4846384,0.031,1790184340.727
533,01_names,get_prob,line_no,,0.4846384,0.031,1790184340.758
534,01_names,get_prob,func_name,,0.7816464,0.047,1790184340.805
535,01_names,get_prob,func_name,,0.7816464,0.031,1790184340.836
536,01_names,get_prob,func_name_for_func_def,,0.6931646,0.031,1790184340.868
537,01_names,get_prob,func_name_for_func_def,,0.6931646,0.031,1790184340.914
538,01_names,get_prob,info_key,,0.6416968,0.031,1790184340.946
539,01_names,get_prob,info_key,,0.6416968,0.047,1790184340.993
540,01_names,get_prob,info_key_for_func_def,,0.8233286,0.031,1790184341.024
541,01_names,get_prob,info_key_for_func_def,,0.8233286,0.031,1790184341.055
542,01_names,get_prob,import_infos,,0.71902084,0.031,1790184341.102
543,01_names,get_prob,import_infos,,0.71902084,0.031,1790184341.133
544,01_names,get_prob,info,,-0.28734633,0.031,1790184341.18
545,01_names,get_prob,info,,-0.28734633,0.031,1790184341.211
546,01_names,get_prob,import_infos_with_type,,0.7172204,0.031,1790184341.243
547,01_names,get_prob,import_infos_with_type,,0.7172204,0.031,1790184341.289
548,01_names,get_prob,info,,-0.28734633,0.031,1790184341.321
549,01_names,get_prob,info,,-0.28734633,0.031,1790184341.368
550,01_names,get_prob,info,,-0.28734633,0.031,1790184341.399
551,01_names,get_prob,info,,-0.28734633,0.047,1790184341.446
552,01_names,get_prob,name,,0.6270727,0.031,1790184341.477
553,01_names,get_prob,name,,0.6270727,0.031,1790184341.508
554,01_names,get_prob,arg_names,,0.7933736,0.031,1790184341.555
555,01_names,get_prob,arg_names,,0.7933736,0.031,1790184341.586
556,01_names,get_prob,arg_names_with_type,,0.7572786,0.031,1790184341.633
557,01_names,get_prob,arg_names_with_type,,0.7572786,0.031,1790184341.664
558,01_names,get_prob,arg_name,,0.74186766,0.047,1790184341.711
559,01_names,get_prob,arg_name,,0.74186766,0.031,1790184341.743
560,01_names,get_prob,constant_info,,0.38103563,0.031,1790184341.774
561,01_names,get_prob,constant_info,,0.38103563,0.031,1790184341.821
562,01_names,get_prob,item,,1.2382984,0.031,1790184341.852
563,01_names,get_prob,item,,1.2382984,0.031,1790184341.899
564,01_names,get_prob,line_no,,0.4846384,0.031,1790184341.93
565,01_names,get_prob,line_no,,0.4846384,0.047,1790184341.977
566,01_names,get_prob,func_name,,0.7816464,0.031,1790184342.008
567,01_names,get_prob,func_name,,0.7816464,0.031,1790184342.039
568,01_names,get_prob,info_key,,0.6416968,0.031,1790184342.086
569,01_names,get_prob,info_key,,0.6416968,0.031,1790184342.118
570,01_names,get_prob,constant_with_type,,0.6363009,0.031,1790184342.164
571,01_names,get_prob,constant_with_type,,0.6363009,0.031,1790184342.196
572,01_names,get_prob,function_bodies_info,,0.60503685,0.047,1790184342.243
573,01_names,get_prob,function_bodies_info,,0.60503685,0.031,1790184342.274
574,01_names,get_prob,py_file_path,,0.9087876,0.031,1790184342.305
575,01_names,get_prob,py_file_path,,0.9087876,0.031,1790184342.352
576,01_names,get_prob,parsed_py_code,,1.0960726,0.031,1790184342.383
577,01_names,get_prob,parsed_py_code,,1.0960726,0.031,1790184342.43
578,01_names,get_prob,item,,1.2382984,0.031,1790184342.461
579,01_names,get_prob,item,,1.2382984,0.031,1790184342.492
580,01_names,get_prob,function_name,,0.5923347,0.031,1790184342.539
581,01_names,get_prob,function_name,,0.5923347,0.031,1790184342.571
582,01_names,get_prob,function_body,,0.63914555,0.031,1790184342.617
583,01_names,get_prob,function_body,,0.63914555,0.031,1790184342.649
584,01_names,get_prob,start_line_no,,0.5640174,0.031,1790184342.696
585,01_names,get_prob,start_line_no,,0.5640174,0.031,1790184342.727
586,01_names,get_prob,py_file_path,,0.9087876,0.031,1790184342.758
587,01_names,get_prob,py_file_path,,0.9087876,0.031,1790184342.805
588,01_names,get_prob,py_code,,0.96133584,0.031,1790184342.836
589,01_names,get_prob,py_code,,0.96133584,0.031,1790184342.883
590,01_names,get_prob,lines,,0.41987333,0.031,1790184342.914
591,01_names,get_prob,lines,,0.41987333,0.031,1790184342.961
592,01_names,get_prob,line,,0.5399651,0.031,1790184342.992
593,01_names,get_prob,line,,0.5399651,0.031,1790184343.024
594,01_names,get_prob,lines,,0.41987333,0.031,1790184343.071
595,01_names,get_prob,lines,,0.41987333,0.031,1790184343.102
596,01_names,get_prob,line,,0.5399651,0.031,1790184343.149
597,01_names,get_prob,line,,0.5399651,0.031,1790184343.18
598,01_names,get_prob,line_idx,,1.0419908,0.031,1790184343.227
599,01_names,get_prob,line_idx,,1.0419908,0.031,1790184343.258
600,01_names,get_prob,line_no,,0.4846384,0.047,1790184343.305
601,01_names,get_prob,line_no,,0.4846384,0.031,1790184343.336
602,01_names,get_prob,lines_to_search,,0.93517053,0.031,1790184343.367
603,01_names,get_prob,lines_to_search,,0.93517053,0.031,1790184343.414
604,01_names,get_prob,matched,,1.0375656,0.031,1790184343.446
605,01_names,get_prob,matched,,1.0375656,0.031,1790184343.492
606,01_names,get_prob,matched_text,,0.886975,0.031,1790184343.524
607,01_names,get_prob,matched_text,,0.886975,0.047,1790184343.571
608,01_names,get_prob,matched_groups,,0.778704,0.031,1790184343.602
609,01_names,get_prob,matched_groups,,0.778704,0.031,1790184343.633
610,01_names,get_prob,func_name,,0.7816464,0.031,1790184343.68
611,01_names,get_prob,func_name,,0.7816464,0.031,1790184343.711
612,01_names,get_prob,lines_to_show,,0.92909753,0.031,1790184343.758
613,01_names,get_prob,lines_to_show,,0.92909753,0.031,1790184343.789
614,01_names,get_prob,lines_to_show,,0.92909753,0.031,1790184343.836
615,01_names,get_prob,lines_to_show,,0.92909753,0.031,1790184343.867
616,01_names,get_prob,is_matched,,1.048294,0.047,1790184343.914
617,01_names,get_prob,is_matched,,1.048294,0.031,1790184343.946
618,01_names,get_prob,is_file_line_matched,,1.4264004,0.031,1790184343.977
619,01_names,get_prob,is_file_line_matched,,1.4264004,0.031,1790184344.024
620,01_names,get_prob,line_idx,,1.0419908,0.031,1790184344.055
621,01_names,get_prob,line_idx,,1.0419908,0.031,1790184344.102
622,01_names,get_prob,line_idx,,1.0419908,0.031,1790184344.133
623,01_names,get_prob,line_idx,,1.0419908,0.047,1790184344.18
624,01_names,get_prob,line_idx,,1.0419908,0.031,1790184344.211
625,01_names,get_prob,line_idx,,1.0419908,0.031,1790184344.242
626,01_names,get_prob,py_file_path,,0.9087876,0.031,1790184344.289
627,01_names,get_prob,py_file_path,,0.9087876,0.031,1790184344.321
628,01_names,get_prob,py_code,,0.96133584,0.031,1790184344.367
629,01_names,get_prob,py_code,,0.96133584,0.031,1790184344.399
630,01_names,get_prob,final_result_dict,,1.0478861,0.031,1790184344.445
631,01_names,get_prob,final_result_dict,,1.0478861,0.031,1790184344.477
632,01_names,get_prob,str_pattern_1,,0.2720584,0.047,1790184344.524
633,01_names,get_prob,str_pattern_1,,0.2720584,0.031,1790184344.555
634,01_names,get_prob,str_pattern_2,,0.09507719,0.031,1790184344.586
635,01_names,get_prob,str_pattern_2,,0.09507719,0.031,1790184344.633
636,01_names,get_prob,regex,,0.15973859,0.031,1790184344.664
637,01_names,get_prob,regex,,0.15973859,0.031,1790184344.711
638,01_names,get_prob,info,,-0.28734633,0.031,1790184344.742
639,01_names,get_prob,info,,-0.28734633,0.031,1790184344.789
640,01_names,get_prob,info,,-0.28734633,0.031,1790184344.82
641,01_names,get_prob,info,,-0.28734633,0.031,1790184344.867
642,01_names,get_prob,func_name,,0.7816464,0.031,1790184344.899
643,01_names,get_prob,func_name,,0.7816464,0.031,1790184344.93
644,01_names,get_prob,py_file_path,,0.9087876,0.031,1790184344.977
645,01_names,get_prob,py_file_path,,0.9087876,0.031,1790184345.008
646,01_names,get_prob,py_code,,0.96133584,0.031,1790184345.055
647,01_names,get_prob,py_code,,0.96133584,0.031,1790184345.086
648,01_names,get_prob,lines,,0.41987333,0.031,1790184345.133
649,01_names,get_prob,lines,,0.41987333,0.031,1790184345.164
650,01_names,get_prob,last_if_elif_line_idx,,1.1791099,0.047,1790184345.211
651,01_names,get_prob,last_if_elif_line_idx,,1.1791099,0.031,1790184345.242
652,01_names,get_prob,current_if_elifs,,0.96312445,0.031,1790184345.274
653,01_names,get_prob,current_if_elifs,,0.96312445,0.031,1790184345.32
654,01_names,get_prob,line_idx,,1.0419908,0.031,1790184345.352
655,01_names,get_prob,line_idx,,1.0419908,0.031,1790184345.399
656,01_names,get_prob,line,,0.5399651,0.031,1790184345.43
657,01_names,get_prob,line,,0.5399651,0.031,1790184345.477
658,01_names,get_prob,line_no,,0.4846384,0.031,1790184345.508
659,01_names,get_prob,line_no,,0.4846384,0.031,1790184345.555
660,01_names,get_prob,matched,,1.0375656,0.031,1790184345.586
661,01_names,get_prob,matched,,1.0375656,0.047,1790184345.633
662,01_names,get_prob,matched_groups,,0.778704,0.031,1790184345.664
663,01_names,get_prob,matched_groups,,0.778704,0.031,1790184345.695
664,01_names,get_prob,keyword,,0.43848738,0.031,1790184345.742
665,01_names,get_prob,keyword,,0.43848738,0.031,1790184345.774
666,01_names,get_prob,var_name,,0.97849286,0.031,1790184345.82
667,01_names,get_prob,var_name,,0.97849286,0.031,1790184345.852
668,01_names,get_prob,last_if_elif_line_idx,,1.1791099,0.031,1790184345.899
669,01_names,get_prob,last_if_elif_line_idx,,1.1791099,0.031,1790184345.93
670,01_names,get_prob,py_file_path,,0.9087876,0.031,1790184345.977
671,01_names,get_prob,py_file_path,,0.9087876,0.031,1790184346.008
672,01_names,get_prob,file_name_format,,1.02466,0.031,1790184346.055
673,01_names,get_prob,file_name_format,,1.02466,0.031,1790184346.086
674,01_names,get_prob,item,,1.2382984,0.031,1790184346.133
675,01_names,get_prob,item,,1.2382984,0.031,1790184346.164
676,01_names,get_prob,py_file_path,,0.9087876,0.031,1790184346.211
677,01_names,get_prob,py_file_path,,0.9087876,0.031,1790184346.242
678,01_names,get_prob,import_info,,0.5457175,0.047,1790184346.289
679,01_names,get_prob,import_info,,0.5457175,0.031,1790184346.32
680,01_names,get_prob,info,,-0.28734633,0.031,1790184346.352
681,01_names,get_prob,info,,-0.28734633,0.031,1790184346.399
682,01_names,get_prob,body_1_lines,,0.7968632,0.031,1790184346.43
683,01_names,get_prob,body_1_lines,,0.7968632,0.031,1790184346.477
684,01_names,get_prob,line,,0.5399651,0.031,1790184346.508
685,01_names,get_prob,line,,0.5399651,0.031,1790184346.555
686,01_names,get_prob,body_2_lines,,0.47261322,0.031,1790184346.586
687,01_names,get_prob,body_2_lines,,0.47261322,0.031,1790184346.633
688,01_names,get_prob,line,,0.5399651,0.031,1790184346.664
689,01_names,get_prob,line,,0.5399651,0.047,1790184346.711
690,01_names,get_prob,seq_matcher,,1.2706386,0.031,1790184346.742
691,01_names,get_prob,seq_matcher,,1.2706386,0.031,1790184346.773
692,01_names,get_prob,lcs,,0.5553516,0.031,1790184346.82
693,01_names,get_prob,lcs,,0.5553516,0.031,1790184346.852
694,01_names,get_prob,cond_lcs_1,,0.51986736,0.031,1790184346.898
695,01_names,get_prob,cond_lcs_1,,0.51986736,0.031,1790184346.93
696,01_names,get_prob,cond_lcs_2,,0.3826984,0.031,1790184346.977
697,01_names,get_prob,cond_lcs_2,,0.3826984,0.031,1790184347.008
698,01_names,get_prob,cond_lcs_3,,0.55515057,0.031,1790184347.055
699,01_names,get_prob,cond_lcs_3,,0.55515057,0.031,1790184347.086
700,01_names,get_prob,final_result_dict,,1.0478861,0.031,1790184347.133
701,01_names,get_prob,final_result_dict,,1.0478861,0.031,1790184347.164
702,01_names,get_prob,imported_dict,,0.8601064,0.031,1790184347.211
703,01_names,get_prob,imported_dict,,0.8601064,0.031,1790184347.242
704,01_names,get_prob,py_file_path,,0.9087876,0.031,1790184347.289
705,01_names,get_prob,py_file_path,,0.9087876,0.031,1790184347.32
706,01_names,get_prob,parsed_py_code,,1.0960726,0.031,1790184347.367
707,01_names,get_prob,parsed_py_code,,1.0960726,0.031,1790184347.398
708,01_names,get_prob,defined_info,,0.23592654,0.047,1790184347.445
709,01_names,get_prob,defined_info,,0.23592654,0.031,1790184347.477
710,01_names,get_prob,used_info,,0.53662074,0.031,1790184347.523
711,01_names,get_prob,used_info,,0.53662074,0.031,1790184347.555
712,01_names,get_prob,all_unused_list,,0.86150146,0.031,1790184347.602
713,01_names,get_prob,all_unused_list,,0.86150146,0.031,1790184347.633
714,01_names,get_prob,k,,0.7624564,0.047,1790184347.68
715,01_names,get_prob,k,,0.7624564,0.031,1790184347.711
716,01_names,get_prob,defined_info_list,,0.5594245,0.047,1790184347.758
717,01_names,get_prob,defined_info_list,,0.5594245,0.031,1790184347.789
718,01_names,get_prob,used_names,,1.022843,0.031,1790184347.82
719,01_names,get_prob,used_names,,1.022843,0.031,1790184347.867
720,01_names,get_prob,defined_names,,0.7960211,0.031,1790184347.898
721,01_names,get_prob,defined_names,,0.7960211,0.031,1790184347.945
722,01_names,get_prob,item,,1.2382984,0.031,1790184347.977
723,01_names,get_prob,item,,1.2382984,0.031,1790184348.023
724,01_names,get_prob,defined_set,,0.26304927,0.031,1790184348.055
725,01_names,get_prob,defined_set,,0.26304927,0.031,1790184348.102
726,01_names,get_prob,used_set,,0.7695129,0.031,1790184348.133
727,01_names,get_prob,used_set,,0.7695129,0.031,1790184348.18
728,01_names,get_prob,unused_set,,0.53410184,0.031,1790184348.211
729,01_names,get_prob,unused_set,,0.53410184,0.022,1790184348.248
730,01_names,get_prob,unused_list,,0.85165566,0.031,1790184348.295
731,01_names,get_prob,unused_list,,0.85165566,0.031,1790184348.326
732,01_names,get_prob,item,,1.2382984,0.031,1790184348.373
733,01_names,get_prob,item,,1.2382984,0.031,1790184348.404
734,01_names,get_prob,text_embedding_model,,0.8167082,0.031,1790184348.451
735,01_names,get_prob,text_embedding_model,,0.8167082,0.031,1790184348.483
736,01_names,get_prob,final_result_dict,,1.0478861,0.047,1790184348.529
737,01_names,get_prob,final_result_dict,,1.0478861,0.033,1790184348.563
738,01_names,get_prob,re_logger,,0.29387927,0.047,1790184348.609
739,01_names,get_prob,re_logger,,0.29387927,0.047,1790184348.656
740,01_names,get_prob,re_print,,0.8507941,0.05,1790184348.706
741,01_names,get_prob,re_print,,0.8507941,0.047,1790184348.753
742,01_names,get_prob,py_file_path,,0.9087876,0.031,1790184348.784
743,01_names,get_prob,py_file_path,,0.9087876,0.031,1790184348.831
744,01_names,get_prob,py_code,,0.96133584,0.031,1790184348.862
745,01_names,get_prob,py_code,,0.96133584,0.031,1790184348.909
746,01_names,get_prob,py_code_lines,,1.2034705,0.031,1790184348.941
747,01_names,get_prob,py_code_lines,,1.2034705,0.031,1790184348.987
748,01_names,get_prob,logger_loggings,,0.75360394,0.031,1790184349.019
749,01_names,get_prob,logger_loggings,,0.75360394,0.031,1790184349.066
750,01_names,get_prob,line_no,,0.4846384,0.031,1790184349.097
751,01_names,get_prob,line_no,,0.4846384,0.047,1790184349.144
752,01_names,get_prob,line,,0.5399651,0.031,1790184349.175
753,01_names,get_prob,line,,0.5399651,0.047,1790184349.222
754,01_names,get_prob,prints,,0.58380175,0.031,1790184349.253
755,01_names,get_prob,prints,,0.58380175,0.031,1790184349.284
756,01_names,get_prob,line_no,,0.4846384,0.031,1790184349.331
757,01_names,get_prob,line_no,,0.4846384,0.031,1790184349.362
758,01_names,get_prob,line,,0.5399651,0.031,1790184349.409
759,01_names,get_prob,line,,0.5399651,0.031,1790184349.441
760,01_names,get_prob,print_types,,0.8328675,0.031,1790184349.487
761,01_names,get_prob,print_types,,0.8328675,0.031,1790184349.519
762,01_names,get_prob,print_collection,,1.0536069,0.031,1790184349.55
763,01_names,get_prob,print_collection,,1.0536069,0.031,1790184349.597
764,01_names,get_prob,print_type,,0.74927104,0.031,1790184349.628
765,01_names,get_prob,print_type,,0.74927104,0.031,1790184349.675
766,01_names,get_prob,line_no,,0.4846384,0.031,1790184349.706
767,01_names,get_prob,line_no,,0.4846384,0.031,1790184349.753
768,01_names,get_prob,line,,0.5399651,0.031,1790184349.784
769,01_names,get_prob,line,,0.5399651,0.031,1790184349.816
770,01_names,get_prob,func_name,,0.7816464,0.031,1790184349.862
771,01_names,get_prob,func_name,,0.7816464,0.031,1790184349.894
772,01_names,get_prob,final_result_dict,,1.0478861,0.031,1790184349.941
773,01_names,get_prob,final_result_dict,,1.0478861,0.031,1790184349.972
774,01_names,get_prob,defined_constant_names,,0.7013099,0.031,1790184350.019
775,01_names,get_prob,defined_constant_names,,0.7013099,0.031,1790184350.05
776,01_names,get_prob,repeated_long_strs,,0.7725804,0.031,1790184350.097
777,01_names,get_prob,repeated_long_strs,,0.7725804,0.031,1790184350.128
778,01_names,get_prob,simplified_function_body_list,,0.6346619,0.031,1790184350.175
779,01_names,get_prob,simplified_function_body_list,,0.6346619,0.031,1790184350.206
780,01_names,get_prob,py_file_path,,0.9087876,0.031,1790184350.253
781,01_names,get_prob,py_file_path,,0.9087876,0.031,1790184350.284
782,01_names,get_prob,parsed_py_code,,1.0960726,0.047,1790184350.331
783,01_names,get_prob,parsed_py_code,,1.0960726,0.031,1790184350.362
784,01_names,get_prob,defined_info,,0.23592654,0.047,1790184350.409
785,01_names,get_prob,defined_info,,0.23592654,0.031,1790184350.441
786,01_names,get_prob,used_info,,0.53662074,0.047,1790184350.487
787,01_names,get_prob,used_info,,0.53662074,0.031,1790184350.519
788,01_names,get_prob,constant_value_info,,0.8769653,0.031,1790184350.55
789,01_names,get_prob,constant_value_info,,0.8769653,0.031,1790184350.597
790,01_names,get_prob,defind_constants_info,,0.17798217,0.031,1790184350.628
791,01_names,get_prob,defind_constants_info,,0.17798217,0.031,1790184350.675
792,01_names,get_prob,info,,-0.28734633,0.047,1790184350.722
793,01_names,get_prob,info,,-0.28734633,0.031,1790184350.753
794,01_names,get_prob,func,,0.05623197,0.047,1790184350.8
795,01_names,get_prob,func,,0.05623197,0.031,1790184350.831
796,01_names,get_prob,info_list,,0.5168722,0.047,1790184350.878
797,01_names,get_prob,info_list,,0.5168722,0.031,1790184350.909
798,01_names,get_prob,long_constant_value_info,,0.84076345,0.047,1790184350.956
799,01_names,get_prob,long_constant_value_info,,0.84076345,0.031,1790184350.987
800,01_names,get_prob,info,,-0.28734633,0.047,1790184351.034
801,01_names,get_prob,info,,-0.28734633,0.031,1790184351.065
802,01_names,get_prob,func,,0.05623197,0.047,1790184351.112
803,01_names,get_prob,func,,0.05623197,0.031,1790184351.144
804,01_names,get_prob,info_list,,0.5168722,0.047,1790184351.19
805,01_names,get_prob,info_list,,0.5168722,0.031,1790184351.222
806,01_names,get_prob,func_name,,0.7816464,0.031,1790184351.253
807,01_names,get_prob,func_name,,0.7816464,0.031,1790184351.3
808,01_names,get_prob,info_list,,0.5168722,0.047,1790184351.347
809,01_names,get_prob,info_list,,0.5168722,0.031,1790184351.378
810,01_names,get_prob,info,,-0.28734633,0.047,1790184351.425
811,01_names,get_prob,info,,-0.28734633,0.031,1790184351.456
812,01_names,get_prob,func_name,,0.7816464,0.047,1790184351.503
813,01_names,get_prob,func_name,,0.7816464,0.031,1790184351.534
814,01_names,get_prob,info_list,,0.5168722,0.031,1790184351.565
815,01_names,get_prob,info_list,,0.5168722,0.031,1790184351.612
816,01_names,get_prob,info,,-0.28734633,0.047,1790184351.659
817,01_names,get_prob,info,,-0.28734633,0.031,1790184351.69
818,01_names,get_prob,function_bodies_info,,0.60503685,0.047,1790184351.737
819,01_names,get_prob,function_bodies_info,,0.60503685,0.031,1790184351.769
820,01_names,get_prob,py_file_path,,0.9087876,0.047,1790184351.815
821,01_names,get_prob,py_file_path,,0.9087876,0.031,1790184351.847
822,01_names,get_prob,function_body_items,,1.2782897,0.033,1790184351.88
823,01_names,get_prob,function_body_items,,1.2782897,0.031,1790184351.926
824,01_names,get_prob,item,,1.2382984,0.031,1790184351.958
825,01_names,get_prob,item,,1.2382984,0.031,1790184352.005
826,01_names,get_prob,function_name,,0.5923347,0.031,1790184352.036
827,01_names,get_prob,function_name,,0.5923347,0.031,1790184352.083
828,01_names,get_prob,function_body,,0.63914555,0.031,1790184352.114
829,01_names,get_prob,function_body,,0.63914555,0.031,1790184352.161
830,01_names,get_prob,start_line,,0.55052185,0.031,1790184352.192
831,01_names,get_prob,start_line,,0.55052185,0.031,1790184352.239
832,01_names,get_prob,simplified_body,,0.46585998,0.031,1790184352.27
833,01_names,get_prob,simplified_body,,0.46585998,0.031,1790184352.317
834,01_names,get_prob,existing_simplified_body,,0.49996802,0.031,1790184352.348
835,01_names,get_prob,existing_simplified_body,,0.49996802,0.031,1790184352.395
836,01_names,get_prob,text_embedding_logs,,1.1421123,0.031,1790184352.426
837,01_names,get_prob,text_embedding_logs,,1.1421123,0.031,1790184352.473
838,01_names,get_prob,all_similar_text_pairs,,0.45030853,0.031,1790184352.505
839,01_names,get_prob,all_similar_text_pairs,,0.45030853,0.031,1790184352.551
840,01_names,get_prob,embedding_vector,,0.97556174,0.031,1790184352.583
841,01_names,get_prob,embedding_vector,,0.97556174,0.031,1790184352.63
842,01_names,get_prob,log,,0.3164263,0.031,1790184352.661
843,01_names,get_prob,log,,0.3164263,0.031,1790184352.708
844,01_names,get_prob,cos_sim,,0.46315032,0.047,1790184352.755
845,01_names,get_prob,cos_sim,,0.46315032,0.031,1790184352.786
846,01_names,get_prob,py_file_path,,0.9087876,0.047,1790184352.833
847,01_names,get_prob,py_file_path,,0.9087876,0.031,1790184352.864
848,01_names,get_prob,func_name,,0.7816464,0.047,1790184352.911
849,01_names,get_prob,func_name,,0.7816464,0.031,1790184352.942
850,01_names,get_prob,info_list,,0.5168722,0.047,1790184352.989
851,01_names,get_prob,info_list,,0.5168722,0.031,1790184353.02
852,01_names,get_prob,info,,-0.28734633,0.031,1790184353.067
853,01_names,get_prob,info,,-0.28734633,0.031,1790184353.098
854,01_names,get_prob,text_embedding_model,,0.8167082,0.031,1790184353.145
855,01_names,get_prob,text_embedding_model,,0.8167082,0.031,1790184353.176
856,01_names,get_prob,final_result_dict,,1.0478861,0.031,1790184353.223
857,01_names,get_prob,final_result_dict,,1.0478861,0.031,1790184353.255
858,01_names,get_prob,all_variables_dict,,0.97502595,0.031,1790184353.301
859,01_names,get_prob,all_variables_dict,,0.97502595,0.031,1790184353.333
860,01_names,get_prob,py_file_path,,0.9087876,0.031,1790184353.38
861,01_names,get_prob,py_file_path,,0.9087876,0.031,1790184353.411
862,01_names,get_prob,py_file_path,,0.9087876,0.031,1790184353.458
863,01_names,get_prob,py_file_path,,0.9087876,0.031,1790184353.489
864,01_names,get_prob,parsed_py_code,,1.0960726,0.031,1790184353.536
865,01_names,get_prob,parsed_py_code,,1.0960726,0.031,1790184353.567
866,01_names,get_prob,defined_info,,0.23592654,0.031,1790184353.614
867,01_names,get_prob,defined_info,,0.23592654,0.031,1790184353.645
868,01_names,get_prob,_,,0.37742957,0.031,1790184353.692
869,01_names,get_prob,_,,0.37742957,0.031,1790184353.723
870,01_names,get_prob,variable_info,,0.6354411,0.031,1790184353.77
871,01_names,get_prob,variable_info,,0.6354411,0.031,1790184353.801
872,01_names,get_prob,info,,-0.28734633,0.031,1790184353.848
873,01_names,get_prob,info,,-0.28734633,0.031,1790184353.88
874,01_names,get_prob,func,,0.05623197,0.031,1790184353.926
875,01_names,get_prob,func,,0.05623197,0.031,1790184353.958
876,01_names,get_prob,info_list,,0.5168722,0.031,1790184354.005
877,01_names,get_prob,info_list,,0.5168722,0.031,1790184354.036
878,01_names,get_prob,all_similar_text_pairs,,0.45030853,0.031,1790184354.083
879,01_names,get_prob,all_similar_text_pairs,,0.45030853,0.047,1790184354.129
880,01_names,get_prob,info,,-0.28734633,0.031,1790184354.161
881,01_names,get_prob,info,,-0.28734633,0.047,1790184354.208
882,01_names,get_prob,line_no,,0.4846384,0.031,1790184354.239
883,01_names,get_prob,line_no,,0.4846384,0.031,1790184354.286
884,01_names,get_prob,py_file_path,,0.9087876,0.031,1790184354.317
885,01_names,get_prob,py_file_path,,0.9087876,0.031,1790184354.364
886,01_names,get_prob,func_name,,0.7816464,0.031,1790184354.395
887,01_names,get_prob,func_name,,0.7816464,0.031,1790184354.442
888,01_names,get_prob,func_annot_dict,,0.8717363,0.031,1790184354.473
889,01_names,get_prob,func_annot_dict,,0.8717363,0.031,1790184354.52
890,01_names,get_prob,final_result_dict,,1.0478861,0.031,1790184354.551
891,01_names,get_prob,final_result_dict,,1.0478861,0.031,1790184354.598
892,01_names,get_prob,py_file_path,,0.9087876,0.031,1790184354.629
893,01_names,get_prob,py_file_path,,0.9087876,0.031,1790184354.676
894,01_names,get_prob,parsed_py_code,,1.0960726,0.031,1790184354.708
895,01_names,get_prob,parsed_py_code,,1.0960726,0.031,1790184354.754
896,01_names,get_prob,py_file_path,,0.9087876,0.031,1790184354.786
897,01_names,get_prob,py_file_path,,0.9087876,0.031,1790184354.833
898,01_names,get_prob,parsed_py_code,,1.0960726,0.031,1790184354.864
899,01_names,get_prob,parsed_py_code,,1.0960726,0.031,1790184354.911
900,01_names,get_prob,function_defs,,0.601016,0.031,1790184354.942
901,01_names,get_prob,function_defs,,0.601016,0.031,1790184354.989
902,01_names,get_prob,item,,1.2382984,0.047,1790184355.036
903,01_names,get_prob,item,,1.2382984,0.031,1790184355.067
904,01_names,get_prob,item,,1.2382984,0.047,1790184355.114
905,01_names,get_prob,item,,1.2382984,0.031,1790184355.145
906,01_names,get_prob,func_args,,0.72866225,0.031,1790184355.192
907,01_names,get_prob,func_args,,0.72866225,0.031,1790184355.223
908,01_names,get_prob,line_no,,0.4846384,0.031,1790184355.27
909,01_names,get_prob,line_no,,0.4846384,0.031,1790184355.301
910,01_names,get_prob,func_arg_names,,0.89405,0.031,1790184355.348
911,01_names,get_prob,func_arg_names,,0.89405,0.031,1790184355.379
912,01_names,get_prob,func_annots,,0.8959621,0.031,1790184355.426
913,01_names,get_prob,func_annots,,0.8959621,0.031,1790184355.458
914,01_names,get_prob,arg_name,,0.74186766,0.031,1790184355.504
915,01_names,get_prob,arg_name,,0.74186766,0.031,1790184355.536
916,01_names,get_prob,annot,,0.22880094,0.031,1790184355.583
917,01_names,get_prob,annot,,0.22880094,0.031,1790184355.614
918,01_names,get_prob,existing_annot,,0.51956064,0.031,1790184355.661
919,01_names,get_prob,existing_annot,,0.51956064,0.031,1790184355.692
920,01_names,get_prob,func_name,,0.7816464,0.031,1790184355.739
921,01_names,get_prob,func_name,,0.7816464,0.047,1790184355.786
922,01_names,get_prob,text_embedding_model,,0.8167082,0.031,1790184355.817
923,01_names,get_prob,text_embedding_model,,0.8167082,0.047,1790184355.864
924,01_names,get_prob,final_result_dict,,1.0478861,0.031,1790184355.895
925,01_names,get_prob,final_result_dict,,1.0478861,0.031,1790184355.942
926,01_names,get_prob,py_file_path,,0.9087876,0.031,1790184355.973
927,01_names,get_prob,py_file_path,,0.9087876,0.031,1790184356.02
928,01_names,get_prob,parsed_py_code,,1.0960726,0.031,1790184356.051
929,01_names,get_prob,parsed_py_code,,1.0960726,0.031,1790184356.098
930,01_names,get_prob,var_names,,1.0093136,0.031,1790184356.129
931,01_names,get_prob,var_names,,1.0093136,0.031,1790184356.176
932,01_names,get_prob,item,,1.2382984,0.031,1790184356.208
933,01_names,get_prob,item,,1.2382984,0.031,1790184356.254
934,01_names,get_prob,func_names,,0.84670687,0.031,1790184356.286
935,01_names,get_prob,func_names,,0.84670687,0.031,1790184356.332
936,01_names,get_prob,item,,1.2382984,0.031,1790184356.364
937,01_names,get_prob,item,,1.2382984,0.031,1790184356.411
938,01_names,get_prob,names,,0.9440244,0.047,1790184356.457
939,01_names,get_prob,names,,0.9440244,0.031,1790184356.489
940,01_names,get_prob,name_info,,0.51039535,0.047,1790184356.536
941,01_names,get_prob,name_info,,0.51039535,0.031,1790184356.567
942,01_names,get_prob,line_no,,0.4846384,0.031,1790184356.614
943,01_names,get_prob,line_no,,0.4846384,0.031,1790184356.645
944,01_names,get_prob,name,,0.6270727,0.031,1790184356.692
945,01_names,get_prob,name,,0.6270727,0.031,1790184356.723
946,01_names,get_prob,func_name,,0.7816464,0.031,1790184356.77
947,01_names,get_prob,func_name,,0.7816464,0.031,1790184356.801
948,01_names,get_prob,text_embedding_model,,0.8167082,0.031,1790184356.848
949,01_names,get_prob,text_embedding_model,,0.8167082,0.047,1790184356.895
950,01_names,get_prob,final_result_dict,,1.0478861,0.031,1790184356.926
951,01_names,get_prob,final_result_dict,,1.0478861,0.031,1790184356.973
952,01_names,get_prob,py_file_paths,,0.5771054,0.031,1790184357.004
953,01_names,get_prob,py_file_paths,,0.5771054,0.031,1790184357.051
954,01_names,get_prob,py_file_names,,1.0725673,0.031,1790184357.082
955,01_names,get_prob,py_file_names,,1.0725673,0.031,1790184357.129
956,01_names,get_prob,path,,0.64244336,0.031,1790184357.161
957,01_names,get_prob,path,,0.64244336,0.031,1790184357.207
958,01_names,get_prob,py_file_names_set,,1.0473326,0.031,1790184357.239
959,01_names,get_prob,py_file_names_set,,1.0473326,0.031,1790184357.286
960,01_names,get_prob,return_pattern_dict,,0.51538813,0.031,1790184357.317
961,01_names,get_prob,return_pattern_dict,,0.51538813,0.031,1790184357.364
962,01_names,get_prob,py_file_path,,0.9087876,0.047,1790184357.411
963,01_names,get_prob,py_file_path,,0.9087876,0.031,1790184357.442
964,01_names,get_prob,_,,0.37742957,0.031,1790184357.489
965,01_names,get_prob,_,,0.37742957,0.031,1790184357.52
966,01_names,get_prob,py_file_path,,0.9087876,0.031,1790184357.567
967,01_names,get_prob,py_file_path,,0.9087876,0.031,1790184357.598
968,01_names,get_prob,parsed_py_code,,1.0960726,0.031,1790184357.645
969,01_names,get_prob,parsed_py_code,,1.0960726,0.031,1790184357.676
970,01_names,get_prob,func_names_info,,0.66410935,0.031,1790184357.723
971,01_names,get_prob,func_names_info,,0.66410935,0.031,1790184357.754
972,01_names,get_prob,item,,1.2382984,0.031,1790184357.801
973,01_names,get_prob,item,,1.2382984,0.047,1790184357.848
974,01_names,get_prob,imported_names_info,,0.9519638,0.031,1790184357.879
975,01_names,get_prob,imported_names_info,,0.9519638,0.031,1790184357.926
976,01_names,get_prob,info,,-0.28734633,0.031,1790184357.957
977,01_names,get_prob,info,,-0.28734633,0.031,1790184358.004
978,01_names,get_prob,item,,1.2382984,0.031,1790184358.036
979,01_names,get_prob,item,,1.2382984,0.031,1790184358.082
980,01_names,get_prob,func_names,,0.84670687,0.031,1790184358.114
981,01_names,get_prob,func_names,,0.84670687,0.031,1790184358.161
982,01_names,get_prob,info,,-0.28734633,0.031,1790184358.192
983,01_names,get_prob,info,,-0.28734633,0.031,1790184358.239
984,01_names,get_prob,imported_names,,1.0741098,0.047,1790184358.286
985,01_names,get_prob,imported_names,,1.0741098,0.031,1790184358.317
986,01_names,get_prob,info,,-0.28734633,0.031,1790184358.364
987,01_names,get_prob,info,,-0.28734633,0.031,1790184358.395
988,01_names,get_prob,func_and_imported_names,,0.84906065,0.031,1790184358.442
989,01_names,get_prob,func_and_imported_names,,0.84906065,0.031,1790184358.473
990,01_names,get_prob,func_list,,0.79416054,0.031,1790184358.52
991,01_names,get_prob,func_list,,0.79416054,0.047,1790184358.567
992,01_names,get_prob,pattern,,0.18480748,0.031,1790184358.598
993,01_names,get_prob,pattern,,0.18480748,0.031,1790184358.645
994,01_names,get_prob,py_file_path_,,0.6794728,0.031,1790184358.676
995,01_names,get_prob,py_file_path_,,0.6794728,0.031,1790184358.723
996,01_names,get_prob,py_file_path,,0.9087876,0.031,1790184358.754
997,01_names,get_prob,py_file_path,,0.9087876,0.031,1790184358.801
998,01_names,get_prob,py_code,,0.96133584,0.031,1790184358.832
999,01_names,get_prob,py_code,,0.96133584,0.031,1790184358.879
1000,01_names,get_prob,py_file_path_,,0.6794728,0.047,1790184358.926
1001,01_names,get_prob,py_file_path_,,0.6794728,0.031,1790184358.957
1002,01_names,get_prob,pattern,,0.18480748,0.031,1790184359.004
1003,01_names,get_prob,pattern,,0.18480748,0.031,1790184359.035
1004,01_names,get_prob,line_no,,0.4846384,0.031,1790184359.082
1005,01_names,get_prob,line_no,,0.4846384,0.031,1790184359.114
1006,01_names,get_prob,line,,0.5399651,0.031,1790184359.16
1007,01_names,get_prob,line,,0.5399651,0.031,1790184359.192
1008,01_names,get_prob,match,,0.4383804,0.031,1790184359.239
1009,01_names,get_prob,match,,0.4383804,0.047,1790184359.285
1010,01_names,get_prob,var_name,,0.97849286,0.031,1790184359.317
1011,01_names,get_prob,var_name,,0.97849286,0.031,1790184359.364
1012,01_names,get_prob,func_name,,0.7816464,0.031,1790184359.395
1013,01_names,get_prob,func_name,,0.7816464,0.031,1790184359.442
1014,01_names,get_prob,func_name,,0.7816464,0.031,1790184359.473
1015,01_names,get_prob,func_name,,0.7816464,0.031,1790184359.52
1016,01_names,get_prob,final_result_dict,,1.0478861,0.031,1790184359.551
1017,01_names,get_prob,final_result_dict,,1.0478861,0.031,1790184359.598
1018,01_names,get_prob,py_file_path,,0.9087876,0.031,1790184359.645
1019,01_names,get_prob,py_file_path,,0.9087876,0.031,1790184359.676
1020,01_names,get_prob,parsed_py_code,,1.0960726,0.031,1790184359.723
1021,01_names,get_prob,parsed_py_code,,1.0960726,0.031,1790184359.754
1022,01_names,get_prob,third_party_imported,,1.2753307,0.031,1790184359.801
1023,01_names,get_prob,third_party_imported,,1.2753307,0.031,1790184359.832
1024,01_names,get_prob,local_imported,,0.9840165,0.031,1790184359.879
1025,01_names,get_prob,local_imported,,0.9840165,0.047,1790184359.926
1026,01_names,get_prob,parsed_imports,,1.1552523,0.031,1790184359.957
1027,01_names,get_prob,parsed_imports,,1.1552523,0.031,1790184360.004
1028,01_names,get_prob,item,,1.2382984,0.047,1790184360.051
1029,01_names,get_prob,item,,1.2382984,0.031,1790184360.082
1030,01_names,get_prob,lib_names_import,,1.0186063,0.031,1790184360.129
1031,01_names,get_prob,lib_names_import,,1.0186063,0.031,1790184360.16
1032,01_names,get_prob,item,,1.2382984,0.031,1790184360.207
1033,01_names,get_prob,item,,1.2382984,0.031,1790184360.254
1034,01_names,get_prob,lib_names_import,,1.0186063,0.031,1790184360.285
1035,01_names,get_prob,lib_names_import,,1.0186063,0.031,1790184360.332
1036,01_names,get_prob,info,,-0.28734633,0.031,1790184360.364
1037,01_names,get_prob,info,,-0.28734633,0.031,1790184360.41
1038,01_names,get_prob,item,,1.2382984,0.031,1790184360.442
1039,01_names,get_prob,item,,1.2382984,0.031,1790184360.489
1040,01_names,get_prob,lib_names_import_from,,1.1026033,0.031,1790184360.535
1041,01_names,get_prob,lib_names_import_from,,1.1026033,0.031,1790184360.567
1042,01_names,get_prob,item,,1.2382984,0.031,1790184360.614
1043,01_names,get_prob,item,,1.2382984,0.031,1790184360.645
1044,01_names,get_prob,imported_lib_names,,0.8660358,0.031,1790184360.692
1045,01_names,get_prob,imported_lib_names,,0.8660358,0.031,1790184360.723
1046,01_names,get_prob,info,,-0.28734633,0.031,1790184360.77
1047,01_names,get_prob,info,,-0.28734633,0.031,1790184360.817
1048,01_names,get_prob,line_no,,0.4846384,0.031,1790184360.848
1049,01_names,get_prob,line_no,,0.4846384,0.031,1790184360.895
1050,01_names,get_prob,func_name,,0.7816464,0.031,1790184360.926
1051,01_names,get_prob,func_name,,0.7816464,0.031,1790184360.973
1052,01_names,get_prob,name,,0.6270727,0.031,1790184361.004
1053,01_names,get_prob,name,,0.6270727,0.031,1790184361.051
1054,01_names,get_prob,third_party_imported,,1.2753307,0.031,1790184361.098
1055,01_names,get_prob,third_party_imported,,1.2753307,0.031,1790184361.129
1056,01_names,get_prob,local_imported,,0.9840165,0.031,1790184361.176
1057,01_names,get_prob,local_imported,,0.9840165,0.031,1790184361.207
1058,01_names,get_prob,text_embedding_model_single_responsibility,,1.2370863,0.031,1790184361.254
1059,01_names,get_prob,text_embedding_model_single_responsibility,,1.2370863,0.031,1790184361.285
1060,01_names,get_prob,text_embedding_model_docstring_and_name,,1.0515281,0.031,1790184361.332
1061,01_names,get_prob,text_embedding_model_docstring_and_name,,1.0515281,0.047,1790184361.379
1062,01_names,get_prob,final_result_dict,,1.0478861,0.031,1790184361.41
1063,01_names,get_prob,final_result_dict,,1.0478861,0.031,1790184361.457
1064,01_names,get_prob,py_file_path,,0.9087876,0.031,1790184361.488
1065,01_names,get_prob,py_file_path,,0.9087876,0.031,1790184361.535
1066,01_names,get_prob,parsed_py_code,,1.0960726,0.031,1790184361.567
1067,01_names,get_prob,parsed_py_code,,1.0960726,0.031,1790184361.613
1068,01_names,get_prob,func_defs,,0.6876773,0.047,1790184361.66
1069,01_names,get_prob,func_defs,,0.6876773,0.031,1790184361.692
1070,01_names,get_prob,item,,1.2382984,0.031,1790184361.738
1071,01_names,get_prob,item,,1.2382984,0.031,1790184361.77
1072,01_names,get_prob,func_docstrings_info,,0.5765486,0.031,1790184361.817
1073,01_names,get_prob,func_docstrings_info,,0.5765486,0.047,1790184361.863
1074,01_names,get_prob,item,,1.2382984,0.031,1790184361.895
1075,01_names,get_prob,item,,1.2382984,0.031,1790184361.942
1076,01_names,get_prob,func_docstrings_info,,0.5765486,0.031,1790184361.973
1077,01_names,get_prob,func_docstrings_info,,0.5765486,0.031,1790184362.02
1078,01_names,get_prob,item,,1.2382984,0.031,1790184362.051
1079,01_names,get_prob,item,,1.2382984,0.031,1790184362.098
1080,01_names,get_prob,item,,1.2382984,0.047,1790184362.145
1081,01_names,get_prob,item,,1.2382984,0.031,1790184362.176
1082,01_names,get_prob,line_no,,0.4846384,0.031,1790184362.223
1083,01_names,get_prob,line_no,,0.4846384,0.031,1790184362.254
1084,01_names,get_prob,func_name,,0.7816464,0.031,1790184362.301
1085,01_names,get_prob,func_name,,0.7816464,0.031,1790184362.332
1086,01_names,get_prob,text_embedding_model,,0.8167082,0.031,1790184362.379
1087,01_names,get_prob,text_embedding_model,,0.8167082,0.031,1790184362.426
1088,01_names,get_prob,final_result_dict,,1.0478861,0.031,1790184362.457
1089,01_names,get_prob,final_result_dict,,1.0478861,0.031,1790184362.504
1090,01_names,get_prob,py_file_path,,0.9087876,0.031,1790184362.535
1091,01_names,get_prob,py_file_path,,0.9087876,0.031,1790184362.582
1092,01_names,get_prob,py_code,,0.96133584,0.031,1790184362.629
1093,01_names,get_prob,py_code,,0.96133584,0.031,1790184362.66
1094,01_names,get_prob,py_code_lines,,1.2034705,0.031,1790184362.707
1095,01_names,get_prob,py_code_lines,,1.2034705,0.031,1790184362.738
1096,01_names,get_prob,comments,,0.50234336,0.031,1790184362.785
1097,01_names,get_prob,comments,,0.50234336,0.047,1790184362.832
1098,01_names,get_prob,current_comment,,0.87518305,0.031,1790184362.863
1099,01_names,get_prob,current_comment,,0.87518305,0.031,1790184362.91
1100,01_names,get_prob,line_idx,,1.0419908,0.031,1790184362.942
1101,01_names,get_prob,line_idx,,1.0419908,0.031,1790184362.988
1102,01_names,get_prob,line,,0.5399651,0.031,1790184363.02
1103,01_names,get_prob,line,,0.5399651,0.031,1790184363.066
1104,01_names,get_prob,comment,,0.3029339,0.031,1790184363.113
1105,01_names,get_prob,comment,,0.3029339,0.031,1790184363.145
1106,01_names,get_prob,current_comment,,0.87518305,0.031,1790184363.191
1107,01_names,get_prob,current_comment,,0.87518305,0.031,1790184363.223
1108,01_names,get_prob,current_comment,,0.87518305,0.036,1790184363.274
1109,01_names,get_prob,current_comment,,0.87518305,0.031,1790184363.306
1110,01_names,get_prob,comment,,0.3029339,0.031,1790184363.352
1111,01_names,get_prob,comment,,0.3029339,0.031,1790184363.384
1112,01_names,get_prob,line_no,,0.4846384,0.031,1790184363.431
1113,01_names,get_prob,line_no,,0.4846384,0.031,1790184363.477
1114,01_names,get_prob,func_name,,0.7816464,0.031,1790184363.509
1115,01_names,get_prob,func_name,,0.7816464,0.031,1790184363.556
1116,01_names,get_prob,final_result_dict,,1.0478861,0.04,1790184363.596
1117,01_names,get_prob,final_result_dict,,1.0478861,0.031,1790184363.643
1118,01_names,get_prob,py_file_path,,0.9087876,0.03,1790184363.689
1119,01_names,get_prob,py_file_path,,0.9087876,0.031,1790184363.735
1120,01_names,get_prob,py_code,,0.96133584,0.031,1790184363.782
1121,01_names,get_prob,py_code,,0.96133584,0.047,1790184363.829
1122,01_names,get_prob,py_code_lines,,1.2034705,0.031,1790184363.86
1123,01_names,get_prob,py_code_lines,,1.2034705,0.031,1790184363.907
1124,01_names,get_prob,is_empty,,0.8875047,0.031,1790184363.939
1125,01_names,get_prob,is_empty,,0.8875047,0.031,1790184363.985
1126,01_names,get_prob,line_idx,,1.0419908,0.031,1790184364.032
1127,01_names,get_prob,line_idx,,1.0419908,0.031,1790184364.063
1128,01_names,get_prob,line,,0.5399651,0.031,1790184364.11
1129,01_names,get_prob,line,,0.5399651,0.031,1790184364.142
1130,01_names,get_prob,comment,,0.3029339,0.031,1790184364.188
1131,01_names,get_prob,comment,,0.3029339,0.031,1790184364.22
1132,01_names,get_prob,is_empty,,0.8875047,0.031,1790184364.267
1133,01_names,get_prob,is_empty,,0.8875047,0.031,1790184364.313
1134,01_names,get_prob,checks,,0.73487985,0.031,1790184364.345
1135,01_names,get_prob,checks,,0.73487985,0.031,1790184364.392
1136,01_names,get_prob,name,,0.6270727,0.031,1790184364.423
1137,01_names,get_prob,name,,0.6270727,0.031,1790184364.47
1138,01_names,get_prob,text_embedding_model,,0.8167082,0.031,1790184364.501
1139,01_names,get_prob,text_embedding_model,,0.8167082,0.031,1790184364.548
1140,01_names,get_prob,final_result_dict,,1.0478861,0.031,1790184364.579
1141,01_names,get_prob,final_result_dict,,1.0478861,0.031,1790184364.626
1142,01_names,get_prob,py_file_path,,0.9087876,0.047,1790184364.673
1143,01_names,get_prob,py_file_path,,0.9087876,0.031,1790184364.704
1144,01_names,get_prob,py_code,,0.96133584,0.031,1790184364.751
1145,01_names,get_prob,py_code,,0.96133584,0.031,1790184364.782
1146,01_names,get_prob,matched_lines,,0.78490925,0.031,1790184364.829
1147,01_names,get_prob,matched_lines,,0.78490925,0.031,1790184364.86
1148,01_names,get_prob,line,,0.5399651,0.031,1790184364.907
1149,01_names,get_prob,line,,0.5399651,0.031,1790184364.938
1150,01_names,get_prob,line_no,,0.4846384,0.031,1790184364.985
1151,01_names,get_prob,line_no,,0.4846384,0.047,1790184365.032
1152,01_names,get_prob,func_name,,0.7816464,0.031,1790184365.063
1153,01_names,get_prob,func_name,,0.7816464,0.031,1790184365.11
1154,01_names,get_prob,final_result_dict,,1.0478861,0.031,1790184365.142
1155,01_names,get_prob,final_result_dict,,1.0478861,0.031,1790184365.188
1156,01_names,get_prob,py_file_path,,0.9087876,0.047,1790184365.235
1157,01_names,get_prob,py_file_path,,0.9087876,0.031,1790184365.267
1158,01_names,get_prob,py_code,,0.96133584,0.031,1790184365.313
1159,01_names,get_prob,py_code,,0.96133584,0.031,1790184365.345
1160,01_names,get_prob,lines,,0.41987333,0.031,1790184365.392
1161,01_names,get_prob,lines,,0.41987333,0.047,1790184365.438
1162,01_names,get_prob,line_idx,,1.0419908,0.031,1790184365.47
1163,01_names,get_prob,line_idx,,1.0419908,0.031,1790184365.517
1164,01_names,get_prob,line,,0.5399651,0.031,1790184365.548
1165,01_names,get_prob,line,,0.5399651,0.031,1790184365.595
1166,01_names,get_prob,line_no,,0.4846384,0.047,1790184365.642
1167,01_names,get_prob,line_no,,0.4846384,0.031,1790184365.673
1168,01_names,get_prob,func_name,,0.7816464,0.031,1790184365.72
1169,01_names,get_prob,func_name,,0.7816464,0.031,1790184365.751
1170,01_names,get_prob,code_path_str,,0.71179366,0.031,1790184365.798
1171,01_names,get_prob,code_path_str,,0.71179366,0.031,1790184365.845
1172,01_names,get_prob,final_result_dict,,1.0478861,0.031,1790184365.876
1173,01_names,get_prob,final_result_dict,,1.0478861,0.031,1790184365.923
1174,01_names,get_prob,required_files,,1.1735002,0.031,1790184365.954
1175,01_names,get_prob,required_files,,1.1735002,0.031,1790184366.001
1176,01_names,get_prob,required_file,,1.0947539,0.031,1790184366.048
1177,01_names,get_prob,required_file,,1.0947539,0.031,1790184366.079
1178,01_names,get_prob,final_result_dict,,1.0478861,0.031,1790184366.126
1179,01_names,get_prob,final_result_dict,,1.0478861,0.047,1790184366.173
1180,01_names,get_prob,py_file_path,,0.9087876,0.031,1790184366.204
1181,01_names,get_prob,py_file_path,,0.9087876,0.031,1790184366.251
1182,01_names,get_prob,parsed_py_code,,1.0960726,0.031,1790184366.282
1183,01_names,get_prob,parsed_py_code,,1.0960726,0.031,1790184366.329
1184,01_names,get_prob,func_defs,,0.6876773,0.031,1790184366.376
1185,01_names,get_prob,func_defs,,0.6876773,0.031,1790184366.407
1186,01_names,get_prob,item,,1.2382984,0.031,1790184366.454
1187,01_names,get_prob,item,,1.2382984,0.031,1790184366.485
1188,01_names,get_prob,item,,1.2382984,0.031,1790184366.532
1189,01_names,get_prob,item,,1.2382984,0.031,1790184366.579
1190,01_names,get_prob,line_no,,0.4846384,0.031,1790184366.61
1191,01_names,get_prob,line_no,,0.4846384,0.031,1790184366.657
1192,01_names,get_prob,start_line,,0.55052185,0.047,1790184366.704
1193,01_names,get_prob,start_line,,0.55052185,0.031,1790184366.735
1194,01_names,get_prob,end_line,,0.88603663,0.031,1790184366.782
1195,01_names,get_prob,end_line,,0.88603663,0.031,1790184366.813
1196,01_names,get_prob,func_name,,0.7816464,0.031,1790184366.86
1197,01_names,get_prob,func_name,,0.7816464,0.031,1790184366.907
1198,01_names,get_prob,func_length,,0.75446093,0.031,1790184366.938
1199,01_names,get_prob,func_length,,0.75446093,0.031,1790184366.985
1200,01_names,get_prob,annotations,,0.34427077,0.047,1790184367.032
1201,01_names,get_prob,annotations,,0.34427077,0.031,1790184367.063
1202,01_names,get_prob,return_type,,0.49856487,0.031,1790184367.11
1203,01_names,get_prob,return_type,,0.49856487,0.031,1790184367.141
1204,01_names,get_prob,final_result_dict,,1.0478861,0.031,1790184367.188
1205,01_names,get_prob,final_result_dict,,1.0478861,0.031,1790184367.235
1206,01_names,get_prob,py_file_path,,0.9087876,0.031,1790184367.266
1207,01_names,get_prob,py_file_path,,0.9087876,0.031,1790184367.313
1208,01_names,get_prob,py_code,,0.96133584,0.047,1790184367.36
1209,01_names,get_prob,py_code,,0.96133584,0.031,1790184367.391
1210,01_names,get_prob,lines,,0.41987333,0.031,1790184367.438
1211,01_names,get_prob,lines,,0.41987333,0.031,1790184367.47
1212,01_names,get_prob,current_base_indent,,0.60116035,0.031,1790184367.516
1213,01_names,get_prob,current_base_indent,,0.60116035,0.031,1790184367.563
1214,01_names,get_prob,current_depth,,0.8042171,0.031,1790184367.595
1215,01_names,get_prob,current_depth,,0.8042171,0.031,1790184367.641
1216,01_names,get_prob,line_idx,,1.0419908,0.047,1790184367.688
1217,01_names,get_prob,line_idx,,1.0419908,0.031,1790184367.72
1218,01_names,get_prob,line,,0.5399651,0.031,1790184367.766
1219,01_names,get_prob,line,,0.5399651,0.031,1790184367.798
1220,01_names,get_prob,line_no,,0.4846384,0.031,1790184367.845
1221,01_names,get_prob,line_no,,0.4846384,0.031,1790184367.891
1222,01_names,get_prob,current_indent,,0.9751886,0.031,1790184367.923
1223,01_names,get_prob,current_indent,,0.9751886,0.031,1790184367.97
1224,01_names,get_prob,current_base_indent,,0.60116035,0.047,1790184368.016
1225,01_names,get_prob,current_base_indent,,0.60116035,0.031,1790184368.048
1226,01_names,get_prob,current_depth,,0.8042171,0.031,1790184368.095
1227,01_names,get_prob,current_depth,,0.8042171,0.031,1790184368.126
1228,01_names,get_prob,current_base_indent,,0.60116035,0.031,1790184368.173
1229,01_names,get_prob,current_base_indent,,0.60116035,0.031,1790184368.22
1230,01_names,get_prob,current_depth,,0.8042171,0.031,1790184368.251
1231,01_names,get_prob,current_depth,,0.8042171,0.031,1790184368.298
1232,01_names,get_prob,current_depth,,0.8042171,0.031,1790184368.345
1233,01_names,get_prob,current_depth,,0.8042171,0.031,1790184368.376
1234,01_names,get_prob,current_depth,,0.8042171,0.031,1790184368.423
1235,01_names,get_prob,current_depth,,0.8042171,0.031,1790184368.454
1236,01_names,get_prob,func_name,,0.7816464,0.031,1790184368.501
1237,01_names,get_prob,func_name,,0.7816464,0.031,1790184368.548
1238,01_names,get_prob,checks,,0.73487985,0.031,1790184368.579
1239,01_names,get_prob,checks,,0.73487985,0.031,1790184368.626
1240,01_names,get_prob,name,,0.6270727,0.031,1790184368.673
1241,01_names,get_prob,name,,0.6270727,0.031,1790184368.704
1242,01_names,get_prob,final_result_dict,,1.0478861,0.031,1790184368.751
1243,01_names,get_prob,final_result_dict,,1.0478861,0.047,1790184368.798
1244,01_names,get_prob,py_file_path,,0.9087876,0.031,1790184368.829
1245,01_names,get_prob,py_file_path,,0.9087876,0.031,1790184368.876
1246,01_names,get_prob,py_code,,0.96133584,0.031,1790184368.907
1247,01_names,get_prob,py_code,,0.96133584,0.031,1790184368.954
1248,01_names,get_prob,definition_lines,,0.4082683,0.031,1790184369.001
1249,01_names,get_prob,definition_lines,,0.4082683,0.031,1790184369.032
1250,01_names,get_prob,value_definition_lines,,0.8857736,0.031,1790184369.079
1251,01_names,get_prob,value_definition_lines,,0.8857736,0.031,1790184369.126
1252,01_names,get_prob,def_line,,0.6975459,0.031,1790184369.157
1253,01_names,get_prob,def_line,,0.6975459,0.031,1790184369.204
1254,01_names,get_prob,val_line,,0.9383131,0.047,1790184369.251
1255,01_names,get_prob,val_line,,0.9383131,0.031,1790184369.282
1256,01_names,get_prob,val_line_no,,0.9286565,0.031,1790184369.329
1257,01_names,get_prob,val_line_no,,0.9286565,0.031,1790184369.36
1258,01_names,get_prob,def_line_no,,0.58519113,0.031,1790184369.407
1259,01_names,get_prob,def_line_no,,0.58519113,0.031,1790184369.454
1260,01_names,get_prob,val_line_,,1.0803081,0.031,1790184369.485
1261,01_names,get_prob,val_line_,,1.0803081,0.031,1790184369.532
1262,01_names,get_prob,def_line_,,0.66804683,0.047,1790184369.579
1263,01_names,get_prob,def_line_,,0.66804683,0.031,1790184369.61
1264,01_names,get_prob,func_name,,0.7816464,0.031,1790184369.657
1265,01_names,get_prob,func_name,,0.7816464,0.031,1790184369.688
1266,01_names,get_prob,idx_matched,,1.2234169,0.031,1790184369.735
1267,01_names,get_prob,idx_matched,,1.2234169,0.031,1790184369.782
1268,01_names,get_prob,name_matched,,1.1831073,0.031,1790184369.813
1269,01_names,get_prob,name_matched,,1.1831073,0.031,1790184369.86
1270,01_names,get_prob,regex_for_in_range,,0.9886311,0.031,1790184369.907
1271,01_names,get_prob,regex_for_in_range,,0.9886311,0.031,1790184369.938
1272,01_names,get_prob,checks,,0.73487985,0.031,1790184369.985
1273,01_names,get_prob,checks,,0.73487985,0.031,1790184370.032
1274,01_names,get_prob,name,,0.6270727,0.031,1790184370.063
1275,01_names,get_prob,name,,0.6270727,0.031,1790184370.11
1276,01_names,get_prob,value_assign,,0.7410398,0.047,1790184370.157
1277,01_names,get_prob,value_assign,,0.7410398,0.031,1790184370.188
1278,01_names,get_prob,final_result_dict,,1.0478861,0.031,1790184370.235
1279,01_names,get_prob,final_result_dict,,1.0478861,0.031,1790184370.266
1280,01_names,get_prob,text_embedding_model_bindable,,0.9666024,0.031,1790184370.313
1281,01_names,get_prob,text_embedding_model_bindable,,0.9666024,0.031,1790184370.36
1282,01_names,get_prob,text_embedding_model_dynamic,,0.7545712,0.031,1790184370.391
1283,01_names,get_prob,text_embedding_model_dynamic,,0.7545712,0.031,1790184370.438
1284,01_names,get_prob,py_file_path,,0.9087876,0.031,1790184370.485
1285,01_names,get_prob,py_file_path,,0.9087876,0.031,1790184370.516
1286,01_names,get_prob,parsed_py_code,,1.0960726,0.031,1790184370.563
1287,01_names,get_prob,parsed_py_code,,1.0960726,0.047,1790184370.61
1288,01_names,get_prob,function_defs,,0.601016,0.031,1790184370.641
1289,01_names,get_prob,function_defs,,0.601016,0.031,1790184370.688
1290,01_names,get_prob,item,,1.2382984,0.047,1790184370.735
1291,01_names,get_prob,item,,1.2382984,0.031,1790184370.766
1292,01_names,get_prob,item,,1.2382984,0.031,1790184370.813
1293,01_names,get_prob,item,,1.2382984,0.031,1790184370.844
1294,01_names,get_prob,line_no,,0.4846384,0.031,1790184370.891
1295,01_names,get_prob,line_no,,0.4846384,0.031,1790184370.938
1296,01_names,get_prob,func_name,,0.7816464,0.031,1790184370.969
1297,01_names,get_prob,func_name,,0.7816464,0.031,1790184371.016
1298,01_names,get_prob,arg_names,,0.7933736,0.031,1790184371.063
1299,01_names,get_prob,arg_names,,0.7933736,0.031,1790184371.094
1300,01_names,get_prob,arg_name_list,,0.9657494,0.031,1790184371.141
1301,01_names,get_prob,arg_name_list,,0.9657494,0.047,1790184371.188
1302,01_names,get_prob,stored_name_dict,,1.2682958,0.031,1790184371.219
1303,01_names,get_prob,stored_name_dict,,1.2682958,0.031,1790184371.266
1304,01_names,get_prob,func_name,,0.7816464,0.047,1790184371.313
1305,01_names,get_prob,func_name,,0.7816464,0.031,1790184371.344
1306,01_names,get_prob,py_file_path,,0.9087876,0.031,1790184371.391
1307,01_names,get_prob,py_file_path,,0.9087876,0.031,1790184371.422
1308,01_names,get_prob,parsed_py_code,,1.0960726,0.031,1790184371.469
1309,01_names,get_prob,parsed_py_code,,1.0960726,0.031,1790184371.516
1310,01_names,get_prob,stored_names,,1.100129,0.031,1790184371.547
1311,01_names,get_prob,stored_names,,1.100129,0.031,1790184371.594
1312,01_names,get_prob,item,,1.2382984,0.031,1790184371.641
1313,01_names,get_prob,item,,1.2382984,0.031,1790184371.672
1314,01_names,get_prob,item,,1.2382984,0.031,1790184371.719
1315,01_names,get_prob,item,,1.2382984,0.031,1790184371.766
1316,01_names,get_prob,checks,,0.73487985,0.031,1790184371.797
1317,01_names,get_prob,checks,,0.73487985,0.031,1790184371.844
1318,01_names,get_prob,name,,0.6270727,0.031,1790184371.891
1319,01_names,get_prob,name,,0.6270727,0.031,1790184371.922
1320,01_names,get_prob,stored_arg_name_dict,,1.115707,0.031,1790184371.969
1321,01_names,get_prob,stored_arg_name_dict,,1.115707,0.031,1790184372.016
1322,01_names,get_prob,arg_name,,0.74186766,0.031,1790184372.047
1323,01_names,get_prob,arg_name,,0.74186766,0.031,1790184372.094
1324,01_names,get_prob,py_file_path,,0.9087876,0.031,1790184372.141
1325,01_names,get_prob,py_file_path,,0.9087876,0.031,1790184372.172
1326,01_names,get_prob,parsed_py_code,,1.0960726,0.031,1790184372.219
1327,01_names,get_prob,parsed_py_code,,1.0960726,0.031,1790184372.266
1328,01_names,get_prob,function_defs,,0.601016,0.031,1790184372.297
1329,01_names,get_prob,function_defs,,0.601016,0.031,1790184372.344
1330,01_names,get_prob,item,,1.2382984,0.031,1790184372.391
1331,01_names,get_prob,item,,1.2382984,0.031,1790184372.422
1332,01_names,get_prob,item,,1.2382984,0.031,1790184372.469
1333,01_names,get_prob,item,,1.2382984,0.031,1790184372.516
1334,01_names,get_prob,arg_names,,0.7933736,0.031,1790184372.547
1335,01_names,get_prob,arg_names,,0.7933736,0.031,1790184372.594
1336,01_names,get_prob,start_line,,0.55052185,0.031,1790184372.641
1337,01_names,get_prob,start_line,,0.55052185,0.031,1790184372.672
1338,01_names,get_prob,def_end_line,,0.7773974,0.031,1790184372.719
1339,01_names,get_prob,def_end_line,,0.7773974,0.031,1790184372.766
1340,01_names,get_prob,line_no,,0.4846384,0.031,1790184372.797
1341,01_names,get_prob,line_no,,0.4846384,0.031,1790184372.844
1342,01_names,get_prob,final_result_dict,,1.0478861,0.031,1790184372.891
1343,01_names,get_prob,final_result_dict,,1.0478861,0.031,1790184372.922
1344,01_names,get_prob,py_file_path,,0.9087876,0.031,1790184372.969
1345,01_names,get_prob,py_file_path,,0.9087876,0.031,1790184373.016
1346,01_names,get_prob,parsed_py_code,,1.0960726,0.031,1790184373.047
1347,01_names,get_prob,parsed_py_code,,1.0960726,0.031,1790184373.094
1348,01_names,get_prob,store_cases,,0.90878844,0.031,1790184373.141
1349,01_names,get_prob,store_cases,,0.90878844,0.047,1790184373.188
1350,01_names,get_prob,item,,1.2382984,0.031,1790184373.219
1351,01_names,get_prob,item,,1.2382984,0.047,1790184373.282
1352,01_names,get_prob,store_cases_bad,,0.7631924,0.047,1790184373.329
1353,01_names,get_prob,store_cases_bad,,0.7631924,0.047,1790184373.375
1354,01_names,get_prob,item,,1.2382984,0.031,1790184373.407
1355,01_names,get_prob,item,,1.2382984,0.047,1790184373.469
1356,01_names,get_prob,item,,1.2382984,0.047,1790184373.516
1357,01_names,get_prob,item,,1.2382984,0.047,1790184373.563
1358,01_names,get_prob,line_no,,0.4846384,0.031,1790184373.594
1359,01_names,get_prob,line_no,,0.4846384,0.031,1790184373.641
1360,01_names,get_prob,func_name,,0.7816464,0.031,1790184373.688
1361,01_names,get_prob,func_name,,0.7816464,0.031,1790184373.719
1362,01_names,get_prob,function_defs,,0.601016,0.031,1790184373.766
1363,01_names,get_prob,function_defs,,0.601016,0.031,1790184373.813
1364,01_names,get_prob,item,,1.2382984,0.047,1790184373.86
1365,01_names,get_prob,item,,1.2382984,0.031,1790184373.891
1366,01_names,get_prob,function_args,,0.9364486,0.031,1790184373.938
1367,01_names,get_prob,function_args,,0.9364486,0.047,1790184373.985
1368,01_names,get_prob,item,,1.2382984,0.031,1790184374.016
1369,01_names,get_prob,item,,1.2382984,0.031,1790184374.063
1370,01_names,get_prob,function_args_bad,,0.43527162,0.047,1790184374.11
1371,01_names,get_prob,function_args_bad,,0.43527162,0.031,1790184374.141
1372,01_names,get_prob,x,,0.3327092,0.031,1790184374.188
1373,01_names,get_prob,x,,0.3327092,0.031,1790184374.235
1374,01_names,get_prob,item,,1.2382984,0.031,1790184374.266
1375,01_names,get_prob,item,,1.2382984,0.031,1790184374.313
1376,01_names,get_prob,function_args_bad,,0.43527162,0.031,1790184374.36
1377,01_names,get_prob,function_args_bad,,0.43527162,0.031,1790184374.391
1378,01_names,get_prob,item,,1.2382984,0.031,1790184374.438
1379,01_names,get_prob,item,,1.2382984,0.031,1790184374.485
1380,01_names,get_prob,item,,1.2382984,0.047,1790184374.532
1381,01_names,get_prob,item,,1.2382984,0.031,1790184374.563
1382,01_names,get_prob,line_no,,0.4846384,0.031,1790184374.61
1383,01_names,get_prob,line_no,,0.4846384,0.031,1790184374.657
1384,01_names,get_prob,arg_names,,0.7933736,0.031,1790184374.688
1385,01_names,get_prob,arg_names,,0.7933736,0.031,1790184374.735
1386,01_names,get_prob,func_name,,0.7816464,0.031,1790184374.782
1387,01_names,get_prob,func_name,,0.7816464,0.031,1790184374.813
1388,01_names,get_prob,arg_name,,0.74186766,0.031,1790184374.86
1389,01_names,get_prob,arg_name,,0.74186766,0.031,1790184374.907
1390,01_names,get_prob,checks,,0.73487985,0.031,1790184374.938
1391,01_names,get_prob,checks,,0.73487985,0.031,1790184374.985
1392,01_names,get_prob,name,,0.6270727,0.031,1790184375.032
1393,01_names,get_prob,name,,0.6270727,0.031,1790184375.063
1394,01_names,get_prob,final_result_dict,,1.0478861,0.031,1790184375.11
1395,01_names,get_prob,final_result_dict,,1.0478861,0.031,1790184375.157
1396,01_names,get_prob,py_file_path,,0.9087876,0.047,1790184375.203
1397,01_names,get_prob,py_file_path,,0.9087876,0.031,1790184375.235
1398,01_names,get_prob,parsed_py_code,,1.0960726,0.031,1790184375.282
1399,01_names,get_prob,parsed_py_code,,1.0960726,0.047,1790184375.328
1400,01_names,get_prob,function_defs,,0.601016,0.031,1790184375.36
1401,01_names,get_prob,function_defs,,0.601016,0.031,1790184375.407
1402,01_names,get_prob,item,,1.2382984,0.031,1790184375.453
1403,01_names,get_prob,item,,1.2382984,0.031,1790184375.485
1404,01_names,get_prob,function_and_args,,0.7650751,0.031,1790184375.532
1405,01_names,get_prob,function_and_args,,0.7650751,0.031,1790184375.578
1406,01_names,get_prob,item,,1.2382984,0.031,1790184375.61
1407,01_names,get_prob,item,,1.2382984,0.031,1790184375.657
1408,01_names,get_prob,function_and_args_,,0.68983734,0.031,1790184375.703
1409,01_names,get_prob,function_and_args_,,0.68983734,0.031,1790184375.735
1410,01_names,get_prob,func_name,,0.7816464,0.031,1790184375.782
1411,01_names,get_prob,func_name,,0.7816464,0.031,1790184375.828
1412,01_names,get_prob,items,,1.3257265,0.047,1790184375.875
1413,01_names,get_prob,items,,1.3257265,0.031,1790184375.907
1414,01_names,get_prob,duplicate_count_except_first,,0.32849467,0.031,1790184375.953
1415,01_names,get_prob,duplicate_count_except_first,,0.32849467,0.047,1790184376.0
1416,01_names,get_prob,arg_name_discovered,,1.0233612,0.031,1790184376.032
1417,01_names,get_prob,arg_name_discovered,,1.0233612,0.031,1790184376.078
1418,01_names,get_prob,items_,,1.2161692,0.031,1790184376.125
1419,01_names,get_prob,items_,,1.2161692,0.031,1790184376.157
1420,01_names,get_prob,item,,1.2382984,0.031,1790184376.203
1421,01_names,get_prob,item,,1.2382984,0.031,1790184376.25
1422,01_names,get_prob,arg_name_set,,0.78378046,0.031,1790184376.282
1423,01_names,get_prob,arg_name_set,,0.78378046,0.031,1790184376.328
1424,01_names,get_prob,intersection_size,,0.6487899,0.031,1790184376.375
1425,01_names,get_prob,intersection_size,,0.6487899,0.031,1790184376.407
1426,01_names,get_prob,duplicate_count_except_first,,0.32849467,0.031,1790184376.453
1427,01_names,get_prob,duplicate_count_except_first,,0.32849467,0.031,1790184376.5
1428,01_names,get_prob,line_no,,0.4846384,0.047,1790184376.547
1429,01_names,get_prob,line_no,,0.4846384,0.031,1790184376.578
1430,01_names,get_prob,text_embedding_model,,0.8167082,0.031,1790184376.625
1431,01_names,get_prob,text_embedding_model,,0.8167082,0.031,1790184376.672
1432,01_names,get_prob,text,,0.40855396,0.031,1790184376.703
1433,01_names,get_prob,text,,0.40855396,0.031,1790184376.75
1434,01_names,get_prob,class_name,,0.69041616,0.031,1790184376.797
1435,01_names,get_prob,class_name,,0.69041616,0.031,1790184376.828
1436,01_names,get_prob,text_embedding_model,,0.8167082,0.031,1790184376.875
1437,01_names,get_prob,text_embedding_model,,0.8167082,0.031,1790184376.922
1438,01_names,get_prob,final_result_dict,,1.0478861,0.031,1790184376.953
1439,01_names,get_prob,final_result_dict,,1.0478861,0.031,1790184377.0
1440,01_names,get_prob,py_file_path,,0.9087876,0.031,1790184377.047
1441,01_names,get_prob,py_file_path,,0.9087876,0.031,1790184377.094
1442,01_names,get_prob,parsed_py_code,,1.0960726,0.031,1790184377.125
1443,01_names,get_prob,parsed_py_code,,1.0960726,0.031,1790184377.172
1444,01_names,get_prob,func_names,,0.84670687,0.031,1790184377.219
1445,01_names,get_prob,func_names,,0.84670687,0.031,1790184377.25
1446,01_names,get_prob,item,,1.2382984,0.031,1790184377.297
1447,01_names,get_prob,item,,1.2382984,0.031,1790184377.344
1448,01_names,get_prob,func_count,,0.9502365,0.031,1790184377.375
1449,01_names,get_prob,func_count,,0.9502365,0.031,1790184377.422
1450,01_names,get_prob,func_sim_matrix,,0.9966217,0.031,1790184377.469
1451,01_names,get_prob,func_sim_matrix,,0.9966217,0.047,1790184377.516
1452,01_names,get_prob,_,,0.37742957,0.031,1790184377.547
1453,01_names,get_prob,_,,0.37742957,0.031,1790184377.594
1454,01_names,get_prob,_,,0.37742957,0.031,1790184377.641
1455,01_names,get_prob,_,,0.37742957,0.031,1790184377.672
1456,01_names,get_prob,embeddings_0,,0.81022924,0.031,1790184377.719
1457,01_names,get_prob,embeddings_0,,0.81022924,0.031,1790184377.766
1458,01_names,get_prob,embeddings_1,,0.635118,0.031,1790184377.813
1459,01_names,get_prob,embeddings_1,,0.635118,0.031,1790184377.844
1460,01_names,get_prob,info,,-0.28734633,0.031,1790184377.891
1461,01_names,get_prob,info,,-0.28734633,0.031,1790184377.938
1462,01_names,get_prob,embeddings_0,,0.81022924,0.031,1790184377.969
1463,01_names,get_prob,embeddings_0,,0.81022924,0.031,1790184378.016
1464,01_names,get_prob,embeddings_1,,0.635118,0.031,1790184378.063
1465,01_names,get_prob,embeddings_1,,0.635118,0.031,1790184378.094
1466,01_names,get_prob,idx_0,,0.821822,0.031,1790184378.141
1467,01_names,get_prob,idx_0,,0.821822,0.031,1790184378.188
1468,01_names,get_prob,emb_0,,0.8708526,0.047,1790184378.235
1469,01_names,get_prob,emb_0,,0.8708526,0.036,1790184378.271
1470,01_names,get_prob,idx_1,,0.8512956,0.031,1790184378.318
1471,01_names,get_prob,idx_1,,0.8512956,0.031,1790184378.349
1472,01_names,get_prob,emb_1,,1.0157243,0.031,1790184378.396
1473,01_names,get_prob,emb_1,,1.0157243,0.031,1790184378.443
1474,01_names,get_prob,cos_sim,,0.46315032,0.031,1790184378.474
1475,01_names,get_prob,cos_sim,,0.46315032,0.031,1790184378.521
1476,01_names,get_prob,idx_0,,0.821822,0.031,1790184378.568
1477,01_names,get_prob,idx_0,,0.821822,0.033,1790184378.617
1478,01_names,get_prob,func_name_item,,1.3058007,0.047,1790184378.664
1479,01_names,get_prob,func_name_item,,1.3058007,0.047,1790184378.711
1480,01_names,get_prob,first_similar_idx,,0.6852432,0.031,1790184378.758
1481,01_names,get_prob,first_similar_idx,,0.6852432,0.031,1790184378.805
1482,01_names,get_prob,func_reorder_needed,,0.6742363,0.031,1790184378.851
1483,01_names,get_prob,func_reorder_needed,,0.6742363,0.031,1790184378.898
1484,01_names,get_prob,idx_1,,0.8512956,0.031,1790184378.93
1485,01_names,get_prob,idx_1,,0.8512956,0.031,1790184378.976
1486,01_names,get_prob,first_similar_idx,,0.6852432,0.031,1790184379.023
1487,01_names,get_prob,first_similar_idx,,0.6852432,0.031,1790184379.055
1488,01_names,get_prob,func_reorder_needed,,0.6742363,0.031,1790184379.101
1489,01_names,get_prob,func_reorder_needed,,0.6742363,0.031,1790184379.148
1490,01_names,get_prob,func_name,,0.7816464,0.031,1790184379.195
1491,01_names,get_prob,func_name,,0.7816464,0.031,1790184379.226
1492,01_names,get_prob,line_no,,0.4846384,0.031,1790184379.273
1493,01_names,get_prob,line_no,,0.4846384,0.031,1790184379.32
1494,01_names,get_prob,checks,,0.73487985,0.031,1790184379.351
1495,01_names,get_prob,checks,,0.73487985,0.031,1790184379.398
1496,01_names,get_prob,name,,0.6270727,0.031,1790184379.445
1497,01_names,get_prob,name,,0.6270727,0.031,1790184379.476
1498,01_names,get_prob,python_basics_result,,0.95045817,0.031,1790184379.523
1499,01_names,get_prob,python_basics_result,,0.95045817,0.031,1790184379.57
1500,01_names,get_prob,basic_convention_result,,0.35243514,0.031,1790184379.601
1501,01_names,get_prob,basic_convention_result,,0.35243514,0.031,1790184379.648
1502,01_names,get_prob,simplification_result,,0.19330668,0.031,1790184379.695
1503,01_names,get_prob,simplification_result,,0.19330668,0.031,1790184379.726
1504,01_names,get_prob,other_pythonic_result,,0.66144645,0.031,1790184379.773
1505,01_names,get_prob,other_pythonic_result,,0.66144645,0.031,1790184379.82
1506,01_names,get_prob,exceptions_result,,0.82915896,0.031,1790184379.851
1507,01_names,get_prob,exceptions_result,,0.82915896,0.031,1790184379.898
1508,01_names,get_prob,cohesiveness_and_class_result,,0.57868683,0.031,1790184379.945
1509,01_names,get_prob,cohesiveness_and_class_result,,0.57868683,0.031,1790184379.976
1510,01_names,get_prob,final_result,,0.9387747,0.031,1790184380.023
1511,01_names,get_prob,final_result,,0.9387747,0.031,1790184380.07
1512,01_names,get_prob,default_code_checker,,0.61120296,0.047,1790184380.117
1513,01_names,get_prob,default_code_checker,,0.61120296,0.031,1790184380.148
1514,01_names,get_prob,simplify_code,,0.40576437,0.031,1790184380.195
1515,01_names,get_prob,simplify_code,,0.40576437,0.031,1790184380.242
1516,01_names,get_prob,convert_to_human_friendly_review,,0.5393628,0.031,1790184380.273
1517,01_names,get_prob,convert_to_human_friendly_review,,0.5393628,0.031,1790184380.32
1518,01_names,get_prob,ellipse_str,,0.979342,0.031,1790184380.367
1519,01_names,get_prob,ellipse_str,,0.979342,0.031,1790184380.414
1520,01_names,get_prob,extract_comment,,0.58206093,0.031,1790184380.445
1521,01_names,get_prob,extract_comment,,0.58206093,0.031,1790184380.492
1522,01_names,get_prob,check_regex_matched_lines,,0.32836837,0.031,1790184380.539
1523,01_names,get_prob,check_regex_matched_lines,,0.32836837,0.047,1790184380.586
1524,01_names,get_prob,is_valid_code,,0.88030046,0.031,1790184380.617
1525,01_names,get_prob,is_valid_code,,0.88030046,0.031,1790184380.664
1526,01_names,get_prob,check_a_in_b,,0.48402956,0.031,1790184380.711
1527,01_names,get_prob,check_a_in_b,,0.48402956,0.031,1790184380.742
1528,01_names,get_prob,__init__,,0.30625317,0.031,1790184380.789
1529,01_names,get_prob,__init__,,0.30625317,0.031,1790184380.836
1530,01_names,get_prob,_parse_codes,,0.75219035,0.047,1790184380.883
1531,01_names,get_prob,_parse_codes,,0.75219035,0.031,1790184380.914
1532,01_names,get_prob,_get_function_name_by_line,,0.969404,0.031,1790184380.961
1533,01_names,get_prob,_get_function_name_by_line,,0.969404,0.031,1790184381.008
1534,01_names,get_prob,_get_class_name_by_line,,1.1697514,0.047,1790184381.055
1535,01_names,get_prob,_get_class_name_by_line,,1.1697514,0.031,1790184381.086
1536,01_names,get_prob,_get_definitions_and_usages,,0.8283813,0.031,1790184381.133
1537,01_names,get_prob,_get_definitions_and_usages,,0.8283813,0.031,1790184381.18
1538,01_names,get_prob,_get_constants,,0.4896867,0.031,1790184381.211
1539,01_names,get_prob,_get_constants,,0.4896867,0.031,1790184381.258
1540,01_names,get_prob,_get_function_bodies,,0.96567416,0.031,1790184381.305
1541,01_names,get_prob,_get_function_bodies,,0.96567416,0.031,1790184381.351
1542,01_names,get_prob,_add_regex_matched_lines,,0.16178602,0.031,1790184381.383
1543,01_names,get_prob,_add_regex_matched_lines,,0.16178602,0.031,1790184381.43
1544,01_names,get_prob,_init_final_result_dict,,1.0143734,0.031,1790184381.476
1545,01_names,get_prob,_init_final_result_dict,,1.0143734,0.031,1790184381.523
1546,01_names,get_prob,_find_if_elif_else_patterns,,-0.039370675,0.031,1790184381.555
1547,01_names,get_prob,_find_if_elif_else_patterns,,-0.039370675,0.031,1790184381.601
1548,01_names,get_prob,update_final_result_dict,,1.1163434,0.031,1790184381.648
1549,01_names,get_prob,update_final_result_dict,,1.1163434,0.047,1790184381.695
1550,01_names,get_prob,run_code_review,,0.46108913,0.031,1790184381.726
1551,01_names,get_prob,run_code_review,,0.46108913,0.031,1790184381.773
1552,01_names,get_prob,__init__,,0.30625317,0.031,1790184381.82
1553,01_names,get_prob,__init__,,0.30625317,0.047,1790184381.867
1554,01_names,get_prob,_delete_imported_review_items,,1.1514049,0.031,1790184381.898
1555,01_names,get_prob,_delete_imported_review_items,,1.1514049,0.031,1790184381.945
1556,01_names,get_prob,_mark_used_as_imported,,0.8157135,0.025,1790184381.988
1557,01_names,get_prob,_mark_used_as_imported,,0.8157135,0.031,1790184382.035
1558,01_names,get_prob,_is_function_bodies_similar,,0.1406307,0.031,1790184382.066
1559,01_names,get_prob,_is_function_bodies_similar,,0.1406307,0.031,1790184382.113
1560,01_names,get_prob,_check_unused,,1.051984,0.031,1790184382.16
1561,01_names,get_prob,_check_unused,,1.051984,0.031,1790184382.207
1562,01_names,get_prob,_check_unnecessary_prints,,0.4476942,0.031,1790184382.238
1563,01_names,get_prob,_check_unnecessary_prints,,0.4476942,0.031,1790184382.285
1564,01_names,get_prob,_check_duplicates,,0.66082764,0.031,1790184382.332
1565,01_names,get_prob,_check_duplicates,,0.66082764,0.031,1790184382.379
1566,01_names,get_prob,_find_all_similar_text_pairs,,0.3922203,0.031,1790184382.41
1567,01_names,get_prob,_find_all_similar_text_pairs,,0.3922203,0.031,1790184382.457
1568,01_names,get_prob,check_text_similar_with_prevs,,0.6868937,0.031,1790184382.504
1569,01_names,get_prob,check_text_similar_with_prevs,,0.6868937,0.047,1790184382.551
1570,01_names,get_prob,_check_similar_variables,,0.31095698,0.031,1790184382.582
1571,01_names,get_prob,_check_similar_variables,,0.31095698,0.031,1790184382.629
1572,01_names,get_prob,_check_same_func_args,,0.029119786,0.031,1790184382.676
1573,01_names,get_prob,_check_same_func_args,,0.029119786,0.047,1790184382.723
1574,01_names,get_prob,_check_names,,0.76312685,0.031,1790184382.754
1575,01_names,get_prob,_check_names,,0.76312685,0.031,1790184382.801
1576,01_names,get_prob,_check_return_matched_with_func_name,,0.5247096,0.031,1790184382.848
1577,01_names,get_prob,_check_return_matched_with_func_name,,0.5247096,0.031,1790184382.879
1578,01_names,get_prob,_check_library_orders,,0.7685335,0.031,1790184382.926
1579,01_names,get_prob,_check_library_orders,,0.7685335,0.031,1790184382.973
1580,01_names,get_prob,_check_func_docstring,,0.30822006,0.031,1790184383.02
1581,01_names,get_prob,_check_func_docstring,,0.30822006,0.047,1790184383.066
1582,01_names,get_prob,_check_commented_codes,,0.44718903,0.031,1790184383.098
1583,01_names,get_prob,_check_commented_codes,,0.44718903,0.031,1790184383.145
1584,01_names,get_prob,_check_empty_file,,1.361422,0.031,1790184383.191
1585,01_names,get_prob,_check_empty_file,,1.361422,0.047,1790184383.238
1586,01_names,get_prob,run_code_review,,0.46108913,0.031,1790184383.27
1587,01_names,get_prob,run_code_review,,0.46108913,0.031,1790184383.316
1588,01_names,get_prob,__init__,,0.30625317,0.031,1790184383.363
1589,01_names,get_prob,__init__,,0.30625317,0.047,1790184383.41
1590,01_names,get_prob,_check_const,,0.39562324,0.031,1790184383.441
1591,01_names,get_prob,_check_const,,0.39562324,0.031,1790184383.488
1592,01_names,get_prob,_check_line_length,,0.8322563,0.031,1790184383.535
1593,01_names,get_prob,_check_line_length,,0.8322563,0.047,1790184383.582
1594,01_names,get_prob,_check_files,,0.7240132,0.031,1790184383.613
1595,01_names,get_prob,_check_files,,0.7240132,0.031,1790184383.66
1596,01_names,get_prob,_check_functions,,0.54624474,0.031,1790184383.707
1597,01_names,get_prob,_check_functions,,0.54624474,0.047,1790184383.754
1598,01_names,get_prob,_check_indent,,0.7108229,0.031,1790184383.785
1599,01_names,get_prob,_check_indent,,0.7108229,0.031,1790184383.832
1600,01_names,get_prob,run_code_review,,0.46108913,0.031,1790184383.879
1601,01_names,get_prob,run_code_review,,0.46108913,0.047,1790184383.926
1602,01_names,get_prob,__init__,,0.30625317,0.031,1790184383.957
1603,01_names,get_prob,__init__,,0.30625317,0.031,1790184384.004
1604,01_names,get_prob,_check_suggest_list_comprehension,,0.7007367,0.031,1790184384.051
1605,01_names,get_prob,_check_suggest_list_comprehension,,0.7007367,0.031,1790184384.098
1606,01_names,get_prob,_check_generator_expression,,0.92835486,0.031,1790184384.129
1607,01_names,get_prob,_check_generator_expression,,0.92835486,0.031,1790184384.176
1608,01_names,get_prob,_check_if_to_dict,,0.58621055,0.031,1790184384.223
1609,01_names,get_prob,_check_if_to_dict,,0.58621055,0.031,1790184384.269
1610,01_names,get_prob,_check_path_format,,0.8645097,0.031,1790184384.301
1611,01_names,get_prob,_check_path_format,,0.8645097,0.031,1790184384.348
1612,01_names,get_prob,_check_defaultdict,,0.6349739,0.031,1790184384.394
1613,01_names,get_prob,_check_defaultdict,,0.6349739,0.031,1790184384.441
1614,01_names,get_prob,_check_any_all,,0.6039477,0.031,1790184384.473
1615,01_names,get_prob,_check_any_all,,0.6039477,0.031,1790184384.519
1616,01_names,get_prob,_check_zip,,0.6330552,0.031,1790184384.566
1617,01_names,get_prob,_check_zip,,0.6330552,0.031,1790184384.613
1618,01_names,get_prob,_match_zip,,0.54883873,0.047,1790184384.66
1619,01_names,get_prob,_match_zip,,0.54883873,0.031,1790184384.692
1620,01_names,get_prob,_check_enumerate,,1.0316316,0.031,1790184384.738
1621,01_names,get_prob,_check_enumerate,,1.0316316,0.031,1790184384.785
1622,01_names,get_prob,_check_itertools_product,,0.5683425,0.047,1790184384.832
1623,01_names,get_prob,_check_itertools_product,,0.5683425,0.031,1790184384.863
1624,01_names,get_prob,_check_just_read_write_to_read_write_text,,0.66943306,0.031,1790184384.91
1625,01_names,get_prob,_check_just_read_write_to_read_write_text,,0.66943306,0.031,1790184384.957
1626,01_names,get_prob,_check_sentence_empty,,0.7367388,0.031,1790184385.004
1627,01_names,get_prob,_check_sentence_empty,,0.7367388,0.031,1790184385.035
1628,01_names,get_prob,_check_handle_none,,0.8262577,0.031,1790184385.082
1629,01_names,get_prob,_check_handle_none,,0.8262577,0.031,1790184385.129
1630,01_names,get_prob,_check_extend,,0.47862968,0.031,1790184385.176
1631,01_names,get_prob,_check_extend,,0.47862968,0.031,1790184385.207
1632,01_names,get_prob,_check_count,,0.86578393,0.031,1790184385.254
1633,01_names,get_prob,_check_count,,0.86578393,0.031,1790184385.301
1634,01_names,get_prob,_check_index,,0.8776443,0.031,1790184385.348
1635,01_names,get_prob,_check_index,,0.8776443,0.031,1790184385.379
1636,01_names,get_prob,_check_str_join,,0.47046432,0.031,1790184385.426
1637,01_names,get_prob,_check_str_join,,0.47046432,0.031,1790184385.473
1638,01_names,get_prob,_check_use_map,,0.7892971,0.031,1790184385.52
1639,01_names,get_prob,_check_use_map,,0.7892971,0.047,1790184385.566
1640,01_names,get_prob,run_code_review,,0.46108913,0.031,1790184385.598
1641,01_names,get_prob,run_code_review,,0.46108913,0.031,1790184385.645
1642,01_names,get_prob,__init__,,0.30625317,0.031,1790184385.691
1643,01_names,get_prob,__init__,,0.30625317,0.031,1790184385.738
1644,01_names,get_prob,_check_unpacking,,0.5816045,0.031,1790184385.77
1645,01_names,get_prob,_check_unpacking,,0.5816045,0.031,1790184385.816
1646,01_names,get_prob,_check_open_file,,1.2821723,0.031,1790184385.863
1647,01_names,get_prob,_check_open_file,,1.2821723,0.031,1790184385.91
1648,01_names,get_prob,_check_key_itemgetter,,1.1602348,0.031,1790184385.941
1649,01_names,get_prob,_check_key_itemgetter,,1.1602348,0.031,1790184385.988
1650,01_names,get_prob,_check_f_string,,0.6615076,0.031,1790184386.035
1651,01_names,get_prob,_check_f_string,,0.6615076,0.031,1790184386.082
1652,01_names,get_prob,_check_collections_itertools_glob,,0.88850313,0.031,1790184386.129
1653,01_names,get_prob,_check_collections_itertools_glob,,0.88850313,0.031,1790184386.16
1654,01_names,get_prob,_check_func_args_bindable,,0.70174855,0.031,1790184386.207
1655,01_names,get_prob,_check_func_args_bindable,,0.70174855,0.031,1790184386.254
1656,01_names,get_prob,_check_attribute_getattr,,0.39818734,0.031,1790184386.301
1657,01_names,get_prob,_check_attribute_getattr,,0.39818734,0.047,1790184386.348
1658,01_names,get_prob,_check_regex_r,,0.49446395,0.031,1790184386.379
1659,01_names,get_prob,_check_regex_r,,0.49446395,0.031,1790184386.426
1660,01_names,get_prob,_check_func_lambda,,0.82596993,0.031,1790184386.473
1661,01_names,get_prob,_check_func_lambda,,0.82596993,0.047,1790184386.52
1662,01_names,get_prob,flmf,,-0.24445865,0.031,1790184386.551
1663,01_names,get_prob,flmf,,-0.24445865,0.031,1790184386.598
1664,01_names,get_prob,_check_prefix_suffix,,0.33024603,0.031,1790184386.645
1665,01_names,get_prob,_check_prefix_suffix,,0.33024603,0.031,1790184386.691
1666,01_names,get_prob,run_code_review,,0.46108913,0.031,1790184386.723
1667,01_names,get_prob,run_code_review,,0.46108913,0.031,1790184386.77
1668,01_names,get_prob,__init__,,0.30625317,0.031,1790184386.816
1669,01_names,get_prob,__init__,,0.30625317,0.031,1790184386.863
1670,01_names,get_prob,_check_exception_ignored,,0.92662084,0.047,1790184386.91
1671,01_names,get_prob,_check_exception_ignored,,0.92662084,0.031,1790184386.941
1672,01_names,get_prob,_check_exception_type,,0.24298282,0.031,1790184386.988
1673,01_names,get_prob,_check_exception_type,,0.24298282,0.031,1790184387.035
1674,01_names,get_prob,_check_func_arg_error_prevent,,0.58394796,0.031,1790184387.082
1675,01_names,get_prob,_check_func_arg_error_prevent,,0.58394796,0.031,1790184387.113
1676,01_names,get_prob,flmf,,-0.24445865,0.031,1790184387.16
1677,01_names,get_prob,flmf,,-0.24445865,0.031,1790184387.207
1678,01_names,get_prob,_check_assertion_try_except,,0.92160094,0.031,1790184387.254
1679,01_names,get_prob,_check_assertion_try_except,,0.92160094,0.031,1790184387.285
1680,01_names,get_prob,_check_python_keywords_args,,0.4376109,0.031,1790184387.332
1681,01_names,get_prob,_check_python_keywords_args,,0.4376109,0.031,1790184387.379
1682,01_names,get_prob,run_code_review,,0.46108913,0.031,1790184387.426
1683,01_names,get_prob,run_code_review,,0.46108913,0.031,1790184387.473
1684,01_names,get_prob,__init__,,0.30625317,0.031,1790184387.504
1685,01_names,get_prob,__init__,,0.30625317,0.031,1790184387.551
1686,01_names,get_prob,_check_refactor_into_class_case_1_same_args,,0.56124556,0.031,1790184387.598
1687,01_names,get_prob,_check_refactor_into_class_case_1_same_args,,0.56124556,0.031,1790184387.644
1688,01_names,get_prob,_check_refactor_into_class_case_2_state_vars_if_else,,0.2108602,0.031,1790184387.676
1689,01_names,get_prob,_check_refactor_into_class_case_2_state_vars_if_else,,0.2108602,0.031,1790184387.723
1690,01_names,get_prob,check_is_state_value,,0.8285382,0.031,1790184387.769
1691,01_names,get_prob,check_is_state_value,,0.8285382,0.031,1790184387.816
1692,01_names,get_prob,_check_prefix_for_only_in_class_methods,,-0.07815887,0.047,1790184387.863
1693,01_names,get_prob,_check_prefix_for_only_in_class_methods,,-0.07815887,0.031,1790184387.894
1694,01_names,get_prob,flmf,,-0.24445865,0.031,1790184387.941
1695,01_names,get_prob,flmf,,-0.24445865,0.031,1790184387.988
1696,01_names,get_prob,_check_similar_function_names,,0.07446706,0.031,1790184388.035
1697,01_names,get_prob,_check_similar_function_names,,0.07446706,0.047,1790184388.082
1698,01_names,get_prob,run_code_review,,0.46108913,0.031,1790184388.113
1699,01_names,get_prob,run_code_review,,0.46108913,0.031,1790184388.16
1700,01_names,get_prob,__init__,,0.30625317,0.031,1790184388.207
1701,01_names,get_prob,__init__,,0.30625317,0.031,1790184388.254
1702,01_names,get_prob,_check_python_basics,,0.6507303,0.031,1790184388.285
1703,01_names,get_prob,_check_python_basics,,0.6507303,0.031,1790184388.332
1704,01_names,get_prob,_check_basic_convention,,0.035817523,0.031,1790184388.379
1705,01_names,get_prob,_check_basic_convention,,0.035817523,0.031,1790184388.426
1706,01_names,get_prob,_check_simplification,,0.39892897,0.031,1790184388.473
1707,01_names,get_prob,_check_simplification,,0.39892897,0.031,1790184388.504
1708,01_names,get_prob,_check_other_pythonic,,0.7376909,0.031,1790184388.551
1709,01_names,get_prob,_check_other_pythonic,,0.7376909,0.031,1790184388.598
1710,01_names,get_prob,_check_exceptions,,0.7910007,0.031,1790184388.644
1711,01_names,get_prob,_check_exceptions,,0.7910007,0.047,1790184388.691
1712,01_names,get_prob,_check_cohesiveness_and_class,,0.46269068,0.031,1790184388.723
1713,01_names,get_prob,_check_cohesiveness_and_class,,0.46269068,0.031,1790184388.769
1714,01_names,get_prob,run_code_review,,0.46108913,0.031,1790184388.816
1715,01_names,get_prob,run_code_review,,0.46108913,0.031,1790184388.863
1716,01_names,get_prob,default_code_review_func,,0.81786644,0.047,1790184388.91
1717,01_names,get_prob,default_code_review_func,,0.81786644,0.031,1790184388.941
1718,01_names,get_prob,unused_variable,,0.8121415,0.031,1790184388.988
1719,01_names,get_prob,unused_variable,,0.8121415,0.031,1790184389.035
1720,01_names,get_prob,TEST_DUPLICATED,,0.47486284,0.031,1790184389.082
1721,01_names,get_prob,TEST_DUPLICATED,,0.47486284,0.031,1790184389.129
1722,01_names,get_prob,IMPORT_NUM,,0.83046925,0.031,1790184389.16
1723,01_names,get_prob,IMPORT_NUM,,0.83046925,0.031,1790184389.207
1724,01_names,get_prob,common_value,,0.887362,0.031,1790184389.254
1725,01_names,get_prob,common_value,,0.887362,0.031,1790184389.301
1726,01_names,get_prob,logger,,0.40616426,0.047,1790184389.348
1727,01_names,get_prob,logger,,0.40616426,0.031,1790184389.379
1728,01_names,get_prob,a,,0.4610094,0.031,1790184389.426
1729,01_names,get_prob,a,,0.4610094,0.031,1790184389.473
1730,01_names,get_prob,common_value,,0.887362,0.031,1790184389.519
1731,01_names,get_prob,common_value,,0.887362,0.047,1790184389.566
1732,01_names,get_prob,nparray,,0.729689,0.031,1790184389.598
1733,01_names,get_prob,nparray,,0.729689,0.031,1790184389.644
1734,01_names,get_prob,nparray2,,0.23274818,0.031,1790184389.691
1735,01_names,get_prob,nparray2,,0.23274818,0.031,1790184389.738
1736,01_names,get_prob,i,,-0.08365387,0.031,1790184389.785
1737,01_names,get_prob,i,,-0.08365387,0.031,1790184389.816
1738,01_names,get_prob,idx,,0.9916246,0.031,1790184389.863
1739,01_names,get_prob,idx,,0.9916246,0.031,1790184389.91
1740,01_names,get_prob,default_version,,0.3231497,0.031,1790184389.957
1741,01_names,get_prob,default_version,,0.3231497,0.031,1790184390.004
1742,01_names,get_prob,next_level,,0.5143748,0.031,1790184390.035
1743,01_names,get_prob,next_level,,0.5143748,0.031,1790184390.082
1744,01_names,get_prob,python_code_no,,0.79497904,0.031,1790184390.129
1745,01_names,get_prob,python_code_no,,0.79497904,0.031,1790184390.176
1746,01_names,get_prob,python_code_num,,1.0723056,0.047,1790184390.222
1747,01_names,get_prob,python_code_num,,1.0723056,0.031,1790184390.254
1748,01_names,get_prob,test,,-0.26927182,0.031,1790184390.301
1749,01_names,get_prob,test,,-0.26927182,0.031,1790184390.347
1750,01_names,get_prob,imported_value,,0.8075853,0.031,1790184390.394
1751,01_names,get_prob,imported_value,,0.8075853,0.047,1790184390.441
1752,01_names,get_prob,imported_but_unused_value,,0.63109946,0.031,1790184390.472
1753,01_names,get_prob,imported_but_unused_value,,0.63109946,0.031,1790184390.519
1754,01_names,get_prob,unused_function,,0.6821892,0.031,1790184390.566
1755,01_names,get_prob,unused_function,,0.6821892,0.031,1790184390.613
1756,01_names,get_prob,abc,,0.2987987,0.031,1790184390.66
1757,01_names,get_prob,abc,,0.2987987,0.031,1790184390.691
1758,01_names,get_prob,similar_func1,,0.40077436,0.031,1790184390.738
1759,01_names,get_prob,similar_func1,,0.40077436,0.031,1790184390.785
1760,01_names,get_prob,similar_func2,,0.3150101,0.031,1790184390.832
1761,01_names,get_prob,similar_func2,,0.3150101,0.031,1790184390.879
1762,01_names,get_prob,get_current_version,,0.3898157,0.031,1790184390.91
1763,01_names,get_prob,get_current_version,,0.3898157,0.031,1790184390.957
1764,01_names,get_prob,get_current_ver,,0.7939297,0.031,1790184391.004
1765,01_names,get_prob,get_current_ver,,0.7939297,0.031,1790184391.051
1766,01_names,get_prob,check_single_responsibility,,0.85118663,0.031,1790184391.097
1767,01_names,get_prob,check_single_responsibility,,0.85118663,0.031,1790184391.144
1768,01_names,get_prob,imported_function,,0.67733085,0.031,1790184391.176
1769,01_names,get_prob,imported_function,,0.67733085,0.031,1790184391.222
1770,01_names,get_prob,TEST_DUPLICATED,,0.47486284,0.031,1790184391.269
1771,01_names,get_prob,TEST_DUPLICATED,,0.47486284,0.031,1790184391.316
1772,01_names,get_prob,TEST_STR,,0.15484701,0.031,1790184391.363
1773,01_names,get_prob,TEST_STR,,0.15484701,0.031,1790184391.394
1774,01_names,get_prob,idx,,0.9916246,0.031,1790184391.441
1775,01_names,get_prob,idx,,0.9916246,0.031,1790184391.488
1776,01_names,get_prob,similar_func3,,0.33467987,0.031,1790184391.535
1777,01_names,get_prob,similar_func3,,0.33467987,0.031,1790184391.582
1778,01_names,get_prob,get_current_version,,0.3898157,0.031,1790184391.613
1779,01_names,get_prob,get_current_version,,0.3898157,0.031,1790184391.66
1780,01_names,get_prob,logger,,0.40616426,0.031,1790184391.707
1781,01_names,get_prob,logger,,0.40616426,0.031,1790184391.754
1782,01_names,get_prob,I,,0.6213901,0.031,1790184391.801
1783,01_names,get_prob,I,,0.6213901,0.031,1790184391.832
1784,01_names,get_prob,J,,0.30445156,0.031,1790184391.879
1785,01_names,get_prob,J,,0.30445156,0.031,1790184391.926
1786,01_names,get_prob,K,,0.71119153,0.031,1790184391.972
1787,01_names,get_prob,K,,0.71119153,0.047,1790184392.019
1788,01_names,get_prob,L,,0.20531419,0.031,1790184392.05
1789,01_names,get_prob,L,,0.20531419,0.031,1790184392.097
1790,01_names,get_prob,i,,-0.08365387,0.031,1790184392.144
1791,01_names,get_prob,i,,-0.08365387,0.031,1790184392.191
1792,01_names,get_prob,j,,-0.2898706,0.031,1790184392.238
1793,01_names,get_prob,j,,-0.2898706,0.031,1790184392.269
1794,01_names,get_prob,k,,0.7624564,0.031,1790184392.316
1795,01_names,get_prob,k,,0.7624564,0.031,1790184392.363
1796,01_names,get_prob,l,,0.15123525,0.031,1790184392.41
1797,01_names,get_prob,l,,0.15123525,0.031,1790184392.457
1798,01_names,get_prob,I,,0.6213901,0.031,1790184392.488
1799,01_names,get_prob,I,,0.6213901,0.031,1790184392.535
1800,01_names,get_prob,J,,0.30445156,0.031,1790184392.582
1801,01_names,get_prob,J,,0.30445156,0.031,1790184392.629
1802,01_names,get_prob,K,,0.71119153,0.031,1790184392.675
1803,01_names,get_prob,K,,0.71119153,0.047,1790184392.722
1804,01_names,get_prob,L,,0.20531419,0.031,1790184392.754
1805,01_names,get_prob,L,,0.20531419,0.031,1790184392.8
1806,01_names,get_prob,i,,-0.08365387,0.031,1790184392.847
1807,01_names,get_prob,i,,-0.08365387,0.031,1790184392.894
1808,01_names,get_prob,j,,-0.2898706,0.031,1790184392.941
1809,01_names,get_prob,j,,-0.2898706,0.047,1790184392.988
1810,01_names,get_prob,test_dict_test_dict,,0.43626288,0.031,1790184393.019
1811,01_names,get_prob,test_dict_test_dict,,0.43626288,0.031,1790184393.066
1812,01_names,get_prob,i,,-0.08365387,0.031,1790184393.113
1813,01_names,get_prob,i,,-0.08365387,0.031,1790184393.16
1814,01_names,get_prob,j,,-0.2898706,0.031,1790184393.207
1815,01_names,get_prob,j,,-0.2898706,0.047,1790184393.254
1816,01_names,get_prob,k,,0.7624564,0.034,1790184393.287
1817,01_names,get_prob,k,,0.7624564,0.031,1790184393.334
1818,01_names,get_prob,test_dict_test_dict,,0.43626288,0.031,1790184393.381
1819,01_names,get_prob,test_dict_test_dict,,0.43626288,0.031,1790184393.428
1820,01_names,get_prob,i,,-0.08365387,0.047,1790184393.475
1821,01_names,get_prob,i,,-0.08365387,0.031,1790184393.506
1822,01_names,get_prob,j,,-0.2898706,0.031,1790184393.553
1823,01_names,get_prob,j,,-0.2898706,0.033,1790184393.602
1824,01_names,get_prob,k,,0.7624564,0.047,1790184393.655
1825,01_names,get_prob,k,,0.7624564,0.047,1790184393.702
1826,01_names,get_prob,l,,0.15123525,0.031,1790184393.749
1827,01_names,get_prob,l,,0.15123525,0.031,1790184393.796
1828,01_names,get_prob,i,,-0.08365387,0.031,1790184393.843
1829,01_names,get_prob,i,,-0.08365387,0.031,1790184393.89
1830,01_names,get_prob,i,,-0.08365387,0.031,1790184393.937
1831,01_names,get_prob,i,,-0.08365387,0.031,1790184393.983
1832,01_names,get_prob,i,,-0.08365387,0.031,1790184394.03
1833,01_names,get_prob,i,,-0.08365387,0.031,1790184394.077
1834,01_names,get_prob,i,,-0.08365387,0.031,1790184394.108
1835,01_names,get_prob,i,,-0.08365387,0.031,1790184394.155
1836,01_names,get_prob,i,,-0.08365387,0.031,1790184394.202
1837,01_names,get_prob,i,,-0.08365387,0.031,1790184394.249
1838,01_names,get_prob,i,,-0.08365387,0.031,1790184394.296
1839,01_names,get_prob,i,,-0.08365387,0.031,1790184394.327
1840,01_names,get_prob,i,,-0.08365387,0.031,1790184394.374
1841,01_names,get_prob,i,,-0.08365387,0.031,1790184394.421
1842,01_names,get_prob,i,,-0.08365387,0.031,1790184394.468
1843,01_names,get_prob,i,,-0.08365387,0.031,1790184394.515
1844,01_names,get_prob,i,,-0.08365387,0.031,1790184394.546
1845,01_names,get_prob,i,,-0.08365387,0.031,1790184394.593
1846,01_names,get_prob,i,,-0.08365387,0.031,1790184394.64
1847,01_names,get_prob,i,,-0.08365387,0.031,1790184394.687
1848,01_names,get_prob,i,,-0.08365387,0.031,1790184394.733
1849,01_names,get_prob,i,,-0.08365387,0.031,1790184394.765
1850,01_names,get_prob,i,,-0.08365387,0.031,1790184394.812
1851,01_names,get_prob,i,,-0.08365387,0.031,1790184394.858
1852,01_names,get_prob,i,,-0.08365387,0.031,1790184394.905
1853,01_names,get_prob,i,,-0.08365387,0.031,1790184394.952
1854,01_names,get_prob,i,,-0.08365387,0.031,1790184394.983
1855,01_names,get_prob,i,,-0.08365387,0.031,1790184395.03
1856,01_names,get_prob,i,,-0.08365387,0.031,1790184395.077
1857,01_names,get_prob,i,,-0.08365387,0.031,1790184395.124
1858,01_names,get_prob,i,,-0.08365387,0.031,1790184395.171
1859,01_names,get_prob,i,,-0.08365387,0.047,1790184395.218
1860,01_names,get_prob,i,,-0.08365387,0.031,1790184395.249
1861,01_names,get_prob,i,,-0.08365387,0.031,1790184395.296
1862,01_names,get_prob,i,,-0.08365387,0.031,1790184395.343
1863,01_names,get_prob,i,,-0.08365387,0.031,1790184395.39
1864,01_names,get_prob,i,,-0.08365387,0.031,1790184395.437
1865,01_names,get_prob,i,,-0.08365387,0.031,1790184395.468
1866,01_names,get_prob,i,,-0.08365387,0.031,1790184395.515
1867,01_names,get_prob,i,,-0.08365387,0.031,1790184395.561
1868,01_names,get_prob,i,,-0.08365387,0.031,1790184395.608
1869,01_names,get_prob,i,,-0.08365387,0.031,1790184395.655
1870,01_names,get_prob,i,,-0.08365387,0.031,1790184395.702
1871,01_names,get_prob,i,,-0.08365387,0.031,1790184395.733
1872,01_names,get_prob,i,,-0.08365387,0.031,1790184395.78
1873,01_names,get_prob,i,,-0.08365387,0.031,1790184395.827
1874,01_names,get_prob,i,,-0.08365387,0.031,1790184395.874
1875,01_names,get_prob,i,,-0.08365387,0.031,1790184395.921
1876,01_names,get_prob,without_type_hint,,0.4823754,0.031,1790184395.968
1877,01_names,get_prob,without_type_hint,,0.4823754,0.031,1790184395.999
1878,01_names,get_prob,with_type_hint,,0.6171267,0.031,1790184396.046
1879,01_names,get_prob,with_type_hint,,0.6171267,0.031,1790184396.093
1880,01_names,get_prob,long_function_with_docstring,,0.674108,0.031,1790184396.14
1881,01_names,get_prob,long_function_with_docstring,,0.674108,0.031,1790184396.186
1882,01_names,get_prob,long_function_wo_docstring,,0.34322652,0.047,1790184396.233
1883,01_names,get_prob,long_function_wo_docstring,,0.34322652,0.031,1790184396.265
1884,01_names,get_prob,too_long_function,,0.3871304,0.031,1790184396.311
1885,01_names,get_prob,too_long_function,,0.3871304,0.031,1790184396.358
1886,01_names,get_prob,aaa,,-0.098654464,0.031,1790184396.405
1887,01_names,get_prob,aaa,,-0.098654464,0.031,1790184396.452
1888,01_names,get_prob,bbb,,-0.1517613,0.047,1790184396.499
1889,01_names,get_prob,bbb,,-0.1517613,0.032,1790184396.531
1890,01_names,get_prob,ccc,,-0.36327317,0.031,1790184396.577
1891,01_names,get_prob,ccc,,-0.36327317,0.031,1790184396.624
1892,01_names,get_prob,ddd,,-0.3786901,0.031,1790184396.671
1893,01_names,get_prob,ddd,,-0.3786901,0.031,1790184396.718
1894,01_names,get_prob,eee,,0.81821024,0.031,1790184396.749
1895,01_names,get_prob,eee,,0.81821024,0.031,1790184396.796
1896,01_names,get_prob,fff,,-0.19294387,0.031,1790184396.843
1897,01_names,get_prob,fff,,-0.19294387,0.031,1790184396.89
1898,01_names,get_prob,ggg,,-0.46640953,0.031,1790184396.937
1899,01_names,get_prob,ggg,,-0.46640953,0.047,1790184396.984
1900,01_names,get_prob,hhh,,0.19002588,0.038,1790184397.021
1901,01_names,get_prob,hhh,,0.19002588,0.031,1790184397.068
1902,01_names,get_prob,arr,,0.76940894,0.031,1790184397.115
1903,01_names,get_prob,arr,,0.76940894,0.031,1790184397.146
1904,01_names,get_prob,new_arr,,0.57825655,0.031,1790184397.193
1905,01_names,get_prob,new_arr,,0.57825655,0.031,1790184397.24
1906,01_names,get_prob,item,,1.2382984,0.031,1790184397.287
1907,01_names,get_prob,item,,1.2382984,0.031,1790184397.334
1908,01_names,get_prob,item,,1.2382984,0.031,1790184397.381
1909,01_names,get_prob,item,,1.2382984,0.031,1790184397.412
1910,01_names,get_prob,result,,0.3177913,0.031,1790184397.459
1911,01_names,get_prob,result,,0.3177913,0.031,1790184397.506
1912,01_names,get_prob,item,,1.2382984,0.031,1790184397.553
1913,01_names,get_prob,item,,1.2382984,0.031,1790184397.6
1914,01_names,get_prob,result,,0.3177913,0.031,1790184397.646
1915,01_names,get_prob,result,,0.3177913,0.047,1790184397.693
1916,01_names,get_prob,item,,1.2382984,0.031,1790184397.725
1917,01_names,get_prob,item,,1.2382984,0.031,1790184397.772
1918,01_names,get_prob,item,,1.2382984,0.031,1790184397.818
1919,01_names,get_prob,item,,1.2382984,0.031,1790184397.865
1920,01_names,get_prob,result,,0.3177913,0.031,1790184397.912
1921,01_names,get_prob,result,,0.3177913,0.047,1790184397.959
1922,01_names,get_prob,item,,1.2382984,0.031,1790184397.99
1923,01_names,get_prob,item,,1.2382984,0.031,1790184398.037
1924,01_names,get_prob,result,,0.3177913,0.031,1790184398.084
1925,01_names,get_prob,result,,0.3177913,0.031,1790184398.131
1926,01_names,get_prob,primes,,0.89487225,0.031,1790184398.178
1927,01_names,get_prob,primes,,0.89487225,0.031,1790184398.225
1928,01_names,get_prob,p,,0.25536546,0.031,1790184398.256
1929,01_names,get_prob,p,,0.25536546,0.031,1790184398.303
1930,01_names,get_prob,p,,0.25536546,0.031,1790184398.35
1931,01_names,get_prob,p,,0.25536546,0.031,1790184398.397
1932,01_names,get_prob,p,,0.25536546,0.031,1790184398.443
1933,01_names,get_prob,p,,0.25536546,0.031,1790184398.49
1934,01_names,get_prob,p,,0.25536546,0.047,1790184398.537
1935,01_names,get_prob,p,,0.25536546,0.031,1790184398.568
1936,01_names,get_prob,p,,0.25536546,0.031,1790184398.615
1937,01_names,get_prob,p,,0.25536546,0.031,1790184398.662
1938,01_names,get_prob,p,,0.25536546,0.031,1790184398.709
1939,01_names,get_prob,p,,0.25536546,0.031,1790184398.756
1940,01_names,get_prob,p,,0.25536546,0.047,1790184398.803
1941,01_names,get_prob,p,,0.25536546,0.031,1790184398.834
1942,01_names,get_prob,p,,0.25536546,0.031,1790184398.881
1943,01_names,get_prob,p,,0.25536546,0.031,1790184398.928
1944,01_names,get_prob,p,,0.25536546,0.031,1790184398.975
1945,01_names,get_prob,p,,0.25536546,0.031,1790184399.022
1946,01_names,get_prob,p,,0.25536546,0.031,1790184399.068
1947,01_names,get_prob,p,,0.25536546,0.031,1790184399.1
1948,01_names,get_prob,test,,-0.26927182,0.031,1790184399.147
1949,01_names,get_prob,test,,-0.26927182,0.031,1790184399.193
1950,01_names,get_prob,test_abc,,0.6367698,0.031,1790184399.24
1951,01_names,get_prob,test_abc,,0.6367698,0.031,1790184399.287
1952,01_names,get_prob,test_def,,0.41087633,0.031,1790184399.334
1953,01_names,get_prob,test_def,,0.41087633,0.047,1790184399.381
1954,01_names,get_prob,path,,0.64244336,0.031,1790184399.412
1955,01_names,get_prob,path,,0.64244336,0.031,1790184399.459
1956,01_names,get_prob,non_path,,0.93232834,0.031,1790184399.506
1957,01_names,get_prob,non_path,,0.93232834,0.031,1790184399.553
1958,01_names,get_prob,data,,0.60306525,0.031,1790184399.6
1959,01_names,get_prob,data,,0.60306525,0.031,1790184399.646
1960,01_names,get_prob,groups,,0.35137916,0.047,1790184399.693
1961,01_names,get_prob,groups,,0.35137916,0.031,1790184399.725
1962,01_names,get_prob,category,,0.04205369,0.031,1790184399.771
1963,01_names,get_prob,category,,0.04205369,0.031,1790184399.818
1964,01_names,get_prob,item,,1.2382984,0.031,1790184399.865
1965,01_names,get_prob,item,,1.2382984,0.031,1790184399.912
1966,01_names,get_prob,words,,0.6178927,0.031,1790184399.959
1967,01_names,get_prob,words,,0.6178927,0.031,1790184399.99
1968,01_names,get_prob,counts,,1.0080539,0.031,1790184400.037
1969,01_names,get_prob,counts,,1.0080539,0.031,1790184400.084
1970,01_names,get_prob,word,,0.66631925,0.031,1790184400.131
1971,01_names,get_prob,word,,0.66631925,0.031,1790184400.178
1972,01_names,get_prob,test_dict,,0.7244429,0.031,1790184400.225
1973,01_names,get_prob,test_dict,,0.7244429,0.031,1790184400.271
1974,01_names,get_prob,numbers,,0.91304505,0.031,1790184400.303
1975,01_names,get_prob,numbers,,0.91304505,0.031,1790184400.35
1976,01_names,get_prob,has_negative,,0.35602704,0.031,1790184400.396
1977,01_names,get_prob,has_negative,,0.35602704,0.031,1790184400.443
1978,01_names,get_prob,num,,0.56448984,0.031,1790184400.49
1979,01_names,get_prob,num,,0.56448984,0.031,1790184400.537
1980,01_names,get_prob,has_negative,,0.35602704,0.031,1790184400.584
1981,01_names,get_prob,has_negative,,0.35602704,0.031,1790184400.615
1982,01_names,get_prob,names,,0.9440244,0.031,1790184400.662
1983,01_names,get_prob,names,,0.9440244,0.031,1790184400.709
1984,01_names,get_prob,scores,,0.8057658,0.031,1790184400.756
1985,01_names,get_prob,scores,,0.8057658,0.031,1790184400.803
1986,01_names,get_prob,i,,-0.08365387,0.031,1790184400.85
1987,01_names,get_prob,i,,-0.08365387,0.047,1790184400.896
1988,01_names,get_prob,keys,,1.0018116,0.031,1790184400.928
1989,01_names,get_prob,keys,,1.0018116,0.031,1790184400.975
1990,01_names,get_prob,values,,0.97008574,0.031,1790184401.021
1991,01_names,get_prob,values,,0.97008574,0.031,1790184401.068
1992,01_names,get_prob,user_info,,0.28907597,0.031,1790184401.115
1993,01_names,get_prob,user_info,,0.28907597,0.031,1790184401.162
1994,01_names,get_prob,i,,-0.08365387,0.031,1790184401.209
1995,01_names,get_prob,i,,-0.08365387,0.031,1790184401.256
1996,01_names,get_prob,i,,-0.08365387,0.031,1790184401.287
1997,01_names,get_prob,i,,-0.08365387,0.031,1790184401.334
1998,01_names,get_prob,k_list,,1.0990121,0.031,1790184401.381
1999,01_names,get_prob,k_list,,1.0990121,0.031,1790184401.428
2000,01_names,get_prob,v_list,,1.1504312,0.031,1790184401.474
2001,01_names,get_prob,v_list,,1.1504312,0.031,1790184401.521
2002,01_names,get_prob,target,,0.7265398,0.031,1790184401.568
2003,01_names,get_prob,target,,0.7265398,0.047,1790184401.615
2004,01_names,get_prob,idx,,0.9916246,0.031,1790184401.646
2005,01_names,get_prob,idx,,0.9916246,0.031,1790184401.693
2006,01_names,get_prob,k,,0.7624564,0.031,1790184401.74
2007,01_names,get_prob,k,,0.7624564,0.031,1790184401.787
2008,01_names,get_prob,v,,0.4792271,0.031,1790184401.834
2009,01_names,get_prob,v,,0.4792271,0.031,1790184401.881
2010,01_names,get_prob,itertool1,,1.0259033,0.047,1790184401.928
2011,01_names,get_prob,itertool1,,1.0259033,0.031,1790184401.959
2012,01_names,get_prob,itertool2,,0.9145994,0.031,1790184402.006
2013,01_names,get_prob,itertool2,,0.9145994,0.031,1790184402.053
2014,01_names,get_prob,f,,0.15811853,0.031,1790184402.1
2015,01_names,get_prob,f,,0.15811853,0.031,1790184402.147
2016,01_names,get_prob,content1,,0.38083968,0.031,1790184402.193
2017,01_names,get_prob,content1,,0.38083968,0.031,1790184402.24
2018,01_names,get_prob,f,,0.15811853,0.047,1790184402.287
2019,01_names,get_prob,f,,0.15811853,0.031,1790184402.318
2020,01_names,get_prob,f,,0.15811853,0.031,1790184402.365
2021,01_names,get_prob,f,,0.15811853,0.031,1790184402.412
2022,01_names,get_prob,content2,,0.18402667,0.031,1790184402.459
2023,01_names,get_prob,content2,,0.18402667,0.031,1790184402.506
2024,01_names,get_prob,f,,0.15811853,0.031,1790184402.553
2025,01_names,get_prob,f,,0.15811853,0.047,1790184402.6
2026,01_names,get_prob,sentence,,0.55475926,0.031,1790184402.631
2027,01_names,get_prob,sentence,,0.55475926,0.031,1790184402.678
2028,01_names,get_prob,a,,0.4610094,0.031,1790184402.725
2029,01_names,get_prob,a,,0.4610094,0.031,1790184402.771
2030,01_names,get_prob,dddd,,0.04247829,0.031,1790184402.818
2031,01_names,get_prob,dddd,,0.04247829,0.031,1790184402.865
2032,01_names,get_prob,eeee,,0.38840595,0.031,1790184402.912
2033,01_names,get_prob,eeee,,0.38840595,0.047,1790184402.959
2034,01_names,get_prob,fruits,,0.7618861,0.031,1790184402.99
2035,01_names,get_prob,fruits,,0.7618861,0.031,1790184403.037
2036,01_names,get_prob,new_fruits,,0.77494514,0.031,1790184403.084
2037,01_names,get_prob,new_fruits,,0.77494514,0.031,1790184403.131
2038,01_names,get_prob,fruit,,0.6480287,0.031,1790184403.178
2039,01_names,get_prob,fruit,,0.6480287,0.031,1790184403.225
2040,01_names,get_prob,active_users,,0.645241,0.031,1790184403.271
2041,01_names,get_prob,active_users,,0.645241,0.031,1790184403.318
2042,01_names,get_prob,user,,0.40211695,0.047,1790184403.365
2043,01_names,get_prob,user,,0.40211695,0.031,1790184403.396
2044,01_names,get_prob,apple_count,,0.90012527,0.031,1790184403.443
2045,01_names,get_prob,apple_count,,0.90012527,0.031,1790184403.49
2046,01_names,get_prob,fruit,,0.6480287,0.031,1790184403.537
2047,01_names,get_prob,fruit,,0.6480287,0.031,1790184403.584
2048,01_names,get_prob,apple_count,,0.90012527,0.031,1790184403.631
2049,01_names,get_prob,apple_count,,0.90012527,0.031,1790184403.678
2050,01_names,get_prob,scores,,0.8057658,0.031,1790184403.725
2051,01_names,get_prob,scores,,0.8057658,0.047,1790184403.771
2052,01_names,get_prob,perfect_scores,,1.1061705,0.031,1790184403.803
2053,01_names,get_prob,perfect_scores,,1.1061705,0.031,1790184403.85
2054,01_names,get_prob,score,,0.53146774,0.031,1790184403.896
2055,01_names,get_prob,score,,0.53146774,0.031,1790184403.943
2056,01_names,get_prob,users,,0.68903834,0.031,1790184403.99
2057,01_names,get_prob,users,,0.68903834,0.031,1790184404.037
2058,01_names,get_prob,admin_count,,0.69661635,0.031,1790184404.084
2059,01_names,get_prob,admin_count,,0.69661635,0.031,1790184404.131
2060,01_names,get_prob,target,,0.7265398,0.031,1790184404.162
2061,01_names,get_prob,target,,0.7265398,0.031,1790184404.209
2062,01_names,get_prob,items,,1.3257265,0.031,1790184404.256
2063,01_names,get_prob,items,,1.3257265,0.031,1790184404.303
2064,01_names,get_prob,found_index,,0.6698986,0.031,1790184404.35
2065,01_names,get_prob,found_index,,0.6698986,0.031,1790184404.396
2066,01_names,get_prob,i,,-0.08365387,0.031,1790184404.443
2067,01_names,get_prob,i,,-0.08365387,0.031,1790184404.49
2068,01_names,get_prob,found_index,,0.6698986,0.031,1790184404.537
2069,01_names,get_prob,found_index,,0.6698986,0.047,1790184404.584
2070,01_names,get_prob,found_index,,0.6698986,0.031,1790184404.615
2071,01_names,get_prob,found_index,,0.6698986,0.031,1790184404.662
2072,01_names,get_prob,i,,-0.08365387,0.031,1790184404.709
2073,01_names,get_prob,i,,-0.08365387,0.031,1790184404.756
2074,01_names,get_prob,found_index,,0.6698986,0.031,1790184404.803
2075,01_names,get_prob,found_index,,0.6698986,0.031,1790184404.849
2076,01_names,get_prob,found_index,,0.6698986,0.031,1790184404.896
2077,01_names,get_prob,found_index,,0.6698986,0.047,1790184404.943
2078,01_names,get_prob,i,,-0.08365387,0.031,1790184404.974
2079,01_names,get_prob,i,,-0.08365387,0.031,1790184405.021
2080,01_names,get_prob,found_index,,0.6698986,0.031,1790184405.068
2081,01_names,get_prob,found_index,,0.6698986,0.031,1790184405.115
2082,01_names,get_prob,target,,0.7265398,0.031,1790184405.162
2083,01_names,get_prob,target,,0.7265398,0.031,1790184405.209
2084,01_names,get_prob,numbers,,0.91304505,0.031,1790184405.256
2085,01_names,get_prob,numbers,,0.91304505,0.031,1790184405.303
2086,01_names,get_prob,idx,,0.9916246,0.031,1790184405.349
2087,01_names,get_prob,idx,,0.9916246,0.047,1790184405.396
2088,01_names,get_prob,i,,-0.08365387,0.031,1790184405.428
2089,01_names,get_prob,i,,-0.08365387,0.031,1790184405.474
2090,01_names,get_prob,v,,0.4792271,0.031,1790184405.521
2091,01_names,get_prob,v,,0.4792271,0.031,1790184405.568
2092,01_names,get_prob,strs,,0.3413266,0.031,1790184405.615
2093,01_names,get_prob,strs,,0.3413266,0.031,1790184405.662
2094,01_names,get_prob,idx,,0.9916246,0.031,1790184405.709
2095,01_names,get_prob,idx,,0.9916246,0.031,1790184405.756
2096,01_names,get_prob,i,,-0.08365387,0.047,1790184405.803
2097,01_names,get_prob,i,,-0.08365387,0.031,1790184405.834
2098,01_names,get_prob,v,,0.4792271,0.031,1790184405.881
2099,01_names,get_prob,v,,0.4792271,0.031,1790184405.928
2100,01_names,get_prob,target,,0.7265398,0.031,1790184405.974
2101,01_names,get_prob,target,,0.7265398,0.031,1790184406.021
2102,01_names,get_prob,data,,0.60306525,0.031,1790184406.068
2103,01_names,get_prob,data,,0.60306525,0.031,1790184406.115
2104,01_names,get_prob,i,,-0.08365387,0.031,1790184406.162
2105,01_names,get_prob,i,,-0.08365387,0.047,1790184406.209
2106,01_names,get_prob,i,,-0.08365387,0.031,1790184406.24
2107,01_names,get_prob,i,,-0.08365387,0.031,1790184406.287
2108,01_names,get_prob,i,,-0.08365387,0.031,1790184406.334
2109,01_names,get_prob,i,,-0.08365387,0.031,1790184406.381
2110,01_names,get_prob,i,,-0.08365387,0.031,1790184406.428
2111,01_names,get_prob,i,,-0.08365387,0.031,1790184406.474
2112,01_names,get_prob,result,,0.3177913,0.031,1790184406.521
2113,01_names,get_prob,result,,0.3177913,0.031,1790184406.568
2114,01_names,get_prob,i,,-0.08365387,0.047,1790184406.615
2115,01_names,get_prob,i,,-0.08365387,0.031,1790184406.646
2116,01_names,get_prob,result,,0.3177913,0.031,1790184406.693
2117,01_names,get_prob,result,,0.3177913,0.031,1790184406.74
2118,01_names,get_prob,result,,0.3177913,0.031,1790184406.787
2119,01_names,get_prob,result,,0.3177913,0.031,1790184406.834
2120,01_names,get_prob,word,,0.66631925,0.031,1790184406.881
2121,01_names,get_prob,word,,0.66631925,0.031,1790184406.927
2122,01_names,get_prob,result,,0.3177913,0.031,1790184406.974
2123,01_names,get_prob,result,,0.3177913,0.047,1790184407.021
2124,01_names,get_prob,result,,0.3177913,0.031,1790184407.052
2125,01_names,get_prob,result,,0.3177913,0.031,1790184407.099
2126,01_names,get_prob,numbers,,0.91304505,0.031,1790184407.146
2127,01_names,get_prob,numbers,,0.91304505,0.031,1790184407.193
2128,01_names,get_prob,result,,0.3177913,0.031,1790184407.24
2129,01_names,get_prob,result,,0.3177913,0.031,1790184407.287
2130,01_names,get_prob,num,,0.56448984,0.031,1790184407.334
2131,01_names,get_prob,num,,0.56448984,0.031,1790184407.381
2132,01_names,get_prob,result,,0.3177913,0.031,1790184407.427
2133,01_names,get_prob,result,,0.3177913,0.031,1790184407.474
2134,01_names,get_prob,a,,0.4610094,0.031,1790184407.506
2135,01_names,get_prob,a,,0.4610094,0.031,1790184407.552
2136,01_names,get_prob,line,,0.5399651,0.031,1790184407.599
2137,01_names,get_prob,line,,0.5399651,0.031,1790184407.646
2138,01_names,get_prob,b,,-0.1169416,0.031,1790184407.693
2139,01_names,get_prob,b,,-0.1169416,0.031,1790184407.74
2140,01_names,get_prob,line,,0.5399651,0.031,1790184407.787
2141,01_names,get_prob,line,,0.5399651,0.031,1790184407.834
2142,01_names,get_prob,c,,0.42858198,0.031,1790184407.881
2143,01_names,get_prob,c,,0.42858198,0.031,1790184407.927
2144,01_names,get_prob,x,,0.3327092,0.047,1790184407.974
2145,01_names,get_prob,x,,0.3327092,0.031,1790184408.006
2146,01_names,get_prob,d,,-0.12066975,0.031,1790184408.052
2147,01_names,get_prob,d,,-0.12066975,0.031,1790184408.099
2148,01_names,get_prob,line,,0.5399651,0.031,1790184408.146
2149,01_names,get_prob,line,,0.5399651,0.031,1790184408.193
2150,01_names,get_prob,e,,0.3282585,0.031,1790184408.24
2151,01_names,get_prob,e,,0.3282585,0.031,1790184408.287
2152,01_names,get_prob,line,,0.5399651,0.032,1790184408.339
2153,01_names,get_prob,line,,0.5399651,0.031,1790184408.37
2154,01_names,get_prob,collect_user_ids,,0.73658305,0.031,1790184408.417
2155,01_names,get_prob,collect_user_ids,,0.73658305,0.031,1790184408.464
2156,01_names,get_prob,my_list,,0.8988146,0.031,1790184408.511
2157,01_names,get_prob,my_list,,0.8988146,0.031,1790184408.558
2158,01_names,get_prob,a,,0.4610094,0.031,1790184408.605
2159,01_names,get_prob,a,,0.4610094,0.038,1790184408.661
2160,01_names,get_prob,b,,-0.1169416,0.023,1790184408.7
2161,01_names,get_prob,b,,-0.1169416,0.047,1790184408.762
2162,01_names,get_prob,c,,0.42858198,0.031,1790184408.809
2163,01_names,get_prob,c,,0.42858198,0.031,1790184408.856
2164,01_names,get_prob,my_list,,0.8988146,0.031,1790184408.903
2165,01_names,get_prob,my_list,,0.8988146,0.044,1790184408.963
2166,01_names,get_prob,first,,0.50766313,0.031,1790184408.994
2167,01_names,get_prob,first,,0.50766313,0.031,1790184409.041
2168,01_names,get_prob,rest,,0.1464123,0.031,1790184409.088
2169,01_names,get_prob,rest,,0.1464123,0.031,1790184409.135
2170,01_names,get_prob,d,,-0.12066975,0.031,1790184409.182
2171,01_names,get_prob,d,,-0.12066975,0.031,1790184409.228
2172,01_names,get_prob,e,,0.3282585,0.031,1790184409.275
2173,01_names,get_prob,e,,0.3282585,0.031,1790184409.322
2174,01_names,get_prob,f,,0.15811853,0.031,1790184409.369
2175,01_names,get_prob,f,,0.15811853,0.031,1790184409.416
2176,01_names,get_prob,g,,0.065837264,0.047,1790184409.463
2177,01_names,get_prob,g,,0.065837264,0.031,1790184409.494
2178,01_names,get_prob,values,,0.97008574,0.031,1790184409.541
2179,01_names,get_prob,values,,0.97008574,0.031,1790184409.588
2180,01_names,get_prob,aaa,,-0.098654464,0.031,1790184409.635
2181,01_names,get_prob,aaa,,-0.098654464,0.031,1790184409.682
2182,01_names,get_prob,bbb,,-0.1517613,0.031,1790184409.728
2183,01_names,get_prob,bbb,,-0.1517613,0.031,1790184409.775
2184,01_names,get_prob,ccc,,-0.36327317,0.031,1790184409.822
2185,01_names,get_prob,ccc,,-0.36327317,0.031,1790184409.869
2186,01_names,get_prob,position,,0.4307817,0.047,1790184409.916
2187,01_names,get_prob,position,,0.4307817,0.031,1790184409.947
2188,01_names,get_prob,rgb_color,,0.5481013,0.031,1790184409.994
2189,01_names,get_prob,rgb_color,,0.5481013,0.031,1790184410.041
2190,01_names,get_prob,f,,0.15811853,0.031,1790184410.088
2191,01_names,get_prob,f,,0.15811853,0.031,1790184410.135
2192,01_names,get_prob,file,,0.96251523,0.031,1790184410.181
2193,01_names,get_prob,file,,0.96251523,0.031,1790184410.228
2194,01_names,get_prob,open_test,,0.6500797,0.031,1790184410.275
2195,01_names,get_prob,open_test,,0.6500797,0.031,1790184410.322
2196,01_names,get_prob,test_array,,0.72882295,0.031,1790184410.369
2197,01_names,get_prob,test_array,,0.72882295,0.031,1790184410.416
2198,01_names,get_prob,key_name,,1.2638406,0.047,1790184410.463
2199,01_names,get_prob,key_name,,1.2638406,0.031,1790184410.494
2200,01_names,get_prob,numeric,,0.87579495,0.031,1790184410.541
2201,01_names,get_prob,numeric,,0.87579495,0.031,1790184410.588
2202,01_names,get_prob,a,,0.4610094,0.031,1790184410.635
2203,01_names,get_prob,a,,0.4610094,0.031,1790184410.681
2204,01_names,get_prob,b,,-0.1169416,0.031,1790184410.728
2205,01_names,get_prob,b,,-0.1169416,0.031,1790184410.775
2206,01_names,get_prob,c,,0.42858198,0.031,1790184410.822
2207,01_names,get_prob,c,,0.42858198,0.031,1790184410.869
2208,01_names,get_prob,d,,-0.12066975,0.031,1790184410.916
2209,01_names,get_prob,d,,-0.12066975,0.031,1790184410.963
2210,01_names,get_prob,e,,0.3282585,0.031,1790184411.01
2211,01_names,get_prob,e,,0.3282585,0.047,1790184411.056
2212,01_names,get_prob,f,,0.15811853,0.031,1790184411.103
2213,01_names,get_prob,f,,0.15811853,0.031,1790184411.15
2214,01_names,get_prob,g,,0.065837264,0.047,1790184411.197
2215,01_names,get_prob,g,,0.065837264,0.031,1790184411.228
2216,01_names,get_prob,h,,0.012305427,0.031,1790184411.275
2217,01_names,get_prob,h,,0.012305427,0.031,1790184411.322
2218,01_names,get_prob,words,,0.6178927,0.031,1790184411.369
2219,01_names,get_prob,words,,0.6178927,0.031,1790184411.416
2220,01_names,get_prob,word_counts,,1.0369735,0.031,1790184411.463
2221,01_names,get_prob,word_counts,,1.0369735,0.031,1790184411.51
2222,01_names,get_prob,word,,0.66631925,0.031,1790184411.556
2223,01_names,get_prob,word,,0.66631925,0.031,1790184411.603
2224,01_names,get_prob,word_counts,,1.0369735,0.031,1790184411.65
2225,01_names,get_prob,word_counts,,1.0369735,0.031,1790184411.697
2226,01_names,get_prob,word,,0.66631925,0.031,1790184411.744
2227,01_names,get_prob,word,,0.66631925,0.031,1790184411.791
2228,01_names,get_prob,matrix,,0.7203475,0.047,1790184411.838
2229,01_names,get_prob,matrix,,0.7203475,0.031,1790184411.869
2230,01_names,get_prob,flattened,,0.39489624,0.031,1790184411.916
2231,01_names,get_prob,flattened,,0.39489624,0.031,1790184411.963
2232,01_names,get_prob,row,,0.84982145,0.031,1790184412.01
2233,01_names,get_prob,row,,0.84982145,0.031,1790184412.057
2234,01_names,get_prob,item,,1.2382984,0.031,1790184412.104
2235,01_names,get_prob,item,,1.2382984,0.031,1790184412.151
2236,01_names,get_prob,my_list,,0.8988146,0.031,1790184412.198
2237,01_names,get_prob,my_list,,0.8988146,0.031,1790184412.245
2238,01_names,get_prob,my_tuple,,0.8337927,0.031,1790184412.291
2239,01_names,get_prob,my_tuple,,0.8337927,0.031,1790184412.338
2240,01_names,get_prob,my_set,,0.36260292,0.031,1790184412.385
2241,01_names,get_prob,my_set,,0.36260292,0.047,1790184412.432
2242,01_names,get_prob,combined,,-0.15813932,0.031,1790184412.463
2243,01_names,get_prob,combined,,-0.15813932,0.031,1790184412.51
2244,01_names,get_prob,item,,1.2382984,0.031,1790184412.557
2245,01_names,get_prob,item,,1.2382984,0.031,1790184412.604
2246,01_names,get_prob,dict_a,,1.024633,0.031,1790184412.651
2247,01_names,get_prob,dict_a,,1.024633,0.031,1790184412.698
2248,01_names,get_prob,dict_b,,0.7233559,0.031,1790184412.744
2249,01_names,get_prob,dict_b,,0.7233559,0.031,1790184412.791
2250,01_names,get_prob,all_values,,0.7221309,0.031,1790184412.838
2251,01_names,get_prob,all_values,,0.7221309,0.031,1790184412.885
2252,01_names,get_prob,all_values_,,0.77238274,0.031,1790184412.932
2253,01_names,get_prob,all_values_,,0.77238274,0.031,1790184412.979
2254,01_names,get_prob,target_dir,,0.51222235,0.031,1790184413.026
2255,01_names,get_prob,target_dir,,0.51222235,0.031,1790184413.073
2256,01_names,get_prob,txt_files,,1.1953803,0.031,1790184413.119
2257,01_names,get_prob,txt_files,,1.1953803,0.047,1790184413.166
2258,01_names,get_prob,filename,,0.80900127,0.031,1790184413.198
2259,01_names,get_prob,filename,,0.80900127,0.031,1790184413.244
2260,01_names,get_prob,full_path,,0.6326454,0.031,1790184413.291
2261,01_names,get_prob,full_path,,0.6326454,0.031,1790184413.338
2262,01_names,get_prob,user,,0.40211695,0.031,1790184413.385
2263,01_names,get_prob,user,,0.40211695,0.031,1790184413.432
2264,01_names,get_prob,setting_key,,0.8677042,0.031,1790184413.479
2265,01_names,get_prob,setting_key,,0.8677042,0.031,1790184413.526
2266,01_names,get_prob,value,,0.7981349,0.031,1790184413.573
2267,01_names,get_prob,value,,0.7981349,0.031,1790184413.619
2268,01_names,get_prob,value,,0.7981349,0.031,1790184413.666
2269,01_names,get_prob,value,,0.7981349,0.031,1790184413.713
2270,01_names,get_prob,value,,0.7981349,0.031,1790184413.76
2271,01_names,get_prob,value,,0.7981349,0.031,1790184413.807
2272,01_names,get_prob,value,,0.7981349,0.031,1790184413.854
2273,01_names,get_prob,value,,0.7981349,0.031,1790184413.901
2274,01_names,get_prob,test,,-0.26927182,0.047,1790184413.948
2275,01_names,get_prob,test,,-0.26927182,0.047,1790184413.994
2276,01_names,get_prob,value,,0.7981349,0.031,1790184414.026
2277,01_names,get_prob,value,,0.7981349,0.031,1790184414.073
2278,01_names,get_prob,text,,0.40855396,0.031,1790184414.119
2279,01_names,get_prob,text,,0.40855396,0.031,1790184414.166
2280,01_names,get_prob,bad_compile,,0.61942494,0.031,1790184414.213
2281,01_names,get_prob,bad_compile,,0.61942494,0.031,1790184414.26
2282,01_names,get_prob,bad_match,,0.5126725,0.031,1790184414.307
2283,01_names,get_prob,bad_match,,0.5126725,0.031,1790184414.354
2284,01_names,get_prob,bad_search,,0.37461022,0.031,1790184414.401
2285,01_names,get_prob,bad_search,,0.37461022,0.031,1790184414.448
2286,01_names,get_prob,bad_fullmatch,,0.4302423,0.031,1790184414.494
2287,01_names,get_prob,bad_fullmatch,,0.4302423,0.031,1790184414.541
2288,01_names,get_prob,bad_findall,,0.7304841,0.031,1790184414.588
2289,01_names,get_prob,bad_findall,,0.7304841,0.031,1790184414.635
2290,01_names,get_prob,bad_finditer,,0.76498115,0.031,1790184414.682
2291,01_names,get_prob,bad_finditer,,0.76498115,0.031,1790184414.729
2292,01_names,get_prob,bad_split,,0.45601165,0.031,1790184414.776
2293,01_names,get_prob,bad_split,,0.45601165,0.031,1790184414.822
2294,01_names,get_prob,bad_sub,,0.27150258,0.047,1790184414.869
2295,01_names,get_prob,bad_sub,,0.27150258,0.047,1790184414.916
2296,01_names,get_prob,f,,0.15811853,0.031,1790184414.947
2297,01_names,get_prob,f,,0.15811853,0.031,1790184414.994
2298,01_names,get_prob,function,,0.33014843,0.031,1790184415.041
2299,01_names,get_prob,function,,0.33014843,0.031,1790184415.088
2300,01_names,get_prob,distance,,0.2934983,0.031,1790184415.135
2301,01_names,get_prob,distance,,0.2934983,0.031,1790184415.182
2302,01_names,get_prob,function_result,,0.84640694,0.031,1790184415.229
2303,01_names,get_prob,function_result,,0.84640694,0.031,1790184415.276
2304,01_names,get_prob,test_str,,0.34257308,0.031,1790184415.323
2305,01_names,get_prob,test_str,,0.34257308,0.031,1790184415.37
2306,01_names,get_prob,test_func,,0.43333438,0.031,1790184415.416
2307,01_names,get_prob,test_func,,0.43333438,0.031,1790184415.463
2308,01_names,get_prob,test_func2,,0.47659072,0.031,1790184415.51
2309,01_names,get_prob,test_func2,,0.47659072,0.031,1790184415.557
2310,01_names,get_prob,__init__,,0.30625317,0.031,1790184415.604
2311,01_names,get_prob,__init__,,0.30625317,0.031,1790184415.651
2312,01_names,get_prob,test_function,,0.29715547,0.031,1790184415.698
2313,01_names,get_prob,test_function,,0.29715547,0.031,1790184415.744
2314,01_names,get_prob,num,,0.56448984,0.031,1790184415.791
2315,01_names,get_prob,num,,0.56448984,0.031,1790184415.838
2316,01_names,get_prob,num,,0.56448984,0.031,1790184415.885
2317,01_names,get_prob,num,,0.56448984,0.031,1790184415.932
2318,01_names,get_prob,num,,0.56448984,0.031,1790184415.979
2319,01_names,get_prob,num,,0.56448984,0.031,1790184416.026
2320,01_names,get_prob,num,,0.56448984,0.031,1790184416.073
2321,01_names,get_prob,num,,0.56448984,0.031,1790184416.119
2322,01_names,get_prob,num,,0.56448984,0.031,1790184416.166
2323,01_names,get_prob,num,,0.56448984,0.031,1790184416.213
2324,01_names,get_prob,num,,0.56448984,0.031,1790184416.26
2325,01_names,get_prob,num,,0.56448984,0.047,1790184416.307
2326,01_names,get_prob,age,,0.76634496,0.047,1790184416.354
2327,01_names,get_prob,age,,0.76634496,0.031,1790184416.385
2328,01_names,get_prob,balance,,0.26530617,0.031,1790184416.432
2329,01_names,get_prob,balance,,0.26530617,0.031,1790184416.479
2330,01_names,get_prob,db_response,,0.98936236,0.031,1790184416.526
2331,01_names,get_prob,db_response,,0.98936236,0.031,1790184416.573
2332,01_names,get_prob,str,,-0.024533365,0.031,1790184416.619
2333,01_names,get_prob,str,,-0.024533365,0.031,1790184416.666
2334,01_names,get_prob,int,,0.25891548,0.031,1790184416.713
2335,01_names,get_prob,int,,0.25891548,0.031,1790184416.76
2336,01_names,get_prob,sum,,0.11381921,0.031,1790184416.807
2337,01_names,get_prob,sum,,0.11381921,0.031,1790184416.854
2338,01_names,get_prob,item,,1.2382984,0.031,1790184416.901
2339,01_names,get_prob,item,,1.2382984,0.031,1790184416.948
2340,01_names,get_prob,sum,,0.11381921,0.031,1790184416.994
2341,01_names,get_prob,sum,,0.11381921,0.031,1790184417.041
2342,01_names,get_prob,result,,0.3177913,0.031,1790184417.088
2343,01_names,get_prob,result,,0.3177913,0.031,1790184417.135
2344,01_names,get_prob,dict,,0.6149095,0.031,1790184417.182
2345,01_names,get_prob,dict,,0.6149095,0.031,1790184417.229
2346,01_names,get_prob,abs,,-0.04432982,0.031,1790184417.276
2347,01_names,get_prob,abs,,-0.04432982,0.031,1790184417.323
2348,01_names,get_prob,func_test,,0.42902258,0.031,1790184417.369
2349,01_names,get_prob,func_test,,0.42902258,0.031,1790184417.416
2350,01_names,get_prob,create_user,,0.12839991,0.047,1790184417.463
2351,01_names,get_prob,create_user,,0.12839991,0.047,1790184417.51
2352,01_names,get_prob,add_to_list,,0.7166599,0.047,1790184417.557
2353,01_names,get_prob,add_to_list,,0.7166599,0.031,1790184417.588
2354,01_names,get_prob,configure_settings,,0.28471547,0.031,1790184417.635
2355,01_names,get_prob,configure_settings,,0.28471547,0.031,1790184417.682
2356,01_names,get_prob,create_user_1,,0.42734152,0.031,1790184417.729
2357,01_names,get_prob,create_user_1,,0.42734152,0.031,1790184417.776
2358,01_names,get_prob,add_to_list_1,,0.76113045,0.031,1790184417.823
2359,01_names,get_prob,add_to_list_1,,0.76113045,0.031,1790184417.869
2360,01_names,get_prob,configure_settings_1,,-0.0392454,0.031,1790184417.916
2361,01_names,get_prob,configure_settings_1,,-0.0392454,0.031,1790184417.963
2362,01_names,get_prob,get_user_age,,0.5223817,0.031,1790184418.01
2363,01_names,get_prob,get_user_age,,0.5223817,0.031,1790184418.057
2364,01_names,get_prob,process_payment,,1.1812035,0.031,1790184418.104
2365,01_names,get_prob,process_payment,,1.1812035,0.031,1790184418.151
2366,01_names,get_prob,fetch_from_database,,0.8397274,0.031,1790184418.197
2367,01_names,get_prob,fetch_from_database,,0.8397274,0.031,1790184418.244
2368,01_names,get_prob,get_active_user_profile,,-0.38470665,0.031,1790184418.291
2369,01_names,get_prob,get_active_user_profile,,-0.38470665,0.031,1790184418.338
2370,01_names,get_prob,calculate_items,,1.0421633,0.031,1790184418.385
2371,01_names,get_prob,calculate_items,,1.0421633,0.031,1790184418.432
2372,01_names,get_prob,base_price,,0.8467369,0.031,1790184418.479
2373,01_names,get_prob,base_price,,0.8467369,0.031,1790184418.526
2374,01_names,get_prob,shipping_fee,,0.78918624,0.031,1790184418.572
2375,01_names,get_prob,shipping_fee,,0.78918624,0.031,1790184418.619
2376,01_names,get_prob,shipping_fee,,0.78918624,0.031,1790184418.666
2377,01_names,get_prob,shipping_fee,,0.78918624,0.031,1790184418.713
2378,01_names,get_prob,total,,0.20195241,0.031,1790184418.76
2379,01_names,get_prob,total,,0.20195241,0.031,1790184418.807
2380,01_names,get_prob,shipping,,0.7272923,0.031,1790184418.854
2381,01_names,get_prob,shipping,,0.7272923,0.031,1790184418.901
2382,01_names,get_prob,item_name,,1.4580284,0.031,1790184418.947
2383,01_names,get_prob,item_name,,1.4580284,0.031,1790184418.994
2384,01_names,get_prob,price,,0.51865816,0.031,1790184419.041
2385,01_names,get_prob,price,,0.51865816,0.031,1790184419.088
2386,01_names,get_prob,quantity,,0.7388471,0.031,1790184419.135
2387,01_names,get_prob,quantity,,0.7388471,0.031,1790184419.182
2388,01_names,get_prob,address,,0.53015614,0.031,1790184419.229
2389,01_names,get_prob,address,,0.53015614,0.031,1790184419.276
2390,01_names,get_prob,my_pc,,0.91355765,0.031,1790184419.322
2391,01_names,get_prob,my_pc,,0.91355765,0.031,1790184419.369
2392,01_names,get_prob,phone,,0.65782976,0.031,1790184419.416
2393,01_names,get_prob,phone,,0.65782976,0.047,1790184419.463
2394,01_names,get_prob,my_list,,0.8988146,0.047,1790184419.51
2395,01_names,get_prob,my_list,,0.8988146,0.047,1790184419.557
2396,01_names,get_prob,calculate_total_price,,0.531619,0.047,1790184419.604
2397,01_names,get_prob,calculate_total_price,,0.531619,0.047,1790184419.651
2398,01_names,get_prob,calculate_shipping_fee,,0.2873846,0.031,1790184419.682
2399,01_names,get_prob,calculate_shipping_fee,,0.2873846,0.031,1790184419.729
2400,01_names,get_prob,print_order_summary,,1.0662209,0.031,1790184419.776
2401,01_names,get_prob,print_order_summary,,1.0662209,0.031,1790184419.822
2402,01_names,get_prob,__init__,,0.30625317,0.031,1790184419.869
2403,01_names,get_prob,__init__,,0.30625317,0.031,1790184419.916
2404,01_names,get_prob,process,,1.118456,0.031,1790184419.963
2405,01_names,get_prob,process,,1.118456,0.031,1790184420.01
2406,01_names,get_prob,calculate,,0.37047878,0.031,1790184420.072
2407,01_names,get_prob,calculate,,0.37047878,0.031,1790184420.119
2408,01_names,get_prob,send_notification,,0.5542584,0.031,1790184420.166
2409,01_names,get_prob,send_notification,,0.5542584,0.031,1790184420.213
2410,01_names,get_prob,send_notification,,0.5542584,0.031,1790184420.26
2411,01_names,get_prob,send_notification,,0.5542584,0.031,1790184420.307
2412,01_names,get_prob,calculate_discount,,0.42078963,0.031,1790184420.354
2413,01_names,get_prob,calculate_discount,,0.42078963,0.031,1790184420.4
2414,01_names,get_prob,check_permission,,0.29696622,0.031,1790184420.447
2415,01_names,get_prob,check_permission,,0.29696622,0.031,1790184420.494
2416,01_names,get_prob,__init__,,0.30625317,0.031,1790184420.541
2417,01_names,get_prob,__init__,,0.30625317,0.031,1790184420.588
2418,01_names,get_prob,_display_system,,0.95409316,0.031,1790184420.635
2419,01_names,get_prob,_display_system,,0.95409316,0.031,1790184420.682
2420,01_names,get_prob,__init__,,0.30625317,0.031,1790184420.729
2421,01_names,get_prob,__init__,,0.30625317,0.031,1790184420.775
2422,01_names,get_prob,__boot_kernel,,0.7260766,0.031,1790184420.822
2423,01_names,get_prob,__boot_kernel,,0.7260766,0.031,1790184420.869
2424,01_names,get_prob,__init__,,0.30625317,0.031,1790184420.916
2425,01_names,get_prob,__init__,,0.30625317,0.031,1790184420.963
2426,01_names,get_prob,__len__,,0.76748276,0.031,1790184421.01
2427,01_names,get_prob,__len__,,0.76748276,0.031,1790184421.057
2428,01_names,get_prob,process_user_data,,0.8547342,0.031,1790184421.104
2429,01_names,get_prob,process_user_data,,0.8547342,0.031,1790184421.15
2430,01_names,get_prob,order_consumer_ranking,,1.0565859,0.031,1790184421.197
2431,01_names,get_prob,order_consumer_ranking,,1.0565859,0.031,1790184421.244
2432,01_names,get_prob,send_welcome_email,,-0.1536054,0.031,1790184421.291
2433,01_names,get_prob,send_welcome_email,,-0.1536054,0.031,1790184421.338
2434,01_names,get_prob,process_user_data_v2,,0.7554528,0.031,1790184421.385
2435,01_names,get_prob,process_user_data_v2,,0.7554528,0.031,1790184421.432
2436,01_names,get_prob,process_user_data_batch,,0.9817454,0.031,1790184421.479
2437,01_names,get_prob,process_user_data_batch,,0.9817454,0.031,1790184421.525
2438,01_names,get_prob,rank_customer,,0.79498976,0.031,1790184421.572
2439,01_names,get_prob,rank_customer,,0.79498976,0.031,1790184421.619
2440,01_names,get_prob,test,,-0.26927182,0.031,1790184421.666
2441,01_names,get_prob,test,,-0.26927182,0.031,1790184421.713
2442,01_return_matched_with_func_name,get_embedding,simplified_body,,"[ 2.09132361e+00 -4.43119615e-01 -1.60222185e+00 -6.92912564e-02
 -1.23266184e+00  9.73150432e-01 -4",0.031,1790184423.424
2443,01_return_matched_with_func_name,get_embedding,simplify_code,,"[ 2.19339275e+00  3.13968390e-01 -9.64295626e-01  1.13483226e+00
 -2.33525729e+00  5.69507957e-01 -8",0.031,1790184423.471
2444,01_return_matched_with_func_name,get_similarity,simplified_body,simplify_code,0.6058444,0.109,1790184423.486
2445,01_return_matched_with_func_name,get_embedding,comment,,"[ 1.11543477e-01 -1.16797817e+00  1.42843771e+00  1.68815958e+00
 -5.39156020e-01  7.17494726e-01 -1",0.031,1790184423.549
2446,01_return_matched_with_func_name,get_embedding,extract_comment,,"[ 2.08620116e-01 -1.72655702e+00 -1.12655652e+00 -4.05505113e-02
 -1.11784697e+00  2.21349263e+00 -9",0.031,1790184423.596
2447,01_return_matched_with_func_name,get_similarity,comment,extract_comment,0.5521747,0.109,1790184423.611
2448,01_return_matched_with_func_name,get_embedding,comment,,"[ 1.11543477e-01 -1.16797817e+00  1.42843771e+00  1.68815958e+00
 -5.39156020e-01  7.17494726e-01 -1",0.04,1790184423.667
2449,01_return_matched_with_func_name,get_embedding,extract_comment,,"[ 2.08620116e-01 -1.72655702e+00 -1.12655652e+00 -4.05505113e-02
 -1.11784697e+00  2.21349263e+00 -9",0.031,1790184423.73
2450,01_return_matched_with_func_name,get_similarity,comment,extract_comment,0.5521747,0.118,1790184423.745
2451,01_return_matched_with_func_name,get_embedding,matched_lines,,"[ 2.55941367e+00  6.86399162e-01 -1.55537915e+00  1.61197281e+00
  5.74781358e-01 -2.38581204e+00  5",0.031,1790184423.808
2452,01_return_matched_with_func_name,get_embedding,check_regex_matched_lines,,"[ 5.23577452e-01  5.68482339e-01 -1.27585399e+00  8.66332948e-01
  7.03320384e-01 -1.26593375e+00  3",0.031,1790184423.866
2453,01_return_matched_with_func_name,get_similarity,matched_lines,check_regex_matched_lines,0.8286264,0.121,1790184423.881
2454,01_return_matched_with_func_name,get_embedding,next_level,,"[-1.76045477e+00 -1.06376958e+00  1.09190965e+00  4.28145468e-01
 -2.13918805e+00 -2.07481265e+00  7",0.031,1790184423.944
2455,01_return_matched_with_func_name,get_embedding,get_current_version,,"[ 1.25128731e-01 -5.66231191e-01  1.89012468e+00 -1.82755792e+00
  5.14475942e-01  1.11888802e+00  3",0.031,1790184423.991
2456,01_return_matched_with_func_name,get_similarity,next_level,get_current_version,0.26716197,0.109,1790184424.006
2457,01_return_matched_with_func_name,get_embedding,db_response,,"[-9.92654800e-01  7.76581585e-01 -1.64318538e+00  2.62944365e+00
 -8.71872783e-01  3.54933500e-01 -1",0.031,1790184424.069
2458,01_return_matched_with_func_name,get_embedding,fetch_from_database,,"[ 1.40009654e+00 -4.12106454e-01  3.33240367e-02  7.98209727e-01
 -9.88680780e-01  1.41193521e+00 -1",0.031,1790184424.116
2459,01_return_matched_with_func_name,get_similarity,db_response,fetch_from_database,0.58605474,0.109,1790184424.131
2460,01_return_matched_with_func_name,get_embedding,result,,"[ 8.1020278e-01 -9.6996850e-01 -2.1716909e+00  1.4019948e+00
 -7.7182847e-01  1.1590718e+00 -1.84942",0.031,1790184424.178
2461,01_return_matched_with_func_name,get_embedding,calculate_items,,"[ 2.37430501e+00 -1.75577295e+00 -2.07030845e+00  7.75694311e-01
 -1.50863394e-01 -2.08428934e-01 -2",0.031,1790184424.241
2462,01_return_matched_with_func_name,get_similarity,result,calculate_items,0.46255073,0.109,1790184424.256
2463,01_return_matched_with_func_name,get_embedding,total,,"[ 1.47232759e+00 -1.48434508e+00  6.23684943e-01  7.16668367e-01
 -1.61579001e+00 -4.32978421e-01 -3",0.031,1790184424.303
2464,01_return_matched_with_func_name,get_embedding,calculate_total_price,,"[ 8.00866485e-01 -1.90765011e+00  4.98771250e-01  4.34133977e-01
 -2.61866760e+00 -3.18056822e-01 -1",0.031,1790184424.35
2465,01_return_matched_with_func_name,get_similarity,total,calculate_total_price,0.51186574,0.094,1790184424.366
2466,01_return_matched_with_func_name,get_embedding,shipping,,"[ 2.09044647e+00 -1.14968002e+00 -8.77941310e-01  1.21244073e+00
 -3.80583197e-01  1.28501892e+00  5",0.031,1790184424.428
2467,01_return_matched_with_func_name,get_embedding,calculate_shipping_fee,,"[ 1.36322331e+00 -5.11041999e-01  7.43819654e-01  7.82591283e-01
 -2.57907605e+00  2.68825293e+00  1",0.031,1790184424.475
2468,01_return_matched_with_func_name,get_similarity,shipping,calculate_shipping_fee,0.26561463,0.109,1790184424.491
2469,01_func_docstring_single_responsibility,get_prob,Convert json-like format review result into human-friendly review style.,,0.42267936,0.109,1790184430.581
2470,01_func_docstring_docstring_and_name,get_embedding,convert_to_human_friendly_review,,"[ 1.00364141e-01  5.04790955e+01 -5.36798477e-01 -9.37835598e+00
  1.01426637e+00  4.51054335e+00  3",0.047,1790184430.644
2471,01_func_docstring_docstring_and_name,get_embedding,Convert json-like format review result into human-friendly review style.,,"[ 3.89051437e-02  5.13463516e+01 -1.21995056e+00 -1.82914753e+01
  2.47115731e+00  5.51083708e+00  4",0.062,1790184430.722
2472,01_func_docstring_docstring_and_name,get_similarity,convert_to_human_friendly_review,Convert json-like format review result into human-friendly review style.,0.8219802,0.141,1790184430.738
2473,01_func_docstring_single_responsibility,get_prob,Default code review function for Oh-LoRA 👱‍♀️ Code Assistant.,,0.73453057,0.047,1790184430.8
2474,01_func_docstring_docstring_and_name,get_embedding,default_code_review_func,,"[ 9.05774415e-01  5.13337784e+01 -9.45039868e-01 -1.33251743e+01
 -1.52097058e+00  5.83351493e-01 -1",0.047,1790184430.863
2475,01_func_docstring_docstring_and_name,get_embedding,Default code review function for Oh-LoRA 👱‍♀️ Code Assistant.,,"[ 2.50737786e-01  4.59271469e+01 -9.34776425e-01 -1.41291275e+01
  1.46139503e-01  6.01768112e+00 -3",0.047,1790184430.925
2476,01_func_docstring_docstring_and_name,get_similarity,default_code_review_func,Default code review function for Oh-LoRA 👱‍♀️ Code Assistant.,0.731652,0.125,1790184430.941
2477,01_func_docstring_single_responsibility,get_prob,"Return current version. Now, the current version is v1.2.6.",,0.61916506,0.047,1790184431.003
2478,01_func_docstring_docstring_and_name,get_embedding,get_current_version,,"[-4.07254553e+00  3.56327019e+01 -1.18053222e+00 -1.12864199e+01
 -2.30016637e+00  3.73841238e+00  1",0.047,1790184431.066
2479,01_func_docstring_docstring_and_name,get_embedding,"Return current version. Now, the current version is v1.2.6.",,"[-2.43074703e+00  3.01727467e+01 -1.25810182e+00 -2.76207981e+01
  1.39456868e+00  1.15162287e+01  5",0.047,1790184431.144
2480,01_func_docstring_docstring_and_name,get_similarity,get_current_version,"Return current version. Now, the current version is v1.2.6.",0.67770535,0.141,1790184431.16
2481,01_func_docstring_single_responsibility,get_prob,Return current version.,,0.05778326,0.047,1790184431.222
2482,01_func_docstring_docstring_and_name,get_embedding,get_current_ver,,"[-3.64163947e+00  3.69196930e+01 -1.15876770e+00 -9.07917976e+00
 -2.08068967e+00  3.57843304e+00  1",0.047,1790184431.285
2483,01_func_docstring_docstring_and_name,get_embedding,Return current version.,,"[-3.30447197e+00  3.29907455e+01 -1.59499133e+00 -1.77656212e+01
 -8.31958950e-01  6.24149036e+00  4",0.047,1790184431.347
2484,01_func_docstring_docstring_and_name,get_similarity,get_current_ver,Return current version.,0.8111788,0.141,1790184431.363
2485,01_func_docstring_single_responsibility,get_prob,Check if the code follows single responsibility rule and suggest improvement points.,,0.61570835,0.047,1790184431.425
2486,01_func_docstring_docstring_and_name,get_embedding,check_single_responsibility,,"[ 1.47449329e-01  4.52533455e+01  2.66038239e-01 -9.17267418e+00
 -2.70658135e+00  1.95579529e-02 -1",0.047,1790184431.488
2487,01_func_docstring_docstring_and_name,get_embedding,Check if the code follows single responsibility rule and suggest improvement points.,,"[-1.88355756e+00  4.58570786e+01  2.53629982e-01 -1.67423153e+01
  2.90357530e-01  6.23306608e+00 -2",0.047,1790184431.566
2488,01_func_docstring_docstring_and_name,get_similarity,check_single_responsibility,Check if the code follows single responsibility rule and suggest improvement points.,0.7253465,0.125,1790184431.566
2489,01_func_docstring_single_responsibility,get_prob,This is a docstring.,,1.25752,0.047,1790184431.628
2490,01_func_docstring_docstring_and_name,get_embedding,long_function_with_docstring,,"[ 9.68423545e-01  4.51160164e+01 -1.35232115e+00 -1.49504709e+01
 -2.99911022e-01  2.28503251e+00  9",0.047,1790184431.706
2491,01_func_docstring_docstring_and_name,get_embedding,This is a docstring.,,"[-2.32658178e-01  2.47642117e+01 -5.84764540e-01 -1.40448017e+01
  9.95099723e-01  6.17383575e+00  2",0.047,1790184431.769
2492,01_func_docstring_docstring_and_name,get_similarity,long_function_with_docstring,This is a docstring.,0.5782576,0.141,1790184431.785
2493,02_numeric_values_twice,get_embedding,    if len(replaced_newline_str) >= 40:,,"[ 1.55007136e+00 -2.02419543e+00 -7.81283796e-01  3.76045227e-01
 -1.66459215e+00 -1.72151819e-01 -5",0.047,1790184435.25
2494,02_numeric_values_twice,get_embedding,    if len(replaced_newline_str) >= 40:,,"[ 1.55007136e+00 -2.02419543e+00 -7.81283796e-01  3.76045227e-01
 -1.66459215e+00 -1.72151819e-01 -5",0.031,1790184435.297
2495,02_numeric_values_twice,get_embedding,                                 forward_lines: int = 5) -> None:,,"[ 2.74842858e+00 -6.04931056e-01 -1.34879124e+00  7.04010129e-01
  3.78341004e-02 -3.17210376e-01  1",0.047,1790184435.36
2496,02_numeric_values_twice,get_embedding,                                 forward_lines: int = 5) -> None:,,"[ 2.74842858e+00 -6.04931056e-01 -1.34879124e+00  7.04010129e-01
  3.78341004e-02 -3.17210376e-01  1",0.031,1790184435.406
2497,02_numeric_values_twice,get_embedding,                    if len(lines_to_show) > 40:,,"[ 5.69093712e-02 -2.59252453e+00 -1.93544388e+00 -3.89696985e-01
  1.16805696e+00 -8.73747766e-01 -1",0.031,1790184435.469
2498,02_numeric_values_twice,get_embedding,            if (len(current_if_elifs) >= 3,,"[-2.28204399e-01 -2.12814283e+00 -5.58526278e-01 -3.69628638e-01
  8.66187096e-01 -1.86100936e+00 -4",0.031,1790184435.516
2499,02_numeric_values_twice,get_embedding,            if (len(current_if_elifs) >= 3,,"[-2.28204399e-01 -2.12814283e+00 -5.58526278e-01 -3.69628638e-01
  8.66187096e-01 -1.86100936e+00 -4",0.031,1790184435.563
2500,02_numeric_values_twice,get_embedding,                elif line_idx - last_if_elif_line_idx >= 2:,,"[ 1.41049790e+00 -9.83549595e-01 -5.55101335e-01 -3.68144929e-01
  7.39305317e-01 -2.16924667e+00 -7",0.031,1790184435.625
2501,02_numeric_values_twice,get_embedding,                elif line_idx - last_if_elif_line_idx >= 2:,,"[ 1.41049790e+00 -9.83549595e-01 -5.55101335e-01 -3.68144929e-01
  7.39305317e-01 -2.16924667e+00 -7",0.031,1790184435.672
2502,02_numeric_values_twice,get_embedding,        cond_lcs_1 = lcs.size >= 7,,"[ 1.23183215e+00 -3.63128185e-01 -1.41792846e+00  2.48116955e-01
  1.02990973e+00 -8.46020341e-01 -6",0.031,1790184435.735
2503,02_numeric_values_twice,get_embedding,        cond_lcs_1 = lcs.size >= 7,,"[ 1.23183215e+00 -3.63128185e-01 -1.41792846e+00  2.48116955e-01
  1.02990973e+00 -8.46020341e-01 -6",0.031,1790184435.781
2504,02_numeric_values_twice,get_embedding,"        cond_lcs_2 = lcs.size >= 4 and lcs.size >= 0.5 * min(len(body_1_lines), len(body_2_lines))",,"[ 1.48330510e+00 -1.52715063e+00 -7.91357279e-01  1.09248435e+00
  3.99703860e-01 -9.22431231e-01  3",0.031,1790184435.828
2505,02_numeric_values_twice,get_embedding,"        cond_lcs_2 = lcs.size >= 4 and lcs.size >= 0.5 * min(len(body_1_lines), len(body_2_lines))",,"[ 1.48330510e+00 -1.52715063e+00 -7.91357279e-01  1.09248435e+00
  3.99703860e-01 -9.22431231e-01  3",0.031,1790184435.891
2506,02_numeric_values_twice,get_embedding,"        cond_lcs_3 = lcs.size >= 3 and lcs.size >= 0.75 * min(len(body_1_lines), len(body_2_lines))",,"[ 1.61969721e+00 -1.76832473e+00 -4.90112990e-01  1.11961079e+00
  4.13472444e-01 -8.27344716e-01  2",0.031,1790184435.938
2507,02_numeric_values_twice,get_embedding,                    if text_embedding_model.get_prob(line) >= 0.5:,,"[ 1.55239451e+00 -1.37412965e+00 -1.19685185e+00 -1.45498860e+00
 -7.40222931e-02  5.59884682e-02 -1",0.031,1790184436.0
2508,02_numeric_values_twice,get_embedding,                    if (include_same or log['name'] != info['name']) and cos_sim >= 0.95:,,"[ 2.13623500e+00  4.16690677e-01 -4.22899038e-01  1.72831845e-02
 -4.57485408e-01  4.80804086e-01 -7",0.031,1790184436.047
2509,02_numeric_values_twice,get_embedding,                    if (include_same or log['name'] != info['name']) and cos_sim >= 0.95:,,"[ 2.13623500e+00  4.16690677e-01 -4.22899038e-01  1.72831845e-02
 -4.57485408e-01  4.80804086e-01 -7",0.031,1790184436.094
2510,02_numeric_values_twice,get_embedding,                if text_embedding_model.get_prob(name) >= 0.5:,,"[ 1.39390075e+00 -1.50092006e+00 -1.07101703e+00 -1.67533827e+00
 -5.10652304e-01  6.36634827e-01 -1",0.047,1790184436.156
2511,02_numeric_values_twice,get_embedding,                    func_name = match.group(2),,"[ 1.06450546e+00 -6.20101333e-01 -1.63925874e+00  5.16840994e-01
 -1.31001687e+00  1.24948680e+00 -9",0.031,1790184436.203
2512,02_numeric_values_twice,get_embedding,"                    if text_embedding_model.get_similarity(var_name, func_name) < 0.5:",,"[ 1.36356199e+00 -1.10848188e+00 -2.64064860e+00 -3.24349582e-01
 -1.73425055e+00  5.04352212e-01 -6",0.031,1790184436.266
2513,02_numeric_values_twice,get_embedding,                if text_embedding_model_single_responsibility.get_prob(item['docstring']) >= 0.5:,,"[ 9.37275171e-01 -1.79424393e+00 -9.26940382e-01 -7.19455957e-01
 -4.61489350e-01  6.38271570e-01 -1",0.031,1790184436.313
2514,02_numeric_values_twice,get_embedding,"                if text_embedding_model_docstring_and_name.get_similarity(item['name'], item['docstring']) >= 0.5:",,"[ 2.04211330e+00 -1.90536869e+00 -1.74395585e+00 -1.01249349e+00
 -1.52551079e+00  7.93151140e-01 -1",0.031,1790184436.36
2515,02_numeric_values_twice,get_embedding,                if text_embedding_model.get_prob(comment) >= 0.5:,,"[ 8.60424936e-01 -1.68899465e+00 -1.25703549e+00 -9.91167068e-01
 -5.15204847e-01  3.10127497e-01 -1",0.047,1790184436.422
2516,02_numeric_values_twice,get_embedding,                if text_embedding_model.get_prob(line) >= 0.5:,,"[ 1.54638982e+00 -1.33598220e+00 -1.24791098e+00 -1.47012913e+00
 -1.51499182e-01  2.11339705e-02 -1",0.031,1790184436.469
2517,02_numeric_values_twice,get_embedding,                if required_file == 'pyproject.toml' and len(self.py_codes.keys()) < 3:,,"[ 1.68135786e+00 -1.20064545e+00  2.20123261e-01  1.59324098e+00
  1.92055218e-02  2.97864854e-01 -1",0.031,1790184436.531
2518,02_numeric_values_twice,get_embedding,"                if func_length >= 10 and not item.get('docstring', None):",,"[ 3.88963848e-01 -6.88816071e-01 -7.20330596e-01  1.49605489e+00
 -2.33763742e+00  4.87648100e-01 -1",0.031,1790184436.578
2519,02_numeric_values_twice,get_embedding,"                if func_length >= 10 and not item.get('docstring', None):",,"[ 3.88963848e-01 -6.88816071e-01 -7.20330596e-01  1.49605489e+00
 -2.33763742e+00  4.87648100e-01 -1",0.031,1790184436.641
2520,02_numeric_values_twice,get_embedding,                if current_depth - current_base_indent >= 4 and is_valid_code(line):,,"[ 1.71999979e+00 -1.94834864e+00 -6.47298172e-02  1.00456931e-01
 -7.41222620e-01 -1.18153311e-01 -1",0.047,1790184436.688
2521,02_numeric_values_twice,get_embedding,"            match_func=lambda x: check_a_in_b(a=x[0], b=x[3]))",,"[ 1.21531951e+00  6.61373138e-01 -1.52217352e+00  5.25823534e-01
 -5.61575890e-01  7.14241266e-01 -4",0.031,1790184436.734
2522,02_numeric_values_twice,get_embedding,"            match_func=lambda x: check_a_in_b(a=x[0], b=x[2]) and check_a_in_b(a=x[0], b=x[4]))",,"[ 1.07870722e+00  1.15722321e-01 -1.13943255e+00  8.27618182e-01
 -2.10150853e-01  8.55262458e-01 -2",0.031,1790184436.797
2523,02_numeric_values_twice,get_embedding,"            match_func=lambda x: x[0] == x[3] and check_a_in_b(a=x[1], b=x[4]))",,"[ 8.93215954e-01  5.75357139e-01 -1.27704644e+00  8.09935451e-01
 -7.00805962e-01  1.27203190e+00 -3",0.031,1790184436.844
2524,02_numeric_values_twice,get_embedding,"            regex=rf'.*([{QUOTES}])(?:[a-zA-Z]:)?[/\\]*(?:[^/\\\r\n]+[/\\]+)+[^/\\\r\n]+\.[a-zA-Z0-9]+([{QUOTES}])',",,"[ 1.86789775e+00  1.19550399e-01  3.93790901e-01  8.42118680e-01
 -2.22259760e+00  8.59513164e-01 -1",0.031,1790184436.906
2525,02_numeric_values_twice,get_embedding,"            regex=rf'.*([{QUOTES}])(?:[a-zA-Z]:)?[/\\]*(?:[^/\\\r\n]+[/\\]+)+[^/\\\r\n]+\.[a-zA-Z0-9]+([{QUOTES}])',",,"[ 1.86789775e+00  1.19550399e-01  3.93790901e-01  8.42118680e-01
 -2.22259760e+00  8.59513164e-01 -1",0.031,1790184436.953
2526,02_numeric_values_twice,get_embedding,"            match_func=lambda x: len(x) >= 7 and x[0] == x[5] and x[1] != x[6] and x[2] in x[4],",,"[ 6.19293869e-01 -4.64493543e-01 -1.03453815e+00  6.52462423e-01
  4.72822428e-01  5.67679226e-01 -1",0.031,1790184437.0
2527,02_numeric_values_twice,get_embedding,            forward_lines=7),,"[ 2.10033345e+00 -1.83809710e+00 -1.30792034e+00  3.48831177e-01
 -2.51619443e-02 -1.21774387e+00 -3",0.031,1790184437.219
2528,02_numeric_values_twice,get_embedding,            idx_matched = matched[0] == matched[3] and matched[3] == matched[5],,"[ 9.57021415e-01 -1.94734320e-01 -1.60111177e+00  4.65298057e-01
  2.31980473e-01 -7.66150355e-02  8",0.031,1790184437.281
2529,02_numeric_values_twice,get_embedding,            name_matched = matched[1] == f'len({matched[2]})' or matched[1] == f'len({matched[4]})',,"[ 9.74676609e-01 -4.57124621e-01 -1.40956545e+00  6.14209414e-01
 -1.13545530e-01  5.45003772e-01 -6",0.031,1790184437.328
2530,02_numeric_values_twice,get_embedding,"                   2 * r""[\s\S]*?([a-zA-Z_][a-zA-Z0-9_]*)\s*\[\s*([a-zA-Z_][a-zA-Z0-9_]*)\s*\]""),",,"[ 1.30391860e+00 -9.53786913e-03 -3.16130847e-01  2.20254928e-01
 -1.36992753e+00  6.99058771e-01 -8",0.031,1790184437.391
2531,02_numeric_values_twice,get_embedding,"                   r""(?:(?:([a-zA-Z_][a-zA-Z0-9_]*)\s*=\s*\2\.read\s*\((\s*)\))|(?:\2\.write\s*\((.*?)\)))""))",,"[ 1.83614564e+00  5.48289180e-01 -5.26518859e-02  1.03704226e+00
 -1.41369355e+00  1.29285860e+00 -1",0.047,1790184437.438
2532,02_numeric_values_twice,get_embedding,"            regex=rf"".*?{ANY_CONST_OR_VAR}\s+in\s+([\w.]+)\s+and\s+\2\s*\[\s*\1\s*\]"")",,"[ 1.35683358e+00  1.08821070e+00 -7.01093078e-01  1.01217234e+00
 -1.14587665e+00  8.01495910e-01 -1",0.031,1790184437.484
2533,02_numeric_values_twice,get_embedding,"                   rf""\s*\n\s*if\s+\2\s*==\s*{ANY_CONST_OR_VAR}\s*:\s*\n\s*\1\s*\+=\s*1""))",,"[ 2.17503881e+00  8.39767933e-01  1.12494707e+00  1.09472847e+00
 -1.00240421e+00  1.27195239e+00 -1",0.031,1790184437.547
2534,02_numeric_values_twice,get_embedding,"                   rf""for\s+\2\s+in\s+([\w.]+)\s+if\s+\2\s*==\s*{ANY_CONST_OR_VAR}\s*\]\s*\)""))",,"[ 1.56549013e+00  5.80802441e-01 -1.25260651e-01  1.06845212e+00
 -1.75735033e+00  9.58784223e-01 -8",0.031,1790184437.594
2535,02_numeric_values_twice,get_embedding,"                   rf""\s*if\s+\4\s*\[\s*\3\s*\]\s*==\s*{ANY_CONST_OR_VAR}\s*:\s*\n"" +",,"[ 1.68987501e+00  3.93196851e-01  9.47646275e-02  8.50887537e-01
 -7.03049779e-01  3.97055089e-01 -1",0.031,1790184437.656
2536,02_numeric_values_twice,get_embedding,"                   r""\s*([\w.]+)\s*=\s*\3\s*\n\s*break""),",,"[ 9.90700245e-01 -1.02989364e+00  1.64068401e-01  7.06371963e-01
 -1.15151429e+00  5.94048381e-01 -8",0.031,1790184437.703
2537,02_numeric_values_twice,get_embedding,            forward_lines=10),,"[ 2.19375086e+00 -1.54025352e+00 -1.33438516e+00  4.30207193e-01
  4.37383866e-03 -1.30358636e+00 -4",0.031,1790184437.75
2538,02_numeric_values_twice,get_embedding,"            regex=(r"".*?([\w.]+)\s*=\s*next\s*\(\s*([\w.]+)\s+for\s+\2\s*,\s*([\w.]+)\s+"" +",,"[ 1.69050181e+00 -1.42311931e+00 -1.34634912e+00  7.84681201e-01
 -8.71139407e-01  9.59647119e-01 -4",0.047,1790184437.813
2539,02_numeric_values_twice,get_embedding,"                   rf""in\s+enumerate\s*\(\s*([\w.]+)\s*\)\s+if\s+\3\s*==\s*{ANY_CONST_OR_VAR}""))",,"[ 9.90789235e-01 -7.69098401e-02 -5.05557179e-01  5.31151831e-01
 -8.35439026e-01 -5.32108843e-01 -1",0.031,1790184437.859
2540,02_numeric_values_twice,get_embedding,"                   rf""\s*if\s+\3\s*\[\s*\1\s*\]\s*==\s*{ANY_CONST_OR_VAR}\s*:\s*\n"" +",,"[ 1.74244142e+00  7.18944788e-01  3.43195949e-04  6.54608250e-01
 -1.19875526e+00  3.86626989e-01 -1",0.031,1790184437.922
2541,02_numeric_values_twice,get_embedding,            forward_lines=10),,"[ 2.19375086e+00 -1.54025352e+00 -1.33438516e+00  4.30207193e-01
  4.37383866e-03 -1.30358636e+00 -4",0.031,1790184437.969
2542,02_numeric_values_twice,get_embedding,"            regex=r"".*?(sum|max|min)\s*\(\s*([\w.]+)\s*\(\s*([\w.]+)\s*\)\s+for\s+\3\s+in[^\n]*\)"",",,"[ 1.34369051e+00 -2.49041080e-01 -1.94737339e+00  5.09678543e-01
 -3.48894417e-01  8.79932284e-01 -4",0.031,1790184438.031
2543,02_numeric_values_twice,get_embedding,            match_func=lambda x: x[1] == x[4]),,"[ 8.74033868e-01 -2.09959537e-01 -1.60430300e+00  7.93314159e-01
 -8.59756291e-01  9.73331630e-01 -1",0.031,1790184438.078
2544,02_numeric_values_twice,get_embedding,"            regex=rf""([\w.]+)\s*\.\s*sort\s*\(\s*key\s*=\s*lambda\s+([\w.]+)\s*:\s*\2\s*\[{ANY_CONST_OR_VAR}\]\)"")",,"[ 1.56832564e+00  3.59972805e-01 -1.12406886e+00  1.30987048e+00
 -2.76148748e+00  1.16792917e+00 -1",0.031,1790184438.141
2545,02_numeric_values_twice,get_embedding,"                   r""\s*\3\s*\[\s*\1\s*\]\s*\+=\s*1\s*\n"" +",,"[ 1.22625887e+00 -3.02299857e-01  2.65112102e-01  4.80401874e-01
 -1.01872194e+00  6.04303122e-01 -1",0.047,1790184438.188
2546,02_numeric_values_twice,get_embedding,"                   r""\s*\3\s*\[\s*\1\s*\]\s*=\s*1""),",,"[ 1.21610069e+00  2.37182993e-02  2.02037707e-01  3.36269855e-01
 -8.78646195e-01  9.25940692e-01 -1",0.031,1790184438.234
2547,02_numeric_values_twice,get_embedding,            forward_lines=10),,"[ 2.19375086e+00 -1.54025352e+00 -1.33438516e+00  4.30207193e-01
  4.37383866e-03 -1.30358636e+00 -4",0.031,1790184438.297
2548,02_numeric_values_twice,get_embedding,"                   r""\s*([\w.]+)\s*\[\s*\1\s*\]\s*=\s*\3\s*\.\s*get\s*\(\s*\1\s*,\s*0\s*\)\s*\+\s*1""))",,"[ 1.40554345e+00  7.03294575e-01 -1.15821466e-01  5.97246230e-01
 -1.26326597e+00  8.78138363e-01 -8",0.036,1790184438.349
2549,02_numeric_values_twice,get_embedding,        # 2. itertools.chain,,"[ 1.88720524e+00 -6.76928818e-01 -1.35645151e+00  5.94988585e-01
 -8.01281393e-01 -9.53179777e-01 -5",0.031,1790184438.396
2550,02_numeric_values_twice,get_embedding,"                   r"".*?.\s*append\s*\(\s*\3\s*\)""))",,"[ 1.65526843e+00 -1.81899929e+00 -7.51041993e-02  3.57806921e-01
 -3.01127642e-01  4.76358533e-01 -1",0.031,1790184438.458
2551,02_numeric_values_twice,get_embedding,        # 3. glob,,"[ 9.0738517e-01  1.0081631e+00 -1.1995329e-01 -1.2463398e-01
 -4.8312426e-01  2.7365801e-01 -8.53427",0.031,1790184438.505
2552,02_numeric_values_twice,get_embedding,                    if text_embedding_model_bindable.get_prob(arg_name_list) >= 0.5:,,"[ 1.16841102e+00 -1.28719831e+00 -8.62902164e-01 -1.12527251e+00
  1.25117265e-02  8.43262911e-01 -1",0.031,1790184438.567
2553,02_numeric_values_twice,get_embedding,                    if text_embedding_model_dynamic.get_prob(arg_name_list) >= 0.5:,,"[ 1.17225587e+00 -1.55879211e+00 -8.68417740e-01 -1.22361243e+00
 -9.72606093e-02  4.88000542e-01 -1",0.031,1790184438.614
2554,02_numeric_values_twice,get_embedding,            match_func=lambda x: x[2] == x[4]),,"[ 8.45264614e-01 -5.91154158e-01 -1.54019952e+00  7.58702576e-01
 -9.49109554e-01  1.02897525e+00  1",0.033,1790184438.663
2555,02_numeric_values_twice,get_embedding,"        self._add_regex_matched_lines(regex=r""^..*?([\w.]+)\s*\[(:[0-9]+|-[0-9]+:)\]\s*=="")",,"[ 8.82813036e-01 -9.93264318e-02 -8.10167909e-01  2.75444925e-01
 -2.52802998e-01  1.09143400e+00 -4",0.031,1790184438.726
2556,02_numeric_values_twice,get_embedding,                if duplicate_count_except_first >= 4:,,"[ 8.51039112e-01 -1.76885501e-01 -8.09899509e-01  8.72007668e-01
  1.06610620e+00 -1.26319635e+00 -1",0.031,1790184438.788
2557,02_numeric_values_twice,get_embedding,            return text_embedding_model.get_prob(text) >= 0.5,,"[ 1.44632483e+00 -1.47525930e+00 -1.30803084e+00 -1.78201544e+00
  9.26521868e-02  1.58106953e-01 -1",0.047,1790184438.851
2558,02_numeric_values_twice,get_embedding,"            embeddings_0, embeddings_1 = tee([info['embedding'] for info in func_names], 2)",,"[ 1.05703175e+00  4.23326492e-01 -1.07053101e+00  2.34413958e+00
 -1.82260394e+00  4.83446747e-01 -1",0.047,1790184438.913
2559,02_numeric_values_twice,get_embedding,                    if cos_sim >= 0.95:,,"[ 2.98357320e+00 -1.42612770e-01  6.26461685e-01  2.82992441e-02
  2.33044937e-01  8.35975409e-01 -9",0.031,1790184438.976
2560,02_numeric_values_twice,get_embedding,                    elif cos_sim < 0.75:,,"[ 2.52635360e+00 -3.78841013e-01  1.74158752e-01  1.00030303e-01
  7.68828765e-02  6.93325102e-01 -6",0.031,1790184439.022
2561,02_numeric_values_twice,get_embedding,                        elif idx_1 - first_similar_idx >= 2:,,"[ 1.96453357e+00 -7.32208133e-01 -1.23943138e+00 -3.13082993e-01
 -1.65264130e-01 -2.89575994e-01  3",0.031,1790184439.085
2562,02_numeric_values_maybe_const,get_prob,    if len(replaced_newline_str) >= 40:,,-0.03887432,0.031,1790184439.163
2563,02_numeric_values_maybe_const,get_prob,        return f'{replaced_newline_str[:16]}  ...  {replaced_newline_str[-16:]}',,-0.2984421,0.031,1790184439.21
2564,02_numeric_values_maybe_const,get_prob,                                 forward_lines: int = 5) -> None:,,-0.23995268,0.031,1790184439.257
2565,02_numeric_values_maybe_const,get_prob,                    if len(lines_to_show) > 40:,,-0.011111906,0.031,1790184439.304
2566,02_numeric_values_maybe_const,get_prob,                        lines_to_show = lines_to_show[:36] + ' ...',,0.07744714,0.031,1790184439.351
2567,02_numeric_values_maybe_const,get_prob,            if (len(current_if_elifs) >= 3,,0.092514,0.047,1790184439.413
2568,02_numeric_values_maybe_const,get_prob,                elif line_idx - last_if_elif_line_idx >= 2:,,-0.029535925,0.047,1790184439.46
2569,02_numeric_values_maybe_const,get_prob,        cond_lcs_1 = lcs.size >= 7,,-0.40481445,0.031,1790184439.507
2570,02_numeric_values_maybe_const,get_prob,"        cond_lcs_2 = lcs.size >= 4 and lcs.size >= 0.5 * min(len(body_1_lines), len(body_2_lines))",,-0.45244664,0.031,1790184439.554
2571,02_numeric_values_maybe_const,get_prob,"        cond_lcs_3 = lcs.size >= 3 and lcs.size >= 0.75 * min(len(body_1_lines), len(body_2_lines))",,-0.4502051,0.031,1790184439.601
2572,02_numeric_values_maybe_const,get_prob,                    if text_embedding_model.get_prob(line) >= 0.5:,,0.004959615,0.031,1790184439.647
2573,02_numeric_values_maybe_const,get_prob,            long_constant_value_info = {func: [info for info in info_list if len(str(info['name'])) >= 8],,-0.11177378,0.031,1790184439.694
2574,02_numeric_values_maybe_const,get_prob,                    if (include_same or log['name'] != info['name']) and cos_sim >= 0.95:,,-0.18670249,0.031,1790184439.741
2575,02_numeric_values_maybe_const,get_prob,                if text_embedding_model.get_prob(name) >= 0.5:,,-0.017869106,0.031,1790184439.788
2576,02_numeric_values_maybe_const,get_prob,                    func_name = match.group(2),,0.1872852,0.031,1790184439.835
2577,02_numeric_values_maybe_const,get_prob,"                    if text_embedding_model.get_similarity(var_name, func_name) < 0.5:",,0.041485168,0.031,1790184439.882
2578,02_numeric_values_maybe_const,get_prob,                if text_embedding_model_single_responsibility.get_prob(item['docstring']) >= 0.5:,,-0.04872424,0.031,1790184439.929
2579,02_numeric_values_maybe_const,get_prob,"                if text_embedding_model_docstring_and_name.get_similarity(item['name'], item['docstring']) >= 0.5:",,-0.1480906,0.031,1790184439.976
2580,02_numeric_values_maybe_const,get_prob,                if text_embedding_model.get_prob(comment) >= 0.5:,,-0.02906186,0.031,1790184440.022
2581,02_numeric_values_maybe_const,get_prob,                if text_embedding_model.get_prob(line) >= 0.5:,,-0.007672293,0.031,1790184440.069
2582,02_numeric_values_maybe_const,get_prob,                if required_file == 'pyproject.toml' and len(self.py_codes.keys()) < 3:,,-0.1346068,0.031,1790184440.116
2583,02_numeric_values_maybe_const,get_prob,"                if func_length >= 10 and not item.get('docstring', None):",,0.1825759,0.031,1790184440.163
2584,02_numeric_values_maybe_const,get_prob,                if current_depth - current_base_indent >= 4 and is_valid_code(line):,,-0.09234785,0.047,1790184440.226
2585,02_numeric_values_maybe_const,get_prob,"            match_func=lambda x: check_a_in_b(a=x[0], b=x[3]))",,-0.08813868,0.031,1790184440.272
2586,02_numeric_values_maybe_const,get_prob,"            match_func=lambda x: check_a_in_b(a=x[0], b=x[2]) and check_a_in_b(a=x[0], b=x[4]))",,-0.14235017,0.031,1790184440.319
2587,02_numeric_values_maybe_const,get_prob,"            match_func=lambda x: x[0] == x[3] and check_a_in_b(a=x[1], b=x[4]))",,-0.18389513,0.031,1790184440.366
2588,02_numeric_values_maybe_const,get_prob,"            regex=rf'.*([{QUOTES}])(?:[a-zA-Z]:)?[/\\]*(?:[^/\\\r\n]+[/\\]+)+[^/\\\r\n]+\.[a-zA-Z0-9]+([{QUOTES}])',",,-0.2527021,0.031,1790184440.413
2589,02_numeric_values_maybe_const,get_prob,"            match_func=lambda x: len(x) >= 7 and x[0] == x[5] and x[1] != x[6] and x[2] in x[4],",,-0.12847553,0.031,1790184440.46
2590,02_numeric_values_maybe_const,get_prob,            forward_lines=7),,-0.51664215,0.031,1790184440.507
2591,02_numeric_values_maybe_const,get_prob,            idx_matched = matched[0] == matched[3] and matched[3] == matched[5],,-0.14849111,0.031,1790184440.554
2592,02_numeric_values_maybe_const,get_prob,            name_matched = matched[1] == f'len({matched[2]})' or matched[1] == f'len({matched[4]})',,-0.045208402,0.031,1790184440.601
2593,02_numeric_values_maybe_const,get_prob,"                   2 * r""[\s\S]*?([a-zA-Z_][a-zA-Z0-9_]*)\s*\[\s*([a-zA-Z_][a-zA-Z0-9_]*)\s*\]""),",,-0.4028599,0.047,1790184440.663
2594,02_numeric_values_maybe_const,get_prob,            forward_lines=15),,-0.42927653,0.031,1790184440.71
2595,02_numeric_values_maybe_const,get_prob,"                   r""(?:(?:([a-zA-Z_][a-zA-Z0-9_]*)\s*=\s*\2\.read\s*\((\s*)\))|(?:\2\.write\s*\((.*?)\)))""))",,-0.19783252,0.031,1790184440.757
2596,02_numeric_values_maybe_const,get_prob,"            regex=rf"".*?{ANY_CONST_OR_VAR}\s+in\s+([\w.]+)\s+and\s+\2\s*\[\s*\1\s*\]"")",,-0.26679298,0.031,1790184440.804
2597,02_numeric_values_maybe_const,get_prob,"                   rf""\s*\n\s*if\s+\2\s*==\s*{ANY_CONST_OR_VAR}\s*:\s*\n\s*\1\s*\+=\s*1""))",,-0.2888554,0.031,1790184440.851
2598,02_numeric_values_maybe_const,get_prob,"                   rf""for\s+\2\s+in\s+([\w.]+)\s+if\s+\2\s*==\s*{ANY_CONST_OR_VAR}\s*\]\s*\)""))",,-0.15304074,0.031,1790184440.897
2599,02_numeric_values_maybe_const,get_prob,"                   rf""\s*if\s+\4\s*\[\s*\3\s*\]\s*==\s*{ANY_CONST_OR_VAR}\s*:\s*\n"" +",,-0.293998,0.031,1790184440.944
2600,02_numeric_values_maybe_const,get_prob,"                   r""\s*([\w.]+)\s*=\s*\3\s*\n\s*break""),",,-0.26240116,0.031,1790184440.991
2601,02_numeric_values_maybe_const,get_prob,            forward_lines=10),,-0.4202936,0.031,1790184441.038
2602,02_numeric_values_maybe_const,get_prob,"            regex=(r"".*?([\w.]+)\s*=\s*next\s*\(\s*([\w.]+)\s+for\s+\2\s*,\s*([\w.]+)\s+"" +",,-0.33351263,0.047,1790184441.101
2603,02_numeric_values_maybe_const,get_prob,"                   rf""in\s+enumerate\s*\(\s*([\w.]+)\s*\)\s+if\s+\3\s*==\s*{ANY_CONST_OR_VAR}""))",,-0.04063786,0.031,1790184441.147
2604,02_numeric_values_maybe_const,get_prob,"                   rf""\s*if\s+\3\s*\[\s*\1\s*\]\s*==\s*{ANY_CONST_OR_VAR}\s*:\s*\n"" +",,-0.24739817,0.031,1790184441.194
2605,02_numeric_values_maybe_const,get_prob,            forward_lines=10),,-0.4202936,0.031,1790184441.241
2606,02_numeric_values_maybe_const,get_prob,"            regex=r"".*?(sum|max|min)\s*\(\s*([\w.]+)\s*\(\s*([\w.]+)\s*\)\s+for\s+\3\s+in[^\n]*\)"",",,-0.09194227,0.031,1790184441.288
2607,02_numeric_values_maybe_const,get_prob,            match_func=lambda x: x[1] == x[4]),,-0.43454817,0.031,1790184441.335
2608,02_numeric_values_maybe_const,get_prob,"            regex=rf""([\w.]+)\s*\.\s*sort\s*\(\s*key\s*=\s*lambda\s+([\w.]+)\s*:\s*\2\s*\[{ANY_CONST_OR_VAR}\]\)"")",,-0.22485761,0.031,1790184441.382
2609,02_numeric_values_maybe_const,get_prob,"                   r""\s*\3\s*\[\s*\1\s*\]\s*\+=\s*1\s*\n"" +",,-0.38127565,0.031,1790184441.429
2610,02_numeric_values_maybe_const,get_prob,"                   r""\s*\3\s*\[\s*\1\s*\]\s*=\s*1""),",,-0.44761023,0.031,1790184441.475
2611,02_numeric_values_maybe_const,get_prob,            forward_lines=10),,-0.4202936,0.047,1790184441.538
2612,02_numeric_values_maybe_const,get_prob,"                   r""\s*([\w.]+)\s*\[\s*\1\s*\]\s*=\s*\3\s*\.\s*get\s*\(\s*\1\s*,\s*0\s*\)\s*\+\s*1""))",,-0.09712419,0.031,1790184441.585
2613,02_numeric_values_maybe_const,get_prob,        # 2. itertools.chain,,-0.18809187,0.031,1790184441.632
2614,02_numeric_values_maybe_const,get_prob,"                   r"".*?.\s*append\s*\(\s*\3\s*\)""))",,-0.1763808,0.031,1790184441.679
2615,02_numeric_values_maybe_const,get_prob,        # 3. glob,,-0.31274024,0.031,1790184441.725
2616,02_numeric_values_maybe_const,get_prob,                    if text_embedding_model_bindable.get_prob(arg_name_list) >= 0.5:,,-0.10640346,0.031,1790184441.772
2617,02_numeric_values_maybe_const,get_prob,                    if text_embedding_model_dynamic.get_prob(arg_name_list) >= 0.5:,,-0.28987986,0.031,1790184441.819
2618,02_numeric_values_maybe_const,get_prob,            match_func=lambda x: x[2] == x[4]),,-0.4109349,0.031,1790184441.866
2619,02_numeric_values_maybe_const,get_prob,"        self._add_regex_matched_lines(regex=r""^..*?([\w.]+)\s*\[(:[0-9]+|-[0-9]+:)\]\s*=="")",,-0.3305497,0.031,1790184441.913
2620,02_numeric_values_maybe_const,get_prob,                if duplicate_count_except_first >= 4:,,-0.29843268,0.047,1790184441.975
2621,02_numeric_values_maybe_const,get_prob,            return text_embedding_model.get_prob(text) >= 0.5,,-0.054675333,0.031,1790184442.022
2622,02_numeric_values_maybe_const,get_prob,"            embeddings_0, embeddings_1 = tee([info['embedding'] for info in func_names], 2)",,-0.088163175,0.031,1790184442.069
2623,02_numeric_values_maybe_const,get_prob,                    if cos_sim >= 0.95:,,-0.15900542,0.034,1790184442.119
2624,02_numeric_values_maybe_const,get_prob,                    elif cos_sim < 0.75:,,-0.09431424,0.031,1790184442.166
2625,02_numeric_values_maybe_const,get_prob,                        elif idx_1 - first_similar_idx >= 2:,,-0.42070943,0.031,1790184442.213
2626,02_numeric_values_twice,get_embedding,TEST_DUPLICATED = 10,,"[ 1.89713860e+00  6.42910153e-02  6.50671661e-01  1.31130791e+00
 -1.15290679e-01 -2.88284630e-01 -1",0.031,1790184442.26
2627,02_numeric_values_twice,get_embedding,TEST_DUPLICATED = 10,,"[ 1.89713860e+00  6.42910153e-02  6.50671661e-01  1.31130791e+00
 -1.15290679e-01 -2.88284630e-01 -1",0.047,1790184442.322
2628,02_numeric_values_twice,get_embedding,a = 300,,"[ 1.92925668e+00 -9.02139068e-01  1.55575216e+00  2.11398408e-01
 -1.59463334e+00  1.14593434e+00 -1",0.031,1790184442.369
2629,02_numeric_values_twice,get_embedding,a = 300,,"[ 1.92925668e+00 -9.02139068e-01  1.55575216e+00  2.11398408e-01
 -1.59463334e+00  1.14593434e+00 -1",0.031,1790184442.432
2630,02_numeric_values_twice,get_embedding,"nparray = np.array([0.1, 0.2, 0.3])",,"[ 2.22622132e+00 -8.34483743e-01 -4.32269461e-02  9.77068186e-01
 -1.91715729e+00  4.69109356e-01 -1",0.031,1790184442.479
2631,02_numeric_values_twice,get_embedding,"nparray = np.array([0.1, 0.2, 0.3])",,"[ 2.22622132e+00 -8.34483743e-01 -4.32269461e-02  9.77068186e-01
 -1.91715729e+00  4.69109356e-01 -1",0.031,1790184442.541
2632,02_numeric_values_twice,get_embedding,"nparray2 = np.array([0.1, 0.2, 0.3])",,"[ 2.40356970e+00 -6.49567008e-01 -3.64497341e-02  9.87176239e-01
 -1.86164320e+00  2.33242884e-01 -1",0.031,1790184442.588
2633,02_numeric_values_twice,get_embedding,    for i in range(10):,,"[ 1.27934492e+00 -1.19438660e+00 -4.61011708e-01  4.83963490e-01
  4.38167900e-01 -1.83535561e-01 -1",0.031,1790184442.65
2634,02_numeric_values_twice,get_embedding,python_code_no = 300,,"[ 2.13033247e+00 -1.42346308e-01  8.46597016e-01  1.32105792e+00
 -1.08120811e+00  8.35579753e-01 -1",0.031,1790184442.697
2635,02_numeric_values_twice,get_embedding,python_code_num = 300,,"[ 1.81751192e+00 -1.77412719e-01  1.28213930e+00  1.11358488e+00
 -1.09623575e+00  9.26856995e-01 -1",0.031,1790184442.76
2636,02_numeric_values_twice,get_embedding,# if a > 3:,,"[ 1.88925290e+00  3.67462277e-01  5.86669087e-01  7.94094622e-01
 -3.86458337e-01  1.37826276e+00 -1",0.031,1790184442.807
2637,02_numeric_values_twice,get_embedding,# if a > 3:,,"[ 1.88925290e+00  3.67462277e-01  5.86669087e-01  7.94094622e-01
 -3.86458337e-01  1.37826276e+00 -1",0.031,1790184442.869
2638,02_numeric_values_twice,get_embedding,# print(3),,"[ 1.97809041e+00 -6.46565333e-02  1.85352492e+00  1.04569411e+00
 -7.95841575e-01  1.34900177e+00 -1",0.031,1790184442.916
2639,02_numeric_values_maybe_const,get_prob,unused_variable = 123,,0.07518298,0.031,1790184442.978
2640,02_numeric_values_maybe_const,get_prob,TEST_DUPLICATED = 10,,0.25944808,0.031,1790184443.025
2641,02_numeric_values_maybe_const,get_prob,"logger.info(""3335555"")",,-0.27095634,0.031,1790184443.072
2642,02_numeric_values_maybe_const,get_prob,a = 300,,-0.4300251,0.031,1790184443.119
2643,02_numeric_values_maybe_const,get_prob,"nparray = np.array([0.1, 0.2, 0.3])",,-0.44427526,0.031,1790184443.166
2644,02_numeric_values_maybe_const,get_prob,"nparray2 = np.array([0.1, 0.2, 0.3])",,-0.46726292,0.031,1790184443.213
2645,02_numeric_values_maybe_const,get_prob,    for i in range(10):,,-0.100911416,0.031,1790184443.26
2646,02_numeric_values_maybe_const,get_prob,    for idx in range(20):,,-0.12703453,0.031,1790184443.307
2647,02_numeric_values_maybe_const,get_prob,"    Now, the current version is v1.2.6.",,0.28913426,0.047,1790184443.369
2648,02_numeric_values_maybe_const,get_prob,    return 'v1.2.6',,-0.03772614,0.031,1790184443.416
2649,02_numeric_values_maybe_const,get_prob,python_code_no = 300,,-0.26194787,0.031,1790184443.463
2650,02_numeric_values_maybe_const,get_prob,python_code_num = 300,,-0.5221827,0.031,1790184443.51
2651,02_numeric_values_maybe_const,get_prob,    # 3333,,-0.40470985,0.031,1790184443.557
2652,02_numeric_values_maybe_const,get_prob,# 1234,,-0.12935767,0.031,1790184443.603
2653,02_numeric_values_maybe_const,get_prob,# 5678,,-0.69618154,0.031,1790184443.65
2654,02_numeric_values_maybe_const,get_prob,# print(111),,-0.39305744,0.031,1790184443.697
2655,02_numeric_values_maybe_const,get_prob,# if a > 3:,,-0.22549768,0.031,1790184443.744
2656,02_numeric_values_maybe_const,get_prob,# print(3),,-0.04043401,0.047,1790184443.807
2657,02_numeric_values_maybe_const,get_prob,TEST_DUPLICATED = 10,,0.25944808,0.031,1790184443.853
2658,02_numeric_values_maybe_const,get_prob,    for idx in range(30):,,-0.09907431,0.031,1790184443.9
2659,02_numeric_values_maybe_const,get_prob,    return 'v1.2.7',,-0.05034166,0.031,1790184443.947
2660,02_numeric_values_maybe_const,get_prob,print(2 + len(str(logger))),,-0.21085219,0.031,1790184443.994
2661,02_numeric_values_twice,get_embedding,import tc01_02,,"[ 3.09571838e+00  1.53573358e+00 -8.54503363e-02  1.60205388e+00
 -6.75487399e-01 -1.43191099e-01 -8",0.031,1790184444.057
2662,02_numeric_values_twice,get_embedding,import tc01_02,,"[ 3.09571838e+00  1.53573358e+00 -8.54503363e-02  1.60205388e+00
 -6.75487399e-01 -1.43191099e-01 -8",0.031,1790184444.103
2663,02_numeric_values_twice,get_embedding,"print(without_type_hint(2025, 113, 'REBEL HEART'))",,"[ 2.93576688e-01 -1.24496028e-01  1.06620145e+00  7.71005452e-01
 -1.04946315e+00  1.22237444e+00 -1",0.031,1790184444.166
2664,02_numeric_values_twice,get_embedding,"print(without_type_hint(2025, 113, 'REBEL HEART'))",,"[ 2.93576688e-01 -1.24496028e-01  1.06620145e+00  7.71005452e-01
 -1.04946315e+00  1.22237444e+00 -1",0.031,1790184444.213
2665,02_numeric_values_twice,get_embedding,"print(with_type_hint(2025, 113, 'REBEL HEART'))",,"[ 7.56029844e-01 -2.83748031e-01  1.41992652e+00  1.07551551e+00
 -1.01619029e+00  1.44266582e+00 -1",0.031,1790184444.275
2666,02_numeric_values_twice,get_embedding,"    I, J, K, L = 2, 3, 4, 5",,"[ 1.51730824e+00 -5.22385776e-01  2.99797833e-01  7.61819422e-01
 -8.71176958e-01  5.55646598e-01 -8",0.031,1790184444.322
2667,02_numeric_values_twice,get_embedding,    for i in range(2):,,"[ 1.77733707e+00 -7.28180766e-01  4.20757681e-01  8.09707284e-01
  2.84418970e-01 -1.43387198e-01 -1",0.031,1790184444.385
2668,02_numeric_values_twice,get_embedding,        for j in range(3):,,"[ 1.68922806e+00 -1.29278505e+00  2.01008245e-01  6.62862420e-01
  6.96358502e-01  2.04181194e-01 -8",0.031,1790184444.432
2669,02_numeric_values_twice,get_embedding,            for k in range(4):,,"[ 1.56575775e+00 -1.15406609e+00  1.22779906e-01  9.91305351e-01
  4.01345909e-01  1.04696557e-01 -1",0.031,1790184444.494
2670,02_numeric_values_twice,get_embedding,                for l in range(5):,,"[ 1.58748603e+00 -1.58653879e+00 -5.58043122e-01  5.44833302e-01
  2.11683363e-01 -6.39877141e-01 -8",0.031,1790184444.541
2671,02_numeric_values_twice,get_embedding,"    I, J, K, L = 2, 3, 4, 5",,"[ 1.51730824e+00 -5.22385776e-01  2.99797833e-01  7.61819422e-01
 -8.71176958e-01  5.55646598e-01 -8",0.031,1790184444.603
2672,02_numeric_values_twice,get_embedding,    for i in range(2):,,"[ 1.77733707e+00 -7.28180766e-01  4.20757681e-01  8.09707284e-01
  2.84418970e-01 -1.43387198e-01 -1",0.031,1790184444.65
2673,02_numeric_values_twice,get_embedding,        for j in range(3):,,"[ 1.68922806e+00 -1.29278505e+00  2.01008245e-01  6.62862420e-01
  6.96358502e-01  2.04181194e-01 -8",0.031,1790184444.713
2674,02_numeric_values_twice,get_embedding,"                                   'bbb': 2,",,"[ 1.14852500e+00 -8.30813766e-01  3.30229461e-01  3.62089723e-01
 -1.61236095e+00  2.03966069e+00 -1",0.031,1790184444.76
2675,02_numeric_values_twice,get_embedding,                                   'ccc': 3},,"[ 2.14851665e+00  1.12532668e-01  6.94614425e-02  3.08152884e-01
 -1.91713583e+00  1.47239542e+00 -1",0.031,1790184444.806
2676,02_numeric_values_twice,get_embedding,    for i in range(2):,,"[ 1.77733707e+00 -7.28180766e-01  4.20757681e-01  8.09707284e-01
  2.84418970e-01 -1.43387198e-01 -1",0.047,1790184444.869
2677,02_numeric_values_twice,get_embedding,        for j in range(3):,,"[ 1.68922806e+00 -1.29278505e+00  2.01008245e-01  6.62862420e-01
  6.96358502e-01  2.04181194e-01 -8",0.031,1790184444.916
2678,02_numeric_values_twice,get_embedding,            for k in range(4):,,"[ 1.56575775e+00 -1.15406609e+00  1.22779906e-01  9.91305351e-01
  4.01345909e-01  1.04696557e-01 -1",0.047,1790184444.978
2679,02_numeric_values_twice,get_embedding,"                                       'bbb': 2,",,"[ 1.13060641e+00 -1.06963158e+00  4.46099818e-01  7.59269595e-01
 -1.60935628e+00  2.46725225e+00 -1",0.031,1790184445.025
2680,02_numeric_values_twice,get_embedding,                                       'ccc': 3},,"[ 2.08787513e+00  8.89505260e-03 -5.25036193e-02  3.90738010e-01
 -2.00296664e+00  1.63529420e+00 -1",0.047,1790184445.088
2681,02_numeric_values_twice,get_embedding,    for i in range(2):,,"[ 1.77733707e+00 -7.28180766e-01  4.20757681e-01  8.09707284e-01
  2.84418970e-01 -1.43387198e-01 -1",0.031,1790184445.135
2682,02_numeric_values_twice,get_embedding,        for j in range(3):,,"[ 1.68922806e+00 -1.29278505e+00  2.01008245e-01  6.62862420e-01
  6.96358502e-01  2.04181194e-01 -8",0.047,1790184445.197
2683,02_numeric_values_twice,get_embedding,            for k in range(4):,,"[ 1.56575775e+00 -1.15406609e+00  1.22779906e-01  9.91305351e-01
  4.01345909e-01  1.04696557e-01 -1",0.031,1790184445.244
2684,02_numeric_values_twice,get_embedding,                for l in range(5):,,"[ 1.58748603e+00 -1.58653879e+00 -5.58043122e-01  5.44833302e-01
  2.11683363e-01 -6.39877141e-01 -8",0.047,1790184445.306
2685,02_numeric_values_twice,get_embedding,    print(2),,"[ 1.74040031e+00  4.84979540e-01  1.28504002e+00  1.07533598e+00
 -7.85220504e-01  1.48424232e+00 -1",0.031,1790184445.353
2686,02_numeric_values_twice,get_embedding,    for i in range(10):,,"[ 1.27934492e+00 -1.19438660e+00 -4.61011708e-01  4.83963490e-01
  4.38167900e-01 -1.83535561e-01 -1",0.031,1790184445.416
2687,02_numeric_values_twice,get_embedding,    for i in range(10):,,"[ 1.27934492e+00 -1.19438660e+00 -4.61011708e-01  4.83963490e-01
  4.38167900e-01 -1.83535561e-01 -1",0.031,1790184445.463
2688,02_numeric_values_twice,get_embedding,        print(3),,"[ 1.92469490e+00  1.94025621e-01  1.22533476e+00  1.50401795e+00
 -2.99938470e-01  1.69675148e+00 -1",0.031,1790184445.525
2689,02_numeric_values_twice,get_embedding,    print(2),,"[ 1.74040031e+00  4.84979540e-01  1.28504002e+00  1.07533598e+00
 -7.85220504e-01  1.48424232e+00 -1",0.031,1790184445.572
2690,02_numeric_values_twice,get_embedding,    for i in range(10):,,"[ 1.27934492e+00 -1.19438660e+00 -4.61011708e-01  4.83963490e-01
  4.38167900e-01 -1.83535561e-01 -1",0.047,1790184445.635
2691,02_numeric_values_twice,get_embedding,        print(3),,"[ 1.92469490e+00  1.94025621e-01  1.22533476e+00  1.50401795e+00
 -2.99938470e-01  1.69675148e+00 -1",0.031,1790184445.681
2692,02_numeric_values_twice,get_embedding,    print(2),,"[ 1.74040031e+00  4.84979540e-01  1.28504002e+00  1.07533598e+00
 -7.85220504e-01  1.48424232e+00 -1",0.047,1790184445.744
2693,02_numeric_values_twice,get_embedding,    for i in range(10):,,"[ 1.27934492e+00 -1.19438660e+00 -4.61011708e-01  4.83963490e-01
  4.38167900e-01 -1.83535561e-01 -1",0.031,1790184445.791
2694,02_numeric_values_twice,get_embedding,        print(3),,"[ 1.92469490e+00  1.94025621e-01  1.22533476e+00  1.50401795e+00
 -2.99938470e-01  1.69675148e+00 -1",0.047,1790184445.853
2695,02_numeric_values_twice,get_embedding,    print(2),,"[ 1.74040031e+00  4.84979540e-01  1.28504002e+00  1.07533598e+00
 -7.85220504e-01  1.48424232e+00 -1",0.031,1790184445.9
2696,02_numeric_values_twice,get_embedding,    for i in range(10):,,"[ 1.27934492e+00 -1.19438660e+00 -4.61011708e-01  4.83963490e-01
  4.38167900e-01 -1.83535561e-01 -1",0.047,1790184445.963
2697,02_numeric_values_twice,get_embedding,        print(3),,"[ 1.92469490e+00  1.94025621e-01  1.22533476e+00  1.50401795e+00
 -2.99938470e-01  1.69675148e+00 -1",0.031,1790184446.01
2698,02_numeric_values_twice,get_embedding,    print(2),,"[ 1.74040031e+00  4.84979540e-01  1.28504002e+00  1.07533598e+00
 -7.85220504e-01  1.48424232e+00 -1",0.047,1790184446.072
2699,02_numeric_values_twice,get_embedding,    for i in range(10):,,"[ 1.27934492e+00 -1.19438660e+00 -4.61011708e-01  4.83963490e-01
  4.38167900e-01 -1.83535561e-01 -1",0.031,1790184446.119
2700,02_numeric_values_twice,get_embedding,        print(3),,"[ 1.92469490e+00  1.94025621e-01  1.22533476e+00  1.50401795e+00
 -2.99938470e-01  1.69675148e+00 -1",0.047,1790184446.181
2701,02_numeric_values_twice,get_embedding,    print(2),,"[ 1.74040031e+00  4.84979540e-01  1.28504002e+00  1.07533598e+00
 -7.85220504e-01  1.48424232e+00 -1",0.031,1790184446.228
2702,02_numeric_values_twice,get_embedding,    for i in range(10):,,"[ 1.27934492e+00 -1.19438660e+00 -4.61011708e-01  4.83963490e-01
  4.38167900e-01 -1.83535561e-01 -1",0.047,1790184446.291
2703,02_numeric_values_twice,get_embedding,        print(3),,"[ 1.92469490e+00  1.94025621e-01  1.22533476e+00  1.50401795e+00
 -2.99938470e-01  1.69675148e+00 -1",0.031,1790184446.338
2704,02_numeric_values_twice,get_embedding,    print(2),,"[ 1.74040031e+00  4.84979540e-01  1.28504002e+00  1.07533598e+00
 -7.85220504e-01  1.48424232e+00 -1",0.047,1790184446.4
2705,02_numeric_values_twice,get_embedding,    for i in range(10):,,"[ 1.27934492e+00 -1.19438660e+00 -4.61011708e-01  4.83963490e-01
  4.38167900e-01 -1.83535561e-01 -1",0.031,1790184446.447
2706,02_numeric_values_twice,get_embedding,        print(3),,"[ 1.92469490e+00  1.94025621e-01  1.22533476e+00  1.50401795e+00
 -2.99938470e-01  1.69675148e+00 -1",0.047,1790184446.51
2707,02_numeric_values_twice,get_embedding,    print(2),,"[ 1.74040031e+00  4.84979540e-01  1.28504002e+00  1.07533598e+00
 -7.85220504e-01  1.48424232e+00 -1",0.031,1790184446.556
2708,02_numeric_values_twice,get_embedding,    for i in range(10):,,"[ 1.27934492e+00 -1.19438660e+00 -4.61011708e-01  4.83963490e-01
  4.38167900e-01 -1.83535561e-01 -1",0.047,1790184446.619
2709,02_numeric_values_twice,get_embedding,        print(3),,"[ 1.92469490e+00  1.94025621e-01  1.22533476e+00  1.50401795e+00
 -2.99938470e-01  1.69675148e+00 -1",0.031,1790184446.666
2710,02_numeric_values_twice,get_embedding,    print(2),,"[ 1.74040031e+00  4.84979540e-01  1.28504002e+00  1.07533598e+00
 -7.85220504e-01  1.48424232e+00 -1",0.031,1790184446.728
2711,02_numeric_values_twice,get_embedding,    for i in range(10):,,"[ 1.27934492e+00 -1.19438660e+00 -4.61011708e-01  4.83963490e-01
  4.38167900e-01 -1.83535561e-01 -1",0.031,1790184446.775
2712,02_numeric_values_twice,get_embedding,        print(3),,"[ 1.92469490e+00  1.94025621e-01  1.22533476e+00  1.50401795e+00
 -2.99938470e-01  1.69675148e+00 -1",0.031,1790184446.838
2713,02_numeric_values_twice,get_embedding,    print(2),,"[ 1.74040031e+00  4.84979540e-01  1.28504002e+00  1.07533598e+00
 -7.85220504e-01  1.48424232e+00 -1",0.031,1790184446.885
2714,02_numeric_values_twice,get_embedding,    for i in range(10):,,"[ 1.27934492e+00 -1.19438660e+00 -4.61011708e-01  4.83963490e-01
  4.38167900e-01 -1.83535561e-01 -1",0.031,1790184446.947
2715,02_numeric_values_twice,get_embedding,        print(3),,"[ 1.92469490e+00  1.94025621e-01  1.22533476e+00  1.50401795e+00
 -2.99938470e-01  1.69675148e+00 -1",0.031,1790184446.994
2716,02_numeric_values_twice,get_embedding,    print(2),,"[ 1.74040031e+00  4.84979540e-01  1.28504002e+00  1.07533598e+00
 -7.85220504e-01  1.48424232e+00 -1",0.031,1790184447.056
2717,02_numeric_values_twice,get_embedding,    for i in range(10):,,"[ 1.27934492e+00 -1.19438660e+00 -4.61011708e-01  4.83963490e-01
  4.38167900e-01 -1.83535561e-01 -1",0.031,1790184447.119
2718,02_numeric_values_twice,get_embedding,        print(3),,"[ 1.92469490e+00  1.94025621e-01  1.22533476e+00  1.50401795e+00
 -2.99938470e-01  1.69675148e+00 -1",0.031,1790184447.166
2719,02_numeric_values_twice,get_embedding,    print(2),,"[ 1.74040031e+00  4.84979540e-01  1.28504002e+00  1.07533598e+00
 -7.85220504e-01  1.48424232e+00 -1",0.031,1790184447.228
2720,02_numeric_values_twice,get_embedding,    for i in range(10):,,"[ 1.27934492e+00 -1.19438660e+00 -4.61011708e-01  4.83963490e-01
  4.38167900e-01 -1.83535561e-01 -1",0.031,1790184447.275
2721,02_numeric_values_twice,get_embedding,        print(3),,"[ 1.92469490e+00  1.94025621e-01  1.22533476e+00  1.50401795e+00
 -2.99938470e-01  1.69675148e+00 -1",0.031,1790184447.338
2722,02_numeric_values_twice,get_embedding,    print(2),,"[ 1.74040031e+00  4.84979540e-01  1.28504002e+00  1.07533598e+00
 -7.85220504e-01  1.48424232e+00 -1",0.031,1790184447.384
2723,02_numeric_values_twice,get_embedding,    for i in range(10):,,"[ 1.27934492e+00 -1.19438660e+00 -4.61011708e-01  4.83963490e-01
  4.38167900e-01 -1.83535561e-01 -1",0.031,1790184447.447
2724,02_numeric_values_twice,get_embedding,        print(3),,"[ 1.92469490e+00  1.94025621e-01  1.22533476e+00  1.50401795e+00
 -2.99938470e-01  1.69675148e+00 -1",0.031,1790184447.494
2725,02_numeric_values_twice,get_embedding,    print(2),,"[ 1.74040031e+00  4.84979540e-01  1.28504002e+00  1.07533598e+00
 -7.85220504e-01  1.48424232e+00 -1",0.031,1790184447.556
2726,02_numeric_values_twice,get_embedding,    for i in range(10):,,"[ 1.27934492e+00 -1.19438660e+00 -4.61011708e-01  4.83963490e-01
  4.38167900e-01 -1.83535561e-01 -1",0.031,1790184447.603
2727,02_numeric_values_twice,get_embedding,        print(3),,"[ 1.92469490e+00  1.94025621e-01  1.22533476e+00  1.50401795e+00
 -2.99938470e-01  1.69675148e+00 -1",0.031,1790184447.666
2728,02_numeric_values_twice,get_embedding,    print(2),,"[ 1.74040031e+00  4.84979540e-01  1.28504002e+00  1.07533598e+00
 -7.85220504e-01  1.48424232e+00 -1",0.031,1790184447.713
2729,02_numeric_values_twice,get_embedding,    for i in range(10):,,"[ 1.27934492e+00 -1.19438660e+00 -4.61011708e-01  4.83963490e-01
  4.38167900e-01 -1.83535561e-01 -1",0.031,1790184447.775
2730,02_numeric_values_twice,get_embedding,        print(3),,"[ 1.92469490e+00  1.94025621e-01  1.22533476e+00  1.50401795e+00
 -2.99938470e-01  1.69675148e+00 -1",0.031,1790184447.822
2731,02_numeric_values_twice,get_embedding,    print(2),,"[ 1.74040031e+00  4.84979540e-01  1.28504002e+00  1.07533598e+00
 -7.85220504e-01  1.48424232e+00 -1",0.031,1790184447.884
2732,02_numeric_values_twice,get_embedding,    for i in range(10):,,"[ 1.27934492e+00 -1.19438660e+00 -4.61011708e-01  4.83963490e-01
  4.38167900e-01 -1.83535561e-01 -1",0.031,1790184447.931
2733,02_numeric_values_twice,get_embedding,        print(3),,"[ 1.92469490e+00  1.94025621e-01  1.22533476e+00  1.50401795e+00
 -2.99938470e-01  1.69675148e+00 -1",0.031,1790184447.994
2734,02_numeric_values_twice,get_embedding,    print(2),,"[ 1.74040031e+00  4.84979540e-01  1.28504002e+00  1.07533598e+00
 -7.85220504e-01  1.48424232e+00 -1",0.031,1790184448.041
2735,02_numeric_values_twice,get_embedding,    for i in range(10):,,"[ 1.27934492e+00 -1.19438660e+00 -4.61011708e-01  4.83963490e-01
  4.38167900e-01 -1.83535561e-01 -1",0.031,1790184448.103
2736,02_numeric_values_twice,get_embedding,        print(3),,"[ 1.92469490e+00  1.94025621e-01  1.22533476e+00  1.50401795e+00
 -2.99938470e-01  1.69675148e+00 -1",0.031,1790184448.15
2737,02_numeric_values_twice,get_embedding,    print(2),,"[ 1.74040031e+00  4.84979540e-01  1.28504002e+00  1.07533598e+00
 -7.85220504e-01  1.48424232e+00 -1",0.031,1790184448.213
2738,02_numeric_values_twice,get_embedding,    for i in range(10):,,"[ 1.27934492e+00 -1.19438660e+00 -4.61011708e-01  4.83963490e-01
  4.38167900e-01 -1.83535561e-01 -1",0.031,1790184448.259
2739,02_numeric_values_twice,get_embedding,        print(3),,"[ 1.92469490e+00  1.94025621e-01  1.22533476e+00  1.50401795e+00
 -2.99938470e-01  1.69675148e+00 -1",0.031,1790184448.322
2740,02_numeric_values_twice,get_embedding,    print(2),,"[ 1.74040031e+00  4.84979540e-01  1.28504002e+00  1.07533598e+00
 -7.85220504e-01  1.48424232e+00 -1",0.031,1790184448.369
2741,02_numeric_values_twice,get_embedding,    for i in range(10):,,"[ 1.27934492e+00 -1.19438660e+00 -4.61011708e-01  4.83963490e-01
  4.38167900e-01 -1.83535561e-01 -1",0.047,1790184448.431
2742,02_numeric_values_twice,get_embedding,        print(3),,"[ 1.92469490e+00  1.94025621e-01  1.22533476e+00  1.50401795e+00
 -2.99938470e-01  1.69675148e+00 -1",0.031,1790184448.478
2743,02_numeric_values_twice,get_embedding,    print(2),,"[ 1.74040031e+00  4.84979540e-01  1.28504002e+00  1.07533598e+00
 -7.85220504e-01  1.48424232e+00 -1",0.047,1790184448.541
2744,02_numeric_values_twice,get_embedding,    for i in range(10):,,"[ 1.27934492e+00 -1.19438660e+00 -4.61011708e-01  4.83963490e-01
  4.38167900e-01 -1.83535561e-01 -1",0.031,1790184448.588
2745,02_numeric_values_twice,get_embedding,        print(3),,"[ 1.92469490e+00  1.94025621e-01  1.22533476e+00  1.50401795e+00
 -2.99938470e-01  1.69675148e+00 -1",0.047,1790184448.65
2746,02_numeric_values_twice,get_embedding,    print(2),,"[ 1.74040031e+00  4.84979540e-01  1.28504002e+00  1.07533598e+00
 -7.85220504e-01  1.48424232e+00 -1",0.031,1790184448.697
2747,02_numeric_values_twice,get_embedding,    for i in range(10):,,"[ 1.27934492e+00 -1.19438660e+00 -4.61011708e-01  4.83963490e-01
  4.38167900e-01 -1.83535561e-01 -1",0.031,1790184448.759
2748,02_numeric_values_twice,get_embedding,        print(3),,"[ 1.92469490e+00  1.94025621e-01  1.22533476e+00  1.50401795e+00
 -2.99938470e-01  1.69675148e+00 -1",0.031,1790184448.806
2749,02_numeric_values_twice,get_embedding,    print(2),,"[ 1.74040031e+00  4.84979540e-01  1.28504002e+00  1.07533598e+00
 -7.85220504e-01  1.48424232e+00 -1",0.031,1790184448.869
2750,02_numeric_values_twice,get_embedding,    for i in range(10):,,"[ 1.27934492e+00 -1.19438660e+00 -4.61011708e-01  4.83963490e-01
  4.38167900e-01 -1.83535561e-01 -1",0.031,1790184448.931
2751,02_numeric_values_twice,get_embedding,        print(3),,"[ 1.92469490e+00  1.94025621e-01  1.22533476e+00  1.50401795e+00
 -2.99938470e-01  1.69675148e+00 -1",0.031,1790184448.978
2752,02_numeric_values_twice,get_embedding,    print(2),,"[ 1.74040031e+00  4.84979540e-01  1.28504002e+00  1.07533598e+00
 -7.85220504e-01  1.48424232e+00 -1",0.031,1790184449.041
2753,02_numeric_values_twice,get_embedding,    for i in range(10):,,"[ 1.27934492e+00 -1.19438660e+00 -4.61011708e-01  4.83963490e-01
  4.38167900e-01 -1.83535561e-01 -1",0.031,1790184449.088
2754,02_numeric_values_twice,get_embedding,        print(3),,"[ 1.92469490e+00  1.94025621e-01  1.22533476e+00  1.50401795e+00
 -2.99938470e-01  1.69675148e+00 -1",0.031,1790184449.15
2755,02_numeric_values_twice,get_embedding,    print(2),,"[ 1.74040031e+00  4.84979540e-01  1.28504002e+00  1.07533598e+00
 -7.85220504e-01  1.48424232e+00 -1",0.031,1790184449.197
2756,02_numeric_values_twice,get_embedding,    for i in range(10):,,"[ 1.27934492e+00 -1.19438660e+00 -4.61011708e-01  4.83963490e-01
  4.38167900e-01 -1.83535561e-01 -1",0.031,1790184449.259
2757,02_numeric_values_twice,get_embedding,        print(3),,"[ 1.92469490e+00  1.94025621e-01  1.22533476e+00  1.50401795e+00
 -2.99938470e-01  1.69675148e+00 -1",0.031,1790184449.306
2758,02_numeric_values_maybe_const,get_prob,import tc01_02,,-0.17577013,0.031,1790184449.416
2759,02_numeric_values_maybe_const,get_prob,print('ddddddddddddddddddddddddddddddddddddddddddddddddddddddddddddddddd more than line length 120 ========================='),,-0.29195002,0.031,1790184449.478
2760,02_numeric_values_maybe_const,get_prob,"print(without_type_hint(2025, 113, 'REBEL HEART'))",,-0.21736702,0.031,1790184449.525
2761,02_numeric_values_maybe_const,get_prob,"print(with_type_hint(2025, 113, 'REBEL HEART'))",,-0.1052319,0.031,1790184449.572
2762,02_numeric_values_maybe_const,get_prob,"    I, J, K, L = 2, 3, 4, 5",,-0.62578744,0.031,1790184449.619
2763,02_numeric_values_maybe_const,get_prob,    for i in range(2):,,-0.4897895,0.031,1790184449.666
2764,02_numeric_values_maybe_const,get_prob,        for j in range(3):,,-0.2585794,0.047,1790184449.728
2765,02_numeric_values_maybe_const,get_prob,            for k in range(4):,,-0.29902193,0.031,1790184449.775
2766,02_numeric_values_maybe_const,get_prob,                for l in range(5):,,-0.32562432,0.031,1790184449.822
2767,02_numeric_values_maybe_const,get_prob,print(1234),,-0.046181507,0.031,1790184449.869
2768,02_numeric_values_maybe_const,get_prob,"    I, J, K, L = 2, 3, 4, 5",,-0.62578744,0.031,1790184449.916
2769,02_numeric_values_maybe_const,get_prob,    for i in range(2):,,-0.4897895,0.047,1790184449.978
2770,02_numeric_values_maybe_const,get_prob,        for j in range(3):,,-0.2585794,0.031,1790184450.025
2771,02_numeric_values_maybe_const,get_prob,"                                   'bbb': 2,",,-0.30940375,0.031,1790184450.072
2772,02_numeric_values_maybe_const,get_prob,                                   'ccc': 3},,-0.12636484,0.031,1790184450.119
2773,02_numeric_values_maybe_const,get_prob,    for i in range(2):,,-0.4897895,0.031,1790184450.166
2774,02_numeric_values_maybe_const,get_prob,        for j in range(3):,,-0.2585794,0.031,1790184450.212
2775,02_numeric_values_maybe_const,get_prob,            for k in range(4):,,-0.29902193,0.031,1790184450.275
2776,02_numeric_values_maybe_const,get_prob,"                                       'bbb': 2,",,-0.35555193,0.031,1790184450.322
2777,02_numeric_values_maybe_const,get_prob,                                       'ccc': 3},,-0.09525292,0.031,1790184450.369
2778,02_numeric_values_maybe_const,get_prob,    for i in range(2):,,-0.4897895,0.031,1790184450.416
2779,02_numeric_values_maybe_const,get_prob,        for j in range(3):,,-0.2585794,0.031,1790184450.462
2780,02_numeric_values_maybe_const,get_prob,            for k in range(4):,,-0.29902193,0.031,1790184450.509
2781,02_numeric_values_maybe_const,get_prob,                for l in range(5):,,-0.32562432,0.031,1790184450.572
2782,02_numeric_values_maybe_const,get_prob,print(5678),,-0.42940784,0.031,1790184450.619
2783,02_numeric_values_maybe_const,get_prob,    print(2),,0.039452545,0.031,1790184450.666
2784,02_numeric_values_maybe_const,get_prob,    for i in range(10):,,-0.100911416,0.031,1790184450.712
2785,02_numeric_values_maybe_const,get_prob,        print(3),,-0.116874315,0.047,1790184450.775
2786,02_numeric_values_maybe_const,get_prob,    print(2),,0.039452545,0.031,1790184450.822
2787,02_numeric_values_maybe_const,get_prob,    for i in range(10):,,-0.100911416,0.031,1790184450.869
2788,02_numeric_values_maybe_const,get_prob,        print(3),,-0.116874315,0.031,1790184450.916
2789,02_numeric_values_maybe_const,get_prob,    print(2),,0.039452545,0.031,1790184450.962
2790,02_numeric_values_maybe_const,get_prob,    for i in range(10):,,-0.100911416,0.031,1790184451.009
2791,02_numeric_values_maybe_const,get_prob,        print(3),,-0.116874315,0.047,1790184451.072
2792,02_numeric_values_maybe_const,get_prob,    print(2),,0.039452545,0.031,1790184451.119
2793,02_numeric_values_maybe_const,get_prob,    for i in range(10):,,-0.100911416,0.031,1790184451.166
2794,02_numeric_values_maybe_const,get_prob,        print(3),,-0.116874315,0.031,1790184451.212
2795,02_numeric_values_maybe_const,get_prob,    print(2),,0.039452545,0.031,1790184451.259
2796,02_numeric_values_maybe_const,get_prob,    for i in range(10):,,-0.100911416,0.047,1790184451.322
2797,02_numeric_values_maybe_const,get_prob,        print(3),,-0.116874315,0.031,1790184451.369
2798,02_numeric_values_maybe_const,get_prob,    print(2),,0.039452545,0.031,1790184451.416
2799,02_numeric_values_maybe_const,get_prob,    for i in range(10):,,-0.100911416,0.031,1790184451.462
2800,02_numeric_values_maybe_const,get_prob,        print(3),,-0.116874315,0.031,1790184451.509
2801,02_numeric_values_maybe_const,get_prob,    print(2),,0.039452545,0.031,1790184451.556
2802,02_numeric_values_maybe_const,get_prob,    for i in range(10):,,-0.100911416,0.047,1790184451.619
2803,02_numeric_values_maybe_const,get_prob,        print(3),,-0.116874315,0.031,1790184451.665
2804,02_numeric_values_maybe_const,get_prob,    print(2),,0.039452545,0.031,1790184451.712
2805,02_numeric_values_maybe_const,get_prob,    for i in range(10):,,-0.100911416,0.031,1790184451.759
2806,02_numeric_values_maybe_const,get_prob,        print(3),,-0.116874315,0.031,1790184451.806
2807,02_numeric_values_maybe_const,get_prob,    print(2),,0.039452545,0.031,1790184451.869
2808,02_numeric_values_maybe_const,get_prob,    for i in range(10):,,-0.100911416,0.031,1790184451.915
2809,02_numeric_values_maybe_const,get_prob,        print(3),,-0.116874315,0.031,1790184451.962
2810,02_numeric_values_maybe_const,get_prob,    print(2),,0.039452545,0.031,1790184452.009
2811,02_numeric_values_maybe_const,get_prob,    for i in range(10):,,-0.100911416,0.031,1790184452.056
2812,02_numeric_values_maybe_const,get_prob,        print(3),,-0.116874315,0.047,1790184452.119
2813,02_numeric_values_maybe_const,get_prob,    print(2),,0.039452545,0.031,1790184452.165
2814,02_numeric_values_maybe_const,get_prob,    for i in range(10):,,-0.100911416,0.031,1790184452.212
2815,02_numeric_values_maybe_const,get_prob,        print(3),,-0.116874315,0.031,1790184452.259
2816,02_numeric_values_maybe_const,get_prob,    print(2),,0.039452545,0.031,1790184452.306
2817,02_numeric_values_maybe_const,get_prob,    for i in range(10):,,-0.100911416,0.047,1790184452.369
2818,02_numeric_values_maybe_const,get_prob,        print(3),,-0.116874315,0.031,1790184452.415
2819,02_numeric_values_maybe_const,get_prob,    print(2),,0.039452545,0.031,1790184452.462
2820,02_numeric_values_maybe_const,get_prob,    for i in range(10):,,-0.100911416,0.031,1790184452.509
2821,02_numeric_values_maybe_const,get_prob,        print(3),,-0.116874315,0.031,1790184452.556
2822,02_numeric_values_maybe_const,get_prob,    print(2),,0.039452545,0.031,1790184452.603
2823,02_numeric_values_maybe_const,get_prob,    for i in range(10):,,-0.100911416,0.031,1790184452.665
2824,02_numeric_values_maybe_const,get_prob,        print(3),,-0.116874315,0.031,1790184452.712
2825,02_numeric_values_maybe_const,get_prob,    print(2),,0.039452545,0.031,1790184452.759
2826,02_numeric_values_maybe_const,get_prob,    for i in range(10):,,-0.100911416,0.031,1790184452.806
2827,02_numeric_values_maybe_const,get_prob,        print(3),,-0.116874315,0.031,1790184452.853
2828,02_numeric_values_maybe_const,get_prob,    print(2),,0.039452545,0.047,1790184452.915
2829,02_numeric_values_maybe_const,get_prob,    for i in range(10):,,-0.100911416,0.031,1790184452.962
2830,02_numeric_values_maybe_const,get_prob,        print(3),,-0.116874315,0.031,1790184453.009
2831,02_numeric_values_maybe_const,get_prob,    print(2),,0.039452545,0.031,1790184453.056
2832,02_numeric_values_maybe_const,get_prob,    for i in range(10):,,-0.100911416,0.031,1790184453.103
2833,02_numeric_values_maybe_const,get_prob,        print(3),,-0.116874315,0.047,1790184453.165
2834,02_numeric_values_maybe_const,get_prob,    print(2),,0.039452545,0.031,1790184453.212
2835,02_numeric_values_maybe_const,get_prob,    for i in range(10):,,-0.100911416,0.031,1790184453.259
2836,02_numeric_values_maybe_const,get_prob,        print(3),,-0.116874315,0.031,1790184453.306
2837,02_numeric_values_maybe_const,get_prob,    print(2),,0.039452545,0.031,1790184453.353
2838,02_numeric_values_maybe_const,get_prob,    for i in range(10):,,-0.100911416,0.031,1790184453.404
2839,02_numeric_values_maybe_const,get_prob,        print(3),,-0.116874315,0.047,1790184453.466
2840,02_numeric_values_maybe_const,get_prob,    print(2),,0.039452545,0.031,1790184453.513
2841,02_numeric_values_maybe_const,get_prob,    for i in range(10):,,-0.100911416,0.031,1790184453.56
2842,02_numeric_values_maybe_const,get_prob,        print(3),,-0.116874315,0.031,1790184453.607
2843,02_numeric_values_maybe_const,get_prob,    print(2),,0.039452545,0.031,1790184453.654
2844,02_numeric_values_maybe_const,get_prob,    for i in range(10):,,-0.100911416,0.048,1790184453.717
2845,02_numeric_values_maybe_const,get_prob,        print(3),,-0.116874315,0.031,1790184453.764
2846,02_numeric_values_maybe_const,get_prob,    print(2),,0.039452545,0.031,1790184453.825
2847,02_numeric_values_maybe_const,get_prob,    for i in range(10):,,-0.100911416,0.047,1790184453.888
2848,02_numeric_values_maybe_const,get_prob,        print(3),,-0.116874315,0.031,1790184453.935
2849,02_numeric_values_maybe_const,get_prob,    print(2),,0.039452545,0.041,1790184453.991
2850,02_numeric_values_maybe_const,get_prob,    for i in range(10):,,-0.100911416,0.031,1790184454.038
2851,02_numeric_values_maybe_const,get_prob,        print(3),,-0.116874315,0.031,1790184454.085
2852,02_numeric_values_maybe_const,get_prob,    print(2),,0.039452545,0.031,1790184454.148
2853,02_numeric_values_maybe_const,get_prob,    for i in range(10):,,-0.100911416,0.031,1790184454.195
2854,02_numeric_values_maybe_const,get_prob,        print(3),,-0.116874315,0.031,1790184454.241
2855,02_numeric_values_maybe_const,get_prob,aaa = 0.1,,-0.45854574,0.031,1790184454.288
2856,02_numeric_values_maybe_const,get_prob,fff = -0.1,,-0.59579366,0.047,1790184454.351
2857,02_numeric_values_twice,get_embedding,"arr = [2, 3, 5, 7, 11, 13, 17, 19]",,"[ 5.48618555e-01 -3.39497507e-01 -1.82163939e-02  2.00220242e-01
 -4.10597980e-01  9.55645978e-01 -2",0.031,1790184454.398
2858,02_numeric_values_twice,get_embedding,"arr = [2, 3, 5, 7, 11, 13, 17, 19]",,"[ 5.48618555e-01 -3.39497507e-01 -1.82163939e-02  2.00220242e-01
 -4.10597980e-01  9.55645978e-01 -2",0.031,1790184454.46
2859,02_numeric_values_twice,get_embedding,    if item % 4 == 1:,,"[ 1.69068944e+00 -1.15122867e+00  6.31708980e-01  6.91957101e-02
  1.64683998e-01  1.48144758e+00 -1",0.031,1790184454.507
2860,02_numeric_values_twice,get_embedding,    if item % 4 == 1:,,"[ 1.69068944e+00 -1.15122867e+00  6.31708980e-01  6.91957101e-02
  1.64683998e-01  1.48144758e+00 -1",0.031,1790184454.57
2861,02_numeric_values_twice,get_embedding,    if item % 4 == 1:,,"[ 1.69068944e+00 -1.15122867e+00  6.31708980e-01  6.91957101e-02
  1.64683998e-01  1.48144758e+00 -1",0.031,1790184454.616
2862,02_numeric_values_twice,get_embedding,        new_arr.append(2),,"[ 1.67016423e+00 -9.75976050e-01 -4.29608613e-01  4.91890132e-01
 -5.43422759e-01  2.36038789e-01 -8",0.031,1790184454.679
2863,02_numeric_values_twice,get_embedding,"    result += str(3) + ','",,"[ 2.18657947e+00 -5.27804554e-01 -9.69440639e-01  1.26034296e+00
 -2.59225637e-01  1.08884740e+00 -2",0.031,1790184454.741
2864,02_numeric_values_twice,get_embedding,print(sum([p for p in primes if p >= 10])),,"[ 7.46349931e-01 -2.25873366e-01  1.05574012e+00 -6.25557125e-01
  1.93634629e-01  1.48827851e+00 -1",0.031,1790184454.788
2865,02_numeric_values_twice,get_embedding,print(sum([p for p in primes if p >= 10])),,"[ 7.46349931e-01 -2.25873366e-01  1.05574012e+00 -6.25557125e-01
  1.93634629e-01  1.48827851e+00 -1",0.031,1790184454.851
2866,02_numeric_values_twice,get_embedding,print(max([p for p in primes if p % 3 == 2])),,"[ 1.10025847e+00 -3.80448878e-01  1.34443688e+00 -2.21528977e-01
  7.59028733e-01  1.75647700e+00 -5",0.031,1790184454.898
2867,02_numeric_values_twice,get_embedding,print(min([p for p in primes if p % 3 == 1])),,"[ 9.57058191e-01 -3.45759660e-01  1.30002832e+00 -3.65426183e-01
  5.41614592e-01  2.07192564e+00 -5",0.031,1790184454.96
2868,02_numeric_values_twice,get_embedding,print(all([p % 2 == 1 for p in primes])),,"[ 1.57139194e+00 -1.02123097e-01  1.12219715e+00 -6.05496407e-01
 -3.35058868e-02  1.32838809e+00 -8",0.031,1790184455.007
2869,02_numeric_values_twice,get_embedding,print(any([p % 2 == 1 for p in primes])),,"[ 1.58344507e+00 -3.47836278e-02  1.24189806e+00 -6.37735844e-01
  3.17274407e-02  1.32173276e+00 -8",0.047,1790184455.07
2870,02_numeric_values_twice,get_embedding,print(sum(p for p in primes if p >= 10)),,"[ 7.07808495e-01 -3.43889415e-01  1.04236722e+00 -6.46468818e-01
  2.43569940e-01  1.49591160e+00 -1",0.031,1790184455.116
2871,02_numeric_values_twice,get_embedding,print(max(p for p in primes if p % 3 == 2)),,"[ 1.04051232e+00 -4.36360866e-01  1.34338629e+00 -2.30992854e-01
  7.23627090e-01  1.84166145e+00 -5",0.031,1790184455.179
2872,02_numeric_values_twice,get_embedding,print(min(p for p in primes if p % 3 == 1)),,"[ 9.23916101e-01 -4.25525039e-01  1.28744316e+00 -4.15362418e-01
  5.15681088e-01  2.12869430e+00 -5",0.031,1790184455.241
2873,02_numeric_values_twice,get_embedding,print(all(p % 2 == 1 for p in primes)),,"[ 1.58840597e+00 -1.25473291e-01  9.89900589e-01 -6.16850734e-01
 -5.62538058e-02  1.32531476e+00 -8",0.031,1790184455.288
2874,02_numeric_values_twice,get_embedding,print(any(p % 2 == 1 for p in primes)),,"[ 1.48495901e+00 -8.97725672e-02  1.09636486e+00 -6.18490219e-01
  5.75557500e-02  1.29770064e+00 -8",0.031,1790184455.351
2875,02_numeric_values_twice,get_embedding,if test >= 100:,,"[ 1.03682876e+00  5.50554872e-01 -3.24611723e-01 -3.66782933e-01
  2.43057698e-01  4.40088749e-01 -1",0.031,1790184455.398
2876,02_numeric_values_twice,get_embedding,if test >= 100:,,"[ 1.03682876e+00  5.50554872e-01 -3.24611723e-01 -3.66782933e-01
  2.43057698e-01  4.40088749e-01 -1",0.031,1790184455.46
2877,02_numeric_values_twice,get_embedding,elif test >= 75:,,"[ 1.65513742e+00 -1.88117884e-02 -2.43876427e-01 -4.01487201e-01
  5.03865898e-01  6.22109234e-01 -1",0.031,1790184455.523
2878,02_numeric_values_twice,get_embedding,elif test >= 75:,,"[ 1.65513742e+00 -1.88117884e-02 -2.43876427e-01 -4.01487201e-01
  5.03865898e-01  6.22109234e-01 -1",0.031,1790184455.57
2879,02_numeric_values_twice,get_embedding,elif test >= 50:,,"[ 1.71168494e+00 -3.45419973e-01  8.74937400e-02 -5.87346673e-01
  9.30800557e-01 -9.48851854e-02 -1",0.031,1790184455.632
2880,02_numeric_values_twice,get_embedding,elif test >= 50:,,"[ 1.71168494e+00 -3.45419973e-01  8.74937400e-02 -5.87346673e-01
  9.30800557e-01 -9.48851854e-02 -1",0.031,1790184455.679
2881,02_numeric_values_twice,get_embedding,if test_abc >= 100:,,"[ 1.27858412e+00  7.65345931e-01 -2.22836763e-01  2.84281708e-02
 -2.81821251e-01  8.48332942e-01 -9",0.047,1790184455.741
2882,02_numeric_values_twice,get_embedding,elif test >= 75:,,"[ 1.65513742e+00 -1.88117884e-02 -2.43876427e-01 -4.01487201e-01
  5.03865898e-01  6.22109234e-01 -1",0.031,1790184455.804
2883,02_numeric_values_twice,get_embedding,elif test_abc >= 50:,,"[ 1.29588556e+00  2.09019974e-01 -3.22908223e-01 -2.78645307e-01
  2.01729119e-01  4.72115934e-01 -1",0.031,1790184455.851
2884,02_numeric_values_twice,get_embedding,if test_def >= 100:,,"[ 1.05582428e+00  5.13861239e-01  1.57598957e-01  1.29715645e+00
 -5.61924815e-01  1.24723959e+00 -1",0.031,1790184455.913
2885,02_numeric_values_twice,get_embedding,elif test_def >= 75:,,"[ 1.05297530e+00  8.78686905e-02  2.69907266e-01  6.09523535e-01
 -2.13827610e-01  1.14781404e+00 -1",0.031,1790184455.96
2886,02_numeric_values_twice,get_embedding,elif test_def >= 50:,,"[ 8.21998835e-01 -1.55266702e-01  4.69253540e-01  6.99178398e-01
 -2.27462664e-01  9.23014343e-01 -1",0.047,1790184456.023
2887,02_numeric_values_twice,get_embedding,if test >= 100 and True:,,"[ 8.13031316e-01  3.60504955e-01 -4.55206454e-01 -4.00910258e-01
  1.95180416e-01  3.06083471e-01 -1",0.031,1790184456.069
2888,02_numeric_values_twice,get_embedding,elif test <= 75 and False:,,"[ 6.87957644e-01  1.77319735e-01 -7.26143792e-02 -5.36589146e-01
  8.85583013e-02  1.01626003e+00 -1",0.031,1790184456.132
2889,02_numeric_values_twice,get_embedding,"numbers = [1, 2, 3, -4, 5]",,"[ 1.65053174e-01  5.92673361e-01 -9.35224891e-02  2.11494952e-01
 -1.33370900e+00  3.46253097e-01 -1",0.031,1790184456.194
2890,02_numeric_values_twice,get_embedding,"scores = [85, 92, 78]",,"[ 1.78104091e+00 -7.92688906e-01 -6.24357879e-01 -1.42991364e+00
 -7.41181612e-01  1.59737432e+00 -8",0.031,1790184456.241
2891,02_numeric_values_twice,get_embedding,"scores = [85, 92, 78]",,"[ 1.78104091e+00 -7.92688906e-01 -6.24357879e-01 -1.42991364e+00
 -7.41181612e-01  1.59737432e+00 -8",0.031,1790184456.304
2892,02_numeric_values_twice,get_embedding,for itertool1 in range(100):,,"[ 1.03465843e+00 -6.78054512e-01 -5.42653024e-01  6.37029469e-01
  1.50312558e-01 -2.60375559e-01 -2",0.031,1790184456.351
2893,02_numeric_values_twice,get_embedding,sentence = '123',,"[ 2.36198068e+00 -1.14619899e+00 -6.25177026e-01  2.72999644e-01
 -2.26716900e+00  1.80360138e+00 -1",0.031,1790184456.413
2894,02_numeric_values_twice,get_embedding,    print(2),,"[ 1.74040031e+00  4.84979540e-01  1.28504002e+00  1.07533598e+00
 -7.85220504e-01  1.48424232e+00 -1",0.031,1790184456.476
2895,02_numeric_values_twice,get_embedding,    print(3),,"[ 1.77703202e+00  2.45839551e-01  1.12394094e+00  1.39837539e+00
 -5.17446935e-01  1.55375075e+00 -1",0.031,1790184456.523
2896,02_numeric_values_twice,get_embedding,    print(4),,"[ 1.86815047e+00 -1.58629045e-01  1.27253437e+00  1.34501541e+00
 -7.66563416e-01  1.59465897e+00 -1",0.031,1790184456.585
2897,02_numeric_values_twice,get_embedding,    print(5),,"[ 1.92758071e+00  9.25593376e-02  1.17311966e+00  1.41687202e+00
 -2.95237213e-01  1.32179463e+00 -1",0.031,1790184456.632
2898,02_numeric_values_twice,get_embedding,    print(7),,"[ 1.67593503e+00 -2.53545523e-01  1.08399606e+00  1.09973824e+00
  1.35096923e-01  1.52169406e+00 -1",0.047,1790184456.694
2899,02_numeric_values_twice,get_embedding,"scores = [100, 85, 90, 100, 75, 100]",,"[ 1.76649833e+00 -9.48415875e-01 -8.53445947e-01 -1.35095310e+00
 -8.26004088e-01  1.71503246e+00 -1",0.031,1790184456.757
2900,02_numeric_values_twice,get_embedding,perfect_scores = len([score for score in scores if score == 100]),,"[ 1.53042865e+00 -8.00886214e-01 -1.93997696e-01 -1.61140144e+00
  1.54642120e-01  3.16231966e-01 -9",0.031,1790184456.819
2901,02_numeric_values_twice,get_embedding,target = 40,,"[ 1.19399965e+00 -2.23718357e+00  1.13787055e+00 -3.91950607e-01
 -1.28587353e+00  1.97298205e+00 -1",0.031,1790184456.866
2902,02_numeric_values_twice,get_embedding,target = 40,,"[ 1.19399965e+00 -2.23718357e+00  1.13787055e+00 -3.91950607e-01
 -1.28587353e+00  1.97298205e+00 -1",0.031,1790184456.929
2903,02_numeric_values_twice,get_embedding,"numbers = [10, 20, 30, 40, 50]",,"[ 5.04904568e-01 -1.44996986e-01 -2.26519853e-01  2.83231407e-01
 -9.66192245e-01  1.64719626e-01 -1",0.031,1790184456.991
2904,02_numeric_values_twice,get_embedding,"numbers = [1, 2, 3, 4, 5]",,"[ 5.86496711e-01  3.41587071e-03 -7.44338632e-01  6.41301930e-01
 -4.99651968e-01  7.27605641e-01 -6",0.031,1790184457.038
2905,02_numeric_values_twice,get_embedding,    if num % 2 != 0:  # 홀수만 골라서 변환,,"[ 2.13509178e+00 -8.41191053e-01  7.31454611e-01  5.87256789e-01
  2.99418438e-03  1.58422399e+00 -1",0.031,1790184457.101
2906,02_numeric_values_twice,get_embedding,a = sum(len(line) for line in result[:3]),,"[ 1.77543080e+00 -1.35848975e+00 -1.42218399e+00  7.42818117e-01
  3.63143831e-01 -1.10395074e+00 -3",0.037,1790184457.154
2907,02_numeric_values_twice,get_embedding,d = sum(len(line) for line in result[:3]) + 300,,"[ 1.02651775e+00 -1.35904026e+00 -5.13137341e-01  9.49213505e-01
  7.64912963e-01 -9.22321439e-01 -1",0.031,1790184457.216
2908,02_numeric_values_maybe_const,get_prob,"arr = [2, 3, 5, 7, 11, 13, 17, 19]",,-0.60137725,0.031,1790184457.294
2909,02_numeric_values_maybe_const,get_prob,    if item % 4 == 1:,,-0.45652914,0.031,1790184457.341
2910,02_numeric_values_maybe_const,get_prob,    if item % 4 == 1:,,-0.45652914,0.031,1790184457.388
2911,02_numeric_values_maybe_const,get_prob,        new_arr.append(2),,0.024085546,0.031,1790184457.435
2912,02_numeric_values_maybe_const,get_prob,"    result += str(3) + ','",,-0.4494155,0.031,1790184457.497
2913,02_numeric_values_maybe_const,get_prob,print(sum([p for p in primes if p >= 10])),,-0.10373428,0.031,1790184457.544
2914,02_numeric_values_maybe_const,get_prob,print(max([p for p in primes if p % 3 == 2])),,-0.08476927,0.031,1790184457.591
2915,02_numeric_values_maybe_const,get_prob,print(min([p for p in primes if p % 3 == 1])),,-0.11253307,0.031,1790184457.638
2916,02_numeric_values_maybe_const,get_prob,print(all([p % 2 == 1 for p in primes])),,-0.27752188,0.047,1790184457.701
2917,02_numeric_values_maybe_const,get_prob,print(any([p % 2 == 1 for p in primes])),,-0.2515417,0.031,1790184457.747
2918,02_numeric_values_maybe_const,get_prob,print(sum(p for p in primes if p >= 10)),,-0.05698537,0.031,1790184457.794
2919,02_numeric_values_maybe_const,get_prob,print(max(p for p in primes if p % 3 == 2)),,-0.09977343,0.031,1790184457.841
2920,02_numeric_values_maybe_const,get_prob,print(min(p for p in primes if p % 3 == 1)),,-0.15469718,0.031,1790184457.888
2921,02_numeric_values_maybe_const,get_prob,print(all(p % 2 == 1 for p in primes)),,-0.2546523,0.031,1790184457.951
2922,02_numeric_values_maybe_const,get_prob,print(any(p % 2 == 1 for p in primes)),,-0.23763114,0.031,1790184457.997
2923,02_numeric_values_maybe_const,get_prob,if test >= 100:,,0.12892057,0.031,1790184458.044
2924,02_numeric_values_maybe_const,get_prob,elif test >= 75:,,0.48617885,0.031,1790184458.091
2925,02_numeric_values_maybe_const,get_prob,elif test >= 50:,,0.34929612,0.031,1790184458.154
2926,02_numeric_values_maybe_const,get_prob,if test_abc >= 100:,,0.027434984,0.031,1790184458.201
2927,02_numeric_values_maybe_const,get_prob,elif test >= 75:,,0.48617885,0.031,1790184458.247
2928,02_numeric_values_maybe_const,get_prob,elif test_abc >= 50:,,-0.027978053,0.031,1790184458.294
2929,02_numeric_values_maybe_const,get_prob,if test_def >= 100:,,-0.027961677,0.031,1790184458.357
2930,02_numeric_values_maybe_const,get_prob,elif test_def >= 75:,,0.14190058,0.031,1790184458.404
2931,02_numeric_values_maybe_const,get_prob,elif test_def >= 50:,,-0.092491545,0.031,1790184458.451
2932,02_numeric_values_maybe_const,get_prob,if test >= 100 and True:,,0.21045035,0.031,1790184458.497
2933,02_numeric_values_maybe_const,get_prob,elif test <= 75 and False:,,0.34126684,0.047,1790184458.56
2934,02_numeric_values_maybe_const,get_prob,"numbers = [1, 2, 3, -4, 5]",,-0.33295968,0.031,1790184458.607
2935,02_numeric_values_maybe_const,get_prob,"scores = [85, 92, 78]",,-0.111910336,0.031,1790184458.654
2936,02_numeric_values_maybe_const,get_prob,"values = [101, ""John"", ""Admin""]",,-0.14777423,0.031,1790184458.701
2937,02_numeric_values_maybe_const,get_prob,for itertool1 in range(100):,,-0.023617303,0.047,1790184458.763
2938,02_numeric_values_maybe_const,get_prob,        print(400),,-0.32203424,0.031,1790184458.81
2939,02_numeric_values_maybe_const,get_prob,sentence = '123',,-0.2300675,0.031,1790184458.857
2940,02_numeric_values_maybe_const,get_prob,    print(2),,0.039452545,0.031,1790184458.904
2941,02_numeric_values_maybe_const,get_prob,    print(3),,-0.0754421,0.031,1790184458.95
2942,02_numeric_values_maybe_const,get_prob,    print(4),,-0.12319482,0.031,1790184459.013
2943,02_numeric_values_maybe_const,get_prob,    print(5),,-0.049222223,0.031,1790184459.06
2944,02_numeric_values_maybe_const,get_prob,    print(6),,-0.041070975,0.031,1790184459.107
2945,02_numeric_values_maybe_const,get_prob,    print(7),,-0.13871485,0.047,1790184459.169
2946,02_numeric_values_maybe_const,get_prob,    print(8),,-0.28281468,0.031,1790184459.216
2947,02_numeric_values_maybe_const,get_prob,"scores = [100, 85, 90, 100, 75, 100]",,-0.122129835,0.031,1790184459.263
2948,02_numeric_values_maybe_const,get_prob,perfect_scores = len([score for score in scores if score == 100]),,0.0032018442,0.031,1790184459.31
2949,02_numeric_values_maybe_const,get_prob,target = 40,,-0.22198641,0.031,1790184459.372
2950,02_numeric_values_maybe_const,get_prob,"numbers = [10, 20, 30, 40, 50]",,-0.41474766,0.031,1790184459.419
2951,02_numeric_values_maybe_const,get_prob,for i in range(1000):,,-0.21831463,0.031,1790184459.466
2952,02_numeric_values_maybe_const,get_prob,result = result[:-2]  # 마지막 쉼표 제거,,-0.13932246,0.031,1790184459.513
2953,02_numeric_values_maybe_const,get_prob,"numbers = [1, 2, 3, 4, 5]",,-0.44124287,0.047,1790184459.575
2954,02_numeric_values_maybe_const,get_prob,    if num % 2 != 0:  # 홀수만 골라서 변환,,-0.10459397,0.031,1790184459.622
2955,02_numeric_values_maybe_const,get_prob,a = sum(len(line) for line in result[:3]),,-0.07125639,0.031,1790184459.669
2956,02_numeric_values_maybe_const,get_prob,d = sum(len(line) for line in result[:3]) + 300,,-0.21249022,0.031,1790184459.716
2957,02_numeric_values_twice,get_embedding,"my_list = [10, 20, 30]",,"[ 2.97358066e-01 -1.67130247e-01  6.10223599e-02  2.43023396e-01
 -8.26084375e-01  7.81893849e-01 -1",0.031,1790184459.779
2958,02_numeric_values_twice,get_embedding,"my_list = [10, 20, 30]",,"[ 2.97358066e-01 -1.67130247e-01  6.10223599e-02  2.43023396e-01
 -8.26084375e-01  7.81893849e-01 -1",0.031,1790184459.841
2959,02_numeric_values_twice,get_embedding,c = my_list[2],,"[ 1.50087857e+00 -3.52195829e-01  3.13301802e-01  1.10899043e+00
 -9.36303437e-01  5.99955261e-01 -3",0.031,1790184459.888
2960,02_numeric_values_twice,get_embedding,c = my_list[2],,"[ 1.50087857e+00 -3.52195829e-01  3.13301802e-01  1.10899043e+00
 -9.36303437e-01  5.99955261e-01 -3",0.047,1790184459.95
2961,02_numeric_values_twice,get_embedding,"my_list = [1, 2, 3, 4, 5]",,"[ 4.76988733e-01  5.29597290e-02 -4.14054841e-01  3.11331868e-01
 -8.01787078e-02  5.91715634e-01 -8",0.031,1790184459.997
2962,02_numeric_values_twice,get_embedding,# 2. unpacking case 2,,"[ 2.01825881e+00 -2.19446290e-02 -9.57369268e-01  5.41853845e-01
 -6.60441399e-01  6.03945017e-01 -7",0.031,1790184460.06
2963,02_numeric_values_twice,get_embedding,"values[0], values[1], values[2] = list([10, 20, 30])",,"[ 5.26445329e-01  1.02114648e-01  9.25496221e-02  8.45492184e-01
 -9.70842957e-01  6.10705197e-01 -9",0.031,1790184460.122
2964,02_numeric_values_twice,get_embedding,"# 결과: values는 [10, 20, 30]이 됩니다.",,"[ 1.32148659e+00 -6.22629583e-01  3.98407429e-01  8.86701643e-01
 -9.44606513e-02  1.57439160e+00 -2",0.031,1790184460.169
2965,02_numeric_values_twice,get_embedding,"aaa, bbb, ccc = list([10, 30, 50])",,"[ 3.92583042e-01  1.28609955e+00 -3.43705714e-01  1.38044372e-01
 -1.71944666e+00  7.60230362e-01 -1",0.031,1790184460.232
2966,02_numeric_values_twice,get_embedding,"    position[0], position[1] = list([150, 240])",,"[-6.60674036e-01 -9.51377332e-01  9.17476535e-01  8.11010778e-01
 -4.02579308e-01  1.01305735e+00 -3",0.031,1790184460.294
2967,02_numeric_values_twice,get_embedding,"    position[0], position[1] = list([150, 240])",,"[-6.60674036e-01 -9.51377332e-01  9.17476535e-01  8.11010778e-01
 -4.02579308e-01  1.01305735e+00 -3",0.031,1790184460.341
2968,02_numeric_values_twice,get_embedding,"    # 결과: position은 [150, 240]이 됩니다.",,"[ 4.23930079e-01 -1.30437970e+00  4.18472022e-01  3.60732079e-01
  8.29642892e-01  1.65254176e-01 -1",0.047,1790184460.404
2969,02_numeric_values_twice,get_embedding,"    rgb_color[0], rgb_color[1], rgb_color[2] = list([255, 128, 64])",,"[ 1.35348642e+00 -1.14477026e+00  2.19655323e+00  1.99872661e+00
 -2.07383469e-01  3.37349963e+00 -1",0.031,1790184460.45
2970,02_numeric_values_twice,get_embedding,"    rgb_color[0], rgb_color[1], rgb_color[2] = [255, 128, 64]",,"[ 1.42353034e+00 -1.30952704e+00  2.45541382e+00  2.13526893e+00
  2.47928631e-02  3.47708392e+00 -2",0.031,1790184460.513
2971,02_numeric_values_twice,get_embedding,"    # 결과: rgb_color는 [255, 128, 64]가 됩니다.",,"[ 3.13402152e+00 -1.08845568e+00  1.66241348e+00  1.31628859e+00
 -2.64163762e-01  2.39400458e+00 -3",0.031,1790184460.575
2972,02_numeric_values_twice,get_embedding,# 2. open file,,"[ 2.17985702e+00 -7.18128160e-02  1.70341110e+00 -3.48636359e-01
  8.64925027e-01  4.15473640e-01 -6",0.031,1790184460.622
2973,02_numeric_values_twice,get_embedding,# 3. key=lambda -> itemgetter,,"[ 3.58065739e-02  1.58965066e-01 -2.17337275e+00  1.80302083e+00
 -1.96015799e+00  1.33305565e-01 -1",0.031,1790184460.685
2974,02_numeric_values_twice,get_embedding,# 4. check f-string,,"[ 2.01213741e+00  3.84018302e-01  9.19093251e-01 -6.45789742e-01
 -5.18561721e-01  7.58625269e-01 -7",0.031,1790184460.747
2975,02_numeric_values_twice,get_embedding,g = int('123') + numeric,,"[ 1.95564079e+00  9.96688530e-02  6.69225633e-01 -9.99024987e-01
 -1.42541516e+00  3.20172811e+00 -1",0.031,1790184460.794
2976,02_numeric_values_twice,get_embedding,"h = numeric + (int(""123""))",,"[ 2.26562047e+00  8.58586252e-01  1.04892766e+00  5.03559053e-01
 -1.64433253e+00  2.62092924e+00 -1",0.031,1790184460.857
2977,02_numeric_values_twice,get_embedding,# 5. collections & itertools use,,"[ 1.63203812e+00 -9.73638892e-01 -3.43385130e-01  3.32516015e-01
 -6.36837065e-01 -1.07930684e+00 -6",0.031,1790184460.904
2978,02_numeric_values_twice,get_embedding,## 5-1. collections (빈도수),,"[ 4.05874908e-01 -4.98118222e-01 -9.05088127e-01  1.18436718e+00
 -1.97381765e-01 -1.53249666e-01 -8",0.031,1790184460.966
2979,02_numeric_values_twice,get_embedding,## 5-2. itertools.chain,,"[ 8.83775711e-01 -3.31963688e-01 -7.54885018e-01  4.93671417e-01
  1.37221336e-01 -1.03510010e+00 -6",0.031,1790184461.028
2980,02_numeric_values_twice,get_embedding,"matrix = [[1, 2], [3, 4], [5, 6]]",,"[ 8.18733335e-01 -1.07781339e+00  2.50343710e-01  5.96325457e-01
 -2.49389097e-01  1.45120704e+00 -8",0.031,1790184461.075
2981,02_numeric_values_twice,get_embedding,"my_list = [1, 2]",,"[ 9.25586879e-01  1.09358460e-01 -2.52212826e-02  4.80193138e-01
 -5.43090105e-01  6.87305406e-02 -1",0.047,1790184461.138
2982,02_numeric_values_twice,get_embedding,"my_tuple = (3, 4)",,"[ 1.33844709e+00  3.10987741e-01 -1.48616046e-01  8.08349967e-01
 -1.23306847e+00  1.19468594e+00 -7",0.031,1790184461.2
2983,02_numeric_values_twice,get_embedding,"my_set = {5, 6}",,"[ 8.23552191e-01 -8.29873979e-02 -1.03859591e+00  7.16034710e-01
 -1.00681603e+00 -3.53670031e-01 -8",0.031,1790184461.247
2984,02_numeric_values_twice,get_embedding,"dict_a = {'a': 1, 'b': 2}",,"[ 1.26177430e+00  1.16901445e+00 -6.01962954e-02  6.87678277e-01
 -2.10642719e+00  7.64136672e-01 -8",0.031,1790184461.31
2985,02_numeric_values_twice,get_embedding,"dict_b = {'c': 3, 'd': 4}",,"[ 1.04735625e+00  1.15739083e+00  3.10242116e-01  6.16451144e-01
 -1.46995103e+00  1.21366465e+00 -5",0.031,1790184461.357
2986,02_numeric_values_twice,get_embedding,## 5-3. glob.glob 사용 (파일 경로명 조건 리스트),,"[ 2.46047363e-01 -6.21947944e-01 -3.71801019e-01  8.53747129e-01
 -2.75855780e-01 -3.95192862e-01  1",0.031,1790184461.419
2987,02_numeric_values_twice,get_embedding,# 6. func args bindable,,"[ 1.52191782e+00 -1.56021975e-02  2.05839664e-01  1.11642849e+00
 -3.67553920e-01  8.12273681e-01 -2",0.031,1790184461.482
2988,02_numeric_values_twice,get_embedding,# 7. attribute getattr,,"[ 8.49819064e-01 -8.96966755e-01  9.72271800e-01 -2.57365048e-01
 -1.30446684e+00  7.64581412e-02 -2",0.031,1790184461.528
2989,02_numeric_values_twice,get_embedding,# 7. attribute getattr,,"[ 8.49819064e-01 -8.96966755e-01  9.72271800e-01 -2.57365048e-01
 -1.30446684e+00  7.64581412e-02 -2",0.031,1790184461.591
2990,02_numeric_values_twice,get_embedding,# 8. re anti-patterns,,"[-2.29578108e-01 -1.23034015e-01 -1.76844031e-01  3.24988291e-02
 -6.24208272e-01 -7.31195927e-01 -1",0.031,1790184461.653
2991,02_numeric_values_twice,get_embedding,# 8. re anti-patterns,,"[-2.29578108e-01 -1.23034015e-01 -1.76844031e-01  3.24988291e-02
 -6.24208272e-01 -7.31195927e-01 -1",0.031,1790184461.7
2992,02_numeric_values_twice,get_embedding,# 2. re.match,,"[ 1.80174458e+00 -4.00915071e-02 -5.08659542e-01  2.69266546e-01
 -1.18509531e+00 -4.61769760e-01 -6",0.047,1790184461.763
2993,02_numeric_values_twice,get_embedding,# 3. re.search,,"[ 1.52817452e+00 -7.36925602e-01 -3.84230167e-01 -2.36291558e-01
 -7.49116182e-01 -6.50978804e-01 -6",0.031,1790184461.825
2994,02_numeric_values_twice,get_embedding,# 4. re.fullmatch,,"[ 1.86058950e+00 -2.05118895e-01 -6.67788088e-01 -1.27715869e-02
 -8.14688027e-01 -1.12842345e+00 -7",0.031,1790184461.872
2995,02_numeric_values_twice,get_embedding,# 5. re.findall,,"[ 1.12556899e+00 -9.97367859e-01 -1.15361428e+00  5.39430650e-03
 -1.18235362e+00 -1.42456937e+00 -7",0.031,1790184461.935
2996,02_numeric_values_twice,get_embedding,# 6. re.finditer,,"[ 1.14269638e+00 -8.08471262e-01 -8.85219455e-01 -3.01890969e-01
 -2.63490260e-01 -1.08685327e+00 -4",0.031,1790184461.982
2997,02_numeric_values_twice,get_embedding,# 7. re.split,,"[ 2.00003314e+00 -1.32359192e-01 -6.95852399e-01  2.46927053e-01
 -1.37759662e+00 -2.84749210e-01 -1",0.031,1790184462.044
2998,02_numeric_values_twice,get_embedding,# 8. re.sub,,"[ 1.11066031e+00  1.36380494e-02  2.34297812e-01  2.18566194e-01
 -1.47447538e+00 -4.71748292e-01 -1",0.031,1790184462.107
2999,02_numeric_values_twice,get_embedding,"f = lambda x: pow(x, 2)",,"[ 1.18886995e+00  7.70764947e-01  3.18044305e-01  8.68514329e-02
 -1.44401753e+00  1.90855658e+00 -9",0.031,1790184462.153
3000,02_numeric_values_twice,get_embedding,"    return function1(1) + function2(1, 2) + function3(1, 2, 3)",,"[ 2.04668212e+00  1.09374154e+00 -1.19320452e+00  1.45119262e+00
 -5.87570131e-01  6.25178993e-01 -2",0.031,1790184462.216
3001,02_numeric_values_twice,get_embedding,"    function1=lambda x: pow(x, 2),",,"[ 1.42130268e+00  7.36143887e-01  9.26066697e-01  9.45257187e-01
 -1.24743640e+00  1.51331604e+00 -1",0.031,1790184462.278
3002,02_numeric_values_twice,get_embedding,# 10. prefix & suffix,,"[ 1.75555253e+00 -3.64090323e-01 -1.17037408e-02 -9.09071639e-02
 -1.93382192e+00  8.20692539e-01 -1",0.031,1790184462.325
3003,02_numeric_values_twice,get_embedding,if test_str[:2] == 'ab':,,"[ 1.64231324e+00  2.87089914e-01 -3.21239322e-01 -4.36944366e-01
 -1.37060285e+00  9.36469138e-01 -7",0.047,1790184462.388
3004,02_numeric_values_twice,get_embedding,if test_str[:4] == 'abcd':,,"[ 1.41973388e+00  2.13069484e-01 -1.98496684e-01  7.59108439e-02
 -1.09246314e+00  6.94351554e-01 -3",0.031,1790184462.45
3005,02_numeric_values_twice,get_embedding,    print(2),,"[ 1.74040031e+00  4.84979540e-01  1.28504002e+00  1.07533598e+00
 -7.85220504e-01  1.48424232e+00 -1",0.031,1790184462.497
3006,02_numeric_values_twice,get_embedding,if test_str[-2:] == 'gh':,,"[ 1.40907884e+00  4.71565187e-01  1.76349413e-02 -9.43217039e-01
 -1.10102665e+00  1.51820540e+00 -6",0.031,1790184462.56
3007,02_numeric_values_twice,get_embedding,    print(3),,"[ 1.77703202e+00  2.45839551e-01  1.12394094e+00  1.39837539e+00
 -5.17446935e-01  1.55375075e+00 -1",0.031,1790184462.607
3008,02_numeric_values_twice,get_embedding,if test_str[-3:] == 'fgh':,,"[ 1.93549240e+00 -9.77719188e-01 -1.00082032e-01 -8.58788490e-01
 -4.82790798e-01  1.20255184e+00 -1",0.031,1790184462.669
3009,02_numeric_values_twice,get_embedding,    print(4),,"[ 1.86815047e+00 -1.58629045e-01  1.27253437e+00  1.34501541e+00
 -7.66563416e-01  1.59465897e+00 -1",0.031,1790184462.732
3010,02_numeric_values_twice,get_embedding,    print(5),,"[ 1.92758071e+00  9.25593376e-02  1.17311966e+00  1.41687202e+00
 -2.95237213e-01  1.32179463e+00 -1",0.031,1790184462.778
3011,02_numeric_values_twice,get_embedding,if test_str[len(test_str) - 2:] == 'gh':,,"[ 1.41627502e+00  1.59022719e-01  3.39412540e-01 -1.10113561e+00
 -1.20088029e+00  1.58972073e+00 -5",0.031,1790184462.841
3012,02_numeric_values_twice,get_embedding,    print(6),,"[ 1.67195988e+00  2.98681464e-02  1.04041886e+00  1.31794107e+00
 -1.24800205e-01  1.27357006e+00 -1",0.031,1790184462.903
3013,02_numeric_values_maybe_const,get_prob,"my_list = [10, 20, 30]",,-0.22411817,0.031,1790184462.982
3014,02_numeric_values_maybe_const,get_prob,c = my_list[2],,-0.13461165,0.031,1790184463.028
3015,02_numeric_values_maybe_const,get_prob,"my_list = [1, 2, 3, 4, 5]",,-0.2835473,0.031,1790184463.091
3016,02_numeric_values_maybe_const,get_prob,# 2. unpacking case 2,,-0.16139087,0.031,1790184463.138
3017,02_numeric_values_maybe_const,get_prob,"values[0], values[1], values[2] = list([10, 20, 30])",,-0.4771609,0.031,1790184463.185
3018,02_numeric_values_maybe_const,get_prob,"# 결과: values는 [10, 20, 30]이 됩니다.",,-0.20456329,0.031,1790184463.247
3019,02_numeric_values_maybe_const,get_prob,"aaa, bbb, ccc = list([10, 30, 50])",,-0.2803478,0.031,1790184463.294
3020,02_numeric_values_maybe_const,get_prob,"    position[0], position[1] = list([150, 240])",,-0.35808295,0.031,1790184463.341
3021,02_numeric_values_maybe_const,get_prob,"    # 결과: position은 [150, 240]이 됩니다.",,-0.09247131,0.047,1790184463.403
3022,02_numeric_values_maybe_const,get_prob,"    rgb_color[0], rgb_color[1], rgb_color[2] = list([255, 128, 64])",,-0.3995574,0.031,1790184463.45
3023,02_numeric_values_maybe_const,get_prob,"    rgb_color[0], rgb_color[1], rgb_color[2] = [255, 128, 64]",,-0.35764122,0.031,1790184463.497
3024,02_numeric_values_maybe_const,get_prob,"    # 결과: rgb_color는 [255, 128, 64]가 됩니다.",,-0.09932602,0.031,1790184463.544
3025,02_numeric_values_maybe_const,get_prob,# 2. open file,,-0.42859867,0.031,1790184463.606
3026,02_numeric_values_maybe_const,get_prob,# 3. key=lambda -> itemgetter,,0.15841883,0.031,1790184463.653
3027,02_numeric_values_maybe_const,get_prob,# 4. check f-string,,-0.1654436,0.047,1790184463.716
3028,02_numeric_values_maybe_const,get_prob,c = key_name + '21345',,0.07846304,0.031,1790184463.763
3029,02_numeric_values_maybe_const,get_prob,"d = key_name + ""13456""",,-0.07153625,0.031,1790184463.81
3030,02_numeric_values_maybe_const,get_prob,"e = ""a"" + ""bb"" + ""ccc"" + str(1234)",,-0.32737204,0.031,1790184463.856
3031,02_numeric_values_maybe_const,get_prob,g = int('123') + numeric,,-0.19616194,0.031,1790184463.919
3032,02_numeric_values_maybe_const,get_prob,"h = numeric + (int(""123""))",,0.00794735,0.031,1790184463.966
3033,02_numeric_values_maybe_const,get_prob,# 5. collections & itertools use,,0.09148856,0.031,1790184464.013
3034,02_numeric_values_maybe_const,get_prob,## 5-1. collections (빈도수),,-0.31845078,0.047,1790184464.075
3035,02_numeric_values_maybe_const,get_prob,## 5-2. itertools.chain,,0.14613807,0.031,1790184464.122
3036,02_numeric_values_maybe_const,get_prob,"matrix = [[1, 2], [3, 4], [5, 6]]",,-0.6692026,0.031,1790184464.169
3037,02_numeric_values_maybe_const,get_prob,"my_list = [1, 2]",,-0.18068437,0.047,1790184464.231
3038,02_numeric_values_maybe_const,get_prob,"my_tuple = (3, 4)",,-0.27339128,0.031,1790184464.278
3039,02_numeric_values_maybe_const,get_prob,"my_set = {5, 6}",,-0.11233551,0.031,1790184464.325
3040,02_numeric_values_maybe_const,get_prob,"dict_a = {'a': 1, 'b': 2}",,0.05457703,0.031,1790184464.388
3041,02_numeric_values_maybe_const,get_prob,"dict_b = {'c': 3, 'd': 4}",,0.11133658,0.031,1790184464.435
3042,02_numeric_values_maybe_const,get_prob,## 5-3. glob.glob 사용 (파일 경로명 조건 리스트),,0.0049247015,0.031,1790184464.497
3043,02_numeric_values_maybe_const,get_prob,# 6. func args bindable,,0.3861694,0.031,1790184464.544
3044,02_numeric_values_maybe_const,get_prob,# 7. attribute getattr,,0.40908366,0.031,1790184464.591
3045,02_numeric_values_maybe_const,get_prob,# 8. re anti-patterns,,-0.11392445,0.031,1790184464.653
3046,02_numeric_values_maybe_const,get_prob,"text = ""Hello 123 World\nNext Line\tTabbed""",,0.028682167,0.031,1790184464.7
3047,02_numeric_values_maybe_const,get_prob,# 2. re.match,,-0.094148256,0.031,1790184464.747
3048,02_numeric_values_maybe_const,get_prob,# 3. re.search,,0.13705924,0.047,1790184464.81
3049,02_numeric_values_maybe_const,get_prob,# 4. re.fullmatch,,0.2035661,0.031,1790184464.856
3050,02_numeric_values_maybe_const,get_prob,# 5. re.findall,,-0.12409514,0.031,1790184464.903
3051,02_numeric_values_maybe_const,get_prob,# 6. re.finditer,,0.34022245,0.031,1790184464.95
3052,02_numeric_values_maybe_const,get_prob,# 7. re.split,,-0.04419043,0.031,1790184465.013
3053,02_numeric_values_maybe_const,get_prob,# 8. re.sub,,0.3004016,0.031,1790184465.06
3054,02_numeric_values_maybe_const,get_prob,# 9. f = lambda x: ... -> def f(x): return ...,,-0.03504271,0.031,1790184465.106
3055,02_numeric_values_maybe_const,get_prob,"f = lambda x: pow(x, 2)",,-0.4382797,0.031,1790184465.169
3056,02_numeric_values_maybe_const,get_prob,"    return function1(1) + function2(1, 2) + function3(1, 2, 3)",,-0.43733543,0.031,1790184465.216
3057,02_numeric_values_maybe_const,get_prob,"    function1=lambda x: pow(x, 2),",,-0.6566141,0.031,1790184465.263
3058,02_numeric_values_maybe_const,get_prob,# 10. prefix & suffix,,-0.27062947,0.047,1790184465.325
3059,02_numeric_values_maybe_const,get_prob,if test_str[:2] == 'ab':,,0.088458695,0.031,1790184465.372
3060,02_numeric_values_maybe_const,get_prob,if test_str[:4] == 'abcd':,,-0.033691324,0.031,1790184465.419
3061,02_numeric_values_maybe_const,get_prob,    print(2),,0.039452545,0.031,1790184465.466
3062,02_numeric_values_maybe_const,get_prob,if test_str[-2:] == 'gh':,,0.19431326,0.031,1790184465.528
3063,02_numeric_values_maybe_const,get_prob,    print(3),,-0.0754421,0.031,1790184465.575
3064,02_numeric_values_maybe_const,get_prob,if test_str[-3:] == 'fgh':,,0.050611623,0.031,1790184465.622
3065,02_numeric_values_maybe_const,get_prob,    print(4),,-0.12319482,0.031,1790184465.684
3066,02_numeric_values_maybe_const,get_prob,    print(5),,-0.049222223,0.031,1790184465.731
3067,02_numeric_values_maybe_const,get_prob,if test_str[len(test_str) - 2:] == 'gh':,,0.22992644,0.031,1790184465.778
3068,02_numeric_values_maybe_const,get_prob,    print(6),,-0.041070975,0.047,1790184465.841
3069,02_numeric_values_twice,get_embedding,# 2. function-related errors,,"[ 9.27227557e-01  1.05487108e+00  1.64356232e-01  9.45274591e-01
 -1.02347636e+00 -1.14554567e-02 -9",0.031,1790184465.888
3070,02_numeric_values_twice,get_embedding,# 2. function-related errors,,"[ 9.27227557e-01  1.05487108e+00  1.64356232e-01  9.45274591e-01
 -1.02347636e+00 -1.14554567e-02 -9",0.031,1790184465.95
3071,02_numeric_values_twice,get_embedding,# 3. assertion을 exception handling으로 사용,,"[ 1.09048891e+00  2.69624829e-01 -1.62245572e-01  8.71302009e-01
  1.81448057e-01  4.50888753e-01 -9",0.031,1790184466.013
3072,02_numeric_values_twice,get_embedding,# 3. assertion을 exception handling으로 사용,,"[ 1.09048891e+00  2.69624829e-01 -1.62245572e-01  8.71302009e-01
  1.81448057e-01  4.50888753e-01 -9",0.031,1790184466.059
3073,02_numeric_values_twice,get_embedding,# 4. Python 예약어를 변수명이나 함수의 인수명으로 사용하지 않는다.,,"[ 1.27382243e+00 -1.46600282e+00  6.14672363e-01  7.77098536e-01
 -4.20961261e-01  8.97857964e-01 -1",0.031,1790184466.122
3074,02_numeric_values_twice,get_embedding,# 4. Python 예약어를 변수명이나 함수의 인수명으로 사용하지 않는다.,,"[ 1.27382243e+00 -1.46600282e+00  6.14672363e-01  7.77098536e-01
 -4.20961261e-01  8.97857964e-01 -1",0.031,1790184466.184
3075,02_numeric_values_twice,get_embedding,"    # 4~6: 지역 변수명(Variable)으로 내장 타입/함수명을 잘못 사용한 예시 (str, int, sum)",,"[ 2.16927862e+00 -4.87208873e-01  6.87923789e-01  1.31169677e+00
 -4.70344782e-01  7.23533869e-01 -1",0.031,1790184466.231
3076,02_numeric_values_twice,get_embedding,"result = calculate_items(id=101, list=[1, 2, 3], print=""출력값역할"")",,"[ 1.00697565e+00 -7.26920605e-01 -1.25309777e+00  7.82751262e-01
  8.01652968e-01  3.16932872e-02 -1",0.031,1790184466.294
3077,02_numeric_values_maybe_const,get_prob,# 2. function-related errors,,-0.14689837,0.031,1790184466.356
3078,02_numeric_values_maybe_const,get_prob,"def func_test(a: int = 1, b: float = 2.0):",,-0.25074223,0.031,1790184466.403
3079,02_numeric_values_maybe_const,get_prob,# 3. assertion을 exception handling으로 사용,,0.21767744,0.031,1790184466.45
3080,02_numeric_values_maybe_const,get_prob,# 4. Python 예약어를 변수명이나 함수의 인수명으로 사용하지 않는다.,,0.2523618,0.031,1790184466.513
3081,02_numeric_values_maybe_const,get_prob,"    # 4~6: 지역 변수명(Variable)으로 내장 타입/함수명을 잘못 사용한 예시 (str, int, sum)",,-0.03971935,0.031,1790184466.559
3082,02_numeric_values_maybe_const,get_prob,    int = 10,,-0.81173104,0.031,1790184466.606
3083,02_numeric_values_maybe_const,get_prob,"result = calculate_items(id=101, list=[1, 2, 3], print=""출력값역할"")",,-0.27695253,0.031,1790184466.669
3084,02_numeric_values_maybe_const,get_prob,dict = 333,,-0.30540228,0.031,1790184466.716
3085,02_numeric_values_maybe_const,get_prob,abs = 123,,0.14384653,0.031,1790184466.763
3086,02_numeric_values_twice,get_embedding,# 함수 호출 (매번 4개의 인수를 똑같이 넘겨야 함),,"[ 2.24953604e+00 -8.95084620e-01  7.10508108e-01  1.51413357e+00
  2.29320988e-01  1.51115263e+00 -1",0.031,1790184466.825
3087,02_numeric_values_twice,get_embedding,# 함수 호출 (매번 4개의 인수를 똑같이 넘겨야 함),,"[ 2.24953604e+00 -8.95084620e-01  7.10508108e-01  1.51413357e+00
  2.29320988e-01  1.51115263e+00 -1",0.031,1790184466.888
3088,02_numeric_values_twice,get_embedding,# 2. 상태 값으로 판단되는 값을 조건으로 하여 body가 1줄 정도의 일정한 패턴인 if-elif-else 처리가 있는 경우,,"[ 1.33237374e+00 -4.40740824e-01 -1.15969039e-01  1.01020348e+00
  7.09239423e-01  5.92816234e-01 -1",0.031,1790184466.95
3089,02_numeric_values_twice,get_embedding,# 2. 상태 값으로 판단되는 값을 조건으로 하여 body가 1줄 정도의 일정한 패턴인 if-elif-else 처리가 있는 경우,,"[ 1.33237374e+00 -4.40740824e-01 -1.15969039e-01  1.01020348e+00
  7.09239423e-01  5.92816234e-01 -1",0.031,1790184466.997
3090,02_numeric_values_twice,get_embedding,"# 3. 객체의 인터페이스 공개용이 아닌 (= 클래스 내부에서만 쓰이는) 속성, 메서드에 접두사 _ 있을때 호출",,"[ 6.87252522e-01 -1.08146763e+00 -2.56204754e-01  8.11074525e-02
  1.71431512e-01  3.87659431e-01 -6",0.047,1790184467.059
3091,02_numeric_values_twice,get_embedding,"# 3. 객체의 인터페이스 공개용이 아닌 (= 클래스 내부에서만 쓰이는) 속성, 메서드에 접두사 _ 있을때 호출",,"[ 6.87252522e-01 -1.08146763e+00 -2.56204754e-01  8.11074525e-02
  1.71431512e-01  3.87659431e-01 -6",0.031,1790184467.122
3092,02_numeric_values_twice,get_embedding,"my_list = CustomList([1, 2, 3, 4, 5])",,"[ 6.49855494e-01  1.44332960e-01 -7.40912914e-01  7.64740944e-01
 -8.10809359e-02  7.36608565e-01 -1",0.031,1790184467.169
3093,02_numeric_values_twice,get_embedding,print(len(my_list))          # 출력: 5,,"[ 1.22824955e+00 -6.53758109e-01 -1.90160543e-01  9.24135923e-01
  1.41765368e+00  1.46974280e-01 -8",0.031,1790184467.231
3094,02_numeric_values_twice,get_embedding,print(my_list.__len__())     # 출력: 5,,"[ 1.13585460e+00 -2.83817261e-01 -6.25057280e-01  1.25460851e+00
  9.49998260e-01 -3.18540692e-01 -9",0.031,1790184467.294
3095,02_numeric_values_maybe_const,get_prob,        shipping_fee = 5000,,-0.563188,0.031,1790184467.341
3096,02_numeric_values_maybe_const,get_prob,        shipping_fee = 3000,,-0.4696733,0.047,1790184467.403
3097,02_numeric_values_maybe_const,get_prob,# 함수 호출 (매번 4개의 인수를 똑같이 넘겨야 함),,-0.030191755,0.031,1790184467.45
3098,02_numeric_values_maybe_const,get_prob,price = 1200000,,-1.267946,0.031,1790184467.497
3099,02_numeric_values_maybe_const,get_prob,# 2. 상태 값으로 판단되는 값을 조건으로 하여 body가 1줄 정도의 일정한 패턴인 if-elif-else 처리가 있는 경우,,0.17577116,0.031,1790184467.544
3100,02_numeric_values_maybe_const,get_prob,            return price * 0.8,,-0.0043335017,0.031,1790184467.606
3101,02_numeric_values_maybe_const,get_prob,            return price * 0.9,,-0.16000038,0.031,1790184467.653
3102,02_numeric_values_maybe_const,get_prob,            return price * 0.95,,0.08775451,0.031,1790184467.7
3103,02_numeric_values_maybe_const,get_prob,        return price * 0.05,,-0.3150399,0.031,1790184467.762
3104,02_numeric_values_maybe_const,get_prob,        return price * 0.08,,-0.22622955,0.031,1790184467.809
3105,02_numeric_values_maybe_const,get_prob,        return price * 0.10,,-0.14521766,0.031,1790184467.856
3106,02_numeric_values_maybe_const,get_prob,"# 3. 객체의 인터페이스 공개용이 아닌 (= 클래스 내부에서만 쓰이는) 속성, 메서드에 접두사 _ 있을때 호출",,0.07552212,0.031,1790184467.919
3107,02_numeric_values_maybe_const,get_prob,"        self.__pin_code = ""1234""",,-0.23197724,0.031,1790184467.966
3108,02_numeric_values_maybe_const,get_prob,print(phone._Smartphone__pin_code)       # 출력: 1234,,0.16429499,0.031,1790184468.012
3109,02_numeric_values_maybe_const,get_prob,"my_list = CustomList([1, 2, 3, 4, 5])",,-0.21516287,0.031,1790184468.075
3110,02_numeric_values_maybe_const,get_prob,print(len(my_list))          # 출력: 5,,-0.16895798,0.031,1790184468.122
3111,02_numeric_values_maybe_const,get_prob,print(my_list.__len__())     # 출력: 5,,-0.10193075,0.031,1790184468.169
3112,02_numeric_values_maybe_const,get_prob,def order_consumer_ranking():  # line 28 함수와 유사,,-0.17184563,0.031,1790184468.231
3113,02_numeric_values_maybe_const,get_prob,# 6개월 후 추가,,-0.5080154,0.031,1790184468.278
3114,02_numeric_values_maybe_const,get_prob,def rank_customer():  # line 8 함수와 유사,,-0.14941296,0.031,1790184468.325
3115,02_numeric_values_maybe_const,get_prob,    send_welcome_email('123'),,-0.3173121,0.034,1790184468.39
3116,04_func_args_bindable,get_prob,original_code,,-0.52280456,0.031,1790184485.105
3117,04_func_args_dynamic,get_prob,original_code,,0.025933001,0.047,1790184485.168
3118,04_func_args_bindable,get_prob,final_result_dict,,-0.7442745,0.031,1790184485.215
3119,04_func_args_dynamic,get_prob,final_result_dict,,-0.10898718,0.047,1790184485.277
3120,04_func_args_bindable,get_prob,original_str,,-0.8897146,0.031,1790184485.324
3121,04_func_args_dynamic,get_prob,original_str,,0.29796964,0.031,1790184485.371
3122,04_func_args_bindable,get_prob,line,,-0.3741064,0.047,1790184485.433
3123,04_func_args_dynamic,get_prob,line,,-0.47617447,0.031,1790184485.48
3124,04_func_args_bindable,get_prob,"py_code,regex,except_comment,except_docstring",,-0.083954416,0.031,1790184485.527
3125,04_func_args_dynamic,get_prob,"py_code,regex,except_comment,except_docstring",,0.42301172,0.031,1790184485.59
3126,04_func_args_bindable,get_prob,line,,-0.3741064,0.031,1790184485.637
3127,04_func_args_dynamic,get_prob,line,,-0.47617447,0.031,1790184485.683
3128,04_func_args_bindable,get_prob,"a,b",,-0.59123576,0.031,1790184485.746
3129,04_func_args_dynamic,get_prob,"a,b",,-1.0974324,0.031,1790184485.793
3130,04_func_args_bindable,get_prob,"self,py_codes,config,code_path",,-0.09411558,0.031,1790184485.84
3131,04_func_args_dynamic,get_prob,"self,py_codes,config,code_path",,0.07500672,0.031,1790184485.902
3132,04_func_args_bindable,get_prob,self,,-0.8105269,0.031,1790184485.949
3133,04_func_args_dynamic,get_prob,self,,-0.7608124,0.031,1790184485.996
3134,04_func_args_bindable,get_prob,self,,-0.8105269,0.031,1790184486.058
3135,04_func_args_dynamic,get_prob,self,,-0.7608124,0.031,1790184486.105
3136,04_func_args_bindable,get_prob,self,,-0.8105269,0.031,1790184486.152
3137,04_func_args_dynamic,get_prob,self,,-0.7608124,0.031,1790184486.215
3138,04_func_args_bindable,get_prob,"self,py_file_path,parsed_py_code,imported_dict",,-0.4137178,0.031,1790184486.262
3139,04_func_args_dynamic,get_prob,"self,py_file_path,parsed_py_code,imported_dict",,0.132945,0.031,1790184486.308
3140,04_func_args_bindable,get_prob,"self,py_file_path,parsed_py_code",,-0.8528848,0.031,1790184486.371
3141,04_func_args_dynamic,get_prob,"self,py_file_path,parsed_py_code",,0.08794542,0.031,1790184486.418
3142,04_func_args_bindable,get_prob,self,,-0.8105269,0.031,1790184486.465
3143,04_func_args_dynamic,get_prob,self,,-0.7608124,0.031,1790184486.527
3144,04_func_args_bindable,get_prob,"self,regex,match_func,file_line_match_func,type_name,forward_lines",,0.25961348,0.031,1790184486.574
3145,04_func_args_dynamic,get_prob,"self,regex,match_func,file_line_match_func,type_name,forward_lines",,0.3075122,0.031,1790184486.621
3146,04_func_args_bindable,get_prob,self,,-0.8105269,0.031,1790184486.683
3147,04_func_args_dynamic,get_prob,self,,-0.7608124,0.031,1790184486.73
3148,04_func_args_bindable,get_prob,"self,additional_check_func",,-0.0942087,0.047,1790184486.793
3149,04_func_args_dynamic,get_prob,"self,additional_check_func",,0.13412453,0.031,1790184486.84
3150,04_func_args_bindable,get_prob,"py_file_path,line_no,current_if_elifs,additional_check_func",,-0.33419788,0.031,1790184486.886
3151,04_func_args_dynamic,get_prob,"py_file_path,line_no,current_if_elifs,additional_check_func",,-0.10844725,0.047,1790184486.949
3152,04_func_args_bindable,get_prob,self,,-0.8105269,0.031,1790184486.996
3153,04_func_args_dynamic,get_prob,self,,-0.7608124,0.031,1790184487.043
3154,04_func_args_bindable,get_prob,"self,py_codes,config,code_path",,-0.09411558,0.047,1790184487.105
3155,04_func_args_dynamic,get_prob,"self,py_codes,config,code_path",,0.07500672,0.031,1790184487.152
3156,04_func_args_bindable,get_prob,"self,file_name_include,item_name",,-0.729608,0.031,1790184487.199
3157,04_func_args_dynamic,get_prob,"self,file_name_include,item_name",,0.09722446,0.031,1790184487.261
3158,04_func_args_bindable,get_prob,self,,-0.8105269,0.031,1790184487.308
3159,04_func_args_dynamic,get_prob,self,,-0.7608124,0.031,1790184487.355
3160,04_func_args_bindable,get_prob,"self,body_1,body_2",,-0.29210925,0.031,1790184487.418
3161,04_func_args_dynamic,get_prob,"self,body_1,body_2",,-0.71152097,0.031,1790184487.465
3162,04_func_args_bindable,get_prob,self,,-0.8105269,0.031,1790184487.511
3163,04_func_args_dynamic,get_prob,self,,-0.7608124,0.031,1790184487.574
3164,04_func_args_bindable,get_prob,self,,-0.8105269,0.031,1790184487.621
3165,04_func_args_dynamic,get_prob,self,,-0.7608124,0.031,1790184487.668
3166,04_func_args_bindable,get_prob,self,,-0.8105269,0.031,1790184487.73
3167,04_func_args_dynamic,get_prob,self,,-0.7608124,0.031,1790184487.777
3168,04_func_args_bindable,get_prob,"self,text_embedding_model,value_dict,only_same,include_same",,-0.37233245,0.031,1790184487.824
3169,04_func_args_dynamic,get_prob,"self,text_embedding_model,value_dict,only_same,include_same",,-0.2859297,0.031,1790184487.886
3170,04_func_args_bindable,get_prob,"info,py_file_path",,-1.0120459,0.031,1790184487.933
3171,04_func_args_dynamic,get_prob,"info,py_file_path",,-0.041653868,0.047,1790184487.996
3172,04_func_args_bindable,get_prob,self,,-0.8105269,0.031,1790184488.043
3173,04_func_args_dynamic,get_prob,self,,-0.7608124,0.031,1790184488.09
3174,04_func_args_bindable,get_prob,self,,-0.8105269,0.047,1790184488.152
3175,04_func_args_dynamic,get_prob,self,,-0.7608124,0.031,1790184488.199
3176,04_func_args_bindable,get_prob,self,,-0.8105269,0.031,1790184488.246
3177,04_func_args_dynamic,get_prob,self,,-0.7608124,0.031,1790184488.308
3178,04_func_args_bindable,get_prob,self,,-0.8105269,0.031,1790184488.355
3179,04_func_args_dynamic,get_prob,self,,-0.7608124,0.031,1790184488.402
3180,04_func_args_bindable,get_prob,self,,-0.8105269,0.031,1790184488.465
3181,04_func_args_dynamic,get_prob,self,,-0.7608124,0.031,1790184488.511
3182,04_func_args_bindable,get_prob,self,,-0.8105269,0.031,1790184488.558
3183,04_func_args_dynamic,get_prob,self,,-0.7608124,0.031,1790184488.621
3184,04_func_args_bindable,get_prob,self,,-0.8105269,0.031,1790184488.668
3185,04_func_args_dynamic,get_prob,self,,-0.7608124,0.031,1790184488.715
3186,04_func_args_bindable,get_prob,self,,-0.8105269,0.031,1790184488.777
3187,04_func_args_dynamic,get_prob,self,,-0.7608124,0.031,1790184488.824
3188,04_func_args_bindable,get_prob,self,,-0.8105269,0.047,1790184488.886
3189,04_func_args_dynamic,get_prob,self,,-0.7608124,0.031,1790184488.933
3190,04_func_args_bindable,get_prob,"self,py_codes,config,code_path",,-0.09411558,0.031,1790184488.98
3191,04_func_args_dynamic,get_prob,"self,py_codes,config,code_path",,0.07500672,0.031,1790184489.043
3192,04_func_args_bindable,get_prob,self,,-0.8105269,0.031,1790184489.089
3193,04_func_args_dynamic,get_prob,self,,-0.7608124,0.031,1790184489.136
3194,04_func_args_bindable,get_prob,self,,-0.8105269,0.031,1790184489.199
3195,04_func_args_dynamic,get_prob,self,,-0.7608124,0.031,1790184489.246
3196,04_func_args_bindable,get_prob,self,,-0.8105269,0.031,1790184489.293
3197,04_func_args_dynamic,get_prob,self,,-0.7608124,0.031,1790184489.355
3198,04_func_args_bindable,get_prob,self,,-0.8105269,0.031,1790184489.402
3199,04_func_args_dynamic,get_prob,self,,-0.7608124,0.031,1790184489.449
3200,04_func_args_bindable,get_prob,self,,-0.8105269,0.031,1790184489.511
3201,04_func_args_dynamic,get_prob,self,,-0.7608124,0.031,1790184489.558
3202,04_func_args_bindable,get_prob,self,,-0.8105269,0.047,1790184489.621
3203,04_func_args_dynamic,get_prob,self,,-0.7608124,0.031,1790184489.668
3204,04_func_args_bindable,get_prob,"self,py_codes,config,code_path",,-0.09411558,0.031,1790184489.714
3205,04_func_args_dynamic,get_prob,"self,py_codes,config,code_path",,0.07500672,0.031,1790184489.777
3206,04_func_args_bindable,get_prob,self,,-0.8105269,0.031,1790184489.824
3207,04_func_args_dynamic,get_prob,self,,-0.7608124,0.031,1790184489.871
3208,04_func_args_bindable,get_prob,self,,-0.8105269,0.031,1790184489.933
3209,04_func_args_dynamic,get_prob,self,,-0.7608124,0.031,1790184489.98
3210,04_func_args_bindable,get_prob,self,,-0.8105269,0.047,1790184490.043
3211,04_func_args_dynamic,get_prob,self,,-0.7608124,0.031,1790184490.089
3212,04_func_args_bindable,get_prob,self,,-0.8105269,0.031,1790184490.136
3213,04_func_args_dynamic,get_prob,self,,-0.7608124,0.031,1790184490.199
3214,04_func_args_bindable,get_prob,self,,-0.8105269,0.031,1790184490.246
3215,04_func_args_dynamic,get_prob,self,,-0.7608124,0.031,1790184490.293
3216,04_func_args_bindable,get_prob,self,,-0.8105269,0.031,1790184490.355
3217,04_func_args_dynamic,get_prob,self,,-0.7608124,0.031,1790184490.402
3218,04_func_args_bindable,get_prob,self,,-0.8105269,0.031,1790184490.449
3219,04_func_args_dynamic,get_prob,self,,-0.7608124,0.031,1790184490.511
3220,04_func_args_bindable,get_prob,matched,,-0.54512,0.031,1790184490.558
3221,04_func_args_dynamic,get_prob,matched,,-0.5308206,0.031,1790184490.621
3222,04_func_args_bindable,get_prob,self,,-0.8105269,0.031,1790184490.668
3223,04_func_args_dynamic,get_prob,self,,-0.7608124,0.031,1790184490.714
3224,04_func_args_bindable,get_prob,self,,-0.8105269,0.031,1790184490.777
3225,04_func_args_dynamic,get_prob,self,,-0.7608124,0.031,1790184490.824
3226,04_func_args_bindable,get_prob,self,,-0.8105269,0.031,1790184490.871
3227,04_func_args_dynamic,get_prob,self,,-0.7608124,0.031,1790184490.933
3228,04_func_args_bindable,get_prob,self,,-0.8105269,0.031,1790184490.98
3229,04_func_args_dynamic,get_prob,self,,-0.7608124,0.047,1790184491.043
3230,04_func_args_bindable,get_prob,self,,-0.8105269,0.031,1790184491.089
3231,04_func_args_dynamic,get_prob,self,,-0.7608124,0.031,1790184491.136
3232,04_func_args_bindable,get_prob,self,,-0.8105269,0.031,1790184491.199
3233,04_func_args_dynamic,get_prob,self,,-0.7608124,0.031,1790184491.246
3234,04_func_args_bindable,get_prob,self,,-0.8105269,0.031,1790184491.293
3235,04_func_args_dynamic,get_prob,self,,-0.7608124,0.031,1790184491.355
3236,04_func_args_bindable,get_prob,self,,-0.8105269,0.031,1790184491.402
3237,04_func_args_dynamic,get_prob,self,,-0.7608124,0.031,1790184491.449
3238,04_func_args_bindable,get_prob,self,,-0.8105269,0.031,1790184491.511
3239,04_func_args_dynamic,get_prob,self,,-0.7608124,0.031,1790184491.558
3240,04_func_args_bindable,get_prob,self,,-0.8105269,0.047,1790184491.621
3241,04_func_args_dynamic,get_prob,self,,-0.7608124,0.031,1790184491.667
3242,04_func_args_bindable,get_prob,self,,-0.8105269,0.031,1790184491.714
3243,04_func_args_dynamic,get_prob,self,,-0.7608124,0.031,1790184491.777
3244,04_func_args_bindable,get_prob,"self,py_codes,config,code_path",,-0.09411558,0.031,1790184491.824
3245,04_func_args_dynamic,get_prob,"self,py_codes,config,code_path",,0.07500672,0.031,1790184491.871
3246,04_func_args_bindable,get_prob,self,,-0.8105269,0.031,1790184491.933
3247,04_func_args_dynamic,get_prob,self,,-0.7608124,0.031,1790184491.98
3248,04_func_args_bindable,get_prob,self,,-0.8105269,0.047,1790184492.042
3249,04_func_args_dynamic,get_prob,self,,-0.7608124,0.031,1790184492.089
3250,04_func_args_bindable,get_prob,self,,-0.8105269,0.031,1790184492.136
3251,04_func_args_dynamic,get_prob,self,,-0.7608124,0.031,1790184492.199
3252,04_func_args_bindable,get_prob,self,,-0.8105269,0.031,1790184492.246
3253,04_func_args_dynamic,get_prob,self,,-0.7608124,0.031,1790184492.292
3254,04_func_args_bindable,get_prob,self,,-0.8105269,0.031,1790184492.355
3255,04_func_args_dynamic,get_prob,self,,-0.7608124,0.031,1790184492.417
3256,04_func_args_bindable,get_prob,self,,-0.8105269,0.031,1790184492.464
3257,04_func_args_dynamic,get_prob,self,,-0.7608124,0.047,1790184492.527
3258,04_func_args_bindable,get_prob,self,,-0.8105269,0.031,1790184492.574
3259,04_func_args_dynamic,get_prob,self,,-0.7608124,0.031,1790184492.621
3260,04_func_args_bindable,get_prob,self,,-0.8105269,0.031,1790184492.683
3261,04_func_args_dynamic,get_prob,self,,-0.7608124,0.031,1790184492.73
3262,04_func_args_bindable,get_prob,self,,-0.8105269,0.031,1790184492.777
3263,04_func_args_dynamic,get_prob,self,,-0.7608124,0.031,1790184492.839
3264,04_func_args_bindable,get_prob,"matched_groups,py_file_path,line_no",,-0.49073374,0.031,1790184492.886
3265,04_func_args_dynamic,get_prob,"matched_groups,py_file_path,line_no",,-0.22744122,0.047,1790184492.949
3266,04_func_args_bindable,get_prob,self,,-0.8105269,0.031,1790184492.996
3267,04_func_args_dynamic,get_prob,self,,-0.7608124,0.031,1790184493.042
3268,04_func_args_bindable,get_prob,self,,-0.8105269,0.031,1790184493.105
3269,04_func_args_dynamic,get_prob,self,,-0.7608124,0.031,1790184493.152
3270,04_func_args_bindable,get_prob,"self,py_codes,config,code_path",,-0.09411558,0.031,1790184493.199
3271,04_func_args_dynamic,get_prob,"self,py_codes,config,code_path",,0.07500672,0.031,1790184493.261
3272,04_func_args_bindable,get_prob,self,,-0.8105269,0.031,1790184493.308
3273,04_func_args_dynamic,get_prob,self,,-0.7608124,0.047,1790184493.371
3274,04_func_args_bindable,get_prob,self,,-0.8105269,0.031,1790184493.417
3275,04_func_args_dynamic,get_prob,self,,-0.7608124,0.031,1790184493.464
3276,04_func_args_bindable,get_prob,self,,-0.8105269,0.031,1790184493.527
3277,04_func_args_dynamic,get_prob,self,,-0.7608124,0.031,1790184493.574
3278,04_func_args_bindable,get_prob,"matched_groups,py_file_path,line_no",,-0.49073374,0.047,1790184493.636
3279,04_func_args_dynamic,get_prob,"matched_groups,py_file_path,line_no",,-0.22744122,0.031,1790184493.683
3280,04_func_args_bindable,get_prob,self,,-0.8105269,0.031,1790184493.73
3281,04_func_args_dynamic,get_prob,self,,-0.7608124,0.031,1790184493.792
3282,04_func_args_bindable,get_prob,self,,-0.8105269,0.031,1790184493.839
3283,04_func_args_dynamic,get_prob,self,,-0.7608124,0.031,1790184493.886
3284,04_func_args_bindable,get_prob,self,,-0.8105269,0.031,1790184493.949
3285,04_func_args_dynamic,get_prob,self,,-0.7608124,0.031,1790184493.995
3286,04_func_args_bindable,get_prob,"self,py_codes,config,code_path",,-0.09411558,0.031,1790184494.058
3287,04_func_args_dynamic,get_prob,"self,py_codes,config,code_path",,0.07500672,0.031,1790184494.105
3288,04_func_args_bindable,get_prob,self,,-0.8105269,0.031,1790184494.152
3289,04_func_args_dynamic,get_prob,self,,-0.7608124,0.031,1790184494.214
3290,04_func_args_bindable,get_prob,self,,-0.8105269,0.031,1790184494.261
3291,04_func_args_dynamic,get_prob,self,,-0.7608124,0.031,1790184494.324
3292,04_func_args_bindable,get_prob,info,,-0.6714053,0.031,1790184494.37
3293,04_func_args_dynamic,get_prob,info,,-0.55555093,0.031,1790184494.417
3294,04_func_args_bindable,get_prob,self,,-0.8105269,0.031,1790184494.48
3295,04_func_args_dynamic,get_prob,self,,-0.7608124,0.031,1790184494.527
3296,04_func_args_bindable,get_prob,"matched_groups,py_file_path,line_no",,-0.49073374,0.047,1790184494.589
3297,04_func_args_dynamic,get_prob,"matched_groups,py_file_path,line_no",,-0.22744122,0.031,1790184494.636
3298,04_func_args_bindable,get_prob,self,,-0.8105269,0.031,1790184494.683
3299,04_func_args_dynamic,get_prob,self,,-0.7608124,0.031,1790184494.745
3300,04_func_args_bindable,get_prob,self,,-0.8105269,0.031,1790184494.792
3301,04_func_args_dynamic,get_prob,self,,-0.7608124,0.047,1790184494.855
3302,04_func_args_bindable,get_prob,"self,py_codes,config,code_path",,-0.09411558,0.031,1790184494.902
3303,04_func_args_dynamic,get_prob,"self,py_codes,config,code_path",,0.07500672,0.031,1790184494.949
3304,04_func_args_bindable,get_prob,self,,-0.8105269,0.031,1790184495.011
3305,04_func_args_dynamic,get_prob,self,,-0.7608124,0.031,1790184495.058
3306,04_func_args_bindable,get_prob,self,,-0.8105269,0.031,1790184495.105
3307,04_func_args_dynamic,get_prob,self,,-0.7608124,0.031,1790184495.167
3308,04_func_args_bindable,get_prob,self,,-0.8105269,0.031,1790184495.214
3309,04_func_args_dynamic,get_prob,self,,-0.7608124,0.031,1790184495.277
3310,04_func_args_bindable,get_prob,self,,-0.8105269,0.031,1790184495.324
3311,04_func_args_dynamic,get_prob,self,,-0.7608124,0.031,1790184495.37
3312,04_func_args_bindable,get_prob,self,,-0.8105269,0.031,1790184495.433
3313,04_func_args_dynamic,get_prob,self,,-0.7608124,0.031,1790184495.48
3314,04_func_args_bindable,get_prob,self,,-0.8105269,0.031,1790184495.542
3315,04_func_args_dynamic,get_prob,self,,-0.7608124,0.031,1790184495.589
3316,04_func_args_bindable,get_prob,self,,-0.8105269,0.047,1790184495.652
3317,04_func_args_dynamic,get_prob,self,,-0.7608124,0.031,1790184495.698
3318,04_func_args_bindable,get_prob,"py_codes,config,code_path",,-0.40221503,0.031,1790184495.745
3319,04_func_args_dynamic,get_prob,"py_codes,config,code_path",,-0.10968082,0.031,1790184495.808
3320,04_func_args_bindable,get_prob,"similar,same,unused_arg",,0.0016520247,0.031,1790184495.855
3321,04_func_args_dynamic,get_prob,"similar,same,unused_arg",,-0.23050386,0.047,1790184495.917
3322,04_func_args_bindable,get_prob,"similar_,same,unused_arg",,-0.088071264,0.031,1790184495.964
3323,04_func_args_dynamic,get_prob,"similar_,same,unused_arg",,-0.2687569,0.031,1790184496.011
3324,04_func_args_bindable,get_prob,version,,-0.79060984,0.031,1790184496.073
3325,04_func_args_dynamic,get_prob,version,,-0.5465683,0.031,1790184496.12
3326,04_func_args_bindable,get_prob,"similar_,same,unused_arg",,-0.088071264,0.047,1790184496.183
3327,04_func_args_dynamic,get_prob,"similar_,same,unused_arg",,-0.2687569,0.031,1790184496.23
3328,04_func_args_bindable,get_prob,"a,b,c",,-0.25687984,0.031,1790184496.277
3329,04_func_args_dynamic,get_prob,"a,b,c",,-0.94804883,0.031,1790184496.339
3330,04_func_args_bindable,get_prob,"a,b,c",,-0.25687984,0.031,1790184496.386
3331,04_func_args_dynamic,get_prob,"a,b,c",,-0.94804883,0.031,1790184496.448
3332,04_func_args_bindable,get_prob,"active_users,new_users",,-0.38051957,0.031,1790184496.495
3333,04_func_args_dynamic,get_prob,"active_users,new_users",,-0.067217425,0.031,1790184496.542
3334,04_func_args_bindable,get_prob,"value_1,value_2,value_3",,-0.27261418,0.031,1790184496.605
3335,04_func_args_dynamic,get_prob,"value_1,value_2,value_3",,0.020295504,0.031,1790184496.652
3336,04_func_args_bindable,get_prob,self,,-0.8105269,0.031,1790184496.714
3337,04_func_args_dynamic,get_prob,self,,-0.7608124,0.031,1790184496.761
3338,04_func_args_bindable,get_prob,"function1,function2,function3",,0.15421233,0.047,1790184496.823
3339,04_func_args_dynamic,get_prob,"function1,function2,function3",,0.08436647,0.031,1790184496.87
3340,04_func_args_bindable,get_prob,"a,b",,-0.59123576,0.031,1790184496.917
3341,04_func_args_dynamic,get_prob,"a,b",,-1.0974324,0.031,1790184496.98
3342,04_func_args_bindable,get_prob,"name,data",,-0.5207785,0.031,1790184497.027
3343,04_func_args_dynamic,get_prob,"name,data",,-0.61606455,0.031,1790184497.073
3344,04_func_args_bindable,get_prob,"item,items",,-0.6892385,0.031,1790184497.136
3345,04_func_args_dynamic,get_prob,"item,items",,-0.572101,0.031,1790184497.183
3346,04_func_args_bindable,get_prob,options,,0.06407093,0.031,1790184497.245
3347,04_func_args_dynamic,get_prob,options,,-0.8138979,0.031,1790184497.292
3348,04_func_args_bindable,get_prob,"name,data",,-0.5207785,0.047,1790184497.355
3349,04_func_args_dynamic,get_prob,"name,data",,-0.61606455,0.031,1790184497.402
3350,04_func_args_bindable,get_prob,"item,items",,-0.6892385,0.047,1790184497.464
3351,04_func_args_dynamic,get_prob,"item,items",,-0.572101,0.031,1790184497.511
3352,04_func_args_bindable,get_prob,options,,0.06407093,0.031,1790184497.558
3353,04_func_args_dynamic,get_prob,options,,-0.8138979,0.031,1790184497.62
3354,04_func_args_bindable,get_prob,"amount,balance",,-0.627405,0.031,1790184497.667
3355,04_func_args_dynamic,get_prob,"amount,balance",,-0.28404522,0.047,1790184497.73
3356,04_func_args_bindable,get_prob,user_id,,-1.1087573,0.031,1790184497.777
3357,04_func_args_dynamic,get_prob,user_id,,0.31248468,0.031,1790184497.823
3358,04_func_args_bindable,get_prob,user_id,,-1.1087573,0.031,1790184497.886
3359,04_func_args_dynamic,get_prob,user_id,,0.31248468,0.031,1790184497.933
3360,04_func_args_bindable,get_prob,"id,list,print",,-0.18193701,0.047,1790184497.995
3361,04_func_args_dynamic,get_prob,"id,list,print",,-0.4993263,0.031,1790184498.042
3362,04_func_args_bindable,get_prob,"item_name,price,quantity,address",,-0.5069791,0.031,1790184498.089
3363,04_func_args_dynamic,get_prob,"item_name,price,quantity,address",,0.75814116,0.031,1790184498.151
3364,04_func_args_bindable,get_prob,"item_name,price,quantity,address",,-0.5069791,0.031,1790184498.198
3365,04_func_args_dynamic,get_prob,"item_name,price,quantity,address",,0.75814116,0.031,1790184498.261
3366,04_func_args_bindable,get_prob,"item_name,price,quantity,address",,-0.5069791,0.031,1790184498.308
3367,04_func_args_dynamic,get_prob,"item_name,price,quantity,address",,0.75814116,0.031,1790184498.355
3368,04_func_args_bindable,get_prob,self,,-0.8105269,0.031,1790184498.417
3369,04_func_args_dynamic,get_prob,self,,-0.7608124,0.031,1790184498.469
3370,04_func_args_bindable,get_prob,self,,-0.8105269,0.031,1790184498.516
3371,04_func_args_dynamic,get_prob,self,,-0.7608124,0.031,1790184498.579
3372,04_func_args_bindable,get_prob,"self,grade,price",,-0.55617756,0.031,1790184498.625
3373,04_func_args_dynamic,get_prob,"self,grade,price",,-0.039686907,0.031,1790184498.688
3374,04_func_args_bindable,get_prob,"self,type,message",,-0.43440008,0.031,1790184498.735
3375,04_func_args_dynamic,get_prob,"self,type,message",,0.004756782,0.047,1790184498.799
3376,04_func_args_bindable,get_prob,order_status,,-0.69159603,0.047,1790184498.862
3377,04_func_args_dynamic,get_prob,order_status,,-0.36322457,0.031,1790184498.909
3378,04_func_args_bindable,get_prob,"payment_method,price",,-0.92662317,0.031,1790184498.971
3379,04_func_args_dynamic,get_prob,"payment_method,price",,0.19251402,0.031,1790184499.034
3380,04_func_args_bindable,get_prob,user_grade,,-0.69315434,0.031,1790184499.08
3381,04_func_args_dynamic,get_prob,user_grade,,0.064576685,0.031,1790184499.143
3382,04_func_args_bindable,get_prob,self,,-0.8105269,0.031,1790184499.19
3383,04_func_args_dynamic,get_prob,self,,-0.7608124,0.031,1790184499.252
3384,04_func_args_bindable,get_prob,self,,-0.8105269,0.031,1790184499.299
3385,04_func_args_dynamic,get_prob,self,,-0.7608124,0.031,1790184499.346
3386,04_func_args_bindable,get_prob,self,,-0.8105269,0.031,1790184499.409
3387,04_func_args_dynamic,get_prob,self,,-0.7608124,0.031,1790184499.455
3388,04_func_args_bindable,get_prob,self,,-0.8105269,0.031,1790184499.518
3389,04_func_args_dynamic,get_prob,self,,-0.7608124,0.031,1790184499.565
3390,04_func_args_bindable,get_prob,"self,items",,-0.6244991,0.031,1790184499.612
3391,04_func_args_dynamic,get_prob,"self,items",,-0.6528337,0.031,1790184499.674
3392,04_func_args_bindable,get_prob,self,,-0.8105269,0.031,1790184499.721
3393,04_func_args_dynamic,get_prob,self,,-0.7608124,0.031,1790184499.783
3394,04_func_args_bindable,get_prob,user_id,,-1.1087573,0.031,1790184499.83
3395,04_func_args_dynamic,get_prob,user_id,,0.31248468,0.031,1790184499.877
3396,04_func_args_bindable,get_prob,user_id,,-1.1087573,0.031,1790184499.94
3397,04_func_args_dynamic,get_prob,user_id,,0.31248468,0.031,1790184499.987
3398,04_func_args_bindable,get_prob,"user_id,options",,-0.84576505,0.047,1790184500.049
3399,04_func_args_dynamic,get_prob,"user_id,options",,0.04398871,0.031,1790184500.096
3400,04_func_args_bindable,get_prob,user_ids,,-0.34654975,0.031,1790184500.143
3401,04_func_args_dynamic,get_prob,user_ids,,-0.20790154,0.031,1790184500.205
3402,06_refactor_into_class_case_2_state_vars_if_else,get_prob,"if test: print(str, str)",,1.198239,0.031,1790184503.401
