,lora_rank,elapsed_time
0,16,15.800741195678711
1,32,16.229109287261963
2,64,16.952391147613525
