,lora_rank,elapsed_time
0,16,24.17173194885254
1,32,24.836549520492554
2,64,26.237067937850952
