,lora_rank,elapsed_time
0,16,58.71068716049194
1,32,62.9625780582428
2,64,67.02491903305054
