,lora_rank,elapsed_time
0,16,79.96640467643738
1,32,75.94713997840881
2,64,79.78361892700195
