,lora_rank,elapsed_time
0,16,55.85979628562927
1,32,61.49334359169006
2,64,64.74631309509277
