,lora_rank,elapsed_time
0,16,23.683116674423218
1,32,24.54579520225525
2,64,28.366278171539307
