,lora_rank,elapsed_time
0,16,26.215521335601807
1,32,26.7993004322052
2,64,28.669830560684204
